date,close,high,low,open,volume
2003-09-29,49.25674057006836,49.319416667751646,49.22299331676765,49.314594580658756,13600
2003-09-30,49.51225662231445,49.53154129274843,49.31459518717207,49.31941727432426,62600
2003-10-01,49.4881477355957,49.53635756693595,49.4640409808384,49.483325649009366,66300
2003-10-02,49.41099548339844,49.48813413488248,49.179586885293006,49.27118443621362,68900
2003-10-03,49.05421829223633,49.1988513653495,49.03011155399352,49.1988513653495,64500
2003-10-06,49.12659454345703,49.169982311226846,48.98196129453836,49.001245972939266,28700
2003-10-07,48.957801818847656,49.145822618986365,48.87584111049657,49.145822618986365,13000
2003-10-08,49.078369140625,49.198895583820864,48.82767207899953,48.92891384990303,42700
2003-10-09,48.904815673828125,48.93374084608058,48.74089778198802,48.88070891150073,35900
2003-10-10,49.1748161315918,49.19892290488796,49.02054234575703,49.02054234575703,13500
2003-10-13,48.957801818847656,49.22295756557482,48.957801818847656,49.174747764185526,23700
2003-10-14,48.861427307128906,48.977131681583685,48.760185519709005,48.90481874640929,54300
2003-10-15,48.74085235595703,48.80834681375888,48.6444327528607,48.7794216684644,23100
2003-10-16,48.6107292175293,48.95784598575602,48.47574018059122,48.880707291405464,62300
2003-10-17,48.84214401245117,48.84214401245117,48.57216590503252,48.71197704728171,55600
2003-10-20,48.81319808959961,48.919261923339214,48.760166172729804,48.760166172729804,12900
2003-10-21,48.9096794128418,49.04467225753971,48.88075421378171,48.88075421378171,49000
2003-10-22,49.12659454345703,49.15069763282594,48.93857352676854,49.0542779189977,25400
2003-10-23,49.00603103637695,49.11209484835902,49.00603103637695,49.09762859185585,20700
2003-10-24,49.24707794189453,49.24707794189453,49.07834175122282,49.07834175122282,28200
2003-10-27,49.150691986083984,49.23265277941576,49.07837904810872,49.19408342704503,35400
2003-10-28,49.34354019165039,49.34354019165039,49.07838414247401,49.07838414247401,16600
2003-10-29,49.12659454345703,49.22301425728528,49.12659454345703,49.213373757172974,71700
2003-10-30,49.12659454345703,49.15551972197024,49.0687405082543,49.073562597398606,17300
2003-10-31,49.04942321777344,49.12656188008897,48.88550907761373,49.12656188008897,31000
2003-11-03,48.96187973022461,49.06831919300521,48.96187973022461,49.02477778979533,56700
2003-11-04,49.058650970458984,49.145737479466,49.058650970458984,49.08283941167134,26900
2003-11-05,49.058650970458984,49.14089831474307,49.058650970458984,49.10703154408485,24600
2003-11-06,48.79252624511719,48.95702453711728,48.79252624511719,48.95218537497631,78000
2003-11-07,48.81672286987305,48.81672286987305,48.64738909130352,48.715122602731334,33400
2003-11-10,48.908660888671875,48.93285301836241,48.821578080667756,48.903825415694364,21100
2003-11-11,48.82155227661133,48.96185474281881,48.773168042803185,48.95218011077645,23700
2003-11-12,48.91350555419922,49.02961966913159,48.7731993068554,48.884477948266415,16400
2003-11-13,49.2714958190918,49.305366260044146,49.12151502606915,49.12151502606915,25400
2003-11-14,49.31022644042969,49.426344233085544,49.29571263914789,49.31022644042969,18800
2003-11-17,49.51823806762695,49.55210481510759,49.43599077963092,49.4553437340768,48800
2003-11-18,49.49406814575195,49.518256579452895,49.373114903647185,49.4118171358087,26800
2003-11-19,49.2618522644043,49.49408418864857,49.2618522644043,49.484405859071074,44900
2003-11-20,49.43119430541992,49.47473941332698,49.31991933526087,49.348946946397696,21400
2003-11-21,49.484375,49.56178682354019,49.450508250000894,49.51340258822812,66500
2003-11-24,49.27634048461914,49.41664666104002,49.27634048461914,49.39245454085738,37000
2003-11-25,49.469852447509766,49.469852447509766,49.242459870117756,49.242459870117756,54000
2003-11-26,49.29087829589844,49.41667073797842,49.29087829589844,49.38764313257577,25300
2003-11-28,49.21342086791992,49.22793465609672,49.21342086791992,49.22793465609672,22900
2003-12-01,49.078590393066406,49.151357651939456,48.99612256018866,49.06888981906172,58700
2003-12-02,49.06398010253906,49.06883223439546,48.802020498676356,48.91844575558461,52100
2003-12-03,49.11250686645508,49.165869231579535,48.94757133868381,48.94757133868381,32400
2003-12-04,49.18531036376953,49.23867276827605,49.02037471427388,49.06403284463585,25200
2003-12-05,49.432735443115234,49.432735443115234,49.24354274083082,49.42788330428557,42200
2003-12-08,49.432735443115234,49.50065058234054,49.38907359584325,49.476393589289714,67200
2003-12-09,49.15620422363281,49.52973734861183,49.09798968290658,49.50063192879677,87900
2003-12-10,49.35024642944336,49.35994700184604,49.28717975499023,49.35509486509674,120500
2003-12-11,49.52484130859375,49.54909827100028,49.190118174159174,49.282286488899764,91600
2003-12-12,49.553977966308594,49.64614633231451,49.456953763809096,49.5976360816122,16400
2003-12-15,49.52484130859375,49.602460627420385,49.40841603144663,49.57820366501385,21100
2003-12-16,49.553977966308594,49.573382806808496,49.43270048900539,49.52972099041,61500
2003-12-17,49.67525100708008,49.74801822718209,49.5588256755736,49.69465584584692,23100
2003-12-18,49.74801254272461,49.791670649140485,49.58307328260054,49.69949860080368,33400
2003-12-19,49.772308349609375,49.772308349609375,49.655882931905325,49.74320292045769,26500
2003-12-22,49.74801254272461,49.86928999533867,49.61217868687779,49.81592762010095,139700
2003-12-23,49.553977966308594,49.7237656943141,49.553977966308594,49.6704033082131,80300
2003-12-24,49.592811584472656,49.71893755695741,49.53459703487431,49.64617029523364,16200
2003-12-26,49.84023666381836,49.84023666381836,49.631639063846706,49.767469370600665,54500
2003-12-29,49.7189826965332,49.77234515683833,49.558899016717874,49.72383483867914,37600
2003-12-30,49.62677764892578,49.6704357927819,49.520052806925506,49.621925510353776,33800
2003-12-31,49.69532775878906,49.69532775878906,49.62235296797634,49.62235296797634,51900
2004-01-02,49.413204193115234,49.71483186279329,49.30617490027285,49.695371653944186,26100
2004-01-05,49.4715576171875,49.4715576171875,49.2818253248043,49.3985828020432,63600
2004-01-06,49.69532775878906,49.714787950449264,49.505595529667204,49.59316453631207,151800
2004-01-07,49.807254791259766,49.841309223072166,49.69536324887103,49.71968572207721,75200
2004-01-08,49.792640686035156,49.86561549982896,49.680749188317435,49.71966587224135,39800
2004-01-09,50.206199645996094,50.24025409132002,50.06511959512279,50.17701118190591,49800
2004-01-12,50.06508255004883,50.230488673044384,50.0602165724156,50.20616249653167,67600
2004-01-13,50.181888580322266,50.19648281568777,50.060265003400325,50.12837390954405,21700
2004-01-14,50.177005767822266,50.225654439942105,50.133223076411134,50.133223076411134,14100
2004-01-15,50.240257263183594,50.27917769219847,50.10890545482888,50.27917769219847,32600
2004-01-16,50.20130920410156,50.37644731366974,50.15752282088248,50.30347248274065,66800
2004-01-20,50.15754699707031,50.2499820749116,50.07484388092593,50.196467420546206,51700
2004-01-21,50.19157409667969,50.249954700089354,50.11373700378732,50.245088721891754,53800
2004-01-22,50.27912521362305,50.37156020814074,50.245070801693245,50.29371943135689,44100
2004-01-23,50.15754699707031,50.49322915415215,50.108898323553376,50.488363173303696,28700
2004-01-26,49.96294021606445,50.1526726091348,49.96294021606445,50.147810340757275,31900
2004-01-27,50.035911560058594,50.181861257561785,50.011589084911385,50.05050578747791,20200
2004-01-28,49.933773040771484,50.30350973608231,49.729446332174774,50.17702018290761,63000
2004-01-29,49.816959381103516,49.88506820731025,49.76831074976337,49.88506820731025,50600
2004-01-30,49.91428756713867,50.02618282903077,49.86563890565927,50.02618282903077,105300
2004-02-02,49.92794418334961,50.08404508359449,49.92794418334961,50.0206303722178,21300
2004-02-03,50.06452178955078,50.137694885739094,49.95720546644464,50.137694885739094,40300
2004-02-04,50.06943893432617,50.093831225454444,49.93773023876036,50.08895202288057,37600
2004-02-05,49.92794418334961,50.079169605461765,49.869408671844674,50.049898127970266,38900
2004-02-06,50.13279342651367,50.13767262322327,50.02547715105893,50.069378756235416,31600
2004-02-09,50.166934967041016,50.24498721905741,50.09864110739479,50.21084028923429,15800
2004-02-10,50.05963134765625,50.186460706614305,50.02548440920798,50.186460706614305,31300
2004-02-11,50.25478744506836,50.33771896844628,49.981611758852885,50.08405264118369,26200
2004-02-12,50.25959396362305,50.34252164533692,50.16690789480506,50.34252164533692,61400
2004-02-13,50.484073638916016,50.484073638916016,50.24504485596043,50.35724416650557,82500
2004-02-17,50.36211395263672,50.39138543827936,50.24503917528638,50.381627035818454,78300
2004-02-18,50.32310104370117,50.48895669956368,50.2938295525119,50.46456441052942,38800
2004-02-19,50.37675094604492,50.39138855064035,50.196261428511285,50.284068447382346,21500
2004-02-20,50.220611572265625,50.362078534538796,50.1669515616883,50.35720305847719,40700
2004-02-23,50.357215881347656,50.36697055769224,50.152330460727384,50.284042782678874,24300
2004-02-24,50.31330871582031,50.43526263528308,50.30355403982813,50.40599488556826,40800
2004-02-25,50.430389404296875,50.474294755803086,50.34258242302317,50.41575552770771,78800
2004-02-26,50.347442626953125,50.410857308826785,50.303541013749204,50.40598183296233,33700
2004-02-27,50.484073638916016,50.4987075225218,50.38163273193505,50.484073638916016,34100
2004-03-01,50.50654220581055,50.55054843872518,50.31584106863437,50.5358796944203,154200
2004-03-02,50.33051681518555,50.47721173985606,50.24250060650462,50.41364219821561,28500
2004-03-03,50.27674102783203,50.40387641111097,50.21806229771687,50.40387641111097,79900
2004-03-04,50.3989372253418,50.413605961143645,50.28158360832278,50.40382804747715,116500
2004-03-05,50.77057647705078,50.848811001482275,50.35983309931811,50.80480478097806,68900
2004-03-08,50.94174575805664,50.95152367996218,50.79016371957284,50.92707700989464,44100
2004-03-09,51.0151481628418,51.06404528623691,50.87823472509092,50.94180061244343,46400
2004-03-10,50.95644760131836,51.02979512037332,50.912441328251255,51.000457604995255,38800
2004-03-11,51.06886672973633,51.11776378669429,50.809708970313444,51.11776378669429,56000
2004-03-12,50.912391662597656,51.01018577219842,50.85860378313539,51.0004078534808,42300
2004-03-15,50.92218780517578,50.98575362610438,50.853731157834986,50.92707863158798,61300
2004-03-16,51.04446029663086,51.0835794681301,50.76085189917569,50.89287817033323,53200
2004-03-17,51.019954681396484,51.13731206892085,50.966170542038014,51.13731206892085,28300
2004-03-18,50.97108840942383,51.07866421430148,50.86351260454617,51.01020756221711,27000
2004-03-19,50.917293548583984,51.000422669561154,50.79993983684954,50.97108144367211,132500
2004-03-22,51.049339294433594,51.05911721973749,50.91242595652708,50.97110096956778,23300
2004-03-23,51.05419158935547,51.078638249468476,50.93683419063197,51.02485037437167,45500
2004-03-24,51.083580017089844,51.10802670158243,50.97111333047332,51.09824877390731,31300
2004-03-25,51.05419158935547,51.0639695072795,50.93683419063197,51.02485037437167,39000
2004-03-26,50.878170013427734,51.024861197037374,50.741253019209445,51.00041453173909,102300
2004-03-29,50.785240173339844,50.790130996445235,50.58964828577887,50.74612104970666,210100
2004-03-30,50.58480453491211,50.82929368922412,50.58480453491211,50.81951576451935,243200
2004-03-31,50.82926940917969,50.892838946524414,50.70702489041725,50.75592568240754,105100
2004-04-01,50.853763580322266,50.8733721897604,50.6723904879492,50.8733721897604,128500
2004-04-02,50.38804626464844,50.47628309336781,50.2017701773333,50.2017701773333,165600
2004-04-05,50.07926559448242,50.172401854380944,50.025342830348904,50.025342830348904,77500
2004-04-06,50.2214241027832,50.24593581135877,50.06946198150731,50.2214241027832,54800
2004-04-07,50.098846435546875,50.32924290994648,50.098846435546875,50.236106694733614,207600
2004-04-08,50.128326416015625,50.2900911012361,50.12342332253485,50.147935049974215,18700
2004-04-12,50.11359786987305,50.19693172096758,50.04006646127554,50.17242000478081,88400
2004-04-13,50.02532958984375,50.04983755071503,49.85865825210094,49.991015452655596,110800
2004-04-14,49.878238677978516,49.88314176336616,49.64784228421761,49.755687722995766,30400
2004-04-15,49.804752349853516,49.888086176934294,49.71651543295571,49.745930231896125,40600
2004-04-16,49.9420280456543,49.951834229038774,49.80477139797683,49.92732251054073,49000
2004-04-19,49.878238677978516,50.000789632961265,49.81451352777249,49.97627794598137,115300
2004-04-20,49.71648406982422,49.86354675186816,49.66256133573874,49.829232624719154,40000
2004-04-21,49.5988655090332,49.760633806985844,49.51553168522545,49.535140303761665,72700
2004-04-22,49.78022384643555,49.84885211571793,49.67237835471745,49.80473180548773,41100
2004-04-23,49.68219757080078,49.75572895271334,49.56454960371756,49.73121724542201,90200
2004-04-26,49.66750717163086,49.799860707420514,49.530250544897115,49.68221270450053,109900
2004-04-27,49.79000473022461,49.79980716161042,49.62333721695597,49.73117892203409,54200
2004-04-28,49.559654235839844,49.79985329688072,49.54004561494397,49.79985329688072,36400
2004-04-29,49.41745376586914,49.64785019634717,49.324317568411274,49.52529922183409,46600
2004-04-30,49.402793884277344,49.530248062698156,49.388088352144635,49.48122837560166,64200
2004-05-03,49.32905578613281,49.56007129325332,49.32905578613281,49.47159734903713,245200
2004-05-04,49.41753005981445,49.61413924271769,49.28973352842611,49.44702012474705,41200
2004-05-05,49.35361862182617,49.54039522613387,49.299551019262104,49.471582595599074,34000
2004-05-06,49.201236724853516,49.31920067978641,49.18157544069695,49.27496560293902,67900
2004-05-07,48.783443450927734,48.90632366113158,48.73429211684748,48.90632366113158,56800
2004-05-10,48.70973587036133,48.901428782085624,48.69007457813216,48.85719368707604,77000
2004-05-11,48.83260726928711,48.88175861593313,48.66549194068916,48.66549194068916,84200
2004-05-12,48.76376724243164,48.91122494954724,48.76376724243164,48.88173115812096,48900
2004-05-13,48.75397872924805,48.78838505597972,48.59177586750947,48.78346879501566,21200
2004-05-14,48.76376724243164,48.925969970257746,48.73427720101063,48.79817354075791,53300
2004-05-17,49.009552001953125,49.098025920295115,48.984978205195816,48.984978205195816,37400
2004-05-18,49.03412628173828,49.05378756783844,48.911246056117456,49.02429376368476,24000
2004-05-19,48.95057678222656,48.97515433333031,48.857190338049485,48.97515433333031,31000
2004-05-20,49.08332061767578,49.08332061767578,48.945695244425366,49.04891427436318,11200
2004-05-21,49.00461196899414,49.127492143189215,48.886648051768354,49.127492143189215,22300
2004-05-24,49.0439453125,49.073435360791784,48.95547141761851,48.95547141761851,39300
2004-05-25,49.02920150756836,49.09801412196445,48.99479520037031,49.09801412196445,44600
2004-05-26,49.15210723876953,49.18651356383634,49.1029558815324,49.14719097804336,35800
2004-05-27,49.38803482055664,49.39294733085856,49.22583198040465,49.22583198040465,99600
2004-05-28,49.215980529785156,49.41750587488674,49.17666171245374,49.41750587488674,54900
2004-06-01,49.160255432128906,49.253942180756475,49.0764324264704,49.209566623142805,39500
2004-06-02,49.179988861083984,49.194780716540826,49.061650255512816,49.15533702262807,196100
2004-06-03,49.160255432128906,49.160255432128906,49.06164057393251,49.06164057393251,91900
2004-06-04,49.05674743652344,49.10605490455367,49.00250809311457,49.10605490455367,30100
2004-06-07,49.106040954589844,49.106040954589844,48.90881113849762,49.056733500566786,39300
2004-06-08,48.987701416015625,49.086320084174496,48.96304957041406,49.05673260276807,264400
2004-06-09,49.00248718261719,49.00741905589127,48.8890804307328,48.89401230400688,90200
2004-06-10,48.953163146972656,49.04684989784742,48.86440826770072,48.98274685275804,49500
2004-06-14,48.81510925292969,48.933447858388064,48.74114621379954,48.81510925292969,73500
2004-06-15,49.22930908203125,49.24903281506701,49.0222155280319,49.05673112036512,58200
2004-06-16,49.130699157714844,49.22931407096994,49.06166796605272,49.22931407096994,55600
2004-06-17,49.18491744995117,49.2440886297447,48.99261581801744,49.13067814228615,57100
2004-06-18,49.2589225769043,49.32795379802715,49.14058387811075,49.21454321365709,47700
2004-06-21,49.3230094909668,49.3230094909668,49.19973894689784,49.30328575248555,31500
2004-06-22,49.303287506103516,49.303287506103516,49.184948832925414,49.27863565356398,39900
2004-06-23,49.26382064819336,49.308196219070446,49.204649458440414,49.25395690227612,24600
2004-06-24,49.45122146606445,49.50546081688946,49.372326496893834,49.45122146606445,42100
2004-06-25,49.43635559082031,49.48073112310673,49.352528871090044,49.42649185348096,33200
2004-06-28,49.273685455322266,49.33285665086715,49.2095861482532,49.30820104557748,77500
2004-06-29,49.18491744995117,49.35749535528706,49.01727141674379,49.01727141674379,225700
2004-06-30,49.5744743347168,49.579406209008965,49.35258513458341,49.377240744126404,23300
2004-07-01,49.63729476928711,49.662028364276715,49.47406209951592,49.607617474352985,316900
2004-07-02,49.95386505126953,50.00332846732303,49.835152097977776,49.95386505126953,162500
2004-07-06,49.91923904418945,49.983544879898695,49.83020338797537,49.95386381194957,27900
2004-07-07,49.889549255371094,49.934065185420934,49.83513838054415,49.894496727759645,29700
2004-07-08,49.943946838378906,49.96867664610879,49.85491122815898,49.929108198978035,74200
2004-07-09,49.79557800292969,49.96870183958413,49.79557800292969,49.94397201938584,425600
2004-07-12,49.943946838378906,49.943946838378906,49.85985869923084,49.85985869923084,52600
2004-07-13,49.889549255371094,49.90438789872104,49.80546109384426,49.90438789872104,52800
2004-07-14,49.91923904418945,49.95386381194957,49.83020338797537,49.95386381194957,39000
2004-07-15,49.82524108886719,49.909329240064324,49.81039867352483,49.81534614530562,24600
2004-07-16,50.15670394897461,50.15670394897461,49.96379385397934,49.96379385397934,58800
2004-07-19,50.08246994018555,50.2011828863381,50.07257876709638,50.2011828863381,13000
2004-07-20,49.94887924194336,50.13189410443235,49.85984365858179,50.08243073007893,62300
2004-07-21,49.83018112182617,49.9587889619608,49.76093161724945,49.83512859324307,32900
2004-07-22,49.93901062011719,49.95879673504834,49.85986993420813,49.95384926286167,35000
2004-07-23,50.052791595458984,50.052791595458984,49.88461146594464,50.02805800253097,41200
2004-07-26,49.82032775878906,49.96377434821336,49.81538028361779,49.95882687304209,81000
2004-07-27,49.70657730102539,49.90443487082634,49.60765040303455,49.90443487082634,20500
2004-07-28,49.7807502746582,49.7807502746582,49.597731450728915,49.7065532501562,30800
2004-07-29,49.66697311401367,49.81041588087255,49.65707816703382,49.756004993933026,48200
2004-07-30,50.033016204833984,50.04290737983637,49.815372616609096,49.815372616609096,31300
2004-08-02,50.019100189208984,50.1580415242337,49.99925088622439,50.1580415242337,28200
2004-08-03,50.08857727050781,50.153084674067266,50.01910659409981,50.058801419284435,77400
2004-08-04,50.197731018066406,50.21757653158111,50.01412783818804,50.01412783818804,213200
2004-08-05,50.23248291015625,50.257291703163936,50.16797171942667,50.19774757125109,281500
2004-08-06,50.55506134033203,50.68408003193106,50.54513857291864,50.54513857291864,44800
2004-08-09,50.58973693847656,50.62943553297194,50.51530680613067,50.60958623572425,23200
2004-08-10,50.45579528808594,50.61458599467368,50.430982702172294,50.609622720317134,28400
2004-08-11,50.49048614501953,50.559956781317865,50.38131692058908,50.455750826870364,22100
2004-08-12,50.59471893310547,50.59471893310547,50.371420881698015,50.371420881698015,17600
2004-08-13,50.693965911865234,50.693965911865234,50.61456869277768,50.68900263920532,18500
2004-08-16,50.634395599365234,50.634395599365234,50.535149119407585,50.634395599365234,16400
2004-08-17,50.78325653076172,50.78325653076172,50.614543203964125,50.65920127781083,271000
2004-08-18,50.61958694458008,50.8131131439647,50.61958694458008,50.80814986591405,47400
2004-08-19,50.78822708129883,50.78822708129883,50.6145504594446,50.6740983523088,32700
2004-08-20,50.63935852050781,50.808071856472836,50.63935852050781,50.808071856472836,57900
2004-08-23,50.6542854309082,50.693984054659666,50.52030352221431,50.659244919475285,40400
2004-08-24,50.65922546386719,50.66915200892735,50.48554878399126,50.49051205652135,39400
2004-08-25,50.664154052734375,50.753473967790754,50.60956944987408,50.65919078360205,69900
2004-08-26,50.75850296020508,50.78331176625953,50.63941084788171,50.708881562226175,46800
2004-08-27,50.793243408203125,50.82797876885676,50.7684308137918,50.808129450501774,50600
2004-08-30,50.84284973144531,50.862699043913096,50.75352971827489,50.83292696814604,50000
2004-08-31,50.84284973144531,51.056225108137475,50.81804093026251,50.94209629378425,386200
2004-09-01,51.02602005004883,51.03597370421698,50.85677754794906,50.926464520091564,277800
2004-09-02,50.82190704345703,50.98119200905292,50.806974671315714,50.98119200905292,27900
2004-09-03,50.797027587890625,50.797027587890625,50.553119485880586,50.76715904209439,97700
2004-09-07,50.792022705078125,50.792022705078125,50.62775907958558,50.71735707552227,36100
2004-09-08,50.94635009765625,50.96626119367056,50.65266997616498,50.69746709395724,87700
2004-09-09,50.89659881591797,51.030994031798606,50.8318905708873,50.981218166570784,49400
2004-09-10,51.00609588623047,51.070804115895676,50.941383858911074,51.04591808801869,67200
2004-09-13,51.055870056152344,51.075781156389915,50.95631835261855,51.00609420438545,126000
2004-09-14,51.110626220703125,51.1205798723042,51.04093926653307,51.05587164276177,86300
2004-09-15,51.08075714111328,51.09568951607704,51.021023843604404,51.09071079187117,124400
2004-09-16,51.23508071899414,51.25997055077702,51.00610869768118,51.095706775382354,111700
2004-09-17,51.02107620239258,51.22018360076273,51.02107620239258,51.2152048714476,59800
2004-09-20,51.24003982543945,51.24003982543945,51.07079738895889,51.21515000318671,94600
2004-09-21,51.225101470947266,51.25496621604109,51.07079142677158,51.24003384349418,41400
2004-09-22,51.39433288574219,51.39433288574219,51.17033973363055,51.28980249491324,28600
2004-09-23,51.24003982543945,51.39434608997615,51.17035288031619,51.379413715685985,28300
2004-09-24,51.25502395629883,51.26995634566751,51.120624856665664,51.19031187215785,26400
2004-09-27,51.24003982543945,51.33959151914306,51.19523890491524,51.20021762889653,39100
2004-09-28,51.324668884277344,51.364491088376965,51.23009209895434,51.3396012614011,47600
2004-09-29,51.03094482421875,51.21511952538827,51.02099117983321,51.0807244391007,225100
2004-09-30,51.10564422607422,51.11560167469234,50.92644812748734,51.06582202690959,60700
2004-10-01,51.014286041259766,51.05922573211051,50.93439876001616,51.05922573211051,45500
2004-10-04,51.02925491333008,51.02925491333008,50.80956207484536,50.80956207484536,23400
2004-10-05,51.02425003051758,51.08416451056005,50.92938035789691,50.9343745010388,139600
2004-10-06,50.929359436035156,51.029219401360024,50.86445083951534,51.014240787502644,128000
2004-10-07,50.929359436035156,50.954326332073116,50.854462557334756,50.914380822177776,39800
2004-10-08,51.17904281616211,51.22897282775815,51.05921002644847,51.21399420522091,29200
2004-10-11,51.22899627685547,51.32886015517405,51.10916343229063,51.10916343229063,25800
2004-10-12,51.17904281616211,51.34381528290318,51.17904281616211,51.30886389384438,34100
2004-10-13,51.2539176940918,51.38872904836068,51.13408495591789,51.13408495591789,32700
2004-10-14,51.49864196777344,51.49864196777344,51.37381493104538,51.37880907915178,18900
2004-10-15,51.40372848510742,51.428695394987734,51.27391122009349,51.428695394987734,21400
2004-10-18,51.35881042480469,51.4237190798156,51.2789193330218,51.4237190798156,39700
2004-10-19,51.3837890625,51.4486977323147,51.25396791345281,51.25396791345281,32200
2004-10-20,51.563507080078125,51.563507080078125,51.38375980375629,51.38375980375629,135800
2004-10-21,51.43370819091797,51.57850794002006,51.43370819091797,51.52857410215128,23100
2004-10-22,51.558494567871094,51.56847904193255,51.44864630612515,51.503570436998125,25800
2004-10-25,51.61846923828125,51.64843031423986,51.483657729432025,51.64343616667702,33800
2004-10-26,51.46864700317383,51.60845257241092,51.44368009034604,51.553528411722624,60200
2004-10-27,51.35378646850586,51.623413032630374,51.273899232514175,51.61342855666193,29100
2004-10-28,51.41376495361328,51.48866194402597,51.25898063366779,51.37381938413729,76000
2004-10-29,51.54851150512695,51.55350564737047,51.418694282110465,51.50357565317841,61600
2004-11-01,51.43791961669922,51.53805412712709,51.35280814764128,51.51301954458487,28900
2004-11-02,51.392791748046875,51.49792997556909,51.36274952608639,51.49792997556909,97300
2004-11-03,51.50299072265625,51.51800993924579,51.272687155557215,51.38783702923687,40700
2004-11-04,51.457942962646484,51.58811590733627,51.39786608028254,51.563081326524134,40700
2004-11-05,51.327762603759766,51.327762603759766,51.14252048357448,51.28771262788253,149600
2004-11-08,51.142513275146484,51.2776900416272,51.142513275146484,51.24765160901808,52300
2004-11-09,51.26267623901367,51.26768391822392,51.1525302148285,51.26267623901368,54700
2004-11-10,51.202598571777344,51.262679266628595,51.12750247788863,51.23264082907311,21800
2004-11-11,51.25265121459961,51.26767042853841,51.07741686600947,51.18756286121274,43000
2004-11-12,51.312744140625,51.337778718189426,51.202598110925884,51.262678805236376,32200
2004-11-15,51.337764739990234,51.34277241808768,51.21259952572843,51.262664847485304,390500
2004-11-16,51.287723541259766,51.29272740197157,51.167562128838654,51.28772354125977,50100
2004-11-17,51.41788864135742,51.467957802475446,51.19760037534905,51.19760037534905,64600
2004-11-18,51.43791961669922,51.51301954458487,51.30274280229784,51.43791961669922,50300
2004-11-19,51.332767486572266,51.41787893281735,51.24264836121277,51.357802062404346,43500
2004-11-22,51.41290283203125,51.432929739561736,51.217645258286545,51.34781442762165,63100
2004-11-23,51.38283920288086,51.4178853215563,51.28771620632778,51.36281230367483,63600
2004-11-24,51.432899475097656,51.44291101310083,51.25266123312221,51.382830325862415,94300
2004-11-26,51.28268051147461,51.307715076741175,51.17253453588309,51.252642088945414,39400
2004-11-29,51.142513275146484,51.20759781904614,51.127494058841926,51.187570924060175,103200
2004-11-30,51.16752624511719,51.18254927593994,51.052376413644296,51.1274762888048,108000
2004-12-01,50.97572326660156,51.1966773923413,50.97572326660156,51.1966773923413,49000
2004-12-02,51.07115936279297,51.09124680815046,50.97072596729398,51.05609473659697,51500
2004-12-03,51.367435455322266,51.367435455322266,51.21176256999771,51.33228338988486,85100
2004-12-06,51.42262649536133,51.46280134122039,51.29206016196145,51.347299617196626,146500
2004-12-07,51.49293518066406,51.49293518066406,51.332239614092046,51.417608295739946,76500
2004-12-08,51.66873550415039,51.66873550415038,51.442758505080256,51.44777749169959,158200
2004-12-09,51.59840393066406,51.69883724764996,51.53814164170125,51.61849136031834,120600
2004-12-10,51.53311538696289,51.64359048754629,51.523069757910356,51.59839665066466,139800
2004-12-13,51.60847091674805,51.6637104174349,51.47790830720395,51.56829986911996,102400
2004-12-14,51.65865707397461,51.66869887138122,51.427657420774885,51.427657420774885,53900
2004-12-15,51.77415466308594,51.77917747740041,51.653633938531975,51.759090051427286,57400
2004-12-16,51.57330322265625,51.71893424111555,51.52308655487728,51.71893424111555,123100
2004-12-17,51.4477653503418,51.54820252833846,51.432700731463946,51.4477653503418,48100
2004-12-20,51.49796676635742,51.58333546254623,51.45276909519058,51.56827084925234,57800
2004-12-21,51.49796676635742,51.62351031885338,51.472856523344156,51.523073178085504,83100
2004-12-22,51.60847091674805,51.61851655212056,51.47288548951769,51.47288548951769,94300
2004-12-23,51.63355255126953,51.64861716469004,51.51303181262028,51.5732902663023,192700
2004-12-27,51.43770217895508,51.472854218828736,51.37242091384258,51.42263756633566,145200
2004-12-28,51.41262435913086,51.4226699947355,51.221799426804274,51.39253691920899,122800
2004-12-29,51.40253829956055,51.47284236311475,51.35232165863384,51.46781954963684,116800
2004-12-30,51.50799560546875,51.51803740137645,51.347300051956054,51.402539507658936,132700
2004-12-31,51.57548904418945,51.67118313793306,51.499938244001,51.55534190796098,135300
2005-01-03,51.57548904418945,51.651039844377905,51.43446293326344,51.545266418510074,479600
2005-01-04,51.525108337402344,51.62584014696167,51.40926329800411,51.60569301651536,190500
2005-01-05,51.504981994628906,51.55031017442362,51.40424630173992,51.47475936542532,69900
2005-01-06,51.54022979736328,51.56037693252886,51.46467900116064,51.5200826621977,75400
2005-01-07,51.525108337402344,51.595621372628315,51.429410428450424,51.570436498902374,137000
2005-01-10,51.499942779541016,51.535199310377514,51.424391972698885,51.535199310377514,69500
2005-01-11,51.57046890258789,51.630910331904474,51.484846426395386,51.58557829924838,78600
2005-01-12,51.64600372314453,51.671184762216704,51.499939862901556,51.59060005744294,119100
2005-01-13,51.77193832397461,51.79711937174209,51.640983810489516,51.69638749532264,62400
2005-01-14,51.58558654785156,51.73165047671647,51.56040549694915,51.711503330389384,124200
2005-01-18,51.72160339355469,51.72663730052121,51.51006017797124,51.646052519608965,86600
2005-01-19,51.7971076965332,51.802145442021086,51.67119095805349,51.76185116346584,88300
2005-01-20,51.86760711669922,51.8827165053944,51.67621127943331,51.77190919806626,98400
2005-01-21,51.892799377441406,51.90287486719979,51.80717692786234,51.82228631982648,85200
2005-01-24,51.90289306640625,51.91800246366834,51.82734223742102,51.89785531976062,85200
2005-01-25,51.812225341796875,51.86259127293971,51.7618555679798,51.84748187786428,79600
2005-01-26,51.78703689575195,51.847478314573976,51.751780362107596,51.847478314573976,95100
2005-01-27,51.71654510498047,51.73165450523359,51.646032008682226,51.721582852623364,83900
2005-01-28,51.892799377441406,51.892799377441406,51.75681100709075,51.82228631982648,79400
2005-01-31,51.8273811340332,51.8878187684402,51.7518302483468,51.8878187684402,113800
2005-02-01,51.88242721557617,51.92284288548997,51.78139189504212,51.78139189504212,98400
2005-02-02,51.92283630371094,51.93294214703357,51.83190298505689,51.8925264822429,203100
2005-02-03,51.85715103149414,51.85715103149414,51.751062828103045,51.826837363204554,52500
2005-02-04,52.074371337890625,52.14004387501851,51.88239893755809,52.09457916183343,52800
2005-02-07,52.08448791503906,52.15016432481558,51.93798404109453,52.089540836002506,68900
2005-02-08,52.11478042602539,52.16024513348777,51.993533497630025,52.099621669290094,114900
2005-02-09,52.256248474121094,52.28655828904488,52.0844838629717,52.15520933395995,90600
2005-02-10,51.988494873046875,52.20067125897525,51.98849487304687,52.20067125897525,134500
2005-02-11,52.0592041015625,52.08951390317268,51.93290812252353,52.08951390317268,73700
2005-02-14,52.069366455078125,52.099676291830605,51.95822524798321,51.99864093315443,99200
2005-02-15,51.968257904052734,52.074346037523235,51.88742664755343,51.88742664755343,139700
2005-02-16,51.90764617919922,52.07435779267732,51.83186782268669,52.07435779267732,75000
2005-02-17,51.88242721557617,51.94305072044686,51.78139189504212,51.8622232348697,90400
2005-02-18,51.897579193115234,51.9076811821469,51.7712831318448,51.78643804251726,94000
2005-02-22,51.751060485839844,51.8066310452318,51.68033502011349,51.79652520484301,103500
2005-02-23,51.776309967041016,51.8318805184786,51.705584511438325,51.82682759900748,128300
2005-02-24,51.725833892822266,51.82182016864994,51.68541821307889,51.82182016864994,83600
2005-02-25,51.77126693725586,51.77126693725586,51.63991799543195,51.7561081770753,66800
2005-02-28,51.634864807128906,51.78136865412359,51.559086423614595,51.7712666683044,359800
2005-03-01,51.597869873046875,51.63839931958795,51.51681484506548,51.51681484506548,125000
2005-03-02,51.532012939453125,51.618135115393386,51.47628591617394,51.47628591617394,171000
2005-03-03,51.57255554199219,51.64854344302857,51.44590388679585,51.643480159694,120700
2005-03-04,51.71944808959961,51.780242252055224,51.61812835060721,51.69412008740166,585500
2005-03-07,51.73469161987305,51.81067955339023,51.628304647845546,51.74482205597419,203000
2005-03-08,51.623207092285156,51.64853510017209,51.54721533842204,51.61813994466731,96600
2005-03-09,51.30912399291992,51.51683458721568,51.26353124691485,51.50163700521399,110600
2005-03-10,51.24838638305664,51.395299070267164,51.19772257079788,51.395299070267164,173000
2005-03-11,51.288848876953125,51.364840636677066,51.16219723244705,51.364840636677066,87600
2005-03-14,51.2685546875,51.29388654788433,51.13177269068264,51.243226692214904,129900
2005-03-15,51.27870178222656,51.374958237603614,51.19257961957351,51.36989109124161,108000
2005-03-16,51.3141975402832,51.415517342996125,51.18754585434068,51.2787352228234,94600
2005-03-17,51.30403137207031,51.450947700314934,51.22297635327003,51.4154854048835,191700
2005-03-18,51.2685546875,51.319218408268654,51.14190311577683,51.2685546875,80800
2005-03-21,51.2685546875,51.33441597845956,51.21282768673387,51.33441597845956,106700
2005-03-22,50.98991775512695,51.380002851067914,50.903795623764495,51.369872427124776,181500
2005-03-23,51.05580520629883,51.05580520629882,50.787304365228,50.96968302427631,158800
2005-03-24,51.086185455322266,51.16217718526991,50.93927300655006,50.98993287148185,101500
2005-03-28,50.98488998413086,51.025419441400224,50.86837262585864,51.025419441400224,83100
2005-03-29,50.9544792175293,51.10139555630729,50.91901691955534,51.06086611145117,270600
2005-03-30,51.1064567565918,51.21791079285646,50.96460757047329,51.16725092139991,51600
2005-03-31,51.1318244934082,51.30406895020856,51.06596700082627,51.28380807949347,128100
2005-04-01,51.43327331542969,51.46885656730784,51.199439963332736,51.463772137529936,96200
2005-04-04,51.3722038269043,51.46370405043274,51.24003985380201,51.387453217779296,387300
2005-04-05,51.27060317993164,51.37226849927004,51.214686090810524,51.37226849927004,46500
2005-04-06,51.402767181396484,51.438350428213,51.28584858283764,51.41293216122276,279600
2005-04-07,51.34177780151367,51.55527733287043,51.34177780151367,51.4993602349031,235900
2005-04-08,51.34177780151367,51.3773610567398,51.21469419309408,51.33669337125738,130600
2005-04-11,51.4383430480957,51.45359245478872,51.27059181790752,51.36717656467329,82200
2005-04-12,51.580692291259766,51.65185879713881,51.34177450225851,51.387522736773455,150600
2005-04-13,51.65185546875,51.70268812991891,51.53493685760642,51.68743871939658,74600
2005-04-14,51.69762420654297,51.72304248635148,51.56546001073664,51.67729423663813,185600
2005-04-15,51.88057327270508,51.88057327270508,51.65182449547364,51.81449124064027,146900
2005-04-18,51.819580078125,51.900911518490766,51.71283038111162,51.895827091504955,153400
2005-04-19,51.88565444946289,51.95173647738873,51.7026538878273,51.783989194456844,100600
2005-04-20,51.9212532043457,51.92633763210084,51.70266935025925,51.819587918935184,114900
2005-04-21,51.794158935546875,51.90599305331476,51.7026586463078,51.7026586463078,109500
2005-04-22,51.90092086791992,51.91108972372337,51.72808910208286,51.87550648497562,44100
2005-04-25,51.88057327270508,51.89582267408303,51.77890801133135,51.85007446994919,63400
2005-04-26,51.75347900390625,51.91106516805893,51.75347900390624,51.91106516805893,68800
2005-04-27,51.966976165771484,52.03305817641566,51.819558869768436,51.9771411373014,70500
2005-04-28,52.099151611328125,52.099151611328125,51.895817231623795,51.9517342829995,75900
2005-04-29,52.01274108886719,52.078823120771595,51.87549259851768,52.007656662326504,151000
2005-05-02,52.014774322509766,52.07087449941552,51.943374804808236,52.0657734221563,54800
2005-05-03,51.97908020019531,52.05558080345167,51.846483304932086,52.05558080345167,708100
2005-05-04,52.03521728515625,52.065815991765646,51.84141899165496,51.979117062382315,63900
2005-05-05,52.07090759277344,52.17290974787526,51.968909328655975,52.07090759277344,86400
2005-05-06,51.8770866394043,51.943385092978005,51.78018560719585,51.93318682742154,70000
2005-05-09,51.836299896240234,51.84650205555466,51.77000142463135,51.831198816583026,70300
2005-05-10,51.8923454284668,51.99434356824884,51.80054554627111,51.9535466469238,133700
2005-05-11,51.97908020019531,52.09128056617366,51.88728025448414,52.03518038318448,75900
2005-05-12,52.10148620605469,52.10658339322562,51.84138569398193,51.93828283300309,83400
2005-05-13,52.152488708496094,52.193285663431304,52.08108917363094,52.152488708496094,52900
2005-05-16,52.07600402832031,52.17800228333997,52.06070467916577,52.15250466507707,82800
2005-05-17,52.13716506958008,52.19326134284958,52.081064905329576,52.15246440692459,99400
2005-05-18,52.27482986450195,52.300331337900445,52.142229206591175,52.223830808683516,330800
2005-05-19,52.14736557006836,52.208566813055405,52.04026631307691,52.18306532239884,64200
2005-05-20,52.08618927001953,52.17798923297051,52.024991888707575,52.17798923297051,113600
2005-05-23,52.25958251953125,52.26978078444775,52.12188065177283,52.12698172972229,104300
2005-05-24,52.351383209228516,52.37688081737212,52.22898457358478,52.341181053185096,81500
2005-05-25,52.341182708740234,52.44828200468886,52.27488425629086,52.44828200468886,102500
2005-05-26,52.336063385009766,52.356463798130655,52.20856372123989,52.300363634793435,69500
2005-05-27,52.30034255981445,52.39214243637626,52.22894308815298,52.3207390737354,140400
2005-05-31,52.443172454833984,52.47887221173455,52.32587103017121,52.42787311487399,65400
2005-06-01,52.83110427856445,52.83110427856445,52.49847836704276,52.54965458742876,266900
2005-06-02,52.79524230957031,52.815712001005345,52.72360034164493,52.810593602097974,269800
2005-06-03,52.66218948364258,52.94875732439274,52.631482997709334,52.93340603352312,70700
2005-06-06,52.67247772216797,52.723650046901064,52.60595409043476,52.67759612590071,104200
2005-06-07,52.81063461303711,52.82598982168354,52.72875968791016,52.81063461303712,154400
2005-06-08,52.713409423828125,52.815754058306084,52.68782131310986,52.80552115653731,109900
2005-06-09,52.70826721191406,52.71850010906052,52.4831044327341,52.67756461627889,107400
2005-06-10,52.5035400390625,52.63659104074708,52.46260066866829,52.63659104074708,77700
2005-06-13,52.4575309753418,52.49846647650254,52.35518246194849,52.493351978980314,87900
2005-06-14,52.3910026550293,52.44729336047558,52.33471194958301,52.442178863032474,129800
2005-06-15,52.36027908325195,52.41656976615378,52.29887000076044,52.385867177005494,105800
2005-06-16,52.51891326904297,52.53426846750106,52.37562931699316,52.45238969250409,89500
2005-06-17,52.51891326904297,52.53426846750106,52.40121741022843,52.45750809199012,76100
2005-06-20,52.40120315551758,52.503547692228096,52.35514538106217,52.45749382196651,72300
2005-06-21,52.61613082885742,52.61613082885742,52.406323350150316,52.53937047159621,75100
2005-06-22,52.84126663208008,52.846381123554494,52.55981343330859,52.73380374823786,71600
2005-06-23,52.7901496887207,52.82597068752601,52.7133892900819,52.7799128866643,113400
2005-06-24,52.87205123901367,52.892520949249985,52.76970659203012,52.882284142032816,171000
2005-06-27,52.9129638671875,52.9487848659137,52.85155476757284,52.9078454661706,198400
2005-06-28,52.75944900512695,52.88226331397553,52.75433060353429,52.83620941223099,93800
2005-06-29,52.73384094238281,52.88223938364832,52.651962170737974,52.88223938364832,166800
2005-06-30,52.9027214050293,52.9027214050293,52.70314673287945,52.805495221286826,123000
2005-07-01,52.71432113647461,52.85806817120199,52.62191176889086,52.847802204498436,123100
2005-07-05,52.519195556640625,52.621870811011334,52.45758805393228,52.53972747406686,141600
2005-07-06,52.601375579833984,52.65271324664694,52.539768029570695,52.61677648819658,228700
2005-07-07,52.668067932128906,52.786147987300154,52.62186524758981,52.719409470696085,166100
2005-07-08,52.58083724975586,52.72458427677741,52.565436342119646,52.66811167090284,231100
2005-07-11,52.585968017578125,52.60650386506742,52.44222100196553,52.457621908379394,141800
2005-07-12,52.56031036376953,52.61165195372916,52.5089726906233,52.61165195372916,127900
2005-07-13,52.48844528198242,52.5192510242767,52.40117083191238,52.5192510242767,251100
2005-07-14,52.48844528198242,52.56031881931235,52.39603588872766,52.550052849756945,139100
2005-07-15,52.51409149169922,52.51409149169922,52.43194810646299,52.462753834332666,111600
2005-07-18,52.42168426513672,52.508958677876265,52.38574751184324,52.48842283073537,74300
2005-07-19,52.447330474853516,52.51406900917646,52.411389821590575,52.42165969875442,127300
2005-07-20,52.53463363647461,52.56030050982904,52.324144124179966,52.37035076311819,159200
2005-07-21,52.2625732421875,52.447392080121766,52.25743829757401,52.442257135508285,135000
2005-07-22,52.33953857421875,52.43194792388162,52.23686325984319,52.33953857421875,125100
2005-07-25,52.33953857421875,52.452483770119166,52.25226416531831,52.33953857421875,97400
2005-07-26,52.39601135253906,52.39601135253907,52.30360200255808,52.30360200255808,113000
2005-07-27,52.36520004272461,52.40627172789091,52.31386239467247,52.31899733452113,73000
2005-07-28,52.519195556640625,52.529461515353745,52.354912799561575,52.354912799561575,403000
2005-07-29,52.35493850708008,52.43707796754709,52.26766018951838,52.43707796754709,106000
2005-08-01,52.32454299926758,52.355449034824744,52.216381698732135,52.32454299926757,220300
2005-08-02,52.21122741699219,52.31938870395764,52.12366491172602,52.28848267227796,90200
2005-08-03,52.381202697753906,52.381202697753906,52.20093385245421,52.29879576685952,167700
2005-08-04,52.329689025878906,52.38119384017428,52.25758149995231,52.37089444914138,196200
2005-08-05,52.072147369384766,52.17000924157838,52.072147369384766,52.139107147018045,86100
2005-08-08,52.06188201904297,52.154592292902244,52.00522552226413,52.11338685350545,86400
2005-08-09,52.15458297729492,52.15458297729492,52.02066728795825,52.113377545258054,103300
2005-08-10,52.159725189208984,52.24213604456141,52.097920977260536,52.23183665242529,128400
2005-08-11,52.29879379272461,52.31424484608618,52.149427060952725,52.180329167675886,126800
2005-08-12,52.448184967041016,52.47393542478887,52.29881816565939,52.32456862340725,93400
2005-08-15,52.40180587768555,52.458462362363164,52.365752108305806,52.458462362363164,145300
2005-08-16,52.525421142578125,52.55117158902243,52.453309675662304,52.453309675662304,279600
2005-08-17,52.4172248840332,52.51508673947413,52.27816155275314,52.47903299213754,119100
2005-08-18,52.561466217041016,52.561466217041016,52.44300160838109,52.484207031355446,85600
2005-08-19,52.50997543334961,52.56148419446763,52.43272015080609,52.4790733203322,73700
2005-08-22,52.5562858581543,52.59233960117818,52.4584240144195,52.5099288002303,93800
2005-08-23,52.59238052368164,52.6644880658368,52.53572403633598,52.556326752604065,110900
2005-08-24,52.65937042236328,52.67482148715416,52.56666010404911,52.60271389841746,98900
2005-08-25,52.65937042236328,52.67997315194074,52.535757974467344,52.65937042236328,182200
2005-08-26,52.61809158325195,52.66444470951993,52.530529128807295,52.6489936674306,103900
2005-08-29,52.63873291015625,52.70054105804705,52.57177703044924,52.63873291015624,97700
2005-08-30,52.76748275756836,52.834442548847555,52.69022750542347,52.7108262862853,127800
2005-08-31,52.97350311279297,53.00440914157119,52.75718055917047,52.891096205036064,112200
2005-09-01,53.04587173461914,53.12855199670661,52.90634312485919,52.98902732954655,104900
2005-09-02,53.020042419433594,53.09755789100629,52.911522336272085,52.95286444679094,264800
2005-09-06,52.91665267944336,53.03034142955591,52.80296392933081,52.99416809475626,121300
2005-09-07,52.82882308959961,52.880498737893674,52.76164119847802,52.8598276900562,96300
2005-09-08,52.82364273071289,52.87531836764801,52.751296050484044,52.864984817300346,130900
2005-09-09,52.80813980102539,52.91149107365705,52.71512207861756,52.77713126515722,234600
2005-09-12,52.73579788208008,52.80814456797259,52.6479449555546,52.70995809029046,106300
2005-09-13,52.8649787902832,52.90115212627359,52.756454839714124,52.761623585597874,105900
2005-09-14,52.80813980102539,52.88048648038722,52.658277695890646,52.85981543734122,171500
2005-09-15,52.678951263427734,52.81847588242663,52.58076478990351,52.73579564887876,165800
2005-09-16,52.5600700378418,52.684092303520735,52.51872796841657,52.67892750179014,86400
2005-09-19,52.606632232666016,52.64797039986963,52.487774652629085,52.544619067959715,96000
2005-09-20,52.57041931152344,52.658268271798114,52.415388487723014,52.627259741479456,219700
2005-09-21,52.68928527832031,52.77713425930089,52.5910988039311,52.756463215082185,233300
2005-09-22,52.73579788208008,52.81330937225156,52.66861600046656,52.756464984393354,396000
2005-09-23,52.64280700683594,52.73065603557863,52.606633645435956,52.73065603557863,85200
2005-09-26,52.513580322265625,52.58592699609622,52.472238239334416,52.52908261771532,126100
2005-09-27,52.4774284362793,52.60145079317087,52.348237331259014,52.54460639155397,297900
2005-09-28,52.62214279174805,52.63764509970595,52.43093846086449,52.523956251213086,233800
2005-09-29,52.50326156616211,52.60144806251233,52.48775926518038,52.56527471268848,137100
2005-09-30,52.4774284362793,52.58594849138438,52.368904438574575,52.54977513968268,127300
2005-10-03,52.29957580566406,52.42919703690626,52.19069444610774,52.366977421848624,86200
2005-10-04,52.3722038269043,52.408497641453586,52.278876310101985,52.382571792891625,136500
2005-10-05,52.45510482788086,52.4810306494598,52.34103754209349,52.39288918525138,608800
2005-10-06,52.41884231567383,52.48106195113842,52.341068760274915,52.48106195113842,129500
2005-10-07,52.36697006225586,52.486223318758434,52.28919654329553,52.341044237360585,81100
2005-10-10,52.43436813354492,52.491401779888605,52.3669665313775,52.4136282661722,90100
2005-10-11,52.278865814208984,52.46552081033937,52.27367985439194,52.439594966982476,128600
2005-10-12,52.25812530517578,52.361820765905584,52.22183149834752,52.273679228712425,151000
2005-10-13,52.12329864501953,52.22181206506286,52.00923130722762,52.19070422956572,108000
2005-10-14,52.10771560668945,52.26844460790309,52.01957415155452,52.15956328878502,103500
2005-10-17,52.19073486328125,52.263322492531586,52.128515200039914,52.242582604784474,94600
2005-10-18,52.1699333190918,52.25288881631112,52.11808168313972,52.242520862555374,113200
2005-10-19,52.263309478759766,52.34626505336283,52.232197677021496,52.232197677021496,138100
2005-10-20,52.273677825927734,52.278863785543535,52.13368856212634,52.232198060457634,145000
2005-10-21,52.398067474365234,52.4654730234071,52.22697051352558,52.335851836141615,285800
2005-10-24,52.28921127319336,52.42401848031816,52.22699560507931,52.40327860570461,137000
2005-10-25,52.13364791870117,52.346224628486226,52.02994858586998,52.221789384813874,481600
2005-10-26,51.926292419433594,52.05591371655862,51.86407277275147,52.0455417975809,134900
2005-10-27,52.045509338378906,52.081803120709466,51.869226382980656,52.05069529463344,73100
2005-10-28,51.962554931640625,52.107730064077174,51.869227495684896,52.10254410771139,85700
2005-10-31,51.95740509033203,52.07147247531229,51.87963151368836,51.9003713978419,91300
2005-11-01,51.97503662109375,52.09472457892646,51.91779507214918,52.079113969240645,428000
2005-11-02,51.92827224731445,52.02193999724943,51.860624860753084,51.98030900391165,104800
2005-11-03,51.75133514404297,51.959486110952106,51.69409352888921,51.92826485546806,158100
2005-11-04,51.803375244140625,51.88663324781936,51.725318136214085,51.82418676744824,121200
2005-11-07,51.80854415893555,51.90221183659728,51.69926586335469,51.87619546344773,128300
2005-11-08,51.9854736328125,52.04271521180831,51.86578561214483,51.98026877013644,171300
2005-11-09,51.85018539428711,51.98027919625394,51.81375928854231,51.975074332533886,132600
2005-11-10,52.032283782958984,52.04789439432877,51.798116672121516,51.90219006135032,177700
2005-11-11,52.08434295654297,52.141584536367176,51.943843423431666,51.943843423431666,77800
2005-11-14,51.90742492675781,52.037518723566734,51.818962097763176,52.02711296668697,530600
2005-11-15,51.98028564453125,52.05313786505834,51.87621217810633,51.959470157216614,209100
2005-11-16,52.09995651245117,52.19882508188636,51.985473355071214,52.084341924506404,150000
2005-11-17,52.11559295654297,52.27690804725737,52.04794161903133,52.15722393806569,274600
2005-11-18,52.094783782958984,52.2456931316669,52.021931541534386,52.2092670109546,127300
2005-11-21,52.261314392089844,52.30294538713104,52.16244177140456,52.266519259007545,194000
2005-11-22,52.396602630615234,52.422619019684674,52.193656533186314,52.292525163889245,202700
2005-11-23,52.360103607177734,52.43815663585978,52.23000993251582,52.422546030123364,230400
2005-11-25,52.406978607177734,52.40697860717773,52.31331092543423,52.37575736997895,31200
2005-11-28,52.33414840698242,52.47985286869031,52.29251742645193,52.297722291555445,211400
2005-11-29,52.261314392089844,52.46946539714561,52.193667002760556,52.45385476654271,199900
2005-11-30,52.15199661254883,52.313311633789716,52.079144411333765,52.308106770803725,158200
2005-12-01,52.07838821411133,52.292554016900915,51.984364883534205,52.18286079543118,520700
2005-12-02,52.07838821411133,52.17241154468845,52.02092929069078,52.151517028424486,151700
2005-12-05,52.10447311401367,52.161931999673705,51.900756695844066,52.13059223848419,308600
2005-12-06,52.19326400756836,52.23505300642589,52.0626763750523,52.16192425103436,186000
2005-12-07,52.12538528442383,52.26641824279859,52.06270175557937,52.23507847098647,200800
2005-12-08,52.39180374145508,52.397024381781186,52.182862556983565,52.235096856796034,137100
2005-12-09,52.214149475097656,52.323842589210464,52.094011105686405,52.313397333912015,175800
2005-12-12,52.10447311401367,52.28207040771278,52.07835398954317,52.26117989039901,122400
2005-12-13,52.30298614501953,52.30298614501953,52.07315449428768,52.104494268201,152200
2005-12-14,52.44401931762695,52.491028975108236,52.30820699842514,52.360441279588855,202200
2005-12-15,52.39180374145508,52.46493255823686,52.240321482343774,52.44403804126755,300500
2005-12-16,52.38655090332031,52.53803308085144,52.32909200890439,52.53280845811741,779300
2005-12-19,52.428375244140625,52.54851375144357,52.37091631100542,52.4649396574792,196700
2005-12-20,52.44401931762695,52.5014782224731,52.35522064112662,52.44401931762695,142200
2005-12-21,52.44401931762695,52.45968920345405,52.30298237474271,52.43879469394452,179400
2005-12-22,52.558876037597656,52.5693212876017,52.44395836147537,52.496192581926714,171200
2005-12-23,52.69474411010742,52.7260878661781,52.428348087437335,52.428348087437335,154300
2005-12-27,52.830543518066406,52.8305435180664,52.65294621301093,52.68428597620445,204100
2005-12-28,52.64387130737305,52.79068624242787,52.580948906460854,52.79068624242787,1387300
2005-12-29,52.68059539794922,52.780221571122624,52.586213760313505,52.64913618554015,185200
2005-12-30,52.74348449707031,52.83262555001388,52.5809399894545,52.727754899611526,141000
2006-01-03,52.769718170166016,52.811666442259174,52.62290321824734,52.68058109227359,170600
2006-01-04,52.89558792114258,52.89558792114258,52.754017425895086,52.79596572093493,284500
2006-01-05,52.89558792114258,52.91132153208972,52.754017425895086,52.86412870006749,203100
2006-01-06,52.77495193481445,52.90079272500697,52.74873327000466,52.8955481919637,201100
2006-01-09,52.832584381103516,52.90074725044556,52.74868792615654,52.82209532403357,170500
2006-01-10,52.72774887084961,52.874563764220184,52.722508339233386,52.86407870058192,251500
2006-01-11,52.69109344482422,52.82742339951828,52.64914915141869,52.816938326269266,111000
2006-01-12,52.82738494873047,52.85884414598918,52.61764763272367,52.70678469189442,188200
2006-01-13,52.974178314208984,53.02661162177352,52.85882263732403,52.8955263526597,108400
2006-01-17,53.00042724609375,53.02664191464937,52.84836776700512,52.98469764487893,253000
2006-01-18,53.06333541870117,53.14198741001596,52.95846876388577,53.14198741001596,142600
2006-01-19,52.98467254638672,53.01613173391434,52.85882779546555,52.979428014997005,156500
2006-01-20,53.010887145996094,53.058079927642545,52.85358720812037,53.00564261461198,134100
2006-01-23,53.010887145996094,53.06332045862134,52.906020520745614,52.96893889573377,221900
2006-01-24,52.921791076660156,53.02665778307887,52.85362811752884,53.0109281771569,209400
2006-01-25,52.79069519042969,52.921780547577114,52.64388023048978,52.921780547577114,162600
2006-01-26,52.62815856933594,52.748754875881396,52.51804733276512,52.72254020074067,183800
2006-01-27,52.69627380371094,52.743462576475274,52.56518854549275,52.743462576475274,164400
2006-01-30,52.701576232910156,52.71730584111239,52.57573136647429,52.69633169670641,130800
2006-01-31,52.712039947509766,52.74874368524669,52.56522499656211,52.70155487975953,174300
2006-02-01,52.565181732177734,52.73359225055208,52.52308211400176,52.70728049109503,459300
2006-02-02,52.601985931396484,52.686193141403784,52.52830663025049,52.623037733898315,150400
2006-02-03,52.74941635131836,52.74941635131836,52.52311420256818,52.54416201690342,145000
2006-02-06,52.7388916015625,52.7809952632177,52.6336364626507,52.665212201279004,119800
2006-02-07,52.702056884765625,52.80731203363004,52.59153777389003,52.80205208684541,122900
2006-02-08,52.67570877075195,52.75465209157786,52.64413304851123,52.72834032811862,146800
2006-02-09,52.70726776123047,52.759895282657446,52.58096090676122,52.69673984781157,144200
2006-02-10,52.59677505493164,52.74939775402211,52.53361958851418,52.70203015040289,118100
2006-02-13,52.63365173339844,52.63365173339843,52.533656511762004,52.62312380731705,109600
2006-02-14,52.54938507080078,52.617804467419695,52.49675754547895,52.54938507080079,237600
2006-02-15,52.60728073120117,52.68096007554779,52.533601386854556,52.670436175736754,199000
2006-02-16,52.554664611816406,52.65465975023519,52.54940065315647,52.60202819408383,148300
2006-02-17,52.77043533325195,52.79148715131095,52.58623694426536,52.58623694426536,155800
2006-02-21,52.575740814208984,52.780991129671136,52.56521289200659,52.770463207468744,276700
2006-02-22,52.78623580932617,52.84412731461547,52.70202852336923,52.70202852336923,79400
2006-02-23,52.75465774536133,52.80728529314406,52.64940264979586,52.80728529314406,157900
2006-02-24,52.796756744384766,52.838860384996295,52.6441340585861,52.69676160173842,150500
2006-02-27,52.686256408691406,52.849403054966125,52.64415275312839,52.833615187936395,189300
2006-02-28,52.796756744384766,52.92832760987768,52.78623284184397,52.87043610784286,169000
2006-03-01,52.79834747314453,52.90399941420213,52.70854634590267,52.88815263059586,182800
2006-03-02,52.66627883911133,52.74551677722613,52.54478416018305,52.74551677722613,134000
2006-03-03,52.56062316894531,52.62929388904481,52.51836240417254,52.62929388904481,229300
2006-03-06,52.27008056640625,52.539487878907224,52.254233788648776,52.50779432339228,237300
2006-03-07,52.40216064453125,52.491965800067234,52.34933669023379,52.42857463678466,211200
2006-03-08,52.428565979003906,52.48138992457829,52.34932804553798,52.48138992457829,196100
2006-03-09,52.359893798828125,52.50251885093936,52.33876341514338,52.46025808356988,105700
2006-03-10,52.38102340698242,52.46554091026145,52.28065509351808,52.418000570331095,85600
2006-03-13,52.47610855102539,52.47610855102539,52.3915910405564,52.433851810895334,198900
2006-03-14,52.65047836303711,52.65047836303712,52.45502917802871,52.51313678173729,345800
2006-03-15,52.507789611816406,52.602874300037186,52.44439847626669,52.497222407454316,181100
2006-03-16,52.72970199584961,52.76139557824591,52.57650963058181,52.61877042725115,122000
2006-03-17,52.613460540771484,52.71382887517639,52.560636586425,52.71382887517639,253400
2006-03-20,52.59231948852539,52.692687802578,52.58175631188181,52.66627381565619,460900
2006-03-21,52.45500183105469,52.63988773273305,52.41802465071902,52.60291055239738,165400
2006-03-22,52.55007553100586,52.676853832601985,52.534224716873,52.624029876121064,117200
2006-03-23,52.507789611816406,52.68739178389587,52.50778961181641,52.666261405379295,168700
2006-03-24,52.597625732421875,52.7719484486419,52.56064855293978,52.60290933812226,109300
2006-03-27,52.63986587524414,52.692689820902544,52.560627941652164,52.67155943659744,190100
2006-03-28,52.507789611816406,52.63456785270824,52.45496568062878,52.61343747419166,181600
2006-03-29,52.40216064453125,52.51309618782809,52.30179634042889,52.46555180781382,370200
2006-03-30,52.16443634033203,52.41799689279692,52.13802235541818,52.35460574712864,857800
2006-03-31,52.33876037597656,52.38630071385024,52.248959273187374,52.248959273187374,154000
2006-04-03,52.287357330322266,52.329782121317926,52.191903573507425,52.25023664966376,175400
2006-04-04,52.356292724609375,52.435834141445454,52.28735143555105,52.319172048135776,499500
2006-04-05,52.393402099609375,52.47824760788309,52.3403691053577,52.47824760788309,195900
2006-04-06,52.350982666015625,52.3934074474075,52.28734549392782,52.38810333827105,282000
2006-04-07,52.17594528198242,52.27139894731276,52.05927924148458,52.27139894731276,250100
2006-04-10,52.12824249267578,52.144150769309796,52.0009681879065,52.0009681879065,267400
2006-04-11,52.23430633544922,52.28203117080402,52.10703606198739,52.22900222734901,194800
2006-04-12,52.18656539916992,52.308531526901795,52.08050349913373,52.19186545978588,171400
2006-04-13,52.08051300048828,52.15475432113399,51.99566751082826,52.069908831473974,182200
2006-04-17,52.16536331176758,52.17596748093958,51.995668284075414,52.101726159189795,109200
2006-04-18,52.12824249267578,52.23430036746826,52.11233017019318,52.16536315343801,205900
2006-04-19,52.17594528198242,52.207761821810244,52.022158596403166,52.186553492489615,233000
2006-04-20,52.09642028808594,52.20248220545846,52.000966585374904,52.1865739293147,242300
2006-04-21,52.091102600097656,52.191856330198085,52.01155720044683,52.096402659786506,396000
2006-04-24,52.287357330322266,52.31387383615724,52.13887460768823,52.229024254165935,141300
2006-04-25,52.11237716674805,52.26086398955556,51.985106793050996,52.26086398955556,110000
2006-04-26,52.02217483520508,52.07520376675347,51.942629414958425,52.032783049023635,128300
2006-04-27,52.14411163330078,52.21304879559125,51.942596158251575,51.969112629972436,143400
2006-04-28,52.26081085205078,52.26081085205078,52.080507630609944,52.20247781386534,219900
2006-05-01,52.05585861206055,52.21555305059827,51.997302766206246,52.21555305059827,163000
2006-05-02,52.109107971191406,52.14637042576582,52.00796528250247,52.07716988478562,123000
2006-05-03,52.071861267089844,52.1304171507475,51.906842355675096,52.10912373293524,128600
2006-05-04,52.04521560668945,52.09312678643424,51.8163165644248,51.8163165644248,103100
2006-05-05,52.14107131958008,52.24221405727197,52.045252952636424,52.24221405727197,128600
2006-05-08,52.17826843261719,52.194241524853666,52.09309891385512,52.16229940168054,116000
2006-05-09,52.15167236328125,52.178286070071756,52.09311652252044,52.1357033269467,172500
2006-05-10,52.093143463134766,52.26881107626587,51.75245697413685,52.15169933417847,170700
2006-05-11,52.06121826171875,52.11977414725798,52.00798268482541,52.11977414725798,186900
2006-05-12,51.94941711425781,52.061208555848886,51.832309426316264,52.01862172679548,181800
2006-05-15,51.9813346862793,52.098446380145774,51.96004128182161,52.00794839587519,126100
2006-05-16,52.236839294433594,52.258132695580194,51.98132660327636,51.98132660327636,471300
2006-05-17,52.087772369384766,52.08777236938477,51.85355315661863,52.039865278580216,163200
2006-05-18,52.306087493896484,52.30608749389648,52.18897572055347,52.20494476940854,224200
2006-05-19,52.29540252685547,52.38590050985024,52.23684668074773,52.258140084905236,316800
2006-05-22,52.306087493896484,52.460461735002774,52.25817628602689,52.396581478278115,374300
2006-05-23,52.16233444213867,52.27412179508907,52.11975168480226,52.19427658676919,246100
2006-05-24,52.1729621887207,52.391212439165805,52.1729621887207,52.26878046146027,192300
2006-05-25,52.16766357421875,52.375269257416,52.125076751690365,52.30074434864278,189500
2006-05-26,52.391212463378906,52.44976830015242,52.17296221283294,52.32201195687427,275000
2006-05-30,52.27410888671875,52.31137132850077,52.220877407216086,52.27410888671875,203400
2006-05-31,52.15703582763672,52.332699420300635,52.119773361155985,52.332699420300635,415500
2006-06-01,52.11585998535156,52.22274483895441,52.057078412420324,52.17999089751327,461500
2006-06-02,52.516693115234375,52.52203837967781,52.37240359319884,52.45256625088176,115500
2006-06-05,52.34563446044922,52.51130489186182,52.345634460449226,52.350979720104725,356200
2006-06-06,52.484580993652344,52.505957954352745,52.30822412580281,52.41510892930481,255500
2006-06-07,52.31895065307617,52.44720842831311,52.29222841449961,52.43652197922718,320000
2006-06-08,52.495296478271484,52.60752251739215,52.37772517712405,52.46857424537787,205100
2006-06-09,52.570106506347656,52.59148347423329,52.43115825371087,52.43115825371087,166800
2006-06-12,52.409786224365234,52.56476619820998,52.40444096258021,52.56476619820998,193700
2006-06-13,52.55940246582031,52.60750165050211,52.43114476873332,52.586124688114495,258900
2006-06-14,52.361698150634766,52.50598762033835,52.292221969794696,52.47926538505515,158000
2006-06-15,52.27619934082031,52.34033027029628,51.30356933526228,52.329639743429595,114800
2006-06-16,52.24415969848633,52.372417538585374,52.13727476736777,52.3563858182284,227900
2006-06-19,52.10517120361328,52.23877420669947,52.062417264088076,52.17998855916233,164400
2006-06-20,52.1372184753418,52.17462714153273,52.062401142959935,52.16394069858053,109200
2006-06-21,52.15327072143555,52.20671518896466,52.05708046526018,52.11052085554886,95700
2006-06-22,51.92884063720703,52.147951630636626,51.880745488742285,52.147951630636626,248700
2006-06-23,51.95551681518555,52.00361192100607,51.896731189912536,51.96086207491178,331800
2006-06-26,51.805931091308594,51.987629321228745,51.78989937422651,51.84333979024758,561200
2006-06-27,51.95018005371094,51.9982792446383,51.84329930513336,51.987588723437014,746000
2006-06-28,51.896766662597656,52.03036970640472,51.8914213992178,52.03036970640472,108000
2006-06-29,52.07846450805664,52.089155034747165,51.89142106338553,51.918143302870526,248100
2006-06-30,52.073081970214844,52.169276247834226,52.05170501105075,52.13186758860658,187400
2006-07-03,52.15253829956055,52.2383880668262,52.039863550181025,52.039863550181025,88800
2006-07-05,51.99693298339844,52.16326175927402,51.88962079449368,52.16326175927402,260100
2006-07-06,52.04519271850586,52.09348010767573,51.97544290296963,52.09348010767573,137000
2006-07-07,52.23837661743164,52.33495553766663,52.10423945563535,52.11496862742088,427600
2006-07-10,52.28665542602539,52.33494692496627,52.23836802062516,52.30275532136611,92600
2006-07-11,52.37248229980469,52.42076968412753,52.29199923239445,52.36711567036698,204000
2006-07-12,52.40473175048828,52.40473175048828,52.25986534403097,52.313519417032076,173100
2006-07-13,52.4476432800293,52.47447235646415,52.32960189338368,52.32960189338368,499200
2006-07-14,52.517337799072266,52.52270442741174,52.38320074535152,52.474417052970516,738700
2006-07-17,52.40473175048828,52.490581542124744,52.394002573305414,52.46911909421563,187300
2006-07-18,52.36717224121094,52.420826312932526,52.2974223573272,52.35644306428393,223900
2006-07-19,52.57105255126953,52.57105255126953,52.26521990293159,52.29741152058534,121400
2006-07-20,52.62470626831055,52.66763115393027,52.479835802729596,52.49593161145139,91500
2006-07-21,52.59251022338867,52.732014053995776,52.58714768287705,52.72128487943017,139800
2006-07-24,52.67295455932617,52.69441698618979,52.60857137227465,52.62466716903754,172500
2006-07-25,52.630035400390625,52.66759772162089,52.544189777186624,52.66759772162089,86500
2006-07-26,52.662235260009766,52.75881415222243,52.554923105584514,52.61394376713337,117200
2006-07-27,52.74805450439453,52.79634597311458,52.608554913732334,52.73732534108901,135700
2006-07-28,52.860809326171875,52.89836759502159,52.77496360889151,52.86617596273449,105400
2006-07-31,52.79634094238281,52.90901556727589,52.79634094238281,52.84999494087413,491100
2006-08-01,52.925148010253906,52.93592196177411,52.75273601154646,52.898206965513936,195000
2006-08-02,52.94673156738281,53.03293968010183,52.90901654572551,52.98444658904012,127400
2006-08-03,52.95749282836914,53.03831188073443,52.8820628089956,53.011370826403414,330100
2006-08-04,53.12450408935547,53.183771107254934,53.09756715161825,53.09756715161825,136000
2006-08-07,53.12986755371094,53.16219350769026,53.075989593537095,53.13525658291578,209400
2006-08-08,53.12986755371094,53.216071467864104,53.075989593537095,53.119089495301246,137300
2006-08-09,53.1729850769043,53.18375902742669,53.043673006880134,53.043673006880134,131700
2006-08-10,53.146060943603516,53.17838691608143,52.98981189224825,53.17300199441993,143700
2006-08-11,53.054443359375,53.08138028708008,53.0113393422965,53.08138028708008,109600
2006-08-14,52.995201110839844,53.03830514804674,52.930545055029505,53.027527083431394,195400
2006-08-15,53.12450408935547,53.19993409202264,53.08678908802189,53.15683416951772,269400
2006-08-16,53.302337646484375,53.3669937356089,53.28617465186058,53.3669937356089,188300
2006-08-17,53.30770492553711,53.415460919471066,53.29154193750978,53.415460919471066,143200
2006-08-18,53.345367431640625,53.42618640286241,53.334589376478455,53.404634403161694,449000
2006-08-21,53.474693298339844,53.480082327732816,53.377711322391406,53.442367343232036,350600
2006-08-22,53.485477447509766,53.50164453877215,53.41004746412183,53.45315148623659,432000
2006-08-23,53.46393585205078,53.501650848192455,53.37233876659847,53.44776875888182,157200
2006-08-24,53.45854949951172,53.53936852690079,53.45854949951171,53.53397949557445,199600
2006-08-25,53.51242446899414,53.577080509391585,53.45854649064273,53.51242446899414,173600
2006-08-28,53.46393585205078,53.55552882687681,53.436994807395465,53.45854682099446,294200
2006-08-29,53.485477447509766,53.50164453877215,53.366947552632865,53.48009252771477,134600
2006-08-30,53.56629180908203,53.58245478831486,53.507024811478026,53.507024811478026,146500
2006-08-31,53.636348724365234,53.72794170068402,53.587855665320596,53.60401864812669,169200
2006-09-01,53.64339828491211,53.70831060969825,53.58389635225482,53.632581627574424,125000
2006-09-05,53.578453063964844,53.708273496910294,53.57304267557461,53.65958825523253,137500
2006-09-06,53.58932876586914,53.616376610708144,53.519010146978104,53.55687465359969,142200
2006-09-07,53.57307434082031,53.681257411065374,53.52979946195445,53.57848473240844,273300
2006-09-08,53.64339828491211,53.729948051293626,53.64339828491211,53.697489825440556,120400
2006-09-11,53.60551071166992,53.71369787306214,53.583873279391476,53.69206044078369,190800
2006-09-12,53.73538589477539,53.75161708070039,53.60015490052409,53.643429809145886,126600
2006-09-13,53.778594970703125,53.838096865488666,53.72450346460284,53.816459437665074,130600
2006-09-14,53.70287322998047,53.80023960476963,53.69205657807853,53.762375132735954,172400
2006-09-15,53.686641693115234,53.79482471074742,53.686641693115234,53.79482471074742,122500
2006-09-18,53.67583084106445,53.68664749322923,53.475687697212805,53.475687697212805,237400
2006-09-19,53.80025863647461,53.859760560278744,53.76780454237031,53.80566902779845,133100
2006-09-20,53.85978317260742,53.957149622717736,53.82732906487769,53.92469551498801,215500
2006-09-21,54.09233093261719,54.108557971590194,53.8218692779541,53.92464602733962,259600
2006-09-22,54.124778747558594,54.222145097047324,54.11937248647139,54.16264320975327,271000
2006-09-25,54.23298263549805,54.31952823572836,54.211345203710934,54.23298263549805,177400
2006-09-26,54.22760009765625,54.2979186918921,54.205962654755936,54.281691641446926,340200
2006-09-27,54.20594024658203,54.3790355913085,54.20594024658203,54.30871702614162,430400
2006-09-28,54.222198486328125,54.249246326063904,54.13565282763129,54.249246326063904,155400
2006-09-29,54.178897857666016,54.28167051278887,54.13562298870974,54.21135194592391,414400
2006-10-02,54.22993087768555,54.2896797330008,54.15388763347449,54.17561486668422,174200
2006-10-03,54.21910858154297,54.26256307941852,54.105043632656404,54.25713023117183,342400
2006-10-04,54.4308967590332,54.436329602556846,54.21362860258689,54.262515906208876,252200
2006-10-05,54.262569427490234,54.37663438972104,54.262569427490234,54.37663438972104,207800
2006-10-06,54.06161117553711,54.24085794431537,54.06161117553711,54.24085794431537,328500
2006-10-09,54.17567443847656,54.18110728876448,54.08876955412268,54.11049681122379,181900
2006-10-10,53.963829040527344,54.04530520381542,53.947534636679684,54.029010799967764,336400
2006-10-11,53.90403366088867,54.050691457186666,53.85515049148683,54.03439706738605,275600
2006-10-12,53.95840835571289,54.04531738789306,53.90409228262566,53.95840835571289,261200
2006-10-13,53.82258224487305,53.89319682511333,53.80628784760164,53.8823311309003,257400
2006-10-16,53.90946960449219,53.958352776704075,53.85515358735237,53.958352776704075,192400
2006-10-17,53.99102020263672,54.099652386814284,53.94756567134482,54.08879082601741,144600
2006-10-18,54.0561408996582,54.07243943975897,53.969236072693235,54.00182486479912,304700
2006-10-19,54.02900314331055,54.034435991839786,53.931232590030255,53.98554864317503,174200
2006-10-20,54.01266860961914,54.04525738848225,53.96921414177089,54.03439584354326,143300
2006-10-23,53.855159759521484,53.90947578288628,53.83343252136617,53.88231569918041,199000
2006-10-24,53.91493606567383,53.94752486746772,53.882343119830885,53.90407036904316,209000
2006-10-25,54.04524612426758,54.09412928237393,53.882293975822535,53.882293975822535,239900
2006-10-26,54.22993087768555,54.24079656631341,54.099571622473164,54.14845893320656,185900
2006-10-27,54.33858108520508,54.38203556285348,54.21908334369551,54.38203556285348,266300
2006-10-30,54.34943771362305,54.35487055884916,54.278827301870386,54.3277104767653,175300
2006-10-31,54.55043029785156,54.55043029785157,54.32772915154271,54.34945639586905,189800
2006-11-01,54.64426040649414,54.64971617945415,54.43698681090351,54.57335200415574,773100
2006-11-02,54.58427429199219,54.59518167935487,54.535184806555215,54.54609219391791,249400
2006-11-03,54.30060577392578,54.38242153677672,54.207874306804335,54.36060677437262,172600
2006-11-06,54.30060577392578,54.344239460268206,54.22969323074266,54.273331078619314,240000
2006-11-07,54.43695831298828,54.54604874586671,54.42059100267659,54.464228840441265,225400
2006-11-08,54.58427429199219,54.59518167935487,54.46972799776935,54.46972799776935,185400
2006-11-09,54.60063934326172,54.611550892538574,54.518819369832144,54.56245724386614,127200
2006-11-10,54.720584869384766,54.73149224585353,54.61149445856742,54.68240280944545,145400
2006-11-13,54.65516662597656,54.682441328659856,54.573350840997364,54.63880346898072,187800
2006-11-14,54.73151779174805,54.80788610880394,54.70424725708141,54.78606718415002,191800
2006-11-15,54.62786865234375,54.69877701756276,54.584230814578234,54.69877701756276,213000
2006-11-16,54.57877731323242,54.74787290121953,54.53514363518638,54.74241713088874,305100
2006-11-17,54.720584869384766,54.73694801485413,54.58967554409747,54.60603868956682,534400
2006-11-20,54.758785247802734,54.780604169571774,54.67696533155226,54.73696632603369,222200
2006-11-21,54.82970428466797,54.840615828441265,54.70970643390397,54.75879589627997,251200
2006-11-22,54.90605545043945,54.91696282927,54.79150508428546,54.802416624649325,274000
2006-11-24,54.92243194580078,54.97152140476713,54.90061302130429,54.92788355577415,176200
2006-11-27,54.89514923095703,54.94424284428633,54.76969563534584,54.8296924670292,191000
2006-11-28,55.04243087768555,55.05879402976105,54.87333526265906,55.02061195440683,269600
2006-11-29,54.96061706542969,55.06425176060641,54.92243498583098,55.05880015033128,300900
2006-11-30,55.12968444824219,55.162410741731115,55.01513825949821,55.0587760918386,210500
2006-12-01,55.23268508911133,55.292923330578624,55.06292505115189,55.112208606176736,354500
2006-12-04,55.2874755859375,55.30390344640723,55.156048524188684,55.23271465837474,184600
2006-12-05,55.25456619262695,55.325754911509186,55.172422792078585,55.325754911509186,348500
2006-12-06,55.21075439453125,55.249087423397846,55.17242136566465,55.21075439453125,222800
2006-12-07,55.161415100097656,55.18331608475038,55.10117694734623,55.16688825726955,169600
2006-12-08,55.04646682739258,55.161470090369875,55.03003898353489,55.13408756528257,364200
2006-12-11,55.03547668457031,55.117620022681336,55.03547668457031,55.08476018064669,249200
2006-12-12,55.18886184692383,55.19981653081515,55.090290581840705,55.14505146733405,222000
2006-12-13,55.01909637451172,55.10123978357296,54.980763340681456,55.08480775937084,215700
2006-12-14,54.94242477416992,55.02456817495935,54.904091744199775,55.02456817495935,2320000
2006-12-15,54.93144607543945,55.21620918327426,54.882162563305606,55.21620918327426,314000
2006-12-18,54.9643440246582,54.97529453117175,54.904105793863785,54.96434402465821,236000
2006-12-19,55.002685546875,55.008158711981835,54.92054211239746,54.93696996369525,252900
2006-12-20,54.98073959350586,55.035500449898706,54.947879737281724,54.986216932540806,333500
2006-12-21,55.090293884277344,55.123153759933366,54.88767817800723,55.024582488941306,306000
2006-12-22,55.0410041809082,55.0574320279046,54.91505039062328,55.04647734458198,461300
2006-12-26,55.02455139160156,55.03550189197284,54.91502549796047,54.91502549796047,166000
2006-12-27,54.87562942504883,55.02403342086431,54.7766990190223,54.969070686386964,781500
2006-12-28,54.804176330566406,54.95258032107712,54.74921359805372,54.93608772727439,326900
2006-12-29,54.79863739013672,54.81512997147666,54.749172226270474,54.81512997147666,278800
2007-01-03,54.91411590576172,55.002055454985225,54.84815809880275,54.96358111593961,471200
2007-01-04,55.029518127441406,55.06799245194772,54.9305835510842,54.98004874256937,1745500
2007-01-05,54.99104690551758,55.0130286407155,54.908600721670496,54.96356344643951,318200
2007-01-08,55.02401351928711,55.04599944380356,54.96905080468917,55.04599944380356,281700
2007-01-09,55.02401351928711,55.056990309368615,54.98553919972992,55.056990309368615,361300
2007-01-10,54.96354675292969,55.024006989828784,54.91408157367726,55.024006989828784,697900
2007-01-11,54.859107971191406,55.013005212359374,54.82063366089942,54.98552595837099,445200
2007-01-12,54.782203674316406,54.88113829416926,54.74372933289523,54.85365901794768,232500
2007-01-16,54.853599548339844,54.91955309447897,54.7821442821769,54.864590408234974,448700
2007-01-17,54.82066345214844,54.94158397688818,54.7821891209483,54.90310964568805,258800
2007-01-18,54.897647857666016,54.91414046182213,54.77123391286813,54.82069914516548,290600
2007-01-19,54.87562942504883,54.92509882144994,54.815173352495236,54.92509882144994,309200
2007-01-22,54.90308380126953,54.919572193538386,54.84812109591148,54.91407885837252,263600
2007-01-23,54.79863739013672,54.90306943836704,54.765660614225894,54.90306943836704,334200
2007-01-24,54.782203674316406,54.87564076156946,54.771212802505524,54.87564076156946,358000
2007-01-25,54.71075439453125,54.804191484978745,54.65579164682031,54.804191484978745,296700
2007-01-26,54.70525360107422,54.72723953752591,54.60631898373591,54.66677926063091,289500
2007-01-29,54.63382339477539,54.79321835010765,54.600842380761335,54.787720815540276,388400
2007-01-30,54.71623229980469,54.72172563723305,54.61729771205874,54.716232299804695,293100
2007-01-31,54.760169982910156,54.86460204429132,54.66123544933459,54.69421642278314,386400
2007-02-01,54.78945541381836,55.04880792352437,54.75082871301074,55.04880792352437,821500
2007-02-02,54.86669158935547,54.89979897679763,54.78391891075675,54.84461859439626,445100
2007-02-05,54.95501708984375,54.966055699898824,54.8888022694981,54.943982689784875,248000
2007-02-06,55.0598030090332,55.07084160709407,54.833562268685064,55.01565703677301,236400
2007-02-07,55.126060485839844,55.14813348739309,55.02673408384756,55.103987484286606,289800
2007-02-08,55.1591911315918,55.18126414244834,55.07641839337885,55.10953001466184,353800
2007-02-09,55.0322265625,55.08740693448936,54.91634230833205,55.070853243891804,419600
2007-02-12,54.97705841064453,55.03224300911857,54.88325132922871,55.004650709881545,304700
2007-02-13,54.97151184082031,55.02117289901732,54.83907393231219,54.92184657263192,227400
2007-02-14,55.18119430541992,55.19222869188496,55.00461465204222,55.06531430257746,269400
2007-02-15,55.258426666259766,55.302572615345504,55.21428071717401,55.269465258525905,438500
2007-02-16,55.297115325927734,55.3136690228998,55.23089632804528,55.25848862966151,309400
2007-02-20,55.32469177246094,55.341245464689024,55.20881171687145,55.26951139503637,252400
2007-02-21,55.31919479370117,55.33022918964143,55.19227608541773,55.269533696978066,223600
2007-02-22,55.20884323120117,55.28057734180111,55.18677022563303,55.28057734180111,188000
2007-02-23,55.34125900268555,55.38540499942171,55.241932615026165,55.241932615026165,360200
2007-02-26,55.462646484375,55.479200177099536,55.37435450985341,55.40746610529554,222700
2007-02-27,55.68891525268555,56.10277461849324,55.49026242029823,55.68891525268554,379300
2007-02-28,55.650238037109375,55.710937692467944,55.52332363771698,55.68886470779288,533700
2007-03-01,55.641441345214844,55.79655420141044,55.55834396467911,55.78547229653456,662900
2007-03-02,55.757774353027344,55.77439298334571,55.61373917942116,55.6968365575212,187600
2007-03-05,55.724517822265625,55.779918877048175,55.635883742326286,55.779918877048175,264700
2007-03-06,55.68570327758789,55.73002240188705,55.62476976480695,55.62476976480695,221300
2007-03-07,55.73005294799805,55.779913046789424,55.65249655121737,55.71343432390314,296500
2007-03-08,55.68017578125,55.76327309645126,55.65247526734791,55.73003163446774,351700
2007-03-09,55.52507400512695,55.61370805939693,55.513992106777046,55.580470817358915,309900
2007-03-12,55.696773529052734,55.702314475057925,55.57489807595907,55.65799536002324,224200
2007-03-13,55.840816497802734,55.840816497802734,55.70232241345948,55.76879686898166,344300
2007-03-14,55.77437210083008,55.87962902211471,55.73559390243679,55.79653167512719,468700
2007-03-15,55.71337890625,55.846331993268564,55.68567840930752,55.846331993268564,201400
2007-03-16,55.718990325927734,55.75222758309621,55.64697063338566,55.702371697343494,264100
2007-03-19,55.68017578125,55.69125345090782,55.59707846604874,55.66909388508716,181300
2007-03-20,55.7355842590332,55.77990339995931,55.67464649688629,55.774362450717064,446400
2007-03-21,55.80757522583008,55.851894347325654,55.66354442072553,55.70232259540815,664300
2007-03-22,55.70233154296875,55.790965573693285,55.61923423344249,55.77988790479199,210200
2007-03-23,55.62474822998047,55.768778988435514,55.56934723280256,55.768778988435514,226200
2007-03-26,55.591529846191406,55.75772445365863,55.55275166798298,55.61923035627076,444100
2007-03-27,55.60263442993164,55.66910891884043,55.54723338716609,55.646949347035445,275600
2007-03-28,55.630306243896484,55.75772266907719,55.58598711978978,55.70232587719596,217600
2007-03-29,55.54167938232422,55.63031341545956,55.513978869560454,55.597076181346914,223000
2007-03-30,55.54167938232422,55.63585436331328,55.43642250562771,55.63031341545956,435200
2007-04-02,55.6133918762207,55.71905867853435,55.50772507390706,55.71905867853435,1065300
2007-04-03,55.55779266357422,55.62452603434015,55.491055049842174,55.60228440606224,390600
2007-04-04,55.61901092529297,55.67462352509151,55.56339832549442,55.61901092529296,181400
2007-04-05,55.56892776489258,55.62454033581796,55.5133151939672,55.61898204880246,269600
2007-04-09,55.357608795166016,55.45215060796301,55.33536291398413,55.44658807692554,324200
2007-04-10,55.4410400390625,55.53558186933885,55.35761902994916,55.468844213454425,314700
2007-04-11,55.40766525268555,55.56338643896559,55.34093184439115,55.524452960169214,344200
2007-04-12,55.4743766784668,55.518868424941935,55.4076390587541,55.41876411685612,274100
2007-04-13,55.385459899902344,55.49668940007134,55.31316390702119,55.49668940007134,291600
2007-04-16,55.49665451049805,55.50221704275234,55.37430425871696,55.41879603081352,396400
2007-04-17,55.657936096191406,55.657936096191406,55.524460774879856,55.56339425915587,368200
2007-04-18,55.74134063720703,55.746898925058815,55.64679458514501,55.719094756896425,160100
2007-04-19,55.71910095214844,55.78027606906253,55.64124248388836,55.78027606906253,223500
2007-04-20,55.6912956237793,55.75803327582941,55.62455797172918,55.75803327582941,162100
2007-04-23,55.74688720703125,55.780258141966485,55.63009954217528,55.71352051506295,409600
2007-04-24,55.774715423583984,55.863694714760676,55.75803207167389,55.785836243867905,227500
2007-04-25,55.79694747924805,55.86368087035025,55.7246473149308,55.819193357271246,401800
2007-04-26,55.6912956237793,55.785837448623894,55.64680385574589,55.785837448623894,251900
2007-04-27,55.680171966552734,55.730222020814054,55.63011766932309,55.70241784943609,169100
2007-04-30,55.869258880615234,55.86925888061524,55.74690863907105,55.780279586835825,298600
2007-05-01,55.8369026184082,55.88156423208368,55.71408956954951,55.82573934457229,1029900
2007-05-02,55.853607177734375,56.25554858695785,55.71404294616499,55.87035420405673,255200
2007-05-03,55.79219055175781,55.85917864741381,55.71961443591485,55.831268360611055,267900
2007-05-04,55.86479949951172,55.89829356957789,55.79222759464683,55.85921573477917,233700
2007-05-07,55.920555114746094,55.920555114746094,55.80890551335451,55.85356705757486,301500
2007-05-08,55.85918045043945,55.93733607066864,55.836849664779415,55.93175656862503,291000
2007-05-09,55.79219055175781,55.93175476325678,55.78660679073257,55.93175476325678,302100
2007-05-10,55.8870849609375,55.892668721140225,55.79218233329664,55.85359091804334,218200
2007-05-11,55.77543640136719,55.95407839889415,55.73635433834577,55.948494638582346,185100
2007-05-14,55.78662872314453,55.83686981463872,55.691726044213226,55.82570654736114,247300
2007-05-15,55.76428985595703,55.82569846500156,55.68613421883906,55.82011470258948,266100
2007-05-16,55.77543640136719,55.7865996628296,55.658198730625294,55.68611327302311,238800
2007-05-17,55.6805419921875,55.73078732793264,55.6414641795689,55.7084565408417,212200
2007-05-18,55.51863098144531,55.68052594683001,55.4963044599503,55.64703190542659,431900
2007-05-21,55.630313873291016,55.630313873291016,55.49633337870014,55.56332149641401,316500
2007-05-22,55.51863098144531,55.624701124770674,55.44047537873006,55.624701124770674,353000
2007-05-23,55.474002838134766,55.55773798565707,55.35676937244039,55.49074986763923,1081300
2007-05-24,55.496280670166016,55.49628067016602,55.28972423201476,55.401373828272206,339300
2007-05-25,55.46842575073242,55.49634030937474,55.36235553888802,55.446094955651304,222200
2007-05-29,55.412593841552734,55.485165721959106,55.351185227684596,55.46841869257018,222700
2007-05-30,55.479583740234375,55.52982908917735,55.418175124394764,55.51866156311746,577600
2007-05-31,55.35677719116211,55.462843146059086,55.334446395614385,55.40701828677167,506000
2007-06-01,55.299583435058594,55.37807789054184,55.24351657794585,55.35004660079897,942500
2007-06-04,55.366817474365234,55.37802912486404,55.288323088003835,55.34438989574437,299000
2007-06-05,55.20988845825195,55.33884182786597,55.15382158982725,55.32202219510135,244800
2007-06-06,55.23230743408203,55.2491270642195,55.11456574549259,55.23791112570972,1001300
2007-06-07,54.851043701171875,55.07531540479925,54.778152937857485,55.07531540479925,319500
2007-06-08,54.78379821777344,54.867900698615784,54.705303709688536,54.72212335033103,389700
2007-06-11,54.82300567626953,54.88468049894271,54.70526399960985,54.71087196829653,261000
2007-06-12,54.49784851074219,54.705300715113374,54.44738959157682,54.69408904784206,380400
2007-06-13,54.58192825317383,54.66603069438306,54.44175894370105,54.44736691381576,407100
2007-06-14,54.688411712646484,54.766906116878076,54.604309343077155,54.649164510530696,230700
2007-06-15,54.884681701660156,54.8958976392793,54.688445569593796,54.75572836242806,470200
2007-06-18,54.92395782470703,54.93517376822711,54.755757170567804,54.86228296823392,242200
2007-06-19,55.09772872924805,55.13697594944043,54.95755947461438,55.013630598568795,300900
2007-06-20,54.929527282714844,55.030449315488696,54.86224450165691,54.96877450225878,298700
2007-06-21,54.86224365234375,54.97438161903766,54.8229964334074,54.91270680676252,340000
2007-06-22,54.99121856689453,54.99121856689453,54.73891127057586,54.86226093398134,357900
2007-06-25,55.04167556762695,55.10895836652468,54.9687890770415,55.08092279757715,305000
2007-06-26,54.974395751953125,55.09774113058721,54.95196815284862,55.04167427163951,639900
2007-06-27,55.080936431884766,55.20428612158336,55.01926158703547,55.14821924743717,214500
2007-06-28,55.04167556762695,55.13138596615726,54.9687890770415,55.064103167259525,293500
2007-06-29,55.148197174072266,55.20426402577739,55.04727512995241,55.12016160940641,506700
2007-07-02,55.29517364501953,55.385269679185804,55.160033889785474,55.160033889785474,2726200
2007-07-03,55.2332649230957,55.458500839839004,55.20511311851391,55.37403683405804,384200
2007-07-05,55.0023078918457,55.15997147722769,54.90095211609864,55.15997147722769,453000
2007-07-06,54.90664291381836,54.95731870788929,54.7996549538707,54.85033504395673,281300
2007-07-09,55.0023078918457,55.03046394466841,54.91221195962142,55.01919980513513,232100
2007-07-10,55.23884201049805,55.24447408421462,55.0586543156892,55.15437808880345,712600
2007-07-11,55.1149787902832,55.30079861486129,55.04741106935649,55.30079861486129,233300
2007-07-12,55.05866241455078,55.19380213153243,54.99672248259791,55.19380213153243,234100
2007-07-13,55.12624740600586,55.182555276676986,55.01362736864844,55.17129542094882,247600
2007-07-16,55.23884201049805,55.306414007056425,55.10933438711137,55.1656422362366,279500
2007-07-17,55.13750076293945,55.25574856621607,55.09808482851392,55.20507277738952,221300
2007-07-18,55.27827835083008,55.36274230372039,55.14313860381464,55.15439845939297,226700
2007-07-19,55.27827835083008,55.30643443379855,55.182554542361444,55.21633840511152,321200
2007-07-20,55.407798767089844,55.50915466681076,55.25013498886082,55.26702692281168,316300
2007-07-23,55.37400817871094,55.45284436038949,55.30644044586584,55.317700302668165,255600
2007-07-24,55.486637115478516,55.49789697408462,55.37964912664745,55.4021731398759,208800
2007-07-25,55.45285415649414,55.54857799227863,55.31208229351118,55.31208229351118,580900
2007-07-26,55.64988708496094,55.74561084020915,55.492223418431465,55.50348326774955,324600
2007-07-27,55.59360122680664,55.6836929450097,55.50913728748136,55.58233707702225,329000
2007-07-30,55.565433502197266,55.67242142265292,55.526017578242055,55.63863327639594,389300
2007-07-31,55.740028381347656,55.7512925367046,55.52042460806918,55.53731654508806,529100
2007-08-01,55.61052322387695,55.76321979979495,55.610523223876946,55.71797477181801,814500
2007-08-02,55.58220672607422,55.695319220156854,55.51434354442509,55.60482922489074,566300
2007-08-03,55.82539367675781,55.82539367675781,55.64441799946379,55.71793788515181,371600
2007-08-06,55.73487854003906,55.91019742122526,55.67832016499995,55.91019742122526,231000
2007-08-07,55.6953239440918,55.86498622740539,55.65573564650521,55.763187131496906,280300
2007-08-08,55.62745666503906,55.70097655662313,55.52000086481548,55.69532416751725,277200
2007-08-09,55.6953239440918,55.746221334645625,55.60483394115055,55.684010536323726,271600
2007-08-10,55.508689880371094,55.80843045520144,55.49172408402986,55.80843045520144,398700
2007-08-13,55.61052322387695,55.70100896502749,55.44651323356303,55.44651323356303,220200
2007-08-14,55.76317596435547,55.80842095676532,55.587857012267236,55.587857012267236,250900
2007-08-15,55.83671188354492,55.8763001815186,55.68966778472806,55.87064347757926,224900
2007-08-16,55.80276870727539,55.97809198815501,55.667038034014,55.83104790848832,541400
2007-08-17,55.92722702026367,55.972472045999815,55.66141788756773,55.80280535689083,311800
2007-08-20,55.87630844116211,56.000725742612985,55.87065173638659,55.93286254451278,252400
2007-08-21,56.13645935058594,56.20432254697212,56.05162604030179,56.16473424414638,224600
2007-08-22,56.09121322631836,56.136458232875896,55.966791615685786,56.07424742755961,545300
2007-08-23,56.15909194946289,56.170401045959714,55.99508200404487,56.07991532957863,522300
2007-08-24,56.01768493652344,56.164724713610084,56.0063715291779,56.142102213719674,293700
2007-08-27,56.187278747558594,56.23818038898695,56.08547977949729,56.125068027365835,301600
2007-08-28,56.413597106933594,56.42490620533399,56.19868971890289,56.221312230506584,187700
2007-08-29,56.300472259521484,56.470134574307814,56.29481555458812,56.42488956444414,201400
2007-08-30,56.41923141479492,56.45881971568388,56.35136390692762,56.40791800608311,186400
2007-08-31,56.45319366455078,56.605890246662646,56.28352696015669,56.38532611983244,201000
2007-09-04,56.390098571777344,57.36704296713981,56.28786010404351,56.787694538930616,554500
2007-09-05,56.571903228759766,56.651421622781974,56.282226602863155,56.282226602863155,294600
2007-09-06,56.56052780151367,56.645727292563464,56.52076861681392,56.59460586456314,761000
2007-09-07,56.91267013549805,56.92971349769183,56.6570760371218,56.75931454315738,353400
2007-09-10,57.04896545410156,57.105763635671956,56.87288545778284,56.963766015034246,285900
2007-09-11,56.9467658996582,57.0319653969334,56.81612609271269,56.81612609271269,687000
2007-09-12,56.86721420288086,56.946732531496586,56.81041168236342,56.91833127123787,2039700
2007-09-13,56.7025032043457,56.76498251764367,56.588902483156474,56.68546417952342,790400
2007-09-14,56.742279052734375,56.8729145037216,56.62867829815233,56.85587547389072,320600
2007-09-17,56.7650146484375,56.77637256027315,56.668452897413545,56.71957433424115,278000
2007-09-18,56.88426208496094,56.99785847683979,56.57186550715724,56.702505257900036,628000
2007-09-19,56.8729248046875,56.90700720394805,56.70253014209067,56.85588577177047,441200
2007-09-20,56.46963882446289,56.7763543467554,56.42987964565231,56.7649964385633,282100
2007-09-21,56.63436508178711,56.651404113321625,56.41853012663966,56.57188574387645,465700
2007-09-24,56.640045166015625,56.65140307568857,56.51508649248308,56.645726287565125,274000
2007-09-25,56.68545150756836,56.80472898808442,56.66273136840957,56.77632773078007,260000
2007-09-26,56.628684997558594,56.708203368460524,56.4866872876014,56.61164596571192,702100
2007-09-27,56.72526168823242,56.79909895684248,56.600302977179,56.600302977179,380900
2007-09-28,56.81045913696289,56.94678009996694,56.691181544405,56.78774330988974,336100
2007-10-01,56.6187744140625,56.938174116707984,56.6187744140625,56.93246938502629,3538500
2007-10-02,56.83551025390625,56.886839784329474,56.56744443564649,56.56744443564649,282100
2007-10-03,56.86404037475586,56.97811328073372,56.75567655337242,56.95529869953815,327100
2007-10-04,56.841217041015625,56.978100145196066,56.75566346911456,56.91536114923098,445000
2007-10-05,56.390689849853516,56.83556360351704,56.03136539386425,56.647346445754984,750200
2007-10-08,56.83551025390625,57.0066130400856,56.51041017358672,56.67010784792821,367700
2007-10-09,56.715763092041016,56.801312348772704,56.556065344225495,56.76709264608003,182700
2007-10-10,56.789894104003906,56.835523264671245,56.57316211798844,56.72715509594538,711600
2007-10-11,56.82976531982422,56.82976531982421,56.60162408154123,56.687177589826376,258000
2007-10-12,56.72145080566406,56.83552370822265,56.647306682578204,56.77848943266151,470400
2007-10-15,56.73855972290039,56.749964836376414,56.607376985028736,56.7100404120565,200800
2007-10-16,56.82976531982422,56.87539443776725,56.721397252567556,56.84117477502607,266400
2007-10-17,57.023765563964844,57.05228053844366,56.818438601389296,56.841253191835264,243600
2007-10-18,57.189144134521484,57.206258335070636,57.07507557281402,57.194848868037866,270000
2007-10-19,57.45151138305664,57.45151138305663,57.22907028360961,57.32032861686345,732700
2007-10-22,57.43439483642578,57.497133850116384,57.32032627595377,57.497133850116384,284500
2007-10-23,57.417259216308594,57.417259216308594,57.29178124524698,57.40014937506105,328900
2007-10-24,57.66822814941406,57.71955768471976,57.43438199585961,57.53134503716318,1018400
2007-10-25,57.51992416381836,57.685326552722216,57.50851905315783,57.67962182167455,236200
2007-10-26,57.46858215332031,57.605465208682034,57.383028611931536,57.46858215332031,348000
2007-10-29,57.46858215332031,57.54272623509252,57.37732388212325,57.479987261503005,261000
2007-10-30,57.54270553588867,57.54270553588867,57.43433746568268,57.51989097629624,252400
2007-10-31,57.38307571411133,57.525663616322824,57.2690071329171,57.35455639309404,767000
2007-11-01,57.52452087402344,57.650521118000235,57.42143016254665,57.44433969504666,251200
2007-11-02,57.58754348754883,57.78799651328021,57.51881486320597,57.535995926904626,401100
2007-11-05,57.53597640991211,57.71351983397071,57.53597640991212,57.71351983397071,509700
2007-11-06,57.461578369140625,57.564669183987256,57.369940147254326,57.50166899882815,418000
2007-11-07,57.472957611083984,57.51304818960511,57.34123329717688,57.50159561126136,716100
2007-11-08,57.530242919921875,57.598971514960844,57.43288068744311,57.56460940221455,469700
2007-11-09,57.73069381713867,57.753598976727694,57.587512537204844,57.65623675506371,184600
2007-11-12,57.650543212890625,57.753629594329304,57.55890504776974,57.55890504776974,224000
2007-11-13,57.65623474121094,57.73641590560959,57.58751052575251,57.70205379788038,276100
2007-11-14,57.63334274291992,57.64479969534496,57.50161837686151,57.581799565648474,336000
2007-11-15,57.87957763671875,57.90821562985358,57.6333057522097,57.73639641013312,493500
2007-11-16,57.83950424194336,57.90250434991077,57.75932308081131,57.8452327161801,1810900
2007-11-19,57.96554183959961,58.062904116684805,57.73645078739156,57.73645078739156,416800
2007-11-20,57.84523391723633,57.98841518930869,57.78223380796083,57.97696261014299,332100
2007-11-21,58.28623962402344,58.28623962402344,57.94833386533309,58.08006257928382,789200
2007-11-23,57.9884033203125,58.29194685584969,57.9884033203125,58.154494086266666,137700
2007-11-26,58.51532745361328,58.65850874093418,58.080059486230965,58.148783707635474,441900
2007-11-27,58.274810791015625,58.53826395673243,58.09153883358011,58.53826395673243,933000
2007-11-28,58.131629943847656,58.2805397760443,58.08581086170282,58.20035856706492,536500
2007-11-29,58.29769515991211,58.46378598236469,58.137332812591346,58.337785746742306,1496800
2007-11-30,58.41801071166992,58.48101087670726,58.00564758398904,58.143100503366156,1734300
2007-12-03,58.7268180847168,58.98557983619895,58.502560532332815,58.594565880519305,630100
2007-12-04,58.50252151489258,58.784284415503514,58.45652325853369,58.749780239417426,580800
2007-12-05,58.393253326416016,58.54850671786912,58.387501900939306,58.53700825396795,442400
2007-12-06,58.330013275146484,58.47951527307837,58.15750557039041,58.289762062310494,805900
2007-12-07,57.99650192260742,58.22651073803768,57.841244107694365,58.22651073803768,406200
2007-12-10,57.88148498535156,58.007985633960175,57.685976006497995,58.007985633960175,916400
2007-12-11,58.1632080078125,58.31271426687251,57.87569833341605,58.01370174875249,1153500
2007-12-12,58.105751037597656,58.20925477439496,57.80098686637858,57.944741812649674,500900
2007-12-13,57.88148498535156,58.04248979908265,57.82397950583148,58.04248979908265,425500
2007-12-14,57.7204475402832,57.858455359137615,57.639945172809796,57.84695251404141,515300
2007-12-17,57.8067741394043,57.94477774502776,57.709021768214996,57.893028038064784,550800
2007-12-18,58.1114616394043,58.13446294283161,57.89295583741995,58.03671069355309,402300
2007-12-19,58.23223876953125,58.39899499660897,58.01373287907691,58.15748779341441,634800
2007-12-20,58.180519104003906,58.45653061214612,58.180519104003906,58.393278066260486,489200
2007-12-21,57.9274787902832,58.226491467497794,57.9274787902832,58.226491467497794,411900
2007-12-24,57.9447135925293,57.98496478240004,57.85846417641391,57.93321513273081,190700
2007-12-26,57.766475677490234,58.0424870501372,57.703223162655554,57.93323190868603,259200
2007-12-27,58.08348083496094,58.08348083496094,57.852531716524126,58.043065069608595,427200
2007-12-28,58.39522171020508,58.43563744802963,58.13540688204514,58.210463422295,442500
2007-12-31,58.41253662109375,58.5337838231711,58.22777835054951,58.499143024001754,708000
2008-01-02,58.689666748046875,59.24394147013615,58.349016126303646,58.52222890413701,888900
2008-01-03,58.84558868408203,58.845588684082024,58.52803761477305,58.67238021127344,370600
2008-01-04,58.966888427734375,59.1054606153193,58.78212991594486,58.78212991594486,497700
2008-01-07,59.04194259643555,59.099678798718465,58.79367296212813,59.01307229279916,693600
2008-01-08,59.191993713378906,59.191993713378906,58.85712232962349,58.984144484317206,1544400
2008-01-09,59.05344772338867,59.18046992461012,58.95529580607641,59.14582910790858,437700
2008-01-10,58.93217468261719,59.059196828278296,58.77628667065987,59.03032655699715,291900
2008-01-11,59.18622589111328,59.191996422055965,58.99569265035373,59.00723811722456,315700
2008-01-14,59.23237991333008,59.2670251050502,59.11113275476729,59.18619366600834,290400
2008-01-15,59.44603729248047,59.44603729248047,59.24973353217283,59.35943087852731,361400
2008-01-16,59.26704406738281,59.50953846209382,59.23817379920959,59.446027396100305,620900
2008-01-17,59.62503433227539,59.62503433227539,59.2266517846562,59.33634915618132,807500
2008-01-18,59.61354064941406,59.613540649414055,59.353725527223766,59.44610257322852,809400
2008-01-22,59.705848693847656,60.906775245346324,59.39983881739995,60.029174564829844,793000
2008-01-23,59.526878356933594,60.27168658889689,59.49801248429083,60.27168658889689,911200
2008-01-24,59.3767204284668,59.728916431887825,59.30166392469849,59.728916431887825,469200
2008-01-25,59.480682373046875,59.61925440733007,59.018788807059416,59.2266424534987,585400
2008-01-28,59.59617233276367,59.67700383492701,59.45182973533109,59.474925079518684,484000
2008-01-29,59.411373138427734,59.601906293242344,59.37095741513222,59.555715636623624,450900
2008-01-30,59.50379943847656,59.57308548091629,59.33636147298755,59.480704090996646,557800
2008-01-31,59.763614654541016,59.82712575446509,59.50957025484472,59.7462942463775,649200
2008-02-01,59.702728271484375,59.89402849536254,59.70272827148438,59.86504200469584,610300
2008-02-04,59.66791534423828,59.71429193482025,59.511399879418015,59.62153875365631,336200
2008-02-05,59.853492736816406,59.95783798580878,59.66219237654359,59.91146133676313,622800
2008-02-06,59.80704116821289,59.847619579615575,59.66211763852968,59.847619579615575,698600
2008-02-07,59.27959060668945,59.79551861721578,59.15785523122237,59.78392224466447,622300
2008-02-08,59.56359100341797,59.650546035411544,59.40707548400285,59.499824274803785,543400
2008-02-11,59.691104888916016,59.807041945082496,59.575163410034335,59.63893011774046,746300
2008-02-12,59.66791534423828,59.69110363952927,59.39545840296309,59.52299181570596,653400
2008-02-13,59.31433868408203,59.60998410558519,59.31433868408203,59.5056389228616,510400
2008-02-14,59.12886047363281,59.32016078955905,58.9781386105346,59.21001737928886,578800
2008-02-15,59.09979248046875,59.204137561398085,59.059214083591435,59.204137561398085,455300
2008-02-19,58.81581497192383,59.11725864775324,58.72885989533,59.04769370193439,597200
2008-02-20,58.72307205200195,58.89697779999792,58.601332278869606,58.67669541678195,405300
2008-02-21,59.20423126220703,59.23901595937857,58.84482329895871,58.989747006131886,486400
2008-02-22,58.89118194580078,59.27378256742991,58.867998049992536,59.04770199018344,987700
2008-02-25,58.682472229003906,58.97811321973686,58.60131093556914,58.94333296734893,557900
2008-02-26,58.9665641784668,58.9665641784668,58.72309338917515,58.78686018009262,638400
2008-02-27,59.088287353515625,59.11147567475576,58.931771713544784,59.08248916752557,633000
2008-02-28,59.44186782836914,59.49403820455568,59.23317747818786,59.331724470574144,434500
2008-02-29,59.66791534423828,59.88240375864356,59.412848518752554,59.65052522844882,922900
2008-03-03,59.658050537109375,59.809335241758426,59.553315655311636,59.576590566737295,388300
2008-03-04,59.40199661254883,59.68129094897147,59.2216217023124,59.58819579631918,385300
2008-03-05,59.02382278442383,59.41948737965324,58.983092801351766,59.4020278675636,432100
2008-03-06,58.936546325683594,59.18092623798501,58.92490665029659,59.09364642952437,1161200
2008-03-07,59.116905212402344,59.30891985078197,58.89580027196275,59.27982510948775,1087600
2008-03-10,59.43115997314453,59.466070140797655,59.19841516390165,59.28569502227248,444500
2008-03-11,59.07036209106445,59.18091679342043,58.92489724658965,59.082001764593905,564200
2008-03-12,59.675514221191406,59.710428812985285,59.128569261096175,59.28566938684236,429500
2008-03-13,59.41948318481445,59.65222339208964,59.186738538304375,59.5533083600742,417500
2008-03-14,59.669715881347656,59.83845129310878,59.436971106203636,59.61734619830251,490900
2008-03-17,59.92571258544922,60.08281714670709,59.4311328659154,59.594052826304335,722200
2008-03-18,59.786048889160156,60.117708544844504,59.66967879353689,59.948968798726554,398200
2008-03-19,59.96649169921875,60.14687132247311,59.77448126817451,59.79775176223351,403300
2008-03-20,60.17591857910156,60.2050133347055,59.85589846364047,60.10609826843042,315600
2008-03-24,59.73366165161133,59.86166693390221,59.55328229890368,59.86166693390221,423000
2008-03-25,59.844242095947266,59.914066826381664,59.675502326823874,59.78605704020287,490500
2008-03-26,59.669715881347656,60.01883082444501,59.65225636084104,59.84427113327766,341300
2008-03-27,59.692955017089844,59.797689888943545,59.52421969393641,59.64058980078051,371300
2008-03-28,59.83843231201172,59.85007198865729,59.65223743880607,59.710426943562034,466000
2008-03-31,59.74531173706055,60.018786312092196,59.74531173706055,59.89659639459096,555900
2008-04-01,59.33927917480469,59.759918670422216,59.32759672537039,59.67228469929374,1209100
2008-04-02,59.368534088134766,59.5730105276156,59.25168722467995,59.462007121646536,499400
2008-04-03,59.55546188354492,59.637252428122544,59.35682452010612,59.52624906451703,480900
2008-04-04,59.8592529296875,60.016995016177376,59.75409302444434,59.853409474604476,431000
2008-04-07,59.85341262817383,59.87094299434654,59.61388444415257,59.73657026385865,417000
2008-04-08,59.84760665893555,60.075452515169836,59.81839382310943,59.88850195474035,408800
2008-04-09,60.1104621887207,60.174726816658286,59.85924713148738,59.946881120243155,492700
2008-04-10,59.92348861694336,60.11043897403877,59.75406415938062,59.98775322006191,456500
2008-04-11,60.05205535888672,60.13384591266138,59.91768261639928,60.046211902973994,263600
2008-04-14,59.98191452026367,60.081230930316586,59.86507220928947,59.91181091657854,683200
2008-04-15,59.660614013671875,59.87093380295126,59.63140119845259,59.74824354483012,635600
2008-04-16,59.444496154785156,59.73660670100032,59.33933617985757,59.60807734750513,386500
2008-04-17,59.43278121948242,59.46783303955456,59.21077447302348,59.45614612803,487200
2008-04-18,59.59053039550781,59.6022128520417,59.11146944708889,59.23999875521986,620000
2008-04-21,59.59636688232422,59.6255752488687,59.426942310262184,59.561310602319274,438600
2008-04-22,59.683990478515625,59.75409411178658,59.47367066420212,59.59051302448725,569100
2008-04-23,59.625606536865234,59.64313245743872,59.47955125574828,59.60808061629175,496300
2008-04-24,59.403568267822266,59.47367636506377,59.24583062059232,59.38604235782457,364000
2008-04-25,59.34516143798828,59.39773918070018,59.20494520958622,59.31010515226185,507900
2008-04-28,59.491241455078125,59.50876737661812,59.25755210095298,59.321816784768735,513500
2008-04-29,59.57884979248047,59.666479362339906,59.43279456637906,59.60221470627514,697500
2008-04-30,59.941062927246094,59.941062927246094,59.28673837757783,59.57300536805769,813300
2008-05-01,59.83905792236328,59.99730279543417,59.73356283080178,59.99144071494263,503200
2008-05-02,59.73942947387695,59.833200411617085,59.50499542234019,59.5460210459998,462100
2008-05-05,59.76289367675781,59.81563900879928,59.604648737715124,59.7863375370404,541600
2008-05-06,59.569496154785156,59.862537755102466,59.51675081302883,59.862537755102466,930100
2008-05-07,59.73942947387695,59.74529155481622,59.43466833689949,59.528439274639624,299200
2008-05-08,59.891807556152344,60.296201679926284,59.67495529307264,59.78045038437395,731300
2008-05-09,59.91524887084961,60.13209665329453,59.827335553243,60.038325726916014,433600
2008-05-12,59.809757232666016,60.00902325737079,59.78045130128833,59.88008431364072,579400
2008-05-13,59.469810485839844,59.72182621807618,59.434646955769296,59.669076451514336,482700
2008-05-14,59.55773162841797,59.68080847133467,59.381905011990334,59.674946391731986,292000
2008-05-15,59.87425994873047,59.87425994873047,59.53433063042145,59.604657750444126,350600
2008-05-16,59.72772979736328,59.96215945599645,59.6515361339943,59.70428593720814,387200
2008-05-19,59.82737731933594,59.89184683249045,59.663274730019054,59.86840296666515,630400
2008-05-20,59.956275939941406,59.973857709596636,59.839056689811265,59.95627593994141,670700
2008-05-21,59.87425994873047,59.93872498493132,59.762902713414796,59.87425994873047,540800
2008-05-22,59.51675033569336,59.72774064394643,59.37022953670983,59.72774064394643,509300
2008-05-23,59.74528503417969,59.75114264302203,59.546014547111774,59.628065785475876,584000
2008-05-27,59.411258697509766,59.59880515244924,59.39953452887969,59.48744790776448,865300
2008-05-28,59.1357536315918,59.422932942926586,59.04197824011942,59.35260139932231,371500
2008-05-29,58.9716796875,59.1182004539425,58.866184556803056,59.1182004539425,621300
2008-05-30,59.18267822265625,59.352638400606175,59.10648455172053,59.1709540556848,1132500
2008-06-02,59.402713775634766,59.56157854049848,59.16736139481986,59.28503982971396,601800
2008-06-03,59.51453399658203,59.53218464753,59.13797181310763,59.237995161129675,476200
2008-06-04,59.302669525146484,59.6027438169142,59.20852681048535,59.596858775004954,390900
2008-06-05,59.08496856689453,59.24971383053905,59.03789720900417,59.14380551977161,378000
2008-06-06,59.414512634277344,59.461579542053194,59.249762745647715,59.3733262843638,434800
2008-06-09,59.114410400390625,59.27327067879248,59.049688382419,59.13206104366046,555500
2008-06-10,58.802555084228516,59.06143859971835,58.74959867923756,58.9849510024783,557200
2008-06-11,58.87907791137695,59.09089468013556,58.78493961913695,58.943799951218466,508600
2008-06-12,58.51427459716797,58.78493281735649,58.49074339356183,58.77316272657906,513700
2008-06-13,58.367149353027344,58.76136638631516,58.36126879968915,58.584851028784975,799000
2008-06-16,58.431884765625,58.60251512001627,58.36128219758243,58.584864478005635,460400
2008-06-17,58.63192367553711,58.67310999466807,58.520130314050775,58.66133990978944,407200
2008-06-18,58.87907791137695,58.89084351454137,58.679031234757645,58.75551887776358,345900
2008-06-19,58.578975677490234,58.83197867102066,58.57897567749024,58.78491179166851,435900
2008-06-20,58.75552749633789,58.91438785172189,58.6966904939355,58.902622246831626,419000
2008-06-23,58.67903137207031,58.82612610133162,58.6025392399105,58.7967053598894,515600
2008-06-24,58.796661376953125,58.879034004602495,58.661332352116865,58.796661376953125,514300
2008-06-25,58.82615280151367,58.867339164841624,58.4790067486264,58.86145411608708,487100
2008-06-26,58.90262985229492,59.05560966947421,58.83202274691,58.98500256408928,540200
2008-06-27,59.0438117980957,59.15560520678682,58.83199507056204,58.83199507056204,466000
2008-06-30,59.073246002197266,59.28506277802428,59.04971030610815,59.226225782289006,639600
2008-07-01,58.8688850402832,59.4299938121911,58.8688850402832,59.4299938121911,854500
2008-07-02,58.79798126220703,59.08739245587081,58.79798126220703,59.069674046941486,812400
2008-07-03,58.81569290161133,59.04604120359565,58.80387762621318,58.98697834522661,281300
2008-07-07,59.02239227294922,59.11689190845579,58.673913883142816,58.821573224913806,603100
2008-07-08,59.252769470214844,59.30002156418512,58.96335828051035,59.063765600541416,327300
2008-07-09,59.483150482177734,59.53631024365807,59.22326832874091,59.35911704700384,392000
2008-07-10,59.536293029785156,59.58354062984998,59.32956619138992,59.51857011027585,577200
2008-07-11,59.19963455200195,59.689860549935766,59.14647480149754,59.689860549935766,478200
2008-07-14,59.28818893432617,59.55988163582107,59.193689280252734,59.193689280252734,366000
2008-07-15,59.51856231689453,59.642600206173654,59.424062622929824,59.44178103391019,433400
2008-07-16,59.06375503540039,59.370884578853435,59.06375503540039,59.36498144781886,487400
2008-07-17,58.80390167236328,59.122846645428076,58.703494321456525,59.063783762906986,503300
2008-07-18,58.46133804321289,58.87478274752181,58.46133804321288,58.673963529565114,438400
2008-07-21,58.768470764160156,58.76847076416016,58.54402998548725,58.668063403138824,317500
2008-07-22,58.5676383972168,58.73301623759487,58.484944970819576,58.72120095973462,302900
2008-07-23,58.63850784301758,58.65032312003226,58.4908484237891,58.59125574737458,405700
2008-07-24,59.04602813720703,59.06965417656785,58.67983128642369,58.71527259856805,320200
2008-07-25,58.74481964111328,58.95744955384666,58.65622309310643,58.94563878367597,394300
2008-07-28,59.010658264160156,59.06972117645124,58.892527933366615,59.0342798241075,458500
2008-07-29,58.93971252441406,58.99877536902277,58.79205315978917,58.94562016073679,279200
2008-07-30,59.00469207763672,59.05194416307144,58.756625388414804,58.98697367215043,403800
2008-07-31,59.30592727661133,59.44767904771129,59.1287341830807,59.2823012303934,559600
2008-08-01,59.2359619140625,59.413867304558174,59.09364031625917,59.413867304558174,331500
2008-08-04,59.06399154663086,59.31305548920343,59.04620191135029,59.18852351791715,391600
2008-08-05,58.96316909790039,59.182585113654625,58.95131085146676,59.182585113654625,489500
2008-08-06,58.89794921875,58.97503914679988,58.69632731877846,58.97503914679988,463000
2008-08-07,59.20637893676758,59.241962771187836,58.89208296607386,58.9751043725089,391300
2008-08-08,59.11738586425781,59.25377613248004,59.075875192495765,59.18261756621589,359600
2008-08-11,58.96910095214844,59.194443830750515,58.915727531969175,59.01061160147834,460700
2008-08-12,59.218196868896484,59.230055121836465,59.08773346493728,59.11738588377306,392600
2008-08-13,59.11738586425781,59.28935993993601,59.01657035484377,59.21819684934796,301000
2008-08-14,59.25966262817383,59.30117326848895,59.11734107913919,59.23001023181139,417900
2008-08-15,59.431644439697266,59.44350268521947,59.30118111734773,59.437575824618904,333200
2008-08-18,59.53245544433594,59.550245074804444,59.37827110640707,59.44943415260218,526500
2008-08-19,59.48500061035156,59.52651124728395,59.36046869955442,59.52651124728395,284400
2008-08-20,59.5799446105957,59.72819768088211,59.46133943977178,59.57401322097334,277400
2008-08-21,59.59178161621094,59.63922366762357,59.43760173560446,59.56806059050462,361800
2008-08-22,59.52653503417969,59.54432919224994,59.36642380612268,59.41386584566621,497800
2008-08-25,59.710365295410156,59.751875944403864,59.61548122666943,59.751875944403864,267900
2008-08-26,59.63921356201172,59.734097648759274,59.56212363477104,59.60956115382254,634400
2008-08-27,59.710365295410156,59.823034471637996,59.532459928682,59.64513362923126,334400
2008-08-28,59.763736724853516,59.87641043018021,59.6747840377178,59.78152635741635,372600
2008-08-29,59.74590301513672,60.048340118548516,59.550208152675076,60.048340118548516,701500
2008-09-02,59.944786071777344,59.962645545049405,59.5578141632424,59.71855396477465,1275500
2008-09-03,59.93287658691406,60.05194731191997,59.83166987722184,59.95073606014402,419800
2008-09-04,60.15314865112305,60.24245055138365,60.02217313635195,60.12337983700841,338800
2008-09-05,59.97453308105469,60.35555020811709,59.974533081054695,60.27220299545234,667100
2008-09-08,60.349613189697266,60.43296042046729,60.034079196544,60.105521626668335,873300
2008-09-09,60.617530822753906,60.65324977647859,60.31390608984014,60.40916268921883,540400
2008-09-10,60.57586669921875,60.61754033246354,60.36749853299477,60.36749853299477,515400
2008-09-11,60.49845886230469,60.66515335328036,60.42701641956474,60.66515335328036,371800
2008-09-12,60.25439453125,60.55801937272997,60.12937360642561,60.54611002250692,514800
2008-09-15,60.492530822753906,60.635411229055116,60.27820794225897,60.33774106637729,386900
2008-09-16,59.87932586669922,60.77233627796287,59.87932586669922,60.736612772893956,676000
2008-09-17,60.02812576293945,60.290072241476025,59.89119558159282,59.99240227880202,707900
2008-09-18,59.861480712890625,60.242498216191755,59.68287677105519,59.83171187522241,1016900
2008-09-19,60.129310607910156,60.421025793532046,59.397040767337565,59.53397089892095,1985000
2008-09-22,59.18870162963867,59.96264544542269,58.93865992007784,59.46255748421727,1719500
2008-09-23,59.09941482543945,59.29587816548347,58.93867498309382,59.12918364984063,435500
2008-09-24,59.170806884765625,59.2065258099584,58.78978987577268,58.93862478685058,2371500
2008-09-25,59.06366729736328,59.236316402783125,58.70050961735649,59.236316402783125,633200
2008-09-26,58.765987396240234,59.11724021790767,58.432598582792025,58.73622313337203,473200
2008-09-29,58.49811935424805,59.06964530379557,57.747989558304965,58.670768527874564,751500
2008-09-30,58.694602966308594,59.11134393684451,57.76587347314316,58.49218942737209,655400
2008-10-01,58.27617263793945,59.041233456797464,56.483059633695156,58.51525528386313,800000
2008-10-02,58.50335693359375,58.82611814315703,57.92956074774572,58.246343631170774,400400
2008-10-03,58.945579528808594,58.945579528808594,57.893619044092006,58.706496978629325,501200
2008-10-06,58.96356201171875,59.441722974374535,57.110678591163285,58.94563160263626,798300
2008-10-07,57.74419403076172,58.93362392456504,57.69039828997279,58.82006324533586,818000
2008-10-08,56.58470916748047,57.95345363040035,55.61643036393379,57.48126631750546,835000
2008-10-09,56.71616744995117,57.003067554740866,55.526737027434905,56.495015190839894,946600
2008-10-10,52.83710479736328,54.982862822850954,51.8807780372556,54.57044961512915,1559700
2008-10-13,54.88123321533203,55.92123788613468,53.793411084691016,54.0265155012481,911000
2008-10-14,56.03480529785156,56.931362182617185,55.34744410750642,55.36537451558187,773100
2008-10-15,56.931339263916016,57.260078480040036,55.46098711203113,56.43524355962787,678200
2008-10-16,56.03480529785156,57.25412320834771,55.87940082765743,56.931362182617185,482900
2008-10-17,56.23804473876953,57.355754402039565,55.29367458191602,55.8136748606619,588500
2008-10-20,57.24216842651367,57.47527741945626,56.42929435317565,56.71619001197159,537600
2008-10-21,57.74419403076172,58.10879390013849,56.542807501173996,57.624655033640344,571000
2008-10-22,58.41362380981445,58.57500191066638,57.82787178425482,58.138675910389054,666800
2008-10-23,57.385643005371094,58.55714394537532,57.08679058516208,58.55714394537532,855400
2008-10-24,56.9014778137207,57.58883903649595,56.71619084136691,57.46929993693693,400100
2008-10-27,56.33365249633789,57.289978841545405,56.00491317761481,56.60261771338497,675400
2008-10-28,56.530921936035156,56.92540473875429,56.034825850078924,56.60264359464274,602700
2008-10-29,57.606773376464844,57.678499577169404,56.59067728050239,56.90746002006276,597800
2008-10-30,57.53495788574219,57.58874902843384,57.00300197191112,57.58874902843384,386400
2008-10-31,57.35570526123047,57.5589270986764,56.84765750779866,57.10467054449315,732700
2008-11-03,56.44340896606445,57.613809584531886,56.125300314850804,57.613809584531886,613700
2008-11-04,57.349693298339844,57.48773813364088,56.73748052680341,57.11561329134327,531100
2008-11-05,58.22002410888672,58.22002410888672,57.73385836260354,58.11799011409844,612600
2008-11-06,57.97993469238281,58.51411799779872,57.80587429477824,58.51411799779872,516000
2008-11-07,58.274009704589844,58.30402184212513,57.157630539783355,58.141968205378646,878500
2008-11-10,57.901939392089844,58.46613513897495,57.565825115246085,58.394108688559754,424400
2008-11-11,58.340057373046875,58.44809470289076,57.58979941002307,57.58979941002307,402500
2008-11-12,57.83592224121094,58.58618067150974,57.637852916600686,58.56817520185682,823300
2008-11-13,58.033912658691406,58.3160101775977,57.7158042494423,58.02790931723166,523800
2008-11-14,58.208030700683594,58.22003281630774,57.81189219690121,58.22003281630774,546100
2008-11-17,58.36404037475586,58.36404037475586,57.9919155203068,58.16597584028198,407500
2008-11-18,58.280052185058594,58.46011597277103,58.196023638582744,58.26204672212981,415000
2008-11-19,58.448089599609375,58.75419610397513,58.40007657436853,58.496107204061026,546500
2008-11-20,58.460105895996094,58.784217910483854,58.31605763818316,58.760209104313105,826200
2008-11-21,57.99192810058594,58.73618255014552,57.87188410600525,58.460088231425196,1015200
2008-11-24,57.9859504699707,58.67618886246338,57.64383294732125,58.286053720688194,1524000
2008-11-25,59.43242263793945,59.49244692810318,58.62214509204382,58.66415934763217,1049800
2008-11-26,59.2043571472168,59.88258871028139,58.99428582938363,59.540471255749864,859500
2008-11-28,59.090293884277344,59.57646398168406,58.88022264673595,59.37839485234093,294800
2008-12-01,59.92378234863281,59.95391784074893,59.321109290554645,59.65258131170985,604100
2008-12-02,59.984066009521484,60.074467913873974,59.58027604784981,59.6706779522023,641600
2008-12-03,59.990108489990234,60.02626742123464,59.60439789660658,60.02626742123464,583300
2008-12-04,60.18899154663086,60.18899154663085,59.67671550004952,60.03832320305586,713900
2008-12-05,59.85752868652344,60.2492673605179,58.989677420816776,59.97203811686908,616400
2008-12-08,59.779197692871094,60.15888041724935,59.6646882339802,60.15888041724935,653600
2008-12-09,60.33964157104492,60.339641571044915,59.79120675988135,60.11665083496222,762100
2008-12-10,60.231197357177734,60.35775825364274,60.03834200094043,60.056421472144805,810100
2008-12-11,60.54460906982422,60.54460906982422,60.11068320047784,60.38791259521888,682100
2008-12-12,60.562644958496094,60.659074903628806,60.086532449977284,60.62893939626662,679800
2008-12-15,60.70729446411133,60.70729446411133,60.37582225020791,60.52649060233979,501000
2008-12-16,60.948394775390625,60.94839477539063,60.44817905663307,60.94839477539063,670800
2008-12-17,61.27381134033203,61.5269330972979,60.87604923624763,61.328054344272566,934200
2008-12-18,61.65953063964844,61.7499325935301,60.94235222773188,61.41846489334319,931100
2008-12-19,61.46064376831055,61.65952252302931,61.171358473576504,61.43050825497212,829700
2008-12-22,61.7921028137207,61.79813083515509,61.46063520335913,61.65349050696156,1490200
2008-12-23,62.3947868347168,62.40081485717744,61.557071036010115,61.647472980784094,774200
2008-12-24,62.69009017944336,62.792548160340274,62.17781866709283,62.24411311436527,491500
2008-12-26,62.47916030883789,62.81063257128672,62.36465547111056,62.73831009637955,467300
2008-12-29,62.96062088012695,63.02111128833781,62.31946316306988,62.31946316306988,614000
2008-12-30,62.984806060791016,63.117877553968924,62.63398666895866,62.70052241554762,570300
2008-12-31,63.02717971801758,63.105815431580154,62.627969643301746,63.05137496720822,611900
2009-01-02,62.63400650024414,63.14209278259147,62.60376129139305,62.75497810610656,484600
2009-01-05,63.63198471069336,63.7045703870932,62.361765369684285,62.60371300958301,3306400
2009-01-06,63.27518844604492,63.432455285451944,62.54934930455093,63.353819558362076,670200
2009-01-07,62.694461822509766,63.075526349005095,62.45856407542665,63.033185846061166,1222800
2009-01-08,62.216636657714844,62.94247540626757,62.059369903446,62.851749023776144,1616300
2009-01-09,62.00495910644531,62.48885026257911,61.90212814015666,62.125930741785744,1137600
2009-01-12,62.33153533935547,62.47065214085427,61.92022566640429,61.99885670139195,774400
2009-01-13,62.43441390991211,62.4888497609467,62.17432074272323,62.48280440956866,585600
2009-01-14,62.34970474243164,62.57350262662835,62.065416453540735,62.57350262662835,951900
2009-01-15,62.34368896484375,62.61587747614097,62.089645738996666,62.210617385179326,1047400
2009-01-16,62.66425323486328,62.82152002971195,62.18640749977145,62.28318848576183,608700
2009-01-20,62.33760452270508,62.41624020253011,62.083561437354845,62.125901951579884,663100
2009-01-21,62.010955810546875,62.44041539307201,62.004910463862856,62.44041539307201,621200
2009-01-22,61.74484634399414,62.11381571390301,61.57548426235151,62.11381571390301,446800
2009-01-23,61.648067474365234,61.932355813135715,61.478705386954076,61.70855327490196,578000
2009-01-26,61.587547302246094,61.7387640265803,61.01897094202364,61.53311149657451,550800
2009-01-27,61.9021110534668,61.99889202684259,61.36377957968369,61.47265586734605,541200
2009-01-28,61.93839645385742,62.16219434363146,61.77507974074493,62.144049067678985,478400
2009-01-29,61.38798141479492,62.02309393015144,61.33354557250389,61.859777173735736,869600
2009-01-30,61.77512741088867,61.89610370187605,61.472693605580695,61.48479354206626,608300
2009-02-02,61.66945266723633,62.015471379393475,61.65731385359777,61.74837116567243,592000
2009-02-03,61.39629364013672,61.918350692959336,61.39629364013672,61.77266175281774,575200
2009-02-04,61.3112907409668,61.59052972719137,61.23237688552287,61.49340533828858,673400
2009-02-05,61.11704635620117,61.59661054401777,61.074553561400585,61.475199250753725,702200
2009-02-06,61.280948638916016,61.42057047476661,60.686049484273454,61.26273810192844,1936800
2009-02-09,61.28702926635742,61.457000478094,61.14741204158873,61.4023688591936,588300
2009-02-10,61.663394927978516,61.796945055093275,61.22025174540393,61.40236639717277,524800
2009-02-11,61.65129852294922,62.009456376348496,61.55417403090008,61.60273859261041,518800
2009-02-12,61.979042053222656,62.03974538060204,61.70587476433192,61.857635398463884,366900
2009-02-13,61.790863037109375,61.936551955431405,61.54804508566118,61.54804508566118,851900
2009-02-17,61.839378356933594,62.076124397624675,61.69975664073354,62.00934939831554,436100
2009-02-18,61.71194839477539,61.979043969777386,61.66945096979198,61.85156558892861,495800
2009-02-19,61.61479187011719,61.736198474458085,61.469103018635096,61.67549517228764,532400
2009-02-20,61.299190521240234,61.86374057072157,61.17170744403552,61.72411867402424,656300
2009-02-23,61.61479187011719,61.70584913905541,61.250567425729415,61.70584913905541,621500
2009-02-24,61.49345779418945,61.82732866559321,61.37811814207277,61.51773543859981,605600
2009-02-25,61.43877029418945,61.56624866223228,61.33557418168334,61.46305254972618,485800
2009-02-26,61.11704635620117,61.372003125004746,61.074553561400585,61.17167796464454,509300
2009-02-27,61.123165130615234,61.28099298630164,61.007825471069076,61.08067230310415,463800
2009-03-02,61.328365325927734,61.40144946203034,61.084760831834814,61.328365325927734,627400
2009-03-03,61.249176025390625,61.31616863518249,60.95684421480281,61.23699766290869,970700
2009-03-04,60.96290969848633,61.13343457918725,60.761931954894024,61.13343457918725,548900
2009-03-05,61.16389846801758,61.310062014045016,60.93247246626953,61.07863601229697,685000
2009-03-06,61.328365325927734,61.33445683221743,60.993406823321024,61.24310282370364,701200
2009-03-09,60.90813064575195,61.33444306115503,60.90813064575195,61.33444306115503,645300
2009-03-10,61.04821014404297,61.054301649704385,60.792422663752596,60.841145416129066,507500
2009-03-11,61.19438934326172,61.24919896464263,60.810703407762354,61.10303532783528,607500
2009-03-12,61.249176025390625,61.346621511072065,61.05428970048425,61.16391354864761,603500
2009-03-13,61.310089111328125,61.35272035803021,61.11520274833897,61.14565563017935,561400
2009-03-16,61.12131118774414,61.18830382918745,61.00559578044048,61.04822703895361,644000
2009-03-17,60.938602447509766,61.2674741436473,60.92033257213412,61.21875137833982,644200
2009-03-18,61.906951904296875,62.04702405608459,60.97515102459447,61.02386914678296,493700
2009-03-19,62.059165954589844,62.66209471614398,61.76074732564267,61.961720481856794,738500
2009-03-20,61.71202850341797,62.13834085752461,61.6693972680073,62.053078386703284,513100
2009-03-23,61.71202850341797,61.80946933587541,61.61458302450435,61.77902110855703,518100
2009-03-24,61.291778564453125,61.620649954952235,61.29177856445312,61.40749386290308,934100
2009-03-25,61.023868560791016,61.51108694966899,60.95687591615882,61.30402215459415,1241000
2009-03-26,61.14564895629883,61.188280198347826,60.932492746053825,61.13346594630945,1187900
2009-03-27,61.19438934326172,61.4440853625385,60.98731993186459,61.279651851937516,1303900
2009-03-30,61.480621337890625,61.56588384133502,61.15175433686678,61.15175433686678,616300
2009-03-31,61.79731369018555,61.79731369018554,61.346639800688216,61.5110732987285,638100
2009-04-01,61.767364501953125,61.895702189049835,61.486243187943245,61.8407023214025,579100
2009-04-02,61.571754455566406,61.79787572862282,61.44341686683148,61.79176308270706,960500
2009-04-03,61.37010955810547,61.66345609405853,61.1195469022113,61.66345609405853,3081500
2009-04-06,61.357887268066406,61.529004133347186,61.174545105217064,61.51678349836351,495100
2009-04-07,61.26011657714844,61.40067955359658,61.119558263286166,61.37012096575563,807100
2009-04-08,61.4617805480957,61.55345163185254,61.29677632740141,61.376222113278665,528400
2009-04-09,61.37010955810547,61.547339076950124,61.24177190568381,61.2845511231577,564100
2009-04-13,61.816219329833984,61.816219329833984,61.31508952043223,61.61454394416922,475800
2009-04-14,61.804046630859375,61.81015928299806,61.49847930014944,61.54125853994533,594200
2009-04-15,61.97519302368164,61.97519302368163,61.72462547430742,61.85296324499081,534500
2009-04-16,61.86518859863281,61.92018850214125,61.73684616526785,61.88352189980229,457700
2009-04-17,61.52290344238281,61.79180409013707,61.522903442382805,61.7551375154745,486900
2009-04-20,61.87736511230469,61.87736511230469,61.590131165275785,61.79180665947727,705600
2009-04-21,61.681800842285156,61.981255420257924,61.639021616860475,61.97514743275859,702100
2009-04-22,61.84682083129883,61.883492078555456,61.63292464974789,61.73681641470305,448500
2009-04-23,61.92624282836914,61.9445761122705,61.700121447554366,61.84679238135008,318700
2009-04-24,61.993473052978516,61.993473052978516,61.72457243351807,61.950693832844834,533400
2009-04-27,62.09124755859375,62.231810507305894,61.87735147367089,62.07902692342029,614400
2009-04-28,62.0728874206543,62.280675429389944,61.97510839381272,62.280675429389944,397800
2009-04-29,61.816219329833984,62.14623232567175,61.78566075773321,62.14623232567175,488000
2009-04-30,62.1157112121582,62.1157112121582,61.70013955892991,61.92626100612008,760700
2009-05-01,61.875946044921875,62.02309791982227,61.771716975161226,61.97404729485547,536100
2009-05-04,61.92499923706055,62.17638019214287,61.79011235167249,62.115064569529935,690600
2009-05-05,62.05376434326172,62.28062002402897,61.93114243230573,62.12120779760534,886600
2009-05-06,62.19478225708008,62.35418980194916,62.10281348720887,62.157991942496025,833700
2009-05-07,61.91891860961914,62.3358399329317,61.802429120065206,62.231610771535856,1418800
2009-05-08,62.03539276123047,62.18254004029642,61.82692982797001,61.97408178476363,706000
2009-05-11,62.07828903198242,62.274486894159644,62.01084557832219,62.01084557832219,431900
2009-05-12,62.42168426513672,62.44007709859624,62.0905992296761,62.10899674086539,786700
2009-05-13,62.476802825927734,62.62395001914505,62.2928653261124,62.507455957413676,430700
2009-05-14,62.513607025146484,62.58718298247414,62.348066968317156,62.568790162573805,453900
2009-05-15,62.65462112426758,62.65462112426758,62.44002576970218,62.44002576970218,616200
2009-05-18,62.4707145690918,62.6730450266302,62.41553608670582,62.654652199168204,420900
2009-05-19,62.52592086791992,62.56883904045654,62.41555918457862,62.446212349116216,586100
2009-05-20,62.715972900390625,62.84472739030181,62.4891170785115,62.50750990882324,543600
2009-05-21,62.519779205322266,62.807946040595624,62.38489220347266,62.72210970809666,393400
2009-05-22,62.35419845581055,62.51361070052969,62.292887493295986,62.47069255899684,433400
2009-05-26,62.21321487426758,62.47072385245868,62.13963887575772,62.45846352490484,469300
2009-05-27,61.869842529296875,62.268366149959405,61.77174124082636,62.20092268356765,636200
2009-05-28,61.89439010620117,61.96796610456967,61.56943763276593,61.82694661046228,634200
2009-05-29,62.55653381347656,62.630109780977136,61.802400026935324,61.802400026935324,1142100
2009-06-01,61.78046417236328,62.32779222240005,61.73741605691857,62.2539981341478,1111000
2009-06-02,62.20478439331055,62.25398356856269,61.841946340690434,62.149434148178976,618100
2009-06-03,62.37697982788086,62.40773048687174,62.11254011299146,62.11254011299146,797700
2009-06-04,61.86042022705078,62.290906149209576,61.82967424882813,62.290906149209576,591900
2009-06-05,61.54062271118164,61.848110584164836,61.54062271118163,61.80506246962289,479100
2009-06-08,61.37461471557617,61.682102755850806,61.374614715576165,61.52835873571349,648800
2009-06-09,61.651329040527344,61.725127831702366,61.48528762525029,61.583681321590255,442300
2009-06-10,61.4791145324707,61.82965045418393,61.4791145324707,61.50371412071798,772600
2009-06-11,61.69432830810547,61.90956874705532,61.226945717893166,61.43603978136565,481900
2009-06-12,61.995689392089844,62.05719070625528,61.70050372841848,61.70050372841848,358000
2009-06-15,62.22934341430664,62.22934341430665,61.97720132442675,62.173993205257275,491000
2009-06-16,62.31549072265625,62.37698735616823,62.08179694666138,62.19249276373989,430900
2009-06-17,62.43852233886719,62.586115288324706,62.32167537910339,62.42007380667191,454900
2009-06-18,62.03257369995117,62.33391034880075,62.02027156381597,62.32775928073315,550300
2009-06-19,62.2601318359375,62.26628290600358,61.90344953426428,61.90344953426428,584400
2009-06-22,62.35237503051758,62.50611892884549,62.266278822805255,62.456919755326616,516800
2009-06-23,62.55531692504883,62.604516097641756,62.29087723722601,62.38312451286492,524300
2009-06-24,62.38930130004883,62.72138883907878,62.38930130004883,62.5122992914823,525700
2009-06-25,62.67829132080078,62.80128921530454,62.3831057577716,62.46920193797927,575200
2009-06-26,62.86282730102539,62.86282730102539,62.67833268346308,62.782877443864976,471300
2009-06-29,62.807411193847656,62.95500860991861,62.74591461642882,62.74591461642882,398400
2009-06-30,62.81972885131836,62.91197608619099,62.678282465595096,62.71518417467771,805500
2009-07-01,62.79631805419922,62.85802597687661,62.66673989035309,62.70376558549023,450600
2009-07-02,62.9443473815918,63.0369044637893,62.783915419626034,62.783915419626034,533000
2009-07-06,62.895103454589844,62.99999948510976,62.84573895517185,62.87042120488085,436600
2009-07-07,63.098670959472656,63.123353186679886,62.91972834296041,62.93206710273728,518600
2009-07-08,63.44422912597656,63.44422912597656,63.08017677277952,63.08017677277952,790000
2009-07-09,63.265262603759766,63.36399150087701,63.12951272405001,63.2220698881842,600100
2009-07-10,63.481224060058594,63.555270730421846,63.326963694208054,63.382499873893686,504600
2009-07-13,63.45037841796875,63.62932101744472,63.41335272685622,63.49357113455584,397800
2009-07-14,63.25912094116211,63.413381385496216,63.19125067669785,63.30848541318626,529700
2009-07-15,62.845664978027344,63.17886789539098,62.84566497802734,63.06780025626976,849600
2009-07-16,63.043113708496094,63.16035307164709,62.94438954030465,62.94438954030465,410800
2009-07-17,63.043113708496094,63.10481690207223,62.925879052997,62.94438954030465,437300
2009-07-20,63.117122650146484,63.24052896355811,62.919669724098426,62.944351928310574,675400
2009-07-21,63.555259704589844,63.56143143629594,62.99374981063363,62.99374981063363,812700
2009-07-22,63.33926010131836,63.53054130641014,63.26521348596867,63.48734862436847,450600
2009-07-23,63.17884826660156,63.39481174567034,63.08629114481472,63.39481174567034,564500
2009-07-24,63.17884826660156,63.27757711854773,63.00607748334654,63.06160893182818,579900
2009-07-27,62.98762130737305,63.16656397506872,62.84569963725068,62.93825683883876,883400
2009-07-28,63.104820251464844,63.26525232939953,62.94439288118232,62.94439288118232,674500
2009-07-29,63.21589279174805,63.357814392399746,63.03695491929735,63.283767725844186,451400
2009-07-30,63.29609298706055,63.37013492466942,63.06778602824712,63.11097872773602,1108700
2009-07-31,63.616966247558594,63.758887838358056,63.4010027029961,63.52440909770261,1058900
2009-08-03,63.483238220214844,63.63180809934331,63.33466361813507,63.62561631018549,716600
2009-08-04,63.2913818359375,63.675192784618666,63.22947806304187,63.631859671296205,629900
2009-08-05,63.23558807373047,63.34701661001255,63.14273017300389,63.34701661001255,608200
2009-08-06,63.2666130065918,63.35947101805519,63.16137613097878,63.2666130065918,564300
2009-08-07,62.888938903808594,63.19846218942148,62.74656083727896,62.963226192617874,1076900
2009-08-10,63.37800598144531,63.408960208817994,62.93229627876181,63.16753234875744,920700
2009-08-11,63.6008186340332,63.60701041976002,63.415107568766615,63.53272315988418,741400
2009-08-12,63.569881439208984,63.650355777418476,63.34083255252869,63.62559335267334,672100
2009-08-13,63.73085021972656,63.86704123731189,63.52656841629965,63.61323456877194,523700
2009-08-14,63.842315673828125,64.03422345623055,63.77422012571013,63.86707812068501,453600
2009-08-17,64.10848999023438,64.12706063997956,63.78658770776168,63.966111860219534,631300
2009-08-18,63.89799499511719,64.10228152001294,63.897994995117195,64.0218024340504,442400
2009-08-19,64.0280532836914,64.13329017615243,63.89186214146869,63.96614950712346,486900
2009-08-20,64.13325500488281,64.1394467960306,62.04087827745065,64.08373012160621,596600
2009-08-21,63.76181411743164,64.17038723219127,63.76181411743164,64.15181186274164,504900
2009-08-24,64.02180480957031,64.1084709646295,63.73085212203536,63.82371006615627,434400
2009-08-25,64.12705993652344,64.19515546681055,63.89801562824185,63.89801562824185,477400
2009-08-26,64.21988677978516,64.28179048923617,64.13941242979386,64.1827454987046,692400
2009-08-27,64.17037200927734,64.2137050818098,64.02179742663687,64.07132228751702,487300
2009-08-28,64.12705993652344,64.30039701913319,64.02801489798473,64.06515619706767,503600
2009-08-31,64.3932113647461,64.3932113647461,64.19511668439173,64.22607089689542,809600
2009-09-01,64.28276824951172,64.46907426645404,64.1896128720009,64.31381688329577,816200
2009-09-02,64.62432098388672,64.69884622121144,64.28275764015841,64.37591300229468,843200
2009-09-03,64.50627136230469,64.60563351913814,64.37585586629399,64.48142963857775,750900
2009-09-04,64.38203430175781,64.56213316566053,64.33235087625246,64.49381964010873,542300
2009-09-08,64.2889175415039,64.45659801842612,64.2889175415039,64.30755239077588,473500
2009-09-09,64.41312408447266,64.45659592187646,64.22060662426657,64.26407846167035,605800
2009-09-10,64.74227142333984,64.79816175748681,64.41312682071847,64.50628211570522,567200
2009-09-11,64.7360610961914,64.8788998497593,64.67395914432174,64.77953293630769,447500
2009-09-14,64.64292907714844,64.82302811907643,64.5870387217623,64.5870387217623,375400
2009-09-15,64.54350280761719,64.68634147085604,64.52487270764522,64.56213290758916,471600
2009-09-16,64.59320068359375,64.67393271422428,64.518675528961,64.6553026100844,594600
2009-09-17,64.89750671386719,64.89750671386719,64.58078071329204,64.6304641522202,468400
2009-09-18,64.7360610961914,64.82921639303349,64.6615406491779,64.74227271280094,470300
2009-09-21,64.6863784790039,64.82921248588823,64.64290190343267,64.71121546779472,433600
2009-09-22,64.64292907714844,64.78576788215233,64.60566884022434,64.60566884022434,567000
2009-09-23,64.80432891845703,64.82917062928385,64.58696987131218,64.67391349017012,616700
2009-09-24,64.88509368896484,64.95340250065338,64.7919384176457,64.8291986309438,459200
2009-09-25,65.07762145996094,65.07762145996094,64.87889239397056,64.93478272280785,512100
2009-09-28,65.0714340209961,65.10248737393763,64.95343696551,65.040385406131,610400
2009-09-29,65.04035186767578,65.11487229538625,64.916143258035,65.00308691574655,937700
2009-09-30,65.1584243774414,65.1584243774414,64.98453684784754,64.99074847049869,818800
2009-10-01,65.30915069580078,65.32160980455137,65.04746662990239,65.19699970276281,784700
2009-10-02,65.18455505371094,67.2593417548014,65.12847716796702,65.42754813360057,683700
2009-10-05,65.22814178466797,65.39013393444006,65.20321881849462,65.30913785955401,666900
2009-10-06,65.13470458984375,65.30916066039377,65.13470458984375,65.29046961763075,509000
2009-10-07,65.3963851928711,65.45869024993439,65.28423418872869,65.33408013580778,531500
2009-10-08,65.35276794433594,65.49607384670571,65.22192590490486,65.483609983767,512000
2009-10-09,64.89791870117188,65.24059877943242,64.8916867714378,65.22190774379979,567500
2009-10-12,65.04745483398438,65.08483690702782,64.9228400012232,65.06614587050609,417000
2009-10-13,65.20945739746094,65.22191650503312,65.08484255388798,65.14714759888935,380200
2009-10-14,65.05367279052734,65.13466884924685,64.97890390693095,64.97890390693095,491400
2009-10-15,64.95401763916016,64.99763165750403,64.81694365191616,64.94155852830683,727700
2009-10-16,64.94774627685547,65.00382412557902,64.84805918983493,64.91036421341884,458700
2009-10-19,65.07859802246094,65.07859802246094,64.8169140319817,64.99137002563452,455500
2009-10-20,65.23433685302734,65.23433685302734,65.11595876393125,65.14710889113867,473300
2009-10-21,65.19078063964844,65.19078063964844,64.97271054168813,65.12847557645573,460500
2009-10-22,65.09103393554688,65.13464791523522,64.9851149496705,65.04741995585853,518700
2009-10-23,65.01004791259766,65.0785848610389,64.94774289226062,65.00382073806179,677300
2009-10-26,64.8356704711914,65.09112754357446,64.81697941781198,64.97274453407265,470500
2009-10-27,65.09103393554688,65.12841598854624,64.86050018372718,64.92903711660419,420100
2009-10-28,65.18455505371094,65.20947803031139,65.00386703853655,65.09732701239527,651700
2009-10-29,65.05367279052734,65.15335988175376,64.97890390693095,65.12843692055495,590400
2009-10-30,65.30294799804688,65.3216390463253,65.08487784551063,65.10980082773946,515200
2009-11-02,65.19918060302734,65.37417764130772,65.1491800868582,65.34293089493575,1036700
2009-11-03,65.11168670654297,65.31793527414978,65.10543544950009,65.24918575161418,684600
2009-11-04,65.00537109375,65.25536866219315,65.00537109375,65.14911647699758,490700
2009-11-05,65.17414093017578,65.20539242595974,64.81164455964051,64.99914399772669,899100
2009-11-06,65.23040771484375,65.28665469825815,65.1116577254446,65.14915571438753,435500
2009-11-09,65.31791687011719,65.35541486518495,65.21791585885559,65.28041410673875,509400
2009-11-10,65.33665466308594,65.42415314877941,65.25540743160197,65.3741526517232,464500
2009-11-11,65.3616714477539,65.50541695277006,65.2866706831948,65.31167093804784,509800
2009-11-12,65.492919921875,65.492919921875,65.21167062795242,65.32416939185923,507000
2009-11-13,65.5617446899414,65.5617446899414,65.36174718767494,65.48049257543789,408000
2009-11-16,65.71792602539062,65.80542454559037,65.51167746992904,65.51167746992904,479900
2009-11-17,65.77416229248047,65.77416229248047,65.6241655349562,65.66166353225952,681400
2009-11-18,65.63666534423828,65.84916512837232,65.5616693472707,65.74291762046084,528100
2009-11-19,65.70542907714844,65.77417860145856,65.61793054953775,65.73668059485745,393600
2009-11-20,65.73038482666016,65.74913381726437,65.64288635830128,65.72413834199803,422500
2009-11-23,65.71792602539062,65.73042377042842,65.57417573174148,65.65542776357819,470600
2009-11-24,65.91167449951172,65.91167449951172,65.64292767232149,65.78667797127474,508000
2009-11-25,65.97418975830078,65.97418975830078,65.80544392488144,65.88044472213068,418200
2009-11-27,66.0304183959961,66.0304183959961,65.81167210777654,65.81791859578891,182500
2009-11-30,66.14288330078125,66.14288330078125,65.83663388577291,66.01788207986692,632700
2009-12-01,65.98178100585938,66.10719589549691,65.9504248913143,66.06330020569663,788800
2009-12-02,65.85633087158203,66.03191833384045,65.80616780949164,65.96293874116337,480300
2009-12-03,65.86256408691406,65.86256408691406,65.6995210748295,65.81239627023169,744800
2009-12-04,65.73092651367188,65.7810943680253,65.51144813121309,65.6368629828267,1243100
2009-12-07,65.79359436035156,65.84376218452577,65.68699132218165,65.75597088435443,558200
2009-12-08,65.88143920898438,66.01939844546325,65.86262745569562,65.93787925312161,708300
2009-12-09,65.81245422363281,65.96922520061553,65.7811028987986,65.90651776667654,455200
2009-12-10,65.76226043701172,65.81242349017515,65.66192476214825,65.76226043701172,533100
2009-12-11,65.60547637939453,65.69326768516383,65.56784811673101,65.68072333618689,517200
2009-12-14,65.64312744140625,65.73719096119005,65.61804351717927,65.73091878406598,423300
2009-12-15,65.46123504638672,65.56783807502786,65.44242331006964,65.49885851902086,475200
2009-12-16,65.58041381835938,65.66820515271309,65.53024597465185,65.53651815118252,519000
2009-12-17,65.68704223632812,65.749749673017,65.60552304705965,65.71839834680794,481700
2009-12-18,65.68704223632812,65.84381322018571,65.68077005737801,65.73093792043743,525900
2009-12-21,65.4111099243164,65.65567222461155,65.39857035334192,65.63686047601496,628500
2009-12-22,65.22293853759766,65.32326938264804,65.14141464271147,65.29818547531892,609400
2009-12-23,65.24799346923828,65.34205209961978,65.21663740293512,65.26680519531459,589100
2009-12-24,65.13518524169922,65.2104322233054,65.04739390697938,65.14145263398711,388700
2009-12-28,64.7401123046875,65.15398979491032,64.71502838549809,65.07246586147761,3458400
2009-12-29,64.81682586669922,64.90487473410897,64.77909200875314,64.84827394718987,833800
2009-12-30,64.98036193847656,64.98036193847656,64.82942167426567,64.9677855824192,532000
2009-12-31,64.8986587524414,64.9678407652805,64.64079765034873,64.80431920781461,651800
2010-01-04,64.97406005859375,65.03695622285284,64.8734348327258,64.94890255255085,987900
2010-01-05,65.26972198486328,65.29487951681857,65.10620042630822,65.16909665535073,500500
2010-01-06,65.23189544677734,65.2947867881959,65.03693084888928,65.2947867881959,714300
2010-01-07,65.15643310546875,65.225615031294,65.07467482872187,65.19417175483866,705700
2010-01-08,65.19418334960938,65.326256650137,65.11871083574928,65.326256650137,412300
2010-01-11,65.1439208984375,65.23196983649375,65.09989642940938,65.18794536746562,684400
2010-01-12,65.55892944335938,65.55892944335938,65.29478294596392,65.32623101397354,1818500
2010-01-13,65.2822494506836,65.51494803281875,65.27595887329207,65.46463301029587,530900
2010-01-14,65.4520263671875,65.52120829156772,65.32624366738841,65.38913501728796,498600
2010-01-15,65.57783508300781,65.65959818878643,65.5212342851343,65.59670681393665,575300
2010-01-19,65.47096252441406,65.5715926293063,65.40807110801018,65.53385394081796,754800
2010-01-20,65.64071655273438,65.65958348113271,65.53379596130503,65.57782039366892,614200
2010-01-21,65.65963745117188,65.81686838146764,65.57787429650148,65.64077050726554,540200
2010-01-22,65.69733428955078,65.81054068745426,65.62815233537063,65.64701926863712,426600
2010-01-25,65.69107055664062,65.71622807737793,65.5715783310215,65.71622807737793,514200
2010-01-26,65.77281951904297,65.85457784508358,65.70363755150652,65.81684397126567,1288200
2010-01-27,65.7225341796875,65.85460759602202,65.678509707576,65.70366723425508,618300
2010-01-28,65.66590881347656,65.76024350539934,65.62187955950488,65.65961823457978,640300
2010-01-29,65.81682586669922,65.8608503068119,65.60928002118055,65.62185637622528,748600
2010-02-01,65.72665405273438,65.86545174981612,65.69510737127115,65.8402153673151,501300
2010-02-02,65.80233764648438,65.82126372267342,65.73293882489392,65.73924430805964,619000
2010-02-03,65.68244171142578,65.77076657643693,65.54364411973853,65.7013677805933,2040600
2010-02-04,65.84015655517578,65.94109718166624,65.75183170199283,65.78968383525881,595300
2010-02-05,65.86542510986328,66.07992705434278,65.78971599298154,65.88435118574725,777600
2010-02-08,65.99154663085938,65.99154663085938,65.82120727788606,65.9347684509822,658400
2010-02-09,65.8717269897461,66.01683009521375,65.83387002946934,65.8717269897461,707100
2010-02-10,65.72032165527344,65.90959205371495,65.63830704973341,65.8780453828593,458300
2010-02-11,65.613037109375,65.67612560546527,65.49947589107504,65.63827347047986,547400
2010-02-12,65.62565612792969,65.77707430204525,65.62565612792969,65.76445371419697,506100
2010-02-16,65.78972625732422,65.8212729309499,65.59415035821546,65.632002515889,592800
2010-02-17,65.58785247802734,65.77712292892126,65.5563106117767,65.76450233174299,509200
2010-02-18,65.56255340576172,65.67611460504075,65.45530249903788,65.6067158269623,400100
2010-02-19,65.613037109375,65.613037109375,65.41746132749205,65.45531346247746,501500
2010-02-22,65.49951934814453,65.61939093958804,65.47428297029606,65.53737150824378,1120700
2010-02-23,65.73294830322266,65.77080046105883,65.56260396626666,65.56260396626666,539400
2010-02-24,65.80233764648438,65.87173646807483,65.72031823187059,65.80864312965011,542100
2010-02-25,65.93482971191406,65.93482971191406,65.75817990371276,65.90328304044401,658800
2010-02-26,65.94737243652344,66.02308147617396,65.92844637994604,65.92844637994604,658600
2010-03-01,66.04422760009766,66.12017133966788,65.97461371255721,66.03789774806786,618000
2010-03-02,66.06961059570312,66.1012502320904,65.99999663607673,65.99999663607673,661200
2010-03-03,66.06961059570312,66.1012502320904,65.99999663607673,66.00632649466115,492600
2010-03-04,66.1898193359375,66.21513393068587,66.03160673995914,66.03160673995914,782700
2010-03-05,66.06329345703125,66.13290743006121,65.9746947328601,66.13290743006121,1057500
2010-03-08,66.10755920410156,66.11388906068608,66.0063056400788,66.06325986454175,1827100
2010-03-09,66.18350982666016,66.22147931355288,66.1202257390835,66.2088244273441,1140200
2010-03-10,66.13917541503906,66.13917541503906,66.05690179937173,66.05690179937173,512000
2010-03-11,66.13917541503906,66.1961296151806,66.08221638663369,66.1138608277771,540000
2010-03-12,66.14547729492188,66.2150911784669,66.0695383879725,66.12649256818453,854200
2010-03-15,66.227783203125,66.23411305788068,66.13285469484792,66.20879846712249,832600
2010-03-16,66.34803771972656,66.37968217298881,66.18982510994667,66.22146956320891,507700
2010-03-17,66.39866638183594,66.43031083484475,66.32272741983985,66.32272741983985,662100
2010-03-18,66.34170532226562,66.39865953789223,66.31639072812098,66.39233451055492,618200
2010-03-19,66.29106903076172,66.35435309520976,66.2594245844054,66.29106903076172,388600
2010-03-22,66.34170532226562,66.39233451055492,66.29107613397633,66.36701991641027,526700
2010-03-23,66.3543472290039,66.41130626175678,66.31637775934477,66.31637775934477,725700
2010-03-24,66.01892852783203,66.24042511827918,65.9556444774562,66.24042511827918,602700
2010-03-25,65.84806060791016,65.96829885423018,65.72781753332663,65.96197382902521,1416700
2010-03-26,65.95562744140625,65.97461216878897,65.79108509031884,65.79741494220052,1251100
2010-03-29,65.87971496582031,65.97464347604307,65.84174549303704,65.97464347604307,480000
2010-03-30,65.90501403808594,65.94298350192834,65.8290702821377,65.89235915955963,460500
2010-03-31,65.94298553466797,66.03158417187365,65.91134592324515,65.92400080216156,808300
2010-04-01,65.91822052001953,65.97535555057051,65.84204693686229,65.90552653722101,1386100
2010-04-05,65.51195526123047,65.75952913063058,65.46751904988132,65.75952913063058,849300
2010-04-06,65.59447479248047,65.6833472039053,65.5627325698931,65.5627325698931,934800
2010-04-07,65.87378692626953,65.87378692626953,65.63891191131502,65.63891191131502,746600
2010-04-08,65.8103256225586,65.98172592548113,65.79128222071932,65.96268252364187,406700
2010-04-09,65.8801498413086,65.90554265629923,65.76588459544287,65.83571362587105,414200
2010-04-12,66.03250885009766,66.04520768052397,65.89285561770141,65.96268465549191,476500
2010-04-13,66.14041137695312,66.15945477417944,66.05153896110808,66.0959751690306,680900
2010-04-14,66.064208984375,66.17847416947401,66.00072940224925,66.11499458734826,513500
2010-04-15,66.18482208251953,66.19116665036134,65.94994230647103,66.0451640990951,837700
2010-04-16,66.28646850585938,66.33725416902361,66.15950919113621,66.21029485430044,479300
2010-04-19,66.16577911376953,66.33717446703854,66.153080291642,66.2800442970094,769500
2010-04-20,66.27368927001953,66.27368927001953,66.14672527541086,66.16577350698805,652200
2010-04-21,66.38800048828125,66.38800048828125,66.22294960240627,66.27373523547311,747600
2010-04-22,66.25466918945312,66.4324140012532,66.20388357374371,66.36893440320787,221600
2010-04-23,66.17217254638672,66.20391478196397,66.10234350266491,66.14677972656196,481000
2010-04-26,66.16577911376953,66.2609960638181,66.14673088057823,66.21021530485272,587100
2010-04-27,66.37532806396484,66.47689937050579,66.24201935651969,66.25471819143054,950900
2010-04-28,66.27368927001953,66.3752556225253,66.21020969430579,66.28003868054526,929600
2010-04-29,66.29914093017578,66.35627114608474,66.22931188194117,66.28644209785014,662300
2010-04-30,66.5848159790039,66.62290279777977,66.33089255306292,66.33089255306292,920200
2010-05-03,66.45867919921875,66.52871651927465,66.37591002898482,66.4714159070275,638600
2010-05-04,66.72612762451172,66.73885948060385,66.57331620560804,66.6879223409693,690200
2010-05-05,66.67523193359375,66.85350717550666,66.67523193359375,66.78346977937859,662400
2010-05-06,66.77073669433594,67.22915665474204,66.67523071430453,66.79620527952005,1366600
2010-05-07,66.47781372070312,67.17181401727468,66.4714453639766,66.9171331821755,1415400
2010-05-10,66.47144317626953,66.61151787384559,66.43323789480068,66.48417503167066,1173600
2010-05-11,66.71979522705078,66.72616358734565,66.50331469574573,66.72616358734565,417500
2010-05-12,66.64971160888672,66.71974895064598,66.57967426712746,66.6433432530089,426600
2010-05-13,66.7452392578125,66.80253990648097,66.63700146079394,66.77707133230592,352700
2010-05-14,66.9871597290039,67.0826656339662,66.84072155134288,66.96169116383848,585600
2010-05-17,66.9362564086914,67.16546875332499,66.8853241102664,66.9362564086914,312900
2010-05-18,67.16546630859375,67.1973032443808,66.95535904835606,67.03175992202999,572400
2010-05-19,67.19731140136719,67.25461206357828,67.06996850039536,67.18457468245252,577300
2010-05-20,67.14002990722656,67.3819790768358,67.04452876936683,67.33741025995569,876900
2010-05-21,67.42655181884766,67.47112063832228,67.2100712259445,67.33741417989842,1048200
2010-05-24,67.3883285522461,67.49020288827089,67.37559668906086,67.42653385707325,1322700
2010-05-25,67.47107696533203,67.66208398617148,67.44560839102667,67.55384618859908,1154700
2010-05-26,67.39464569091797,67.45195117578714,67.29913978789071,67.43285096670809,886400
2010-05-27,67.23553466796875,67.28010348403038,67.08909635418196,67.28010348403038,1072500
2010-05-28,67.30549621582031,67.36916518734462,67.21635868416003,67.2227270386018,658900
2010-06-01,67.41666412353516,67.44859893808113,67.24422879366517,67.26977567078825,1717500
2010-06-02,67.34634399414062,67.46130238979964,67.3399609356778,67.43575553825723,1241600
2010-06-03,67.31449127197266,67.3847439761304,67.205920682845,67.2633975102999,1231300
2010-06-04,67.48693084716797,67.58273043815286,67.38474819000179,67.48693084716797,1365400
2010-06-07,67.68487548828125,67.69125855045647,67.4230237621009,67.4230237621009,417100
2010-06-08,67.60828399658203,67.7232425426016,67.60828399658203,67.67214877268843,636400
2010-06-09,67.64657592773438,67.6721228028871,67.48691161245598,67.5699401748444,539000
2010-06-10,67.44226837158203,67.58916182185497,67.41033840244286,67.54445596700194,649200
2010-06-11,67.48056030273438,67.62744881327431,67.42307858844924,67.4677844228619,442000
2010-06-14,67.57633972167969,67.57633972167969,67.35281060028282,67.46776913022542,600200
2010-06-15,67.57633972167969,67.66575137023844,67.47415706871372,67.60827454155184,882800
2010-06-16,67.67852020263672,67.69129120571462,67.51885586503404,67.51885586503404,654100
2010-06-17,67.83816528320312,67.92118896106402,67.66572511890377,67.66572511890377,776100
2010-06-18,67.72960662841797,67.91481295212803,67.71683075415415,67.91481295212803,634000
2010-06-21,67.87646484375,67.87646484375,67.58268320991498,67.6784827339531,696100
2010-06-22,67.94677734375,67.99148317799794,67.78072501401317,67.87652462242175,560100
2010-06-23,68.11914825439453,68.17023710396595,67.92116129925526,67.92116129925526,334200
2010-06-24,68.06172943115234,68.25971169649668,68.01063566184735,68.2086227997617,812300
2010-06-25,68.157470703125,68.20217649486635,67.99780646511077,67.99780646511077,513800
2010-06-28,68.28524017333984,68.33633392887138,68.21498747762617,68.31717498868923,529600
2010-06-29,68.48960876464844,68.502384639525,68.32356137180186,68.44490294771765,469000
2010-06-30,68.49598693847656,68.55985168605014,68.36186950680168,68.54069274903486,1050800
2010-07-01,68.4601058959961,68.61383720119696,68.40246032170182,68.54337824136525,744800
2010-07-02,68.36399841308594,68.46648101575238,68.3319698508869,68.3383765407012,586100
2010-07-06,68.5754165649414,68.60103845460907,68.37685302861172,68.440905309343,553200
2010-07-07,68.48575592041016,68.63308059337675,68.47294741648454,68.6202672025744,1011200
2010-07-08,68.47294616699219,68.52418995551301,68.32562149671396,68.42170237847135,622100
2010-07-09,68.37040710449219,68.47930129481674,68.32557004501959,68.32557004501959,490600
2010-07-12,68.44731140136719,68.53698557097728,68.40888101064164,68.47293329080945,323500
2010-07-13,68.27442169189453,68.45377506726034,68.26801987936274,68.44736836784875,402300
2010-07-14,68.50495147705078,68.52417155774326,68.36403842676664,68.37044023345545,786900
2010-07-15,68.60105895996094,68.69073315716413,68.5177914588086,68.5754370626347,1254100
2010-07-16,68.8123779296875,68.85080829983629,68.66505336599532,68.7227038080916,386100
2010-07-19,68.74835968017578,68.83803384611595,68.7035225972057,68.78038337551125,425600
2010-07-20,68.69710540771484,68.85723852055334,68.69069871487636,68.79318625279289,616900
2010-07-21,68.9981460571289,69.01736124587757,68.70350176027674,68.70350176027674,518400
2010-07-22,68.93411254882812,68.94051435556958,68.85084019243544,68.94051435556958,920000
2010-07-23,68.8123779296875,68.94688911208135,68.7227038080916,68.94688911208135,708800
2010-07-26,68.79959869384766,68.83802908033984,68.69070445399451,68.83802908033984,836300
2010-07-27,68.77397918701172,68.85083996265567,68.74195060590982,68.78678768732726,516900
2010-07-28,68.90209197998047,68.9277138705519,68.76758071963748,68.77398741399931,495000
2010-07-29,68.9661636352539,68.9661636352539,68.79322193391322,68.8188438316817,444800
2010-07-30,69.08141326904297,69.15187221879776,68.9981458224573,69.1390637219669,937100
2010-08-02,68.9876480102539,69.08398658004768,68.9298399681452,69.03902694739976,1532400
2010-08-03,69.0325927734375,69.12893132248016,68.99405245358905,69.08397169951645,1150000
2010-08-04,68.91061401367188,69.09687686186824,68.82069469388541,69.03264947634011,981700
2010-08-05,68.99404907226562,69.0390086930259,68.90412983074506,69.00047327529742,972200
2010-08-06,69.12894439697266,69.199595946454,69.0326058297093,69.15463631498699,809200
2010-08-09,69.12894439697266,69.16106051954864,69.06471705205297,69.14821701065763,506900
2010-08-10,69.24459838867188,69.31524998183384,69.08402747698291,69.12898713624641,571900
2010-08-11,69.3088607788086,69.34097203495315,69.23178494363421,69.3088607788086,682300
2010-08-12,69.1996078491211,69.35375938372191,69.15464820992081,69.32164325562178,671600
2010-08-13,69.36016845703125,69.36659266175019,69.15463800811683,69.21886535460901,580300
2010-08-16,69.59139251708984,69.60424092684022,69.50147324976743,69.57854900757202,773200
2010-08-17,69.50794982910156,69.53364176772871,69.43729822293595,69.52079334829702,513500
2010-08-18,69.43082427978516,69.5849709008963,69.39871305467973,69.5849709008963,558300
2010-08-19,69.6556167602539,69.68773288296572,69.4179750930229,69.43724280655705,469500
2010-08-20,69.55928802490234,69.64278309542995,69.48863646513551,69.62993958466917,665300
2010-08-23,69.62995147705078,69.62995147705078,69.49506763974364,69.56571921157735,479900
2010-08-24,69.90608978271484,69.91893818875806,69.61064014672549,69.73267550298043,834000
2010-08-25,69.74557495117188,70.06671675660186,69.71988791894434,69.98322165127469,486000
2010-08-26,69.83548736572266,69.97036631318632,69.72629544614654,69.77125509530109,1177900
2010-08-27,69.45008850097656,69.89968973192843,69.44366919641807,69.75196242313065,475500
2010-08-30,69.9189682006836,69.9189682006836,69.57855879788835,69.67490228364233,429900
2010-08-31,69.9703598022461,70.00247103423459,69.84190017359073,69.91255174429273,737700
2010-09-01,69.8208999633789,69.9110658433658,69.60192217364504,69.8273368736123,976100
2010-09-02,69.73075866699219,69.73720049362252,69.62127218264662,69.71787992740553,1217500
2010-09-03,69.56974792480469,69.60839397120589,69.41517848022205,69.4924656593504,856000
2010-09-07,69.7693862915039,69.83378979978038,69.61481197523314,69.64701618620772,512400
2010-09-08,69.7178955078125,69.77585721941661,69.64705014006853,69.68569128113792,819800
2010-09-09,69.38297271728516,69.60838749333949,69.363647239046,69.5568627120489,769800
2010-09-10,69.23484802246094,69.37653873018313,69.2219692825199,69.31213520312963,770900
2010-09-13,69.3894271850586,69.44739380709433,69.21553714630106,69.24773645749885,1044100
2010-09-14,69.6406021118164,69.64704393931282,69.40874545869222,69.44094968249962,792300
2010-09-15,69.51180267333984,69.66637215449614,69.47959844599781,69.55688564341357,813500
2010-09-16,69.39588165283203,69.48604760248875,69.2735114724369,69.42164405468763,691600
2010-09-17,69.48601531982422,69.55686066359398,69.38940758616786,69.38940758616786,719400
2010-09-20,69.51180267333984,69.55688564341357,69.4087530767855,69.46027787506267,717000
2010-09-21,69.80805206298828,69.85313502606789,69.55043302524433,69.56331667965247,497200
2010-09-22,69.82733917236328,69.9561510863508,69.78869805500308,69.8595433792782,652900
2010-09-23,69.9046859741211,69.98197318846687,69.81452001422251,69.98197318846687,837200
2010-09-24,69.64704132080078,69.81449443368912,69.64059949354656,69.78873203834672,1116600
2010-09-27,69.88532257080078,69.93040552312168,69.75007371383809,69.80803540381928,956800
2010-09-28,70.05279541015625,70.11720386217024,69.8724635373371,69.8724635373371,980300
2010-09-29,70.00122833251953,70.07207365103065,69.9432617475233,70.0205488896277,833500
2010-09-30,69.97550201416016,70.00770132137735,69.74364538202974,69.96906018724702,2628600
2010-10-01,69.894775390625,69.96579393673291,69.81729926968373,69.894775390625,1366700
2010-10-04,70.01100158691406,70.05619476872046,69.89478984431366,69.9141576471325,772100
2010-10-05,70.01100158691406,70.1207557533457,69.972261055589,70.1207557533457,758500
2010-10-06,70.08207702636719,70.22410933754128,70.07561944495747,70.15954830051827,1041900
2010-10-07,70.11432647705078,70.19826022406,70.08850108763944,70.17243483464864,962900
2010-10-08,70.25634765625,70.32736622953554,70.21761204379906,70.31445600061464,604500
2010-10-11,70.21763610839844,70.27573954698771,70.19181071601766,70.25637173412461,434600
2010-10-12,70.14657592773438,70.30798084016557,70.11429297497332,70.2563300860227,573300
2010-10-13,70.1401138305664,70.19176458137969,70.01744452880655,70.17884943083301,984200
2010-10-14,69.88189697265625,70.15951372817692,69.85607158543468,70.12723568841669,1091800
2010-10-15,69.73983764648438,69.87542211773894,69.70755961698022,69.86250696538735,882600
2010-10-18,69.98519897460938,70.03039217111744,69.83670422854627,69.88835500332378,755700
2010-10-19,70.04325866699219,70.12719235501974,69.88831136509765,69.92059431059839,607200
2010-10-20,70.12725830078125,70.19181932680824,69.9916786684174,70.04332453382467,849500
2010-10-21,70.0174789428711,70.15306346181833,70.0174789428711,70.10141268561834,507100
2010-10-22,70.04969024658203,70.09488339810085,69.9915868770653,70.01740731306113,551400
2010-10-25,70.05622100830078,70.24345138182235,70.04330585112592,70.24345138182235,723500
2010-10-26,69.894775390625,69.99161931038,69.85603486731118,69.9722465858799,433200
2010-10-27,69.75921630859375,69.9528992791551,69.73984357841857,69.82377729878087,587900
2010-10-28,69.93354034423828,69.95290815118203,69.82378615443143,69.82378615443143,505300
2010-10-29,70.08207702636719,70.08207702636719,69.95940760803948,70.01751106365278,963600
2010-11-01,70.05355834960938,70.22184385076696,69.9823587382563,70.15064423941388,737100
2010-11-02,70.17652130126953,70.20888655017262,70.11826977913636,70.20888655017262,1052600
2010-11-03,70.16357421875,70.43542451657032,70.09237462576229,70.29949936766016,462600
2010-11-04,70.50018310546875,70.54549150966812,70.33836667072158,70.39014911501964,626100
2010-11-05,70.30596923828125,70.39011196216967,70.24123874795146,70.30596923828125,1150200
2010-11-08,70.27360534667969,70.3901133179771,70.25418817450398,70.29949655566169,370500
2010-11-09,69.93058776855469,70.2930549852297,69.90469654761426,70.26069466273826,686800
2010-11-10,69.872314453125,69.9952964884016,69.65872057375545,69.92409688253034,910100
2010-11-11,69.86585998535156,69.90469434641663,69.7817122853835,69.87232908669887,425100
2010-11-12,69.5875244140625,69.8658488130943,69.5875244140625,69.77523202626948,759500
2010-11-15,69.20561981201172,69.51630939672296,69.1862026388879,69.4515838402291,2020300
2010-11-16,69.37393951416016,69.3933566954861,69.05030665673979,69.26390552781615,1459500
2010-11-17,69.39331817626953,69.56160855142134,69.35448383517402,69.47099179670332,822500
2010-11-18,69.37393951416016,69.38688265562895,69.21212308544997,69.30921393032519,916100
2010-11-19,69.45162963867188,69.4969380519196,69.38042999810449,69.39984718403257,658200
2010-11-22,69.61986541748047,69.65223066304442,69.542196729316,69.542196729316,512200
2010-11-23,69.69109344482422,69.8334926822231,69.69109344482422,69.80112742345239,412300
2010-11-24,69.35448455810547,69.59396958168111,69.34801052177448,69.58102644726195,740700
2010-11-26,69.49691009521484,69.52927041266175,69.39981926638478,69.40629330517204,134200
2010-11-29,69.542236328125,69.63932224361334,69.48397984058604,69.63932224361334,658900
2010-11-30,69.49691009521484,69.73639520965168,69.47101887831052,69.73639520965168,767900
2010-12-01,69.13448333740234,69.32966523192256,69.12797578510927,69.32966523192256,950600
2010-12-02,68.99788665771484,69.19306864314065,68.9913791023909,69.17355094097911,1124900
2010-12-03,69.13448333740234,69.29062984578012,69.04339746053131,69.25159445963767,660000
2010-12-06,69.38822937011719,69.38822937011719,69.22557529515855,69.25810313186521,2606200
2010-12-07,68.8482437133789,69.18005954659381,68.75715779270193,69.13451658625532,1214600
2010-12-08,68.51641845703125,68.67256998283929,68.26918598688309,68.67256998283929,1856200
2010-12-09,68.64008331298828,68.72466172346287,68.49043924111919,68.62707315899722,805800
2010-12-10,68.50996398925781,68.63357782925618,68.45140588499484,68.63357782925618,1217500
2010-12-13,68.55548095703125,68.62704918851698,68.2952332937933,68.36029396864996,1813000
2010-12-14,68.17161560058594,68.49692394375637,68.05450439849213,68.41885311823476,941200
2010-12-15,68.05451202392578,68.3082521629251,67.8983653915751,68.22367377119598,1357500
2010-12-16,68.1845932006836,68.21061348566754,67.85928503648913,67.98940631664345,1647800
2010-12-17,68.55548095703125,68.58150621973618,68.20414735623172,68.20414735623172,1579300
2010-12-20,68.60099029541016,68.75062927784153,68.48387915255528,68.58147259890248,930100
2010-12-21,68.73110961914062,68.7376171723937,68.56194798122208,68.63351617557959,1520300
2010-12-22,68.65306854248047,68.77668729767458,68.57499771925156,68.77668729767458,669500
2010-12-23,68.52293395996094,68.60100973192145,68.4773910006032,68.58149202988389,1285800
2010-12-27,68.71810913085938,68.7571445282445,68.41882616868477,68.5489474691748,686600
2010-12-28,68.31605529785156,68.72075259603743,68.31605529785156,68.6424266570501,709000
2010-12-29,68.79908752441406,68.84477931816333,68.32911194297465,68.34869342886262,487100
2010-12-30,68.74685668945312,68.7925484764103,68.60325250757877,68.72074638547313,780500
2010-12-31,69.02752685546875,69.02752685546875,68.7794864713996,68.78601031148493,551600
2011-01-03,68.94920349121094,68.98184261532792,68.73380220414472,68.79907547234755,739700
2011-01-04,68.96876525878906,69.04056234208275,68.86432408303577,68.98181791574355,625500
2011-01-05,68.63587951660156,68.77295485327585,68.49880417992728,68.7207342545341,864200
2011-01-06,68.64895629882812,68.74033988872226,68.60979332602554,68.74033988872226,2032600
2011-01-07,68.870849609375,68.93612285108595,68.65544342970267,68.74029814592399,968500
2011-01-10,69.05364227294922,69.05364227294922,68.89698543877218,68.92309076110921,566000
2011-01-11,68.91654205322266,69.06667001262893,68.82515851792427,69.06667001262893,620800
2011-01-12,68.9100112915039,68.92959276565428,68.7402968821523,68.85779070708355,562400
2011-01-13,69.15807342529297,69.15807342529297,68.81212065936853,68.81864947948898,943500
2011-01-14,69.01448822021484,69.19072655891516,69.01448822021484,69.18419773747245,751900
2011-01-18,68.96876525878906,69.02098086663635,68.83821378909745,68.98834673423546,445200
2011-01-19,68.9818115234375,69.03403210647505,68.88389917524933,68.90348064888119,912100
2011-01-20,68.72075653076172,68.91658134950582,68.66853591509236,68.87088955580313,846300
2011-01-21,68.93616485595703,68.93616485595703,68.69464823643118,68.70117705858921,578200
2011-01-24,68.89704132080078,68.9884249631941,68.85787334546436,68.85787334546436,535300
2011-01-25,69.11235809326172,69.14499720271098,68.85126513778324,68.91000955875724,483400
2011-01-26,68.88389587402344,69.0470814531735,68.87084321890404,69.02097116290605,568400
2011-01-27,69.0014419555664,69.02755226561119,68.87741922786178,68.95575015799614,598500
2011-01-28,69.09931945800781,69.17112152934197,68.91655236007719,68.92960501848799,783100
2011-01-31,68.96876525878906,69.15153233632797,68.92306850937497,69.0927829299594,1691500
2011-02-01,68.82213592529297,68.91379361909146,68.7632102678684,68.9072452138288,700500
2011-02-02,68.74354553222656,68.8941288297497,68.66497968200129,68.84175159626618,513000
2011-02-03,68.48822021484375,68.65844374470309,68.48822021484375,68.60606650552046,912300
2011-02-04,68.2590560913086,68.5012920105503,68.21977067591689,68.39654255776207,1116600
2011-02-07,68.28527069091797,68.3049109086049,68.16087598560887,68.20015642098274,604700
2011-02-08,68.08889770507812,68.29840180591026,68.02997701811209,68.29185339792345,741000
2011-02-09,68.21330261230469,68.29841194888576,68.04307894417003,68.11509645780498,518100
2011-02-10,68.01683807373047,68.20015342404488,67.99064945297575,68.16087299039712,520800
2011-02-11,68.28527069091797,68.32455112629184,68.13468736370334,68.29181410016768,797200
2011-02-14,68.31797790527344,68.38344693877094,68.22632025938353,68.22632025938353,1024900
2011-02-15,68.4030990600586,68.40964246759295,68.29834459989793,68.31798481243617,513500
2011-02-16,68.4030990600586,68.51439692775361,68.35072182997826,68.4030990600586,474800
2011-02-17,68.56678771972656,68.62570836899522,68.52095888308364,68.5471425083351,606300
2011-02-18,68.54059600830078,68.56023622383788,68.41620131660798,68.46203015118401,694400
2011-02-22,68.7894058227539,68.83523467426926,68.61263882261474,68.6191822335668,1033400
2011-02-23,68.84175109863281,68.93340875908245,68.76973365185553,68.87448312309746,707000
2011-02-24,68.8548812866211,68.9661792227765,68.84833787506183,68.90071014238924,1135300
2011-02-25,69.03815460205078,69.05125140712265,68.9072165211378,68.92030833124205,542000
2011-02-28,69.16914367675781,69.16914367675781,69.04474892068822,69.0905777789816,558200
2011-03-01,69.11331939697266,69.17896554592095,68.96233375523961,68.99515432547369,735700
2011-03-02,69.00176239013672,69.18557372232567,68.9886301472757,69.13305476784792,506200
2011-03-03,68.75881958007812,68.87698464366767,68.71943289504154,68.87042353514809,618700
2011-03-04,68.9426040649414,69.00168907807375,68.83100516160879,68.85726461094785,761700
2011-03-07,68.97550201416016,69.07397380040207,68.80481791857302,68.89016247060815,621200
2011-03-08,68.9229736328125,68.97549257942218,68.8638935742384,68.89671415950765,527200
2011-03-09,69.0870590209961,69.17240352113102,68.90324780298248,68.96233284218974,590600
2011-03-10,69.32994842529297,69.36277400032792,69.11331165041322,69.19865614211228,467900
2011-03-11,69.34304809570312,69.41526032530174,69.26427476048832,69.34961420979688,473800
2011-03-14,69.38249969482422,69.57287710014437,69.38249969482422,69.4678392178373,415900
2011-03-15,69.40872955322266,69.62536132821502,69.395597319296,69.58597464339455,672500
2011-03-16,69.60565185546875,69.94045362429547,69.49405293535271,69.55969906433398,1012200
2011-03-17,69.5597152709961,69.6384936492153,69.41529074850075,69.5006352436915,584800
2011-03-18,69.5334243774414,69.55968382497664,69.40869826224595,69.46121214883891,382900
2011-03-21,69.36933135986328,69.50718975229707,69.29055799760357,69.50062864442828,460900
2011-03-22,69.37589263916016,69.40871821013256,69.28398705061218,69.29711427391378,604800
2011-03-23,69.34304809570312,69.48747255490036,69.31022754218948,69.47434533519042,472300
2011-03-24,69.15267944335938,69.27741058424414,69.11329277086027,69.23145779683578,1570000
2011-03-25,69.09367370605469,69.27748505327399,69.04772086924986,69.27748505327399,811200
2011-03-28,69.0608139038086,69.10020560762167,68.98204051314463,69.01486108976091,1443600
2011-03-29,68.97550201416016,69.13305386705737,68.94924253726343,69.00832761240183,538100
2011-03-30,69.09367370605469,69.12649930740824,68.99520191047762,69.04115474728243,791500
2011-03-31,69.01485443115234,69.19210456000721,69.01485443115234,69.17241121424125,1014400
2011-04-01,69.10901641845703,69.15510645371896,68.92465627740938,68.94440843203061,983700
2011-04-04,69.22093963623047,69.29995326787086,69.14851172975256,69.15509745491504,517500
2011-04-05,69.07609558105469,69.20777995652371,69.03658624966445,69.19460850491465,801900
2011-04-06,68.87200927734375,69.07612668168994,68.87200927734375,69.06954095292028,980400
2011-04-07,68.977294921875,69.0826413643135,68.91145276742164,68.9312049114142,681700
2011-04-08,68.8456039428711,68.93120326270402,68.82585179935096,68.88511325334562,392900
2011-04-11,68.91143798828125,68.9706944075505,68.83901012688553,68.87192868533512,387000
2011-04-12,69.17484283447266,69.21435215814294,69.02340633461702,69.02340633461702,563000
2011-04-13,69.24728393554688,69.28679326674944,69.06292380139121,69.06292380139121,531500
2011-04-14,69.18144226074219,69.30654593417633,69.18144226074219,69.26045590029591,654100
2011-04-15,69.43161010742188,69.47111941929857,69.33943008543365,69.33943008543365,391100
2011-04-18,69.5501708984375,69.63577027411057,69.41848650677706,69.45799081958769,720400
2011-04-19,69.68842315673828,69.71476103300792,69.62916670270879,69.66867100539511,470800
2011-04-20,69.58967590332031,69.6818559764327,69.55675229573565,69.62918021367213,388800
2011-04-21,69.63578033447266,69.68187038055625,69.5765188332576,69.59627099251652,447800
2011-04-25,69.6752700805664,69.74111227213818,69.59625643661795,69.62918004412245,541700
2011-04-26,69.93206024169922,69.93206024169922,69.73453366105913,69.73453366105913,569700
2011-04-27,69.87279510498047,69.89254725824998,69.708187129819,69.80694789616649,473300
2011-04-28,70.03739929199219,70.0505657189808,69.90570990492371,69.97813781195227,573100
2011-04-29,70.0966567993164,70.11640895181364,69.95180098308799,69.95180098308799,499000
2011-05-02,70.13362121582031,70.16003749772706,70.02796112658392,70.14022654589465,613500
2011-05-03,70.15345001220703,70.22608850272213,70.1006174387492,70.17326096765584,485900
2011-05-04,70.28553009033203,70.29213542195825,70.14684835653213,70.14684835653213,659200
2011-05-05,70.4439926147461,70.47701422034473,70.3119162691308,70.3119162691308,800700
2011-05-06,70.4373779296875,70.5496433043568,70.28548562872011,70.37133473198688,1020900
2011-05-09,70.51667022705078,70.54308651663,70.4572373542916,70.4572373542916,502200
2011-05-10,70.39116668701172,70.48362618371311,70.35815011669489,70.43079362513807,536100
2011-05-11,70.51667022705078,70.53648118463718,70.33176123838837,70.33176123838837,538800
2011-05-12,70.41096496582031,70.53643596289054,70.3515270927754,70.47700312823446,767000
2011-05-13,70.52326965332031,70.65534605176403,70.46383174714649,70.49024803451356,312700
2011-05-16,70.6751480102539,70.70816962485678,70.51665534462032,70.52986600581787,678100
2011-05-17,70.75437927246094,70.8006064983781,70.70154671758712,70.7345683239807,683500
2011-05-18,70.64208984375,70.76096053258821,70.59586263355669,70.7279389374267,618600
2011-05-19,70.58924865722656,70.62887053585492,70.42415077842523,70.45056704363994,632800
2011-05-20,70.65532684326172,70.68834845309115,70.60249932128102,70.62231027182256,938500
2011-05-23,70.71477508544922,70.81383489104893,70.70816975483831,70.78741860699627,804100
2011-05-24,70.74121856689453,70.77423515586075,70.64876405636038,70.68178064532661,579400
2011-05-25,70.72801208496094,70.82046660096482,70.70159578918935,70.72801208496094,543400
2011-05-26,70.87989044189453,70.91951235848221,70.73460336321669,70.76762498596793,861600
2011-05-27,70.9458999633789,70.99873252306215,70.87986178296997,70.9194836835373,509700
2011-05-31,70.96570587158203,71.07137098344104,70.84683513993556,70.87325141790032,1047300
2011-06-01,71.27236938476562,71.28561358254464,71.07367104631972,71.07367104631972,1139400
2011-06-02,70.9875717163086,71.17964543090251,70.98094709080985,71.07367163535744,666600
2011-06-03,71.08024597167969,71.2193326900974,70.98089687192271,71.2193326900974,522300
2011-06-06,71.09354400634766,71.15315553259357,70.98757525862338,71.020693334661,1477400
2011-06-07,71.23925018310547,71.23925018310547,70.98757000441833,71.02730765023509,1737600
2011-06-08,71.29884338378906,71.39819252591052,71.22598768310715,71.22598768310715,1085200
2011-06-09,71.19288635253906,71.30548476840117,71.12665525992566,71.26574207034635,646500
2011-06-10,71.1862564086914,71.29884975504031,71.12664489684875,71.21936942361934,1160500
2011-06-13,71.09354400634766,71.27237353197647,71.07367518196867,71.10679325800628,956000
2011-06-14,70.90148162841797,70.98758155940538,70.88160774916605,70.96771273326286,1199000
2011-06-15,71.08024597167969,71.17959507143667,70.90804120230793,70.9212904439316,1395500
2011-06-16,71.12665557861328,71.24587356709496,71.11341138127464,71.13328020383685,1211900
2011-06-17,71.19288635253906,71.20613560292682,71.09353718706473,71.1597733327866,871300
2011-06-20,71.10018920898438,71.21278261512315,71.06045154872609,71.21278261512315,731900
2011-06-21,71.1663818359375,71.17963108426453,71.02067547609397,71.03391967131333,803600
2011-06-22,71.12004852294922,71.23926654088262,71.02732395934653,71.1995288859414,897800
2011-06-23,71.35185241699219,71.39821469062717,71.21938516867162,71.2326344200581,2735300
2011-06-24,71.2856216430664,71.45120192612454,71.27900206998272,71.2856216430664,1084100
2011-06-27,71.1597671508789,71.33196696609245,71.10678026014796,71.33196696609245,730600
2011-06-28,70.87505340576172,71.12010922453604,70.83531066379001,71.0936157475929,1038500
2011-06-29,70.66304779052734,70.92797221808762,70.65642316390547,70.88823456457548,2533800
2011-06-30,70.64973449707031,70.80869507324866,70.47091016525087,70.7822016438856,1295600
2011-07-01,70.67239379882812,70.76538338393094,70.58604270726671,70.73881420710838,1970000
2011-07-05,70.94470977783203,70.9513533380628,70.78529980515519,70.78529980515519,799200
2011-07-06,70.98457336425781,71.02442459463322,70.91150939686811,70.93143501205581,774600
2011-07-07,70.78524017333984,70.85166051703787,70.70553272037377,70.82509136604918,1291600
2011-07-08,71.1506118774414,71.20374515086218,71.02440958452097,71.05762231451617,682800
2011-07-11,71.34323120117188,71.4295772005193,71.23695452423577,71.29673135434918,615000
2011-07-12,71.40304565429688,71.47610964130091,71.2901304262192,71.40968921699366,681500
2011-07-13,71.54248046875,71.54912402684113,71.336575775875,71.3565013825984,508400
2011-07-14,71.3631362915039,71.54247179782898,71.34984917693203,71.44948226602347,1724900
2011-07-15,71.46278381347656,71.52920926936301,71.28344825821524,71.32994303680528,638300
2011-07-18,71.35649871826172,71.50262658551038,71.32328599659617,71.44948825786544,641600
2011-07-19,71.50932312011719,71.50932312011719,71.29013115685864,71.31670034036455,780100
2011-07-20,71.3963851928711,71.60229504730658,71.38310313817479,71.43624149206474,627300
2011-07-21,71.28343963623047,71.38307274045836,71.18380653200258,71.31000880186124,839200
2011-07-22,71.43619537353516,71.44947741965672,71.32991873436644,71.34320584803706,458000
2011-07-25,71.23030090332031,71.44284915961788,71.21037529609713,71.26351362705906,1154600
2011-07-26,71.3963851928711,71.46280560145738,71.27682643039488,71.30339560733985,832200
2011-07-27,71.27679443359375,71.40964025868294,71.23694321984203,71.29672004046961,662700
2011-07-28,71.41627502441406,71.4893389575148,71.34321615886313,71.4096365341684,823600
2011-07-29,71.84138488769531,71.86794898685129,71.53584200434727,71.60226745488839,1400700
2011-08-01,72.01458740234375,72.08785459035003,71.81476687475441,71.82808587182505,1300600
2011-08-02,72.3209228515625,72.38086591750238,72.02785431147394,72.12776450301718,1010600
2011-08-03,72.39418029785156,72.56735251959734,72.34089419194082,72.39418029785156,1237500
2011-08-04,72.78050231933594,72.84711250211687,72.44081477904189,72.46745783582557,1585700
2011-08-05,72.30099487304688,72.77389803954287,72.21440360541499,72.58073954928724,2184400
2011-08-08,72.33427429199219,72.46748963436511,72.27433119915865,72.38756042894136,2068500
2011-08-09,72.76055908203125,73.24678622795712,72.23436987099915,72.33428011541088,1642600
2011-08-10,73.35334014892578,73.37998321472188,73.02697148580283,73.10023864633077,1102400
2011-08-11,72.44084167480469,73.22679435597868,72.42086064520926,73.22679435597868,2596300
2011-08-12,72.76055908203125,72.97369856534144,72.55408163678749,72.7072780224383,2472300
2011-08-15,72.87380981445312,72.98037703928512,72.76723750797387,72.9537339626653,1034200
2011-08-16,73.02696990966797,73.10689910533112,72.79384944104014,72.79384944104014,900100
2011-08-17,73.14686584472656,73.24677607528984,72.93372639095945,73.08692275537585,1119500
2011-08-18,73.25342559814453,73.59977524573024,73.20013947339456,73.42659788111511,954300
2011-08-19,73.28673553466797,73.30671656374263,73.14020121259355,73.2534355134253,1271800
2011-08-22,73.19348907470703,73.25343724499328,73.080259852844,73.146864978549,761800
2011-08-23,73.02031707763672,73.08026525235222,72.93373091598737,73.08026525235222,757100
2011-08-24,72.60737609863281,72.94040689707228,72.55408995128728,72.9337448582424,663300
2011-08-25,72.75389862060547,72.82050375312248,72.6206832739256,72.69395044418806,647100
2011-08-26,72.85382080078125,72.98703617858678,72.72727254392484,72.9470690244216,674700
2011-08-29,72.77389526367188,72.78055222119951,72.65400396676381,72.70729011686672,1150700
2011-08-30,73.00033569335938,73.11356492304039,72.88044442615427,72.96703566903034,1108200
2011-08-31,72.9337158203125,73.18681729696351,72.92705378413507,73.1202121801232,2444400
2011-09-01,73.168701171875,73.21542427554574,72.86166290597635,73.06857878045588,1541600
2011-09-02,73.38894653320312,73.52912090267462,73.28882925848795,73.4022988981219,923900
2011-09-06,73.5825424194336,73.69601719365619,73.54917167961038,73.69601719365619,1104100
2011-09-07,73.40898895263672,73.5024351549861,73.32221384157222,73.4623831450963,919500
2011-09-08,73.42899322509766,73.53578667454885,73.32887086518826,73.52911558500705,1169400
2011-09-09,73.52911376953125,73.60253139972166,73.4089679590934,73.46236213628328,809700
2011-09-12,73.3823013305664,73.54917030387226,73.31554966729452,73.54917030387226,1038000
2011-09-13,73.40898895263672,73.4623831450963,73.32221384157222,73.44903587009043,701400
2011-09-14,73.42232513427734,73.49574786680644,73.32887894604673,73.35557858446052,1065300
2011-09-15,73.20873260498047,73.36892534190227,73.20873260498047,73.3155260654499,1046700
2011-09-16,73.31553649902344,73.31553649902344,73.1152968224838,73.20206683974071,885700
2011-09-19,73.47574615478516,73.58921583229638,73.4557226931581,73.54249272435429,786500
2011-09-20,73.62255859375,73.62255859375,73.47571315119536,73.58918277773866,701600
2011-09-21,73.74272918701172,73.77609992180447,73.47573784648849,73.60255478659893,1242900
2011-09-22,73.95632934570312,74.10984594593316,73.84953076081543,73.94965316103844,875000
2011-09-23,73.57585906982422,74.04309008900874,73.5625067021697,74.04309008900874,1113400
2011-09-26,73.40898895263672,73.60922863234136,73.36226585146203,73.51578242999197,1158800
2011-09-27,73.308837890625,73.32218516040987,73.16199246082091,73.23541517572296,1287400
2011-09-28,73.24871826171875,73.28877023178214,73.1018729204921,73.28209405469973,850400
2011-09-29,73.22209930419922,73.33557406987495,73.12865309183331,73.18205238245287,825000
2011-09-30,73.49571990966797,73.5691426142677,73.32885105238373,73.42229720506823,1020700
2011-10-03,73.7960433959961,73.82948573331639,73.52852510777083,73.642220890525,2372400
2011-10-04,73.56864929199219,73.92311560398561,73.56195980424211,73.85623603423699,1351400
2011-10-05,73.32118225097656,73.521826043596,73.30111889223134,73.50176268485077,1499100
2011-10-06,73.20074462890625,73.38801441591932,73.16061794012201,73.31444541809489,1022500
2011-10-07,73.0536880493164,73.14732048934346,72.91992377600258,73.0536880493164,1513800
2011-10-10,72.90652465820312,73.05366275661342,72.69919138199612,73.00684655280865,711500
2011-10-11,73.08042907714844,73.09380805454146,72.87310085082021,72.95335940742379,2155000
2011-10-12,72.93993377685547,73.00681841587073,72.77942186889828,72.82623805466002,1120800
2011-10-13,72.98011779785156,73.11387696642326,72.85304301589879,73.01355503870188,939600
2011-10-14,72.85968017578125,72.9666864132675,72.75266883571346,72.75266883571346,587500
2011-10-17,73.14730834960938,73.14730834960938,72.89984831198691,72.90653780018872,826700
2011-10-18,73.06703186035156,73.26098614991099,72.98008894541107,73.11384806110155,958800
2011-10-19,73.17407989501953,73.28108622066522,73.00687836534725,73.08044234402418,780200
2011-10-20,73.13385009765625,73.32111474364041,73.04021777466417,73.15391343792899,860800
2011-10-21,73.17407989501953,73.25433336360736,73.06037897687722,73.20751713940254,555300
2011-10-24,73.06036376953125,73.20750190143012,73.0068631691373,73.20750190143012,867600
2011-10-25,73.43486022949219,73.44154461193446,73.07370457691124,73.12052076691717,1478200
2011-10-26,73.23428344726562,73.41485888733992,73.16071435249066,73.2944735597615,664200
2011-10-27,72.95335388183594,73.18074545444593,72.83965809553095,73.16068209246086,960200
2011-10-28,73.24098205566406,73.26104542899357,73.00021137053535,73.01358525189258,979100
2011-10-31,73.58875274658203,73.58875274658203,73.38811392802056,73.45499353420772,1747000
2011-11-01,73.94210815429688,73.95552212113178,73.66047624191654,73.69400604307441,1443700
2011-11-02,73.94210815429688,73.98904680636026,73.70741489397993,73.7409446951378,732400
2011-11-03,73.78119659423828,73.88178090936225,73.6806122791143,73.740964914561,1116000
2011-11-04,73.76103973388672,73.89514866884988,73.7342169237085,73.7811555625384,2040100
2011-11-07,73.82141876220703,73.98905756050354,73.74095541321998,73.75436426607445,745300
2011-11-08,73.72079467773438,73.88172639362621,73.66044208682055,73.7274965421149,949300
2011-11-09,73.84815216064453,73.98896796678723,73.7743907694378,73.8749749498037,780000
2011-11-10,73.70738220214844,73.86831903720977,73.53974350257154,73.69397335719022,1307800
2011-11-11,73.62020111083984,73.67384671465045,73.55314666403974,73.62690809029776,1803400
2011-11-14,73.6805648803711,73.76774028483293,73.59339459183676,73.73421049605106,1189600
2011-11-15,73.586669921875,73.71407694950652,73.48608569563571,73.66713832605168,787800
2011-11-16,73.55986785888672,73.75432938685935,73.49281339446492,73.74762752156656,1213100
2011-11-17,73.51961517333984,73.66043104312396,73.4257379268171,73.5330291319438,1670000
2011-11-18,73.50621795654297,73.57997939275226,73.3855178896484,73.57997939275226,805700
2011-11-21,73.49280548095703,73.6135055502907,73.47268965538927,73.60009670522125,838800
2011-11-22,73.54647064208984,73.59340928620017,73.3788318965632,73.46600220250279,1051000
2011-11-23,73.61353302001953,73.72082428432071,73.45260123949683,73.49283290564523,865500
2011-11-25,73.51292419433594,73.66715405629259,73.47939952238178,73.62021542281488,764800
2011-11-28,73.50621795654297,73.53974262650271,73.2514038620283,73.33857925896314,1726100
2011-11-29,73.5330581665039,73.56658284439855,73.2715370297274,73.41905993706298,1718500
2011-11-30,73.34528350830078,73.49951336609709,73.27152206969306,73.48609940493539,1280300
2011-12-01,73.37088012695312,73.45851861458355,73.20909351278702,73.34391997717856,1831000
2011-12-02,73.55968475341797,73.62035284430476,73.31700210365669,73.35070488422477,917500
2011-12-05,73.64057922363281,73.64057922363281,73.4113817891235,73.47204988304397,1063700
2011-12-06,73.57315063476562,73.62033863293762,73.38439864207766,73.55292794170707,1105300
2011-12-07,73.70801544189453,73.76868869992158,73.51926333800431,73.62712462200392,691000
2011-12-08,73.7820816040039,73.86972007947254,73.6607403744422,73.68096819862167,1228900
2011-12-09,73.74166870117188,73.86975259517288,73.65403533023215,73.76863400217763,934900
2011-12-12,73.76190185546875,73.90346584850313,73.75516438659045,73.79560977228428,1220900
2011-12-13,73.9101791381836,74.00455509609817,73.73490729786909,73.76861520131172,1468000
2011-12-14,74.09221649169922,74.17984986739431,73.97087520214149,74.0113205842922,928500
2011-12-15,73.93717956542969,74.12593157094912,73.87650633902335,74.05852087513595,3769300
2011-12-16,74.18659973144531,74.23378772960288,74.04503059386651,74.07199589897171,1182000
2011-12-19,74.26079559326172,74.30798361846256,74.12596899046717,74.18664224750196,1123700
2011-12-20,74.15965270996094,74.28773151190511,74.13268739820761,74.1933554923221,2779500
2011-12-21,73.97085571289062,74.17308771346734,73.94389041752622,74.14612241810293,930000
2011-12-22,74.08547973632812,74.11244504092858,74.00458382252677,74.08547973632812,1465900
2011-12-23,73.99777221679688,74.03822270753544,73.78879772986878,73.95732686915949,679700
2011-12-27,74.13130187988281,74.13130187988281,73.94924104864599,73.96946888669129,1090600
2011-12-28,74.25949096679688,74.32692402341954,74.11115161771887,74.16509086082908,873800
2011-12-29,74.43482208251953,74.46853861736648,74.22579397084708,74.33367762239962,985400
2011-12-30,74.34037017822266,74.60334250471467,74.33362584706668,74.51568677735646,1098300
2012-01-03,74.19205474853516,74.30668270088877,74.11788251009003,74.30668270088877,1994600
2012-01-04,74.09088134765625,74.21899791749496,74.01670913821461,74.21899791749496,1299200
2012-01-05,74.19205474853516,74.20554341611756,74.07068246239034,74.11114332071818,856500
2012-01-06,74.25275421142578,74.34040998572156,74.185321152592,74.19206548735939,897900
2012-01-09,74.19205474853516,74.3875992731251,74.1718268915809,74.25948265318908,976200
2012-01-10,74.1717758178711,74.28640369129346,74.13132013181986,74.19200366089672,1002100
2012-01-11,74.43482208251953,74.43482208251953,74.21230529913993,74.25950536127309,789900
2012-01-12,74.37407684326172,74.42801605211646,74.28641598309149,74.39430468963434,844200
2012-01-13,74.54268646240234,74.61011436558962,74.4482863690563,74.4482863690563,765000
2012-01-17,74.56291961669922,74.67754757470396,74.52920309050035,74.63034752467732,1272900
2012-01-18,74.46846008300781,74.6302879618836,74.44148791245927,74.54937145023794,1216900
2012-01-19,74.34717559814453,74.48877580226431,74.28648685670943,74.46180359989556,1032300
2012-01-20,74.1583480834961,74.38760400277968,74.10440369857535,74.38760400277968,1032600
2012-01-23,74.0976333618164,74.16506124709551,74.01671681283075,74.01671681283075,819600
2012-01-24,74.1583480834961,74.16508727329641,74.06394283767494,74.15160374927608,791600
2012-01-25,74.26622009277344,74.4954811206175,74.07067558633608,74.15833648422597,1559600
2012-01-26,74.41453552246094,74.50893557226611,74.39430767527652,74.43476336964535,1231700
2012-01-27,74.53591918945312,74.58986355316864,74.42129127487091,74.52917485788427,778100
2012-01-30,74.7516860961914,74.80563045600735,74.6370581898955,74.67751388754881,1490300
2012-01-31,74.87980651855469,74.89329003699399,74.65728988117444,74.7382012806454,3255900
2012-02-01,74.74797821044922,74.84261260322944,74.66009973344786,74.76825627216104,1965000
2012-02-02,74.76826477050781,74.8155819722761,74.67363036697121,74.72770864247447,1182200
2012-02-03,74.73448181152344,74.76152095551707,74.50465682336164,74.55873511134891,1142400
2012-02-06,74.78858184814453,74.78858184814453,74.62635209419547,74.70746439257455,1854400
2012-02-07,74.71419525146484,74.74123439238544,74.58576062138918,74.66687804415099,966600
2012-02-08,74.65335083007812,74.72770716813103,74.57899449202522,74.67362889369473,1479600
2012-02-09,74.53174591064453,74.63989740190135,74.4776675864197,74.60610231715548,1068400
2012-02-10,74.63308715820312,74.71419942831065,74.58576479105494,74.59252586596027,714900
2012-02-13,74.66011810302734,74.72771853494949,74.61956196962517,74.68040132691732,914800
2012-02-14,74.720947265625,74.84262080641965,74.70742511820994,74.73446425585188,876200
2012-02-15,74.69393920898438,74.8156128004088,74.68717813246349,74.79533472803645,875500
2012-02-16,74.68045043945312,74.74804575863948,74.6128499630745,74.69396744041349,918800
2012-02-17,74.58576965332031,74.60605287935856,74.4911352272329,74.57225265981758,853700
2012-02-21,74.47087860107422,74.57227413170293,74.46412268097231,74.53847390242971,1043800
2012-02-22,74.68045043945312,74.68045043945312,74.54525464388814,74.58581080396151,975200
2012-02-23,74.74126434326172,74.76154241778096,74.60607374167294,74.63986881347469,788400
2012-02-24,74.76155853271484,74.88999324194204,74.74804153251871,74.78859769029908,1364300
2012-02-27,74.99813079833984,74.99813079833984,74.86970127013618,74.91701849783037,712000
2012-02-28,74.94405364990234,75.06572725136266,74.90349234462174,75.04544402012698,795300
2012-02-29,74.86965942382812,74.99133296377732,74.76150287401188,74.99133296377732,1993600
2012-03-01,74.71857452392578,74.75245432275881,74.596595873862,74.69824561060187,1242600
2012-03-02,74.8812026977539,74.88798072481711,74.74567317720862,74.75922406121522,863900
2012-03-05,74.77279663085938,74.89477530277436,74.75924574292273,74.86767352690109,1098100
2012-03-06,74.92181396484375,74.96247693183597,74.8472712238274,74.91504111210888,1056500
2012-03-07,74.85408782958984,74.92185258268351,74.82698089432853,74.91507972645762,836100
2012-03-08,74.68470001220703,74.86767059798213,74.6643710960367,74.84733651169071,971300
2012-03-09,74.671142578125,74.69824952068258,74.63047957922832,74.69824952068258,710900
2012-03-12,74.73887634277344,74.84729889790214,74.71176941146163,74.80664108599369,1096600
2012-03-13,74.48810577392578,74.69818309941705,74.4745548997567,74.69140507727448,1444700
2012-03-14,74.0815658569336,74.43394571118026,74.03413000789809,74.37973700522524,1119800
2012-03-15,74.04766082763672,74.17641745589609,74.0341099473497,74.04088797255241,800500
2012-03-16,74.05449676513672,74.08160371702739,73.90541111479929,73.9664030490839,933900
2012-03-19,73.81726837158203,74.06800363244818,73.79016143769496,74.06800363244818,1146800
2012-03-20,73.92568969726562,73.92568969726562,73.7562752409018,73.81048910776676,960400
2012-03-21,74.10187530517578,74.12898223609359,73.95278977018707,74.02055968254079,590700
2012-03-22,74.1696548461914,74.18321089941432,74.10189009043528,74.10189009043528,666900
2012-03-23,74.33905029296875,74.33905029296875,74.16286300712324,74.18319191163478,758400
2012-03-26,74.2848892211914,74.32554705627632,74.16291054581521,74.30521813873386,867800
2012-03-27,74.36618041992188,74.4068434117474,74.27808674951943,74.33230062520697,2551700
2012-03-28,74.35263061523438,74.46105319806338,74.32552367699718,74.35940864232364,812700
2012-03-29,74.55591583251953,74.58302276746115,74.43393721034187,74.50847998890151,1208100
2012-03-30,74.44068908691406,74.6168815170817,74.33226655535371,74.6168815170817,1121300
2012-04-02,74.4495849609375,74.62616298174642,74.34091678051598,74.62616298174642,2398400
2012-04-03,74.13035583496094,74.56501805965681,74.07602176147834,74.51068398617421,767100
2012-04-04,74.28657531738281,74.30695448537725,74.17111927333195,74.2662013309719,1137200
2012-04-05,74.4563217163086,74.4563217163086,74.30691084318657,74.4359477418638,749100
2012-04-09,74.78229522705078,74.83662926133898,74.73475424244329,74.82983621165829,575600
2012-04-10,74.78910064697266,74.93851149360995,74.75514057453081,74.83664163944351,1893900
2012-04-11,74.79593658447266,74.79593658447266,74.6329395314753,74.74160768786213,1203100
2012-04-12,74.7212142944336,74.80271539620482,74.70763336826268,74.77554836228107,505900
2012-04-13,74.95211791992188,74.9656988436336,74.85024285655051,74.91136996720572,1103900
2012-04-16,74.96570587158203,75.04041391295276,74.87062385194318,74.87062385194318,1121200
2012-04-17,74.97932434082031,74.97932434082031,74.8774492239268,74.91140932341919,737600
2012-04-18,75.0743637084961,75.0743637084961,74.94532162170857,75.00644872971662,884300
2012-04-19,75.0200424194336,75.10154351678693,75.0200424194336,75.04720945188471,618700
2012-04-20,75.03362274169922,75.06078459047465,74.95891470361371,75.03362274169922,1530200
2012-04-23,75.10836029052734,75.2102354060253,75.0676123169616,75.2102354060253,787100
2012-04-24,74.99967956542969,75.1015546568374,74.98609863798043,75.0675945658407,627500
2012-04-25,75.03362274169922,75.04720366608693,74.87062055955928,74.98608173397038,982300
2012-04-26,75.14910888671875,75.17627592797568,75.07440081865802,75.1423158310087,1021600
2012-04-27,75.14229583740234,75.16266981752817,75.08117389702484,75.1219218572765,656600
2012-04-30,75.1151351928711,75.20342935636947,75.10834213839067,75.20342935636947,881900
2012-05-01,75.08783721923828,75.20353371724869,75.0401971793296,75.17631009553301,772800
2012-05-02,75.16273498535156,75.21037504687655,75.10828771721522,75.17634420619702,1298500
2012-05-03,75.2444076538086,75.2444076538086,75.14232550708394,75.15593472918798,575400
2012-05-04,75.31925201416016,75.3396684382621,75.25119553636154,75.31245000104379,611500
2012-05-07,75.34654235839844,75.38737524275729,75.31931870469886,75.36695880057786,646100
2012-05-08,75.40095520019531,75.5098445728395,75.39414799178672,75.43498085748097,580200
2012-05-09,75.42139434814453,75.48945087559147,75.3533378206976,75.48945087559147,930000
2012-05-10,75.34654235839844,75.38057322361816,75.2920950509993,75.35334956991858,527000
2012-05-11,75.40095520019531,75.49623534840097,75.37373155893961,75.48942813999238,446300
2012-05-14,75.5711441040039,75.5847533365535,75.49628034402672,75.54392044652295,763300
2012-05-15,75.5302734375,75.61193917671599,75.46221173164781,75.61193917671599,1187200
2012-05-16,75.51664733886719,75.6051202734597,75.42817440427467,75.45539804392891,986400
2012-05-17,75.56428527832031,75.6323417793467,75.42817227626753,75.46219793059163,1420700
2012-05-18,75.54389953613281,75.59834683602382,75.4758430074592,75.53709232555136,1184700
2012-05-21,75.5302734375,75.57791351616905,75.52346622843895,75.5574918889859,1208500
2012-05-22,75.34654235839844,75.48946264603542,75.34654235839844,75.421406107977,1007400
2012-05-23,75.43498229980469,75.55068407544834,75.42137307510595,75.50984601659462,696000
2012-05-24,75.37374877929688,75.46222173930703,75.34652513182148,75.46222173930703,938900
2012-05-25,75.48944091796875,75.50985735427173,75.41457718993816,75.43499362624114,454300
2012-05-29,75.44859313964844,75.53706607694235,75.42817670737895,75.50984243645688,1192100
2012-05-30,75.70037841796875,75.74801847215747,75.61870752834102,75.67995680127946,547100
2012-05-31,75.92497253417969,75.96581057962268,75.7820523560718,75.85010884197408,2984100
2012-06-01,76.1146469116211,76.16238886617589,75.98506457981966,76.04644486275464,1851600
2012-06-04,75.93729400634766,76.29877464049378,75.92365568217289,75.92365568217289,1046100
2012-06-05,75.78040313720703,75.93045066761815,75.77358137578489,75.82132329878121,951100
2012-06-06,75.55536651611328,75.86228347921065,75.55536651611328,75.86228347921065,1864400
2012-06-07,75.67125701904297,75.67125701904297,75.55531312099104,75.58259495644057,751800
2012-06-08,75.63722229003906,75.82819009544234,75.59629690067948,75.82136832996866,710200
2012-06-11,75.70537567138672,75.7667559107476,75.57578822809717,75.61671359115017,516100
2012-06-12,75.6440200805664,75.73268218969342,75.58945638103557,75.69176201678569,482000
2012-06-13,75.841796875,75.85544040027204,75.60308721754194,75.69857108052517,2650900
2012-06-14,75.7872314453125,75.82815161042146,75.72584599416926,75.77358792128965,559200
2012-06-15,75.96458435058594,75.97140611517655,75.86228389913562,75.94412426029587,1030800
2012-06-18,75.94412231445312,75.99868602281644,75.86228195538979,75.93048398910311,696000
2012-06-19,75.85537719726562,75.9099408459306,75.78035348122026,75.9099408459306,605500
2012-06-20,75.73948669433594,75.84860886505128,75.62353755838392,75.75312501437051,1256100
2012-06-21,75.841796875,75.92364241619146,75.74631301201678,75.82815855320823,939900
2012-06-22,75.73268127441406,75.84180346867612,75.73268127441406,75.82134338246954,600200
2012-06-25,75.97139739990234,75.97821916371036,75.85545343257164,75.87591352051457,2321900
2012-06-26,75.88951110839844,75.95771830290391,75.86905103143815,75.88951110839844,789100
2012-06-27,75.92362213134766,75.97136405008385,75.86905845179804,75.94408221030905,1552600
2012-06-28,76.0123062133789,76.0873299936091,75.99184612849437,76.06686990872458,1180400
2012-06-29,75.9100112915039,75.93047137787156,75.84180406563743,75.87590767857067,2052800
2012-07-02,76.05560302734375,76.0761041975364,75.91208962206595,75.97359313264386,1994500
2012-07-03,76.00093078613281,76.05560405000122,75.98042961566452,76.00093078613281,1002900
2012-07-05,76.1990737915039,76.1990737915039,76.02138839271848,76.02138839271848,740700
2012-07-06,76.25375366210938,76.32209260176778,76.1990804248119,76.20591588295581,1520200
2012-07-09,76.40411376953125,76.41777947391542,76.3016027379032,76.31526844228736,472600
2012-07-10,76.43827819824219,76.47928573794141,76.3562735466987,76.37677470958457,521600
2012-07-11,76.43143463134766,76.54078110704265,76.41093347063658,76.445105547773,566400
2012-07-12,76.56815338134766,76.56815338134766,76.49297894778272,76.5408167496941,382700
2012-07-13,76.595458984375,76.60228922907446,76.49978341931016,76.5886235257483,435300
2012-07-16,76.65694427490234,76.75945527426182,76.65011403182413,76.68428088899327,480800
2012-07-17,76.62959289550781,76.70476726629146,76.62276265374567,76.684266113155,600200
2012-07-18,76.77997589111328,76.78681134984996,76.7048014867919,76.7048014867919,470300
2012-07-19,76.718505859375,76.83468263892367,76.69800468815224,76.7458424923152,901600
2012-07-20,76.82780456542969,76.9166498766906,76.8073034055777,76.8073034055777,602200
2012-07-23,76.89610290527344,76.96444702059978,76.87560175624512,76.96444702059978,498200
2012-07-24,76.99182891845703,77.00549462120749,76.83464466022805,76.861981279656,521200
2012-07-25,77.0191421508789,77.02597760760479,76.95763868212335,76.97130438164932,874700
2012-07-26,76.97134399414062,77.01235154167424,76.96451374782544,76.99185037487167,857900
2012-07-27,76.73897552490234,76.8551522567539,76.64329995585668,76.84831679784278,1010200
2012-07-30,76.86878204345703,76.896113436622,76.72526355275524,76.75260015984489,618400
2012-07-31,76.94398498535156,76.98499252095675,76.83464372290067,76.93715474102318,983600
2012-08-01,76.85497283935547,76.95768455903384,76.68378838126986,76.8618216804367,2480600
2012-08-02,76.86871337890625,77.03304908753435,76.86871337890625,76.91664484492853,846300
2012-08-03,76.68374633789062,76.80015567590777,76.66320505004413,76.75906787608257,1832400
2012-08-06,76.80020141601562,76.8481328575815,76.71803099155898,76.77281127453007,1832500
2012-08-07,76.59473419189453,76.62897315521721,76.56049522857185,76.58103651691252,1733100
2012-08-08,76.49888610839844,76.64952921744235,76.48518843077626,76.64952921744235,550400
2012-08-09,76.47834777832031,76.53997165760696,76.38248492778538,76.43725996799567,835900
2012-08-10,76.60163879394531,76.67696038878206,76.54685850240293,76.67696038878206,627400
2012-08-13,76.59473419189453,76.68374818274825,76.59473419189453,76.63581676857588,570500
2012-08-14,76.416748046875,76.47152833227449,76.37566544489316,76.40989920516618,567100
2012-08-15,76.1701889038086,76.31398313467056,76.13595516739302,76.31398313467056,550000
2012-08-16,76.07437133789062,76.22501449530216,75.98535730129973,76.21132203741703,668300
2012-08-17,76.16333770751953,76.20442027678045,76.10855746575074,76.13594758663513,505700
2012-08-20,76.13605499267578,76.19083008758507,76.10181598723605,76.10866483315175,419000
2012-08-21,76.23873901367188,76.24558785756207,76.03332071420074,76.12918363211472,738600
2012-08-22,76.5673828125,76.5673828125,76.35511576005351,76.41673965625992,405500
2012-08-23,76.62218475341797,76.64957490085361,76.57425330143973,76.58109692019629,421500
2012-08-24,76.5673828125,76.67694337126915,76.54684151376453,76.67694337126915,649600
2012-08-27,76.67009735107422,76.69063865056542,76.61531706967423,76.62216591088303,493100
2012-08-28,76.73174285888672,76.76598185043795,76.67696778619604,76.71805039674821,699200
2012-08-29,76.65635681152344,76.71798589967655,76.62212307288927,76.6974446116696,717100
2012-08-30,76.704345703125,76.78651614085926,76.704345703125,76.704345703125,436200
2012-08-31,76.94400787353516,76.98509048017388,76.73858439206924,76.7591256953886,1203400
2012-09-04,76.92955017089844,76.94327459540223,76.81291873428756,76.93641238315033,1596700
2012-09-05,76.92955017089844,76.95699378557175,76.8609437513823,76.87466817588609,503000
2012-09-06,76.75120544433594,76.7649246400319,76.67573678216722,76.7649246400319,1805200
2012-09-07,76.76493072509766,76.97761229843049,76.73748709719393,76.94331168930344,1554400
2012-09-10,76.7786636352539,76.79238283355244,76.68260830981463,76.77180141893594,1303000
2012-09-11,76.68949127197266,76.75809775069933,76.66890985178854,76.68262905379835,3037100
2012-09-12,76.54539489746094,76.6277257897351,76.51108905042904,76.6071443752509,1679500
2012-09-13,76.72373962402344,76.76490243354014,76.40814587094735,76.66885238844459,2165200
2012-09-14,76.40814971923828,76.57280619993287,76.38070610006666,76.57280619993287,1011200
2012-09-17,76.53168487548828,76.57970992648879,76.44935397334257,76.50424124143971,1063800
2012-09-18,76.57968139648438,76.71003206673007,76.57281918194428,76.64828783887727,1133600
2012-09-19,76.73057556152344,76.77860580523516,76.6756935753293,76.75116219497136,732200
2012-09-20,76.68258666992188,76.81294257148963,76.66886747549492,76.8060803571082,2518600
2012-09-21,76.8060302734375,76.8060302734375,76.66881748129794,76.68253666677889,829200
2012-09-24,76.88844299316406,76.90216219325912,76.79925510670103,76.79925510670103,1220800
2012-09-25,77.01191711425781,77.01191711425781,76.84726058336946,76.92272925051344,836400
2012-09-26,77.0873794555664,77.11482308085189,77.01877300952087,77.0873794555664,793500
2012-09-27,77.03937530517578,77.10111955305466,77.02565087164422,77.04623752194156,1127100
2012-09-28,77.1491470336914,77.1560092506735,77.01193410007676,77.10798420047459,2745500
2012-10-01,77.11954498291016,77.15391408009559,77.0301926718112,77.09892562219409,1674400
2012-10-02,77.181396484375,77.181396484375,77.0576750950455,77.09204418696537,903300
2012-10-03,77.1539535522461,77.19519229477608,77.10583993796423,77.10583993796423,1187500
2012-10-04,77.04398345947266,77.15396044136006,77.0302389587323,77.09210232204174,459200
2012-10-05,76.88587951660156,76.97523185979169,76.87212977519394,76.94086799425234,580200
2012-10-08,77.00267791748047,77.01642765028478,76.91332563019873,76.91332563019873,524800
2012-10-09,76.92022705078125,77.030198731247,76.88585795089224,76.9408464131193,2316400
2012-10-10,77.04398345947266,77.09210232204174,76.89964260373881,76.9133923484703,555400
2012-10-11,77.14019012451172,77.15393462065228,76.9614802107482,76.9614802107482,523400
2012-10-12,77.2020492553711,77.26391259880421,77.16081052240865,77.2020492553711,1646900
2012-10-15,77.24327087402344,77.24327087402344,77.1539185577389,77.18828765691896,1646300
2012-10-16,77.11954498291016,77.22952189871316,77.09892562219409,77.19515280152773,978500
2012-10-17,76.87901306152344,77.01648427069878,76.85839369114474,77.00960939924241,1199200
2012-10-18,76.8514633178711,76.93394598380765,76.78273038491729,76.93394598380765,1249500
2012-10-19,76.94772338867188,77.00271185615195,76.83775169770061,76.83775169770061,683700
2012-10-22,76.8446044921875,76.95457615156751,76.8446044921875,76.91333743479842,438100
2012-10-23,77.01644134521484,77.0301858364766,76.89271994790897,76.89271994790897,628100
2012-10-24,76.9615249633789,77.0233830979656,76.91341133292512,76.94777521525359,604900
2012-10-25,76.79650115966797,76.9477115560024,76.78275142291787,76.83086501356703,970700
2012-10-26,77.00267791748047,77.03704700550468,76.89957589739441,76.90645076379657,908900
2012-10-31,77.11267852783203,77.14704238244177,76.98208224594572,77.00957647602642,2200200
2012-11-01,77.01144409179688,77.18365214633545,76.99766450442505,77.18365214633545,1350800
2012-11-02,77.05968475341797,77.09412322120951,76.92191511612887,77.03213082596015,961700
2012-11-05,77.1905517578125,77.21121588753262,77.11477977858955,77.14922349837227,2684000
2012-11-06,76.97013854980469,77.15612625928804,76.95636421280113,77.14923646309893,589600
2012-11-07,77.14923095703125,77.29388513443077,77.14923095703125,77.25944666669238,1563100
2012-11-08,77.24563598632812,77.29385402605503,77.11475619762415,77.13542557639755,1411400
2012-11-09,77.20433807373047,77.22500220525079,77.09412236512307,77.15612001505829,1295200
2012-11-12,77.18367004394531,77.25255223065882,77.16300065809469,77.23877264009174,612700
2012-11-13,77.3213882446289,77.37649606324148,77.22495218974234,77.34205236276591,3355800
2012-11-14,77.342041015625,77.342041015625,77.17672283941258,77.18361262957103,1242700
2012-11-15,77.26626586914062,77.30759935299828,77.22493764065281,77.28004544888313,1532600
2012-11-16,77.29381561279297,77.35581320755742,77.25248738652971,77.28692582329258,981700
2012-11-19,77.34898376464844,77.34898376464844,77.1905500147489,77.21121414400238,917000
2012-11-20,77.20433807373047,77.3145485269636,77.19055848246742,77.28011005955449,666800
2012-11-21,77.07341766357422,77.1905178507995,77.06652787156935,77.12852548887017,1160800
2012-11-23,77.12165069580078,77.13543028249042,77.07343265313206,77.12165069580078,220300
2012-11-26,77.14923095703125,77.21122335218492,77.11478723391858,77.16300529305174,629500
2012-11-27,77.25252532958984,77.26629965998642,77.15608925069735,77.15608925069735,571900
2012-11-28,77.26626586914062,77.3282634672422,77.25938133463922,77.28692998338452,458700
2012-11-29,77.36273193359375,77.36273193359375,77.24563173718019,77.24563173718019,661800
2012-11-30,77.3213882446289,77.36960627207219,77.2800600083549,77.32827803579819,908600
2012-12-03,77.33250427246094,77.33943518870961,77.1661992896733,77.22856167569113,809900
2012-12-04,77.38097381591797,77.3948356419132,77.2701056416441,77.33246799840984,871900
2012-12-05,77.45030212402344,77.46416395628974,77.38793973904508,77.39487065517824,538200
2012-12-06,77.443359375,77.49879083159153,77.42257191793583,77.45028500286217,519400
2012-12-07,77.37403869628906,77.40868268355132,77.29781452288036,77.33938942228986,966200
2012-12-10,77.38792419433594,77.40871165181987,77.33941836462712,77.36020582211106,843500
2012-12-11,77.36019897460938,77.36712988873684,77.29783660767755,77.33248060483797,814100
2012-12-12,77.14541625976562,77.3740889284487,77.14541625976562,77.32557779866103,1448600
2012-12-13,77.02066802978516,77.1523236945845,77.01373711477284,77.12461060801347,1209700
2012-12-14,77.15929412841797,77.2077999848693,77.11078827196664,77.15236320985582,1678800
2012-12-17,76.97212219238281,77.16614541797239,76.9444038334791,77.15921450656236,1464100
2012-12-18,76.79197692871094,76.9652127551416,76.73654019543604,76.91670693521053,1411500
2012-12-19,76.92362213134766,76.9859844784865,76.86125449747203,76.86125449747203,1114000
2012-12-20,76.93061828613281,77.02763528185478,76.9029051864884,76.9860550589049,1122600
2012-12-21,76.9998779296875,77.07610213199047,76.97908518536391,77.0483837596313,973700
2012-12-24,77.00679779052734,77.02759053329373,76.97215379272717,76.97907942024406,329200
2012-12-26,77.11096954345703,77.12485482479057,77.04847253319687,77.04847253319687,575800
2012-12-27,77.15264129638672,77.2498541722028,77.0693137038139,77.11098014895252,722100
2012-12-28,77.27067565917969,77.28456623849388,77.18040808445257,77.27762094883678,1295800
2012-12-31,77.13175201416016,77.2567406590326,77.09008560073576,77.24979537384513,905400
2013-01-02,77.04155731201172,77.07627847545233,76.95128970385417,76.95128970385417,1137300
2013-01-03,76.84709930419922,77.13179789151741,76.82626873394736,77.08319146169522,1762900
2013-01-04,76.93038177490234,76.93732706014845,76.76373201289874,76.79150255848232,1286800
2013-01-07,76.8887939453125,76.95128567899015,76.85407278368795,76.93045510109759,1854400
2013-01-08,76.95818328857422,76.99984441854662,76.90263158347624,76.93040743602522,1784500
2013-01-09,76.9026870727539,76.97212410537772,76.87491120016317,76.97212410537772,1346900
2013-01-10,76.8957290649414,76.94433550951126,76.8332373352252,76.8679531969436,1128700
2013-01-11,76.9720458984375,77.01371231384171,76.81234141544002,76.82622668877434,1120000
2013-01-14,77.04155731201172,77.08322376768159,76.98601086729478,77.03461731748818,870200
2013-01-15,77.0623550415039,77.12484674751565,77.04151917513022,77.08318561017448,2561100
2013-01-16,77.10401153564453,77.14567267047686,77.02068396827708,77.09012095889855,1232000
2013-01-17,76.93733978271484,77.01372203995153,76.87484280056607,76.92344920992565,1281000
2013-01-18,77.02767181396484,77.03461710617506,76.95823478497985,76.99295065061948,654700
2013-01-22,76.9859619140625,77.04150832345901,76.90263435341416,76.90263435341416,1459000
2013-01-23,77.06932830810547,77.08321889168535,76.72908317827425,77.04849773044107,1393800
2013-01-24,76.9651107788086,77.04149303648782,76.95122550364025,76.99983191328145,659800
2013-01-25,76.77763366699219,76.86096121462299,76.72208196857166,76.7984642294745,877800
2013-01-28,76.66658782958984,76.67352782334707,76.56936964223188,76.57631493369426,1067500
2013-01-29,76.61798858642578,76.72214678453322,76.56244213878037,76.66660033688781,837700
2013-01-30,76.58323669433594,76.59018198366432,76.48602383455257,76.52768497511586,1362200
2013-01-31,76.65270233154297,76.65270233154297,76.5624347273645,76.59021059735146,1970000
2013-02-01,76.48635864257812,76.79942601757351,76.47244147026728,76.79246743141809,1340000
2013-02-04,76.70208740234375,76.72295786938767,76.59077116764254,76.59077116764254,805400
2013-02-05,76.54208374023438,76.60470045911362,76.54208374023438,76.55600092569689,1905900
2013-02-06,76.67424774169922,76.70903538719571,76.60467775855571,76.61163634922491,1229600
2013-02-07,76.70208740234375,76.76469880347551,76.63947600121197,76.65338787662452,1147900
2013-02-08,76.72296142578125,76.72296142578125,76.56295096579395,76.64643283783934,681400
2013-02-11,76.64639282226562,76.7020509131382,76.62552236515033,76.7020509131382,1384100
2013-02-12,76.63251495361328,76.65338541998833,76.5838154294548,76.5977273044215,666800
2013-02-13,76.55598449707031,76.59076683756035,76.48641450824033,76.48641450824033,902200
2013-02-14,76.69511413574219,76.69511413574219,76.53510371378863,76.53510371378863,731900
2013-02-15,76.70208740234375,76.70208740234375,76.56990070059861,76.6603464682559,1864700
2013-02-19,76.61164855957031,76.72991808054898,76.57686090852937,76.70904761306456,1391300
2013-02-20,76.66030883789062,76.70204975148904,76.54899265783136,76.59073357142978,2028900
2013-02-21,76.70208740234375,76.78557457836965,76.69512881071236,76.70904599397512,829600
2013-02-22,76.74376678466797,76.7715958210232,76.72985492041333,76.74376678466797,955700
2013-02-25,77.03604125976562,77.07082360694538,76.66731016313341,76.72992688061848,1181500
2013-02-26,77.01514434814453,77.10559010326456,76.97340341984265,76.97340341984265,801300
2013-02-27,77.03604125976562,77.11256454670148,76.95951266497883,77.10561126197608,520300
2013-02-28,77.10554504394531,77.10554504394531,77.00814606292646,77.00814606292646,1211900
2013-03-01,77.13274383544922,77.17456360921224,77.07000885692909,77.11880036561115,1076800
2013-03-04,77.0770034790039,77.13276673916329,77.07003174201469,77.12579500217406,782100
2013-03-05,77.01428985595703,77.07005313159262,77.00732343491157,77.04914323269894,804400
2013-03-06,76.93061065673828,76.9863685857912,76.90272903327387,76.95152054486762,974300
2013-03-07,76.7702865600586,76.85393142381517,76.6517936581434,76.85393142381517,1047000
2013-03-08,76.5472412109375,76.64482422931833,76.51935958884646,76.57512283302854,2006800
2013-03-11,76.58908081054688,76.6169624398552,76.54726102552291,76.56119918123855,1163500
2013-03-12,76.72848510742188,76.72848510742188,76.6239303322307,76.63090206867724,1656200
2013-03-13,76.66572570800781,76.72846068030104,76.61693420416867,76.61693420416867,1137000
2013-03-14,76.7494125366211,76.77729417090167,76.60303794505661,76.60303794505661,1090700
2013-03-15,76.81908416748047,76.84696579094656,76.72150114428712,76.72150114428712,661500
2013-03-18,76.8887939453125,76.9375854622257,76.8678840549035,76.92364730791186,1231900
2013-03-19,77.00028991699219,77.0978729121222,76.94452668609665,76.96543656821387,1104800
2013-03-20,76.91663360595703,77.00725017212417,76.89572372695649,76.94451521724895,1275100
2013-03-21,76.93061065673828,76.99334032112628,76.91666718606811,76.97243043299696,906400
2013-03-22,76.95851135253906,77.03517918872161,76.91668624803911,77.03517918872161,776000
2013-03-25,76.93061065673828,77.03516009738496,76.9236389214032,76.95152054486762,981100
2013-03-26,77.02125549316406,77.03519365202942,76.88881905349098,76.88881905349098,964700
2013-03-27,77.18158721923828,77.19552538056882,77.07006065707712,77.10491403722227,1028800
2013-03-28,77.18158721923828,77.21643528150425,77.1258239381577,77.14673383909312,2343300
2013-04-01,77.25141906738281,77.25840721262693,77.12565910495385,77.16059450078141,1580800
2013-04-02,77.16756439208984,77.21647073982207,77.13962247657895,77.20948792614041,875300
2013-04-03,77.25141906738281,77.33526081913313,77.19552456621594,77.2304599620435,1260300
2013-04-04,77.46797943115234,77.46797943115234,77.34920765101701,77.35619579408126,1263800
2013-04-05,77.69158935546875,77.73351290360115,77.628712028861,77.6706302465995,1013800
2013-04-08,77.55888366699219,77.71259097943931,77.55888366699219,77.65669644211373,1027000
2013-04-09,77.5867919921875,77.64268117106393,77.51692119040283,77.62172206268605,1286600
2013-04-10,77.42613983154297,77.48902252217286,77.39120441114895,77.4820343720147,1281600
2013-04-11,77.44005584716797,77.48896753316879,77.42608488716272,77.44005584716797,1037400
2013-04-12,77.69158935546875,77.6985775018898,77.5308993005419,77.56582937185935,873700
2013-04-15,77.72651672363281,77.75446397603459,77.6426749664275,77.66363940352386,1521700
2013-04-16,77.72651672363281,77.7474758303358,77.66363940352386,77.70555761692984,593000
2013-04-17,77.72651672363281,77.85926483994288,77.69158132553227,77.69158132553227,1078500
2013-04-18,77.7125244140625,77.79636081784358,77.69854812650439,77.75444261595304,1153800
2013-04-19,77.71952819824219,77.74747545050742,77.69158094597695,77.72651634390682,373600
2013-04-22,77.81735229492188,77.82434044160837,77.72652770957392,77.74049867255279,1113800
2013-04-23,77.7823715209961,77.90813142740768,77.75442428286122,77.86620790501006,747900
2013-04-24,77.76844024658203,77.8173466090258,77.73351017649003,77.74748113844808,743900
2013-04-25,77.73348236083984,77.76142960514922,77.69854697285518,77.74745331779863,848700
2013-04-26,77.89419555664062,77.92214280927523,77.79638283761616,77.81035912913018,678500
2013-04-29,77.94310760498047,77.95009575124752,77.88023027975842,77.89420124189871,869400
2013-04-30,77.92916107177734,78.02697382860282,77.88724284182227,77.96409115327475,1853100
2013-05-01,77.96548461914062,78.04247762516859,77.94448749750781,78.02848132410053,1741300
2013-05-02,77.97250366210938,78.02849955959093,77.94450571336861,77.95150653556948,875500
2013-05-03,77.6855697631836,77.83255506673346,77.6505763138044,77.83255506673346,580000
2013-05-06,77.55955505371094,77.69254400000881,77.55955505371094,77.65054973909946,686300
2013-05-07,77.51758575439453,77.58757799180303,77.51758575439453,77.54558371737102,931600
2013-05-08,77.58757781982422,77.6225766084836,77.52458640831583,77.57358150839971,1032600
2013-05-09,77.48255157470703,77.6575347583356,77.48255157470703,77.58754255289676,537900
2013-05-10,77.32858276367188,77.51056145781627,77.23758807653587,77.47556801974102,423100
2013-05-13,77.25858306884766,77.26558389229443,77.19559167801755,77.23758593857096,563400
2013-05-14,77.07656860351562,77.30754226941313,77.07656860351562,77.25854720815472,994500
2013-05-15,77.18860626220703,77.21660422151919,77.06261811533466,77.1816054373628,926800
2013-05-16,77.39856719970703,77.39856719970703,77.24458113547615,77.24458113547615,1965700
2013-05-17,77.2095718383789,77.34956157772092,77.16757758660756,77.34256075573819,621800
2013-05-20,77.13257598876953,77.25856407952686,77.06958461342204,77.2165698292952,1710100
2013-05-21,77.19556427001953,77.21656139284127,77.04157824924437,77.08357249488786,992300
2013-05-22,76.93663787841797,77.32860400902204,76.87364646853791,77.24461012245004,1134400
2013-05-23,76.90861511230469,77.02760774825482,76.85262454604621,77.01360610164255,1107200
2013-05-24,76.90861511230469,77.02760774825482,76.87362167590109,76.95061471207796,640100
2013-05-28,76.43270111083984,76.83866363680727,76.41170396985298,76.83166280978952,1082800
2013-05-29,76.5376968383789,76.55869398065038,76.41870947212946,76.47470541156451,1369400
2013-05-30,76.51669311523438,76.62868498447251,76.49569597476878,76.5446910825439,1301000
2013-05-31,76.36972045898438,76.62169686649806,76.20873345526897,76.57270175059635,1616800
2013-06-03,76.408203125,76.48533397647712,76.2399200625145,76.28198949073035,2110400
2013-06-04,76.23993682861328,76.35212377840087,76.20487539764157,76.31005434093343,980500
2013-06-05,76.19788360595703,76.35915874459612,76.19788360595703,76.32409730370182,1160600
2013-06-06,76.39421844482422,76.49238406441599,76.15581775427995,76.19087919683061,1142500
2013-06-07,76.15583801269531,76.36619602470701,76.10675518984277,76.19790747524706,1337400
2013-06-10,76.00154113769531,76.08568537362434,75.9594716945428,75.9734930590523,1173300
2013-06-11,76.0085678100586,76.04362390228553,75.72809232411835,75.86131938360558,1118700
2013-06-12,75.88235473632812,76.07868597322225,75.86832801962142,75.9594856293401,1469500
2013-06-13,76.25403594970703,76.25403594970703,75.89642931770202,75.89642931770202,999000
2013-06-14,76.27503204345703,76.42929385948055,76.27503204345703,76.30308013270005,1219800
2013-06-17,76.21894073486328,76.38722928107386,76.20491936415891,76.32411973883829,1694700
2013-06-18,76.19088745117188,76.23997026628527,76.09271647131945,76.16984737358703,1067500
2013-06-19,75.67901611328125,76.30307131535267,75.58786384599428,76.30307131535267,975800
2013-06-20,75.1741714477539,75.39855081653825,75.11106725792055,75.25831571715783,3057100
2013-06-21,74.75342559814453,75.24425356446827,74.69732944495793,75.10401853112538,1979500
2013-06-24,74.45191955566406,74.74641635165172,74.19949220206782,74.33271923580581,2270900
2013-06-25,74.53607940673828,74.74643201239192,74.47296988030467,74.65527975157119,1687400
2013-06-26,74.85160064697266,74.9427528951979,74.71136559591469,74.83056592427639,995800
2013-06-27,75.16716003417969,75.16716003417969,74.95680737966245,75.01290356071756,1333700
2013-06-28,75.1741714477539,75.27233708724542,74.92174398916823,74.97784016877087,2674000
2013-07-01,75.27811431884766,75.31323526874935,75.1095144650391,75.1095144650391,950300
2013-07-02,75.27811431884766,75.38348252807508,75.25703531747983,75.33430891059483,636900
2013-07-03,75.17272186279297,75.36238995127016,75.17272186279297,75.32024267816878,442600
2013-07-05,74.35081481933594,74.65288279145034,74.33676751437486,74.58263554760258,1476400
2013-07-08,74.73722076416016,74.77234708373479,74.54052623739958,74.54052623739958,641800
2013-07-09,74.8144760131836,74.86364963280197,74.76530239356522,74.86364963280197,1726000
2013-07-10,74.61780548095703,74.87772097112763,74.61780548095703,74.87772097112763,717100
2013-07-11,75.11656188964844,75.12358822541053,74.89879371673823,75.00416195555036,1044200
2013-07-12,75.03225708007812,75.2640779095001,74.94093615918015,75.2640779095001,616300
2013-07-15,75.19385528564453,75.19385528564453,75.04633435297548,75.10955531289424,757500
2013-07-16,75.3132553100586,75.32028164571761,75.21490804892731,75.26408167949295,585900
2013-07-17,75.474853515625,75.55212715453284,75.37650622238331,75.474853515625,693500
2013-07-18,75.33427429199219,75.47477410560164,75.29212702766928,75.4256005107183,576900
2013-07-19,75.53101348876953,75.55209249295835,75.36944530665006,75.43969257537692,563200
2013-07-22,75.62934875488281,75.65042239471646,75.53099616978942,75.5380225029079,684100
2013-07-23,75.58718872070312,75.60124138556527,75.46776786698133,75.52396780738734,502200
2013-07-24,75.34136962890625,75.39756960582449,75.1868223721435,75.33434329191027,956800
2013-07-25,75.36944580078125,75.37647213555692,75.13059865411634,75.17977227849984,917100
2013-07-26,75.34835815429688,75.42563174390051,75.32025817993899,75.41157907696052,771600
2013-07-29,75.34835815429688,75.35537912824476,75.25703189775325,75.34835815429688,459600
2013-07-30,75.32027435302734,75.40456893467896,75.23597441185247,75.34837433341896,662400
2013-07-31,75.37644958496094,75.39049689078661,75.00412898656204,75.03222895773487,1361900
2013-08-01,74.95060729980469,75.2039856913478,74.88726538680841,75.19694591108853,1162600
2013-08-02,75.20404052734375,75.28146205731143,75.10550501098176,75.16885233994755,841800
2013-08-05,75.23925018310547,75.27443837803071,75.12663507186296,75.26036417401743,1166600
2013-08-06,75.16182708740234,75.2392486323398,75.133673310172,75.20405506835588,595700
2013-08-07,75.2603530883789,75.3307348376464,75.21812511277506,75.25331330251717,460600
2013-08-08,75.36592864990234,75.45742438727859,75.32369530437362,75.38000285188974,848700
2013-08-09,75.4151840209961,75.44333779012855,75.2884947447912,75.35183669800244,389800
2013-08-12,75.36592864990234,75.49965236302404,75.30962110238622,75.49965236302404,713400
2013-08-13,75.06324768066406,75.13362939771278,74.971746615698,75.0843616588006,525100
2013-08-14,74.96473693847656,75.06327244881406,74.95769715351457,74.99289070854194,756200
2013-08-15,74.69727325439453,74.8450765089124,74.64800550288858,74.76766035921634,765600
2013-08-16,74.4861831665039,74.75363610547338,74.41580137938416,74.75363610547338,777300
2013-08-19,74.25385284423828,74.45796360543507,74.23273886373195,74.45796360543507,734000
2013-08-20,74.47208404541016,74.49319803902706,74.39466248895835,74.42985605817636,984600
2013-08-21,74.19757843017578,74.5002248153251,74.19757843017578,74.40168928246567,656300
2013-08-22,74.28905487060547,74.32424305220508,74.1342118361775,74.26793551790728,821600
2013-08-23,74.53543090820312,74.55654490168183,74.21870489666836,74.2820522468892,653100
2013-08-26,74.66908264160156,74.68316220353135,74.60574072225609,74.68316220353135,922400
2013-08-27,74.86621856689453,74.92252075013168,74.71841526755239,74.82398521723692,676400
2013-08-28,74.72539520263672,74.83097044513097,74.69724144665292,74.83097044513097,648500
2013-08-29,74.87322998046875,74.90842353274033,74.60577724046414,74.6620847761858,476200
2013-08-30,74.75361633300781,74.9718014263045,74.75361633300781,74.88734545201403,1670400
2013-09-03,74.56881713867188,74.71689641365371,74.41368493255466,74.48419810447788,1345200
2013-09-04,74.46305084228516,74.63933647656131,74.42074401159827,74.63933647656131,546100
2013-09-05,73.96244812011719,74.27976031510475,73.95539518383784,74.27976031510475,1058500
2013-09-06,74.23739624023438,74.37842795805386,74.20214234563697,74.27265551464174,639500
2013-09-09,74.385498046875,74.4701171032051,74.3290907224665,74.4630641702247,897200
2013-09-10,74.25154113769531,74.3784670605558,74.21628184475132,74.27974211627517,628400
2013-09-11,74.50537872314453,74.50537872314453,74.31498718538819,74.35024647158359,2315600
2013-09-12,74.42076110839844,74.62525313671432,74.42076110839844,74.60409971651127,846400
2013-09-13,74.52652740478516,74.57588717443353,74.47011470238375,74.49126812083144,655300
2013-09-16,74.6816635131836,74.94256286062837,74.64640422740429,74.94256286062837,866200
2013-09-17,74.75215911865234,74.78741301632608,74.67459301203552,74.74510618719343,865400
2013-09-18,75.37975311279297,75.44321337130015,74.604097245439,74.69576385655326,1113400
2013-09-19,75.28807067871094,75.40794900561572,75.23871091344812,75.35153630822651,661800
2013-09-20,75.28807067871094,75.3585892403529,75.23166336113266,75.33743044397376,482800
2013-09-23,75.34452056884766,75.39388035847624,75.25285392519847,75.309266650435,855800
2013-09-24,75.520751953125,75.56306415650994,75.40793196365449,75.44318585669728,718200
2013-09-25,75.6265640258789,75.67592380585481,75.49258517459607,75.5066910430535,647700
2013-09-26,75.61245727539062,75.61245727539062,75.5207852774468,75.59129847445676,588100
2013-09-27,75.65475463867188,75.70411440837564,75.57013558497479,75.5912890034462,427900
2013-09-30,75.59129333496094,75.68296532667193,75.55603942875894,75.65475897382329,1439500
2013-10-01,75.53548431396484,75.65557123051889,75.48603644306532,75.64144557715348,2278900
2013-10-02,75.6344223022461,75.71919243802908,75.57790887839077,75.64854796350156,576900
2013-10-03,75.69088745117188,75.74033531815373,75.5566695024726,75.5566695024726,905000
2013-10-04,75.62730407714844,75.65556076938584,75.5566650412614,75.62730407714844,558700
2013-10-07,75.61323547363281,75.7615791777403,75.59910442214617,75.7474535156707,559600
2013-10-08,75.5778579711914,75.6908847427703,75.56373231945061,75.63437135698085,407000
2013-10-09,75.52137756347656,75.65559016698921,75.50018099400239,75.65559016698921,771500
2013-10-10,75.60612487792969,75.64144709617314,75.40833339035954,75.47190691590116,2191900
2013-10-11,75.6344223022461,75.77570047246768,75.61323111565453,75.74038362462065,1032200
2013-10-14,75.49311828613281,75.6697186331571,75.47898724029854,75.65558758732283,412900
2013-10-15,75.45777893066406,75.64850489080946,75.43658775613832,75.62731371628371,946900
2013-10-16,75.7827377319336,75.7827377319336,75.40128034731336,75.42953704870168,774700
2013-10-17,75.99466705322266,76.0653061182656,75.89577128427952,75.93815364542223,1027300
2013-10-18,76.12181091308594,76.1641932694332,76.06529751167984,76.11474539055652,632400
2013-10-21,76.05113983154297,76.10058768959757,75.99462645393419,76.08645665048921,734700
2013-10-22,76.3195571899414,76.34074835555391,76.23478713807998,76.27717485871639,1572300
2013-10-23,76.29838562011719,76.40434686480525,76.29132009996124,76.3407679622273,694300
2013-10-24,76.27015686035156,76.39024379991663,76.24896568153594,76.39024379991663,532800
2013-10-25,76.29838562011719,76.36195913328235,76.26306340875024,76.29838562011719,484300
2013-10-28,76.2630615234375,76.35489172554352,76.2489358728876,76.29131821394996,936200
2013-10-29,76.35491180419922,76.35491180419922,76.19950804963393,76.23482488000211,521400
2013-10-30,76.213623046875,76.43967120939624,76.16417517974264,76.36903216912334,492100
2013-10-31,76.220703125,76.3761122769297,76.15006407123587,76.369046754729,1793600
2013-11-01,76.03669738769531,76.17823008176549,76.00839624780151,76.17115209733193,1262300
2013-11-04,76.11455535888672,76.1428619037772,76.05794766802715,76.10748277185515,421700
2013-11-05,75.88809204101562,76.02254675053335,75.87394147108124,76.00131819617167,873100
2013-11-06,76.00841522216797,76.04379435532721,75.96595270388666,75.99425924976701,557300
2013-11-07,76.06501770019531,76.135781360584,76.02256058374634,76.07209568591055,804300
2013-11-08,75.59088134765625,75.67580096387222,75.54842423900837,75.64041644071885,796600
2013-11-11,75.5484390258789,75.59797412863686,75.49182593732088,75.59089614283678,1281400
2013-11-12,75.52009582519531,75.56963090390963,75.48471131229137,75.51301784283079,1130600
2013-11-13,75.7182846069336,75.74659115559189,75.62629237298573,75.67582748340722,673300
2013-11-14,75.95181274414062,75.95181274414062,75.7890514323143,75.80320740669346,1437800
2013-11-15,75.97300720214844,75.99423575526525,75.91639412789034,75.98008518616068,1853400
2013-11-18,76.12166595458984,76.12166595458984,76.01551771550807,76.02259570449317,856100
2013-11-19,75.91639709472656,76.07208035556052,75.90224652506899,76.05792978590294,1703100
2013-11-20,75.70409393310547,76.04376153924555,75.6757873994406,75.9588419382509,984800
2013-11-21,75.7819595336914,75.79611550547193,75.57674653316595,75.66166076816369,1362900
2013-11-22,75.88809204101562,75.90932059537732,75.80317782356883,75.81025040907592,919400
2013-11-25,75.9446792602539,75.99421433653846,75.88099361885308,75.89514418396936,692300
2013-11-26,75.96595001220703,76.08624877874479,75.95179943922905,75.95887202625734,1625600
2013-11-27,76.00135040283203,76.05796350440066,75.86689563633718,76.02965695361635,932800
2013-11-29,76.0296401977539,76.06501932924535,75.86687891634502,75.93056999130374,956500
2013-12-02,75.74110412597656,75.94671106375722,75.74110412597656,75.93252829058996,1518700
2013-12-03,75.83325958251953,75.87579707760275,75.79072208743631,75.84035096808084,1478600
2013-12-04,75.6347427368164,75.69854897832504,75.57093108616556,75.58511385704007,1205300
2013-12-05,75.47163391113281,75.64888059050057,75.47163391113281,75.59216576404881,1882800
2013-12-06,75.59928894042969,75.65600920393389,75.49294520778686,75.52839131562045,2883600
2013-12-09,75.69145965576172,75.72690576309651,75.62056203195017,75.6489167541612,1379500
2013-12-10,75.81200408935547,75.91126186799798,75.78364395129428,75.897084503539,2986900
2013-12-11,75.69145965576172,75.82616351826107,75.69145965576172,75.81198615715554,4010300
2013-12-12,75.5779800415039,75.66306039155948,75.5567113062748,75.66306039155948,2260000
2013-12-13,75.61344909667969,75.75524430389056,75.5921803565121,75.75524430389056,3461600
2013-12-16,75.67017364501953,75.80487747678555,75.62763075312539,75.80487747678555,804900
2013-12-17,75.79779815673828,75.8332442590977,75.67018028813371,75.69853500636476,1381500
2013-12-18,75.76239776611328,75.93255323601848,75.50716185668304,75.71986025092319,1446100
2013-12-19,75.6347427368164,75.68437161659274,75.48585609748739,75.56384510987053,2011400
2013-12-20,75.76239776611328,75.81202667021667,75.64187120031147,75.76239776611328,1378300
2013-12-23,75.72689056396484,75.84033106660827,75.69853043830398,75.76234207332614,1926700
2013-12-24,75.62055969238281,75.69145731400091,75.59928553766976,75.66309718352531,688500
2013-12-26,75.57791137695312,75.59922207435066,74.8391098215757,75.54949530715271,750800
2013-12-27,75.6063461303711,75.62765683303486,75.50689257139854,75.57082467938983,1320400
2013-12-30,75.67737579345703,75.71999719438088,75.61344369207126,75.66317046641971,1226500
2013-12-31,75.6063461303711,75.7129050635024,75.56372472504356,75.64186758135236,3280300
2014-01-02,75.65606689453125,75.70579367006381,75.60634011899869,75.62054544637425,1346600
2014-01-03,75.68447875976562,75.74841085911807,75.57791984103316,75.62054124060145,2293500
2014-01-06,75.78388977050781,75.78388977050781,75.67733091158303,75.67733091158303,4413900
2014-01-07,75.81941986083984,75.85493587133413,75.77679306051363,75.8265198110531,1255700
2014-01-08,75.59214782714844,75.74132817947161,75.58504245232935,75.70580672518909,1090800
2014-01-09,75.69868469238281,75.71289543889384,75.59923114605277,75.69868469238281,829400
2014-01-10,76.08228302001953,76.08228302001953,75.8975812796243,75.95441341817838,1484400
2014-01-13,76.15328216552734,76.2314249617676,76.11066079296295,76.11776616165979,1139500
2014-01-14,76.03970336914062,76.1888837498816,75.99708195173292,76.13915695630126,987500
2014-01-15,75.9757308959961,75.99704701471461,75.88338272746195,75.92600412527594,1664800
2014-01-16,76.15328216552734,76.16038753422418,76.06093405170172,76.10355542426612,3113700
2014-01-17,76.1888656616211,76.22438711423692,76.08230672358636,76.13913887984658,588700
2014-01-21,76.2243881225586,76.2527987812518,76.13203451246086,76.16045059096687,1777100
2014-01-22,76.0610122680664,76.18177656105746,76.02549080786251,76.08942835226675,892900
2014-01-23,76.25989532470703,76.38065957951312,76.19596322033163,76.20306317427635,1901200
2014-01-24,76.42324829101562,76.47297504289139,76.3380001078817,76.35221084830876,783200
2014-01-27,76.25989532470703,76.46590780515915,76.25278995095016,76.38776495327,1335000
2014-01-28,76.38776397705078,76.40907467823689,76.28831042497416,76.33803720101247,1306400
2014-01-29,76.61508178710938,76.66480855966299,76.49431754230942,76.49431754230942,1116200
2014-01-30,76.62928771972656,76.63638767263699,76.51562343542322,76.55114487922086,3074400
2014-01-31,76.77140045166016,76.77140045166016,76.65774153121124,76.72167365774862,3195200
2014-02-03,77.03186798095703,77.03186798095703,76.66175896106131,76.71158070256698,1976100
2014-02-04,76.84680938720703,76.92510146686426,76.78274976286826,76.83969044446665,2289000
2014-02-05,76.65467071533203,76.81125494567397,76.64755719952721,76.78278459196046,1162000
2014-02-06,76.61907196044922,76.63330441945855,76.54789880507516,76.59772055685337,1127700
2014-02-07,76.74005889892578,76.79699958937779,76.6190640043376,76.64041540571633,611700
2014-02-10,76.81834411621094,76.8468144588891,76.73293308817644,76.7685223740648,1097200
2014-02-11,76.66885375976562,76.71155654470472,76.60479415219612,76.65461587801202,1493200
2014-02-12,76.54074096679688,76.59056269325849,76.47668135839713,76.56921130051222,714100
2014-02-13,76.70443725585938,76.74002652992108,76.64750201958581,76.69020480433119,777400
2014-02-14,76.70443725585938,76.71155619670388,76.62615062721312,76.69020480433119,708800
2014-02-18,76.75433349609375,76.82551211331878,76.68316030903482,76.69739820454627,940900
2014-02-19,76.69734191894531,76.91086132342738,76.67599052151331,76.8468071311314,902600
2014-02-20,76.65467071533203,76.69737896098466,76.56214613838668,76.6617896613016,894000
2014-02-21,76.72579956054688,76.72579956054688,76.59056682564285,76.59768576699602,395300
2014-02-24,76.65467071533203,76.72584931469818,76.64043825355765,76.72584931469818,838500
2014-02-25,76.86103820800781,76.882389605057,76.76139473500356,76.76139473500356,542100
2014-02-26,77.02473449707031,77.02473449707031,76.86815035899467,76.8966206959322,617000
2014-02-27,77.10303497314453,77.13150531318637,77.03186183812102,77.04609429306088,628900
2014-02-28,77.06034088134766,77.09593017046777,76.95358387431354,77.03898947994082,1589500
2014-03-03,77.25997161865234,77.28136252654078,77.11736193925582,77.16014375503266,2533900
2014-03-04,76.97476959228516,77.18868961487776,76.95337867806832,77.18868961487776,953700
2014-03-05,77.01753997802734,77.02466665439594,76.87492484749068,76.88918908064981,2852300
2014-03-06,76.84638977050781,76.88917702306449,76.78934916744909,76.8392630952568,689200
2014-03-07,76.63246154785156,76.69663425488157,76.59680641713992,76.6253294336674,701700
2014-03-10,76.63246154785156,76.69663425488157,76.6253294336674,76.6538524501949,877800
2014-03-11,76.62540435791016,76.69670924884618,76.61114555580873,76.67531832558682,2060700
2014-03-12,76.79651641845703,76.81078065691587,76.72521154680182,76.77512550098176,943300
2014-03-13,76.99616241455078,77.05320303644156,76.68954663101371,76.70380542643343,660900
2014-03-14,76.96049499511719,77.13162771392797,76.96049499511719,77.10310468742433,741800
2014-03-17,76.91775512695312,76.99619213256547,76.88923208489283,76.94627816901344,590800
2014-03-18,77.01045227050781,77.01045227050781,76.90349222097818,76.92488314284128,568500
2014-03-19,76.66815185546875,76.99616399920404,76.58972031872824,76.99616399920404,702000
2014-03-20,76.61109924316406,76.67527197414869,76.57544409914294,76.61822591979936,1100600
2014-03-21,76.71810913085938,76.76089642258903,76.62541330583944,76.668195157354,756600
2014-03-24,76.8321533203125,76.8464121151707,76.65388846342083,76.71093452327698,712800
2014-03-25,76.75373077392578,76.88921383149524,76.74659865505035,76.78938592809018,1377600
2014-03-26,76.99616241455078,76.99616241455078,76.810765432823,76.83215634605853,593900
2014-03-27,77.05317687988281,77.06744111067229,76.9034350978537,76.91769932864318,1299200
2014-03-28,76.93913269042969,77.08174243575759,76.89634541466086,77.08174243575759,865600
2014-03-31,76.94624328613281,76.99615722705681,76.82501905227892,76.88919722787351,1452200
2014-04-01,76.82836151123047,76.92123370665577,76.82836151123047,76.91409346509187,760000
2014-04-02,76.69976806640625,76.79264026396348,76.67833644009045,76.69262237411225,1550700
2014-04-03,76.7569351196289,76.82837570242637,76.72121210294664,76.77122105596156,1126700
2014-04-04,76.9998550415039,77.04986400806041,76.90698280377569,76.9141284991605,1043600
2014-04-07,77.1141586303711,77.19988516633899,77.07843560667237,77.1141586303711,679500
2014-04-08,77.20699310302734,77.2641477327665,77.10697522626656,77.14269823249491,1435700
2014-04-09,77.21417236328125,77.30704458905952,77.10700874857227,77.15701770869408,1167100
2014-04-10,77.39277648925781,77.50708034774365,77.26418124185633,77.27846718020412,1033300
2014-04-11,77.4642105102539,77.57137411575827,77.44992457311811,77.57137411575827,1168700
2014-04-14,77.49279022216797,77.51422185381554,77.44278126480111,77.46421289644869,1002800
2014-04-15,77.49994659423828,77.59996452275253,77.43564623986865,77.47136926458158,1442100
2014-04-16,77.54278564453125,77.54278564453125,77.39989904087552,77.44991344007998,2245600
2014-04-17,77.29273223876953,77.53563126191148,77.22843191168926,77.53563126191148,1262900
2014-04-21,77.2856216430664,77.36420793931482,77.24989861729222,77.34991654877777,1018200
2014-04-22,77.27132415771484,77.27132415771484,77.19273787320827,77.2284554430773,1034800
2014-04-23,77.34988403320312,77.41418436245303,77.30702078074732,77.32845240697522,746000
2014-04-24,77.42135620117188,77.42135620117188,77.28561525513162,77.31419258327526,494000
2014-04-25,77.43563079833984,77.54994009417204,77.42848510470851,77.46420812229789,489700
2014-04-28,77.3856201171875,77.48563802352515,77.34275685749054,77.43562907035633,523300
2014-04-29,77.42135620117188,77.44278783463758,77.32847852206307,77.34276991141888,858600
2014-04-30,77.5784683227539,77.59275970197636,77.428441544303,77.48559616006453,1313000
2014-05-01,77.69161987304688,77.79897379714934,77.5699429915222,77.5699429915222,1727500
2014-05-02,77.78467559814453,77.85624671378658,77.54848600205231,77.62005711769434,1075300
2014-05-05,77.75605010986328,77.82762122923324,77.69879103015676,77.81330918956981,1261100
2014-05-06,77.813232421875,77.82039116490736,77.74166137311441,77.79176165329892,786800
2014-05-07,77.813232421875,77.87049144509187,77.74166137311441,77.79891493581029,664900
2014-05-08,77.86334228515625,77.94207208663893,77.78461248367357,77.85618354124283,2023400
2014-05-09,77.79183197021484,77.88487387165313,77.77036118223108,77.83477354618236,812800
2014-05-12,77.7273941040039,77.76318238176626,77.68445253910872,77.75602363410889,472900
2014-05-13,77.8562240600586,77.87054155533673,77.81328249527324,77.84191202530499,577500
2014-05-14,78.07809448242188,78.12104150684631,77.94926979072179,77.94926979072179,1321600
2014-05-15,78.24269104003906,78.33573288932217,78.1782787121945,78.22837900958123,2408900
2014-05-16,78.1567611694336,78.26412045295743,78.13529040483283,78.17107865284744,558700
2014-05-19,78.1281509399414,78.29276380467101,78.12099219696853,78.25697555032755,945900
2014-05-20,78.16397857666016,78.23554966588665,78.12819576230896,78.12819576230896,1102200
2014-05-21,78.1353530883789,78.14251183582888,78.07094074290224,78.12104105400333,804400
2014-05-22,78.0995864868164,78.14252805938283,78.05663945372449,78.11389852416339,633900
2014-05-23,78.17828369140625,78.19259572277564,78.11386589893601,78.14249542219798,435500
2014-05-27,78.24980926513672,78.24980926513672,78.08519096724072,78.19255025191028,762600
2014-05-28,78.46453857421875,78.5074855732657,78.3213964721187,78.36433801064449,692300
2014-05-29,78.4216537475586,78.60774298327897,78.40018296276877,78.54332516838436,981400
2014-05-30,78.49320983886719,78.49320983886719,78.33575016648847,78.38585047492496,5554700
2014-06-02,78.25440979003906,78.41933948306169,78.22572612730255,78.36914444098511,2822900
2014-06-03,78.04644775390625,78.18986604997643,78.00342500050948,78.17552148494512,864600
2014-06-04,78.01776885986328,78.07513070692391,77.96757382440488,78.07513070692391,1445700
2014-06-05,78.11815643310547,78.14684009114296,77.99624951873405,78.032105458993,643500
2014-06-06,78.07514190673828,78.24724388515372,78.07514190673828,78.23289931819444,839500
2014-06-09,78.00345611572266,78.06799574241094,77.98911701582013,78.046478886281,1133400
2014-06-10,77.88870239257812,77.97474790661651,77.88870239257812,77.91738605420727,823300
2014-06-11,77.94607543945312,78.0034427709504,77.90305267625509,77.967592291902,1171200
2014-06-12,78.09666442871094,78.16119857216633,77.93173472179762,77.97475748410122,1224200
2014-06-13,78.07514190673828,78.09665875717722,77.95324044183101,77.98192410490026,1040900
2014-06-16,78.03214263916016,78.1325327547003,78.01780353873342,78.06799859650349,1308900
2014-06-17,77.88870239257812,78.0106038513652,77.88153010945858,77.98909247285562,842300
2014-06-18,78.09666442871094,78.09666442871094,77.90305105664532,77.96759067095044,504400
2014-06-19,77.98193359375,78.1827137888163,77.93173854498343,78.16120240660919,690000
2014-06-20,78.11815643310547,78.11815643310547,77.96757133154493,77.96757133154493,690600
2014-06-23,78.04644775390625,78.17552148494512,78.04644775390625,78.15401010824674,559700
2014-06-24,78.1827163696289,78.19706093880717,78.07515398419275,78.1325213192054,740800
2014-06-25,78.2903060913086,78.3620125496867,78.24011102335872,78.30464519464338,713700
2014-06-26,78.44085693359375,78.45520150149689,78.34046684167056,78.34046684167056,673700
2014-06-27,78.44085693359375,78.51973564451191,78.41217326863716,78.48387969560378,668200
2014-06-30,78.4480209350586,78.51972735445449,78.41933727313041,78.49821597572063,1046900
2014-07-01,78.3517837524414,78.43080405187312,78.33741891648562,78.38051890502292,1038500
2014-07-02,78.07878875732422,78.25837930614082,78.07878875732422,78.25837930614082,1381400
2014-07-03,78.02851867675781,78.05725382779252,77.92076323054509,77.9782335326145,634500
2014-07-07,78.0500259399414,78.12186103786588,78.02847595863074,78.07157592125209,1253300
2014-07-08,78.20808410644531,78.28710437620833,78.18652863959984,78.18652863959984,2024000
2014-07-09,78.27274322509766,78.33021351540874,78.14343781223197,78.21527293478655,785500
2014-07-10,78.30865478515625,78.43796018358765,78.30865478515625,78.43077502793369,791500
2014-07-11,78.41636657714844,78.49538132271714,78.40199627383421,78.41636657714844,606800
2014-07-14,78.3517837524414,78.39488374097871,78.30149860559122,78.38051890502292,710400
2014-07-15,78.25118255615234,78.4164082480785,78.2296325703941,78.29428252766883,660200
2014-07-16,78.3158950805664,78.33745056421327,78.27279507461702,78.30871540002296,725600
2014-07-17,78.54573059082031,78.57446574025901,78.38769548991147,78.45953062317355,1158400
2014-07-18,78.45946502685547,78.53848525157943,78.43072990144087,78.50256497464498,543600
2014-07-21,78.48826599121094,78.62475110058823,78.48826599121094,78.55291596712607,585700
2014-07-22,78.6175537109375,78.62473338619756,78.50261313875902,78.5744482560365,724700
2014-07-23,78.63191986083984,78.6965753039416,78.59600504193286,78.66065500436638,711800
2014-07-24,78.38770294189453,78.53137322207682,78.38770294189453,78.53137322207682,853400
2014-07-25,78.53851318359375,78.58161314671166,78.48822806640062,78.56006316515271,506200
2014-07-28,78.55291748046875,78.6103877806134,78.49544718032409,78.56728779583965,673000
2014-07-29,78.63191986083984,78.67501983579552,78.54571443026025,78.62473470479115,2977100
2014-07-30,78.3517837524414,78.50982435130483,78.315863441547,78.48108919872331,1245000
2014-07-31,78.25118255615234,78.36611764041888,78.21526225944342,78.2296325703941,1066400
2014-08-01,78.5462875366211,78.58227392202555,78.27280967610238,78.36636659110185,1064400
2014-08-04,78.53189086914062,78.64703741115306,78.53189086914062,78.58946139477128,1496900
2014-08-05,78.53189086914062,78.58946139477128,78.40954046164154,78.53189086914062,1875100
2014-08-06,78.53907012939453,78.63982539520966,78.52467887317103,78.63982539520966,708800
2014-08-07,78.69019317626953,78.73337792103379,78.517470669461,78.58224504123264,1246500
2014-08-08,78.71898651123047,78.8989074028192,78.6973968827598,78.78376088739235,1339200
2014-08-11,78.7261962890625,78.79816355797364,78.69740828334791,78.73339466317881,1632900
2014-08-12,78.69019317626953,78.76216592062679,78.66860354926216,78.76216592062679,876000
2014-08-13,78.8485336303711,78.85573200379677,78.72618873588516,78.76217511226344,3471700
2014-08-14,78.89166259765625,78.93484182617902,78.83408663246173,78.91325221191764,1072900
2014-08-15,79.08604431152344,79.25157398464457,78.87733537182771,78.94930264636908,2593200
2014-08-18,78.9205093383789,79.03565586375093,78.8917213343483,79.01406623341556,1424400
2014-08-19,78.8125228881836,79.02123171246213,78.79812614678615,78.9924437204153,1820700
2014-08-20,78.7261962890625,78.83414993780453,78.70460665746423,78.83414993780453,929500
2014-08-21,78.86298370361328,78.87737496944575,78.76942125806379,78.79101639294325,775600
2014-08-22,78.8485336303711,78.88452000674938,78.69740073293256,78.82694400084418,801900
2014-08-25,78.91332244873047,78.9421104569505,78.81976004932758,78.9421104569505,3473800
2014-08-26,78.9205093383789,78.97088697274485,78.88452296065307,78.97088697274485,543400
2014-08-27,79.021240234375,79.0572211102528,78.9492675011221,78.97086261554715,866100
2014-08-28,79.17960357666016,79.20119870134147,79.08604666604614,79.13642430880004,1123700
2014-08-29,79.15081024169922,79.22997039170752,79.12202223680961,79.16520149876878,1473300
2014-09-02,78.9093017578125,79.03907515930771,78.9093017578125,78.98140237014664,1029300
2014-09-03,78.99580383300781,79.00301499294004,78.85161363738362,78.86603045674468,1311700
2014-09-04,78.89484405517578,78.97415028724613,78.80832666550769,78.90205521277352,1308900
2014-09-05,78.85160827636719,78.97417048436525,78.79393000183762,78.9020753914548,798500
2014-09-08,78.77228546142578,78.97415387933158,78.77228546142578,78.93810359020475,895300
2014-09-09,78.6641616821289,78.75067909947491,78.64973936231956,78.70741764055023,689500
2014-09-10,78.55599212646484,78.59204241439795,78.51994733903341,78.57041444183875,974400
2014-09-11,78.47669982910156,78.62810116440305,78.46228301166923,78.59205637057087,753500
2014-09-12,78.31807708740234,78.39738332416012,78.2964491138324,78.36133853504417,1327600
2014-09-15,78.30370330810547,78.41184873589461,78.28928098413094,78.39022075043776,1210800
2014-09-16,78.30370330810547,78.41905439737691,78.30370330810547,78.36858726447598,851000
2014-09-17,78.21714782714844,78.4694833689371,78.20994216917038,78.39738828564066,707200
2014-09-18,78.22440338134766,78.26045369370712,78.1883530689882,78.22440338134766,707600
2014-09-19,78.35411834716797,78.39016863263124,78.23155617739486,78.26760096235687,929900
2014-09-22,78.46231842041016,78.51999671717408,78.41185128586802,78.48394640657035,592400
2014-09-23,78.53436279296875,78.54877960759116,78.46226771885355,78.51994597834634,705200
2014-09-24,78.48388671875,78.64249916397176,78.46946440527478,78.64249916397176,836700
2014-09-25,78.63529968261719,78.65692765554029,78.57041576384788,78.57041576384788,1161900
2014-09-26,78.62812042236328,78.64974840406035,78.49834703167694,78.62812042236328,1729500
2014-09-29,78.71464538574219,78.7579013532776,78.62812795016684,78.70022856339855,7243700
2014-09-30,78.6641616821289,78.78672389799156,78.64973936231956,78.72183996035957,2335400
2014-10-01,79.10394287109375,79.11116653969397,78.86561139768885,78.86561139768885,6605200
2014-10-02,78.97399139404297,79.17621015485774,78.97399139404297,79.12565546465405,4826800
2014-10-03,78.9378433227539,78.98117431770162,78.86561765111419,78.94506148188177,2928900
2014-10-06,79.01012420654297,79.11845728721536,78.94512215411979,79.01012420654297,2145800
2014-10-07,79.31341552734375,79.33508103138945,79.12563864220307,79.1617514889771,2328400
2014-10-08,79.53728485107422,79.54450852108532,79.2122913311698,79.37117901113935,2477900
2014-10-09,79.37843322753906,79.49398444195418,79.3495440464233,79.49398444195418,1502800
2014-10-10,79.4361801147461,79.46506928641895,79.34951810977358,79.41451461350296,1734400
2014-10-13,79.66728210449219,79.688947604138,79.47228709763425,79.551730936366,1098500
2014-10-14,79.84785461425781,79.86230195755012,79.64563588854179,79.80452360447497,3518500
2014-10-15,79.99226379394531,80.94558414208358,79.89837263576668,80.31003356996173,2275400
2014-10-16,79.92725372314453,80.27391813746056,79.83336808449667,80.16558516360905,1792900
2014-10-17,79.81895446777344,79.91284565612835,79.73229246011815,79.81173630716634,2065800
2014-10-20,79.91281127929688,79.97058959957621,79.85503295901754,79.94170043943654,1518300
2014-10-21,79.84061431884766,79.93449998403207,79.79727781103173,79.84061431884766,2625000
2014-10-22,79.79733276367188,79.83344562671344,79.73233622225621,79.80455643829005,3179200
2014-10-23,79.60951232910156,79.7033980011832,79.53728664745087,79.7033980011832,1863100
2014-10-24,79.6384506225586,79.6962290034974,79.55178856120007,79.6384506225586,1188900
2014-10-27,79.66728210449219,79.68172944428652,79.58062010590896,79.64561660484638,1073100
2014-10-28,79.54447937011719,79.62392318098789,79.51559021070568,79.59503402157638,1128600
2014-10-29,79.37122344970703,79.55900040480826,79.33511058947835,79.46510917223323,1591000
2014-10-30,79.50117492675781,79.5806187641501,79.46506208792655,79.4795094274773,2479500
2014-10-31,79.50117492675781,79.50117492675781,79.37117642102912,79.39284192030964,3145100
2014-11-03,79.3507080078125,79.4736973862617,79.26388905378559,79.45923032042761,2282400
2014-11-04,79.35791778564453,79.48090712300076,79.34344520497187,79.3651485563086,2346300
2014-11-05,79.38687133789062,79.3941021098217,79.28557981445002,79.32899204440263,2699600
2014-11-06,79.24944305419922,79.34349280630663,79.22050339516412,79.23497046484388,1391400
2014-11-07,79.51713562011719,79.52436639556117,79.29285462880736,79.30009092392727,1661400
2014-11-10,79.32901763916016,79.51712264384982,79.32901763916016,79.50988634991079,846900
2014-11-11,79.36515808105469,79.37239437225945,79.28557543682103,79.33622395558147,1138500
2014-11-12,79.37239074707031,79.4953800935694,79.33622033204435,79.39409410002042,1123700
2014-11-13,79.40859985351562,79.4375395094291,79.33625347356943,79.40136355961852,860800
2014-11-14,79.48091888427734,79.53879817618818,79.32175359135908,79.3506932373145,1073000
2014-11-17,79.38687133789062,79.55326740707706,79.37963504628631,79.55326740707706,1403000
2014-11-18,79.45928955078125,79.49546000216564,79.41587728157047,79.45205325263309,1318400
2014-11-19,79.27114868164062,79.46648448610966,79.26391238675637,79.35073136634024,1361800
2014-11-20,79.41581726074219,79.53157586491201,79.35794347833132,79.48816914818535,1155800
2014-11-21,79.50989532470703,79.55330205389077,79.46648307584765,79.52436239454308,1295000
2014-11-24,79.53883361816406,79.61118000545314,79.46648171119945,79.47371800583102,1355100
2014-11-25,79.71241760253906,79.74135724380034,79.55325233543812,79.55325233543812,3187700
2014-11-26,79.777587890625,79.82823092115154,79.75588452321026,79.82100014513085,1205700
2014-11-28,80.02352905273438,80.03076534452366,79.87160004319985,79.89330339889429,2072800
2014-12-01,79.84366607666016,80.22083211626196,79.84366607666016,80.22083211626196,2811700
2014-12-02,79.68406677246094,79.77835686679958,79.64779837183323,79.77835686679958,1469400
2014-12-03,79.61158752441406,79.69137363090368,79.58982868333227,79.66235999819976,1998000
2014-12-04,79.85086822509766,79.86537779524348,79.62601969185403,79.67679211980516,3001700
2014-12-05,79.51001739501953,79.74212084935618,79.50276260569508,79.69134839165075,3477700
2014-12-08,79.7059097290039,79.78569586757443,79.46655131329234,79.64788244026411,984100
2014-12-09,79.82917785644531,79.9524871733029,79.74939175356631,79.88720511922719,1203000
2014-12-10,79.96697235107422,80.01049002099893,79.77113730263001,79.78564134801056,1208000
2014-12-11,79.93791198730469,79.95242155798462,79.80009873474432,79.8943943428245,1447700
2014-12-12,80.19183349609375,80.26437033562712,80.01050246482814,80.14831581940085,1714100
2014-12-15,79.97422790527344,80.17731774524114,79.96697311562227,80.06126324595496,2540700
2014-12-16,80.17005920410156,80.22083166171764,80.01774183125335,80.22083166171764,1411700
2014-12-17,80.06853485107422,80.2788795248683,79.9887487495046,80.14832095264384,2167500
2014-12-18,79.85821533203125,79.94525625219289,79.82920169197736,79.90898781867904,1865800
2014-12-19,79.98880004882812,80.06133140573962,79.84373733500514,79.84373733500514,1865000
2014-12-22,80.11203002929688,80.11928481843397,79.9814714937427,80.03949873927405,3827800
2014-12-23,79.74214935302734,80.06854305011916,79.71313571914153,80.00326652421474,2790800
2014-12-24,79.82869720458984,79.84325008934621,79.66130849159843,79.78502744548686,922100
2014-12-26,79.86510467529297,79.95971788630295,79.77777623733728,79.85055178643985,1124900
2014-12-29,80.03250885009766,80.09073152156111,79.9306219512464,80.01067673640375,2199200
2014-12-30,80.11978149414062,80.24350597291996,80.06156441565024,80.19983622353257,2069600
2014-12-31,80.14167022705078,80.24355711987091,80.12711178383692,80.15622311784541,2493900
2015-01-02,80.36727905273438,80.41822250100023,80.18533737286786,80.18533737286786,2090200
2015-01-05,80.54195404052734,80.60745594272743,80.40368211796323,80.4618992447385,3446200
2015-01-06,80.74571228027344,81.03682006764323,80.7020480555147,80.75299150187297,3688100
2015-01-07,80.731201171875,80.8112559936445,80.59292365201458,80.78214464459903,3984400
2015-01-08,80.60742950439453,80.66564661207525,80.51281629362873,80.66564661207525,2212200
2015-01-09,80.80388641357422,80.88394114582671,80.58555986849859,80.70199958205575,1322600
2015-01-12,80.86942291259766,80.97130978776994,80.84031158363153,80.89853424156378,2185700
2015-01-13,80.89130401611328,81.02230229959578,80.80396997631775,80.89130401611328,5537000
2015-01-14,81.08777618408203,81.25516499251066,81.07322329102828,81.24788576977373,3043600
2015-01-15,81.45892333984375,81.46620256119826,81.13870422927346,81.13870422927346,2084000
2015-01-16,81.14598083496094,81.38614516014718,81.08775817083963,81.27697905302445,2744500
2015-01-20,81.28426361083984,81.39342417271062,81.18237671814764,81.32792783558816,2059400
2015-01-21,81.13868713378906,81.37157219629464,81.06591159283442,81.27696454829538,2020200
2015-01-22,81.0949935913086,81.30604647044127,80.99310676033637,81.30604647044127,2030400
2015-01-23,81.29881286621094,81.37158842167693,81.17509386667686,81.25514864341514,1535000
2015-01-26,81.26243591308594,81.35704358931996,81.10960001332552,81.35704358931996,2705200
2015-01-27,81.21875762939453,81.48803329075419,81.18237262807713,81.48803329075419,1635900
2015-01-28,81.56082916259766,81.669995298581,81.26972131744884,81.29155343416146,1327800
2015-01-29,81.49532318115234,81.55354030136562,81.37887783588648,81.45893262265184,1752600
2015-01-30,81.78642272949219,81.88830962701397,81.6845358319704,81.76459061608315,6252800
2015-02-02,81.78351593017578,81.80538785236801,81.63773648233769,81.68146920446323,2792100
2015-02-03,81.47010040283203,81.71064154192682,81.46281532186347,81.71064154192682,1815400
2015-02-04,81.59400177001953,81.60128684944311,81.27328031924318,81.3753270424667,1953000
2015-02-05,81.42632293701172,81.52836962581242,81.32427624821104,81.48463691950568,2409600
2015-02-06,80.95256805419922,81.20769045233618,80.93070169118862,81.20769045233618,2531300
2015-02-09,80.93795776367188,81.13476050784212,80.93795776367188,81.13476050784212,1724900
2015-02-10,80.85049438476562,80.95254108557246,80.7776046786362,80.87965137944303,1272500
2015-02-11,80.81401824951172,80.90148363554954,80.71925666646975,80.82130332426436,1803400
2015-02-12,80.82868957519531,80.99634103196476,80.81411384732213,80.84327086420083,2123700
2015-02-13,80.73387908935547,80.88694915406924,80.69743145251137,80.87236787488017,1706200
2015-02-17,80.40583801269531,80.71198359272552,80.35481467621138,80.66824533207743,2043000
2015-02-18,80.63182830810547,80.72658437353547,80.40586298111342,80.46417697266803,1442400
2015-02-19,80.56623077392578,80.73388212413063,80.52978869684041,80.63183541048552,1443000
2015-02-20,80.58079528808594,80.8213307424159,80.4495916033934,80.67555134214759,2280700
2015-02-23,80.72657775878906,80.7703104683074,80.66097869451156,80.68284504927072,1688200
2015-02-24,81.08374786376953,81.10561422032688,80.58080497956539,80.71929375813808,1736700
2015-02-25,81.14207458496094,81.14207458496094,80.95984750355731,81.05460358388069,2319300
2015-02-26,80.85049438476562,81.1129017757341,80.80676167331359,81.06187842533069,1837300
2015-02-27,81.05458068847656,81.06916196510244,80.82862095092402,81.01084798085417,3816400
2015-03-02,80.64275360107422,81.03702396756081,80.64275360107422,81.03702396756081,7881900
2015-03-03,80.54058837890625,80.73042362045497,80.54058837890625,80.63550878490379,4228400
2015-03-04,80.58439636230469,80.68661404849804,80.5186818094969,80.63550520540137,1477100
2015-03-05,80.62092590332031,80.70854347894807,80.53331389814049,80.62822876056795,1053000
2015-03-06,80.09521484375,80.37996494194336,80.02220299788317,80.3726676566694,1872900
2015-03-09,80.29961395263672,80.438334716338,80.248505130127,80.438334716338,2724700
2015-03-10,80.48944091796875,80.57705842675122,80.42373196421467,80.48214363673631,1708100
2015-03-11,80.65009307861328,80.70120191393683,80.46756072810842,80.46756072810842,1171600
2015-03-12,80.71581268310547,80.8399333523255,80.62089228980552,80.81803036016264,1416600
2015-03-13,80.56249237060547,80.77423060986638,80.49678338451402,80.63550978241341,3235500
2015-03-16,80.73773193359375,80.80344092331433,80.62090852460595,80.7669377858407,1305800
2015-03-17,80.72313690185547,80.81075447018804,80.70853675902377,80.78154861407718,1423700
2015-03-18,81.31450653076172,81.32910666655337,80.73770368420772,80.89103017702159,1997800
2015-03-19,81.02977752685547,81.26341875316606,81.00057167726087,81.21960719355104,1929700
2015-03-20,81.27804565429688,81.2926457986783,81.17582793228274,81.21233664890839,3833600
2015-03-23,81.29259490966797,81.33640645628242,81.21228581017141,81.31450346819749,1120900
2015-03-24,81.51165771484375,81.53356070878212,81.31452519895244,81.39483989035715,2647300
2015-03-25,81.35830688476562,81.59194803439533,81.35830688476562,81.59194803439533,1612300
2015-03-26,81.06625366210938,81.3071976631844,81.04435067481971,81.27068897073872,1377600
2015-03-27,81.18311309814453,81.29262808325967,81.1612101011215,81.17581024232123,5610200
2015-03-30,81.2195816040039,81.29259341976375,81.16117549366272,81.29259341976375,1310700
2015-03-31,81.35830688476562,81.37290701954805,81.17577456254102,81.24148352472857,2958100
2015-04-01,81.62236785888672,81.65894022569465,81.42485587028102,81.50532289067426,1927300
2015-04-02,81.5126724243164,81.61508402224123,81.47609446176604,81.61508402224123,1761700
2015-04-06,81.56385040283203,81.768673528819,81.46875554605569,81.768673528819,1431000
2015-04-07,81.5785140991211,81.61509206527616,81.40295213980768,81.52730829511243,1415200
2015-04-08,81.5858383178711,81.62972741648558,81.46148215112038,81.60778286717833,903000
2015-04-09,81.38104248046875,81.60781034100592,81.32251994193773,81.60781034100592,1728500
2015-04-10,81.38104248046875,81.53465995835036,81.34446449863275,81.51271540165534,2055600
2015-04-13,81.46878814697266,81.46878814697266,81.3810043802739,81.3810043802739,951000
2015-04-14,81.55656433105469,81.77602095190865,81.55656433105469,81.71018173324698,1157400
2015-04-15,81.66632080078125,81.71752661916825,81.60048714043323,81.6809542237579,1296800
2015-04-16,81.62236785888672,81.71014600403478,81.49069506015334,81.71014600403478,1000800
2015-04-17,81.68822479248047,81.78332525156027,81.53460741359716,81.58581320655826,1274300
2015-04-20,81.62969970703125,81.73211687072349,81.54192153959887,81.68822220599462,1289400
2015-04-21,81.54190063476562,81.6369954854422,81.51995609853343,81.61505094921,1522700
2015-04-22,81.30054473876953,81.52000138502785,81.27128348053414,81.52000138502785,916400
2015-04-23,81.42485809326172,81.50532511585179,81.3005019968994,81.30781870286525,1483900
2015-04-24,81.56385040283203,81.61505618432878,81.49801678991263,81.54922257140937,837700
2015-04-27,81.59310150146484,81.6077293310687,81.44679530037176,81.5711569665536,1595600
2015-04-28,81.27862548828125,81.52002675809857,81.27862548828125,81.44687079923314,1602000
2015-04-29,81.09576416015625,81.17623126736743,80.978719065661,81.1177087201198,1313200
2015-04-30,81.09576416015625,81.13965328008334,80.83973499221948,80.971407933018,3328600
2015-05-01,80.86558532714844,81.0048336427896,80.79962913009965,80.99750331264964,1357200
2015-05-04,80.71166229248047,80.96084313394073,80.70433755552742,80.92419708356643,1651900
2015-05-05,80.63836669921875,80.77761496527205,80.49911843316545,80.75562957408503,1481200
2015-05-06,80.36722564697266,80.59441553307079,80.3305795918071,80.57975487444337,1566000
2015-05-07,80.56510925292969,80.64572611062331,80.4405215970045,80.50647779435185,1986200
2015-05-08,80.82891845703125,80.9315206798619,80.77028701787036,80.88021956844658,1933600
2015-05-11,80.31591796875,80.66037075411936,80.30126290170155,80.63105502861953,2984900
2015-05-12,80.30858612060547,80.44050407797356,80.16200750608402,80.2499546747969,1394900
2015-05-13,80.3012924194336,80.55779812259169,80.21334521060584,80.55047338207645,2441600
2015-05-14,80.42586517333984,80.46251123473236,80.3086078414109,80.35990897251806,1796900
2015-05-15,80.76300048828125,80.77766115172291,80.52848019585804,80.58711166681505,1047500
2015-05-18,80.45515441894531,80.62371841789535,80.440499354055,80.56508697552994,863900
2015-05-19,80.17671203613281,80.40390202370695,80.16938170354496,80.22068284884897,1664400
2015-05-20,80.3012924194336,80.38923962826136,80.22067554252605,80.30862275135382,1584100
2015-05-21,80.55047607421875,80.56513114714403,80.35992657775924,80.35992657775924,2652600
2015-05-22,80.4625244140625,80.5138255535725,80.33793673116747,80.50649522181254,1087000
2015-05-26,80.66033172607422,80.68964743738944,80.43314195263147,80.46978798962556,2775000
2015-05-27,80.74101257324219,80.75567323622786,80.54313835417278,80.66039570103493,888700
2015-05-28,80.71166229248047,80.77762406487375,80.65303643984475,80.71899262083578,1298900
2015-05-29,80.74101257324219,80.83629010843512,80.67505636402059,80.74834290473503,2780300
2015-06-01,80.51778411865234,80.76008213983015,80.4443547042395,80.73071149444057,4327300
2015-06-02,80.20205688476562,80.3635870319978,80.15799811563156,80.34890451020499,1830400
2015-06-03,79.8863296508789,80.04052133854444,79.7908736524113,80.01849475486048,3413100
2015-06-04,80.05523681640625,80.15803131716696,79.95244231564556,79.95244231564556,1907900
2015-06-05,79.70277404785156,79.87899233408109,79.67340339983359,79.7615097420092,1619000
2015-06-08,79.82024383544922,79.88632918799601,79.78353473014795,79.8569585426283,1289700
2015-06-09,79.59262084960938,79.77618316448307,79.53387956439924,79.77618316448307,1206700
2015-06-10,79.39441680908203,79.51924351356924,79.32833702601283,79.47518472297587,1491200
2015-06-11,79.82024383544922,79.82024383544922,79.50451640009364,79.54123110727272,1539600
2015-06-12,79.72479248046875,79.95975203870645,79.68073371200823,79.79821629206596,1365900
2015-06-15,79.82024383544922,80.00380616758902,79.7615025447138,80.00380616758902,1666600
2015-06-16,79.95243835449219,79.95243835449219,79.79824661099039,79.90838517117163,1309900
2015-06-17,79.9597396850586,79.9597396850586,79.62198572239167,79.91568092340508,1895700
2015-06-18,79.93772888183594,79.93772888183594,79.7541665440359,79.8936701114869,2917400
2015-06-19,80.18741607666016,80.22413080562289,80.0625949611967,80.10664815444706,2048500
2015-06-22,79.79088592529297,80.03318958684164,79.76885933822103,79.99647487380261,1173800
2015-06-23,79.60733795166016,79.76887375522105,79.55594070524349,79.599999489229,1339000
2015-06-24,79.73216247558594,79.7982478534756,79.62936797831752,79.70279742083493,1527800
2015-06-25,79.64402770996094,79.73947810856814,79.5852864176436,79.72479558642779,1222000
2015-06-26,79.45315551757812,79.52657936364675,79.3797316715095,79.51189683518517,1054900
2015-06-29,79.9230728149414,79.98915819603285,79.5779745851578,79.7395104035144,3278900
2015-06-30,79.87164306640625,80.03317881903872,79.74682202187314,79.82758989818937,2159500
2015-07-01,79.67005157470703,79.73626279292351,79.56705260435501,79.69948065381088,6010300
2015-07-02,79.78042602539062,79.89813675358117,79.77306735080869,79.80985511069429,994600
2015-07-06,80.0672836303711,80.18499425717968,79.92013833058628,80.10406574555284,1108000
2015-07-07,80.17770385742188,80.47198346091999,80.16298650943278,80.28070284125094,2502500
2015-07-08,80.36896514892578,80.45725237655695,80.21446671033797,80.31011261019397,2892900
2015-07-09,80.07470703125,80.258634607797,80.05999529485689,80.258634607797,1932800
2015-07-10,79.73625946044922,79.88340484981872,79.66268957227581,79.80247628892116,2163700
2015-07-13,79.61856842041016,79.72892608642977,79.55971025012983,79.6332801564682,1938300
2015-07-14,79.75102233886719,79.82459226904454,79.69216414951495,79.77309275661781,1441400
2015-07-15,79.96430206298828,79.98637245948596,79.7215164754728,79.7215164754728,1781400
2015-07-16,80.03053283691406,80.0378915085542,79.82453493516486,79.85396400870358,1294800
2015-07-17,80.03788757324219,80.08938704614735,79.98638810033702,79.99374677161535,897600
2015-07-20,79.89816284179688,79.98645012653527,79.86138068292531,79.9496623546378,1245100
2015-07-21,80.03053283691406,80.08203231235136,79.83189360680501,79.85396400870358,1191500
2015-07-22,80.0672836303711,80.18499425717968,80.05992496212704,80.0672836303711,1100000
2015-07-23,80.29540252685547,80.30276119974575,80.05261683868139,80.07468724432943,1021400
2015-07-24,80.28073120117188,80.36901286819817,80.2365847546331,80.36165980462974,1192500
2015-07-27,80.3836898803711,80.44990109741234,80.34690212888853,80.37633120747002,2666000
2015-07-28,80.302734375,80.35423384198322,80.258587965428,80.28801703413569,1873200
2015-07-29,80.2365493774414,80.28069580451553,80.14826774933945,80.25861978446689,2273500
2015-07-30,80.24390411376953,80.30276227163183,80.1703342229531,80.25126278675803,1959000
2015-07-31,80.56029510498047,80.56765378120336,80.44993741373844,80.5161542736938,2084300
2015-08-03,80.6435317993164,80.74673148006164,80.48873227819855,80.56244553245075,2563900
2015-08-04,80.40769958496094,80.66569895872252,80.40032656743503,80.60672606644428,1659900
2015-08-05,80.26023864746094,80.40767082542422,80.14229852905285,80.3044711128312,2346600
2015-08-06,80.35606384277344,80.42240409900165,80.27497755807538,80.29709097681811,1038100
2015-08-07,80.49614715576172,80.555120043539,80.37820700417127,80.45192030191082,2154700
2015-08-10,80.3929443359375,80.47403064753549,80.2381447294224,80.45929023813763,1280200
2015-08-11,80.6583480834961,80.776293900431,80.55514830566109,80.6583480834961,1537300
2015-08-12,80.60667419433594,80.87204641485076,80.60667419433594,80.75410633015579,1563900
2015-08-13,80.43717193603516,80.62145797413865,80.42979891980123,80.61408495790471,1571700
2015-08-14,80.40032958984375,80.52564277267236,80.3634701247931,80.4371890548944,1890500
2015-08-17,80.54033660888672,80.64353629538559,80.4961041547007,80.59193645213615,1387100
2015-08-18,80.3929443359375,80.52563051637385,80.37820392653964,80.48877668089726,785400
2015-08-19,80.6435317993164,80.70250465230248,80.31918673185379,80.37815958483986,2184900
2015-08-20,80.76885986328125,80.82045971321716,80.68040056740749,80.7762328772612,1075600
2015-08-21,80.90894317626953,80.9900294823835,80.76888398862474,80.84997029473871,2443400
2015-08-24,80.87947082519531,81.33649667676691,80.76889805905348,81.08587032254565,5440200
2015-08-25,80.68782043457031,80.86473350508452,80.44456144763508,80.86473350508452,4070000
2015-08-26,80.31181335449219,80.65090444564169,80.26021351435392,80.40764564614952,3994200
2015-08-27,80.42242431640625,80.49613760540016,80.29711116272023,80.31185157093363,4040500
2015-08-28,80.34873962402344,80.62148507673255,80.29713974096663,80.59936602059496,4774600
2015-08-31,80.28974914550781,80.62146742736768,80.27500873527512,80.55512152141002,4145600
2015-09-01,80.52754974365234,80.59403111565615,80.34288740595456,80.43152735681053,3386000
2015-09-02,80.42417907714844,80.54975381185396,80.37247382242855,80.45372574205267,3442000
2015-09-03,80.54236602783203,80.60145935785405,80.41679692812282,80.55713654261247,1935100
2015-09-04,80.71224975585938,80.75657256969983,80.52758733196568,80.65316206315535,1748100
2015-09-08,80.52021026611328,80.5423688567873,80.44634641871643,80.4832755246897,2130400
2015-09-09,80.54976654052734,80.57192513384456,80.29123459062394,80.35032792977049,2891400
2015-09-10,80.46109771728516,80.52019103526935,80.37245774030885,80.51280296165909,2564400
2015-09-11,80.55715942382812,80.63841136682444,80.52023030866272,80.54977698206608,2001600
2015-09-14,80.57931518554688,80.66056712568506,80.54238607168048,80.6457966072288,1543600
2015-09-15,80.21733093261719,80.51279184629874,80.14346711305885,80.51279184629874,1541200
2015-09-16,80.15089416503906,80.2616927659848,80.07703030955888,80.20998186815264,1810100
2015-09-17,80.65315246582031,80.65315246582031,80.06961859949995,80.1287119206221,1955400
2015-09-18,80.71963500976562,80.80088692427528,80.62361258145866,80.70486449596831,4510600
2015-09-21,80.50542449951172,80.6383816631253,80.4241725864451,80.6383816631253,2325800
2015-09-22,80.697509765625,80.80092031128483,80.60148729764147,80.65319257047138,2044800
2015-09-23,80.63099670410156,80.72701912770216,80.58667389398249,80.72701912770216,1562100
2015-09-24,80.73441314697266,80.8895289051879,80.69009033358981,80.87475275557699,2700000
2015-09-25,80.59404754638672,80.68268751531375,80.5349542337687,80.63098227563509,1225500
2015-09-28,80.7861099243164,80.81565658498856,80.5940594476721,80.65315276901639,1884400
2015-09-29,80.91165924072266,80.95597640318057,80.78609019012664,80.83779542481017,1506800
2015-09-30,80.94120788574219,80.97813697688312,80.8377974138307,80.85995599560488,3121600
2015-10-01,81.00414276123047,81.14475106579272,80.99674083835538,81.01894660698063,4274900
2015-10-02,81.24833679199219,81.51474949434447,81.18173079339832,81.29273702704704,3553300
2015-10-05,80.94493103027344,81.16694352746838,80.93753475410932,81.12993956259844,4604500
2015-10-06,81.1447525024414,81.17435454845297,80.93754382637341,81.01154611839584,5013800
2015-10-07,81.08555603027344,81.1669602529518,81.01895565499849,81.0707578288835,1983200
2015-10-08,80.97453308105469,81.18174173391742,80.88573259897771,81.18174173391742,2038700
2015-10-09,80.90792846679688,81.01153278778257,80.84132246272776,80.90052654500874,3235500
2015-10-12,81.11518096923828,81.14478302638516,80.90797221522531,81.0189785180223,1268800
2015-10-13,81.12255096435547,81.2187533777052,81.02634290499286,81.2187533777052,1500200
2015-10-14,81.42594146728516,81.44074530929707,81.20393465120945,81.27793692323469,3912000
2015-10-15,81.3149185180664,81.44072856525563,81.24831818074001,81.35192246947682,2044800
2015-10-16,81.23353576660156,81.35934584697239,81.23353576660156,81.32974380723877,1630000
2015-10-19,81.3149185180664,81.32972235703468,81.14471389200322,81.24091626125588,1534900
2015-10-20,81.15217590332031,81.24097641884413,81.07077166674716,81.24097641884413,1805400
2015-10-21,81.34453582763672,81.36673594424835,81.20393320709266,81.20393320709266,1278200
2015-10-22,81.35932922363281,81.44073340476483,81.27792504250081,81.32972718994749,2276300
2015-10-23,81.21875,81.24835204426412,81.17434975661016,81.24835204426412,2237400
2015-10-26,81.2557144165039,81.32971666813809,81.2113085487155,81.29271271931606,1541300
2015-10-27,81.37413787841797,81.42594003252401,81.3149338034364,81.42594003252401,2021900
2015-10-28,81.12995147705078,81.44077014797189,81.08555122949628,81.3889679771539,1661300
2015-10-29,80.78211975097656,80.97452453918845,80.75991398678742,80.91532046004092,2333200
2015-10-30,80.99677276611328,81.0041746919061,80.77476580646463,80.80436786362081,10577000
2015-11-02,80.83727264404297,80.96333029855255,80.8076180093466,80.88176591033198,8049400
2015-11-03,80.68900299072266,80.82247151859796,80.66675917893077,80.7853947275288,3033400
2015-11-04,80.68900299072266,80.81505502895932,80.60743857606974,80.75574008322234,3542500
2015-11-05,80.65194702148438,80.74092794874805,80.52589495070498,80.72610062276686,2185900
2015-11-06,80.2663803100586,80.37018857105349,80.22189267166819,80.34794475185828,1829500
2015-11-09,80.21444702148438,80.3479155452655,80.11063879822393,80.12546611992232,12843200
2015-11-10,80.36271667480469,80.43687023049989,80.22924819452417,80.29598526322545,5233200
2015-11-11,80.25894927978516,80.35534668833745,80.25894927978516,80.31826989164426,1603400
2015-11-12,80.33311462402344,80.4146790687233,80.23672285170822,80.34053111639419,3448700
2015-11-13,80.48881530761719,80.51846995644804,80.41466171416528,80.4369111864758,3784100
2015-11-16,80.55553436279297,80.60002198632147,80.49621376000562,80.54811787316355,3326000
2015-11-17,80.61483001708984,80.65931762685042,80.39238065404238,80.44428475113716,2461300
2015-11-18,80.55553436279297,80.6074384759509,80.4813864378708,80.5629508524224,1952100
2015-11-19,80.5926513671875,80.74836378435721,80.58523487385744,80.74836378435721,4232700
2015-11-20,80.54071807861328,80.68901394878131,80.52588509732159,80.65193715267688,2034400
2015-11-23,80.56298828125,80.6445527336957,80.50366765090283,80.56298828125,1976000
2015-11-24,80.6370849609375,80.67416174560785,80.57035353707856,80.6370849609375,1335300
2015-11-25,80.67416381835938,80.70381845830987,80.59259941568745,80.65191435271166,1169300
2015-11-27,80.65194702148438,80.72610062276686,80.65194702148438,80.71126763966016,946100
2015-11-30,80.68156433105469,80.72605759953645,80.65190403777436,80.6963973062561,2397000
2015-12-01,80.96432495117188,80.97920286618476,80.67415735879175,80.75600008242992,4260000
2015-12-02,80.86762237548828,80.93458152264296,80.80809934928755,80.89738388858865,2462800
2015-12-03,80.27239227294922,80.65928621287632,80.21286925504853,80.65928621287632,4634100
2015-12-04,80.53280639648438,80.57745150256731,80.35424300143657,80.39144631043435,2181300
2015-12-07,80.65184020996094,80.7857641550387,80.52535806083947,80.57743927967931,2143800
2015-12-08,80.68157958984375,80.80061991036123,80.62949838528756,80.79317811644592,2311800
2015-12-09,80.68157958984375,80.78574199895614,80.51045238834452,80.60717300354156,2791000
2015-12-10,80.66675567626953,80.73372051819447,80.62211623260607,80.73372051819447,2001500
2015-12-11,80.86762237548828,80.9941045488437,80.77833783618718,80.87505849644222,2321400
2015-12-14,80.4881591796875,80.78576859359244,80.48071738332233,80.74856528819403,3351900
2015-12-15,80.49559783935547,80.49559783935547,80.2872729606681,80.4137551118101,2955900
2015-12-16,80.35420227050781,80.55508527855704,80.30212107016727,80.44348676098808,2946800
2015-12-17,80.4658203125,80.5774245257009,80.36909401206037,80.5327794345649,5407800
2015-12-18,80.63692474365234,80.69644773492007,80.54020414016095,80.61460504103317,4006400
2015-12-21,80.56253814697266,80.75598506472757,80.53277664605451,80.71878176947344,3233500
2015-12-22,80.50299835205078,80.56252134147044,80.44348103905584,80.5550795486868,4507600
2015-12-23,80.4881591796875,80.49560097605266,80.35423522725165,80.3616770236168,3599600
2015-12-24,80.52693176269531,80.55675447292036,80.45982924266386,80.48219485330755,1248800
2015-12-28,80.52693176269531,80.61639420527008,80.5120175635326,80.54184027375764,3736400
2015-12-29,80.32562255859375,80.50455880361078,80.23616012418509,80.4598218983066,3094500
2015-12-30,80.31070709228516,80.35543830561483,80.22123897752648,80.25106168244604,3731400
2015-12-31,80.52693176269531,80.54184027375764,80.38527531115142,80.42255512095782,3406100
2016-01-04,80.4970932006836,80.73566914740236,80.46727049633135,80.58655562564111,3691000
2016-01-05,80.53435516357422,80.60891475725451,80.42252714925057,80.42252714925057,2732900
2016-01-06,80.84007263183594,80.86243824550743,80.68350764803432,80.77297010272031,2915800
2016-01-07,80.83263397216797,80.86991379552613,80.67606895264807,80.81772545568616,2469000
2016-01-08,81.01151275634766,81.0487868651277,80.78038825427842,80.94441025958614,4016900
2016-01-11,80.78040313720703,80.95933368137314,80.77294603883777,80.81022584258463,2820200
2016-01-12,80.95931243896484,81.13079152786781,80.78783903815983,80.84748443326504,3318400
2016-01-13,81.14572143554688,81.21282394476363,80.92951677543591,80.9667908911346,3011500
2016-01-14,81.11592864990234,81.18302549106342,80.95190656515152,81.10847154929517,5322700
2016-01-15,81.2127914428711,81.35444781489288,81.13823755321123,81.3246251214095,3348900
2016-01-19,81.1308364868164,81.23521314204224,81.05628254566955,81.15320210035036,4209800
2016-01-20,81.19791412353516,81.39921027173257,81.16809141859862,81.3395648618595,4349900
2016-01-21,81.0860824584961,81.32465841593961,81.0711682615999,81.32465841593961,7256000
2016-01-22,81.14572143554688,81.1531785339264,80.95933379275507,81.05625900739047,3258700
2016-01-25,81.10101318359375,81.25012675290537,81.0935560831029,81.22775545143283,3285000
2016-01-26,81.20538330078125,81.26502872370426,81.09354955482576,81.19047478910079,2604100
2016-01-27,81.22026824951172,81.27245655374885,81.0562462395954,81.1979026459956,1645300
2016-01-28,81.28736877441406,81.3395570810359,81.13080385454855,81.25754607233033,2390600
2016-01-29,81.52590942382812,81.62283458568201,81.4513555449303,81.5706463016439,8633000
2016-02-01,81.42729949951172,81.62154917592528,81.31523215927383,81.5094818356874,4512300
2016-02-02,81.67386627197266,81.71869093892207,81.53191389332207,81.60662927154853,4835100
2016-02-03,81.66638946533203,81.91293652105526,81.58420711342428,81.62903747809028,3700300
2016-02-04,81.74860382080078,81.77848884228347,81.61412407412121,81.68883377783541,1880300
2016-02-05,81.67386627197266,81.76352130585457,81.54685924896059,81.61409624938472,2155500
2016-02-08,81.9876937866211,82.08482154979117,81.80838932382525,81.87562635987891,2818600
2016-02-09,81.98020935058594,82.12962875443887,81.92791198923892,82.12215607425075,3023800
2016-02-10,82.18194580078125,82.18194580078125,81.88310122150844,82.0474660251078,2319000
2016-02-11,82.23421478271484,82.55547159701936,82.18939010629515,82.48823458238981,2928000
2016-02-12,82.01010131835938,82.15205376389994,81.84574222876887,82.12216873852373,2968800
2016-02-16,81.80838012695312,81.89056251732607,81.75608276035084,81.83826515072379,2356200
2016-02-17,81.76355743408203,81.77849709633875,81.59919264933013,81.75608475296087,2446600
2016-02-18,82.01010131835938,82.03998634373559,81.77102681533546,81.80838452205217,2844400
2016-02-19,82.02499389648438,82.06981855571034,81.91292654843738,82.03246657301607,2278800
2016-02-22,82.04744720458984,82.09227188620343,81.97273750190554,82.01008950325522,2421800
2016-02-23,82.06241607666016,82.18195620349536,81.82334152297675,81.90552393517919,2337800
2016-02-24,82.09230041503906,82.42103006107251,82.06241538358266,82.27161060377745,2473200
2016-02-25,82.30144500732422,82.41350668136707,82.18190495503394,82.24914195945966,2335700
2016-02-26,82.15204620361328,82.15951888426608,82.03251181309471,82.10722151966698,2068100
2016-02-29,82.2491455078125,82.25661818639888,82.11467149315966,82.13708382893513,3694200
2016-03-01,82.00286865234375,82.38466195013615,81.89806354494192,82.2948265531703,3984500
2016-03-02,81.9130630493164,81.95798361986313,81.83820304700797,81.93552047886374,2624500
2016-03-03,82.01033782958984,82.05525266219738,81.87558762031856,81.95044757848068,3632800
2016-03-04,81.88308715820312,82.03281281804863,81.80822718400533,81.97292255411043,4461100
2016-03-07,81.86060333251953,81.89054845482967,81.75579826015807,81.89054845482967,2823200
2016-03-08,82.06275177001953,82.21995941743084,82.0178312197238,82.14509944887062,1984400
2016-03-09,82.02534484863281,82.09272283964197,81.93550943110439,82.01785713597596,1468700
2016-03-10,82.06275177001953,82.152581447712,81.88308099173561,82.08520918944265,2828700
2016-03-11,81.9130630493164,82.13016105402733,81.89060561976909,82.08524619493268,2065000
2016-03-14,81.95796966552734,82.04779936842205,81.93550652835256,81.96545166646783,2186900
2016-03-15,81.88308715820312,82.122642502506,81.88308715820312,82.1076727922464,1746100
2016-03-16,82.23493957519531,82.24242728643756,81.81571912883305,81.89057910690485,1888200
2016-03-17,82.4071273803711,82.44455451582344,82.27237712755141,82.30980426300376,4116500
2016-03-18,82.47449493408203,82.5643303346407,82.43706780077025,82.48947035656693,1909600
2016-03-21,82.29485321044922,82.44457320910689,82.2798834951642,82.39217063843152,2152300
2016-03-22,82.24242401123047,82.54935162253689,82.2199665898483,82.54935162253689,2023000
2016-03-23,82.42213439941406,82.4520795482005,82.24246921814856,82.3173292343881,2885000
2016-03-24,82.42958068847656,82.56433093456859,82.36969042100228,82.56433093456859,2846400
2016-03-28,82.48944854736328,82.57179621490779,82.40710087981877,82.45950342176084,2918100
2016-03-29,82.73646545410156,82.77389827974415,82.50439792716993,82.60920298523243,1885900
2016-03-30,82.70657348632812,82.76645804567875,82.5793052330129,82.71405548659034,2764500
2016-03-31,82.96856689453125,82.98353660300829,82.73649357726771,82.73649357726771,7003600
2016-04-01,82.89505767822266,83.00757586570965,82.77503675212645,82.9100574325283,5374200
2016-04-04,82.97758483886719,83.01508709250758,82.8950718687791,82.96257935908005,3176200
2016-04-05,83.09007263183594,83.24760150822134,83.04506765167554,83.22509329522913,2954100
2016-04-06,83.07505798339844,83.1125659420813,82.97754530289839,83.1125659420813,2027400
2016-04-07,83.255126953125,83.30013767156778,83.0901010056341,83.24762993581285,1876100
2016-04-08,83.17259979248047,83.2626154910979,83.12009206568187,83.2626154910979,2318300
2016-04-11,83.2326431274414,83.2326431274414,83.08262262674776,83.16513561900385,1718400
2016-04-12,83.09760284423828,83.15761331956821,83.0000901140126,83.1501105794235,1984500
2016-04-13,83.13510131835938,83.2026088032029,83.0225831207069,83.06758811060259,1769000
2016-04-14,82.99256896972656,83.12008690933929,82.99256896972656,83.08258466275988,3596400
2016-04-15,83.22509765625,83.24760587042167,83.07507723257957,83.11258519995334,1579500
2016-04-18,83.21763610839844,83.22513312673856,83.10511788123426,83.19513360754856,2146600
2016-04-19,83.21012115478516,83.2626288900335,83.09010020398102,83.2176238949389,2019200
2016-04-20,83.00758361816406,83.2851220205848,82.96257290521785,83.27761928127488,2376000
2016-04-21,82.89505767822266,82.97757063418561,82.8500469694802,82.9025546939191,2692800
2016-04-22,82.9025650024414,83.05259117871667,82.9025650024414,83.00008344774868,3795600
2016-04-25,82.81253051757812,82.95504818923064,82.80502778025586,82.9025404737983,3118800
2016-04-26,82.7750473022461,82.87256574785668,82.68503731911443,82.87256574785668,2326100
2016-04-27,83.02256774902344,83.03007048692133,82.76002915171902,82.91004957220377,2337100
2016-04-28,83.18759155273438,83.2250937954561,82.95505246704663,83.02256566060503,9405200
2016-04-29,83.18010711669922,83.21011235122572,83.07509165731311,83.12759938700616,5112900
2016-05-02,83.12371063232422,83.22140391517826,83.05607241072501,83.22140391517826,3553900
2016-05-03,83.2740249633789,83.37923489863115,83.22893662927407,83.33414656452632,3044900
2016-05-04,83.31159973144531,83.36420469738805,83.23645059917159,83.34917716433782,2920200
2016-05-05,83.52206420898438,83.53709748357599,83.2665558760703,83.35673258956264,3008100
2016-05-06,83.39429473876953,83.50702134346274,83.39429473876953,83.50702134346274,2718500
2016-05-09,83.44691467285156,83.52206384493907,83.42437049457673,83.49951966666424,2173500
2016-05-10,83.48444366455078,83.4919602979668,83.40929453092483,83.46189949781413,2103800
2016-05-11,83.48444366455078,83.61220349857743,83.43183869766148,83.46189949781413,2507000
2016-05-12,83.4093246459961,83.49199044288468,83.35671966011367,83.35671966011367,1938800
2016-05-13,83.56713104248047,83.58968094856002,83.43937690892733,83.47695435221371,1511400
2016-05-16,83.42434692382812,83.55961768877192,83.40180275192294,83.55961768877192,3134400
2016-05-17,83.31159973144531,83.45438709622327,83.31159973144531,83.43935382966177,1769700
2016-05-18,82.96591186523438,83.26651413772845,82.90579026403326,83.25148087067244,1900800
2016-05-19,83.01856231689453,83.08619485516651,82.96595732040035,83.01856231689453,3461900
2016-05-20,83.07112884521484,83.13125045151442,82.99597970409637,83.07112884521484,2655700
2016-05-23,83.05610656738281,83.11622818163805,82.98847405148021,83.07113983770297,2244300
2016-05-24,83.0110092163086,83.0861583592172,82.92082680471103,83.0861583592172,1759800
2016-05-25,83.02606964111328,83.07867463170652,82.958431376914,83.0711579949035,2735700
2016-05-26,83.15380096435547,83.21392257524175,83.08616271873031,83.14628432961658,1614800
2016-05-27,83.1387939453125,83.19139893806951,83.02607305620045,83.1763713973593,2164800
2016-05-31,83.19136047363281,83.2364545419421,82.93585226509693,82.9734296997694,3368800
2016-06-01,83.14469909667969,83.31788837598225,83.13717337419034,83.27270531691453,2941300
2016-06-02,83.35552978515625,83.38564990798906,83.25011222765441,83.25011222765441,2013900
2016-06-03,83.80731964111328,83.80731964111328,83.67178197087306,83.69437062510883,2210500
2016-06-06,83.69436645507812,83.75460669325581,83.63412621690044,83.70942364220988,3278900
2016-06-07,83.7696762084961,83.8148535213653,83.73202461788765,83.76214474140917,2157100
2016-06-08,83.79978942871094,83.83743527139201,83.74708065309689,83.80732089517743,2148000
2016-06-09,83.86005401611328,83.9579401292921,83.85252254746034,83.9579401292921,1543600
2016-06-10,83.9729995727539,84.078422902239,83.92029078042512,83.98806251046356,1368300
2016-06-13,84.040771484375,84.08594880794656,83.98053122306122,84.0106513537181,1661400
2016-06-14,84.00306701660156,84.13107892753453,83.99554129729437,84.09342735170297,1871500
2016-06-15,84.18379974365234,84.28168581208023,84.06331927959519,84.08590793039973,1732100
2016-06-16,84.23651123046875,84.38710607057817,84.16873953104208,84.27415706808365,2533000
2016-06-17,84.17630767822266,84.23654793844744,84.07842156397793,84.22901646971249,2730900
2016-06-20,83.94282531738281,84.01812271774506,83.92023092693307,84.01059125426181,2043800
2016-06-21,83.88265228271484,84.01065854033617,83.84500067996598,83.99560134613343,1882500
2016-06-22,83.935302734375,83.96542284667133,83.84494239748601,83.91271408635876,1734300
2016-06-23,83.79227447509766,83.90522351505098,83.76968581607235,83.82992607002437,1721100
2016-06-24,84.24406433105469,84.4473737505869,84.17629835442847,84.41725362381077,4081200
2016-06-27,84.58290100097656,84.70337574837328,84.5678380670357,84.58290100097656,3018800
2016-06-28,84.68832397460938,84.74103275712075,84.6130265345683,84.74103275712075,2951700
2016-06-29,84.6280517578125,84.78617804561709,84.590400179601,84.73346928301555,2745800
2016-06-30,84.80122375488281,84.85393250678118,84.63556603610995,84.71839489549637,4154300
2016-07-01,84.98380279541016,85.0743277952978,84.88572637132027,85.03661096389752,5235200
2016-07-05,85.21015167236328,85.33840506105844,85.14980356930405,85.27050553108326,4740000
2016-07-06,85.3685531616211,85.3760930746693,85.20258298401933,85.3157392363307,3150500
2016-07-07,85.3082275390625,85.37612131290525,85.1875198224611,85.2478736807618,3122200
2016-07-08,85.43647003173828,85.45155561757562,85.24786855263953,85.30822240730961,2910500
2016-07-11,85.21015167236328,85.42893009347765,85.19506608551366,85.39121324852323,4424000
2016-07-12,84.95368957519531,85.10456852524295,84.86315875176894,85.10456852524295,1970600
2016-07-13,85.0743408203125,85.15732592002045,85.0517095668757,85.11206341314687,2363300
2016-07-14,84.99894714355469,85.02157840917344,84.87069946793996,84.87824514170043,3345200
2016-07-15,84.6895980834961,84.93100771315758,84.65942116033096,84.93100771315758,3612200
2016-07-18,84.70471954345703,84.86314414042914,84.64436567156423,84.86314414042914,1547300
2016-07-19,84.87823486328125,84.88577478046601,84.772618466075,84.85560360040306,1786900
2016-07-20,84.80281066894531,84.82544193589784,84.71982551967736,84.81035058748749,1808800
2016-07-21,84.87823486328125,84.90086612615946,84.64436505032859,84.6971732489317,3043500
2016-07-22,84.89329528808594,84.95364914164487,84.75750199540846,84.780133251578,2315900
2016-07-25,84.79522705078125,84.931020347395,84.79522705078125,84.931020347395,1680800
2016-07-26,84.79522705078125,84.931020347395,84.72732752464417,84.931020347395,3540000
2016-07-27,85.044189453125,85.0517293689197,84.82541102619993,84.88575913086198,3047200
2016-07-28,85.03660583496094,85.06678275165628,84.91589816817955,84.97625200157024,2640600
2016-07-29,85.26296997070312,85.27051564285311,85.06682854009497,85.15735358324906,3671000
2016-08-01,85.0642318725586,85.16248257187183,85.00376724241606,85.02644003716338,3149300
2016-08-02,84.8147964477539,84.99618452244725,84.7921236591951,84.92060663851026,3643900
2016-08-03,84.90547180175781,84.92059083546543,84.72408376081934,84.88279901741824,3777800
2016-08-04,85.0642318725586,85.14736929744845,85.02644003716338,85.05667235223466,2002800
2016-08-05,84.77701568603516,85.05666023594071,84.75434289451756,85.05666023594071,2474600
2016-08-08,84.8299331665039,84.89039779685612,84.6712178364977,84.76947430237621,2604000
2016-08-09,85.04908752441406,85.05664704248856,84.87525897225993,84.95083685433663,2981100
2016-08-10,85.1473388671875,85.20024395809868,85.05664195438729,85.10954704529847,3185800
2016-08-11,84.92061614990234,85.20026069463553,84.88282432058958,85.20026069463553,1807200
2016-08-12,85.12464904785156,85.27581054917863,85.12464904785156,85.19267316500417,1889600
2016-08-15,84.97349548339844,85.11709747177204,84.96593596658356,85.07930565391946,1950500
2016-08-16,84.92061614990234,85.04153962450077,84.92061614990234,85.01886683340254,6250200
2016-08-17,85.07930755615234,85.14733167656352,84.92059229682218,84.98861065101141,5210700
2016-08-18,85.2002182006836,85.23800424492684,85.05661624038542,85.13219409509263,1962900
2016-08-19,85.01127624511719,85.11708640187709,84.94325213507379,85.04906229183368,3287600
2016-08-22,85.1397476196289,85.20776595421312,85.0717235188244,85.14730713443392,1808500
2016-08-23,85.16242218017578,85.27579183974245,85.12463037158008,85.23800003114675,2583000
2016-08-24,85.1322021484375,85.25313134038525,85.12464263238546,85.24557182433321,2312800
2016-08-25,85.04151916503906,85.15488885947907,85.04151916503906,85.06419771690481,1613500
2016-08-26,84.90547180175781,85.29848595105003,84.86012623307866,85.17000299564451,2513700
2016-08-29,85.1397476196289,85.16242039782364,84.99614566943518,85.06416977023969,2156400
2016-08-30,85.09443664550781,85.18513356751203,85.06421010439611,85.18513356751203,1712300
2016-08-31,85.07930755615234,85.1851177290391,85.03396198669286,85.13221264259572,3025000
2016-09-01,85.15351104736328,85.18379931368013,84.84306642718386,84.88092242740782,3777100
2016-09-02,85.0399398803711,85.13837819983381,84.94150733780506,85.13837819983381,1730900
2016-09-06,85.2216567993164,85.32008932721732,85.02478596661877,85.07778898578015,3745800
2016-09-07,85.26710510253906,85.3806846763188,85.25195807835665,85.3806846763188,1839600
2016-09-08,84.97177124023438,85.22921279014972,84.91119471899722,85.18378328766937,2605500
2016-09-09,84.60076141357422,84.79762646844581,84.60076141357422,84.77491171418339,2763900
2016-09-12,84.6689453125,84.7219483562233,84.5402244601575,84.62351578270818,2358200
2016-09-13,84.43421173095703,84.75222996828089,84.30548511184192,84.75222996828089,3005400
2016-09-14,84.54017639160156,84.61589415716854,84.40388210282293,84.40388210282293,2089700
2016-09-15,84.59320068359375,84.62348895281824,84.41904457977715,84.50233587592031,2253800
2016-09-16,84.65375518798828,84.7067582011111,84.5780316461884,84.61589341708834,1701000
2016-09-19,84.58563995361328,84.69164602346898,84.57049870516141,84.60078697896269,2026900
2016-09-20,84.61588287353516,84.75975065275411,84.60830936491983,84.72946239518724,2078500
2016-09-21,84.82792663574219,84.82792663574219,84.5401967465522,84.5704850154506,1899500
2016-09-22,85.00205993652344,85.07020419059323,84.88090689342818,84.88090689342818,2017200
2016-09-23,84.97933197021484,85.07019096151194,84.96418495373588,85.03990270544818,3415700
2016-09-26,85.08534240722656,85.14591314561301,85.01719238331194,85.01719238331194,2326900
2016-09-27,85.19137573242188,85.2670935123505,85.11565795249327,85.23680524499979,2881300
2016-09-28,85.2140884399414,85.26709146230672,85.16108541757607,85.2443767065639,2853900
2016-09-29,85.2140884399414,85.28980621804956,85.0853676394679,85.11565590609041,1668000
2016-09-30,85.12323760986328,85.2973937272998,85.00965803561313,85.23681718411343,3679800
2016-10-03,85.02689361572266,85.14826585946231,85.01172497892875,85.1179227985274,9372900
2016-10-04,84.73865509033203,85.02690552857892,84.7310678771985,85.02690552857892,5022400
2016-10-05,84.62483978271484,84.76138063355468,84.58691530530403,84.72345615614387,3368700
2016-10-06,84.62483978271484,84.70828173530285,84.54139783012684,84.63242699313535,2059400
2016-10-07,84.64002990722656,84.70829745163955,84.51107624288184,84.68554160350189,1867600
2016-10-10,84.60209655761719,84.64002682803135,84.4958987452736,84.64002682803135,1295400
2016-10-11,84.4731216430664,84.60966247991595,84.4655344334233,84.5717322190457,2753300
2016-10-12,84.50348663330078,84.52624248079276,84.39728882010705,84.49589942168787,1668500
2016-10-13,84.62483978271484,84.71586894572336,84.60208393879918,84.65518283705102,1964600
2016-10-14,84.480712890625,84.66276541934418,84.45036983794755,84.55656762864587,2471500
2016-10-17,84.62483978271484,84.66277004747153,84.49588614229552,84.54139783012684,1556800
2016-10-18,84.76139831542969,84.76139831542969,84.55658989011826,84.60968879944693,1582900
2016-10-19,84.80689239501953,84.82964823740205,84.68552018585208,84.71586323814395,1550000
2016-10-20,84.77655029296875,84.88274808350788,84.75379445033116,84.83723061088716,1420800
2016-10-21,84.82965850830078,84.8827574094042,84.72346070609392,84.80690266316304,1776900
2016-10-24,84.70072937011719,84.82968305477607,84.65521187932453,84.81450862872923,1385600
2016-10-25,84.70072937011719,84.80692720305366,84.64004324062554,84.64004324062554,2344400
2016-10-26,84.5338134765625,84.63242405922718,84.52622626640502,84.63242405922718,2684000
2016-10-27,84.32144927978516,84.41247268617605,84.23042008604646,84.41247268617605,2330700
2016-10-28,84.32144927978516,84.39730404756017,84.26076315062603,84.28351900222376,1713800
2016-10-31,84.4275894165039,84.45034525255087,84.35931612101915,84.4275894165039,3260300
2016-11-01,84.38201141357422,84.45800954450637,84.22241359913097,84.26801131803312,4725000
2016-11-02,84.48084259033203,84.60243848102618,84.40483863557455,84.45044216808657,2572600
2016-11-03,84.36683654785156,84.48083667371611,84.36683654785156,84.38203385876612,3254500
2016-11-04,84.54161071777344,84.60241154290485,84.45801103278919,84.47321413821496,2013300
2016-11-07,84.44281005859375,84.49600932870202,84.41240964734821,84.46560891745649,2031000
2016-11-08,84.30604553222656,84.48084651869428,84.26044779588192,84.45804185223402,2107400
2016-11-09,83.5232162475586,84.03241007079171,83.43201501722274,84.00200966067976,3657200
2016-11-10,83.18124389648438,83.50804116699781,83.15844503082091,83.34084755270327,4179200
2016-11-11,83.02923583984375,83.21923409119351,83.00643697740762,83.18883367518318,2804600
2016-11-14,82.69485473632812,82.88485302828607,82.56565728938577,82.56565728938577,3054900
2016-11-15,82.75560760498047,82.8924065278145,82.74041030168084,82.83920726883929,2252200
2016-11-16,82.93804168701172,82.93804168701172,82.77844383801899,82.84684622946557,2164800
2016-11-17,82.62642669677734,82.85442108140717,82.5884247335296,82.84682532738603,1903700
2016-11-18,82.36043548583984,82.70242998325803,82.35283393305907,82.69482843047727,2767000
2016-11-21,82.42882537841797,82.51242505736622,82.36042880379782,82.50482350520217,1705600
2016-11-22,82.50481414794922,82.58081806439885,82.42881602978431,82.52761300357021,3465300
2016-11-23,82.21605682373047,82.33005695259455,82.01845698691855,82.21605682373047,2497600
2016-11-25,82.20845031738281,82.36045241280874,82.14764947921245,82.30725312898143,1071500
2016-11-28,82.49723052978516,82.51242783633967,82.3300311662575,82.36802733178658,2476800
2016-11-29,82.58843231201172,82.62643427874659,82.40603562791367,82.45923490237085,2178600
2016-11-30,82.26168060302734,82.4060811985302,82.17808086860877,82.25408484410875,4627500
2016-12-01,81.99055480957031,82.0743123415777,81.83065565098359,82.0438545290992,4691900
2016-12-02,82.24942779541016,82.38648503077212,82.11998646457748,82.1809020823457,4269200
2016-12-05,82.3179702758789,82.4321856220904,82.06669767606039,82.188528927815,3398000
2016-12-06,82.30274963378906,82.37128117450965,82.26468171937505,82.34082335743767,3306900
2016-12-07,82.51595306396484,82.52356316118797,82.38650589112295,82.40173770403824,3796800
2016-12-08,82.36368560791016,82.4017593409612,82.27231794336532,82.37130151636757,2822600
2016-12-09,82.11239624023438,82.37128479209869,82.02102859424038,82.29514315069208,4530900
2016-12-12,82.0362548828125,82.0971705198426,81.93727132956474,82.00579706429744,3074200
2016-12-13,82.14286804199219,82.1885576820019,82.0134266486424,82.13525794302046,3665900
2016-12-14,81.69364166259766,82.32562853543651,81.69364166259766,82.28755479736695,3544100
2016-12-15,81.5946273803711,81.79259447799376,81.58701147377495,81.7545265634823,4619100
2016-12-16,81.64794158935547,81.76976707032787,81.51849439120049,81.59464185219836,2981600
2016-12-19,81.86114501953125,81.89160284375069,81.73931372265345,81.77738745523675,3202500
2016-12-20,81.7850341796875,81.80787610414978,81.67842885013322,81.70127658383367,2871900
2016-12-21,81.96012115478516,81.97535297013083,81.80022194906824,81.85352168430721,4066900
2016-12-22,81.95934295654297,82.01276626437013,81.84486277614081,81.92118095550764,4110200
2016-12-23,81.98221588134766,82.07380116569266,81.95932101593698,82.07380116569266,3821100
2016-12-27,81.92118835449219,81.92118835449219,81.80671398645475,81.80671398645475,2661500
2016-12-28,82.05088806152344,82.11957264248785,81.89061821657212,81.9135130768936,5609600
2016-12-29,82.30279541015625,82.3333238530222,82.15779258492435,82.21884947065625,3649600
2016-12-30,82.4706802368164,82.51647580208511,82.31041031513537,82.33330518641783,3690100
2017-01-03,82.55461120605469,82.59277319705829,82.21881014057278,82.21881014057278,5079200
2017-01-04,82.57752227783203,82.58515584207134,82.44778079928109,82.54699966628172,3297100
2017-01-05,82.92096710205078,82.94386197325413,82.59279369516076,82.70727387388125,5165900
2017-01-06,82.646240234375,82.80651020055465,82.62334535673583,82.75308687849477,2910100
2017-01-09,82.78360748291016,82.8370307999106,82.75307904138064,82.8370307999106,3030500
2017-01-10,82.76074981689453,82.84470161316943,82.7454826779132,82.76837756367773,2396300
2017-01-11,82.85992431640625,83.13467446296089,82.74544411822436,82.82939587537743,4465500
2017-01-12,82.89044189453125,83.11176869595647,82.89044189453125,83.02018338487238,3036600
2017-01-13,82.74543762207031,82.84465650330073,82.6233296902462,82.80649449933452,3293600
2017-01-17,83.02781677246094,83.08887364638657,82.92097015444305,83.04307807959036,3685700
2017-01-18,82.66913604736328,82.93625266068496,82.60807915783104,82.88282933802061,3115600
2017-01-19,82.45543670654297,82.54702203412124,82.37148494527247,82.4706980164535,2388000
2017-01-20,82.48595428466797,82.5164827231731,82.29515591103913,82.37910766125216,3525000
2017-01-23,82.71492767333984,82.85993633358116,82.5012343778509,82.59281971422,3063400
2017-01-24,82.58516693115234,82.73017555765286,82.50121518135775,82.67675224621124,2049500
2017-01-25,82.36382293701172,82.45540823296368,82.29513833207503,82.4096184963392,2912900
2017-01-26,82.41730499267578,82.44783344642353,82.20361163914873,82.31809188502599,2046300
2017-01-27,82.48595428466797,82.54701116167823,82.44015871555814,82.4477922808605,3096800
2017-01-30,82.4477767944336,82.58515183055094,82.4477767944336,82.54699565661473,2946200
2017-01-31,82.646240234375,82.70729712321642,82.48597026819536,82.48597026819536,7552700
2017-02-01,82.52995300292969,82.59878198102597,82.35406774619572,82.4152419290676,2994200
2017-02-02,82.57583618164062,82.72878038169111,82.55288930063054,82.63701036099248,3490700
2017-02-03,82.5987777709961,82.80525302586581,82.48406670298078,82.68289883191082,2728400
2017-02-06,82.83587646484375,82.88175857678861,82.66763427511312,82.75940433345247,1827000
2017-02-07,82.91999816894531,83.03470928409989,82.78234599764976,82.82058498085118,2659100
2017-02-08,83.1571044921875,83.22593352896584,83.05769125512161,83.05769125512161,3873200
2017-02-09,82.95826721191406,83.10356256493766,82.92002821485683,83.0576804360304,2736000
2017-02-10,82.94295501708984,82.9506039820764,82.79001072406355,82.79001072406355,2365300
2017-02-13,82.82059478759766,82.85882794087657,82.76706370544689,82.85117897644064,2189800
2017-02-14,82.63703918457031,82.82057928998589,82.52233391174718,82.82057928998589,2809500
2017-02-15,82.50701141357422,82.59113247822451,82.48407036584187,82.52995246130656,2138900
2017-02-16,82.68290710449219,82.80526131068893,82.59878603516097,82.59878603516097,5257400
2017-02-17,82.86644744873047,82.93527060083812,82.83585743631097,82.87409641044742,2228100
2017-02-21,82.8587875366211,82.93525964033935,82.7593743852321,82.77466647219676,1980300
2017-02-22,82.91233825683594,83.01175726625148,82.74409608808557,83.0041083037313,2655500
2017-02-23,83.05000305175781,83.08824203573049,82.99647197486597,83.01941303146964,2169000
2017-02-24,83.35584259033203,83.40172467335904,83.21819050680502,83.26407258983204,2670900
2017-02-27,83.20295715332031,83.34060933401005,83.18001026116362,83.31766244185336,1998200
2017-02-28,83.18001556396484,83.31002462334064,83.16472346933558,83.20296245758442,3840100
2017-03-01,82.78919219970703,82.8658193084032,82.74321710374406,82.85049622517343,3280200
2017-03-02,82.63592529296875,82.75086886963136,82.56696265473508,82.70489377747558,2299700
2017-03-03,82.69723510742188,82.73555158441839,82.55930397501741,82.69723510742188,4293900
2017-03-06,82.658935546875,82.75088574994344,82.6206190647469,82.7125751140897,3678300
2017-03-07,82.55162048339844,82.63590618410261,82.52096848029154,82.60526002726753,2237900
2017-03-08,82.35243225097656,82.3754198048204,82.25281172261975,82.29112820987623,2834700
2017-03-09,82.09959411621094,82.25284844110084,82.08427102223305,82.23752534712295,3527300
2017-03-10,82.2221450805664,82.2374681638895,82.11486595848369,82.16850551952504,1906000
2017-03-13,82.0842056274414,82.20680782042314,82.068876699398,82.15316826481742,1658500
2017-03-14,82.11489868164062,82.1761968856343,82.05359463137094,82.05359463137094,2639200
2017-03-15,82.58997344970703,82.59763791598158,82.14552794618017,82.1838444312781,2162900
2017-03-16,82.498046875,82.56700955240414,82.46739484739489,82.51336996566431,2369700
2017-03-17,82.67427062988281,82.68959956346836,82.52101637167848,82.54400392578161,2368800
2017-03-20,82.7968978881836,82.7968978881836,82.63597327964318,82.65130221677872,1635200
2017-03-21,82.96543884277344,82.96543884277344,82.70490548863448,82.70490548863448,2049700
2017-03-22,83.08037567138672,83.1723317075056,83.03440057646402,83.09570460054329,2643600
2017-03-23,83.10335540771484,83.14933634458916,82.95776567205291,83.09569679012992,2071400
2017-03-24,83.0344009399414,83.1493445240248,82.99608446315577,83.02673647532957,3374900
2017-03-27,83.233642578125,83.30260522618168,83.16467408379431,83.25663012747722,1977300
2017-03-28,83.04207611083984,83.27962192797077,83.02674717963987,83.24130544624512,2016100
2017-03-29,83.22595977783203,83.23362424135225,83.11101621011952,83.12634513715997,1965600
2017-03-30,83.07273864746094,83.20300534778646,83.04974524774906,83.15702439463772,1733900
2017-03-31,83.13402557373047,83.16467758958356,83.08038600755611,83.09571493861978,3717700
2017-04-03,83.44274139404297,83.45042157883114,83.15863899779063,83.16631332431427,5197800
2017-04-04,83.36593627929688,83.42736602571559,83.32754122321943,83.39665115250624,1627500
2017-04-05,83.45806884765625,83.49645803992728,83.27377963501132,83.29682018028859,2304100
2017-04-06,83.4504165649414,83.4734512596574,83.296848027992,83.41970168589869,1725300
2017-04-07,83.26612854003906,83.61166065818158,83.25076817223584,83.54255657785862,1783600
2017-04-10,83.37360382080078,83.42735337620172,83.30449390199264,83.33520877054491,1903800
2017-04-11,83.61163330078125,83.68074321675556,83.50413419438736,83.51181437577604,2200800
2017-04-12,83.79592895507812,83.84967851617036,83.61164558251375,83.64236045431826,2433000
2017-04-13,83.90340423583984,83.99554882507026,83.7959051442016,83.88804973343201,2339900
2017-04-17,83.85734558105469,84.00323973473857,83.83431089537025,83.92645549636985,1646100
2017-04-18,84.19518280029297,84.23357198101779,83.99553914243835,84.01089950133664,2369500
2017-04-19,84.06468200683594,84.12610589173505,83.99557208121314,84.057001824375,2148500
2017-04-20,83.9341049194336,84.00321481424655,83.84964052480674,83.9341049194336,1867800
2017-04-21,83.9571533203125,84.07233259165231,83.92644431566558,84.00322854380508,1539300
2017-04-24,83.83428955078125,83.86500440996097,83.69607561360269,83.73447065214243,2745400
2017-04-25,83.55794525146484,83.73455440382845,83.51955017452217,83.68847913984399,1888500
2017-04-26,83.66535186767578,83.67303204622003,83.51945776663374,83.58088747846826,2893700
2017-04-27,83.74217987060547,83.77289474258481,83.62700642351146,83.65004111293025,1660900
2017-04-28,83.88807678222656,83.88807678222656,83.62700914928702,83.68075871243711,5774800
2017-05-01,83.67183685302734,83.84882723652221,83.58718723618833,83.77187464060677,2510000
2017-05-02,83.7872314453125,83.83340768246093,83.63332631109651,83.63332631109651,2841400
2017-05-03,83.70262908935547,83.87192835518286,83.70262908935547,83.8565401815203,1923400
2017-05-04,83.63339233398438,83.64878051111208,83.53335450488136,83.53335450488136,1897900
2017-05-05,83.64871978759766,83.67950199061637,83.54868203111552,83.66411382465947,1421800
2017-05-08,83.48713684082031,83.6256538507337,83.48713684082031,83.59487164063003,3568400
2017-05-09,83.4948501586914,83.5025471804963,83.41789755396479,83.44098274827203,3084900
2017-05-10,83.51792907714844,83.61797273977206,83.44867349943083,83.57179648352002,1653400
2017-05-11,83.51022338867188,83.52561742952717,83.3717063765059,83.37940339693355,2331000
2017-05-12,83.81803131103516,83.83342535036378,83.71029652015794,83.73338170804509,1329700
2017-05-15,83.7872314453125,83.83340768246093,83.7410610792686,83.76414626229055,1771000
2017-05-16,83.89498901367188,83.95655343253148,83.78725421622062,83.78725421622062,2051800
2017-05-17,84.32593536376953,84.34132353316662,84.09507172506959,84.14893912461875,2464500
2017-05-18,84.27972412109375,84.36437369539749,84.21816559795776,84.29511815520559,2107000
2017-05-19,84.27972412109375,84.29511815520559,84.1489041866621,84.27203297514161,1504000
2017-05-22,84.22588348388672,84.2489745423854,84.1874101286002,84.21049531599324,1642700
2017-05-23,84.06428527832031,84.28745188552097,84.04120008983506,84.26436669703571,1334500
2017-05-24,84.21047973632812,84.26434712064783,84.04118056529347,84.0719627664911,2719200
2017-05-25,84.24898529052734,84.25667643990246,84.16433567854986,84.2258942290828,1558100
2017-05-26,84.21818542480469,84.29513800016886,84.21818542480469,84.23357359143546,955300
2017-05-30,84.3797836303711,84.38748064887746,84.29513404011566,84.32591624303626,2093200
2017-05-31,84.46446228027344,84.50293564383213,84.37211563974014,84.37211563974014,2416500
2017-06-01,84.4259033203125,84.44132380444192,84.317936397665,84.3333627652298,2454500
2017-06-02,84.70350646972656,84.74206650213084,84.58783813938358,84.62639228835293,1507400
2017-06-05,84.57237243652344,84.62635292672093,84.51839194632596,84.56466514037535,2450600
2017-06-06,84.74209594726562,84.78836329547923,84.6804022273562,84.72667545900674,1607700
2017-06-07,84.64179992675781,84.7266272725303,84.59552672142416,84.68035406719665,1903500
2017-06-08,84.55697631835938,84.59553046050227,84.44901530686505,84.59553046050227,1532700
2017-06-09,84.48757934570312,84.54155985777345,84.41046516895047,84.44902519904407,1616800
2017-06-12,84.48757934570312,84.59554036984377,84.4181783516561,84.44902519904407,1394800
2017-06-13,84.51072692871094,84.51844011268687,84.38734540227351,84.38734540227351,1474300
2017-06-14,84.78058624267578,84.96566136670276,84.71117939402059,84.8268535528245,2627500
2017-06-15,84.72665405273438,84.74978772099644,84.65724716451274,84.74978772099644,2233900
2017-06-16,84.78058624267578,84.80371989775014,84.71117939402059,84.71889257352274,2216600
2017-06-19,84.66497039794922,84.74979778060256,84.62641035731183,84.7266641095946,1610400
2017-06-20,84.79605102539062,84.85003154324708,84.67266950604807,84.71122365683972,2195100
2017-06-21,84.81149291992188,84.8500470777721,84.73437283734889,84.73437283734889,1217400
2017-06-22,84.85000610351562,84.89627342396781,84.78831242062375,84.87313976374172,1427400
2017-06-23,84.86546325683594,84.91173059407484,84.81148273557869,84.83461640419814,1259100
2017-06-26,84.94258117675781,85.01198218566374,84.92715480804372,84.97342803075017,1914400
2017-06-27,84.68807220458984,84.81145958145538,84.66493854228605,84.7728995553264,3072300
2017-06-28,84.71898651123047,84.73440700390114,84.5801785434398,84.7112733231758,12184400
2017-06-29,84.55697631835938,84.58010998033188,84.41816846309041,84.46443578703544,3377200
2017-06-30,84.44901275634766,84.541547401443,84.41045273193546,84.53384010330751,2626900
2017-07-03,84.2983169555664,84.46059776153086,84.23650215317821,84.46059776153086,1817300
2017-07-05,84.34474182128906,84.36792312462738,84.22882940904731,84.29065014831627,4288600
2017-07-06,84.18241882324219,84.2287814034948,84.0896877671901,84.19014198958641,2284900
2017-07-07,84.15154266357422,84.19017619763332,84.0974509994521,84.1438135985427,2727400
2017-07-10,84.19013977050781,84.24423141122574,84.1437771914772,84.20559789388246,2386400
2017-07-11,84.2674331665039,84.3060666905271,84.1747020968624,84.20561245340957,1969100
2017-07-12,84.52242279052734,84.56106220529803,84.42969762795285,84.52242279052734,2129900
2017-07-13,84.42971801757812,84.46835154613177,84.3292578731322,84.45289931382,1568300
2017-07-14,84.51470947265625,84.66152629569034,84.45288876003788,84.64607406530956,1916600
2017-07-17,84.5533447265625,84.59971320974893,84.47607178198214,84.53789249586553,4078500
2017-07-18,84.74650573730469,84.77741608538378,84.67696187578629,84.72332445013188,2878400
2017-07-19,84.76972198486328,84.80836140978418,84.71563032730313,84.78518011305104,1577700
2017-07-20,84.79289245605469,84.9087989168637,84.76970526834553,84.88561762470191,1802600
2017-07-21,84.93973541259766,84.97064577684213,84.87019151470946,84.90882504835318,1531700
2017-07-24,84.86241912841797,84.9396920518076,84.81605655349342,84.87787135487744,1946000
2017-07-25,84.56104278564453,84.71558861814148,84.53013244003601,84.6924073328215,2601700
2017-07-26,84.72333526611328,84.77742690827064,84.49923963559084,84.51469775937686,2249800
2017-07-27,84.59973907470703,84.68473521284814,84.56109964282962,84.62292037561366,1868600
2017-07-28,84.76972198486328,84.76972198486328,84.60744701218282,84.64608643710372,1894200
2017-07-31,84.73107147216797,84.79289218143079,84.67697982544983,84.76198182679938,2363000
2017-08-01,84.96337127685547,84.96337127685547,84.68459926467085,84.70008397293041,2338900
2017-08-02,84.90147399902344,85.00213943583894,84.90147399902344,84.95567937391529,2253300
2017-08-03,85.07180786132812,85.13375852910735,84.97888185965927,85.00211188309126,1485200
2017-08-04,84.93241882324219,84.9633941560415,84.82400811241492,84.94790353567151,2300900
2017-08-07,84.92467498779297,84.96339563144966,84.87821494175753,84.94016560843194,2359800
2017-08-08,84.84722900390625,84.94015499230365,84.7930236543261,84.92466437360073,2570800
2017-08-09,84.92467498779297,85.079551654479,84.91693558541422,85.079551654479,2308900
2017-08-10,85.0098648071289,85.06407016930521,84.92468410828879,84.94791413380129,2004200
2017-08-11,85.07952117919922,85.13372651613793,84.93238987553477,84.98659521247346,1913300
2017-08-14,85.04084777832031,85.10279845720954,84.9788970994311,85.05633249407167,2293900
2017-08-15,84.91693878173828,84.96339882952249,84.83949749150995,84.83949749150995,2177400
2017-08-16,85.07180786132812,85.12601321864975,84.82401109815203,84.82401109815203,1956500
2017-08-17,85.1956558227539,85.1956558227539,85.0098098308999,85.0485304536742,5403500
2017-08-18,85.14151000976562,85.2886413896281,85.09504995631082,85.2189513094459,1564800
2017-08-21,85.2034912109375,85.24995128103687,85.15703114083813,85.18800649021898,1717600
2017-08-22,85.1259994506836,85.19568950970819,85.07953941133387,85.17245949003332,1992300
2017-08-23,85.31964111328125,85.32738642705131,85.18800031890699,85.2422056994107,1894900
2017-08-24,85.21115112304688,85.30407707805512,85.1724304981423,85.23438113481447,2102100
2017-08-25,85.2731704711914,85.3273758449727,85.18798975411468,85.2189650974101,2326800
2017-08-28,85.30408477783203,85.3660295121576,85.25761884216483,85.31182417716121,4476000
2017-08-29,85.42801666259766,85.55965740271228,85.38155661501389,85.55191800007562,2092200
2017-08-30,85.4125747680664,85.43580480350387,85.36610878924756,85.38933882468503,1505700
2017-08-31,85.52867889404297,85.53642420433312,85.42026818174377,85.42026818174377,5308300
2017-09-01,85.33468627929688,85.52868165379004,85.2881292839046,85.5054031560939,2824200
2017-09-05,85.6838607788086,85.74594070878334,85.52090540282586,85.56746239017293,2257000
2017-09-06,85.59081268310547,85.76152374152984,85.53649418263576,85.6839267294692,2720200
2017-09-07,85.80026245117188,85.87010385513341,85.68386405808145,85.69162552969233,1648800
2017-09-08,85.69940185546875,85.80803879577819,85.69164038251257,85.77699882422274,2363200
2017-09-11,85.46660614013672,85.58300455491569,85.43556616817771,85.56748160880154,2492700
2017-09-12,85.34242248535156,85.40449648740721,85.29585958347576,85.38897946696011,2403600
2017-09-13,85.25706481933594,85.38898021522765,85.24930334891074,85.3579402537942,1304100
2017-09-14,85.30363464355469,85.3346746096611,85.2105147452354,85.2105147452354,1704200
2017-09-15,85.28812408447266,85.38899954176257,85.24932264383187,85.35795957330369,2818000
2017-09-18,85.24932861328125,85.28036858391367,85.17948719929106,85.24932861328125,1946300
2017-09-19,85.2027587890625,85.32691273263009,85.19499731750572,85.28811721538254,1407200
2017-09-20,85.1329345703125,85.29588998428959,85.03981465363873,85.2338100398404,1356800
2017-09-21,85.1174087524414,85.24156270824638,85.10964728011962,85.21828421154974,2210900
2017-09-22,85.1794662475586,85.28034760736725,85.16394922619365,85.2493076443698,1461800
2017-09-25,85.38128662109375,85.38904809768914,85.21833113422247,85.24160964373665,3937600
2017-09-26,85.35020446777344,85.37348296578689,85.26484602821138,85.31916449699914,2749900
2017-09-27,85.10189056396484,85.16397050547123,85.04757209521404,85.10189056396484,3042800
2017-09-28,85.10964965820312,85.14068962808886,84.97773422639045,85.03205269362326,1702500
2017-09-29,85.03980255126953,85.17947944626752,85.00100703171196,85.15620095047927,5770800
2017-10-02,85.09188842773438,85.15409720835336,85.01413041823857,85.09188842773438,5692200
2017-10-03,85.16187286376953,85.17742802593415,85.06856562100637,85.11521924238795,2462200
2017-10-04,85.1385498046875,85.2007585909749,85.07634695095648,85.19298100954988,2673200
2017-10-05,85.09970092773438,85.17745896913694,85.04526970549676,85.17745896913694,1909900
2017-10-06,84.97528076171875,85.08414320292239,84.87419590418911,84.92862712479094,1824000
2017-10-09,85.09188842773438,85.09188842773438,84.99080360864541,85.02967964711539,1131500
2017-10-10,85.09970092773438,85.23189019137456,85.0685965246617,85.12302774689933,1635800
2017-10-11,85.115234375,85.1696655871412,85.08412997769686,85.12301195746508,1866400
2017-10-12,85.21634674072266,85.23190191067697,85.1308170362104,85.1930199183503,1933400
2017-10-13,85.42625427246094,85.4340318532742,85.29406506141513,85.39514988176383,1743800
2017-10-16,85.34076690673828,85.3874205528697,85.27078643754116,85.34076690673828,3788100
2017-10-17,85.30964660644531,85.33297342516556,85.18523492908464,85.2396661502846,1764400
2017-10-18,85.17741394042969,85.19296316746686,85.11520516717076,85.15408713359638,1663800
2017-10-19,85.23967742919922,85.3407623012152,85.17746861600833,85.30965789461975,1877000
2017-10-20,84.99083709716797,85.07637272108329,84.95973269460256,85.00638633217157,2014200
2017-10-23,85.08412170410156,85.12300368008889,85.03746807896205,85.0685724732406,2000800
2017-10-24,84.90533447265625,84.98309254301222,84.88977929904877,84.93643888731074,1722300
2017-10-25,84.85086822509766,84.85863987613473,84.71867303421284,84.72645061780796,2945400
2017-10-26,84.7575454711914,84.93639427838248,84.74199623831093,84.91306153022569,2163500
2017-10-27,84.94419860839844,84.9597537798207,84.78868248953377,84.81200931410751,1902500
2017-10-30,85.17741394042969,85.19296316746686,85.03744716687466,85.09187836033745,2384800
2017-10-31,85.12303161621094,85.18524042518403,85.09970479598567,85.1619076724002,3719900
2017-11-01,85.16040802001953,85.25391596014983,85.06690007988924,85.06690007988924,2959400
2017-11-02,85.20716094970703,85.3240443912856,85.19157926513466,85.20716094970703,2160500
2017-11-03,85.28511810302734,85.30849955739417,85.16044673777775,85.30849955739417,1781200
2017-11-06,85.36297607421875,85.39413943188359,85.2928436571314,85.37076394116666,1293000
2017-11-07,85.3863754272461,85.4097509244956,85.31624299055933,85.3863754272461,2015500
2017-11-08,85.33185577392578,85.40198228634709,85.29289263706504,85.35523127806623,2742600
2017-11-09,85.26950073242188,85.29287623206633,85.16820491898294,85.23833141791631,2479800
2017-11-10,84.92666625976562,85.05134355014678,84.91108457093819,84.98121108807227,1751100
2017-11-13,84.92666625976562,85.0201742275515,84.90329075405425,85.0201742275515,1891600
2017-11-14,85.0123519897461,85.02793961830277,84.93443168177802,84.94222549605635,2799900
2017-11-15,85.17601013183594,85.23055495709198,85.04354497691982,85.13705293947594,2495700
2017-11-16,85.08250427246094,85.18380010195116,85.07471045636481,85.10587977580946,1912600
2017-11-17,85.17601013183594,85.23834877354001,85.13705293947594,85.191597764732,3544600
2017-11-20,85.12923431396484,85.16819743990996,85.07468950460469,85.11365263054981,2639100
2017-11-21,85.21498107910156,85.26952590935666,85.10589141859138,85.23835658564795,2297400
2017-11-22,85.36297607421875,85.37076394116666,85.23050505192855,85.24609267569755,6104100
2017-11-24,85.34746551513672,85.37084102696062,85.3085083104109,85.32409000331283,1693500
2017-11-27,85.34746551513672,85.38642866480453,85.27733897966505,85.34746551513672,2653300
2017-11-28,85.34746551513672,85.42538586953034,85.30071449148895,85.3942165387845,5126900
2017-11-29,85.1369857788086,85.18373675073691,85.07464718628057,85.14477364417304,2423700
2017-11-30,84.99678802490234,85.16821630513179,84.95003107442362,85.12925317055614,4011300
2017-12-01,85.2396469116211,85.48952470645035,84.99757351588646,85.130319791174,3410200
2017-12-04,85.2318344116211,85.24744916697426,85.11470289502492,85.13812800683287,2652800
2017-12-05,85.31768798828125,85.31768798828125,85.17713142984704,85.31768798828125,2995500
2017-12-06,85.40363311767578,85.5207586857799,85.40363311767578,85.45829370197666,2965800
2017-12-07,85.2943115234375,85.4739080320055,85.23184058238913,85.41143709095714,2584100
2017-12-08,85.2630844116211,85.34117011680821,85.23184893803476,85.27869916963554,1685000
2017-12-11,85.2318344116211,85.36458068357044,85.21621369871151,85.22402405516631,2612400
2017-12-12,85.1927719116211,85.20058226654712,85.07564041795176,85.1927719116211,3142400
2017-12-13,85.43485260009766,85.54417374824108,85.22401470185265,85.29429598711958,3109500
2017-12-14,85.45829772949219,85.51295831636914,85.29431596886135,85.35678095560847,4126100
2017-12-15,85.48168182373047,85.54415273805652,85.36455034875767,85.4426360128881,2403700
2017-12-18,85.37240600585938,85.48172718516483,85.30993505838269,85.48172718516483,4474300
2017-12-19,85.12251281738281,85.23964433338165,85.02880641307246,85.22402362055173,2820900
2017-12-20,84.92728424072266,85.02098467493299,84.8882384214313,84.91947388535327,4002500
2017-12-21,85.00228118896484,85.0413399417469,84.93198258539188,84.95541545324953,2374500
2017-12-22,85.04130554199219,85.05692546106928,84.99443386570782,85.00224680500965,3292800
2017-12-26,85.11161041259766,85.15066915246928,85.04131183226113,85.07255763225302,1873400
2017-12-27,85.37720489501953,85.40063775737194,85.15848427416609,85.15848427416609,2046900
2017-12-28,85.314697265625,85.34594306273561,85.25220567140377,85.314697265625,2895400
2017-12-29,85.40066528320312,85.44753102301343,85.33036071395819,85.36160652700822,2813400
2018-01-02,85.27564239501953,85.38499971010079,85.11941936191108,85.34594693158702,8850900
2018-01-03,85.2834701538086,85.33814882085045,85.21316560502464,85.33814882085045,2441700
2018-01-04,85.22879791259766,85.26004371890988,85.11944057026894,85.15849335851308,2945400
2018-01-05,85.17411041259766,85.26003488116763,85.10380586580058,85.26003488116763,4322900
2018-01-08,85.15068817138672,85.22879970904964,85.1038164811663,85.22879970904964,3394500
2018-01-09,84.91634368896484,85.07257271662557,84.9007237659628,85.07257271662557,2301300
2018-01-10,84.91634368896484,84.92415663022989,84.69762900976787,84.73668775656506,4194300
2018-01-11,84.9554214477539,85.03353299930068,84.83825114066909,84.87730989620715,3470400
2018-01-12,84.9397964477539,85.01010101654991,84.85387195229735,84.86168489539234,3605900
2018-01-16,84.96324157714844,85.12728360816617,84.9241887750973,85.04135910031128,6794400
2018-01-17,84.86945343017578,85.01786351414769,84.8460205726816,84.9319450231778,3146300
2018-01-18,84.68199157714844,84.77572301483606,84.6351198987778,84.69761149692077,2896500
2018-01-19,84.50234985351562,84.67419880958525,84.4711040470004,84.67419880958525,2933800
2018-01-22,84.47109985351562,84.59608307337186,84.44766698967456,84.53359146344374,3983200
2018-01-23,84.67418670654297,84.70543250859203,84.58826224078992,84.61950804283897,4775600
2018-01-24,84.5882797241211,84.61171259061932,84.4789223741103,84.55703391561393,2362300
2018-01-25,84.8070297241211,84.8070297241211,84.51020335904524,84.56488205681002,9851600
2018-01-26,84.6507568359375,84.76011416720954,84.57263934829098,84.76011416720954,3808000
2018-01-29,84.50234985351562,84.55702852503521,84.37736662745472,84.4711040470004,3974900
2018-01-30,84.36953735351562,84.45546180884764,84.29923281755003,84.45546180884764,3659500
2018-01-31,84.43986511230469,84.52578959733214,84.26801614224978,84.51797665518545,8066500
2018-02-01,84.17523956298828,84.417936380133,84.14392962487216,84.35530455810215,9678700
2018-02-02,83.92472076416016,84.04215394076428,83.8464339707239,83.96386714732802,4779300
2018-02-05,84.2613296508789,84.4022482185526,83.76811765046966,83.86988984877391,5991700
2018-02-06,84.0186538696289,84.20654333573812,83.98733796312763,84.12825655593416,6031400
2018-02-07,83.83076477050781,84.11260195735467,83.76813295723107,84.10477148747046,4115600
2018-02-08,83.6898422241211,83.87773168217818,83.58806403912912,83.6428653799332,4761600
2018-02-09,83.58026123046875,83.82295209230492,83.53328437409098,83.54894531718348,5926100
2018-02-12,83.60375213623047,83.72900982465818,83.5019798910767,83.56460574884049,5421400
2018-02-13,83.6272201538086,83.69768244184806,83.53327242738894,83.6037347154284,4256200
2018-02-14,83.34539794921875,83.50197752143508,83.29842706400382,83.43151522071274,4317000
2018-02-15,83.44717407226562,83.55678276436448,83.40020318486629,83.42368862856596,2878900
2018-02-16,83.61156463623047,83.67419048053303,83.54110234865419,83.65070504230721,3648900
2018-02-20,83.52546691894531,83.54112189045823,83.41586419965421,83.52546691894531,2907400
2018-02-21,83.25927734375,83.61157688745455,83.18882101874891,83.58808547288781,3223800
2018-02-22,83.26709747314453,83.42367104674409,83.26709747314453,83.36886969869435,2485400
2018-02-23,83.47844696044922,83.58022512788807,83.4314760972603,83.46279199701863,2398100
2018-02-26,83.5411148071289,83.72900431385419,83.52545983694336,83.67420295885516,4617300
2018-02-27,83.3610610961914,83.6272374166445,83.28276832156392,83.59592150137352,5704700
2018-02-28,83.58809661865234,83.58809661865234,83.4080375599293,83.44717797696015,9614100
2018-03-01,83.66263580322266,83.73325354053655,83.46648406834923,83.59202405198465,7335500
2018-03-02,83.52923583984375,83.59985356175373,83.45077636022401,83.5370835836281,3717300
2018-03-05,83.48217010498047,83.67832181763968,83.38801512791696,83.63908908067776,3307200
2018-03-06,83.49784851074219,83.60769297634633,83.46646352255894,83.52138575536101,1932100
2018-03-07,83.48217010498047,83.59986232979104,83.4586328572334,83.56847733743653,3448700
2018-03-08,83.61554718017578,83.66262167305048,83.49785496191414,83.49785496191414,2396200
2018-03-09,83.45867156982422,83.52928334581895,83.40374930424676,83.50574608715404,3669400
2018-03-12,83.50572204589844,83.55279654967553,83.45864754212134,83.50572204589844,4149500
2018-03-13,83.61554718017578,83.63908442661314,83.5213922083515,83.63123668244239,2727500
2018-03-14,83.75679779052734,83.83525729381842,83.57633554548913,83.59203103779318,3126400
2018-03-15,83.76466369628906,83.80389046340049,83.67050868028177,83.74112643880666,3045500
2018-03-16,83.71755981445312,83.73325530577638,83.63910031606488,83.65479580738814,2552700
2018-03-19,83.6312255859375,83.7489177885833,83.58415109930881,83.60768834262316,2263200
2018-03-20,83.49784851074219,83.56846623067308,83.48215900968778,83.51354399787101,3000700
2018-03-21,83.49002838134766,83.54495062837734,83.23110665131803,83.41941064312323,2994400
2018-03-22,83.64692687988281,83.796004079323,83.55277191401409,83.69400136977993,3334400
2018-03-23,83.64692687988281,83.71753861472848,83.52923466906553,83.52923466906553,3618700
2018-03-26,83.61554718017578,83.72539165426667,83.53708769669299,83.67046941722123,4546500
2018-03-27,83.85879516601562,83.91371741733296,83.64695390695634,83.66264341329996,4537700
2018-03-28,83.90583801269531,84.03137196535256,83.85875754263431,83.99214522405444,5617200
2018-03-29,84.14908599853516,84.15693374326081,83.91370154536787,83.91370154536787,8300000
2018-04-02,84.0649185180664,84.17501241063314,84.00200600812336,84.0649185180664,7280300
2018-04-03,83.9705810546875,84.04135915467403,83.9391247879901,84.0020373213849,9916100
2018-04-04,84.00203704833984,84.08854028155919,83.97844634831081,84.06494958153016,6200900
2018-04-05,83.8840560913086,83.9548341729603,83.85259983275982,83.91551234985737,2592500
2018-04-06,84.07280731201172,84.12785427350519,83.97843852102196,84.05707618034567,2814800
2018-04-09,84.14358520507812,84.14358520507812,83.97057874284023,84.00990057504674,3746500
2018-04-10,84.0806884765625,84.13573545219629,84.00991636489209,84.10427918045264,2941900
2018-04-11,84.15142059326172,84.19073641169965,84.08850808416052,84.18287684781231,8598800
2018-04-12,83.96268463134766,84.0885096518959,83.95482506731379,84.07278452416097,3899000
2018-04-13,83.98626708984375,84.01771733998395,83.88403277805648,83.89976390279276,2764800
2018-04-16,84.00203704833984,84.01776218180272,83.83689614846729,83.86048684849631,3860800
2018-04-17,84.02564239501953,84.05709866709789,83.94700471465886,83.99418612294117,2363000
2018-04-18,83.78971862792969,83.94699396851806,83.78185306099937,83.93912840158774,2231700
2018-04-19,83.58525848388672,83.66389615662555,83.54593664768238,83.62457432042122,10985100
2018-04-20,83.3572006225586,83.54593222707956,83.3572006225586,83.47516012526027,2766000
2018-04-23,83.31782531738281,83.36501268798168,83.2785095081604,83.34142200251509,2620800
2018-04-24,83.20780181884766,83.29430507182256,83.184211113431,83.23925809262678,3442300
2018-04-25,83.09767150878906,83.15271846390416,83.04262455367396,83.13699333372905,3785000
2018-04-26,83.23922729492188,83.27854912251478,83.1684552048569,83.22350216368584,4870300
2018-04-27,83.34149932861328,83.38868074332242,83.31004305225011,83.32576819059607,3806400
2018-04-30,83.3572006225586,83.45156942465384,83.34933505579994,83.36506618931725,4692600
2018-05-01,83.28623962402344,83.38082254898377,83.2310677544506,83.333534093145,3027000
2018-05-02,83.28623962402344,83.37293913524972,83.24683458191872,83.30988385194283,2560800
2018-05-03,83.38085174560547,83.50695634309322,83.37296832911096,83.40449598180412,4499200
2018-05-04,83.43601989746094,83.49119178388165,83.31779270847811,83.48330836774022,2317100
2018-05-07,83.39663696289062,83.4518088679229,83.36510930097408,83.4518088679229,1533400
2018-05-08,83.30200958251953,83.34929804013571,83.23107088281225,83.27836535371145,2591700
2018-05-09,83.20742797851562,83.26259985104042,83.16801692101946,83.19954456435977,2507500
2018-05-10,83.39663696289062,83.40452038169143,83.30205999042767,83.34934847665915,2096700
2018-05-11,83.43601989746094,83.467547548742,83.3572037759006,83.467547548742,2034100
2018-05-14,83.357177734375,83.42811041763392,83.34141090701785,83.38082196212797,2183500
2018-05-15,82.98676300048828,83.14439524666815,82.90794687739835,83.14439524666815,2166400
2018-05-16,82.89212799072266,83.0891711813519,82.87636718131594,83.04188273985079,2477500
2018-05-17,82.7817611694336,82.9236324676024,82.75811695528535,82.90787166259666,2789000
2018-05-18,82.9946517944336,83.0104126147589,82.88430801230099,82.88430801230099,2151100
2018-05-21,83.0025405883789,83.04983508241533,82.94736868974138,82.97889634800367,1952200
2018-05-22,83.0025405883789,83.04983508241533,82.97889634800367,83.01042400626598,2246400
2018-05-23,83.2311019897461,83.27051306134447,83.13652503916639,83.15228585983458,6061900
2018-05-24,83.45965576171875,83.5148276426058,83.4044838808317,83.4044838808317,2903300
2018-05-25,83.64095306396484,83.68824153788503,83.57001433979947,83.62518623046806,2508100
2018-05-29,84.1926498413086,84.33452123906453,83.7985632934625,83.83797435356051,3494200
2018-05-30,83.97986602783203,84.07444297364877,83.86163883227613,83.97198261125232,3158200
2018-05-31,83.90894317626953,84.07445887604051,83.85377127634587,83.95623165812235,5157400
2018-06-01,83.80541229248047,83.84490971811744,83.67111019602953,83.70270572558684,6206800
2018-06-04,83.60791778564453,83.7501217963801,83.57631622466091,83.74221989928883,4288100
2018-06-05,83.6711196899414,83.77382024110747,83.62371433546515,83.73431678360748,1848300
2018-06-06,83.48147583007812,83.5446789250084,83.41037686881573,83.51307737754327,2705800
2018-06-07,83.66321563720703,83.83702120191835,83.44201074662216,83.45780851278627,2724800
2018-06-08,83.5447006225586,83.66320494948512,83.53679872679537,83.5447006225586,3416800
2018-06-11,83.45780944824219,83.53681033471068,83.40250822497612,83.46571134510341,4330800
2018-06-12,83.48147583007812,83.49727961750014,83.39457308139372,83.39457308139372,3546500
2018-06-13,83.40251159667969,83.54471560902435,83.25240568715434,83.48941438352261,3627200
2018-06-14,83.61580657958984,83.63161037243503,83.4973082701557,83.54470759392936,4689600
2018-06-15,83.64740753173828,83.8133111911248,83.63160976638852,83.75011410234487,2361800
2018-06-18,83.66321563720703,83.68691530014381,83.58421475162403,83.68691530014381,2359300
2018-06-19,83.75008392333984,83.8290847763828,83.72638427016483,83.78168547003277,2184200
2018-06-20,83.5921401977539,83.78964549528371,83.5763424260002,83.78964549528371,2403700
2018-06-21,83.61580657958984,83.71061125451811,83.59210691770302,83.64740813789928,2895500
2018-06-22,83.69481658935547,83.69481658935547,83.58421414486592,83.60001191091536,1846000
2018-06-25,83.64740753173828,83.77381376405995,83.63160976638852,83.70270875153379,5522900
2018-06-26,83.78173828125,83.78173828125,83.69483547991058,83.73433291763962,2665200
2018-06-27,83.9317855834961,83.98708678356229,83.86858851726241,83.9238897173286,3001300
2018-06-28,83.9239501953125,83.97134953598977,83.86864895539466,83.9634476367492,1798900
2018-06-29,83.99502563476562,84.07402652285205,83.93972441036699,83.9792278681009,7117300
2018-07-02,83.91507720947266,84.02591841928877,83.91507720947266,84.0021675943843,7159900
2018-07-03,84.0892333984375,84.0892333984375,83.94672245027641,83.94672245027641,2425100
2018-07-05,84.16842651367188,84.1921773377593,84.08925508658288,84.09717404140959,2739900
2018-07-06,84.2554931640625,84.27924398146024,84.17632175927305,84.24758025185724,2598700
2018-07-09,84.17632293701172,84.19215480203472,84.1209023488446,84.15257211928167,1926000
2018-07-10,84.11295318603516,84.16046084482342,84.07337051749867,84.1446229450977,2489700
2018-07-11,84.1446762084961,84.20009681183943,84.09717456002831,84.18426494248108,5385000
2018-07-12,84.24758911132812,84.25550202436548,84.12882897145964,84.12882897145964,2145800
2018-07-13,84.32676696777344,84.33467988141543,84.27134637031907,84.27134637031907,2126900
2018-07-16,84.23174285888672,84.23966181153112,84.11298273078485,84.20007308870015,2116500
2018-07-17,84.2000732421875,84.27924464760272,84.15257160701657,84.23966196509063,2964100
2018-07-18,84.17632293701172,84.23174352517884,84.1367342138676,84.2079927074488,1760900
2018-07-19,84.30301666259766,84.3584372603916,84.16841860476195,84.19216942661762,2163200
2018-07-20,84.1367416381836,84.27133968451605,84.0813210451261,84.22383200447275,2920200
2018-07-23,83.84378051757812,84.07338177122332,83.83586156665527,84.05754386937761,1848500
2018-07-24,83.96255493164062,83.97838679579525,83.84379480911342,83.85962667326802,3590200
2018-07-25,83.97047424316406,84.05756460362872,83.8833838826994,84.0179819200301,3318300
2018-07-26,83.9229965209961,84.04175668641571,83.88340778572524,84.00216795114487,2245000
2018-07-27,83.98631286621094,84.04965240897913,83.95464309482684,84.02589555014761,2637400
2018-07-30,83.89923095703125,83.96257050618028,83.8517293153654,83.87548013619832,5518200
2018-07-31,83.97047424316406,84.06548355650493,83.96256133067907,84.0100629671539,5928100
2018-08-01,83.88391876220703,83.93153910714408,83.73313815826968,83.76488303665556,4534100
2018-08-02,83.9157485961914,83.93162407881478,83.844327088554,83.93162407881478,3671900
2018-08-03,84.09823608398438,84.10617382112096,83.97125650867653,83.97125650867653,2542900
2018-08-06,84.15377044677734,84.20932248561856,84.12202555962263,84.14583271130913,4120000
2018-08-07,84.00302124023438,84.0982559442054,83.98715181693295,84.0982559442054,2532800
2018-08-08,84.00302124023438,84.0506416195803,83.9633446546204,83.98715181693295,1937500
2018-08-09,84.12205505371094,84.15379995199575,84.06650299539258,84.0982478936774,2386400
2018-08-10,84.30461120605469,84.4077776144227,84.20937648352282,84.20937648352282,4136300
2018-08-13,84.35221099853516,84.36014873772493,84.24110686876215,84.24904460795193,2786300
2018-08-14,84.27284240722656,84.38394652465476,84.24903524702343,84.36013936445163,6087400
2018-08-15,84.39189147949219,84.4712567656105,84.3204699876512,84.35221489115428,4652700
2018-08-16,84.43950653076172,84.45537595415067,84.31252692476666,84.4236310526519,2658200
2018-08-17,84.48710632324219,84.55853385300856,84.42361653116537,84.46329916489333,2071100
2018-08-20,84.65375518798828,84.66169292499349,84.5426510887926,84.59026540138524,2355500
2018-08-21,84.58235931396484,84.61410421687248,84.52680724755679,84.58235931396484,2835000
2018-08-22,84.65375518798828,84.68550008128982,84.57439598209412,84.64582350570238,2190000
2018-08-23,84.60616302490234,84.68552225157238,84.60616302490234,84.6537773499602,1568600
2018-08-24,84.70135498046875,84.70135498046875,84.51088566692655,84.5188234020036,3649700
2018-08-27,84.59026336669922,84.64582146968,84.56645621097555,84.59026336669922,3233500
2018-08-28,84.43158721923828,84.51094646294523,84.40778005159841,84.47920155451801,2558100
2018-08-29,84.41571807861328,84.44746298714813,84.35222826154356,84.42364976470533,2792400
2018-08-30,84.45537567138672,84.51886547417169,84.42363076999425,84.49505831180754,2803200
2018-08-31,84.44742584228516,84.5982065231009,84.44742584228516,84.58233710317486,3308700
2018-09-04,84.35359191894531,84.40131635093756,84.28996945620676,84.3217776536007,3164000
2018-09-05,84.31381225585938,84.3694856924073,84.27404291491823,84.3456265150224,2788300
2018-09-06,84.45697021484375,84.52059266282986,84.37743153594992,84.37743153594992,2248500
2018-09-07,84.15475463867188,84.2581525147455,84.15475463867188,84.2422423486032,2571600
2018-09-10,84.2342758178711,84.26608400764061,84.1865513973184,84.1865513973184,3305700
2018-09-11,84.09114074707031,84.17862239796578,84.06727549542491,84.13090403057714,4919000
2018-09-12,84.14682006835938,84.21839762443553,84.14682006835938,84.1547690848446,4168900
2018-09-13,84.20246887207031,84.30586066767253,84.18655870785474,84.27404640719114,2280200
2018-09-14,84.04338836669922,84.13883113769216,84.0354393534116,84.08315770493354,2693000
2018-09-17,84.04338836669922,84.13087605645548,83.9877149339406,84.02748427217493,5721700
2018-09-18,83.86046600341797,83.98771696653911,83.82069666422117,83.97976188510991,2206000
2018-09-19,83.70142364501953,83.85253990465989,83.68551954461327,83.8445848204811,2700600
2018-09-20,83.8127670288086,83.86844047981734,83.69347111089776,83.69347111089776,2897700
2018-09-21,83.87638092041016,83.88433600286577,83.76503403783175,83.78093813479295,2792600
2018-09-24,83.7968521118164,83.87638473614052,83.7570827656792,83.77299293131419,1895000
2018-09-25,83.75703430175781,83.75703430175781,83.65364255675654,83.70931596836442,2059400
2018-09-26,83.9559097290039,83.98772398943174,83.78093433062566,83.80479957690883,2912100
2018-09-27,84.01156616210938,84.0195212425935,83.9081743876098,83.9081743876098,2528100
2018-09-28,83.9240951538086,84.07521137328662,83.91614613969375,84.05930727710721,4883900
2018-10-01,83.90182495117188,83.98952213989841,83.86993451140955,83.98952213989841,3518400
2018-10-02,83.99742889404297,84.07715188826127,83.90973177566046,83.96553847986073,6912600
2018-10-03,83.59883880615234,83.90178872938678,83.51114165528612,83.88584655762784,2540500
2018-10-04,83.3596420288086,83.48720369969772,83.28789315078991,83.43139698930254,5268200
2018-10-05,83.17630004882812,83.29588762388146,83.06468660077213,83.27993936988676,3460500
2018-10-08,83.14437103271484,83.2320681415518,83.14437103271484,83.2161198949593,2268000
2018-10-09,83.26396942138672,83.31977612679752,83.16829817676478,83.22410488217557,21903200
2018-10-10,83.24005126953125,83.27990972537643,83.09654744704454,83.18423848289378,3834800
2018-10-11,83.48723602294922,83.59884948695228,83.31981582694462,83.38359060460522,7053900
2018-10-12,83.51111602783203,83.60678727645704,83.45530932008617,83.47922561162369,5017400
2018-10-15,83.45530700683594,83.53503000390951,83.40747442508676,83.49517154661012,3047700
2018-10-16,83.50316619873047,83.50316619873047,83.37561057925927,83.46330772872929,5750100
2018-10-17,83.33573150634766,83.52706794345431,83.32775738074614,83.47923535479657,2844200
2018-10-18,83.27995300292969,83.4075147258624,83.21617214146332,83.22414626976605,3158200
2018-10-19,83.20817565917969,83.35167950719759,83.184253282447,83.28789866752838,2985800
2018-10-22,83.19223022460938,83.32775995163824,83.18425609876184,83.28790148735227,2807300
2018-10-23,83.29590606689453,83.50318475490654,83.29590606689453,83.44737801852206,3524300
2018-10-24,83.51111602783203,83.55894861090705,83.44733519541535,83.463283444757,4465100
2018-10-25,83.43940734863281,83.52709843235563,83.39954278854962,83.47926582623812,8290200
2018-10-26,83.63075256347656,83.75034017370008,83.60683625792757,83.61480430479155,5811400
2018-10-29,83.54299926757812,83.62272226001318,83.48719256462614,83.59880597053011,5075100
2018-10-30,83.42339324951172,83.53500663068007,83.42339324951172,83.45528365591312,2552000
2018-10-31,83.38353729248047,83.47123439848106,83.31178843255655,83.31178843255655,14880500
2018-11-01,83.59429168701172,83.65037960043293,83.49014151735348,83.49815494962192,7919000
2018-11-02,83.34595489501953,83.5542614082672,83.273852320699,83.52221378219373,4491500
2018-11-05,83.40200805664062,83.45808985488526,83.37797387345829,83.43405567170292,3412600
2018-11-06,83.4100341796875,83.45810255336595,83.36997312664978,83.39400731348901,2619900
2018-11-07,83.48212432861328,83.61031478930863,83.43405596208133,83.52218537569497,4677200
2018-11-08,83.32987976074219,83.49812510349348,83.32186633133813,83.47409092773697,3489200
2018-11-09,83.43405151367188,83.52218092258677,83.37796971822215,83.37796971822215,2901900
2018-11-12,83.57020568847656,83.60225328522269,83.52213734958441,83.57020568847656,2779700
2018-11-13,83.60227966308594,83.61830652274277,83.49011609531212,83.56222473885586,2977100
2018-11-14,83.61027526855469,83.72243881241705,83.48208486845215,83.49811172469232,3395900
2018-11-15,83.71446228027344,83.73048914357723,83.57025107282637,83.70645496107895,3861300
2018-11-16,83.85066223144531,83.89071716290925,83.73048521213926,83.76253282478469,3332600
2018-11-19,83.84264373779297,83.90673895921377,83.81059612708256,83.81059612708256,4673200
2018-11-20,83.81060028076172,83.89872968646887,83.81060028076172,83.85866864298124,3162700
2018-11-21,83.86668395996094,83.87469739133006,83.78656798364128,83.80258873392233,5701700
2018-11-23,83.84264373779297,83.99486224809645,83.84264373779297,83.99486224809645,1665900
2018-11-26,83.82661437988281,83.85866198963885,83.79456677012678,83.85866198963885,4326100
2018-11-27,83.85066223144531,83.91475134427905,83.78656700615447,83.78656700615447,4107700
2018-11-28,84.01091003417969,84.05097108565984,83.77856938300299,83.82663775481255,8513900
2018-11-29,84.05094909667969,84.11503820483969,83.9948611942976,84.05895641491426,5922600
2018-11-30,84.02690887451172,84.09100409518172,83.97884051523756,84.06696991554463,6126200
2018-12-03,84.16423797607422,84.21242164642177,84.02770736488979,84.07589716235717,14037900
2018-12-04,84.38909149169922,84.54970778851282,84.2766588585059,84.30878334329242,5365200
2018-12-06,84.597900390625,84.75852283152871,84.5497167219137,84.55774937573878,7396800
2018-12-07,84.71034240722656,84.76655873191605,84.549719960171,84.63806077427161,5440200
2018-12-10,84.76655578613281,84.83079863560263,84.67018232124862,84.76655578613281,6096000
2018-12-11,84.79065704345703,84.90308970142354,84.73444071447378,84.83080806294774,8086200
2018-12-12,84.72640991210938,84.78262624232168,84.69428541954227,84.71035072938605,8089000
2018-12-13,84.7505111694336,84.84688465784643,84.7505111694336,84.79869485007944,5762500
2018-12-14,84.77461242675781,84.87098592587608,84.77461242675781,84.87098592587608,6265000
2018-12-17,84.91913604736328,84.95126053437208,84.81473605992421,84.85489320046507,7630500
2018-12-18,85.16864776611328,85.16864776611328,84.99966308474993,84.99966308474993,6626100
2018-12-19,85.24908447265625,85.43416022075407,85.12837942776302,85.2007987711108,7264800
2018-12-20,85.16864776611328,85.39396681391408,85.14450797439228,85.37786952655587,7695000
2018-12-21,85.12838745117188,85.26518364993098,85.10424766778077,85.24909250744163,10381200
2018-12-24,85.18470001220703,85.2973564068824,85.1444629544031,85.25711934907845,7196100
2018-12-26,85.02375793457031,85.29735026212595,84.99961201803957,85.23297343000252,8606900
2018-12-27,85.16058349609375,85.34565927819666,85.11229778567646,85.25714263829884,10562200
2018-12-28,85.47440338134766,85.47440338134766,85.24909055576993,85.2732303386084,7019600
2018-12-31,85.691650390625,85.70774766883355,85.38586963710345,85.39391827620774,9671800
2019-01-02,85.7559814453125,85.7881698452335,85.67551351516475,85.73989031500676,11200700
2019-01-03,86.11009979248047,86.16642799158734,85.75603331848683,85.75603331848683,6497000
2019-01-04,85.85260772705078,85.876747509339,85.73995131682983,85.82846794476256,8149000
2019-01-07,85.7077407836914,85.93305354600862,85.6675037307152,85.87672535542931,7433700
2019-01-08,85.64340209960938,85.72387010208935,85.60316502871186,85.61926231279689,4395600
2019-01-09,85.7157974243164,85.75603448393097,85.6192383041428,85.63532944440061,5458100
2019-01-10,85.61923217773438,85.74797970852455,85.5629039818925,85.71579129099878,3532500
2019-01-11,85.73994445800781,85.8284610788596,85.6997073978703,85.76408423836496,5759000
2019-01-14,85.61923217773438,85.78821676525999,85.61923217773438,85.75602834773423,7544300
2019-01-15,85.63533020019531,85.73994410039114,85.56291085942594,85.73189546053452,3690200
2019-01-16,85.7077407836914,85.7157832828368,85.54679871109887,85.56289598801429,4007800
2019-01-17,85.64340209960938,85.72387010208935,85.57097659985686,85.72387010208935,5547000
2019-01-18,85.5789794921875,85.68359336486944,85.52265130663253,85.59507676766708,5643400
2019-01-22,85.65145874023438,85.79630361395073,85.65145874023438,85.65145874023438,6824000
2019-01-23,85.73994445800781,85.77212673894172,85.59509963655155,85.60314213712832,3222800
2019-01-24,85.88475036621094,85.9732608076464,85.83646468806084,85.87670172996748,7308900
2019-01-25,85.84455871582031,85.86064985750501,85.74799344777053,85.81237029313705,3469500
2019-01-28,85.79624938964844,85.90085712259632,85.764060978131,85.79624938964844,7365700
2019-01-29,86.0215835571289,86.04572333695177,85.85259895905561,85.88478737859052,6158600
2019-01-30,86.21470642089844,86.22275506046913,85.93306542905587,85.93306542905587,6350400
2019-01-31,86.47219848632812,86.52852667873826,86.33540232466247,86.34345096338178,14766500
2019-02-01,86.29312896728516,86.43833593532695,86.22052240593268,86.38992950953758,7227900
2019-02-04,86.22052001953125,86.2366575459021,86.1317820884805,86.18018851293009,14227700
2019-02-05,86.40607452392578,86.43027466158597,86.27699891685322,86.27699891685322,8913500
2019-02-06,86.357666015625,86.49480421906765,86.3092595902558,86.4786666923902,6449600
2019-02-07,86.39799499511719,86.47866416215476,86.34152596272459,86.43833265596744,3938900
2019-02-08,86.59160614013672,86.62387503934261,86.45446793450907,86.45446793450907,4288600
2019-02-11,86.50287628173828,86.54320779064393,86.43833848189321,86.50287628173828,3521000
2019-02-12,86.51901245117188,86.5270812152657,86.41414313660695,86.49481231355409,3136700
2019-02-13,86.36573028564453,86.4302680842695,86.32539877750135,86.3818678126324,2526100
2019-02-14,86.4947738647461,86.59964313269434,86.45443621687164,86.58351176634112,2908500
2019-02-15,86.55929565429688,86.56735825865405,86.47055776908935,86.5189580138717,2413900
2019-02-19,86.60775756835938,86.68035798722822,86.54321975958871,86.66422661236766,6235500
2019-02-20,86.61582946777344,86.6319608432178,86.54322289161274,86.61582946777344,3231100
2019-02-21,86.42218780517578,86.46252546260727,86.39798767258185,86.44639409243213,3677000
2019-02-22,86.63999938964844,86.73679991788103,86.49479244263728,86.51899257469543,2731500
2019-02-25,86.61582946777344,86.6400296082722,86.55936042172152,86.59969193766464,3645400
2019-02-26,86.71260833740234,86.77714613236363,86.66420806851282,86.74487723488298,4759400
2019-02-27,86.52704620361328,86.63998423657362,86.48670855412979,86.63998423657362,2988300
2019-02-28,86.37380981445312,86.55128570546013,86.34154091111876,86.52708556662536,11872100
2019-03-01,86.23384857177734,86.40367910462064,86.21767687962178,86.3470689270062,5527000
2019-03-04,86.3390121459961,86.4037051041316,86.28240195134724,86.32283427892587,3837200
2019-03-05,86.3956298828125,86.40371264700475,86.26623161514834,86.31475905054691,5835800
2019-03-06,86.52503204345703,86.58973118481374,86.41181163110765,86.43607226660399,4834000
2019-03-07,86.76762390136719,86.81614515735228,86.63014289604423,86.66249245671689,6089100
2019-03-08,86.88085174560547,86.9132013090584,86.72719286171618,86.78380305524671,4943100
2019-03-11,86.88893127441406,86.91319190186579,86.81614322201125,86.88893127441406,5638300
2019-03-12,87.05072021484375,87.07498085548075,86.88088956033373,86.93749977850374,5243400
2019-03-13,87.01023864746094,87.0264165132481,86.94554569445623,86.98597801882818,2608800
2019-03-14,86.88085174560547,87.00216106604184,86.84850218215256,86.99407213266653,2955400
2019-03-15,87.09919738769531,87.13154694884598,86.99406594149154,87.05876506379289,2756900
2019-03-18,87.08306121826172,87.09923292041046,87.04262270781423,87.07497228216214,2295500
2019-03-19,87.03453063964844,87.10731254661458,86.96174256263254,87.002181068758,2928300
2019-03-20,87.3903579711914,87.41461860528989,87.07495738781232,87.10730695662676,4236200
2019-03-21,87.40650939941406,87.48738021196138,87.38224877265462,87.44694172066397,4192700
2019-03-22,87.8432388305664,87.95645922745513,87.64105866897243,87.7138405655228,2464100
2019-03-25,88.00501251220703,88.14249359130132,87.82709291806096,87.85135355907158,4971300
2019-03-26,88.02116394042969,88.09395201674587,87.91603246358375,87.95647096932049,3120500
2019-03-27,88.20714569091797,88.29610544053307,88.14244656937103,88.15053550207635,3719600
2019-03-28,88.21527862548828,88.26379990582704,88.11822989475986,88.19910075200809,6071000
2019-03-29,88.20714569091797,88.20714569091797,88.01305449632495,88.02922619168778,5988300
2019-04-01,87.80345153808594,88.05476283079794,87.77913248699585,88.05476283079794,11261700
2019-04-02,87.90074920654297,87.92506826186028,87.81157521377469,87.86832173781748,8080100
2019-04-03,87.73863220214844,87.81158937987009,87.70620472819162,87.74673443195645,3731100
2019-04-04,87.80345153808594,87.8115599500847,87.71427756081816,87.75481343590576,3676900
2019-04-05,87.86831665039062,87.88453347626806,87.73861296790552,87.77103424984664,2236600
2019-04-08,87.82775115966797,87.8763954359931,87.79532988865763,87.8682870257881,9485300
2019-04-09,87.87641143798828,87.97368763854259,87.86830302630678,87.93315794994693,3753800
2019-04-10,88.046630859375,88.07094990395782,87.95745690596829,87.99799277020935,4682000
2019-04-11,87.94123840332031,87.98176807903076,87.89259413360223,87.98176807903076,2827700
2019-04-12,87.77098846435547,87.83584336422008,87.73045879061783,87.76288624055015,2390600
2019-04-15,87.75479125976562,87.79532712460957,87.72236380487138,87.72236380487138,2546200
2019-04-16,87.60079193115234,87.72239338177933,87.56836446532469,87.64943622234715,4093900
2019-04-17,87.59269714355469,87.70619019113826,87.59269714355469,87.62511842722952,3390200
2019-04-18,87.7061767578125,87.78724232439778,87.68185770632753,87.73860422142786,2217200
2019-04-22,87.60079193115234,87.6818636881748,87.59268970337546,87.65753845012404,5725600
2019-04-23,87.75479125976562,87.77911030471014,87.67372571498233,87.69804475992686,3422700
2019-04-24,87.95745086669922,87.98176990961227,87.89259596232836,87.89259596232836,3000000
2019-04-25,87.94937133789062,87.99801562459443,87.89262482415795,87.93316069892677,2648100
2019-04-26,88.127685546875,88.16011299729234,88.08715587253116,88.15200458846206,2299900
2019-04-29,87.97368621826172,88.05475796395604,87.94936716851576,88.00611367955828,2782600
2019-04-30,88.0304183959961,88.10338171825977,87.96556966886763,88.00609935020982,7491500
2019-05-01,88.08729553222656,88.37983685795938,88.02228497100853,88.14417822335525,6387900
2019-05-02,87.89232635498047,88.03046923625632,87.84356530295486,88.03046923625632,3379400
2019-05-03,88.03854370117188,88.10355426917592,87.98978887504335,88.02229415904537,2326300
2019-05-06,88.15230560302734,88.22543783417952,88.11980032259916,88.21730996413538,4609100
2019-05-07,88.25797271728516,88.33110497296667,88.24171697174455,88.27422226307536,3051400
2019-05-08,88.24170684814453,88.42048283007856,88.2092077602926,88.36360012671315,5946400
2019-05-09,88.29045104980469,88.42046597567847,88.20919094616501,88.39608856456141,4847600
2019-05-10,88.30675506591797,88.42864839644614,88.2742497644603,88.3636377935308,5257500
2019-05-13,88.4529800415039,88.5586237665008,88.42860262796589,88.4367304990616,6733800
2019-05-14,88.52613067626953,88.5505080931655,88.46924797026224,88.49362538715822,6217000
2019-05-15,88.6805191040039,88.72115226352254,88.57488156890501,88.70490271956491,2666500
2019-05-16,88.57490539550781,88.6074106919167,88.53427222505887,88.6074106919167,2757000
2019-05-17,88.5992660522461,88.69678192301981,88.52613379897844,88.67240450526393,2090800
2019-05-20,88.47736358642578,88.6236342775394,88.4611140428574,88.55862990351633,2035000
2019-05-21,88.46922302246094,88.50172830240595,88.42046200266932,88.46109515253764,2029800
2019-05-22,88.61553955078125,88.64803864779995,88.50989578634048,88.53427320898021,3509900
2019-05-23,88.87551879882812,88.98115629585476,88.68861501205296,88.72112028800288,4922500
2019-05-24,88.90802764892578,88.94052672643471,88.84301709441249,88.87552237166913,2010300
2019-05-28,89.03807830810547,89.10308888872133,88.98119560000416,89.03807830810547,6270100
2019-05-29,89.06244659423828,89.26559998802064,89.06244659423828,89.16809032684483,5634400
2019-05-30,89.2981185913086,89.33875175602418,89.1030930401248,89.20060271584146,3305200
2019-05-31,89.71253204345703,89.9075575484045,89.38748540204524,89.39561327301152,9204100
2019-06-03,89.92430877685547,90.0220486121865,89.73696373516395,89.81027482604645,7137500
2019-06-04,89.8428726196289,89.90803044983032,89.70439747128573,89.82657850128956,5131700
2019-06-05,89.79398345947266,89.98132850689946,89.78584261586867,89.89172951218026,3253500
2019-06-06,89.77770233154297,89.94060621729552,89.72883240869419,89.87544217724054,2660400
2019-06-07,90.03019714355469,90.14423109623023,89.96503310934456,90.11979613699752,3697100
2019-06-10,89.79398345947266,89.89172951218026,89.77769555788026,89.89172951218026,3992900
2019-06-11,89.77770233154297,89.80213729296737,89.73697325291239,89.76955527293988,4374600
2019-06-12,89.89175415039062,89.93248323711157,89.81030219133487,89.82659009739156,2797600
2019-06-13,90.08722686767578,90.10352098572619,89.92432297348313,89.94875793617351,2293200
2019-06-14,90.06281280517578,90.1116827418974,89.98950790009333,90.01394286845415,1901200
2019-06-17,90.03839111328125,90.08726105720892,89.9732270451193,90.02209698904697,3312600
2019-06-18,90.28273010253906,90.3886232470245,90.17684317244004,90.36418827964675,3640300
2019-06-19,90.59222412109375,90.59222412109375,90.12794126247373,90.17681117989135,2895900
2019-06-20,90.74699401855469,90.87731587966692,90.68997082473628,90.73069990192523,4224300
2019-06-21,90.51075744628906,90.62479137794757,90.445593424089,90.59220936684754,4640200
2019-06-24,90.67369842529297,90.72256835476743,90.59224647137361,90.60039353108128,3079800
2019-06-25,90.6899642944336,90.77142244294595,90.59222445923353,90.70625840988976,3111100
2019-06-26,90.48635864257812,90.66555668033662,90.46192367640853,90.64926877435225,3703200
2019-06-27,90.7388687133789,90.74701577364675,90.54338276765371,90.61668766690585,2963600
2019-06-28,90.69813537597656,90.79588145145149,90.67370041070428,90.7062824358626,9887800
2019-07-01,90.76509094238281,90.83856212218765,90.6263078948742,90.82223726950296,4186800
2019-07-02,90.9283447265625,90.9528413430177,90.7324153942891,90.78139617023716,5765400
2019-07-03,91.07530975341797,91.10796568611606,90.96918264351089,90.97734818380599,1324800
2019-07-05,90.69159698486328,90.78956476854194,90.54465465206735,90.78956476854194,2461200
2019-07-08,90.64260864257812,90.83037865517132,90.64260864257812,90.80588826841587,3041400
2019-07-09,90.61809539794922,90.66707615910501,90.57727394466653,90.6507513148795,2525800
2019-07-10,90.6834487915039,90.74876065529652,90.59364653590958,90.7324295751073,4589800
2019-07-11,90.34872436523438,90.6671118951968,90.34872436523438,90.6671118951968,3303700
2019-07-12,90.44670867919922,90.49568946860934,90.34874087189606,90.34874087189606,3836300
2019-07-15,90.5772705078125,90.58543604385507,90.49563383282404,90.51196490490916,3619000
2019-07-16,90.47935485839844,90.47935485839844,90.32424073734876,90.41404299390571,2149100
2019-07-17,90.71610260009766,90.73242745142264,90.54466363301633,90.56098848434131,2985600
2019-07-18,90.8630142211914,90.88750460245943,90.66707871408823,90.69973463193877,5982200
2019-07-19,90.75691223144531,90.85488001878419,90.732421841731,90.79773369995691,3150800
2019-07-22,90.87117004394531,90.95281294967997,90.86301073615523,90.95281294967997,2855100
2019-07-23,90.78138732910156,90.87935509993784,90.74873763397005,90.83853363830258,2659300
2019-07-24,90.91204833984375,90.95286981823483,90.86306754856096,90.88755794420236,2783300
2019-07-25,90.77326202392578,90.88755468514273,90.65896936270883,90.88755468514273,2976800
2019-07-26,90.78956604003906,90.87936828588182,90.73241972254652,90.87936828588182,4669000
2019-07-29,90.83036041259766,90.90383155810788,90.79770449398879,90.86301633120651,4167100
2019-07-30,90.82221221923828,90.88752406892796,90.74874105969799,90.83853706742029,2409300
2019-07-31,90.8630142211914,91.09975872576867,90.67524425067073,90.8630142211914,10034500
2019-08-01,91.57493591308594,91.60766205458106,91.04304558936215,91.1085041154164,5709100
2019-08-02,91.60769653320312,91.6813459869468,91.50132092564711,91.59133345629695,3293700
2019-08-05,92.00865173339844,92.12321198602528,91.8531744292339,91.8777221629303,7626600
2019-08-06,92.25411224365234,92.27048155740019,91.97589634057867,92.03317645256818,5151800
2019-08-07,92.20503997802734,92.70419804078698,92.14775985163192,92.60600086279531,9156600
2019-08-08,92.2950439453125,92.31959167676952,91.91863082915336,92.0659234609604,3707200
2019-08-09,92.17232513427734,92.4259934218871,92.12322965746688,92.35235020667139,2432300
2019-08-12,92.50780487060547,92.62236511713347,92.360512233203,92.40960769798208,2474900
2019-08-13,92.37687683105469,92.58963425371594,92.29504897405121,92.58963425371594,3048200
2019-08-14,92.66325378417969,92.77781400333679,92.63870605765513,92.69598616723367,2829900
2019-08-15,93.08877563476562,93.21152051983245,92.76964267943038,92.786005750676,2815600
2019-08-16,93.01514434814453,93.03151366564701,92.76147611444478,92.93331648982836,5209000
2019-08-19,92.76968383789062,92.84332705576496,92.68784971616319,92.74512985553221,2900800
2019-08-20,93.0233383178711,93.03970139394599,92.9251411322236,93.01515365830063,2253600
2019-08-21,92.97423553466797,93.14607591373725,92.88422301566995,92.88422301566995,3815400
2019-08-22,92.72872161865234,93.02330683282227,92.71235854811576,92.88419888253756,6294900
2019-08-23,93.10514831542969,93.21153014023061,92.72055054928909,92.74509828022319,3772100
2019-08-26,93.06423950195312,93.24425828034164,93.01513779596992,93.1542457696149,5127200
2019-08-27,93.35881042480469,93.38336439719902,93.17879166203056,93.21152404882524,3473400
2019-08-28,93.36697387695312,93.53063577375599,93.31787842944378,93.53063577375599,5102500
2019-08-29,93.30970764160156,93.35062468264915,93.15423037729744,93.35062468264915,2671000
2019-08-30,93.39156341552734,93.40793273406828,93.19517529449678,93.20335995376725,4661600
2019-09-03,93.36942291259766,93.59907890023268,93.24640074107906,93.38583004045736,6197400
2019-09-04,93.53347778320312,93.56628578665584,93.3530368929566,93.3530368929566,3814300
2019-09-05,93.13153839111328,93.22995608871562,92.9264931777973,93.18074723991445,5336500
2019-09-06,93.22998809814453,93.2709996578819,93.1397676727107,93.22179079218543,3675200
2019-09-09,92.83631134033203,93.00034507611836,92.82810777629693,93.00034507611836,2747400
2019-09-10,92.33604431152344,92.78714042863562,92.33604431152344,92.76253598229172,3119300
2019-09-11,92.35238647460938,92.44260689216974,92.31957848117972,92.33598560663701,2646900
2019-09-12,92.20475769042969,92.6066509345149,92.13914170068288,92.6066509345149,4069600
2019-09-13,91.65524291992188,92.08173436187082,91.65524291992188,91.98331662929789,2506400
2019-09-16,91.90127563476562,91.98329247620215,91.77004368248006,91.90127563476562,2923500
2019-09-17,92.04071807861328,92.16374648713762,91.87667811475256,91.9504976628611,2614200
2019-09-18,92.14734649658203,92.43440863370827,92.09813763235618,92.27037491463193,2291300
2019-09-19,92.2785873413086,92.40161577117554,92.2293722148703,92.38520864320081,2280000
2019-09-20,92.61483764648438,92.63124477078696,92.344176412852,92.38518796612398,2048300
2019-09-23,92.65583801269531,92.87728410416749,92.6312335866966,92.69684330353194,3412000
2019-09-24,92.91011810302734,92.97573409571667,92.7050728189873,92.7050728189873,2602500
2019-09-25,92.52461242675781,92.86909318688016,92.46720000965144,92.85268606343026,3813800
2019-09-26,92.68046569824219,92.76248255798251,92.63125683389505,92.68046569824219,4869400
2019-09-27,92.79530334472656,92.81990778029173,92.68047847376504,92.68047847376504,4652500
2019-09-30,92.81990051269531,92.90191737731949,92.61485522239202,92.62305878610015,6359800
2019-10-01,92.98844909667969,93.09531121380009,92.58564809109399,92.65141228853072,5980200
2019-10-02,93.05415344238281,93.14457759388779,92.96372929087784,93.04593762614815,8637000
2019-10-03,93.41584777832031,93.4980498399776,93.15279741804787,93.1692353217332,4219100
2019-10-04,93.56378936767578,93.57201145316166,93.40760110151216,93.44870525732794,3331200
2019-10-07,93.3089828491211,93.47338696736796,93.3089828491211,93.41584489882004,2493000
2019-10-08,93.34188079833984,93.56382702287291,93.29255453718659,93.56382702287291,3055700
2019-10-09,93.29256439208984,93.35010647650026,93.18570231293245,93.34189065845365,3332800
2019-10-10,92.97199249267578,93.16106296714632,92.91445039550965,93.11173668984806,4312400
2019-10-11,92.66783142089844,92.7664714187671,92.5527409706894,92.75824932840558,3568600
2019-10-14,92.82398986816406,92.83221195643162,92.74178780033583,92.83221195643162,1716600
2019-10-15,92.51983642578125,92.82398468693042,92.51983642578125,92.8075467829286,4168600
2019-10-16,92.68424987792969,92.71713196085724,92.57738781212716,92.62670780071048,2430600
2019-10-17,92.65958404541016,92.77466819259746,92.57738197907861,92.61847987643657,2316400
2019-10-18,92.72537231445312,92.81579649241156,92.66783022589931,92.69249022504847,1454200
2019-10-21,92.47052764892578,92.65137598520599,92.47052764892578,92.57739599579132,4241600
2019-10-22,92.61029815673828,92.67605607104456,92.48699187603484,92.60207606559327,2147400
2019-10-23,92.68424987792969,92.79111194373222,92.66781197227394,92.74179195514891,1887800
2019-10-24,92.7088851928711,92.84862930440093,92.68422520514399,92.7582051683253,1725800
2019-10-25,92.57736206054688,92.76642614526969,92.49515374028726,92.75820405892087,2486600
2019-10-28,92.38009643554688,92.42942269634479,92.32255435762941,92.41297851887344,2948300
2019-10-29,92.38835144042969,92.47877563389007,92.35546934538787,92.46233772217835,2384700
2019-10-30,92.65135955810547,92.68424163810974,92.42119126969104,92.43762917388543,2381400
2019-10-31,93.0130844116211,93.1363906811774,92.79935396249799,92.87334023287872,5399100
2019-11-01,93.03861236572266,93.18690758022461,92.9397467942014,93.0798079252465,3988300
2019-11-04,92.80795288085938,92.86562290563455,92.75851694136546,92.85738253479201,2662700
2019-11-05,92.46192932128906,92.585503451562,92.39601892810279,92.56078862550741,3205500
2019-11-06,92.60199737548828,92.69262260763058,92.48665731377298,92.60199737548828,3840500
2019-11-07,92.16529846191406,92.37126363622154,91.97580773590552,92.37126363622154,4022400
2019-11-08,92.11585235595703,92.35477268599111,92.11585235595703,92.16528826650182,3866100
2019-11-11,92.1323471069336,92.23944673922142,92.09115155613752,92.23944673922142,1559900
2019-11-12,92.23127746582031,92.2971878836758,92.10770328929554,92.20656263051536,2032800
2019-11-13,92.3959732055664,92.46188356613665,92.33830321145692,92.43716246675436,2570200
2019-11-14,92.65962219238281,92.74200701261317,92.6266670071789,92.68433700989603,2901000
2019-11-15,92.61021423339844,92.65140351037479,92.58549312454019,92.65140351037479,4400400
2019-11-18,92.78321838378906,92.80793320551582,92.70082726395326,92.7337824547756,5757900
2019-11-19,92.84906768798828,92.89850358782874,92.76668290232915,92.79139770947127,2210700
2019-11-20,93.071533203125,93.0797735691002,92.93971248975224,92.95619322170262,3474400
2019-11-21,92.93974304199219,93.0056534203454,92.86559858051456,92.93150895886777,6522800
2019-11-22,92.98915100097656,93.01386581403584,92.89852582938738,93.00562544783017,2507000
2019-11-25,93.07979583740234,93.10451065568309,93.00564509700104,93.02212583289425,4251200
2019-11-26,93.21160888671875,93.22808962236266,93.162179250905,93.17041333316797,2382200
2019-11-27,93.0962905883789,93.15396060546256,93.06333539496532,93.12100541204897,3437300
2019-11-29,92.98091888427734,93.11273332747433,92.97267851734057,93.10449924609586,4059000
2019-12-02,92.87854766845703,92.89506440602143,92.71341808855115,92.72992852682586,9325100
2019-12-03,93.29962158203125,93.40695516212506,93.10146485751628,93.13449202815022,5283800
2019-12-04,93.14276885986328,93.25836083816975,93.0354352512331,93.19231277863061,5806500
2019-12-05,93.035400390625,93.08493799154009,92.91155008904929,92.95283562267052,4374700
2019-12-06,92.9032974243164,93.03540610058202,92.81248058349429,92.86201818744969,4648200
2019-12-09,92.952880859375,93.06847285062318,92.9446224887741,93.04370403811158,7398300
2019-12-10,92.91986846923828,93.02720210697325,92.87858290895217,93.02720210697325,3761100
2019-12-11,93.16754913330078,93.21709305816418,92.97765070241303,93.02718832798529,3764500
2019-12-12,92.77120971679688,93.12624396629005,92.65561775643067,93.12624396629005,5080100
2019-12-13,93.14276885986328,93.18405440895432,92.80425129462014,92.95287045234137,5911000
2019-12-16,92.952880859375,93.04370403811158,92.88682649315001,93.03544566751069,5012100
2019-12-17,92.96111297607422,93.05193613531512,92.90331699285635,93.04368406577666,3016300
2019-12-18,92.77947998046875,92.93635120434143,92.77122161101538,92.92809913417828,6516300
2019-12-19,92.87957000732422,92.92919197786956,92.73896390741807,92.78859218798002,5613800
2019-12-20,92.8960952758789,92.90436770645897,92.75549550609635,92.80511746954532,8809200
2019-12-23,92.82991027832031,92.95397147267145,92.78028832458563,92.94569904371086,3148600
2019-12-24,92.94572448730469,92.96226934975499,92.73895787678923,92.77204129167364,1887800
2019-12-26,93.02843475341797,93.03670087450021,92.89610109590896,92.97880647684404,6072100
2019-12-27,93.1524887084961,93.16076113950906,93.11113917346331,93.12767772547322,4733800
2019-12-30,93.1524887084961,93.16903357052202,92.91263868924827,92.97880551731994,3979100
2019-12-31,92.93748474121094,93.07808456185897,92.93748474121094,93.07808456185897,6807600
2020-01-02,93.19379425048828,93.29304443902369,93.09454406195286,93.19379425048828,6791400
2020-01-03,93.46676635742188,93.49984976734139,93.27653832788852,93.36751612766335,3664300
2020-01-06,93.3923568725586,93.56604009747893,93.32619003163164,93.56604009747893,8131600
2020-01-07,93.29310607910156,93.39235002319623,93.2765612150746,93.39235002319623,2883000
2020-01-08,93.18558502197266,93.40889652012301,93.08634107614309,93.33445725073392,7323100
2020-01-09,93.28482055664062,93.28482055664062,93.01188712864682,93.03669811118883,9110900
2020-01-10,93.44194793701172,93.45021405632195,93.30961430787097,93.37578112244134,4198100
2020-01-13,93.38404083251953,93.40885180710039,93.31787402696133,93.36749597612304,4465300
2020-01-14,93.46676635742188,93.47503247739031,93.40059953758286,93.43368294750236,3625400
2020-01-15,93.60736083984375,93.61563326936107,93.5163830451979,93.60736083984375,3896300
2020-01-16,93.60736083984375,93.63217181838083,93.49984449617816,93.59082229082401,2801400
2020-01-17,93.49984741210938,93.54119694095574,93.43368059393708,93.47503012278345,3003300
2020-01-21,93.76451110839844,93.79759451844909,93.64044989821227,93.66526087824646,4672100
2020-01-22,93.81412506103516,93.86374701686806,93.7810416538083,93.82239749034555,3627200
2020-01-23,93.93821716308594,94.03746110739962,93.93821716308594,93.98783913524278,3429500
2020-01-24,94.11185455322266,94.19455990322098,94.01260434721642,94.02087677522037,4199800
2020-01-27,94.40132904052734,94.4178738969922,94.32689611647719,94.40132904052734,4790000
2020-01-28,94.31865692138672,94.41790716510496,94.24421766109401,94.36827888823778,4463800
2020-01-29,94.53365325927734,94.57500277630318,94.37650868854465,94.39304723335233,2890200
2020-01-30,94.54194641113281,94.73217443589023,94.484052022731,94.51713543181991,6885600
2020-01-31,94.82317352294922,94.83971207619933,94.59986203896531,94.68257373526542,5281900
2020-02-03,94.7924575805664,94.82561124846227,94.55209823088306,94.65155291115508,7214200
2020-02-04,94.47752380371094,94.56869483167544,94.39464277558423,94.56869483167544,5290800
2020-02-05,94.33661651611328,94.37806018797201,94.28688916861603,94.33661651611328,6066900
2020-02-06,94.39464569091797,94.427799367876,94.29518466004384,94.33662833709573,6838700
2020-02-07,94.66813659667969,94.71786393875391,94.5686755891154,94.65155660037772,5224200
2020-02-10,94.77593231201172,94.85052968870657,94.7262049431613,94.85052968870657,8187800
2020-02-11,94.65984344482422,94.77587812140881,94.64326977249027,94.77587812140881,5633400
2020-02-12,94.56039428710938,94.60183795825978,94.51066694046203,94.58526428384947,6373700
2020-02-13,94.62672424316406,94.68474160258835,94.56870688373978,94.57699688463408,5214400
2020-02-14,94.72621154785156,94.80080260632798,94.70963154146591,94.77593892016917,4004900
2020-02-18,94.85050201416016,94.94995672284307,94.76761465903455,94.88365569152693,4874800
2020-02-19,94.82566833496094,94.87539570503358,94.75936095925115,94.81737833214237,3692200
2020-02-20,95.04112243652344,95.0494124362556,94.89193405842983,94.92508773394141,4056000
2020-02-21,95.23176574707031,95.39752782080569,95.18203206621547,95.19861206763967,4492700
2020-02-24,95.53841400146484,95.67102870223292,95.5052666496898,95.67102870223292,7490100
2020-02-25,95.7042007446289,95.79537178804992,95.53843233685515,95.54672233809838,7474600
2020-02-26,95.604736328125,95.82023208892156,95.53014528982116,95.57987264869038,4763000
2020-02-27,95.62129974365234,95.93625016755637,95.60471974462658,95.93625016755637,11606400
2020-02-28,96.32581329345703,96.42526800979608,95.94455545951561,96.04401017585467,17243000
2020-03-02,96.291748046875,96.70701346872774,96.25021897011074,96.58243257488242,13198200
2020-03-03,96.9478530883789,97.38803335321775,96.34986996012748,96.38309194907994,12541000
2020-03-04,96.87312316894531,97.2717807869242,96.78176426350116,97.03092606679394,6285300
2020-03-05,97.17211151123047,97.36313639881942,97.11397460395516,97.16380442834894,6802800
2020-03-06,97.88639831542969,98.22691277969439,97.58740660529749,98.15216802038613,17456400
2020-03-09,97.76180267333984,99.0574289980388,97.1721264271897,99.0574289980388,13666700
2020-03-10,96.65715789794922,97.73685031251388,96.48274721617115,97.51260981778385,18694100
2020-03-11,95.27851867675781,96.99771761753152,95.13732992551547,96.92296653152462,13053300
2020-03-12,91.46636199951172,95.3034168818907,90.57769422627139,94.66391090305136,18684800
2020-03-13,92.90318298339844,93.40150023466684,91.56602778501886,92.62910627744415,24960500
2020-03-16,94.4562759399414,94.63898740351577,91.7404365240664,92.49622263571183,12310300
2020-03-17,92.0145492553711,94.61410954117157,91.84843921919295,93.75866344831663,15737200
2020-03-18,88.50968170166016,91.83180544962367,87.84525441748818,90.8268637762385,17061700
2020-03-19,90.4863510131836,90.71059793431537,87.67085139594238,88.4266376566068,11720200
2020-03-20,91.38329315185547,91.55770384085747,90.0793601885531,90.0793601885531,16503700
2020-03-23,93.5510025024414,93.80016431350153,90.52787045472249,91.27534955145477,12572200
2020-03-24,94.32337951660156,94.32337951660156,92.25535966865782,92.62078889953074,10253600
2020-03-25,95.28681182861328,95.30341965838161,94.43135968901991,94.68052149067978,10999700
2020-03-26,95.57749938964844,95.83496194609491,94.84662812781637,94.84662812781637,16611400
2020-03-27,95.98442840576172,95.99273548659112,95.12067575644133,95.32830842205355,10841600
2020-03-30,96.0758056640625,96.557515061177,96.02597584244629,96.15055039648684,13340200
2020-03-31,95.81834411621094,96.32496842931036,95.70207030695344,96.10072155685134,14018600
2020-04-01,95.49291229248047,96.05057004992139,95.42632458558067,96.03391994811982,14192100
2020-04-02,95.63440704345703,95.90075152267542,95.46793777509974,95.73428225431813,11565400
2020-04-03,95.70099639892578,95.82584041465216,95.11836347487132,95.67602124562711,9786700
2020-04-06,96.16709899902344,96.22536165722597,95.73428523795876,95.73428523795876,8457700
2020-04-07,96.30027770996094,96.33357156800363,96.01728944182915,96.22537129198045,7743900
2020-04-08,96.391845703125,96.52502115114432,96.17544512532592,96.30028917015044,4674200
2020-04-09,97.59037780761719,97.59037780761719,96.69146278223941,96.96613232057487,5584100
2020-04-13,97.13257598876953,97.5237707657926,96.99108189712568,97.45718306967119,5738300
2020-04-14,97.18253326416016,97.3822900297681,97.04103280295783,97.37396497907312,5506700
2020-04-15,97.58207702636719,97.6403396989757,97.14094445516632,97.40728900854165,4367400
2020-04-16,97.70693969726562,97.82346505711872,97.54047671180572,97.54047671180572,4744700
2020-04-17,97.59037780761719,97.89834120061333,97.41558983326375,97.8151033888849,4949800
2020-04-20,97.44888305664062,97.61534597871216,97.33235774115987,97.507145714381,3847900
2020-04-21,97.49881744384766,97.74851816886334,97.4405547880311,97.74019311798862,4660500
2020-04-22,97.49881744384766,97.58204890213514,97.33235452727268,97.51546754559709,4647200
2020-04-23,97.73189544677734,97.7568642562433,97.5404636741017,97.65698901837948,4331100
2020-04-24,97.68193054199219,97.70689934448352,97.54875512850082,97.56540523026385,3161600
2020-04-27,97.23249816894531,97.68195578037661,97.23249816894531,97.55710538550878,5576300
2020-04-28,97.6153335571289,97.75682765789989,97.48216450644817,97.60700850703867,5889800
2020-04-29,97.68193054199219,97.78181210211073,97.54875512850082,97.62366788612802,4653100
2020-04-30,97.46552276611328,97.79012989579613,97.44055396385355,97.69857338740833,10487500
2020-05-01,97.47052001953125,97.66233830171366,97.31205645887741,97.55391954930518,6099500
2020-05-04,97.55394744873047,97.65402436788965,97.47054789510513,97.48722526063897,3684100
2020-05-05,97.47887420654297,97.55393825181375,97.42049388821124,97.54559638834422,4611500
2020-05-06,97.08686065673828,97.33705920370494,96.99511928062462,97.11187987513743,6394900
2020-05-07,97.38713073730469,97.38713073730469,97.09522915182056,97.25369273950223,3786700
2020-05-08,97.12861633300781,97.37882139519212,97.03687490107217,97.3120991968791,3241500
2020-05-11,96.83668518066406,97.1035675296668,96.80332409166657,97.07854830366297,5249500
2020-05-12,97.08686065673828,97.24531782759128,96.93673898336822,97.12855723307847,6161500
2020-05-13,97.24537658691406,97.37882098297523,97.12027405635148,97.27039582043078,4425900
2020-05-14,97.54558563232422,97.55392749487392,97.34542547196891,97.50388904552928,5698900
2020-05-15,97.6039810180664,97.65401947513892,97.49556224008336,97.6123228819044,5897900
2020-05-18,97.46218872070312,97.65400702367499,97.29538964307744,97.55393012229035,5037100
2020-05-19,97.57063293457031,97.60399403139253,97.4205111803596,97.50391710390446,4929500
2020-05-20,97.82080078125,97.862497364188,97.5789376934953,97.60395691585335,4579200
2020-05-21,97.8958511352539,97.97925702085165,97.84581269427582,97.87083191476486,5143700
2020-05-22,97.9459228515625,98.07936085182703,97.90421989730501,98.07936085182703,2794000
2020-05-26,97.7874526977539,97.94591627772381,97.7791108348668,97.89587146337819,6164700
2020-05-27,97.92925262451172,98.02933591074,97.82917570126178,97.99597481533057,4772900
2020-05-28,97.86254119873047,97.87088306424502,97.69574206631349,97.69574206631349,11140200
2020-05-29,98.12106323242188,98.17110168685635,97.84583900707743,97.93758041552559,9228700
2020-06-01,98.06588745117188,98.09095226198687,97.9572647715463,98.0491733275816,5580000
2020-06-02,98.14947509765625,98.14947509765625,98.0157875579734,98.07427426294146,4286800
2020-06-03,97.90717315673828,98.09934740520458,97.80690749998548,97.97401692790682,6077600
2020-06-04,97.6147232055664,98.00742232690648,97.60636614193292,97.98235113600603,5002700
2020-06-05,97.67321014404297,97.68156720769716,97.32228996542835,97.54787968751722,5166300
2020-06-08,97.7818374633789,97.84868123098174,97.54789065134156,97.59802028975741,8551800
2020-06-09,97.90717315673828,98.03250363403606,97.90717315673828,98.01578950395749,5512300
2020-06-10,98.3082046508789,98.32491240217685,97.91550556237866,97.96563519084378,4680800
2020-06-11,98.1410903930664,98.42517314759918,98.12438264259787,98.36668645910287,7438800
2020-06-12,98.24137115478516,98.34163042218437,98.12439775977145,98.25807890782771,4571800
2020-06-15,98.56725311279297,98.57561017885465,98.26646248030923,98.35837108326669,5870000
2020-06-16,98.37506103515625,98.59230009142443,98.24973056521027,98.57559233689881,5327400
2020-06-17,98.29148864746094,98.39175427704721,98.14945045314208,98.37504015149726,3696000
2020-06-18,98.39176940917969,98.49202867961415,98.29150376417309,98.49202867961415,3356800
2020-06-19,98.42520141601562,98.56723964679092,98.37506540106868,98.42520141601562,2917400
2020-06-22,98.40010833740234,98.59228254038568,98.36669283429958,98.59228254038568,3445700
2020-06-23,98.38341522216797,98.45025898746043,98.33328558548479,98.4168371048142,3991400
2020-06-24,98.3667221069336,98.45862432967209,98.2664564440735,98.34165091028862,5040100
2020-06-25,98.48367309570312,98.55051048114706,98.4251863993323,98.54215979207395,4723300
2020-06-26,98.60066223144531,98.65914893715437,98.4669746900687,98.58394810148681,5683400
2020-06-29,98.68419647216797,98.68419647216797,98.55050895420783,98.60064496072874,3517200
2020-06-30,98.76773071289062,98.85963927177399,98.5755629076404,98.82621739812816,7451100
2020-07-01,98.82052612304688,98.8372654600857,98.57776422293907,98.6949587420777,6746500
2020-07-02,98.93771362304688,98.95445295889813,98.77028833142519,98.82051911222263,3614300
2020-07-06,98.92933654785156,98.95444874386969,98.77865698512126,98.92933654785156,5945100
2020-07-07,99.08000946044922,99.09674879446392,98.82887474388072,98.97118782280081,5454700
2020-07-08,99.04651641845703,99.1553380473298,98.96280698189177,99.07162861076455,5026800
2020-07-09,99.3060302734375,99.36462752518064,99.08001412717728,99.11349918340498,3804000
2020-07-10,99.1888198852539,99.47343962429798,99.1553348343887,99.47343962429798,3133900
2020-07-13,99.18045806884766,99.22230959442871,99.08837577130033,99.16371234931866,4803200
2020-07-14,99.3395004272461,99.39809767019875,99.26416385200145,99.26416385200145,3986700
2020-07-15,99.34786987304688,99.36460920476368,99.19719034111455,99.19719034111455,3403600
2020-07-16,99.41482543945312,99.52364704625414,99.39807972356415,99.47342267182587,3526900
2020-07-17,99.51529693603516,99.60737923461518,99.42321463745515,99.56552770856476,2549100
2020-07-20,99.62411499023438,99.66596651209893,99.54040555988512,99.64085432165616,3989200
2020-07-21,99.68269348144531,99.6994328097187,99.62409625256,99.6994328097187,6098200
2020-07-22,99.76643371582031,99.84177029625192,99.70783646883318,99.79991876933022,6296600
2020-07-23,99.88362884521484,99.94222609257474,99.82503159785495,99.90874103885182,12117200
2020-07-24,99.85012817382812,99.95895617806102,99.77479160470072,99.83338884289536,11071700
2020-07-27,99.78316497802734,99.96732956412478,99.74131345449092,99.95059023203429,5606100
2020-07-28,99.85012817382812,99.90872541202278,99.79990379440986,99.86687389138086,6080700
2020-07-29,99.96734619140625,99.97571905215433,99.81666663104812,99.86689740891515,9727900
2020-07-30,100.04267883300781,100.06779102603713,99.99244806032836,100.04267883300781,3052800
2020-07-31,100.08451080322266,100.1431080377151,99.9505770043626,99.99242852236031,5277900
2020-08-03,100.12394714355469,100.12394714355469,99.94785051905525,100.0987913968687,13013600
2020-08-04,100.31684875488281,100.31684875488281,100.14075206609763,100.14075206609763,10935200
2020-08-05,100.12394714355469,100.19941438361265,100.0484735057992,100.11555976209351,17345700
2020-08-06,100.26648712158203,100.400659616081,100.23294399795729,100.30841762553713,4608600
2020-08-07,100.14910888671875,100.40067916403657,100.12395313852656,100.3419802856888,5559100
2020-08-10,100.0568618774414,100.32520050757667,100.0233187489623,100.30843214218592,5152700
2020-08-11,99.78012084960938,99.96460482963224,99.65433573616683,99.88075021990274,7809900
2020-08-12,99.57887268066406,99.69627041874551,99.49501806741972,99.56210431709395,5524500
2020-08-13,99.20990753173828,99.60403126268223,99.15120866102517,99.60403126268223,8023700
2020-08-14,99.1176528930664,99.36083572577408,99.1176528930664,99.31052424235051,4556500
2020-08-17,99.25183868408203,99.34408068118802,99.209908177144,99.26860704823898,4523900
2020-08-18,99.39437866210938,99.45307752522626,99.30213667754052,99.31052405732757,4765800
2020-08-19,99.2434310913086,99.53692538701064,99.23504371208973,99.49500128630795,4541000
2020-08-20,99.41952514648438,99.54531024079292,99.41952514648438,99.43629990449652,4487500
2020-08-21,99.52019500732422,99.58728127128641,99.41118462665936,99.57050650644673,6373300
2020-08-24,99.47824096679688,99.63756920660214,99.45308522318483,99.55371459532975,4620900
2020-08-25,99.26861572265625,99.33570198054048,99.10090647564337,99.24345997537408,4002300
2020-08-26,99.25183868408203,99.30215017424997,99.12605356096505,99.243451303155,5139800
2020-08-27,98.90804290771484,99.41956446857473,98.90804290771484,99.4111834839495,5609400
2020-08-28,99.04222106933594,99.08415158564063,98.94159166882382,99.01706531863255,6467400
2020-08-31,99.26021575927734,99.37761348927843,99.0673444041633,99.0673444041633,10894500
2020-09-01,99.46599578857422,99.4827982282898,99.11322145358459,99.21401686711867,9843200
2020-09-02,99.6676025390625,99.70959582855426,99.39881472669529,99.46601167978709,4838500
2020-09-03,99.69278717041016,99.8439770915946,99.6339914459636,99.72638564270152,6856700
2020-09-04,99.19725036621094,99.55002482900949,99.18045432866334,99.45763701011454,5366800
2020-09-08,99.30640411376953,99.49958729921258,99.2812004559593,99.39879189272966,8894000
2020-09-09,99.29795837402344,99.44074699633175,99.14676853621175,99.44074699633175,7824800
2020-09-10,99.30640411376953,99.35679861288463,99.13001055036128,99.23920717611426,4932600
2020-09-11,99.42400360107422,99.5247926074655,99.31480696647938,99.46599688431951,8200400
2020-09-14,99.43241119384766,99.52480540041819,99.37361546314405,99.50800936661174,6394200
2020-09-15,99.4407958984375,99.47439436872395,99.35680292684788,99.35680292684788,4163000
2020-09-16,99.3904037475586,99.55838969471046,99.28120711448209,99.55838969471046,6452500
2020-09-17,99.41561126708984,99.54999875704111,99.39041401323983,99.53320272389236,4882200
2020-09-18,99.29795837402344,99.48274666559882,99.26435992025975,99.48274666559882,5149400
2020-09-21,99.31482696533203,99.46601691361703,99.31482696533203,99.45762210022943,6191900
2020-09-22,99.3904037475586,99.43239703022,99.31480558556308,99.32320680539661,4390200
2020-09-23,99.18043518066406,99.40721688917859,99.17203395938449,99.40721688917859,5392900
2020-09-24,99.1888427734375,99.24764492171646,99.12165221930663,99.12165221930663,4145000
2020-09-25,99.22244262695312,99.25604110861077,99.15525207189295,99.21404781273006,5138200
2020-09-28,99.30640411376953,99.30640411376953,99.20560870728661,99.26440442567181,5830400
2020-09-29,99.32323455810547,99.3904315190435,99.28963607763644,99.3484318163935,5301700
2020-09-30,99.16363525390625,99.33162764248847,99.07124104224962,99.33162764248847,6090800
2020-10-01,99.29991149902344,99.316742735606,99.07274115904612,99.12322203032198,9741800
2020-10-02,99.19895935058594,99.31675234111269,99.12323161711214,99.30833672200748,5599500
2020-10-05,98.87921905517578,99.06432413955032,98.87921905517578,99.06432413955032,4890800
2020-10-06,98.9634017944336,99.14850053325763,98.85401797235758,98.9465705513888,4338600
2020-10-07,98.89604949951172,98.99701765906264,98.82032177503959,98.88763388140687,4801700
2020-10-08,99.02226257324219,99.03908739097716,98.93811922685911,99.00543133627114,4236000
2020-10-09,99.04749298095703,99.0643177969885,98.86238790843379,98.98859649599378,2909300
2020-10-12,99.24103546142578,99.24103546142578,99.08958639715107,99.15689851888145,2999300
2020-10-13,99.26627349853516,99.34199481432364,99.22420182138377,99.29151393713133,3421700
2020-10-14,99.32520294189453,99.37568383583172,99.27471562871852,99.3672682137626,4919700
2020-10-15,99.24103546142578,99.40931576575173,99.24103546142578,99.40931576575173,5459200
2020-10-16,99.19054412841797,99.35040879587396,99.18212850927908,99.27468106209712,3931500
2020-10-19,99.07276916503906,99.1737373553685,99.04752872226614,99.12325005058491,4685000
2020-10-20,98.98863220214844,99.0391130876872,98.92973569594064,99.03069746701816,4013600
2020-10-21,98.87084197998047,98.98021937481379,98.84560153649876,98.93814768951901,3688300
2020-10-22,98.69416046142578,98.89609044489576,98.69416046142578,98.87084999936681,4801000
2020-10-23,98.8371810913086,98.87924635531223,98.69414763906856,98.69414763906856,3878700
2020-10-26,98.9717788696289,99.04750660027184,98.93812281370275,98.98861010721014,4962500
2020-10-27,99.19895935058594,99.20737496969114,99.05592592198009,99.11482241724347,5694100
2020-10-28,99.05593872070312,99.24945305047054,99.04752310051056,99.12324442453153,7329200
2020-10-29,98.87921905517578,99.08956457483124,98.7782573140521,99.08115537589482,11775800
2020-10-30,98.6099853515625,98.87922738262719,98.6099853515625,98.82033088893293,10610000
2020-11-02,98.78864288330078,98.89819971754392,98.75493160435619,98.83077715965474,6667900
2020-11-03,98.74652862548828,98.78866934289826,98.64540119133753,98.78866934289826,7519700
2020-11-04,99.40389251708984,99.4797445299903,99.30276507291775,99.36175822527527,5308700
2020-11-05,99.49656677246094,99.54713690897485,99.3701575055997,99.52184862583317,5293900
2020-11-06,99.2774429321289,99.32800663369979,99.16787967236698,99.28586592921154,5929700
2020-11-09,98.81395721435547,98.99936609460848,98.65383019417858,98.94037294450716,6625300
2020-11-10,98.65383911132812,98.79711371432832,98.62855724896683,98.64541611038882,5146300
2020-11-11,98.71277618408203,98.75491688392351,98.62007178824521,98.65378306216479,3044300
2020-11-12,99.1257553100586,99.13417830798352,98.88135334507827,98.91506462608619,7740800
2020-11-13,99.14263153076172,99.1847722495781,99.04149766346498,99.04149766346498,5125300
2020-11-16,99.13419342041016,99.16790470655715,99.09205913505419,99.11734099222184,7951400
2020-11-17,99.33646392822266,99.36174578610061,99.23533006694021,99.23533006694021,4650100
2020-11-18,99.40389251708984,99.43760380840433,99.3533287950038,99.40389251708984,6191100
2020-11-19,99.58927154541016,99.66512353556853,99.47128527606998,99.51342598502123,6680800
2020-11-20,99.69043731689453,99.73257160957068,99.5555921488792,99.6061623017707,7217400
2020-11-23,99.6651611328125,99.69887242673671,99.58930911404005,99.68201356488866,4739000
2020-11-24,99.53032684326172,99.6820244676267,99.50504497749633,99.64831317001531,4696800
2020-11-25,99.49656677246094,99.62298246909158,99.4628554913748,99.57241876234708,4125000
2020-11-27,99.6651611328125,99.69044299581269,99.63144983888829,99.65673170188848,3436200
2020-11-30,99.80000305175781,99.82528491556182,99.65673487035377,99.7157280291538,8688500
2020-12-01,99.4842529296875,99.70375495859832,99.39139337539285,99.64465900169651,5190800
2020-12-02,99.37448120117188,99.45890305627326,99.23096340340207,99.45890305627326,6121000
2020-12-03,99.5433349609375,99.60243090574825,99.4251366303411,99.55177263807124,5198400
2020-12-04,99.2731704711914,99.53488659358743,99.20563685213,99.53488659358743,5896100
2020-12-07,99.4251480102539,99.47580628372911,99.35761438057972,99.41671033215441,6127800
2020-12-08,99.43359375,99.58555569095114,99.40826783333743,99.51801561920047,6807000
2020-12-09,99.2900619506836,99.43357975221821,99.21407777041684,99.39137204404766,6975700
2020-12-10,99.53490447998047,99.56023039680139,99.35761662125826,99.39982433563452,6192200
2020-12-11,99.6446304321289,99.69528225467178,99.57709037475549,99.62774863827275,5636100
2020-12-14,99.58554077148438,99.64463671516879,99.45046708919493,99.50111891493162,4705600
2020-12-15,99.6446304321289,99.6446304321289,99.53488266962789,99.57709037475549,4217800
2020-12-16,99.60242462158203,99.64463232751248,99.41669268075944,99.47578862184167,4467900
2020-12-17,99.59818267822266,99.77565851571416,99.49677159840189,99.73340604839056,6610400
2020-12-18,99.54753112792969,99.69965427797001,99.52217834422441,99.69965427797001,3874700
2020-12-21,99.54753112792969,99.69120120079869,99.51372526705309,99.6573953399221,4818300
2020-12-22,99.691162109375,99.7080682570883,99.58129794046309,99.62355041413407,4516500
2020-12-23,99.62355041503906,99.62355041503906,99.41226870326385,99.56439179365425,4157700
2020-12-24,99.71653747558594,99.76724948240935,99.66583191657013,99.67428499234195,2214500
2020-12-28,99.73344421386719,99.7672500693458,99.58132108811718,99.69963835838855,4567200
2020-12-29,99.75032806396484,99.77568083959248,99.65736358812576,99.77568083959248,4300100
2020-12-30,99.80949401855469,99.82640016875226,99.70808290859767,99.8010409434559,2762200
2020-12-31,99.88558959960938,99.9278420925181,99.8264309512899,99.877136521904,4834700
2021-01-04,99.7587890625,99.84330047057392,99.71653013455948,99.79259491529099,6414100
2021-01-05,99.65734100341797,99.77565822807121,99.51367100888262,99.77565822807121,7477900
2021-01-06,99.16716766357422,99.64044301812416,99.00659796896028,99.64044301812416,10687200
2021-01-07,99.06578063964844,99.0995864908833,98.93901030946944,98.98971586241831,6639400
2021-01-08,98.9474868774414,99.16721529092808,98.86297545319204,99.03199830169078,7335700
2021-01-11,98.786865234375,98.92208860924316,98.786865234375,98.89672939060134,8610100
2021-01-12,98.87137603759766,98.87137603759766,98.60938881008995,98.72770603850023,7269600
2021-01-13,99.18406677246094,99.41224813693749,98.94743233587643,99.41224813693749,6788500
2021-01-14,98.98970031738281,99.26014063698572,98.94744784582956,99.19253539293936,6610500
2021-01-15,99.09114074707031,99.18410523289215,99.03198211498434,99.16719908212055,6447700
2021-01-19,99.22635650634766,99.23480313327445,99.06578032544309,99.10803280349752,7601100
2021-01-20,99.23480987548828,99.24326295079622,99.14184539052279,99.17565124394727,6229100
2021-01-21,99.09114074707031,99.13339967619198,98.99817626124847,99.06578796872023,8301000
2021-01-22,99.09114074707031,99.15029937915627,99.04043519037015,99.12494660080618,3513700
2021-01-25,99.34465026855469,99.35309689348404,99.18407412562286,99.20942689602151,4049000
2021-01-26,99.31084442138672,99.37844965984526,99.24323273512287,99.26858550552049,3639500
2021-01-27,99.3193359375,99.44610629459211,98.9136785321751,99.39540073087855,3619100
2021-01-28,99.251708984375,99.2939614623024,99.12493865497916,99.285514835401,6176500
2021-01-29,99.14180755615234,99.21787230928149,98.50796255389689,99.01504371394509,12164800
2021-02-01,99.23663330078125,99.26202763478541,99.118115644802,99.2112325084012,6621900
2021-02-02,99.08426666259766,99.11812147100927,99.01654412902187,99.03347153322768,7323400
2021-02-03,98.96576690673828,99.03348298977143,98.93190563603319,99.0165555836074,5492400
2021-02-04,98.92341613769531,98.94881047033701,98.7795106138087,98.83029927909207,5287400
2021-02-05,98.79645538330078,99.00808347035053,98.78798845147331,98.96576172796658,3446600
2021-02-08,98.8980712890625,98.98272125968158,98.8049543838679,98.83034872921573,4704200
2021-02-09,98.94037628173828,99.01656576325182,98.8895875996477,98.99117142220653,4533400
2021-02-10,99.033447265625,99.05038112405754,98.97419167786052,99.01651986556716,4378300
2021-02-11,98.91493225097656,99.067304679082,98.87261052328722,99.067304679082,3470800
2021-02-12,98.68639373779297,98.82183233131661,98.65253247481817,98.76257673570461,3284900
2021-02-16,98.22081756591797,98.39012389479048,98.21235063488032,98.38165696375283,5682700
2021-02-17,98.41552734375,98.44092168083863,98.32241046884063,98.38166607483963,6304100
2021-02-18,98.36474609375,98.43246864112868,98.2208405243535,98.31395741240479,5333500
2021-02-19,98.05998229980469,98.2462160402233,97.98379929238416,98.21235477302206,4673100
2021-02-22,97.75523376464844,98.08537301295894,97.75523376464844,97.99225615232001,4894200
2021-02-23,97.78064727783203,97.98380844163329,97.57747965565382,97.98380844163329,6035200
2021-02-24,97.74678039550781,97.77217473222788,97.35738549625478,97.39970723799603,6232300
2021-02-25,96.84949493408203,97.59442358375338,96.67172163175026,97.35740112514785,14926900
2021-02-26,97.6367416381836,97.67906984349493,97.0018573087779,97.31506923630056,11333400
2021-03-01,97.5858383178711,98.0097927944677,97.41625911484523,97.48409338366835,13018100
2021-03-02,97.60279083251953,97.61127173257343,97.46712230778238,97.54343747020485,10111300
2021-03-03,97.24665832519531,97.36536503476952,97.17034317245161,97.33992880686512,10317500
2021-03-04,96.96688079833984,97.33996285551987,96.88209118598968,97.33148195357502,5953600
2021-03-05,96.89904022216797,96.93295735870988,96.70402477334237,96.80576971393579,8675700
2021-03-08,96.51750946044922,96.85667444715907,96.51750946044922,96.83123173620272,5639400
2021-03-09,96.88208770751953,96.92447927765619,96.66162954809826,96.83120876670999,5676800
2021-03-10,97.04319763183594,97.08559567607637,96.89905463187176,96.91601643718126,6936900
2021-03-11,97.03472137451172,97.11951099236572,96.9160146157095,97.0601576129646,8827800
2021-03-12,96.48357391357422,96.58532533089141,96.41573963536275,96.55988262478749,5066800
2021-03-15,96.58534240722656,96.67013203546531,96.32248614994224,96.32248614994224,5000500
2021-03-16,96.55138397216797,96.68704602552765,96.4750688110653,96.63617356414667,3990900
2021-03-17,96.54291534423828,96.64466674896549,96.22071226615013,96.280065634983,6229800
2021-03-18,96.16983795166016,96.28007026267095,95.9832969352102,96.08504834482808,6222200
2021-03-19,96.24617767333984,96.27161391497364,96.09355375450306,96.1529071413266,4701400
2021-03-22,96.43269348144531,96.49204685272407,96.32246117119027,96.40725077744102,5468600
2021-03-23,96.67860412597656,96.69556593263344,96.4666268260021,96.56837825884202,5524900
2021-03-24,96.79731750488281,96.8312281801778,96.54294215693358,96.5768593012624,6352600
2021-03-25,96.74639129638672,96.90749603599569,96.65312081230054,96.86509800903629,5178000
2021-03-26,96.58534240722656,96.72948542213585,96.54294435859019,96.58534240722656,4333900
2021-03-29,96.42424011230469,96.66165366520886,96.25465438234876,96.25465438234876,7630800
2021-03-30,96.50056457519531,96.53448172671732,96.26315098357651,96.35642153300321,4996900
2021-03-31,96.51750946044922,96.64469713909467,96.41575802372606,96.52598389506727,6309200
2021-04-01,96.84188842773438,96.85038216460822,96.66355882632116,96.74847675859084,10767200
2021-04-05,96.64657592773438,96.71451286829536,96.54467699571613,96.62110119472982,9230100
2021-04-06,96.98624420166016,96.99473793806469,96.76545240690012,96.79093361611375,4864100
2021-04-07,96.83335876464844,97.06264422341444,96.83335876464844,96.90978941051061,4505600
2021-04-08,97.0711669921875,97.0711669921875,96.91831212336112,96.96077432868847,4932100
2021-04-09,96.96073913574219,97.08811922666735,96.84185277856419,96.90129595715318,7467100
2021-04-12,96.93528747558594,96.95226846829972,96.80790735435527,96.95226846829972,3844900
2021-04-13,97.21549987792969,97.21549987792969,96.90129651567935,96.90979024947546,4040500
2021-04-14,97.13910675048828,97.18156895704891,97.0456950791134,97.15609422464178,3620500
2021-04-15,97.52120971679688,97.64010256163589,96.62106823728338,96.62106823728338,6753200
2021-04-16,97.26647186279297,97.37686451244159,97.23250339855753,97.28345285549965,3663600
2021-04-19,97.1900634765625,97.23252568629556,96.80792950425933,96.80792950425933,5072800
2021-04-20,97.34288787841797,97.3768563398025,97.1390835889323,97.16455831526531,4322200
2021-04-21,97.43633270263672,97.43633270263672,97.2580030787664,97.31744628672317,5511300
2021-04-22,97.46175384521484,97.4872350450336,97.30889904040323,97.43627912421627,4570700
2021-04-23,97.44478607177734,97.73350825400776,97.35137442956844,97.49573552068364,3620700
2021-04-26,97.35987854003906,97.4872586547013,97.35987854003906,97.43630272154334,3480300
2021-04-27,97.12210083007812,97.76748214817407,97.12210083007812,97.76748214817407,3823300
2021-04-28,97.17306518554688,97.20703365152305,96.97774812588948,97.19004617912375,7078600
2021-04-29,97.12210083007812,97.12210083007812,96.88432160471383,96.9267838003771,6254100
2021-04-30,97.22400665283203,97.24948138051441,97.08813927891869,97.15607620528631,6469500
2021-05-03,97.28608703613281,97.45617988181397,97.23506048015369,97.29459362500471,5939500
2021-05-04,97.40516662597656,97.5497462134097,97.30311350008353,97.42217980604342,6291300
2021-05-05,97.48175048828125,97.48175048828125,97.33716435655722,97.33716435655722,3329000
2021-05-06,97.49874114990234,97.55827431600994,97.40518810478635,97.42220128860477,4739400
2021-05-07,97.47319793701172,97.77937026545924,97.43917806844794,97.67731065976791,7005200
2021-05-10,97.32013702392578,97.56677626853748,97.29462373803977,97.47322322787001,5576500
2021-05-11,97.10750579833984,97.27759867589432,97.06497933463754,97.15003226204215,6161400
2021-05-12,96.76730346679688,96.9629160953569,96.76730346679688,96.93740281524617,7000800
2021-05-13,96.98844146728516,97.00544815993702,96.76731553104602,96.86937515283967,6772300
2021-05-14,97.2095718383789,97.2095718383789,97.05648564301816,97.1415320874124,3985500
2021-05-17,97.12449645996094,97.16702291664411,97.08197649190404,97.13300304902283,4926600
2021-05-18,97.00545501708984,97.04798148466685,96.97994173199481,97.04798148466685,3674600
2021-05-19,96.86935424804688,97.48169886940731,96.77580123708204,97.48169886940731,6892400
2021-05-20,97.20103454589844,97.20954113423936,97.02243512249376,97.02243512249376,6243300
2021-05-21,97.24359130859375,97.29462436932505,97.15004475594746,97.26060449171358,3873200
2021-05-24,97.33711242675781,97.38814547075208,97.27757928261954,97.37963888198203,3867700
2021-05-25,97.57524108886719,97.59224777596806,96.97990322233095,97.44766822542189,6351700
2021-05-26,97.54125213623047,97.634805166495,97.06498039434896,97.06498039434896,3969400
2021-05-27,97.42217254638672,97.48170569493041,97.33711962964443,97.47319910553087,5072300
2021-05-28,97.42217254638672,97.53273225407455,97.37964608801558,97.42217254638672,6768200
2021-06-01,97.37705993652344,97.43668002197143,97.23226922873575,97.40261047341515,6209800
2021-06-02,97.50479888916016,97.53034942075075,97.35148920151602,97.47924185946896,6103900
2021-06-03,97.27484130859375,97.48777109164331,97.27484130859375,97.36001192219332,3464300
2021-06-04,97.67512512207031,97.67512512207031,97.28333520218595,97.42812585773243,4535800
2021-06-07,97.60702514648438,97.64109469639489,97.07044435612363,97.07044435612363,3728400
2021-06-08,97.785888671875,97.83699624749673,97.76033813311534,97.81143921063465,4395100
2021-06-09,97.98175811767578,98.31392801995727,97.9221380454227,98.31392801995727,3643100
2021-06-10,98.1861801147461,98.21173064891035,97.82845964024402,98.20321813625644,4021900
2021-06-11,98.14359283447266,98.2202444328864,98.08397275856166,98.21172542258458,3781900
2021-06-14,97.89657592773438,98.10098665153774,97.89657592773438,98.10098665153774,3270800
2021-06-15,97.93915557861328,97.96470610620096,97.83695346826258,97.86250399585025,8230400
2021-06-16,97.62403106689453,98.05840306468077,97.53034145997592,98.00730200567064,8654200
2021-06-17,97.9306411743164,98.16060241625797,97.76881250525787,97.76881250525787,7641700
2021-06-18,98.1946792602539,98.27984985627143,97.87102839614735,97.99026853019187,5690400
2021-06-21,97.93915557861328,98.049883195626,97.8795355148755,97.99877564235106,6875500
2021-06-22,98.04138946533203,98.06693999950747,97.80290914889292,97.80290914889292,6485100
2021-06-23,97.99029541015625,98.06694701816853,97.93918784004634,97.99880792342313,5070500
2021-06-24,98.02434539794922,98.09248448361527,97.99028235321705,98.03286440818269,8357900
2021-06-25,97.82844543457031,98.05840670675717,97.73475582417188,98.04137518582124,6496600
2021-06-28,98.10950469970703,98.1435742363573,97.98174556179343,97.98174556179343,5739000
2021-06-29,98.16059112548828,98.16059112548828,97.99024996572476,97.99876247504383,5097100
2021-06-30,98.22875213623047,98.33095425568449,98.20320160636697,98.25430266609398,6653100
2021-07-01,98.17417907714844,98.24241045623641,98.08889310673969,98.20829476669243,4744900
2021-07-02,98.38741302490234,98.39594357538112,98.22536510032302,98.2765418962922,4312800
2021-07-06,98.70296478271484,98.78825075509194,98.5153317393437,98.5153317393437,7372900
2021-07-07,98.87355041503906,98.95030584873331,98.72003304074708,98.7882644308554,7786400
2021-07-08,98.98441314697266,99.08676022345308,98.89912717002377,98.96735855434406,6538400
2021-07-09,98.66030883789062,98.72854021184143,98.66030883789062,98.71147911490276,4750800
2021-07-12,98.60060119628906,98.77117311247274,98.59207064840943,98.76264907149461,4266600
2021-07-13,98.38741302490234,98.72856346811504,98.33624273583666,98.63474693355896,5145200
2021-07-14,98.71998596191406,98.72851650833533,98.56646866083335,98.58352324677547,4977400
2021-07-15,98.93321990966797,98.9502744983399,98.6944166268523,98.88204963675074,4480900
2021-07-16,98.84794616699219,98.89911644623244,98.72854451083008,98.73706855276862,3869500
2021-07-19,99.36820983886719,99.45349581584634,99.23174707017819,99.26586276235044,6688100
2021-07-20,99.27435302734375,99.63255788944116,99.20612167068701,99.59844221111278,8474800
2021-07-21,98.95028686523438,99.06116447961453,98.86500089741273,99.00146365144916,9686100
2021-07-22,99.18055725097656,99.23172752570508,98.95880854898357,98.95880854898357,8176300
2021-07-23,99.11234283447266,99.12087338402056,98.95882547712439,98.95882547712439,4441000
2021-07-26,99.02703857421875,99.21467158820913,99.00997747827331,99.18908645119254,7127400
2021-07-27,99.25733184814453,99.27439294761949,99.16351532174103,99.23174670583502,5423800
2021-07-28,99.35115051269531,99.35115051269531,99.05264633448866,99.13793231299012,5463600
2021-07-29,99.18909454345703,99.24026482166488,99.12939371658051,99.18056399478836,6629500
2021-07-30,99.32553100585938,99.35111613986774,99.23171450989486,99.24024505686458,5552100
2021-08-02,99.53651428222656,99.65608739993527,99.34006900813587,99.38277648570877,5753800
2021-08-03,99.57068634033203,99.6646375849583,99.52797885959403,99.55360074153815,3715300
2021-08-04,99.5621566772461,99.78422387713942,99.33155319307622,99.73297359024248,4654300
2021-08-05,99.34004974365234,99.48525122949437,99.31442786857579,99.46816563528004,3283100
2021-08-06,98.89595794677734,99.09239673785426,98.8874151465683,99.01553108471477,3812000
2021-08-09,98.71660614013672,99.04116089533414,98.71660614013672,98.98137432158073,5298600
2021-08-10,98.5884780883789,98.77638058746375,98.5884780883789,98.77638058746375,7332100
2021-08-11,98.68241119384766,98.81906338499047,98.51158780961185,98.61408184015333,6674600
2021-08-12,98.69099426269531,98.71661615172417,98.56287830130258,98.63974396838913,5017300
2021-08-13,99.0496597290039,99.0496597290039,98.76780607088666,98.77634886798732,4599800
2021-08-16,99.10092163085938,99.30590318510586,99.10092163085938,99.19487286744028,3693600
2021-08-17,99.02406311035156,99.15217251831145,99.01552031107204,99.05822779122306,5469200
2021-08-18,99.03258514404297,99.10091449595438,98.90447575451616,99.02404886223829,3981900
2021-08-19,99.20340728759766,99.21195008554155,99.0923704630639,99.17778541001158,4581300
2021-08-20,99.21197509765625,99.25467606564978,99.14364572936996,99.22905418160421,2897800
2021-08-23,99.21197509765625,99.22905418160421,99.10948104522683,99.15218201322034,6585300
2021-08-24,99.06674194335938,99.19485783894555,99.04112006749116,99.14361408720914,5875400
2021-08-25,98.87886047363281,99.08384855655244,98.80199482972283,99.06676295818588,5452000
2021-08-26,98.88742065429688,98.89596345498173,98.76784750969959,98.87034156917483,4879200
2021-08-27,99.16070556640625,99.16070556640625,98.82760810597324,98.91301654162987,5545600
2021-08-30,99.27175903320312,99.27175903320312,99.0753137336515,99.09239281714653,3706000
2021-08-31,99.12655639648438,99.32300169384834,99.09239171362773,99.22905044505431,6763900
2021-09-01,99.15819549560547,99.23517189897781,99.05555376547291,99.23517189897781,4154000
2021-09-02,99.26085662841797,99.26940521337295,99.14965976762952,99.23519129664092,5427300
2021-09-03,99.08975219726562,99.12396610196545,99.02132438786599,99.08119708968191,5274300
2021-09-07,98.8246078491211,98.91869446064108,98.76473514412069,98.91013935260233,3579900
2021-09-08,98.98714447021484,99.06412088291825,98.89305783759721,98.96147914034349,3417500
2021-09-09,99.3035888671875,99.34635788147797,99.01278045204558,99.08120173902078,3332600
2021-09-10,99.10684967041016,99.22659505864651,99.02986676332436,99.20948484567889,3957300
2021-09-13,99.23517608642578,99.28650021647583,99.18385848201208,99.21807239350001,3954100
2021-09-14,99.45753479003906,99.54306628146716,99.27791670034973,99.27791670034973,4183600
2021-09-15,99.36344909667969,99.46609080270886,99.29502129266025,99.46609080270886,3448500
2021-09-16,99.19239044189453,99.31213584133802,99.14107284945727,99.17528022732554,4265500
2021-09-17,99.10684967041016,99.11539825125972,98.99565286302337,99.04697697629197,5742500
2021-09-20,99.29505920410156,99.36348703424716,99.20097909469769,99.23518648413344,5464700
2021-09-21,99.33781433105469,99.36347313236011,99.26083792713841,99.32925922207417,5225200
2021-09-22,99.37201690673828,99.43188961150044,99.22661269883524,99.31214420197612,7139900
2021-09-23,98.88449096679688,99.16675083107917,98.85027705667453,99.15819572213955,8265000
2021-09-24,98.71341705322266,98.79894855627592,98.63643413252996,98.79039344827997,4461900
2021-09-27,98.57655334472656,98.68774363701483,98.52523575222963,98.54233944118366,5630600
2021-09-28,98.16598510742188,98.36271340551201,98.10611241246129,98.27718191637321,7017100
2021-09-29,98.23442840576172,98.4140465189788,98.12323810490412,98.33707012430092,6161300
2021-09-30,98.21731567382812,98.242974469692,98.09757027604024,98.16599155646564,5348800
2021-10-01,98.51715087890625,98.56854904005709,98.33725077899821,98.36294985957363,7064500
2021-10-04,98.4486312866211,98.5428656209611,98.34583494798193,98.4486312866211,4180600
2021-10-05,98.2173080444336,98.40577666524798,98.18304042829648,98.36294051110671,7421900
2021-10-06,98.26017761230469,98.28588323676827,98.16594326358467,98.24304706521112,4893400
2021-10-07,97.98602294921875,98.08882581827726,97.95175532619925,98.05455819525775,4456100
2021-10-08,97.77184295654297,97.96031159159492,97.72044479639425,97.92604397286911,4581900
2021-10-11,97.61764526367188,97.72044812334927,97.6090832606089,97.66904996145067,2178400
2021-10-12,97.97746276855469,97.9860247725583,97.7547264827236,97.80612465026888,3688400
2021-10-13,98.20018768310547,98.20875622256807,98.02028756967438,98.02885610913698,5522700
2021-10-14,98.38865661621094,98.38865661621094,98.20018796278049,98.2601546674283,4094500
2021-10-15,98.14881896972656,98.20021715016411,98.09742078928903,98.18308660197911,4644800
2021-10-18,98.08026123046875,98.14022793919891,97.87466201994837,97.94319726874886,5575100
2021-10-19,97.79755401611328,97.97745412252739,97.79755401611328,97.97745412252739,5041000
2021-10-20,97.72907257080078,97.90897277624278,97.71193548311072,97.80616985775424,6183700
2021-10-21,97.52342224121094,97.69476036052313,97.52342224121094,97.66906127659654,5228300
2021-10-22,97.71190643310547,97.78044169172212,97.57484245175417,97.63480916907324,3528600
2021-10-25,97.80611419677734,97.89177997882386,97.71187987576212,97.71187987576212,8569600
2021-10-26,97.98602294921875,97.98602294921875,97.7547246636881,97.87465807631595,5429800
2021-10-27,98.31156158447266,98.44862553995118,98.02885859795468,98.22589579531348,8048500
2021-10-28,98.23446655273438,98.37153705630796,98.14880075594156,98.26873417862777,5916000
2021-10-29,98.2087631225586,98.32869653993899,97.9603277477332,97.9603277477332,10047900
2021-11-01,98.14871215820312,98.1744516596457,97.93420758463485,97.95137161636997,6197900
2021-11-02,98.34606170654297,98.40612272679824,98.1830361317814,98.1830361317814,5317000
2021-11-03,98.14871215820312,98.40612026494907,98.0285901206977,98.37179874763895,6421700
2021-11-04,98.47473907470703,98.53480008267728,98.22591957465809,98.25165907147978,6618100
2021-11-05,98.86085510253906,98.94665561074791,98.58628954857525,98.66350804211547,7283100
2021-11-08,98.6806640625,98.80078607347508,98.62917852482593,98.79220405950296,4922800
2021-11-09,98.95525360107422,99.10111514319354,98.92093208301787,98.99815058902449,8960500
2021-11-10,98.2859878540039,98.79221545203919,98.15728381421481,98.76647595331325,11620300
2021-11-11,98.10579681396484,98.30314387819926,98.07148184694601,98.25166488151172,3937100
2021-11-12,98.08863830566406,98.320300334497,98.03715930951434,98.24308184027242,4554700
2021-11-15,97.72827911376953,98.08006318913314,97.72827911376953,98.07148771994454,6405000
2021-11-16,97.69396209716797,97.90846666763494,97.67679806568103,97.74544109930885,7484000
2021-11-17,97.92560577392578,97.92560577392578,97.6167187267336,97.63388275499915,7173100
2021-11-18,98.01142120361328,98.05431818562762,97.83981363707797,97.85697766681116,4226900
2021-11-19,98.20018768310547,98.32030971635649,98.17444818257451,98.23450919920003,5685900
2021-11-22,97.72827911376953,98.0114267048259,97.6596360833026,97.93420165901067,6995300
2021-11-23,97.34217834472656,97.61674395249867,97.34217834472656,97.56526494671654,6268600
2021-11-24,97.56523132324219,97.58239535002804,97.29066581009239,97.35930882491938,8472400
2021-11-26,98.26024627685547,98.31173182280772,97.98568070102901,98.09722726212581,3258900
2021-11-29,98.31173706054688,98.32889454600526,97.92562490305279,97.94278893467121,8982800
2021-11-30,98.47473907470703,98.7664686463903,98.24307705715292,98.56054612565786,13109000
2021-12-01,98.49365997314453,98.50225411977712,98.13278447953364,98.18433624850287,12772700
2021-12-02,98.47647094726562,98.63113279814027,98.29603321381397,98.52802271241961,7759700
2021-12-03,98.87171173095703,99.01777942887419,98.3475802921603,98.38195031909594,7600800
2021-12-06,98.52803802490234,98.84595592205659,98.48508039906875,98.7944041488908,9416700
2021-12-07,98.37335968017578,98.56239155735389,98.33898965201497,98.39913556244323,6786900
2021-12-08,98.11559295654297,98.27025480343926,97.99530113733613,98.27025480343926,8050100
2021-12-09,98.1241683959961,98.28742436845157,98.05543490454109,98.19290844286279,8646500
2021-12-10,98.14993286132812,98.39051642590502,98.14133871819024,98.27022464361657,6501300
2021-12-13,98.49365997314453,98.56240003537894,98.34759225745628,98.39055643520608,8659300
2021-12-14,98.30461883544922,98.41631650206804,98.17573287832775,98.34757645088165,7503600
2021-12-15,98.227294921875,98.33899260018683,98.04685718518077,98.14996727275437,7459100
2021-12-16,98.36235046386719,98.4655662049736,98.27634062734344,98.27634062734344,7566600
2021-12-17,98.48275756835938,98.63757788641053,98.45695527570574,98.52576576420167,7428000
2021-12-20,98.33655548095703,98.57738566598243,98.32795252802602,98.54298041638876,7382600
2021-12-21,98.25910949707031,98.3279199734758,98.02688234186203,98.1128921563048,12970200
2021-12-22,98.34513854980469,98.35374150157034,98.1989211804361,98.33654216016853,6171700
2021-12-23,98.22467803955078,98.31929077882111,98.11286596683424,98.3020914453749,5506700
2021-12-27,98.27632141113281,98.31072665144094,98.16450273959923,98.1817086408176,5436800
2021-12-28,98.23332214355469,98.43974704202614,98.19891690012125,98.42254770137403,5253800
2021-12-29,97.94087219238281,98.09569248270147,97.88926105419114,98.04408134450979,5933800
2021-12-30,98.15591430664062,98.16451069581794,97.9064812157866,98.04409562604415,5455400
2021-12-31,98.12150573730469,98.31932767574312,98.10429983527504,98.18171327015058,7989500
2022-01-03,97.45062255859375,97.7774625225717,97.45062255859375,97.76885957132437,9399200
2022-01-04,97.4420166015625,97.45061955254445,97.2613940037151,97.38180906894671,7772100
2022-01-05,97.14096069335938,97.50220582120473,97.10655545802254,97.48499992247247,8530900
2022-01-06,97.03772735595703,97.05492668943657,96.90011300174135,96.97751984558896,8866500
2022-01-07,96.75392150878906,96.94314705100595,96.62490349708403,96.925947711772,9018900
2022-01-10,96.66792297363281,96.6937252665603,96.45289511639773,96.53030855730967,8074900
2022-01-11,96.8485336303711,96.87433592011332,96.56469531894936,96.61630646056244,6728600
2022-01-12,96.8485336303711,97.01195688157668,96.83133429125249,96.95174935146862,6713200
2022-01-13,97.02056884765625,97.02056884765625,96.77113575342226,96.84854262984182,8454300
2022-01-14,96.47867584228516,96.80552231198139,96.46147650488807,96.78831641245634,9113400
2022-01-18,95.89380645751953,96.21204999908674,95.87660711895327,96.16904180947849,7943800
2022-01-19,96.10022735595703,96.23784173578328,96.03141688498008,96.07441850774491,8321000
2022-01-20,96.15184020996094,96.24645297517162,96.11743497150904,96.19484183642963,7186400
2022-01-21,96.53028106689453,96.63349020921207,96.42706536244943,96.49587583207949,8679600
2022-01-24,96.41847229003906,96.69370763462608,96.41847229003906,96.65930239628668,12131400
2022-01-25,96.3238525390625,96.59049147632234,96.29805025271136,96.48727576879004,9541000
2022-01-26,95.78199768066406,96.444280513603,95.78199768066406,96.38407298333583,10729400
2022-01-27,96.10022735595703,96.22923878637923,96.00561459889563,96.00561459889563,6146800
2022-01-28,96.1690444946289,96.21205268543801,95.85080750630456,95.86800684535103,10855600
2022-01-31,96.16044616699219,96.23785303433326,95.9884199693535,96.02282520888124,12837400
2022-02-01,96.1268310546875,96.1957407554313,95.93733266343745,96.17851661604072,10356000
2022-02-02,96.2302017211914,96.44553962100733,96.18713151259175,96.21297100911507,7967900
2022-02-03,95.84261322021484,95.92875365868052,95.72202449227424,95.83400443364252,10290400
2022-02-04,95.23968505859375,95.3947286727993,95.15355117772265,95.3947286727993,6967200
2022-02-07,95.3258056640625,95.36026052593142,95.15353792631089,95.2396717951867,6723400
2022-02-08,95.0329360961914,95.16214016749207,95.02432073901348,95.12768531037241,7987000
2022-02-09,95.09324645996094,95.33442392880295,95.08463110133282,95.18799569009074,9194400
2022-02-10,94.21464538574219,94.80036479717992,94.21464538574219,94.72284629952686,10761200
2022-02-11,94.83482360839844,94.8865091805812,94.18019445735113,94.52473646167036,13868300
2022-02-14,94.28356170654297,94.54196986001583,94.23188270448533,94.45583599938898,8843700
2022-02-15,94.1285171508789,94.32663094269554,94.09406229266766,94.19742686730142,5820200
2022-02-16,94.24046325683594,94.30075759416586,93.97343984444063,94.26630274832164,8116000
2022-02-17,94.43859100341797,94.58501920150013,94.32661765869479,94.38691200917516,10217000
2022-02-18,94.63671112060547,94.64531990582965,94.49889169791729,94.60225626493343,7110900
2022-02-22,94.53333282470703,94.55917231981051,94.3696739269306,94.47303847893532,7604400
2022-02-23,94.11131286621094,94.36110571225768,94.08547335999812,94.3352596344512,11732100
2022-02-24,94.28356170654297,94.55057864596388,94.0337689106105,94.46444478533704,12372100
2022-02-25,94.37830352783203,94.3869188846972,94.17158096421097,94.2749389602256,10089100
2022-02-28,95.05880737304688,95.11910175026387,94.76594427542561,94.77455963548354,16594600
2022-03-01,95.59446716308594,95.8963794328354,95.37881460166577,95.40469185604516,14355100
2022-03-02,94.44718933105469,95.21491188561384,94.42131207794269,95.14590807104638,9028800
2022-03-03,94.76636505126953,94.88712996290862,94.58521768381091,94.70598259545,15802600
2022-03-04,95.14591217041016,95.36156473055959,95.08552971681607,95.23217187823116,7838500
2022-03-07,94.59385681152344,95.00790610574813,94.57660091856707,94.7750042003961,12740600
2022-03-08,94.25743103027344,94.30919212702482,94.1280447413819,94.24018171881949,9933700
2022-03-09,94.05902099609375,94.2056631568409,93.9641333435647,94.11077550431185,11192300
2022-03-10,93.53282928466797,93.74848184627781,93.37755917706113,93.73123253707433,16234900
2022-03-11,93.51556396484375,93.63632885217383,93.45517493998595,93.54144121481552,11997800
2022-03-14,92.60983276367188,93.00663267092101,92.60983276367188,92.9807554175864,10961600
2022-03-15,92.81685638427734,93.09289138556645,92.67021422947859,93.02388098994578,14001200
2022-03-16,92.8858642578125,92.92899739920264,92.29928907335095,92.84273111642237,16805400
2022-03-17,93.04110717773438,93.21362653051877,92.92897025654368,93.03247923573772,8035400
2022-03-18,93.24815368652344,93.282658881448,93.09288359995936,93.10151154398876,7864100
2022-03-21,92.33378601074219,92.85997869890437,92.2820315106583,92.79959625507557,8024800
2022-03-22,92.08363342285156,92.19577037301285,91.96286852846458,92.07500547862587,16120500
2022-03-23,92.46319580078125,92.48044511024197,92.04913998058996,92.26479254541596,9060700
2022-03-24,92.25615692138672,92.33379526048293,91.9973778138507,92.05776026372845,7480500
2022-03-25,91.52295684814453,91.99739517327473,91.4194478180759,91.92838476576584,10538700
2022-03-28,91.74720764160156,91.89384977412708,91.57468825994712,91.65232000733386,8540500
2022-03-29,92.17853546142578,92.20441271695097,91.83349003163677,91.96288289045692,11396500
2022-03-30,92.4287109375,92.4287109375,91.94564461079007,91.95427255801582,11544400
2022-03-31,92.38557434082031,92.62710420457957,92.35106913439824,92.44595680676012,13799100
2022-04-01,92.22140502929688,92.39418254281881,91.78945465445238,91.87584341121335,11581600
2022-04-04,92.29912567138672,92.32504822269416,92.05723458748567,92.29912567138672,9956400
2022-04-05,91.36615753173828,92.11774706769921,91.34887582341703,92.07455597897717,11028300
2022-04-06,91.13289642333984,91.40934442442499,90.81325733551529,90.89100524627037,13116000
2022-04-07,90.93418884277344,91.15016401614719,90.82187753435399,91.03785270772774,7922500
2022-04-08,90.47632598876953,90.71821713762955,90.38129638156889,90.55407389045762,6503200
2022-04-11,90.08756256103516,90.28626261904779,89.99253295820814,90.22578983461598,8381800
2022-04-12,90.37264251708984,90.64044959462073,90.34672655359182,90.53678574062866,8498700
2022-04-13,90.55406188964844,90.78731215484034,90.48494825883654,90.51086422263134,6801000
2022-04-14,89.81975555419922,90.48495618366701,89.78519873576673,90.47632192233827,8510100
2022-04-18,89.54334259033203,89.86298175142551,89.5087857583951,89.81979065478568,8633000
2022-04-19,88.99906921386719,89.35327175212234,88.95587812281423,89.20641017866865,7847500
2022-04-20,89.50875854492188,89.6210632712914,89.24095141763468,89.29278335426065,8460900
2022-04-21,89.0163345336914,89.38781212176418,88.80035934506863,89.3618961536958,11395800
2022-04-22,88.92991638183594,89.13725064889108,88.69665956424107,88.748498074283,9159000
2022-04-25,89.5260238647461,89.78519670159841,89.38780318518681,89.38780318518681,8777500
2022-04-26,89.8024673461914,89.95796972235695,89.67288752525236,89.95796972235695,8535100
2022-04-27,89.43966674804688,89.85434211545999,89.43966674804688,89.76795333630265,11185400
2022-04-28,89.40509796142578,89.42237966957087,89.12864995046876,89.26687725146752,10372200
2022-04-29,88.86947631835938,89.21503136027647,88.82627864259977,88.91266740307904,9924100
2022-05-02,88.38568115234375,88.5847314207919,88.27317849788102,88.55011369572891,12729000
2022-05-03,88.58478546142578,88.95691797955017,88.52420605627344,88.8876824871875,12165300
2022-05-04,89.15593719482422,89.18190544929818,88.37706122971724,88.55014331026143,14656400
2022-05-05,88.27320861816406,88.72322599222431,87.91838176718767,88.68861485800738,17474400
2022-05-06,87.90108489990234,88.22994352877684,87.83184941929966,87.97897646624507,8314100
2022-05-09,88.33377838134766,88.35974003051042,87.82318167405992,87.87510497238546,8640900
2022-05-10,88.60204315185547,88.89629053405292,88.55011986197326,88.7232018966849,18465000
2022-05-11,88.93091583251953,88.95687747967085,88.23857442941879,88.33377153741156,16462000
2022-05-12,89.0953598022461,89.25979240430732,89.02613093007247,89.08671031988582,9015300
2022-05-13,88.71456146240234,88.94822289335349,88.68859981481411,88.92226124576526,6715600
2022-05-16,88.91360473632812,89.11265503797928,88.87033752477407,88.88764308886428,7239200
2022-05-17,88.42897033691406,88.64532620418947,88.39435260583114,88.50685527985782,6559000
2022-05-18,88.78380584716797,88.82707966915359,88.34244455567408,88.36840620780217,6093800
2022-05-19,89.00879669189453,89.32900573160832,88.92225567114008,89.31169356586344,10504300
2022-05-20,89.27710723876953,89.32037445983704,89.03478306962579,89.0953624612471,6731400
2022-05-23,88.98285675048828,89.31171535063251,88.9049717936087,89.14728935188953,8007200
2022-05-24,89.66654205322266,89.77904474718791,89.25113580926329,89.25979189423238,10332300
2022-05-25,90.03863525390625,90.06459689484632,89.80496728013485,89.94343816868907,7718100
2022-05-26,89.96943664550781,90.16848697863716,89.83097230291798,90.06463376970123,5720000
2022-05-27,90.11656188964844,90.27233841004968,90.02136476036665,90.08194415148611,5496300
2022-05-31,89.5453872680664,89.69250770581145,89.38961074496619,89.5973105748803,10491700
2022-06-01,89.17776489257812,89.75864121801196,89.08239634785944,89.63726427283316,8056700
2022-06-02,89.29048156738281,89.37717845150243,89.06507099158144,89.35117004772138,7456800
2022-06-03,89.14310455322266,89.22113638642358,88.9870475013697,89.01305590758705,6561100
2022-06-06,88.59688568115234,89.09973017427856,88.57087728153944,89.01303330405315,5144500
2022-06-07,88.93499755859375,89.09105455231187,88.77894056487563,88.7962772910459,5620200
2022-06-08,88.57087707519531,88.91766455528902,88.57087707519531,88.79628761434678,4150800
2022-06-09,88.47554779052734,88.622933196417,88.40618761791453,88.49288452640549,5423500
2022-06-10,87.79060363769531,88.18941458423579,87.59119485715104,88.14606283621154,7830000
2022-06-13,86.3514175415039,87.00165412933835,85.94393488813321,86.7849086000602,9479000
2022-06-14,85.83988952636719,86.64618304958047,85.70984090367838,86.55947955808946,10943400
2022-06-15,86.7935791015625,86.83693085265232,85.98728547895108,86.42944820478277,10979000
2022-06-16,87.00164794921875,87.0103196218475,85.95260045577693,86.03929733842,9329900
2022-06-17,86.99300384521484,87.19241269158114,86.68089629170062,87.06236401912923,9892200
2022-06-21,86.64618682861328,86.92362081566061,86.51613820025247,86.7155403644641,9022500
2022-06-22,87.38314819335938,87.50452518811585,87.27910793447519,87.27910793447519,9437000
2022-06-23,87.74725341796875,88.22409619634847,87.67789326574113,87.78193349408257,7773900
2022-06-24,87.60853576660156,87.97266662750917,87.56518401978252,87.66055257114611,7389600
2022-06-27,87.2184066772461,87.52184911974436,87.11437304813192,87.27909516574574,8319700
2022-06-28,87.25306701660156,87.2704103605626,87.0449931909028,87.15769846845888,6540000
2022-06-29,87.75593566894531,87.77327240181795,87.28776450679662,87.39180474767932,7326500
2022-06-30,88.15473175048828,88.39748565691332,88.06803487170046,88.08537160163888,7521300
2022-07-01,88.88955688476562,89.28041782802944,88.67241412517609,88.77664503538067,7393100
2022-07-05,89.05458068847656,89.20223616329835,88.89823764846803,89.06326825366332,6813100
2022-07-06,88.45524597167969,89.28907976059541,88.45524597167969,89.2717046338805,6647700
2022-07-07,88.25546264648438,88.57683616664889,88.17728784356088,88.54209254609046,8226500
2022-07-08,87.9254379272461,88.11651796493801,87.8646382273736,88.02966219750164,5270100
2022-07-11,88.33367919921875,88.52476590360594,88.24682341358958,88.30762312619717,5758400
2022-07-12,88.45524597167969,88.75925104916755,88.43787747163401,88.61158897876774,6690500
2022-07-13,88.776611328125,88.80266738911523,87.89067212111394,87.92541574465713,6534700
2022-07-14,88.46392059326172,88.57683902038161,88.01226676478692,88.16860974900285,6233300
2022-07-15,88.81137084960938,88.8982266106809,88.50737237252413,88.5421160022867,8640400
2022-07-18,88.52474975585938,88.62029309062495,88.35103821628765,88.59423702235625,6006400
2022-07-19,88.40314483642578,88.58554392959545,88.29892056985457,88.55080029851501,5936200
2022-07-20,88.34233856201172,88.74188034968736,88.3075949335178,88.73319941256607,6124000
2022-07-21,89.08065795898438,89.09803309349326,88.55951657714533,88.55951657714533,5920000
2022-07-22,89.7754898071289,89.98394497010631,89.56703464415152,89.68863404144417,7323100
2022-07-25,89.44541931152344,89.540955998087,89.3498759982909,89.37593206068723,3729500
2022-07-26,89.42804718017578,89.90576376233585,89.42804718017578,89.84496407248541,6312200
2022-07-27,89.74073028564453,90.01867266262411,89.61913090988278,89.62781847291404,5431400
2022-07-28,90.38346862792969,90.51375556360622,90.1923820058266,90.40952468973123,6473800
2022-07-29,90.39217376708984,90.67880375597834,90.18371860547553,90.27926193510503,7674600
2022-08-01,90.70547485351562,90.77508928135235,90.42699722387752,90.49661165171425,7733700
2022-08-02,89.7743148803711,90.80990004096746,89.7569062937958,90.74027897352708,6869400
2022-08-03,90.17462158203125,90.19202352831216,89.39140121078823,89.66117453443802,6261700
2022-08-04,90.39215850830078,90.40956044997688,90.13108290716089,90.21810589439808,5199700
2022-08-05,89.38268280029297,89.48711437977418,89.21733445930498,89.46970579681279,4847100
2022-08-08,89.79169464111328,89.88742192533319,89.66986112291136,89.72207359087538,3425000
2022-08-09,89.59156036376953,89.67859002016058,89.49583305328386,89.56545412262446,3854000
2022-08-10,89.81778717041016,90.22680247886292,89.73076419060543,90.00924170963722,7156200
2022-08-11,89.33918762207031,90.18331811451942,89.30437709051107,89.96575727184667,8518200
2022-08-12,89.73948669433594,89.73948669433594,89.39138806503762,89.60894887842043,3643400
2022-08-15,89.85261535644531,90.02666135027455,89.84391106492512,89.9570469364003,3782900
2022-08-16,89.72209167480469,89.74819791404855,89.45231835004469,89.74819791404855,4976100
2022-08-17,89.19123077392578,89.40879159115909,89.06069295569995,89.32176859215161,7222300
2022-08-18,89.38268280029297,89.574137376294,89.3217660387862,89.37397850881227,4260600
2022-08-19,88.7561264038086,88.87795995400329,88.63429285361389,88.87795995400329,4575500
2022-08-22,88.37320709228516,88.66908661839125,88.34709421695585,88.60816985481475,7133200
2022-08-23,88.33840942382812,88.73872059123602,88.24268211864035,88.3645156635284,7369600
2022-08-24,88.10344696044922,88.24268910244432,88.02512823515005,88.19917427321316,6318900
2022-08-25,88.59076690673828,88.65168366962445,88.10342616421974,88.1817515104615,8217300
2022-08-26,88.42540740966797,88.63426390758939,88.26005908578982,88.47761987429124,5584800
2022-08-29,87.99897766113281,88.13821309355292,87.94675856447627,88.1295088042056,7509000
2022-08-30,88.1121597290039,88.28620578380716,87.83368205765987,88.12086402357349,6573600
2022-08-31,87.64218139648438,88.09471152445848,87.58126464534492,87.92936321161086,6116500
2022-09-01,87.26202392578125,87.3317863092817,86.9045033529288,87.26202392578125,8961600
2022-09-02,87.51490020751953,87.78522110468889,87.31433503507012,87.52362216794947,5966800
2022-09-06,86.69519805908203,87.1748060291427,86.6864827526487,87.16608406980369,5341300
2022-09-07,87.29688262939453,87.31431989432419,86.95679941357089,86.9655213724884,3607100
2022-09-08,87.01783752441406,87.35792073126538,87.01783752441406,87.20095873941823,5546200
2022-09-09,87.0091323852539,87.31433446925872,86.96553588919977,87.1922536356568,7496100
2022-09-12,86.87832641601562,87.27945009074817,86.77368950698484,87.20097240897508,8535500
2022-09-13,86.39000701904297,86.49465058572775,86.24176695591943,86.25048891636979,4957400
2022-09-14,86.50337219238281,86.63417499703712,86.30281365776563,86.32897288811509,7557300
2022-09-15,86.24175262451172,86.42487384609963,86.18942752341131,86.36383343890365,6016600
2022-09-16,86.18072509765625,86.33768711860577,85.988881888395,86.03248503701124,6965400
2022-09-19,86.0499267578125,86.18944486537305,85.87552746013512,85.9191239581011,5982200
2022-09-20,85.66622924804688,85.8057539904822,85.52671115851746,85.64007002206672,11271700
2022-09-21,85.93655395507812,85.98015044598003,85.33486516564295,85.80575117656105,7094400
2022-09-22,85.02094268798828,85.38718515210068,84.93374305170997,85.36974788600735,7092400
2022-09-23,84.75933074951172,84.97733315025934,84.48900990151436,84.93373666185299,11059300
2022-09-26,83.66934204101562,84.50647734751858,83.59958630956301,84.4715961553387,9009900
2022-09-27,83.31182861328125,83.78271476875875,83.1723038325882,83.6867931452592,11440200
2022-09-28,84.65470123291016,84.69829772511606,83.9483688689534,84.12277479649464,10539800
2022-09-29,84.2099609375,84.41052605880144,83.96579933097986,84.13148327236344,8666100
2022-09-30,84.0094223022461,84.66342966286194,83.87862615244845,84.4628711312343,14376300
2022-10-03,84.69196319580078,85.1900995217882,84.4560000233537,84.67448098505888,9617900
2022-10-04,84.9191665649414,85.25126184689191,84.84051663027452,84.95412431396298,6964200
2022-10-05,84.47344970703125,84.76183939812826,84.13261340390342,84.49966634553941,9512800
2022-10-06,84.141357421875,84.517144811032,84.0801830407335,84.41227158585767,5625100
2022-10-07,83.6956558227539,83.905402276294,83.61700590330706,83.7306135650106,6149600
2022-10-10,83.31985473632812,83.67816653494877,83.15381382227807,83.6606910004459,4074700
2022-10-11,83.37232208251953,83.74810953917876,83.25870773462873,83.57332079915778,8892800
2022-10-12,83.44223022460938,83.55583789497904,83.2237493194698,83.2412248581774,5651200
2022-10-13,83.18006134033203,83.4072833782699,82.3061376055807,82.34983645932185,6254400
2022-10-14,82.7255859375,83.57328597016694,82.68188710382898,83.57328597016694,8580700
2022-10-17,82.900390625,83.37231015427511,82.87417398462489,83.24122028489185,5460600
2022-10-18,83.04022216796875,83.18005315216844,82.70813358175695,83.11887876345816,6389100
2022-10-19,82.3236083984375,82.63822145820292,82.27991621472532,82.50713823955782,6316100
2022-10-20,81.82547760009766,82.376053825012,81.7643032048304,82.20126507602767,9012900
2022-10-21,81.94781494140625,82.03521263744227,81.44967874453813,81.5108531312585,8371100
2022-10-24,81.834228515625,82.17505828262063,81.6681808510595,81.9478362154536,6090400
2022-10-25,82.63822937011719,82.76931926882163,82.46344728351741,82.48966392975645,11710400
2022-10-26,83.00529479980469,83.17133580658587,82.81303047536416,82.83050601962684,7884100
2022-10-27,83.42474365234375,83.56457462471889,83.01399850537648,83.20626275863842,6913500
2022-10-28,83.21501922607422,83.42475905585545,83.00527939629299,83.03149604157703,6229200
2022-10-31,82.93535614013672,83.07518045774324,82.6731763768005,83.0314882755261,10946400
2022-11-01,83.08953094482422,83.51872862986127,82.90558907980834,83.43113822024226,8096800
2022-11-02,82.94935607910156,83.65885355459865,82.8004517591115,83.19461850832496,8584100
2022-11-03,82.64276885986328,82.78291878968086,82.27488531816684,82.30992280062124,9314800
2022-11-04,82.634033203125,82.8968110608981,82.48512886898888,82.71286923354434,6918300
2022-11-07,82.37126159667969,82.73914524946055,82.36250055274152,82.69535339520674,7597200
2022-11-08,82.72164154052734,82.87054589493759,82.52893864295199,82.54645405058636,5834900
2022-11-09,82.8179702758789,82.9493525039028,82.55519245439591,82.67782032236329,6694200
2022-11-10,84.59609985351562,84.59609985351562,83.90412434029058,84.07055077641482,8494800
2022-11-11,84.53477478027344,84.62236516780928,84.28951902208578,84.28951902208578,4953100
2022-11-14,84.29829406738281,84.48223593115775,84.24574115850993,84.46472052244006,7457600
2022-11-15,84.920166015625,84.920166015625,84.62235738883577,84.78878378775774,7962000
2022-11-16,85.44575500488281,85.51582332618506,85.08662562130796,85.18297708115877,11075000
2022-11-17,85.08660888671875,85.11288533737914,84.83259205913686,84.99025744581807,6889000
2022-11-18,84.96395874023438,85.25301298722336,84.88512940890126,85.15666157156036,4714900
2022-11-21,84.91143798828125,85.2617996148714,84.88516153455896,85.20048566194616,6829100
2022-11-22,85.34937286376953,85.40192575653462,85.12163252392446,85.12163252392446,8039000
2022-11-23,85.85740661621094,85.85740661621094,85.4720075672651,85.4720075672651,5885600
2022-11-25,85.87491607666016,85.87491607666016,85.6734521967175,85.6734521967175,2718600
2022-11-28,85.73478698730469,86.00632590744095,85.69974949171552,85.96252736727476,7920700
2022-11-29,85.4281997680664,85.65594010142048,85.39316227964903,85.43696081085015,6643300
2022-11-30,86.09391021728516,86.12018666643925,85.21799293764981,85.38441935925044,8963500
2022-12-01,86.81031799316406,86.8190992295202,86.18698417429306,86.30112015256067,12471300
2022-12-02,87.1702880859375,87.17906932361144,86.30113310362793,86.46793643070197,6368000
2022-12-05,86.4854736328125,87.17026261258754,86.3011078842669,86.75763163807697,8072500
2022-12-06,86.74007415771484,86.84542218445483,86.55570171468045,86.66105643954015,7660100
2022-12-07,87.51266479492188,87.55656427620005,87.06491553874221,87.17027027493755,6752900
2022-12-08,87.24927520751953,87.44242219465589,87.12636470627275,87.25805644278572,6307200
2022-12-09,86.73129272460938,87.10002421359623,86.7137302547797,87.02101319372177,8994400
2022-12-12,86.74883270263672,87.12634535780764,86.59080399353917,87.08245258746405,10384200
2022-12-13,87.32830047607422,87.9516342714463,87.26684522013952,87.9516342714463,9120600
2022-12-14,87.52144622802734,87.60923849266109,87.06491573493919,87.3721920102175,10624000
2022-12-15,87.64990997314453,87.72910052495351,87.43872845498119,87.61471193456075,9423900
2022-12-16,87.4211196899414,87.57070630798559,87.06035156916784,87.07794723050407,7546100
2022-12-19,86.88436889648438,87.05155790364994,86.76998030456765,87.02516105269527,10351000
2022-12-20,86.29481506347656,86.46200406718599,86.21562451224959,86.32121191388555,10282200
2022-12-21,86.53238677978516,86.70837695788444,86.40040253788426,86.6643777350249,8489300
2022-12-22,86.50599670410156,86.64678885760384,86.42680615276107,86.5147978920303,8267800
2022-12-23,86.20681762695312,86.33000739627974,86.1452227422898,86.27721369895089,4823400
2022-12-27,85.5820541381836,85.89882969903266,85.53805492176761,85.7580375771718,7925700
2022-12-28,85.43247985839844,85.79325471601742,85.42368538382678,85.7668578656237,12131200
2022-12-29,85.7492446899414,85.76684706354649,85.51166635298095,85.53806320005006,7763300
2022-12-30,85.34449768066406,85.6700745364535,85.3269020162101,85.57328159860637,8469000
2023-01-03,85.8460464477539,86.20682129709779,85.6788641613153,86.20682129709779,19930800
2023-01-04,86.32122039794922,86.45321137630624,86.1364357135854,86.38281529273716,10080100
2023-01-05,86.25081634521484,86.28601438374724,85.85485016006919,85.91644504916606,9682000
2023-01-06,87.19235229492188,87.24515271558954,86.26842884999037,86.34761941098157,8503000
2023-01-09,87.41230010986328,87.55309222428424,87.11312693672502,87.16592062296412,7849600
2023-01-10,87.07794189453125,87.24513087700556,86.88435606500067,87.13073558864376,7291300
2023-01-11,87.61471557617188,87.61471557617188,87.34193915748408,87.35953482083761,6102900
2023-01-12,88.24826049804688,88.45944200973864,87.54431317462208,87.85228761111823,8342700
2023-01-13,87.92267608642578,88.22185602269006,87.84348554388852,88.01066781591341,6719000
2023-01-17,87.7643051147461,87.95789098473756,87.6851145570259,87.7643051147461,8174700
2023-01-18,88.63540649414062,88.76739070483724,88.3186309617942,88.66180333627995,7779300
2023-01-19,88.43303680419922,88.63542382239622,88.28345019394064,88.63542382239622,8633700
2023-01-20,88.072265625,88.22185895477325,87.89628216017589,88.1426616962652,6095800
2023-01-23,87.85228729248047,88.04587314138712,87.79949359308381,87.81709596844216,6573200
2023-01-24,88.23948669433594,88.27468474276436,87.71152939459212,87.85231487496453,6538600
2023-01-25,88.34505462646484,88.40664951460323,88.08107269824924,88.22186485018804,5431000
2023-01-26,88.19546508789062,88.39784540794608,88.05467294060067,88.2834568232773,5399100
2023-01-27,88.06344604492188,88.11623972665029,87.9138594711334,87.9578519681281,5123100
2023-01-30,87.82585144042969,88.072230879319,87.81705696999522,87.90504866769336,6822000
2023-01-31,88.1866683959961,88.29225579850718,87.84349591115618,88.13387469474054,12083600
2023-02-01,88.80853271484375,88.89674008208152,88.08522153582884,88.37631190452515,11593300
2023-02-02,88.90556335449219,89.22311526222647,88.86145630572156,89.12608513876374,9197800
2023-02-03,88.04993438720703,88.32337923571257,87.7853055642858,88.16460328791794,9083000
2023-02-06,87.56478881835938,87.69710323742041,87.52951125441461,87.60007311209505,9198900
2023-02-07,87.41481018066406,87.82939209918118,87.37952589719569,87.45891721744675,6224800
2023-02-08,87.53832244873047,87.70592115227637,87.28251638060955,87.45011508415546,4900600
2023-02-09,87.19434356689453,87.82062485226953,87.17670477890636,87.80298606428136,5594800
2023-02-10,86.81501007080078,87.17666900920058,86.79737129005002,87.16784625392998,5068200
2023-02-13,87.07964324951172,87.07964324951172,86.85029870952896,86.8767602468749,6832700
2023-02-14,86.77091217041016,87.11492560784878,86.54156763552086,87.03553426778336,9559500
2023-02-15,86.60331726074219,86.7620932180422,86.47100284136037,86.65624033657855,6486500
2023-02-16,86.24165344238281,86.47099797441679,86.17109158850282,86.33868356248217,5235600
2023-02-17,86.44452667236328,86.45334942677303,86.02994470237232,86.02994470237232,5956300
2023-02-21,85.63300323486328,85.96819385514993,85.63300323486328,85.87998650557864,8369600
2023-02-22,85.86235046386719,86.082872227002,85.82707290398095,85.91528026327684,5862300
2023-02-23,86.17108154296875,86.19754307631277,85.88881397098295,85.91527550432697,8527200
2023-02-24,85.67713928222656,85.79181494131296,85.53600881000233,85.75653064080886,4866800
2023-02-27,85.8447494506836,85.99470270043645,85.75654205258151,85.92414081983064,5040000
2023-02-28,85.83589935302734,85.88882915886482,85.5007086550811,85.55363173112762,8575000
2023-03-01,85.3442611694336,85.80405584392207,85.32657987242027,85.6183718682289,9125300
2023-03-02,85.16741943359375,85.19394475156477,84.981735461785,85.01710480108358,9247400
2023-03-03,85.83941650390625,85.83941650390625,85.40614719175574,85.63604450575282,7267000
2023-03-06,85.62722778320312,86.02512788574275,85.60070245890314,86.00743983886723,4188500
2023-03-07,85.51226043701172,85.79520840002091,85.38847112482092,85.7510017862451,6013200
2023-03-08,85.42387390136719,85.83945536040022,85.30892856534251,85.68029664728148,8044000
2023-03-09,85.73334503173828,85.90134776502795,85.50344761976517,85.55650502007529,7054400
2023-03-10,86.73246765136719,86.93583965116042,86.44068242872291,86.46720774478045,7515700
2023-03-13,87.42218780517578,88.11187322923992,87.20113443869299,87.58134649888392,10343900
2023-03-14,86.9093246459961,87.37795660797441,86.73247794127937,87.33374324529223,8159800
2023-03-15,87.7758560180664,88.15606802724523,87.36911868783065,87.91733339172013,11133700
2023-03-16,87.4310073852539,88.17375005421988,87.25416742626831,88.00574737097514,15217800
2023-03-17,87.97923278808594,88.24449950494761,87.72281009405641,87.7935487846879,8277500
2023-03-20,87.62554931640625,88.18260809318191,87.55481062316282,88.18260809318191,6346400
2023-03-21,87.36028289794922,87.56364819352119,87.27185616490479,87.43101483996713,5499100
2023-03-22,88.20027923583984,88.26217389879643,87.2188019046623,87.36027927485583,7585400
2023-03-23,88.4124755859375,88.46553296498926,87.98805702959129,88.1383716538801,9949700
2023-03-24,88.56282806396484,88.85461339418832,88.37713729107668,88.66892936731386,6217700
2023-03-27,87.60784912109375,87.99689835799742,87.5990050998425,87.88195306577774,6823400
2023-03-28,87.47522735595703,87.58133538697109,87.37796334736394,87.51944072204935,6356200
2023-03-29,87.58134460449219,87.63439525257628,87.28955254800319,87.30723384869347,5111300
2023-03-30,87.6785888671875,87.74048352467697,87.49289814870737,87.56363682755583,4251900
2023-03-31,88.1030502319336,88.14726361418725,87.67863144476446,87.8819968126953,8521600
2023-04-03,88.48596954345703,88.52142856773958,87.9452312586035,88.00728286031863,7567100
2023-04-04,88.81395721435547,88.91146783680536,88.20230090319114,88.24662637271095,8925200
2023-04-05,89.1153564453125,89.51426541601843,89.00898613028507,89.08876386655564,9883500
2023-04-06,89.03553771972656,89.25715145816626,89.03553771972656,89.14190798578429,6105200
2023-04-10,88.42391967773438,88.56575577764919,88.2909500248436,88.54802288360109,4478000
2023-04-11,88.47708129882812,88.53913288525582,88.28206009487944,88.47708129882812,4543800
2023-04-12,88.58344268798828,88.82278254672921,88.29977737686983,88.79618998054849,7226000
2023-04-13,88.54801940917969,88.8848699885839,88.47710136200494,88.78736612761516,3964800
2023-04-14,88.11363983154297,88.28206170456582,88.04272179915661,88.25546913319988,4794100
2023-04-17,87.6704330444336,87.91863945347441,87.65270015057787,87.87431398195251,4441300
2023-04-18,87.7945327758789,87.90090984545282,87.67929602284502,87.67929602284502,4753000
2023-04-19,87.66158294677734,87.69704197798465,87.50202068790384,87.66158294677734,3592900
2023-04-20,88.06048583984375,88.07821873713308,87.92752292576735,87.94524905993796,5092400
2023-04-21,87.90977478027344,88.25549182314391,87.85658962386799,88.21117311384522,5367300
2023-04-24,88.25548553466797,88.28207811097589,88.07819718387047,88.1313823364863,3256900
2023-04-25,88.80511474609375,88.86716636230577,88.61009344853629,88.6189598974577,5065400
2023-04-26,88.47708129882812,88.84053113584443,88.39730358618495,88.78734599408232,3723600
2023-04-27,88.15798950195312,88.31755174932347,88.10480434053575,88.29982561655707,4018300
2023-04-28,88.6100845336914,88.6366771146613,88.39733712281406,88.6366771146613,5469900
2023-05-01,87.70272064208984,88.34256322349803,87.62273692941159,88.2892384883777,10631600
2023-05-02,88.55587768554688,88.57364808444697,87.91603484502798,87.94269383338174,6085800
2023-05-03,88.94686889648438,88.98241646686432,88.59140675269647,88.76913782459042,5637200
2023-05-04,88.84025573730469,89.24015414157283,88.64474744010425,88.66251783984633,5262200
2023-05-05,88.55587768554688,88.61808425170804,88.37813979650984,88.54698909609323,4003000
2023-05-08,88.06707763671875,88.28924483902126,88.04930724373672,88.16483174813226,5481300
2023-05-09,87.98710632324219,88.14706699032637,87.98710632324219,88.07597185384331,5712200
2023-05-10,88.55587768554688,88.58253667390063,88.32482181980234,88.36036939760974,4803000
2023-05-11,88.82246398925781,89.03574943122564,88.76025743035213,88.96465428390303,7703800
2023-05-12,88.3248291015625,88.82248167187971,88.3248291015625,88.76916369077652,4285900
2023-05-15,88.10262298583984,88.17371811598893,88.06707542076529,88.1648295297191,8532600
2023-05-16,87.89824676513672,87.93378755578777,87.7471678948434,87.88046958980533,6728500
2023-05-17,87.76494598388672,88.0048836133115,87.69385084183273,87.96933604228451,6318700
2023-05-18,87.35617065429688,87.54279034189526,87.32950488749127,87.52501316402486,4811300
2023-05-19,87.1606674194336,87.48058883953813,87.08957226385321,87.20509680666594,10285900
2023-05-22,87.08068084716797,87.38283185857111,87.06291044885343,87.2139825645515,8551100
2023-05-23,87.17843627929688,87.27619042149237,86.92072142987303,87.01847557206852,7641200
2023-05-24,86.95626831054688,87.25841932400569,86.92960932289019,87.2406421455632,7719200
2023-05-25,86.63634490966797,86.91183692914538,86.59191552459585,86.85851217504921,5941300
2023-05-26,86.70741271972656,86.72518311215038,86.41415039469817,86.52079308925524,3889800
2023-05-30,87.2850570678711,87.30282746198151,86.95624714678269,87.0006833020668,7349900
2023-05-31,87.5960922241211,87.72939391363441,87.27617088129135,87.28505946859373,10559900
2023-06-01,87.86163330078125,88.03092571260319,87.74580558615574,87.85272138494851,9029800
2023-06-02,87.39830017089844,87.8348956319628,87.38939505374971,87.79925476996982,6877200
2023-06-05,87.38938903808594,87.60322739752431,87.1131740761042,87.18445579518328,7246200
2023-06-06,87.4963150024414,87.50522691781326,87.22010680611119,87.42504007286566,3816000
2023-06-07,87.03298950195312,87.5141309215406,86.95279586645569,87.4517611151755,5131500
2023-06-08,87.4963150024414,87.50522691781326,87.11318421504805,87.13991996116359,5041900
2023-06-09,87.2913818359375,87.36266355784375,87.13100136054803,87.2379239434074,7140700
2023-06-12,87.44284057617188,87.46066440354626,87.07753368857749,87.39828780553428,5436300
2023-06-13,87.03298950195312,87.74579311566768,86.96170778102186,87.74579311566768,9568100
2023-06-14,87.11316680908203,87.30918812129788,86.82804675434943,87.21117746518996,8360100
2023-06-15,87.71904754638672,87.72795945995465,87.43392749239756,87.57649091829128,7472000
2023-06-16,87.44284057617188,87.56758017659907,87.23791414595509,87.39828780553428,5653700
2023-06-20,87.60324096679688,87.77253337638247,87.46958942227141,87.56760010173676,6694200
2023-06-21,87.74578094482422,87.79032691587818,87.30028044749585,87.39828430293383,5579900
2023-06-22,87.2913818359375,87.61214278671646,87.2468290602963,87.46957934290397,7147600
2023-06-23,87.54977416992188,87.76361254074905,87.40721072417094,87.7547006259398,4792900
2023-06-26,87.65670776367188,87.77254228632582,87.59433794293538,87.76363036970614,10632300
2023-06-27,87.48739624023438,87.84379122592843,87.40720260999419,87.71905162137578,7803300
2023-06-28,87.74578094482422,87.79923882920822,87.49629495616992,87.621034551598,8622900
2023-06-29,87.0686264038086,87.20227792502843,86.97061574143396,87.139908121499,8877500
2023-06-30,87.27356719970703,87.40721874290993,87.08645775834293,87.19338035246521,13417300
2023-07-03,87.17081451416016,87.581743947618,87.13508063096278,87.38521099780309,3691600
2023-07-05,86.77774810791016,87.12614494762393,86.69735198284143,87.10828141390019,6046200
2023-07-06,86.21495056152344,86.3310805638909,86.00948244829074,86.25961280141509,9534200
2023-07-07,86.23284912109375,86.42938213996102,86.13458261166011,86.13458261166011,8311000
2023-07-10,86.47403717041016,86.59910237746206,86.2507054698828,86.26856900708623,8827400
2023-07-11,86.66162872314453,86.7420248580685,86.52762834939577,86.59909612413406,5978500
2023-07-12,87.36734771728516,87.41200995975537,87.0546779422869,87.10828217500905,7189100
2023-07-13,87.91229248046875,87.93909119362253,87.65322689407796,87.70682432038554,7458500
2023-07-14,87.492431640625,87.82295820475551,87.47456128737628,87.75149723838904,7208400
2023-07-17,87.59069061279297,87.63535286099265,87.41202117336752,87.50135248530913,4689500
2023-07-18,87.66217041015625,87.91230767910218,87.66217041015625,87.84083988797477,5593200
2023-07-19,87.93013763427734,87.97480669055659,87.71574115832735,87.85866987044697,7467900
2023-07-20,87.47457122802734,87.61750680808917,87.3048437461334,87.59963645280965,12562400
2023-07-21,87.53707885742188,87.68001439669004,87.4924166130568,87.64428051187299,7605200
2023-07-24,87.37628173828125,87.68895153353995,87.3584182032439,87.63534729734434,6656600
2023-07-25,87.27802276611328,87.35842571955367,87.16189273952428,87.17082791558262,5794800
2023-07-26,87.5638656616211,87.60853471545443,87.26013790528472,87.48346954336995,5907400
2023-07-27,86.81349182128906,87.48348686822773,86.75095922286313,87.40308391851322,6937900
2023-07-28,87.1529769897461,87.17977570835215,86.9296452473037,87.0011130406158,9233600
2023-07-31,87.26016235351562,87.36736402342656,87.11722679363437,87.1261619700126,11079100
2023-08-01,86.68238830566406,86.96903022740308,86.62864508098878,86.8973748725302,8810400
2023-08-02,86.47635650634766,86.49426863415314,86.19867410383239,86.42261328884962,8551900
2023-08-03,85.89413452148438,86.01058046625003,85.8135196752812,85.92996562004687,7532700
2023-08-04,86.60177612304688,86.66447883178408,86.21660038820897,86.21660038820897,6400400
2023-08-07,86.61968994140625,86.61968994140625,86.42262916302333,86.56594671403661,9732600
2023-08-08,86.82572174072266,86.98695826565024,86.74510006121726,86.8346812237973,6867300
2023-08-09,86.88842010498047,86.99591339424616,86.80780526359335,86.89737958760666,5634700
2023-08-10,86.32410430908203,87.085496390138,86.32410430908203,86.94217199017834,15516100
2023-08-11,86.05535888671875,86.3688724122311,86.05535888671875,86.10014946211292,9016700
2023-08-14,85.99267578125,86.18974342336878,85.84039872473417,85.97476364745914,7901300
2023-08-15,85.75975799560547,86.05535939314912,85.75975799560547,85.82246070107693,6522500
2023-08-16,85.55374145507812,85.9299577042025,85.49999139514418,85.77768067490206,8964600
2023-08-17,85.46417236328125,85.58957778732925,85.28501687601049,85.54478720699079,8162300
2023-08-18,85.65226745605469,85.76871337948577,85.48207147758602,85.51790256958374,6154600
2023-08-21,85.22230529785156,85.36562967275736,85.13273098057661,85.32979857903092,13362300
2023-08-22,85.3118896484375,85.3835518443184,85.15065312474704,85.24918693556249,6156200
2023-08-23,86.12704467773438,86.12704467773438,85.75082834401353,85.76874047863083,7831600
2023-08-24,85.92996215820312,86.10015816099751,85.85829996396518,85.9837053868401,8247700
2023-08-25,85.87621307373047,86.0643211952159,85.63435489319026,85.83142249686524,7917900
2023-08-28,86.0643310546875,86.09120267025202,85.92996614278158,86.08224318703607,6544500
2023-08-29,86.61968994140625,86.62864942399545,85.91204800076335,85.91204800076335,7386300
2023-08-30,86.5838623046875,86.73613933235515,86.54803120980996,86.69134875523758,8752300
2023-08-31,86.70928955078125,86.85260713229238,86.63762734298354,86.69137058178968,7230100
2023-09-01,86.26018524169922,86.73621390105163,86.20629727346713,86.70926991693558,8132400
2023-09-05,85.79312896728516,86.10749370591114,85.79312896728516,86.0895264824244,6111400
2023-09-06,85.71232604980469,85.90094084537128,85.60454322984222,85.89195723058516,8379200
2023-09-07,85.98176574707031,85.99074250791216,85.76620014206036,85.85601571790323,5077800
2023-09-08,86.02665710449219,86.24221582442793,86.00869673303428,86.16138387413508,4774200
2023-09-11,85.92787170410156,85.98176653209072,85.83805612743865,85.91889494317775,4077200
2023-09-12,85.95481872558594,85.98176956677635,85.8380591570521,85.96380233931608,4583400
2023-09-13,86.0805435180664,86.17934269052253,85.8560011902094,85.87396841383126,5953600
2023-09-14,85.96379852294922,86.20630811547029,85.93685453544448,86.18834088880767,5952800
2023-09-15,85.76618194580078,85.95479667080086,85.75720518686344,85.90090870722591,5667700
2023-09-18,85.89192962646484,85.90091323836378,85.64942692509817,85.65841053699711,6066200
2023-09-19,85.64045715332031,85.85601590631411,85.64045715332031,85.81111154453873,5327900
2023-09-20,85.59557342529297,85.95483581605704,85.59557342529297,85.8380762243078,6282700
2023-09-21,85.0117416381836,85.15544518997456,85.00275802479378,85.14646842907398,8028900
2023-09-22,85.37100982666016,85.40693057483294,85.08359587385374,85.1285002353143,7294200
2023-09-25,84.69735717773438,84.98477104382319,84.6883735671571,84.86800466377996,7485000
2023-09-26,84.589599609375,84.88599717434445,84.56265562210307,84.85006957381884,15549200
2023-09-27,84.29316711425781,84.88596199854913,84.12251964808698,84.85003441291153,14560500
2023-09-28,84.54468536376953,84.57163620256412,84.00578508018891,84.15847223758047,13334200
2023-09-29,84.46382904052734,84.93985760125047,84.40095747312027,84.8769860338434,13483500
2023-10-02,83.875732421875,84.21797647652751,83.8487146009849,84.14592437330943,8880000
2023-10-03,83.21826934814453,83.83969979367035,83.19125152937379,83.74963810734579,12058400
2023-10-04,83.80369567871094,83.80369567871094,83.35338029488393,83.55151329190315,14097800
2023-10-05,83.85771942138672,83.95678934146592,83.74964127095491,83.91175506096938,7129400
2023-10-06,83.53350067138672,83.74064876379462,83.19126346574235,83.27231693368422,9569500
2023-10-09,84.39810180664062,84.407110037567,83.89375081503447,83.95679468898524,4353100
2023-10-10,84.31704711914062,84.48816227665829,83.99281952316312,84.10989903844012,14553600
2023-10-11,84.70433044433594,84.70433044433594,84.44314668483653,84.6052605055166,15347000
2023-10-12,83.97479248046875,84.57822018494494,83.91174861537613,84.54219413756832,11189800
2023-10-13,84.33506774902344,84.4701637435761,84.22698957912777,84.37109380565533,7515500
2023-10-16,83.86672973632812,84.12791345291379,83.8487132751751,84.04685312025848,6332700
2023-10-17,83.26331329345703,83.47946962908847,83.17325158924439,83.31735581299868,8198300
2023-10-18,82.87602996826172,83.20025755422671,82.8039847379213,83.11920409336877,9352700
2023-10-19,82.56080627441406,83.0111215788949,82.50677063668155,82.75894610778823,11552700
2023-10-20,82.8580322265625,82.98411998677108,82.76797052230889,82.80399657826385,6629800
2023-10-23,83.18223571777344,83.30832344138888,82.4797450086972,82.58781627393009,12885800
2023-10-24,83.4794692993164,83.4794692993164,83.11020738085543,83.2453033722745,9165100
2023-10-25,82.8580322265625,83.17325162708396,82.78598011465257,83.15524203474027,8904400
2023-10-26,83.41641235351562,83.43442194295903,82.95708880314417,82.96609703349911,11574400
2023-10-27,83.3893814086914,83.43441568582232,83.19124845460689,83.36236359091924,7650000
2023-10-30,83.19125366210938,83.31734140044945,82.99311382435599,83.11920156269608,8166700
2023-10-31,83.13719940185547,83.4254008875098,83.13719940185547,83.26328712237515,12343600
2023-11-01,84.05592346191406,84.05592346191406,83.31518375931998,83.31518375931998,14404600
2023-11-02,84.56180572509766,84.69730834027911,84.3450056759769,84.62503935992243,11166700
2023-11-03,85.07669830322266,85.53740437391157,85.04056381807564,85.40190177759737,11890300
2023-11-06,84.65211486816406,84.90504933683926,84.57984590798618,84.85085106267954,8521600
2023-11-07,85.10379791259766,85.2393005096578,84.83279961042574,84.8598987514481,7306900
2023-11-08,85.39287567138672,85.47417999475032,85.13994113994276,85.1580049384963,6932200
2023-11-09,84.67921447753906,85.31155754470132,84.670186026427,85.29348685858237,9163200
2023-11-10,84.87796020507812,85.11283090736885,84.80569123638126,85.08573176709457,6102000
2023-11-13,84.86894226074219,84.88701295259533,84.48954043522139,84.58890856456486,9679500
2023-11-14,85.93486022949219,85.9980938483769,85.75419471609231,85.84452747279225,12149600
2023-11-15,85.4018783569336,85.56448004952897,85.32960940645866,85.54640936593701,10956800
2023-11-16,85.87161254882812,85.9980797658881,85.68191172323817,85.68191172323817,10145400
2023-11-17,86.04326629638672,86.14263439937092,85.84453009041833,86.0071318142154,9244000
2023-11-20,86.17878723144531,86.19685103040338,85.88068285901787,85.88068285901787,10051600
2023-11-21,86.26910400390625,86.33233762645109,86.07036779249448,86.22393417696796,7393800
2023-11-22,86.35041046142578,86.49494840920055,86.1516811211585,86.43171478003626,6329900
2023-11-24,85.95292663574219,86.10649300367959,85.92582749927644,86.03422404513944,2944300
2023-11-27,86.44073486328125,86.46783400071737,86.11553143015276,86.14263056758888,8854500
2023-11-28,86.82013702392578,86.83820081832822,86.33233187168983,86.36846635244221,9749400
2023-11-29,87.24472045898438,87.3260178828065,87.02791354489518,87.10018251625824,8006800
2023-11-30,86.95562744140625,87.09113000228828,86.83818867240011,87.06402397655464,8889100
2023-12-01,87.7202377319336,87.75647536234979,86.94114595703854,86.96832245194537,11774300
2023-12-04,87.38505554199219,87.57529794127254,87.24916613918562,87.49376844656187,9440200
2023-12-05,87.96482849121094,88.01012725476431,87.68399550971856,87.73834849668587,8850600
2023-12-06,88.19132232666016,88.3181505905692,88.01014106725353,88.0916705604999,11111200
2023-12-07,88.21849060058594,88.38155648349954,88.07354698889684,88.07354698889684,7157900
2023-12-08,87.77460479736328,87.93767070457493,87.62060002711405,87.86519543212033,6696600
2023-12-11,87.78367614746094,87.82896801429771,87.51189729994745,87.69308550216418,15008700
2023-12-12,88.04637145996094,88.04637145996094,87.71117855484286,87.8198914485188,11711400
2023-12-13,89.1515884399414,89.1878191568705,88.1731932039534,88.22754619096797,11194400
2023-12-14,89.87115478515625,89.98018011484032,89.58951468116213,89.65311105727322,12651200
2023-12-15,89.66219329833984,89.83480806314736,89.57133539619565,89.76213144551066,10079100
2023-12-18,89.48048400878906,89.56225473404105,89.41688763647517,89.56225473404105,11521000
2023-12-19,89.58950805664062,89.74395539699225,89.57133370396124,89.60767547783539,13787100
2023-12-20,89.91657257080078,89.980168939013,89.6621870979519,89.82572160642393,9994100
2023-12-21,89.90747833251953,90.18003813572427,89.78937278125547,90.1436963665314,9099100
2023-12-22,89.78939056396484,90.07103066663359,89.77121621002713,90.06194348966473,13234700
2023-12-26,89.97110748291016,90.01653644382736,89.84391471012549,89.880256492562,5418500
2023-12-27,90.54346466064453,90.57979950467993,90.2254758577129,90.30724658550487,6919900
2023-12-28,90.34358215332031,90.5343712630788,90.22546965812379,90.4344331201361,7172200
2023-12-29,90.17095947265625,90.33449398371994,90.06193415478567,90.12553052400575,7327600
2024-01-02,89.74394989013672,89.91657157257534,89.6985278741947,89.79845908186083,9754400
2024-01-03,89.78939056396484,89.889328716167,89.31695440237556,89.4441471539992,10002100
2024-01-04,89.42595672607422,89.53498202719769,89.33510577421299,89.4168695514431,9896600
2024-01-05,89.2170181274414,89.66219969897654,89.0989125503015,89.15342175029141,9038700
2024-01-08,89.55314636230469,89.68033907682874,89.22607740167624,89.2533319931481,7946500
2024-01-09,89.53498077392578,89.63491889901924,89.38961370779593,89.38961370779593,7157400
2024-01-10,89.36236572265625,89.76211825258527,89.36236572265625,89.70760213301439,7679400
2024-01-11,89.87115478515625,89.90749656171761,89.40781272984047,89.51683112803941,7275900
2024-01-12,90.03468322753906,90.27090129347684,89.90749048391518,90.07102500164369,6359400
2024-01-16,89.36236572265625,89.80754026549664,89.2805950090418,89.68943471414659,14489800
2024-01-17,89.11705780029297,89.22608310463193,88.9807848342237,89.18066109310334,8977500
2024-01-18,89.03527069091797,89.21697255238838,88.93533258766473,89.18063772527967,10575100
2024-01-19,89.05347442626953,89.05347442626953,88.73549257326178,88.9353688612908,9126000
2024-01-22,89.2170181274414,89.36238523606151,89.12616715029647,89.27153425891656,8712600
2024-01-23,88.99894714355469,89.03528890958147,88.87175442820251,89.026201735204,5642800
2024-01-24,88.79907989501953,89.33511233388205,88.76273812530988,89.2987705641724,11278500
2024-01-25,89.19883728027344,89.21700470037415,88.99896100174459,89.04438994922268,16521600
2024-01-26,89.09889221191406,89.2169977620943,89.0171284305932,89.2169977620943,5022800
2024-01-29,89.45320892333984,89.51680528108822,89.20791066673415,89.30784879055062,6423600
2024-01-30,89.62583923339844,89.66218100297563,89.29877023868758,89.61675205813319,6740000
2024-01-31,90.03468322753906,90.18005032395759,89.77121056389397,89.94383225801981,10829000
2024-02-01,90.54767608642578,90.72991678670925,90.22874443287408,90.39276384394404,11937400
2024-02-02,89.71846771240234,89.86426583881213,89.53622700642741,89.74580312309486,8422500
2024-02-05,88.98039245605469,89.21731095845807,88.89837926397591,89.19908271486813,7656800
2024-02-06,89.44511413574219,89.48155671835585,89.0988470325715,89.10796115424385,6608400
2024-02-07,89.26287078857422,89.55446012788042,89.24464949638431,89.29020620287821,8785200
2024-02-08,88.989501953125,89.15351442468298,88.95305241987735,89.09884360083032,12446900
2024-02-09,88.96217346191406,88.96217346191406,88.84371767441544,88.88016721334702,7120500
2024-02-12,88.98039245605469,89.07151281789045,88.861929728834,89.02594916095357,5696300
2024-02-13,88.1602783203125,88.47920300134815,88.1602783203125,88.42453218518109,15872600
2024-02-14,88.55213165283203,88.58858119313753,88.24231403625484,88.24231403625484,8776900
2024-02-15,88.76170349121094,88.88927339004832,88.59768405670027,88.83459561051939,7194500
2024-02-16,88.4792251586914,88.4792251586914,88.29698442447257,88.3425411320081,7723700
2024-02-20,88.56124877929688,88.7161541168193,88.53391336115047,88.59769832083848,8735700
2024-02-21,88.2969970703125,88.64325729573481,88.26966165146855,88.64325729573481,7785100
2024-02-22,88.36988830566406,88.47011584850921,88.24231144232556,88.32432464361183,7538200
2024-02-23,88.69792175292969,88.74348541575156,88.37899696929321,88.37899696929321,7737900
2024-02-26,88.50656127929688,88.707030259759,88.36077008116708,88.69791613736388,9374600
2024-02-27,88.38809967041016,88.58856863765881,88.33342884371979,88.4792200322401,9065300
2024-02-28,88.56124877929688,88.59769832083848,88.39722931837926,88.45190015467206,7942500
2024-02-29,88.70701599121094,88.89837081849846,88.65234516971088,88.73435140196096,16774100
2024-03-01,89.13292694091797,89.15120889906504,88.4749158981051,88.63941865880831,8994800
2024-03-04,88.91357421875,88.99582209615933,88.85874230047712,88.88615825961357,7428200
2024-03-05,89.39793395996094,89.48932280696016,89.19687431304939,89.27912915611415,6815500
2024-03-06,89.53502655029297,89.70867025167055,89.48019463302533,89.51674459618873,16536100
2024-03-07,89.72696685791016,89.78179878839258,89.53504812869748,89.76352380240651,7726600
2024-03-08,89.80919647216797,89.93714923812138,89.73608957058106,89.87316936888328,7168700
2024-03-11,89.70866394042969,89.84574372395487,89.64468407808853,89.81832776724983,11354600
2024-03-12,89.48021697998047,89.59902182123841,89.37968712486825,89.5807398625684,7471900
2024-03-13,89.31568908691406,89.49846678704665,89.31568908691406,89.39793696021704,5846600
2024-03-14,88.74908447265625,89.08723095401899,88.7399434940995,89.08723095401899,10541000
2024-03-15,88.73995208740234,88.83134096424855,88.66683819691562,88.78565001208763,5756800
2024-03-18,88.64852905273438,88.7581998462064,88.5754151904197,88.7125019391293,5227200
2024-03-19,88.86788940429688,88.95927827239662,88.74908457301957,88.78564151476421,5076600
2024-03-20,89.05066680908203,89.22430355247275,88.76735227692947,88.91358003191442,8681200
2024-03-21,89.11463928222656,89.27000104176211,89.02325042205995,89.21516912016676,10100300
2024-03-22,89.39793395996094,89.4801888030257,89.32482009335273,89.4801888030257,8359200
2024-03-25,89.23342895507812,89.3430997521744,89.16945606656911,89.3430997521744,11037700
2024-03-26,89.32482147216797,89.34310342536327,89.12376182215287,89.25171457695336,8830500
2024-03-27,89.61727142333984,89.6355533768315,89.37052083138093,89.37966180812676,9366800
2024-03-28,89.50762176513672,89.63556756974805,89.42536690644462,89.4984807869435,8863300
2024-04-01,88.85681915283203,89.22346021356061,88.81098552362597,89.20513095781617,8667400
2024-04-02,88.79265594482422,88.81098520050197,88.4901707769167,88.60016729067306,10624600
2024-04-03,88.84764862060547,88.86597787585319,88.44433507285773,88.52683420454693,6919300
2024-04-04,89.05848693847656,89.06764807086599,88.83849388297558,89.01265330360614,9327500
2024-04-05,88.61849975585938,88.91181680993614,88.61849975585938,88.69183076768611,12343600
2024-04-08,88.53599548339844,88.63682387050375,88.45350334480125,88.50849810386605,11457100
2024-04-09,88.83848571777344,88.89348747320885,88.75599357446559,88.75599357446559,5736500
2024-04-10,87.77519226074219,88.24266161006157,87.75685601573252,88.19683498399434,11248700
2024-04-11,87.79351806640625,88.02267216743289,87.619358711793,87.97684554316447,16217600
2024-04-12,87.95853424072266,88.17852028198439,87.95853424072266,88.06853075796862,17284600
2024-04-15,87.42688751220703,87.56438139884273,87.27106437086037,87.50938664148028,11705300
2024-04-16,87.17941284179688,87.24357572955545,86.98692417852114,87.08775257260322,17565900
2024-04-17,87.58272552490234,87.63772028721161,87.30773772689564,87.44523162589898,7567800
2024-04-18,87.3352279663086,87.60104761778325,87.28023320849647,87.58271836292242,7717500
2024-04-19,87.42688751220703,87.58271764678325,87.38106087881484,87.56438139884273,9121700
2024-04-22,87.48190307617188,87.56439522524104,87.37190655084898,87.38107467626689,9029000
2024-04-23,87.66522216796875,87.84854271389574,87.35357584124677,87.42689986367922,10837100
2024-04-24,87.43606567382812,87.5093966875495,87.26190626454746,87.42689754880536,7961000
2024-04-25,87.18858337402344,87.20691263107615,86.94109294781391,87.02359208762725,6758100
2024-04-26,87.38106536865234,87.50939113791144,87.35356798855824,87.371897244211,8442500
2024-04-29,87.64688110351562,87.69270773720866,87.49105096791638,87.62854485545472,7384600
2024-04-30,87.2894058227539,87.53688923886878,87.21607481307913,87.37189796371553,11228300
2024-05-01,87.597412109375,87.88245097958713,87.33996307689436,87.53304985125484,11017700
2024-05-02,87.9927749633789,88.02036479881923,87.55143580576565,87.597404834914,7607300
2024-05-03,88.44332122802734,88.69157363708365,88.20425841618666,88.56284912646782,9146700
2024-05-06,88.50769805908203,88.57206032498934,88.40655635337615,88.46172200559359,10155500
2024-05-07,88.69157409667969,88.88466086360398,88.61801522881527,88.75593635232111,7687000
2024-05-08,88.50769805908203,88.5904465374082,88.4801152329733,88.49850144539217,4587200
2024-05-09,88.67321014404297,88.75595862994038,88.44334388549035,88.45253348506017,6732500
2024-05-10,88.48929595947266,88.57205144446235,88.41574410221091,88.50768918500822,5326400
2024-05-13,88.53527069091797,88.70077464347443,88.52607407828704,88.67319182054169,5263200
2024-05-14,88.77433013916016,88.85707860481205,88.65479522438328,88.7283540927137,5243300
2024-05-15,89.36280059814453,89.44554907633633,89.16971380073616,89.28924171866682,5846300
2024-05-16,89.26162719726562,89.43632070529334,89.19726495431681,89.39954829357262,7894400
2024-05-17,88.97660827636719,89.18808827328827,88.97660827636719,89.11452940349312,5267100
2024-05-20,88.89386749267578,88.96742636882905,88.88467087941649,88.92145031749313,5263000
2024-05-21,89.05936431884766,89.14211278666778,89.03178149624094,89.11452996406108,5227900
2024-05-22,88.94902801513672,89.08694914623396,88.86627954545445,88.87547615818363,3823600
2024-05-23,88.70076751708984,89.03177539560899,88.60882244304774,89.03177539560899,5094900
2024-05-24,88.80191802978516,88.83869746604971,88.62721746126859,88.66399689753314,3072100
2024-05-28,88.3881607055664,88.90306583368549,88.37897110708906,88.88467260680946,6046100
2024-05-29,88.04794311523438,88.2042504332699,87.92840821265267,88.18586422554299,8249100
2024-05-30,88.46172332763672,88.48011655529133,88.2870227397228,88.34219540772565,5568800
2024-05-31,88.74674987792969,88.81111214092343,88.64561519176284,88.69158422820949,8762900
2024-06-03,89.28353881835938,89.28353881835938,88.89614622726657,88.91459717954437,6095500
2024-06-04,89.60638427734375,89.68939247404906,89.41269144805301,89.46803024585655,3979100
2024-06-05,89.88308715820312,89.88308715820312,89.50492697044449,89.7355146820222,4602500
2024-06-06,89.91075897216797,89.9292028918754,89.7539539882531,89.7539539882531,6568700
2024-06-07,89.11753845214844,89.30200580071634,89.11753845214844,89.30200580071634,5365000
2024-06-10,89.04375457763672,89.0898678993345,88.94229541813137,89.02530361937461,8235900
2024-06-11,89.34814453125,89.40348333980542,89.06221093409428,89.136000703488,4650200
2024-06-12,89.77242279052734,90.21514732129515,89.75397183017395,90.0214544594618,7627000
2024-06-13,90.22434997558594,90.32580912092278,90.00298776620453,90.11366535240636,7094800
2024-06-14,90.31659698486328,90.43650710359901,90.25203270438203,90.25203270438203,6239500
2024-06-17,89.99375915527344,90.0214285508606,89.88307453594729,89.99375915527344,5265000
2024-06-18,90.31659698486328,90.42728162439346,90.09523474278171,90.113678664214,7030700
2024-06-20,90.1597900390625,90.1782339586569,89.94764626034728,89.97532269520603,5621600
2024-06-21,90.16900634765625,90.37192462744954,90.0675472077596,90.28890940527165,4715000
2024-06-24,90.24280548095703,90.2612564390115,90.13212788054483,90.22436155988122,5017300
2024-06-25,90.23358154296875,90.27969486133894,90.12289691231945,90.18746118762031,5701300
2024-06-26,89.82776641845703,89.92000011423532,89.80932249409335,89.86466130416433,4964100
2024-06-27,89.97533416748047,90.08601177311502,89.96610868801793,89.98455260996403,5276500
2024-06-28,89.53257751464844,90.20589658692711,89.53257751464844,90.17822015630442,12781500
2024-07-01,89.05242919921875,89.43177280536332,89.0246737273289,89.21896908942658,12238900
2024-07-02,89.34848022460938,89.44100079741392,89.22820418585019,89.41324533145928,5441900
2024-07-03,89.82957458496094,89.90359385286419,89.53350457221381,89.56126709182698,4061100
2024-07-05,90.28296661376953,90.3292233770752,90.03315326821978,90.16268349966477,3489900
2024-07-08,90.31072235107422,90.34773199714931,90.16268376677385,90.29221399860256,4602900
2024-07-09,90.22742462158203,90.31069806757678,90.06088478845885,90.21817750670087,5004600
2024-07-10,90.31996154785156,90.36621830362263,90.19967845333926,90.31070737315052,4586000
2024-07-11,90.78255462646484,90.95834155998895,90.75479210750929,90.83806554664449,3789000
2024-07-12,91.03238677978516,91.03238677978516,90.79182762564623,90.82883726927282,6329000
2024-07-15,90.71781158447266,90.93060820279717,90.69930323400338,90.81033216021667,6984700
2024-07-16,91.08788299560547,91.08788299560547,90.80106712743479,90.83807676508046,8936100
2024-07-17,91.15264129638672,91.19890510470898,90.88433379648909,90.912089257936,5680400
2024-07-18,90.90287780761719,91.18969378918979,90.86586815533856,91.01390676445307,10584200
2024-07-19,90.71781158447266,90.76406834291093,90.64379230033045,90.70855740923801,7735700
2024-07-22,90.68081665039062,90.85660365515584,90.5420322348307,90.78259141787666,11657500
2024-07-23,90.67154693603516,90.83808679439481,90.65304564460293,90.7640675109311,7225900
2024-07-24,90.39397430419922,90.84733710196322,90.39397430419922,90.50500322466803,6578500
2024-07-25,90.64376831054688,90.80105395357124,90.50498395422778,90.52348524093306,12766200
2024-07-26,90.96761322021484,91.00462286040444,90.83808300898484,90.93985775478943,4243800
2024-07-29,91.11565399169922,91.17116492389691,91.01387924342528,91.17116492389691,6822600
2024-07-30,91.20817565917969,91.26368659204331,91.02312745152199,91.1526576674487,5845800
2024-07-31,91.69851684570312,91.70777101835951,91.27291666876076,91.42094813693548,11725100
2024-08-01,92.08274841308594,92.1755536360339,91.88785532071981,91.88785532071981,9642700
2024-08-02,93.11292266845703,93.15004618172514,92.62104850868032,92.69528845463039,9397500
2024-08-05,93.03865814208984,93.63262008148781,92.82519975109454,93.56765571563443,12066100
2024-08-06,92.48182678222656,92.95514267283578,92.46326148737148,92.93657737798071,10945200
2024-08-07,92.20341491699219,92.44471421457,92.10132702496259,92.3519089710666,8085200
2024-08-08,92.06417846679688,92.13842547363632,91.94353239112098,91.9806558945407,5558000
2024-08-09,92.3890151977539,92.52821949666951,92.32405083139834,92.47253777710327,3879200
2024-08-12,92.54679870605469,92.6024804339935,92.25910033758949,92.3147820655283,7300600
2024-08-13,92.91802215576172,92.91802215576172,92.7416872518872,92.84377513512133,3925500
2024-08-14,93.08504486083984,93.1778500668853,92.93655086670044,92.94583351147999,9871500
2024-08-15,92.69526672363281,92.7138320162076,92.48181542311428,92.52821449338224,8628400
2024-08-16,92.91802215576172,92.91802215576172,92.66744023124681,92.83449248739488,6507900
2024-08-19,93.0201187133789,93.12219952554675,92.84378379306067,92.87162465825065,4690300
2024-08-20,93.29852294921875,93.32636381097807,93.11291248376642,93.1871595021815,5516700
2024-08-21,93.47486114501953,93.64191340205335,93.20572100421029,93.3727732612441,6366700
2024-08-22,93.09434509277344,93.33564435689672,93.02010515661532,93.30780349576428,7893700
2024-08-23,93.521240234375,93.5583637369576,93.20570108329908,93.28922365367184,6179500
2024-08-26,93.4377212524414,93.6604551959069,93.41916304072944,93.6604551959069,6653200
2024-08-27,93.465576171875,93.4934170339237,93.20571868530654,93.25212484244467,7965400
2024-08-28,93.38207244873047,93.52127678709297,93.36350714989088,93.46559505174797,6960300
2024-08-29,93.26139831542969,93.31708711886219,93.13146957506271,93.2242748066698,6912700
2024-08-30,93.03865814208984,93.4006034776422,93.01081728252194,93.27995739265303,7213200
2024-09-03,93.43152618408203,93.58978832314605,93.31050344880191,93.39428678029815,6837200
2024-09-04,93.84115600585938,93.88769993529917,93.46876905688964,93.49669683509157,10867700
2024-09-05,94.08319091796875,94.13905357078839,93.79459443871028,94.04595151698548,11921900
2024-09-06,94.20423889160156,94.58593039549142,93.99942569808907,94.14837622802216,8830200
2024-09-09,94.34386444091797,94.42765487308242,94.07389119970658,94.16698615557497,7569300
2024-09-10,94.63246154785156,94.67900547124893,94.31593019637846,94.34385797095474,5979300
2024-09-11,94.60454559326172,94.81866329355825,94.45558797332478,94.50213900522763,4184400
2024-09-12,94.52074432373047,94.63246252587959,94.38109834671641,94.54867209859539,6419400
2024-09-13,94.71625518798828,94.79073399676345,94.60454407751565,94.73487844152714,5330600
2024-09-16,94.93968963623047,94.99554519030302,94.72556484113571,94.8000436483591,8425900
2024-09-17,94.84659576416016,94.98624176408745,94.8000518326448,94.9490023572608,9256000
2024-09-18,94.5486831665039,94.98623729777978,94.52075538836975,94.66040138173081,6280000
2024-09-19,94.5579833984375,94.59522279902548,94.371793498187,94.40903289877498,5079800
2024-09-20,94.47421264648438,94.63247479302731,94.3252550243096,94.42766161388217,8464900
2024-09-23,94.43697357177734,94.57661246469245,94.20423261333167,94.34387150624677,8428100
2024-09-24,94.56729888916016,94.60453829127009,94.23215137286047,94.2786952984806,5803600
2024-09-25,94.20423889160156,94.42766823784662,94.20423889160156,94.41835661013491,9259100
2024-09-26,94.22285461425781,94.35318899086343,94.02735304934939,94.32526121054663,8124400
2024-09-27,94.49281311035156,94.54866865804887,94.33455099008307,94.40902978880561,5033300
2024-09-30,94.27870178222656,94.47421043242169,94.15767904406357,94.43697102775072,9105400
2024-10-01,94.52803802490234,94.73346686886997,94.45333274112068,94.5653835425052,8811400
2024-10-02,94.33193969726562,94.41598492688938,94.13584366052797,94.20120900610719,11700900
2024-10-03,93.94908142089844,94.21054278611393,93.93040153807569,94.1731901447563,8751200
2024-10-04,93.34209442138672,93.5101777110574,93.27672909341959,93.47282507732098,9639700
2024-10-07,93.02462005615234,93.16468354587835,92.98726741746295,93.04329281335336,6382100
2024-10-08,93.18336486816406,93.18336486816406,92.90322363580577,92.9312363341841,7340100
2024-10-09,92.9405746459961,93.07130531899516,92.88454925022144,93.04329262110784,8218300
2024-10-10,92.88455963134766,92.95926491692143,92.66045089891449,92.86587974781014,5757700
2024-10-11,92.91255950927734,93.02461742217262,92.78182883970977,92.82852141782126,4878600
2024-10-14,92.82853698730469,92.83786980506258,92.60442112392475,92.63243382577515,3512600
2024-10-15,93.20204162597656,93.23005432555722,93.08065088636441,93.13667628552574,7158700
2024-10-16,93.32343292236328,93.41681095582341,93.25806758651247,93.34210567934039,4741300
2024-10-17,92.86587524414062,93.06197839033351,92.83786254448101,93.00594586672648,5306300
2024-10-18,92.93123626708984,93.08064682404972,92.91256350961359,93.0339542439279,4973000
2024-10-21,92.28693389892578,92.64177332782619,92.28693389892578,92.61376062610883,6873900
2024-10-22,92.30559539794922,92.4550059545991,92.23089011962428,92.38030067627416,11401800
2024-10-23,92.0721435546875,92.22155410615801,91.96009276537183,92.04413085735858,19659700
2024-10-24,92.24957275390625,92.39897619072659,92.0721494936624,92.14685477421641,7559300
2024-10-25,92.06280517578125,92.4363244365062,92.01611972087021,92.41765167939926,9028500
2024-10-28,91.91339874267578,92.11883468557599,91.78266807433694,92.10949474518405,7362900
2024-10-29,92.01611328125,92.03478603705015,91.59590147073462,91.62392129086511,5421700
2024-10-30,91.92274475097656,92.3896420613748,91.8853921112302,92.21221880365145,11188400
2024-10-31,91.90406036376953,92.05347091543081,91.65193896320015,91.81068233112485,12754500
2024-11-01,91.53873443603516,92.1569825000223,91.50126377355137,92.07267886953237,10387300
2024-11-04,91.92280578613281,92.15699209092998,91.7541913608069,92.03521778528304,6629800
2024-11-05,92.13823699951172,92.16633820548367,91.66986450852063,91.88531185217019,6663000
2024-11-06,91.41695404052734,91.63240856557073,91.20150666228216,91.26707853567828,9158100
2024-11-07,92.11013793945312,92.30685353263668,91.70733730194476,91.763539715198,17402300
2024-11-08,92.2693862915039,92.47547134345983,92.14761200934697,92.25065453532494,6199800
2024-11-11,92.06330871582031,92.1101488302677,91.95090387602343,92.08204762031849,4501200
2024-11-12,91.52935028076172,91.93215090426027,91.47314786946325,91.78227542519872,16775400
2024-11-13,91.51063537597656,91.98837025357375,91.39822338588401,91.96026904275018,15834900
2024-11-14,91.4731674194336,91.79165734725629,91.39822609048761,91.66051359500007,7312000
2024-11-15,91.48253631591797,91.68861424906846,91.1078368202652,91.27645123596903,11844300
2024-11-18,91.56683349609375,91.63240536720113,91.30454601166421,91.37948733487207,5260600
2024-11-19,91.69798278808594,91.84786544357289,91.67925102954925,91.75418521049436,4735900
2024-11-20,91.60429382324219,91.7354375506618,91.49188185111231,91.51062075319919,5551100
2024-11-21,91.55744934082031,91.81037447933016,91.49187748024309,91.66049185698407,6348500
2024-11-22,91.623046875,91.7260894200372,91.53874323640527,91.67925644752862,4989600
2024-11-25,92.44737243652344,92.45673474144718,92.20381671935075,92.29748979617175,9246200
2024-11-26,92.30685424804688,92.30685424804688,92.0820374464943,92.26001413877468,11303100
2024-11-27,92.55978393554688,92.67219592390583,92.40990843119977,92.55042162994891,8749800
2024-11-29,92.92511749267578,92.94385639817956,92.81271264684688,92.87828452251321,9623200
2024-12-02,92.93638610839844,93.59417362763841,92.63568221826785,93.39683737186641,18397600
2024-12-03,92.75784301757812,93.0867367853831,92.72025413420808,93.00216717481028,6889800
2024-12-04,93.0585708618164,93.1149506167064,92.5417397135122,92.57932143720667,7448900
2024-12-05,93.0773696899414,93.13374944531411,92.88942522311847,92.992792887534,8786700
2024-12-06,93.3404769897461,93.44384464554098,93.1619315534917,93.40625575531122,12890600
2024-12-09,93.06796264648438,93.23710906736076,93.05856363161688,93.21831103762575,10689000
2024-12-10,92.95518493652344,93.02096369408844,92.84242544889594,92.90820420646094,5984500
2024-12-11,92.73905181884766,93.1713132219909,92.7108619487606,93.10553446867227,8095800
2024-12-12,92.3631820678711,92.63569612943591,92.32559317979174,92.5887082269999,12353100
2024-12-13,92.0154800415039,92.30679209952582,91.96849931361727,92.278595059578,6566300
2024-12-16,92.1000747680664,92.1846443963484,91.97790907919516,92.1564545202544,7124100
2024-12-17,92.1000747680664,92.21283427244241,92.04368784653047,92.0906757529191,7239200
2024-12-18,91.3986587524414,92.19999366980291,91.35152605835576,92.06801061830411,14261400
2024-12-19,91.16297912597656,91.27611054507653,90.97443395334724,91.2195484317952,15490100
2024-12-20,91.40808868408203,91.6532031493359,91.38923704484877,91.49293904197398,8657700
2024-12-23,91.1252670288086,91.41751417586936,91.06869772846322,91.39865534490869,10540800
2024-12-24,91.22896575927734,91.23839517516392,90.94614801551255,90.97442907063534,4739300
2024-12-26,91.29496002197266,91.33267049411238,90.98386121375988,90.99328343739198,10620200
2024-12-27,91.10641479492188,91.34209985123996,91.07813373896964,91.24782726722016,8601300
2024-12-30,91.46465301513672,91.52122231928385,91.40809090352666,91.44580137544573,10154500
2024-12-31,91.35151672363281,91.64376385172598,91.28552520462674,91.58720174758824,12276700
2025-01-02,91.3609390258789,91.64375671708585,91.23837821974054,91.51177368934883,5547700
2025-01-03,91.26667785644531,91.51179232610504,91.2478262168732,91.47408185442377,5331000
2025-01-06,91.17237854003906,91.25722887457646,91.04982493741277,91.18180795332876,9248300
2025-01-07,90.85187530517578,91.14412246441194,90.72931447643528,91.07813093837355,9153300
2025-01-08,90.95555114746094,90.99325441503805,90.71986616616236,90.75756943373948,7444500
2025-01-10,90.44649505615234,90.71989057111017,90.36164469994078,90.36164469994078,9822000
2025-01-13,90.36165618896484,90.45592878032426,90.25795418070818,90.44650655596469,10420700
2025-01-14,90.3899154663086,90.43705534689808,90.26736184632625,90.37106382959436,5487600
2025-01-15,91.17237854003906,91.38921189049245,91.02154389007862,91.38921189049245,9563000
2025-01-16,91.37037658691406,91.47407858219364,90.97442743723028,91.09698107140761,9810800
2025-01-17,91.37037658691406,91.54007010714093,91.3232438934013,91.51178905252593,5360200
2025-01-21,91.67205810546875,91.70976857783664,91.53064563222348,91.5872149370439,7725900
2025-01-22,91.45523834228516,91.68149399994259,91.40809845036009,91.64378352491006,7283400
2025-01-23,91.30438995361328,91.3703814820961,91.18183631287013,91.22896900890804,7707000
2025-01-24,91.45523834228516,91.54951093359762,91.25726374276769,91.32325527594018,6459400
2025-01-27,91.96430969238281,91.97373191578751,91.73804686500492,91.90774038926986,7602000
2025-01-28,91.9360122680664,91.94544168306686,91.71918607080937,91.76631876073922,5730300
2025-01-29,91.87946319580078,92.05858614353616,91.65320755145001,91.9925946142448,5912800
2025-01-30,92.01144409179688,92.13400492369827,91.93602314794019,92.03030292402958,6802900
2025-01-31,91.82288360595703,92.13398955306153,91.69090057249498,92.03028757069336,10750100
2025-02-03,91.909912109375,92.25988556372718,91.7964126663156,92.07070779797172,9977100
2025-02-04,92.0801773071289,92.10855217061068,91.74912520585063,91.76803937604028,8483500
2025-02-05,92.57203674316406,92.6949968962467,92.37340547292521,92.41123381510839,9716700
2025-02-06,92.47743225097656,92.58147821948049,92.34501142131595,92.47743225097656,6629400
2025-02-07,92.1842269897461,92.30718714190799,92.08964170220656,92.24097671899084,6422300
2025-02-10,92.21258544921875,92.39230251504756,92.13692156248509,92.288256552346,6038700
2025-02-11,92.00450134277344,92.07071175953824,91.95721231159527,92.00450134277344,8001100
2025-02-12,91.5221176147461,91.63561706685408,91.38023608321664,91.53157109149211,6404900
2025-02-13,92.07070922851562,92.15584102852678,91.59777563136961,91.90046006128131,7041200
2025-02-14,92.4112319946289,92.5814883966789,92.38285713035303,92.45852824601855,6257500
2025-02-18,92.0423355102539,92.2977236970647,92.0423355102539,92.18421703443833,8159400
2025-02-19,92.17474365234375,92.22203989269211,92.00448729003998,92.00448729003998,5604800
2025-02-20,92.316650390625,92.38286081537467,92.22206510046765,92.2599006598096,27958700
2025-02-21,92.71388244628906,92.8652246338817,92.41120528749649,92.45850152521736,7070600
2025-02-24,92.87471008300781,92.92199911694217,92.63824326415211,92.65715743444694,7298300
2025-02-25,93.4516830444336,93.4611365207106,93.22466971869167,93.30980151994342,5801200
2025-02-26,93.6030044555664,93.65975417056569,93.30978797287932,93.4232874028779,5035900
2025-02-27,93.46113586425781,93.57464252633152,93.38547197260272,93.42330031023323,6263200
2025-02-28,93.87730407714844,93.91513962485952,93.56516622082665,93.71650841167099,14453000
2025-03-03,94.08035278320312,94.10881482066867,93.54903487577455,93.60596618927063,7533500
2025-03-04,93.84317016601562,94.30806705417865,93.74828704557902,94.21319117230784,7532400
2025-03-05,93.52056884765625,93.98546566307411,93.50159656967712,93.900079554321,7302600
2025-03-06,93.42570495605469,93.56802239411698,93.19800139829438,93.46365675544234,9946200
2025-03-07,93.31184387207031,93.90957562779688,93.26440955465029,93.78623047766148,6450700
2025-03-10,93.75777435302734,93.91906407184564,93.67238823314669,93.74828459351873,12318600
2025-03-11,93.42570495605469,93.87162955065257,93.37826339717873,93.71033259361367,10187900
2025-03-12,93.15054321289062,93.38773648780239,93.13157093586597,93.26439859073142,8436700
2025-03-13,93.43518829345703,93.45416057256404,92.9892637295089,93.06516008450203,7959500
2025-03-14,93.24543762207031,93.37826530335578,93.21697558158996,93.30236170303101,8949800
2025-03-17,93.36878204345703,93.59648560406384,93.31185072438106,93.44467840461552,10605800
2025-03-18,93.46365356445312,93.56801919956456,93.24543253506593,93.26441205339457,9022000
2025-03-19,93.73880004882812,93.76726208817387,93.29287546290362,93.37826158094084,6763800
2025-03-20,93.79573059082031,94.16575160494338,93.73880650820628,94.13728956363636,6556800
2025-03-21,93.6818618774414,93.96649672720474,93.6818618774414,93.8905931354592,5028800
2025-03-24,93.32133483886719,93.58699018326628,93.28338304130085,93.54903838569994,4894800
2025-03-25,93.40672302246094,93.51108865843766,93.3023573864842,93.33082666421319,5663000
2025-03-26,93.17901611328125,93.35928533957589,93.16952635438018,93.32133354253675,6744000
2025-03-27,93.13157653808594,93.1979903695137,92.98925911686509,93.13157653808594,9513000
2025-03-28,93.67237091064453,93.75775701473503,93.4161981212445,93.49210170614558,8534000
2025-03-31,93.85264587402344,94.01393558535165,93.64391460592091,93.90957718986566,13350700
2025-04-01,94.20008850097656,94.36190987029552,93.87644576233863,94.05730194940219,10295200
2025-04-02,94.09538269042969,94.43806752323408,93.87644959650943,94.39999062376404,8225100
2025-04-03,94.59037017822266,94.93305499311978,94.28576226080583,94.68555879071062,9905000
2025-04-04,94.67604064941406,95.71361616584922,94.65700583130393,95.11391409020545,14914300
2025-04-07,93.47665405273438,94.53326450361703,93.28627680096837,94.44759691905031,21796300
2025-04-08,92.99118041992188,93.94308110674699,92.94358248061026,93.3814559250587,13173300
2025-04-09,93.20059967041016,93.27674620586133,91.98216069165466,92.40099931755267,16244400
2025-04-10,92.46762084960938,93.15299042244804,92.4390649944786,92.97212699005311,9940000
2025-04-11,92.37245178222656,92.49619626810745,91.52526067617869,92.01073210335635,8437400
2025-04-14,92.91503143310547,92.99118523497691,92.59138140636496,92.75321005094835,7940600
2025-04-15,93.10538482666016,93.24817135298817,92.81981903642857,92.90548659477072,10074400
2025-04-16,93.40050506591797,93.46713782853547,93.01974330992088,93.17204365486386,10105000
2025-04-17,93.16253662109375,93.39099078626127,93.10541763298164,93.34339283990568,5589400
2025-04-21,92.60089874267578,93.1244470315644,92.60089874267578,92.91502771600895,7925700
2025-04-22,92.77225494384766,93.06734188010859,92.76273390197332,92.91504152225448,6521400
2025-04-23,93.00070190429688,93.73366956084769,92.95311122346759,93.60040403464326,13376700
2025-04-24,93.51471710205078,93.5242381419566,93.28626298129005,93.34337469587385,8524400
2025-04-25,93.85740661621094,93.88596247493335,93.62895248400574,93.73366214093852,9058900
2025-04-28,94.11441802978516,94.14297388673569,93.76221218173592,93.78124699889445,4890800
2025-04-29,94.3428955078125,94.3428955078125,94.00021061470396,94.00973165685343,6731100
2025-04-30,94.25719451904297,94.39998106198628,94.12392901560928,94.22863866293936,7370300
2025-05-01,94.00029754638672,94.4204983010864,93.85704662673506,94.38229757010966,6912600
2025-05-02,93.54190063476562,93.91434867244541,93.41775371755396,93.64695082857735,9879200
2025-05-05,93.37956237792969,93.50371659367504,93.25541544822985,93.49416458799182,14273800
2025-05-06,93.6087646484375,93.6087646484375,93.25542056527051,93.37956750178243,11730100
2025-05-07,93.75199890136719,93.91434654775064,93.67559743740628,93.74245418290555,6557000
2025-05-08,93.26495361328125,93.80930127971483,93.25540160901555,93.79019727118344,7814200
2025-05-09,93.36045837402344,93.56100676146283,93.34135436414638,93.45595656527387,5739200
2025-05-12,93.0453109741211,93.26496337896504,92.94981277959793,93.06440769860764,10768200
2025-05-13,92.94981384277344,93.15991424475467,92.8638603664878,93.11216150392428,6305500
2025-05-14,92.68242645263672,92.95936906539923,92.64422571286525,92.90207159876506,7350600
2025-05-15,93.2076644897461,93.2076644897461,92.8447684133389,92.93071460799626,7638900
2025-05-16,93.26495361328125,93.5132474358338,93.2267528822629,93.50370271761254,5262500
2025-05-19,93.236328125,93.26498414717874,92.73018102387793,92.76838176740276,7232700
2025-05-20,93.07396697998047,93.1503684559898,92.90206730198236,93.13126444396458,7496600
2025-05-21,92.46276092529297,92.90205844137965,92.38635945657049,92.7970082433975,12393200
2025-05-22,92.73014831542969,92.73970031945335,92.30995485696387,92.41499775704713,6084800
2025-05-23,92.86385345458984,92.9975523757093,92.71105781018677,92.95935164309735,5210500
2025-05-27,93.28406524658203,93.34136270924593,93.03576409829581,93.12171757833725,7461500
2025-05-28,93.1121597290039,93.27450738706005,92.99755752482272,93.16945718807192,4909200
2025-05-29,93.45596313476562,93.5323646075546,93.30316018918768,93.34136092558217,7724100
2025-05-30,93.68516540527344,93.68516540527344,93.39867079567011,93.45596826038161,15488400
2025-06-02,93.43891906738281,93.5155729319694,93.1610616009575,93.1610616009575,28390000
2025-06-03,93.37183380126953,93.65928209235035,93.29518725907985,93.51555794680995,7177600
2025-06-04,93.92757415771484,93.98506089855204,93.60180621281799,93.65929295365518,7761500
2025-06-05,93.68803405761719,94.0138093047476,93.67845049767132,93.92757188546346,10456500
2025-06-06,93.2089614868164,93.44849932259055,93.18021811614184,93.38142902097837,6299900
2025-06-09,93.32394409179688,93.45808469762598,93.19937973630218,93.21854685720048,7096500
2025-06-10,93.53474426269531,93.64971775463468,93.42934702167409,93.63055794268318,4990900
2025-06-11,93.85091400146484,93.87966468006954,93.6113761838908,93.69761359947677,5992400
2025-06-12,94.19584655761719,94.20543011689917,94.01380279194287,94.1287762628711,5726200
2025-06-13,93.86050415039062,94.05213880397183,93.66887680692399,94.00422831304789,8050300
2025-06-16,93.66886901855469,93.96589356926538,93.65928545914385,93.79342605043989,5680900
2025-06-17,93.95630645751953,94.0138005016969,93.66886547708737,93.85090923832696,5312000
2025-06-18,94.02339172363281,94.28209668834496,93.92757804823066,94.10004558800047,5907900
2025-06-20,94.10963439941406,94.19586451905275,93.85092942026749,93.89883991569916,6213000
2025-06-23,94.30125427246094,94.52163229978504,94.1862807887394,94.28209446187891,5884600
2025-06-24,94.68450164794922,94.68450164794922,94.22458585376833,94.24375297150405,7907600
2025-06-25,94.6749267578125,94.6749267578125,94.39706200611094,94.49288298333606,8434800
2025-06-26,94.93363952636719,94.9527993373232,94.64619119122334,94.66535831229417,9775100
2025-06-27,94.66535949707031,94.95280052569679,94.6270325645638,94.73242980142798,25931600
2025-06-30,95.0486068725586,95.07735755230766,94.79949279564822,94.90489002438505,14036800
2025-07-01,94.96114349365234,95.11493847371355,94.84579175833298,95.03804465053193,18480200
2025-07-02,94.84577941894531,94.8746155155991,94.72082055554655,94.85539389572891,8756000
2025-07-03,94.65354919433594,94.76889359960643,94.59587699170069,94.71122139697118,4583200
2025-07-07,94.3171157836914,94.51897582660062,94.25943624736149,94.5093613482626,8088100
2025-07-08,94.27865600585938,94.27865600585938,94.13446817964939,94.15368980075189,7804200
2025-07-09,94.67276763916016,94.67276763916016,94.32671976756906,94.40362092429996,11043600
2025-07-10,94.64392852783203,94.66315748325198,94.49013355296097,94.60547795068983,5125300
2025-07-11,94.24983215332031,94.44207772411394,94.22098871737268,94.36517656231712,6106500
2025-07-14,94.2402114868164,94.32671978788383,94.13447422971313,94.21137538646059,6231400
2025-07-15,93.96144104003906,94.35555392928192,93.91337598838112,94.35555392928192,9681000
2025-07-16,94.09601593017578,94.22097479936329,93.90377038778001,94.09601593017578,23556800
2025-07-17,94.13447570800781,94.25943458941134,94.06718902822159,94.18254076515429,8355500
2025-07-18,94.30748748779297,94.36515968197477,94.2402008166818,94.34593806181321,8443800
2025-07-21,94.5670394897461,94.72084181802046,94.54781786556113,94.64394065388328,6865700
2025-07-22,94.7496566772461,94.81694334735506,94.61508333702815,94.66314838726186,6172700
2025-07-23,94.5381851196289,94.66315132063009,94.50934902207393,94.63430788937788,7466900
2025-07-24,94.48052215576172,94.54780883452999,94.2882692637824,94.30749821982931,9643800
2025-07-25,94.63431549072266,94.66315892429168,94.4420699357829,94.49013499136676,5530400
2025-07-28,94.50934600830078,94.60546877498454,94.47089543488788,94.54779658171368,7032200
2025-07-29,95.01881408691406,95.01881408691406,94.60547954280165,94.60547954280165,12015200
2025-07-30,94.7496566772461,94.98996726102055,94.70159162701239,94.84577944401647,8305400
2025-07-31,94.7977294921875,94.99958951904839,94.74966443801688,94.89385226683112,19774600
2025-08-01,95.61752319335938,95.63681670755925,95.33782610401859,95.35711961821848,12416200
2025-08-04,95.69469451904297,95.71398067733871,95.51144290279073,95.63682868583514,6717900
2025-08-05,95.72361755371094,95.78148338094503,95.58859238461814,95.6078785409229,9092400
2025-08-06,95.68504333496094,95.76220268121621,95.3281868772705,95.61753074656764,8102700
2025-08-07,95.6078872680664,95.79113888212817,95.56930759361549,95.70434013335398,7869300
2025-08-08,95.42464447021484,95.59824932873606,95.37641803683427,95.48251030361504,8238100
2025-08-11,95.49214935302734,95.59824161124347,95.42463676673708,95.49214935302734,9698300
2025-08-12,95.49214935302734,95.49214935302734,95.28961159415657,95.39570385237269,12239500
2025-08-13,95.83936309814453,95.87794277170316,95.73327083543839,95.75255699305752,5386800
2025-08-14,95.56929779052734,95.7429026285886,95.5017852067435,95.65610388871785,5208500
2025-08-15,95.42464447021484,95.57895581205558,95.3571318784744,95.55002289535548,6884600
2025-08-18,95.31855010986328,95.48250820644309,95.24139076147732,95.47286144831473,7906400
2025-08-19,95.50178527832031,95.52107879274145,95.39570038228314,95.42463329559507,9946800
2025-08-20,95.5596694946289,95.63682884458115,95.46322398634891,95.47286338635247,5615200
2025-08-21,95.33782958984375,95.47285476090109,95.22209793369173,95.44392184686308,7129200
2025-08-22,95.86829376220703,95.9165128342826,95.48250439400157,95.51143730891096,9451400
2025-08-25,95.72361755371094,95.81041629456209,95.63681881285979,95.68503788278159,5624900
2025-08-26,95.83936309814453,95.85864925576368,95.63682533070198,95.7139773194989,4696000
2025-08-27,95.9358139038086,95.9358139038086,95.64647001529136,95.69469644948448,7320800
2025-08-28,96.0515365600586,96.07083007525384,95.87793907322178,95.89722523009696,7068500
2025-08-29,95.92616271972656,96.0033220675475,95.86829688802108,95.93580947778429,9181400
2025-09-02,95.67167663574219,95.74908312083738,95.59426276805424,95.62329112278903,8529800
2025-09-03,96.02003479003906,96.11679843650917,95.74908624429254,95.74908624429254,8400000
2025-09-04,96.40707397460938,96.4167525524881,96.12645427686077,96.22322529046443,6297100
2025-09-05,96.86187744140625,96.98767681421069,96.84252766698604,96.90058437283898,7617200
2025-09-08,97.19087982177734,97.20055101740815,97.0554092570252,97.08443760910178,7202700
2025-09-09,96.9973373413086,97.2102217494771,96.91993086954945,97.13280789512646,7090000
2025-09-10,97.19087982177734,97.33602158216028,97.0941088047326,97.16185146970075,5952400
2025-09-11,97.37472534179688,97.51987448004564,97.27796171049498,97.29731886631046,6776500
2025-09-12,97.28764343261719,97.28764343261719,97.09410878116677,97.22958672847811,6525900
2025-09-15,97.45214080810547,97.4811691597159,97.36505575327418,97.41343387842757,5039000
2025-09-16,97.49085998535156,97.70374443402824,97.3940963402966,97.49085998535156,8264600
2025-09-17,97.3166732788086,97.7521133317213,97.23925941703988,97.6069715691452,7878300
2025-09-18,97.04572296142578,97.16184374308995,96.9199309848999,97.02636580651934,7123700
2025-09-19,97.04572296142578,97.11345823841533,96.96830910698301,97.05540153887901,7238500
2025-09-22,96.92961883544922,97.04573963706673,96.88124070505316,97.01671128231054,5642100
2025-09-23,97.08443450927734,97.11346286042708,96.91993559770093,96.99734207323628,8095500
2025-09-24,96.90058898925781,97.01670978908807,96.87156063494841,97.00703121012072,6610800
2025-09-25,96.76510620117188,96.82316290246324,96.61995706535178,96.76510620117188,8743500
2025-09-26,96.83285522460938,96.96832580191229,96.73609158119197,96.85220500025575,6868100
2025-09-29,97.01670837402344,97.08444366062162,96.90058757588689,96.93929450859908,7751600
2025-09-30,97.00702667236328,97.23926087856778,96.95864116238253,97.08444053529556,12400700
2025-10-01,97.25458526611328,97.33225091670275,97.10896402290908,97.25458526611328,6961300
2025-10-02,97.36136627197266,97.39048903707558,97.17691221751608,97.21574503985448,6055800
2025-10-03,97.25458526611328,97.44874198598282,97.23517255676798,97.39049645134278,5268700
2025-10-06,97.04100036621094,97.22545441938178,97.03129030904313,97.07983318827867,6950200
2025-10-07,97.2060317993164,97.30311755528484,97.09924339303376,97.15749632793548,6379200
2025-10-08,97.21574401855469,97.40019807107348,97.1866212537577,97.38077795680653,5726900
2025-10-09,97.09923553466797,97.17690117051582,97.07982282900736,97.1574884648552,5199500
2025-10-10,97.49727630615234,97.60406471468269,97.32253231097573,97.42932071950608,10204100
2025-10-13,97.68173217773438,97.69143482843351,97.42932253408858,97.5264008873051,8320400
2025-10-14,97.8370590209961,97.84676907859253,97.5943594273117,97.63319225109366,8508700
2025-10-15,97.7982177734375,97.98267181886305,97.71084948240636,97.87588341431176,6297000
2025-10-16,98.14771270751953,98.15742276496786,97.73026911648584,97.74968923138249,10035200
2025-10-17,98.01179504394531,98.06033792137103,97.91471669569708,98.06033792137103,11738900
2025-10-20,98.17684173583984,98.17684173583984,98.07005331690743,98.11859620064186,7299100
2025-10-21,98.27391815185547,98.39040921116649,98.24478798042425,98.31274356722349,12965900
2025-10-22,98.26421356201172,98.28362627077583,98.13800503193141,98.2059680291155,13263200
2025-10-23,98.08946990966797,98.2156710335985,98.06034714311507,98.15742550049269,9975000
2025-10-24,98.18655395507812,98.24479949155814,98.07005547551377,98.21567672331813,6544500
2025-10-27,98.2544937133789,98.2544937133789,98.02150419840731,98.12829260247828,8527600
2025-10-28,98.31275177001953,98.34188194388125,98.1865506430351,98.23509352620054,10300500
2025-10-29,97.84677124023438,98.2933376136868,97.81764847340548,98.2933376136868,9275700
2025-10-30,97.66230773925781,97.81763902281001,97.52639656945128,97.54581668319693,13563800
2025-10-31,97.60406494140625,97.7593888226999,97.56523211943197,97.72056340732908,13111900
2025-11-03,97.48426818847656,97.54271121028269,97.3966148019254,97.46479213505586,9042100
2025-11-04,97.53296661376953,97.6693212760399,97.52322487195829,97.54270835558079,29687500
2025-11-05,97.27000427246094,97.50375407312411,97.2213029915522,97.49401233078792,8164900
2025-11-06,97.6303482055664,97.68879121756046,97.53295309327065,97.5719126243431,7247600
2025-11-07,97.59140014648438,97.72775480588123,97.50374676434566,97.52322281678595,5708300
2025-11-10,97.55245208740234,97.65958152642433,97.49400906611443,97.59140419389837,7945000
2025-11-11,97.84463500976562,97.87385280428873,97.71802208990826,97.76671593718952,5186200
2025-11-12,97.80567932128906,97.88359839693062,97.74724372994392,97.80567932128906,6267300
2025-11-13,97.51349639892578,97.71802840457637,97.51349639892578,97.63036758457056,7541600
2025-11-14,97.3966064453125,97.71801702996716,97.37713039356284,97.68879923695698,6350400
2025-11-17,97.41607666015625,97.53295525596526,97.40634235025036,97.4453018821867,7821800
2025-11-18,97.47452545166016,97.65957395086365,97.39660638316849,97.64009789912642,7731800
2025-11-19,97.47452545166016,97.64009789912642,97.42582417616002,97.59139662362628,8951700
2025-11-20,97.59140014648438,97.66931921778875,97.5329645583919,97.57192409404409,12968000
2025-11-21,97.82515716552734,97.88359275350341,97.66931902322901,97.83489147634228,9334500
2025-11-24,98.01994323730469,98.03942671964786,97.8835885839877,97.89333032515928,7717600
2025-11-25,98.17578887939453,98.32187785428162,98.07838632177398,98.0881280636904,16788400
2025-11-26,98.33161163330078,98.34135337442832,98.0394262764159,98.15629744686134,8935000
2025-11-28,98.19526672363281,98.31214533644633,98.07838811081929,98.28292754093596,5064800
2025-12-01,97.77118682861328,97.84935866712546,97.73210090935719,97.78096017214651,7249300
2025-12-02,97.89822387695312,97.92753645445663,97.75165353455827,97.78096611206178,7972000
2025-12-03,98.08386993408203,98.09364327793475,97.91776036297126,98.00570554789155,9744400
2025-12-04,97.849365234375,98.01547481120434,97.8200526566848,97.95684965582394,6953200
2025-12-05,97.74187469482422,97.87867168540062,97.67347619953601,97.87867168540062,6870000
2025-12-08,97.58554077148438,97.74187699802268,97.45850966661514,97.73210365421495,8039100
2025-12-09,97.49759674072266,97.75165149859046,97.48782339679929,97.75165149859046,5967900
2025-12-10,97.81027221679688,97.83958479236058,97.47805308723922,97.48781897584259,9279700
2025-12-11,97.82982635498047,98.05456108800365,97.79074043295961,98.02524851020736,9961200
2025-12-12,97.52690124511719,97.63438565474621,97.49758867065046,97.55621381958392,7588300
2025-12-15,97.62462615966797,97.79073572910849,97.59530612840464,97.7223372325814,9960300
2025-12-16,97.81027221679688,97.85913147932091,97.57576415741048,97.58553750089064,8614000
2025-12-17,97.78096771240234,97.84936621265575,97.7321084458453,97.7418817901322,12011000
2025-12-18,98.02523803710938,98.07409729813462,97.92752696993546,98.02523803710938,8191000
2025-12-19,97.88209533691406,97.98993879268815,97.84288633461362,97.93111780945834,6216400
2025-12-22,97.84288024902344,97.87229073880908,97.78405178967347,97.86248474895432,6178400
2025-12-23,97.84288024902344,97.86248474895432,97.62719335089047,97.64679785082134,9744100
2025-12-24,98.05856323242188,98.07817521284444,97.8918987977248,97.94092126900227,4483900
2025-12-26,98.07818603515625,98.18602950004336,98.0095590556626,98.16641751745674,6503700
2025-12-29,98.19583129882812,98.22524179167259,98.0977863496406,98.15661481510901,7886700
2025-12-30,98.15662384033203,98.2154448314294,98.06838487390583,98.09779536945452,7955800
2025-12-31,97.92132568359375,98.15662460938708,97.92132568359375,98.05857965041642,13535500
2026-01-02,97.89191436767578,98.04878031689044,97.85269788037212,98.03897432511948,6730300
2026-01-05,98.07818603515625,98.10759652925641,97.92132009358232,97.97034257026912,9364900
2026-01-06,98.05856323242188,98.06836922263317,97.85268231665862,97.97033175985717,8573800
2026-01-07,98.15662384033203,98.23504933520181,98.06838487390583,98.20563883965312,7151800
2026-01-08,97.98015594482422,98.04878292948922,97.95074544850783,97.98015594482422,6184100
2026-01-09,98.19583129882812,98.30366727933136,98.00955487110718,98.1173983313899,9879700
2026-01-12,98.14680480957031,98.24484227496818,98.06837184534035,98.0977823369818,9871200
2026-01-13,98.23503875732422,98.27425524042638,98.12719529873812,98.27425524042638,7561600
2026-01-14,98.3821029663086,98.44093143340316,98.26446099167877,98.26446099167877,8585300
2026-01-15,98.25465393066406,98.4507288727652,98.25465393066406,98.4507288727652,9923600
2026-01-16,98.0879898071289,98.27425875880871,98.07818381605746,98.25465425644543,10332500
2026-01-20,97.71543884277344,97.90171527785212,97.70564033129122,97.75465532804157,14336900
2026-01-21,98.0389633178711,98.06837381010178,97.76445541734574,97.8134704111371,16939600
2026-01-22,98.05856323242188,98.11739169391063,97.91151077814737,97.95072725921355,10154200
2026-01-23,98.14680480957031,98.18602129168528,97.99974487158393,98.08798382628741,8621400
2026-01-26,98.29387664794922,98.3428916466928,98.24485416942558,98.29387664794922,6526700
2026-01-27,98.2252426147461,98.36249656902338,98.20563063283247,98.28406360092792,7571800
2026-01-28,98.18603515625,98.20563966018621,98.0389751974977,98.18603515625,14730100
2026-01-29,98.18603515625,98.27426664363325,98.04878118935592,98.13701267673918,10066400
2026-01-30,98.16641235351562,98.25465131095417,98.14680785174005,98.19583032584806,12469600
2026-02-02,98.05330657958984,98.21067582086884,98.02380031585854,98.20083789824633,13264100
2026-02-03,98.06314086914062,98.08281671516237,97.95494622843069,97.9844599974633,9358800
2026-02-04,98.0041275024414,98.11232214222741,97.96478331487044,97.98445916072417,12574000
2026-02-05,98.42707061767578,98.46641480623767,98.17133714409182,98.230357179003,11442200
2026-02-06,98.48607635498047,98.4959142774765,98.33854503822077,98.4467321691325,9471900
2026-02-09,98.51558685302734,98.52541727106097,98.35821011485834,98.39755429940058,9307600
2026-02-10,98.80083465576172,98.85001677023757,98.72215377839228,98.75166004542295,8566100
2026-02-11,98.5746078491211,98.75165294270825,98.54510158421266,98.5746078491211,8484800
2026-02-12,99.01721954345703,99.04672580917375,98.74181772458533,98.75165564786982,11167500
2026-02-13,99.33196258544922,99.35163843143071,99.23360586795134,99.2729500557778,5927000
2026-02-17,99.34180450439453,99.38114869380358,99.28279197234937,99.34180450439453,6588800
2026-02-18,99.2041015625,99.30245828194053,99.1844257161299,99.21393948568506,5460200
2026-02-19,99.22376251220703,99.2827825427835,99.11556787764233,99.13524372254653,6600700
2026-02-20,99.24343872070312,99.2729449840314,99.0860619774375,99.24343872070312,8651000
2026-02-23,99.44015502929688,99.51884340321156,99.29261620424093,99.30245412701436,9817100
2026-02-24,99.43031311035156,99.4893331404837,99.35163224373548,99.43031311035156,7890400
2026-02-25,99.38114166259766,99.4696604544027,99.35163539866264,99.35163539866264,6869000
2026-02-26,99.53850555419922,99.54834347636081,99.42048050480368,99.43031092282938,8920400
2026-02-27,99.7352294921875,99.79424201866948,99.6762094615694,99.70572322894651,9033500
2026-03-02,99.33662414550781,99.45502569196704,99.21822259904859,99.43528833709286,10358800
2026-03-03,99.22808074951172,99.36621210859566,98.90248217698765,98.92221952976793,10855000
2026-03-04,99.18862915039062,99.27743219666053,99.13930081588128,99.23796501249565,13744100
2026-03-05,98.90249633789062,98.9814307051246,98.8137008204491,98.88276650987991,8741400
2026-03-06,98.78410339355469,99.03076764815822,98.5769063229992,98.63610333527345,9356500
2026-03-09,99.0998306274414,99.13929781040981,98.62623195941596,98.74463350832119,8948500
2026-03-10,98.77422332763672,99.09982191279698,98.77422332763672,99.0208875538015,10177700
2026-03-11,98.33023834228516,98.66569810258817,98.28090248219571,98.58676373748321,5932700
2026-03-12,97.96517181396484,98.24143456216298,97.8566389446591,98.17236887511343,10196000
2026-03-13,97.88623809814453,98.2118367082195,97.8171724106373,98.1230336656557,8749900
2026-03-16,98.27102661132812,98.32036246780623,98.11316542026884,98.26115793451353,6168700
2026-03-17,98.4683609008789,98.49795940324427,98.38942654284148,98.40915636855348,7377300
2026-03-18,98.05397033691406,98.40916746052305,98.05397033691406,98.34010177135438,8241300
2026-03-19,98.1624984741211,98.29076869610044,97.81717004493667,97.8369073995159,13223500
2026-03-20,97.34357452392578,97.84676412903667,97.34357452392578,97.81716562610013,14458600
2026-03-23,97.7086410522461,97.91583811797331,97.45210812570959,97.54091116964725,27624700
2026-03-24,97.44224548339844,97.64944254595264,97.25477824830853,97.31397525829676,16738600
2026-03-25,97.7875747680664,97.88623896143326,97.67904189708423,97.82704195093224,16242700
2026-03-26,97.23504638671875,97.64944050315816,97.23504638671875,97.52117028073985,12299400
2026-03-27,97.22517395019531,97.35343664005914,96.97850971981454,97.02783804933375,15511300
2026-03-30,97.718505859375,97.87636705804015,97.62970281895477,97.70863718208493,12882500
2026-03-31,97.9454345703125,98.15263915929181,97.85663905583164,97.95530324778659,23478400
2026-04-01,98.01176452636719,98.18006574358517,97.93256128771051,97.98206520018007,20860900
2026-04-02,98.23947143554688,98.29887008761052,97.89295915654485,97.9028614496343,12024600
2026-04-06,98.061279296875,98.18007661477752,98.01177537892401,98.01177537892401,14350300
2026-04-07,98.18006134033203,98.2295652505814,97.75435339319061,98.08106107306952,14034000
2026-04-08,98.4374771118164,98.72458320049198,98.3483715758372,98.67507928569943,8881800
2026-04-09,98.49687957763672,98.6453837745228,98.22957806583156,98.34837538075064,8004800
2026-04-10,98.32857513427734,98.49687636040693,98.3087781001832,98.46717703264723,4512200
2026-04-13,98.52657318115234,98.56617480156993,98.27906871847003,98.33847492571479,5838900
2026-04-14,98.78398132324219,98.79388361679472,98.50677752966655,98.53647685708725,5810800
2026-04-15,98.62557983398438,98.70477552063939,98.55627888738832,98.68497848728481,6536700
2026-04-16,98.48697662353516,98.75427811304864,98.41767567786599,98.73448107995884,10659900
2026-04-17,98.85327911376953,99.00178329936591,98.8136774940614,98.89288073347767,5614200
2026-04-20,98.8433837890625,98.88298541156259,98.70478188693079,98.88298541156259,5687900
2026-04-21,98.4770736694336,98.7740744832067,98.4770736694336,98.7740744832067,7583600
2026-04-22,98.61567687988281,98.77407580536813,98.58597755343162,98.77407580536813,7874000
2026-04-23,98.45726776123047,98.7047722126697,98.29886883999231,98.6057719427413,5063400
2026-04-24,98.59587097167969,98.64537488392581,98.32856948396557,98.40777272226477,4791800
2026-04-27,98.44738006591797,98.5859819643827,98.36817682301327,98.52657575558568,7852000
2026-04-28,98.40777587890625,98.41767817232042,98.27906872423236,98.348369671658,8672900
2026-04-29,97.97216796875,98.23947702471757,97.89296472600131,98.23947702471757,6764300
2026-04-30,98.11077117919922,98.2295760449113,98.04147022917644,98.16027509488852,13320100
2026-05-01,98.23990631103516,98.46836696196308,98.12070450719898,98.1803016198805,11661600
2026-05-04,97.93196868896484,98.14057373705134,97.75317735370157,98.11076760270112,7580400
2026-05-05,98.11077117919922,98.19023905008402,98.00151232982422,98.04123868679333,10045700
2026-05-06,98.52796936035156,98.55776791599891,98.39883218124913,98.45843687101677,6968700
2026-05-07,98.28956604003906,98.72663173338111,98.23990430664207,98.67696242151116,10903100
2026-05-08,98.51803588867188,98.59750375758449,98.46836657598321,98.54783444489583,8204700
2026-05-11,98.259765625,98.44849991236694,98.259765625,98.38890280202911,6848100
2026-05-12,97.9717025756836,98.07104119985705,97.9518393979327,98.05117044363315,6336400
2026-05-13,98.01143646240234,98.03130721861666,97.82270974920439,97.96177472881257,5396300
2026-05-14,97.98164367675781,98.22997509475009,97.97170829806555,98.20017653714677,5123900
2026-05-15,97.36576843261719,97.54456733724646,97.35584063347912,97.48497022852757,8026900
2026-05-18,97.35585021972656,97.55451232066606,97.20684985478525,97.4551812701963,7774500
2026-05-19,96.97837829589844,97.14724941223271,96.86911187058283,96.99824905239569,8945400
2026-05-20,97.56444549560547,97.62404260884655,97.01811336265156,97.03798411938072,15851000
2026-05-21,97.68363952636719,97.68363952636719,97.1869767077581,97.31611389081931,7072600
2026-05-22,97.78297424316406,97.85250673185026,97.53464284378867,97.83263597595541,6948900
2026-05-26,98.06111145019531,98.19024105917029,97.95184502011132,98.1207085653417,5334500
2026-05-27,98.14057922363281,98.23991027493432,98.10084528741753,98.15050702383157,6898700
2026-05-28,98.3392333984375,98.43856444173126,98.11076517823632,98.16043448911961,10300400
2026-05-29,98.39883422851562,98.52797141030486,98.35910029400148,98.42863278478295,8936700
2026-06-01,98.35000610351562,98.36993587612962,98.03107651452338,98.11081081274173,8816600
2026-06-02,98.37989807128906,98.50946059443186,98.33006984110214,98.4696010518346,6863300
2026-06-03,98.17060089111328,98.2602962674455,98.08090551478108,98.18056957866598,7331000
2026-06-04,98.33007049560547,98.66892983710247,98.28023466120615,98.37989872612405,7000900
2026-06-05,97.84170532226562,98.04104105938725,97.84170532226562,98.00117391196292,13805200
2026-06-08,97.84170532226562,98.1008379785833,97.8217755504939,98.07093951898528,8965200
2026-06-09,98.0410385131836,98.09086674325927,97.89153861519522,98.00117136679465,14475600
2026-06-10,97.98123931884766,98.15067660118305,97.89154393750634,98.09087207640776,4780900
2026-06-11,98.54933166503906,98.58919881310447,98.01113657197752,98.06097240802953,7137700
2026-06-12,98.42973327636719,98.48953019376164,98.2602960039485,98.39983481766997,6316800
2026-06-15,98.5194320678711,98.69883043015437,98.48953360813736,98.62906482281537,7115800
2026-06-16,98.63903045654297,98.75862429177492,98.54932747623833,98.56926485136411,6353200
2026-06-17,98.28023529052734,98.73869607518994,98.24036814352876,98.66893046891259,9348600
2026-06-18,98.56926727294922,98.77856409362766,98.53936881340671,98.66893133938454,4635600
2026-06-22,98.30016326904297,98.43969447905252,98.25033503911422,98.40979602031913,6323300
2026-06-23,98.37989807128906,98.51942928202152,98.3699293836994,98.39983544646837,12089100
2026-06-24,98.8582992553711,98.90812748708534,98.73869781227121,98.76859627207594,6516700
2026-06-25,98.91809844970703,99.09749681654185,98.90812976158257,98.98786405881606,8177800
2026-06-26,99.0077896118164,99.0875239056519,98.89816446264358,98.90812554646243,9919900
2026-06-29,99.0376968383789,99.077563985765,98.96793123142345,99.00779077492868,8163500
2026-06-30,98.64900207519531,98.96793165175777,98.61909601161808,98.96793165175777,19005200
2026-07-01,98.5,98.61000061035156,98.41999816894531,98.4800033569336,10914700
2026-07-02,98.61000061035156,98.66000366210938,98.48999786376953,98.54000091552734,8407100
2026-07-06,98.66000366210938,98.66999816894531,98.4800033569336,98.5999984741211,6837100
2026-07-07,98.20999908447266,98.48999786376953,98.16000366210938,98.45999908447266,9137100
2026-07-08,98.04000091552734,98.11000061035156,97.9000015258789,98.08000183105469,7483000
2026-07-09,98.18000030517578,98.30999755859375,98.04000091552734,98.12000274658203,9011000
2026-07-10,98.08000183105469,98.4800033569336,98.02999877929688,98.41000366210938,7436382
