date,close,high,low,open,volume
2007-05-30,70.58753967285156,70.58753967285156,70.51048021458922,70.57213013290301,1550
2007-05-31,70.58753967285156,70.58753967285156,70.57213013290301,70.57213013290301,11200
2007-06-01,70.60299682617188,70.60299682617188,70.60299682617188,70.60299682617188,1450
2007-06-04,70.61837768554688,70.61837768554688,70.61837768554688,70.61837768554688,1050
2007-06-05,70.61837768554688,70.64920265040165,70.61837768554688,70.6337931076047,3750
2007-06-06,70.6491928100586,70.6491928100586,70.61836784949726,70.61836784949726,9750
2007-06-07,70.63378143310547,70.63378143310547,70.61836601359553,70.61836601359553,12150
2007-06-08,70.6491928100586,70.6491928100586,70.60295830884662,70.6491928100586,7850
2007-06-11,70.6800537109375,70.6800537109375,70.64922873470188,70.64922873470188,2400
2007-06-12,70.61837768554688,70.68002761525642,70.61837768554688,70.68002761525642,3900
2007-06-13,70.6800537109375,70.6800537109375,70.61840375846626,70.61840375846626,3750
2007-06-14,70.71082305908203,70.71082305908203,70.71082305908203,70.71082305908203,13400
2007-06-15,70.77247619628906,70.77247619628906,70.69541674603208,70.74165711959363,1050
2007-06-18,70.78787231445312,70.80328184859962,70.74163783275604,70.75704736690254,28000
2007-06-19,70.78787231445312,70.78787231445312,70.78787231445312,70.78787231445312,850
2007-06-20,70.80327606201172,70.81869147415594,70.77245111698039,70.77245111698039,3100
2007-06-21,70.80327606201172,70.81869147415594,70.78786652912461,70.78786652912461,850
2007-06-22,70.86495971679688,70.86495971679688,70.81872521684927,70.81872521684927,2200
2007-06-25,70.83417510986328,70.83417510986328,70.81876556085554,70.81876556085554,29700
2007-06-26,70.84954071044922,70.84954071044922,70.81871575484932,70.83412529301971,5100
2007-06-27,70.83417510986328,70.86500008714201,70.83417510986328,70.86500008714201,8200
2007-06-28,70.86495971679688,70.86495971679688,70.86495971679688,70.86495971679688,900
2007-06-29,70.8957748413086,70.8957748413086,70.84954034777499,70.8649498858665,5650
2007-07-02,70.91593170166016,70.97784900324714,70.90044794727189,70.91593170166016,13050
2007-07-03,70.91593170166016,70.91593170166016,70.86948634381737,70.86948634381737,3000
2007-07-05,70.91593170166016,70.91593170166016,70.85400849475114,70.90044794727189,5450
2007-07-06,70.9468765258789,70.9468765258789,70.9313927751526,70.9313927751526,3800
2007-07-09,70.96234893798828,70.96234893798828,70.90042575046556,70.90042575046556,3950
2007-07-10,70.97782135009766,70.97782135009766,70.9468656640256,70.9468656640256,5250
2007-07-11,70.97782135009766,70.97782135009766,70.91590407263381,70.97782135009766,9100
2007-07-12,70.99331665039062,70.99331665039062,70.96235505396079,70.99331665039062,14700
2007-07-13,71.0087661743164,71.0087661743164,70.97780459023551,70.99328833493513,13050
2007-07-16,71.0242919921875,71.03976984073749,70.99333038976566,71.03976984073749,16150
2007-07-17,71.05522918701172,71.05522918701172,70.99330600343878,71.05522918701172,46500
2007-07-18,71.03968048095703,71.03968048095703,70.97775735400556,71.02420265187637,5450
2007-07-19,71.05522918701172,71.07070703024506,71.0087838466721,71.05522918701172,13900
2007-07-20,71.08618927001953,71.10167301953031,71.08618927001953,71.10167301953031,8000
2007-07-23,71.08618927001953,71.10167301953031,71.07071142582892,71.08618927001953,6950
2007-07-24,71.08618927001953,71.10167301953031,71.07071142582892,71.08618927001953,9350
2007-07-25,71.10164642333984,71.11712426174083,71.10164642333984,71.10164642333984,9800
2007-07-26,71.11713409423828,71.13261784009798,71.05521682675582,71.10165625369736,41050
2007-07-27,71.14816284179688,71.21008607305129,70.91595958257936,71.10172337101824,153800
2007-07-30,71.08618927001953,71.1635962069331,71.08618927001953,71.1326346132317,10300
2007-07-31,71.1790771484375,71.1790771484375,71.14811555338883,71.1790771484375,54000
2007-08-01,71.15576934814453,71.18685602349265,71.10914229971088,71.17131565040712,18650
2007-08-02,71.17129516601562,71.17129516601562,71.09358146460127,71.109121833214,49750
2007-08-03,71.1402359008789,71.21794963222645,71.1402359008789,71.20240925762799,26200
2007-08-06,71.21793365478516,71.2334799550735,71.18684698338477,71.21793365478516,22300
2007-08-07,71.23345184326172,71.24899220824085,71.17127852499725,71.23345184326172,13950
2007-08-08,71.202392578125,71.24901962017539,71.18684627799071,71.23347924921734,19750
2007-08-09,71.26455688476562,71.29564355450292,71.23347614420432,71.24901651448496,103150
2007-08-10,71.31119537353516,71.32673574501865,71.29564907287521,71.31119537353516,112100
2007-08-13,71.32670593261719,71.34225222677927,71.29561927346703,71.3111655676291,71800
2007-08-14,71.31119537353516,71.3422820456786,71.29564907287521,71.31119537353516,130650
2007-08-15,71.32670593261719,71.37333295675545,71.3111655676291,71.34225222677927,40400
2007-08-16,71.41998291015625,71.49769661194284,71.3267229105071,71.3267229105071,122850
2007-08-17,71.46661376953125,71.48216006822568,71.24901302121492,71.26455339073365,84750
2007-08-20,71.52880096435547,71.57542801112113,71.4355409416473,71.4355409416473,19750
2007-08-21,71.51322937011719,71.54431603335863,71.41997530956762,71.54431603335863,157700
2007-08-22,71.51322937011719,71.51322937011719,71.40442901335952,71.51322937011719,30000
2007-08-23,71.46661376953125,71.48216006822568,71.40444043310497,71.48216006822568,40250
2007-08-24,71.45108795166016,71.45108795166016,71.34228755534383,71.37336830071114,14050
2007-08-27,71.3577880859375,71.45104805749916,71.3577880859375,71.40441510713153,36050
2007-08-28,71.4355239868164,71.4355239868164,71.3733506531008,71.3733506531008,29250
2007-08-29,71.48217010498047,71.48217010498047,71.41999675982447,71.4666238041032,10550
2007-08-30,71.49771118164062,71.52879785452514,71.4355378358716,71.52879785452514,31650
2007-08-31,71.48217010498047,71.48217010498047,71.38891008724646,71.4044504589472,9650
2007-09-04,71.49307250976562,71.50867887064604,71.41505856161174,71.47747210096793,10900
2007-09-05,71.50870513916016,71.5243055536886,71.46189199140498,71.50870513916016,21400
2007-09-06,71.50870513916016,71.5243055536886,71.46189199140498,71.5243055536886,14500
2007-09-07,71.55549621582031,71.57109662683453,71.49308266759633,71.55549621582031,16150
2007-09-10,71.57111358642578,71.57111358642578,71.47749919399037,71.53990680491899,35100
2007-09-11,71.49307250976562,71.5710864579195,71.47747210096793,71.49307250976562,10300
2007-09-12,71.60227966308594,71.60227966308594,71.50866532386891,71.52426572971122,3450
2007-09-13,71.58670043945312,71.58670043945312,71.49308012045263,71.49308012045263,25300
2007-09-14,71.63348388671875,71.64908429200786,71.57107036139952,71.57107036139952,32650
2007-09-17,71.66473388671875,71.66473388671875,71.52430634606732,71.63352710523121,17350
2007-09-18,71.6178970336914,71.69591097906233,71.53987713623798,71.63349744193259,232950
2007-09-19,71.64912414550781,71.66473051155907,71.57111017150565,71.66473051155907,66750
2007-09-20,71.60227966308594,71.68029359646067,71.60227966308594,71.68029359646067,22250
2007-09-21,71.63348388671875,71.68029105466748,71.60227712405913,71.61788348142963,23450
2007-09-24,71.6959228515625,71.72712962529506,71.61790889327284,71.71152326238703,57850
2007-09-25,71.7115249633789,71.7115249633789,71.61791059204418,71.61791059204418,59000
2007-09-26,71.63348388671875,71.71149781732709,71.63348388671875,71.69589741203797,21250
2007-09-27,71.64912414550781,71.72714407159468,71.63352373154126,71.71153770554344,30100
2007-09-28,71.6178970336914,71.69591097906233,71.6178970336914,71.6178970336914,122600
2007-10-01,71.69621276855469,71.71186775378378,71.63358088182736,71.64923586705646,21900
2007-10-02,71.64920806884766,71.72750088333378,71.64920806884766,71.66486902090614,78200
2007-10-03,71.66487884521484,71.7431656975299,71.64921789100946,71.68053382651627,131200
2007-10-04,71.74319458007812,71.74319458007812,71.71187863196405,71.72753959247429,4700
2007-10-05,71.66487884521484,71.79013661433815,71.66487884521484,71.69619478072167,22200
2007-10-08,71.77450561523438,71.79016060176664,71.68055777732289,71.69621873676111,8300
2007-10-09,71.7275390625,71.79016498535904,71.7275390625,71.75885501038269,364450
2007-10-10,71.79013061523438,71.80579156813107,71.74315970235124,71.74315970235124,21400
2007-10-11,71.77450561523438,71.80582156120487,71.7588506287021,71.80582156120487,10200
2007-10-12,71.79013061523438,71.8214465481243,71.75882065524793,71.8214465481243,14250
2007-10-15,71.75883483886719,71.80580576103445,71.75883483886719,71.79014480504226,32450
2007-10-16,71.80583190917969,71.821486897968,71.77451595869624,71.79017094748455,14350
2007-10-17,71.83712005615234,71.83712005615234,71.77448817942619,71.80580411778926,59350
2007-10-18,71.83712005615234,71.89974595997398,71.83712005615234,71.8840909772447,12400
2007-10-19,71.89971923828125,71.89971923828125,71.82143240792131,71.88406426137018,100550
2007-10-22,71.86844635009766,71.88410133508268,71.80581446434682,71.85278539220725,185050
2007-10-23,71.86844635009766,71.8997563200677,71.83713040722223,71.88410133508268,12800
2007-10-24,71.89971923828125,71.89971923828125,71.83709335773467,71.89971923828125,27500
2007-10-25,71.88411712646484,71.89977211488892,71.85280117670999,71.89977211488892,12100
2007-10-26,71.8528060913086,71.9154379951022,71.8528060913086,71.8841220432054,15900
2007-10-29,71.91539001464844,71.91539001464844,71.85275815264151,71.88407408364498,7600
2007-10-30,71.88411712646484,71.93108806464377,71.88411712646484,71.93108806464377,5250
2007-10-31,71.89971923828125,71.9310351650057,71.88406426137018,71.91538018809462,13200
2007-11-01,71.94842529296875,71.96413791225555,71.90129942032517,71.91700604700355,32750
2007-11-02,71.99557495117188,71.99557495117188,71.9170238205416,71.94844307427174,8750
2007-11-05,71.99557495117188,72.01128158173199,71.94844307427174,71.99557495117188,16800
2007-11-06,71.99557495117188,71.99557495117188,71.93273644371162,71.99557495117188,16800
2007-11-07,72.04271697998047,72.10555550152262,71.94845919766725,71.94845919766725,218850
2007-11-08,71.99557495117188,72.05840746602223,71.97986232800186,72.01128158173199,147400
2007-11-09,72.0583724975586,72.1055043515866,72.02695325907558,72.0897917360416,9400
2007-11-12,72.08983612060547,72.08983612060547,72.04271023016979,72.05841686277813,72400
2007-11-13,72.07414245605469,72.1055617195352,72.04272319257419,72.07414245605469,31400
2007-11-14,72.04271697998047,72.08984287483146,72.0112977192094,72.04271697998047,100950
2007-11-15,72.08983612060547,72.12125537843282,72.01129097234245,72.05841686277813,230900
2007-11-16,72.08983612060547,72.10554874582449,72.05841686277813,72.10554874582449,24450
2007-11-19,72.12125396728516,72.12125396728516,72.02699619564738,72.08983471007257,59150
2007-11-20,72.13692474365234,72.13692474365234,72.04267301147334,72.07409225306887,40950
2007-11-21,72.16837310791016,72.16837310791016,72.08982796852919,72.13695385363577,33550
2007-11-23,72.18412017822266,72.18412017822266,72.1212816396868,72.1212816396868,7650
2007-11-26,72.13692474365234,72.23118246843894,72.08979887756284,72.23118246843894,24350
2007-11-27,72.19976806640625,72.19976806640625,72.12122295345631,72.12122295345631,21100
2007-11-28,72.21552276611328,72.23122940081267,72.13697161478188,72.1998101388024,52700
2007-11-29,72.16837310791016,72.23121161645894,72.15266647707797,72.15266647707797,36550
2007-11-30,72.18412017822266,83.41624826284766,72.13698827801433,72.24695871675851,274300
2007-12-03,72.16674041748047,72.30855303227388,72.16674041748047,72.29279874653771,120050
2007-12-04,72.18254089355469,72.24556408237244,72.16678058825376,72.18254089355469,90750
2007-12-05,72.18254089355469,72.22980978786683,72.16678058825376,72.18254089355469,27900
2007-12-06,72.19823455810547,72.24550341272263,72.1194511301468,72.19823455810547,288200
2007-12-07,72.26129150390625,72.26129150390625,72.16674774751044,72.16674774751044,43900
2007-12-10,72.21401977539062,74.24665936578263,72.21401977539062,72.261288646323,206050
2007-12-11,72.30852508544922,72.30852508544922,72.16671252546553,72.26125623571787,41800
2007-12-12,72.29283142089844,72.32434601740648,72.22980222788237,72.29283142089844,24700
2007-12-13,72.3243637084961,72.34011800520639,71.94619446869126,71.94619446869126,27300
2007-12-14,72.27703094482422,72.34006010280794,72.26127666072395,72.32430581870769,33000
2007-12-17,72.30852508544922,72.35579393518057,72.26125623571787,72.2770105153651,44750
2007-12-18,72.30852508544922,72.30852508544922,72.21398738598653,72.22974166563375,26500
2007-12-19,72.3400650024414,72.35581928760871,72.22976697389501,72.3400650024414,25800
2007-12-20,72.37157440185547,72.38732868589479,72.29279096007622,72.29279096007622,14700
2007-12-21,72.37157440185547,72.40308898072543,72.34005982298551,72.38732868589479,64050
2007-12-24,72.37157440185547,72.38732868589479,72.32430553894618,72.38732868589479,2900
2007-12-26,72.3400650024414,72.38733386873508,72.3243107172741,72.3243107172741,17750
2007-12-27,72.37157440185547,72.40308898072543,72.32430553894618,72.40308898072543,7150
2007-12-28,72.37003326416016,72.41744131572209,72.37003326416016,72.40163662262668,59700
2007-12-31,72.3542251586914,72.41743186737784,72.3542251586914,72.41743186737784,31700
2008-01-02,72.41740417480469,72.41740417480469,72.35419749028863,72.40159948981507,29450
2008-01-03,72.37003326416016,72.41744131572209,72.37003326416016,72.41744131572209,30500
2008-01-04,72.3542251586914,72.44902919399755,72.32262180434819,72.44902919399755,173200
2008-01-07,72.41740417480469,72.41740417480469,72.35419749028863,72.36999614755705,30300
2008-01-08,72.37003326416016,72.43323998109321,72.33842990569363,72.40163662262668,18350
2008-01-09,72.32260131835938,72.43321001336803,72.32260131835938,72.43321001336803,168500
2008-01-10,72.3542251586914,72.40162717634448,72.32262180434819,72.38582851303462,12200
2008-01-11,72.38584899902344,72.44904969787285,72.37004430351718,72.40164766680448,41650
2008-01-14,72.44900512695312,72.46480981273628,72.38580446698501,72.41740781082981,51900
2008-01-15,72.4332046508789,72.4648079939305,72.38580265016219,72.4648079939305,26800
2008-01-16,72.4332046508789,72.4648079939305,72.322595964059,72.44900330854404,254500
2008-01-17,72.4015884399414,72.46479511481091,72.38578978508417,72.41739312251892,380400
2008-01-18,72.44900512695312,72.48060847079793,72.40160312504666,72.41740781082981,71450
2008-01-22,72.4806137084961,72.54382040075325,72.41741304396088,72.49641839542136,116400
2008-01-23,72.55967712402344,72.57548182359601,72.48067170934085,72.52807978033181,89150
2008-01-24,72.59119415283203,72.59119415283203,72.48058549829302,72.49639017906694,47750
2008-01-25,72.51221466064453,72.62282335458185,72.51221466064453,72.528019347048,32700
2008-01-28,72.54383850097656,72.63864856301811,72.54383850097656,72.63864856301811,26100
2008-01-29,72.60704040527344,72.62283906737339,72.51223034950459,72.54383370142754,66650
2008-01-30,72.63864135742188,72.67024470830074,72.52803264320728,72.54383130478529,60100
2008-01-31,72.63864135742188,72.67024470830074,72.55962996636329,72.55962996636329,26150
2008-02-01,72.63072204589844,73.10595517545768,72.55151853858533,73.10595517545768,35500
2008-02-04,72.64654541015625,72.64654541015625,72.56734192569812,72.56734192569812,50300
2008-02-05,72.59902954101562,72.66238870725398,72.53566433193834,72.64655042640412,38750
2008-02-06,72.66236114501953,72.66236114501953,72.59900200281452,72.63067855249871,18100
2008-02-07,72.64654541015625,72.6782280125072,72.58318020545433,72.59902452804907,30350
2008-02-08,72.64654541015625,72.64654541015625,72.56734192569812,72.64654541015625,14250
2008-02-11,72.66236114501953,72.66236114501953,72.59900200281452,72.59900200281452,26350
2008-02-12,72.64654541015625,72.64654541015625,72.59902452804907,72.59902452804907,13550
2008-02-13,72.66236114501953,72.66236114501953,72.61484027765661,72.64652287017744,46700
2008-02-14,72.67821502685547,72.67821502685547,72.61484983347522,72.64653243016534,51200
2008-02-15,72.67821502685547,72.69405330378181,72.66237070709168,72.66237070709168,23300
2008-02-19,72.67821502685547,72.69405330378181,72.63068811040156,72.66237070709168,17800
2008-02-20,72.64654541015625,72.70991061485817,72.64654541015625,72.64654541015625,17450
2008-02-21,72.70993041992188,72.70993041992188,72.64656519796024,72.67824780894105,39200
2008-02-22,72.70993041992188,72.74160698806251,72.64656519796024,72.64656519796024,90750
2008-02-25,72.67821502685547,72.7098976235456,72.66237070709168,72.66237070709168,14850
2008-02-26,72.72577667236328,72.72577667236328,72.6307288290067,72.7099383865576,42400
2008-02-27,72.74162292480469,72.74162292480469,72.64658111387999,72.64658111387999,84550
2008-02-28,72.74162292480469,72.75746725518647,72.69410201934234,72.74162292480469,20700
2008-02-29,72.75740814208984,72.77324641676203,72.69404295772793,72.74156382458108,17300
2008-03-03,72.784423828125,72.784423828125,72.72093836038609,72.75268109425555,31550
2008-03-04,72.784423828125,72.784423828125,72.72093836038609,72.73681275447453,73450
2008-03-05,72.76852416992188,72.80026689277075,72.70504477852946,72.78439855849898,253850
2008-03-06,72.80027770996094,72.83202043752638,72.76853498239551,72.80027770996094,41600
2008-03-07,72.80027770996094,72.81615210089677,72.76853498239551,72.81615210089677,50300
2008-03-10,72.80027770996094,72.84789482846222,72.7526666457659,72.80027770996094,22300
2008-03-11,72.80027770996094,72.81615210089677,72.7526666457659,72.80027770996094,42200
2008-03-12,72.816162109375,72.816162109375,72.78441937744657,72.80028771625726,13350
2008-03-13,72.80027770996094,72.81615210089677,72.76853498239551,72.81615210089677,41300
2008-03-14,72.89547729492188,72.91134562532615,72.76850643447226,72.80024914958467,82350
2008-03-17,72.87968444824219,72.95904435196324,72.80033059883176,72.86381610008435,136100
2008-03-18,72.95902252197266,73.7684412306707,72.8637942985869,73.7684412306707,47400
2008-03-19,72.97491455078125,72.97491455078125,72.91142904791866,72.97491455078125,31850
2008-03-20,72.95902252197266,72.97489086538253,72.91140538312537,72.97489086538253,46750
2008-03-24,72.89547729492188,72.97483105555095,72.89547729492188,72.97483105555095,38750
2008-03-25,72.84793090820312,72.94315308375434,72.84793090820312,72.87966759718071,39200
2008-03-26,72.89547729492188,72.91134562532615,72.8478662494052,72.8478662494052,9800
2008-03-27,72.91132354736328,72.91132354736328,72.84784419066423,72.89545522176402,8300
2008-03-28,72.84793090820312,72.92728473926554,72.84793090820312,72.92728473926554,33900
2008-03-31,72.9272689819336,72.95901171836178,72.86378350907721,72.91139458656554,64950
2008-04-01,72.87954711914062,72.92723688000129,72.83186342182236,72.92723688000129,83350
2008-04-02,72.87954711914062,72.91133827186694,72.87954711914062,72.87954711914062,65900
2008-04-03,72.87954711914062,72.91133827186694,72.86365457454866,72.87954711914062,23600
2008-04-04,72.91134643554688,72.92724504546135,72.89545388917547,72.91134643554688,44300
2008-04-07,72.87954711914062,72.92723688000129,72.86365457454866,72.91133827186694,46450
2008-04-08,72.92726135253906,72.92726135253906,72.87957157567493,72.92726135253906,24500
2008-04-09,72.92726135253906,72.94315390246416,72.87957157567493,72.87957157567493,33900
2008-04-10,72.92726135253906,72.94315390246416,72.92726135253906,72.94315390246416,18750
2008-04-11,72.92726135253906,72.97494506585879,72.92726135253906,72.92726135253906,39350
2008-04-14,72.95907592773438,72.99086103778409,72.92728475413831,72.97496848275924,16050
2008-04-15,72.95907592773438,72.99086103778409,72.92728475413831,72.99086103778409,60700
2008-04-16,72.91134643554688,72.95903620174722,72.89545388917547,72.95903620174722,19550
2008-04-17,72.91134643554688,72.95903620174722,72.879555279261,72.91134643554688,31800
2008-04-18,72.86363983154297,72.94311466550685,72.84774729016665,72.94311466550685,31800
2008-04-21,72.89546966552734,72.94315337850453,72.86367850236108,72.9272608286936,26050
2008-04-22,72.91134643554688,72.94313759183275,72.879555279261,72.89545388917547,35850
2008-04-23,72.91134643554688,72.94313759183275,72.879555279261,72.94313759183275,23800
2008-04-24,72.92726135253906,72.94315390246416,72.89547018914445,72.92726135253906,9800
2008-04-25,72.92726135253906,72.92726135253906,72.87957157567493,72.89547018914445,39700
2008-04-28,72.87954711914062,72.9590280327276,72.86365457454866,72.92723688000129,35900
2008-04-29,72.95907592773438,72.95907592773438,72.86370240694616,72.95907592773438,21300
2008-04-30,72.87954711914062,72.9590280327276,72.86365457454866,72.86365457454866,27000
2008-05-01,72.93370056152344,72.98144051131692,72.9018719047626,72.98144051131692,20250
2008-05-02,72.88593292236328,72.96550150531678,72.87002163405008,72.88593292236328,29150
2008-05-05,72.90180969238281,72.94954960143637,72.90180969238281,72.91772097183721,15500
2008-05-06,72.87001037597656,72.94957894663709,72.87001037597656,72.94957894663709,104000
2008-05-07,72.9177474975586,72.9177474975586,72.87000757113839,72.9177474975586,26400
2008-05-08,72.88593292236328,72.91776156968344,72.85410427504313,72.91776156968344,78950
2008-05-09,72.9177474975586,72.93366485349371,72.87000757113839,72.87000757113839,38050
2008-05-12,72.9177474975586,72.93366485349371,72.88591885638094,72.90183621231606,25350
2008-05-13,72.88593292236328,72.91776156968344,72.88593292236328,72.91776156968344,21300
2008-05-14,72.88593292236328,72.93367892869038,72.88593292236328,72.91776156968344,64200
2008-05-15,72.88593292236328,72.93367892869038,72.88593292236328,72.91776156968344,18350
2008-05-16,72.90180969238281,72.94954960143637,72.86998106278365,72.91772097183721,40400
2008-05-19,72.90180969238281,72.94954960143637,72.86998106278365,72.88589234223805,22950
2008-05-20,72.87001037597656,72.91775030423432,72.87001037597656,72.87001037597656,11750
2008-05-21,72.87001037597656,72.94957894663709,72.87001037597656,72.9336676607821,48400
2008-05-22,72.9177474975586,72.9654874239788,72.87000757113839,72.87000757113839,13200
2008-05-23,72.9177474975586,72.93366485349371,72.90183621231606,72.9177474975586,16600
2008-05-27,72.9177474975586,72.9654874239788,72.90183621231606,72.90183621231606,27250
2008-05-28,72.94957733154297,72.96548861704568,72.90183740434217,72.90183740434217,39200
2008-05-29,72.9177474975586,72.9654874239788,72.90183621231606,72.9654874239788,53500
2008-05-30,72.94957733154297,72.96548861704568,72.91774868984487,72.94957733154297,9400
2008-06-02,73.00856018066406,73.00856018066406,72.9289038274539,72.9766988547653,42000
2008-06-03,73.00856018066406,73.02448780515017,72.94483752886656,72.99262647925141,14850
2008-06-04,72.9925765991211,73.00851028964532,72.94478768139322,72.9925765991211,21100
2008-06-05,72.94481658935547,73.02446684277471,72.94481658935547,73.02446684277471,27800
2008-06-06,72.9607162475586,73.00851124283287,72.9607162475586,73.00851124283287,40350
2008-06-09,72.9925765991211,73.02443790324715,72.96071529499505,73.00851028964532,43850
2008-06-10,73.04037475585938,73.05630844839908,72.96072452393034,73.0085195246263,151300
2008-06-11,73.08820343017578,73.08820343017578,73.00855316154983,73.04040840745944,183700
2008-06-12,73.04037475585938,73.07223606401561,73.0085195246263,73.05630844839908,26150
2008-06-13,73.08820343017578,73.08820343017578,73.02448078450463,73.07226973029502,12750
2008-06-16,73.08820343017578,73.10413105313059,73.05634210734021,73.08820343017578,186350
2008-06-17,73.07225036621094,73.0881840618693,73.04038905181858,73.07225036621094,21650
2008-06-18,73.10411071777344,73.12004441322193,73.0563217852765,73.0881830992492,76650
2008-06-19,73.08820343017578,73.12006475301136,73.07226973029502,73.10413105313059,45800
2008-06-20,73.12007904052734,73.13600666659438,73.07228400847194,73.12007904052734,81400
2008-06-23,73.12007904052734,73.13600666659438,73.08821771146613,73.12007904052734,21000
2008-06-24,73.12007904052734,73.12007904052734,73.08821771146613,73.10414533753317,56150
2008-06-25,73.13597106933594,73.13597106933594,73.08818213746785,73.10410975578249,44450
2008-06-26,73.13597106933594,73.1678323828894,73.10410975578249,73.15189868765057,99550
2008-06-27,73.1678237915039,73.26340772094078,72.99258962599805,72.99258962599805,233150
2008-06-30,73.12007904052734,73.1678679956556,73.07228400847194,73.1678679956556,40950
2008-07-01,73.14555358886719,73.16150066156175,73.08175312939558,73.16150066156175,50700
2008-07-02,73.14555358886719,73.16150066156175,73.08175312939558,73.16150066156175,41550
2008-07-03,73.14555358886719,73.16150066156175,73.08175312939558,73.16150066156175,38300
2008-07-07,73.129638671875,73.16153891829168,73.0658442633915,73.14559183725828,87900
2008-07-08,73.09772491455078,73.17747246703969,73.09772491455078,73.14557222917448,47700
2008-07-09,73.11367797851562,73.1615252970575,73.11367797851562,73.1615252970575,40700
2008-07-10,73.17745971679688,73.19340679077679,73.11365925218287,73.11365925218287,56400
2008-07-11,73.22528839111328,73.2412354610355,73.17744109700098,73.20934132119106,54100
2008-07-14,73.22528839111328,73.2412354610355,73.16148794273312,73.1933881669232,64400
2008-07-15,73.24128723144531,73.25724039698963,73.19343990351226,73.24128723144531,98800
2008-07-16,73.25719451904297,73.27314159025035,73.20934722107468,73.25719451904297,375100
2008-07-17,73.14555358886719,73.27314842346372,73.12960043182593,73.24124819372791,134700
2008-07-18,73.24128723144531,73.273187478184,73.17749282231787,73.20939306905657,71950
2008-07-21,73.17745971679688,73.2572072553908,73.17745971679688,73.2572072553908,43200
2008-07-22,73.2093734741211,73.25722078924753,73.19342031284674,73.25722078924753,76300
2008-07-23,73.24128723144531,73.24128723144531,73.14559257557919,73.19343990351226,223150
2008-07-24,73.22528839111328,73.2412354610355,73.17744109700098,73.2412354610355,44500
2008-07-25,73.24128723144531,73.24128723144531,73.19343990351226,73.24128723144531,56100
2008-07-28,73.24128723144531,73.24128723144531,73.19343990351226,73.24128723144531,57100
2008-07-29,73.24128723144531,73.25724039698963,73.20939306905657,73.24128723144531,70550
2008-07-30,73.25719451904297,73.25719451904297,73.19339406552118,73.24124136348945,36750
2008-07-31,73.25719451904297,73.25719451904297,73.19339406552118,73.24124136348945,48650
2008-08-01,73.23486328125,73.25083940128788,73.20292322738328,73.25083940128788,44100
2008-08-04,73.25084686279297,73.26681689135307,73.23487074112774,73.26681689135307,190500
2008-08-05,73.26676940917969,73.29871553870161,73.2507993909693,73.26676940917969,86900
2008-08-06,73.23486328125,73.2827855482591,73.21889325431664,73.23486328125,75400
2008-08-07,73.28276824951172,73.28276824951172,73.2348459938149,73.2348459938149,41350
2008-08-08,73.26676940917969,73.29871553870161,73.21885326144738,73.28274552049125,68350
2008-08-11,73.28276824951172,73.29873827267528,73.20290594748778,73.21887597065134,170300
2008-08-12,73.23486328125,73.29875557519246,73.23486328125,73.2827855482591,68100
2008-08-13,73.29874420166016,73.29874420166016,73.25082803519057,73.25082803519057,70450
2008-08-14,73.28276824951172,73.29873827267528,73.26679213324509,73.26679213324509,73000
2008-08-15,73.29874420166016,73.36263648568865,73.26679805964591,73.36263648568865,65450
2008-08-18,73.25084686279297,73.31473916324364,73.25084686279297,73.31473916324364,77450
2008-08-19,73.31475830078125,73.31475830078125,73.26683601638139,73.26683601638139,34100
2008-08-20,73.31475830078125,73.33072833351005,73.26683601638139,73.26683601638139,60750
2008-08-21,73.3306884765625,73.3306884765625,73.29874233536165,73.29874233536165,28300
2008-08-22,73.34666442871094,73.34666442871094,73.29874825958863,73.33069440337148,38950
2008-08-25,73.3306884765625,73.34665850061121,73.31471845251377,73.31471845251377,59950
2008-08-26,73.34666442871094,73.36264054715431,73.2668021158058,73.34666442871094,143600
2008-08-27,73.34666442871094,73.36264054715431,73.29874825958863,73.31472437803201,50300
2008-08-28,73.34666442871094,73.36264054715431,73.31472437803201,73.34666442871094,51950
2008-08-29,73.31475830078125,73.36267449207438,73.28281214221693,73.36267449207438,46150
2008-09-02,73.36746215820312,73.39945219226225,73.30348819155999,73.335472124144,603900
2008-09-03,73.36746215820312,73.36746215820312,73.335472124144,73.335472124144,49900
2008-09-04,73.36746215820312,73.36746215820312,73.319480157852,73.319480157852,55350
2008-09-05,73.38352966308594,73.38352966308594,73.35153959875711,73.35153959875711,83600
2008-09-08,73.38352966308594,73.38352966308594,73.35153959875711,73.36753158018108,31000
2008-09-09,73.36746215820312,73.39945219226225,73.35147019191112,73.38346022597024,61950
2008-09-10,73.39949798583984,73.41549606358808,73.36750793182229,73.38350600957052,68600
2008-09-11,73.38352966308594,73.41551972741476,73.36753158018108,73.3995216445099,112750
2008-09-12,73.41551971435547,73.43151169577659,73.36753156713031,73.38352965003233,96400
2008-09-15,73.4954605102539,73.59142456085507,73.39949035817445,73.47946243416818,195200
2008-09-16,73.52749633789062,73.54348832245438,73.38354407088839,73.38354407088839,424750
2008-09-17,73.84735870361328,74.18325127538797,73.46349019512782,73.57545235189275,451300
2008-09-18,73.63939666748047,74.21520525173428,73.44745640507789,73.57541658001294,916150
2008-09-19,73.38352966308594,78.2619015958357,73.15960531426504,73.15960531426504,813150
2008-09-22,73.41551971435547,73.49549182442287,73.30355753996494,73.30355753996494,760150
2008-09-23,73.65542602539062,73.65542602539062,73.39951164709782,73.41550972782366,238050
2008-09-24,73.4314956665039,73.62342990906474,73.41550368857365,73.62342990906474,89300
2008-09-25,73.51148223876953,73.60745242969311,73.43151013040693,73.43151013040693,132050
2008-09-26,73.63939666748047,73.78334881354391,73.44745640507789,73.6233985948751,185700
2008-09-29,73.95931243896484,75.62275248489651,73.0955993122542,73.65540998615255,388850
2008-09-30,73.68739318847656,74.35917203617835,73.51145096404328,74.35917203617835,140850
2008-10-01,73.67621612548828,74.01256260230919,73.50003289196225,74.01256260230919,265950
2008-10-02,73.64418029785156,73.6762141676265,73.5640986783322,73.66020028765699,193650
2008-10-03,73.64418029785156,73.6762141676265,73.51605092858776,73.53206480855727,201500
2008-10-06,73.628173828125,74.25281907701321,73.35588896255217,74.25281907701321,324050
2008-10-07,73.61214447021484,73.64417833913778,73.46799511497956,73.64417833913778,146850
2008-10-08,73.54806518554688,73.62815290019854,73.45196970370056,73.62815290019854,222150
2008-10-09,73.66017150878906,73.66017150878906,73.48398834877928,73.54804995346448,177800
2008-10-10,73.7242431640625,73.75627702568895,73.25976744506497,73.67619542654002,351150
2008-10-13,73.4359359741211,73.70822071134516,73.38788824218953,73.67618685344623,204600
2008-10-14,73.56402587890625,73.58003974302834,73.3077612841438,73.35580898633991,195150
2008-10-15,73.58006286621094,73.62811669333828,73.43591360449251,73.51600127976081,204950
2008-10-16,73.54806518554688,73.644166777228,73.45196970370056,73.644166777228,200950
2008-10-17,73.38787841796875,73.5800754297998,73.37186454607985,73.5800754297998,157650
2008-10-20,73.56402587890625,73.58003974302834,73.38784282441395,73.38784282441395,145050
2008-10-21,73.56402587890625,73.58003974302834,73.45191050056204,73.56402587890625,98050
2008-10-22,73.46793365478516,73.62810286540893,73.4358998126604,73.54801520518171,180900
2008-10-23,73.56402587890625,73.56402587890625,73.46792436468412,73.46792436468412,151700
2008-10-24,73.4840087890625,73.70823974241657,73.46798880105993,73.46798880105993,168150
2008-10-27,73.59609985351562,73.59609985351562,73.49999828688333,73.59609985351562,149750
2008-10-28,73.58006286621094,73.72421212792936,73.51600127976081,73.62811669333828,186750
2008-10-29,73.50001525878906,73.62815071055324,73.50001525878906,73.54806299828331,144300
2008-10-30,73.59609985351562,73.59609985351562,73.48398441402789,73.48398441402789,110550
2008-10-31,73.51604461669922,73.62816009636758,73.51604461669922,73.59612622934299,175250
2008-11-03,73.49515533447266,73.60738566665735,73.49515533447266,73.60738566665735,158550
2008-11-04,73.52728271484375,73.59141613363327,73.47918570880132,73.47918570880132,96450
2008-11-05,73.5593032836914,73.63946694884541,73.52723659441068,73.54326688100323,133750
2008-11-06,73.6715316772461,73.70359836567332,73.52723463737132,73.52723463737132,118100
2008-11-07,73.6715316772461,73.6715316772461,73.60739830039165,73.6715316772461,83900
2008-11-10,73.65547943115234,73.65547943115234,73.59135218418758,73.59135218418758,60950
2008-11-11,73.65547943115234,73.67151582996414,73.59135218418758,73.60738246690524,88400
2008-11-12,73.6715316772461,73.68756196341198,73.60739830039165,73.65549527498476,109050
2008-11-13,73.6715316772461,73.70359836567332,73.62342858655754,73.6715316772461,132450
2008-11-14,73.6715316772461,73.70359836567332,73.62342858655754,73.70359836567332,132200
2008-11-17,73.70361328125,73.70361328125,73.62344348591007,73.65551018082671,170900
2008-11-18,73.62344360351562,73.70361339898362,73.57534661911218,73.70361339898362,260650
2008-11-19,73.60741424560547,73.68757792599126,73.60741424560547,73.68757792599126,81200
2008-11-20,73.65547943115234,73.70358251149358,73.49515213959926,73.70358251149358,226150
2008-11-21,73.63943481445312,73.67150148974076,73.59133785956814,73.65546509405047,233750
2008-11-24,73.65547943115234,73.91200676729376,73.63944914843468,73.70358251149358,253450
2008-11-25,73.6715316772461,73.68756196341198,73.62342858655754,73.6715316772461,68400
2008-11-26,73.70361328125,73.70361328125,73.60741319650009,73.67154658633336,118100
2008-11-28,73.47914123535156,73.70360194915999,73.47914123535156,73.70360194915999,39700
2008-12-01,73.68124389648438,73.72936815860682,73.60103475309185,73.71332877775446,145000
2008-12-02,73.74545288085938,73.74545288085938,73.63315879647269,73.6973224735732,114650
2008-12-03,73.6331558227539,73.71336500556673,73.6331558227539,73.71336500556673,92050
2008-12-04,73.60106658935547,73.6812757674426,73.60106658935547,73.63315148450393,106250
2008-12-05,73.60106658935547,73.71336066259106,73.58502108199723,73.71336066259106,147500
2008-12-08,73.61714935302734,73.68131918113369,73.58506443897416,73.63319486983974,190000
2008-12-09,73.58499908447266,73.68125374114364,73.56895970147725,73.68125374114364,241200
2008-12-10,73.6331558227539,73.66523460022434,73.58502541741152,73.58502541741152,281850
2008-12-11,73.55294799804688,73.69732698961543,73.55294799804688,73.61711779864824,158000
2008-12-12,73.58499908447266,73.66520823858204,73.58499908447266,73.58499908447266,171400
2008-12-15,73.5689926147461,73.63316241456833,73.5689926147461,73.6010775146572,120300
2008-12-16,73.61714935302734,73.64923426708052,73.5690250417334,73.61714935302734,176200
2008-12-17,73.5689926147461,73.63316241456833,73.5689926147461,73.5689926147461,156850
2008-12-18,73.5208511352539,73.64918458532469,73.39251156561562,73.61709969291512,774150
2008-12-19,73.5689926147461,73.66524119491052,73.52086832466387,73.61711690482831,202500
2008-12-22,73.6652603149414,73.6652603149414,73.55296619589069,73.64922092060723,116100
2008-12-23,73.58499908447266,73.66520823858204,73.58499908447266,73.64916885558664,155600
2008-12-24,73.6652603149414,73.69734522318026,73.58505110412953,73.69734522318026,68100
2008-12-26,73.6652603149414,73.69734522318026,73.60109661803422,73.60109661803422,70500
2008-12-29,73.40520477294922,73.54967185574918,73.35705111978349,73.51756737920444,87100
2008-12-30,73.66200256347656,73.66200256347656,73.51753554323646,73.59779363819204,125200
2008-12-31,73.50151062011719,73.61387321478101,73.4212524986862,73.56571956658284,163600
2009-01-02,73.5175552368164,73.66202229575575,73.5175552368164,73.5978133532712,110100
2009-01-05,73.5175552368164,73.66202229575575,73.50150606284616,73.66202229575575,196850
2009-01-06,73.53361511230469,73.58176876051526,73.51755981403306,73.51755981403306,94200
2009-01-07,73.64595794677734,73.6620071174406,73.53359538223297,73.53359538223297,214050
2009-01-08,73.56570434570312,73.6138579839382,73.5496490507575,73.56570434570312,64900
2009-01-09,73.61389923095703,73.69415738075236,73.54969026179903,73.59784392701536,87900
2009-01-12,73.58171844482422,73.74223457796553,73.58171844482422,73.61382289611208,178700
2009-01-13,73.6781005859375,73.74230342515621,73.59783632113265,73.6459961046763,1438550
2009-01-14,73.69412231445312,73.71017148745369,73.64596867215002,73.71017148745369,4573650
2009-01-15,73.7101821899414,73.7101821899414,73.59781959271851,73.64597936531568,207800
2009-01-16,73.66200256347656,73.69410702611883,73.61384893116325,73.61384893116325,116500
2009-01-20,73.53361511230469,73.74228500341862,73.53361511230469,73.69413135520804,1157900
2009-01-21,73.66200256347656,73.66200256347656,73.54964000587873,73.58174446852098,133400
2009-01-22,73.6781005859375,73.6781005859375,73.5817871421539,73.5817871421539,116900
2009-01-23,73.66200256347656,73.67805785644777,73.56569529884993,73.59779363819204,94600
2009-01-26,73.64595794677734,73.67806241140437,73.58174901752326,73.67806241140437,98500
2009-01-27,73.61389923095703,73.66205289617336,73.56574556574068,73.66205289617336,105150
2009-01-28,73.58171844482422,73.64592734739993,73.56566928082928,73.64592734739993,67450
2009-01-29,73.58171844482422,73.62987206010702,73.54961399353637,73.59776760881915,226450
2009-01-30,73.64595794677734,73.64595794677734,73.58174901752326,73.58174901752326,141800
2009-02-02,73.69092559814453,73.70697757077451,73.57854341662595,73.64275743151545,513900
2009-02-03,73.6267318725586,73.67489393209631,73.61067376979818,73.65884195370765,121850
2009-02-04,73.67488098144531,73.67488098144531,73.59460885486887,73.62671893037358,67700
2009-02-05,73.64269256591797,73.6748026072645,73.61058252457146,73.64269256591797,121950
2009-02-06,73.5303955078125,73.62672574324033,73.51434353076016,73.5303955078125,1654150
2009-02-09,73.6267318725586,73.64278385094724,73.56251171026048,73.61067376979818,164200
2009-02-10,73.61065673828125,73.65882491104591,73.57855278893194,73.57855278893194,198100
2009-02-11,73.59457397460938,73.62668403489548,73.59457397460938,73.62668403489548,147750
2009-02-12,73.59457397460938,73.64273600285465,73.59457397460938,73.62668403489548,161100
2009-02-13,73.65879821777344,73.65879821777344,73.57852612474935,73.59457809360691,1087600
2009-02-17,73.65879821777344,73.674850186631,73.62668815569018,73.65879821777344,2976300
2009-02-18,73.67488098144531,73.67488098144531,73.59460885486887,73.59460885486887,666500
2009-02-19,73.67488098144531,73.69093908138302,73.61066083043589,73.62671893037358,641800
2009-02-20,73.67488098144531,73.67488098144531,73.62671893037358,73.62671893037358,227400
2009-02-23,73.65879821777344,73.674850186631,73.62668815569018,73.65879821777344,342350
2009-02-24,73.61065673828125,73.65882491104591,73.56249468988693,73.65882491104591,3389950
2009-02-25,73.57854461669922,73.64275863263606,73.57854461669922,73.62670665974426,1315150
2009-02-26,73.59457397460938,73.64273600285465,73.59457397460938,73.64273600285465,201300
2009-02-27,73.64269256591797,73.6748026072645,73.61058252457146,73.6266406074268,142750
2009-03-02,73.68612670898438,73.70218726002908,73.63795730646129,73.67007228324519,325450
2009-03-03,73.6700439453125,73.70215890974305,73.5897595968877,73.70215890974305,397650
2009-03-04,73.6700439453125,73.6860983648762,73.6058140164514,73.6860983648762,140900
2009-03-05,73.68612670898438,73.68612670898438,73.62189675541659,73.65401173220047,246000
2009-03-06,73.6700439453125,73.6860983648762,73.63792898088195,73.63792898088195,278150
2009-03-09,73.6700439453125,73.70215890974305,73.65398340044565,73.70215890974305,258650
2009-03-10,73.6700439453125,73.6860983648762,73.6218684360151,73.6860983648762,136850
2009-03-11,73.6700439453125,73.6700439453125,73.5897595968877,73.63792898088195,281650
2009-03-12,73.63796997070312,73.67008495301015,73.6058549883961,73.6058549883961,160550
2009-03-13,73.62188720703125,73.67006272861173,73.60583278337423,73.63794775599298,299750
2009-03-16,73.6058120727539,73.63792703633641,73.58975765361416,73.6058120727539,258800
2009-03-17,73.65393829345703,73.65393829345703,73.60576893896256,73.60576893896256,141750
2009-03-18,73.6700439453125,73.71821332930675,73.6058140164514,73.63792898088195,421100
2009-03-19,73.62188720703125,73.67006272861173,73.60583278337423,73.63794775599298,395000
2009-03-20,73.65393829345703,73.66999882848812,73.63788388372534,73.66999882848812,198550
2009-03-23,73.6700439453125,73.6700439453125,73.6218684360151,73.6700439453125,165300
2009-03-24,73.65393829345703,73.66999882848812,73.63788388372534,73.63788388372534,133750
2009-03-25,73.68612670898438,73.68612670898438,73.65401173220047,73.65401173220047,165200
2009-03-26,73.6700439453125,73.6860983648762,73.63792898088195,73.63792898088195,464750
2009-03-27,73.68612670898438,73.68612670898438,73.65401173220047,73.67007228324519,191750
2009-03-30,73.6700439453125,73.6860983648762,73.65398340044565,73.6860983648762,173650
2009-03-31,73.63796997070312,73.67008495301015,73.63796997070312,73.65402439920335,160650
2009-04-01,73.65078735351562,73.6989651486629,73.63472400421804,73.65078735351562,218500
2009-04-02,73.60260009765625,73.66683510747174,73.60260009765625,73.63471453937802,1172500
2009-04-03,73.65078735351562,73.65078735351562,73.60260955836836,73.60260955836836,274350
2009-04-06,73.63475036621094,73.66687094993286,73.60263590886395,73.61869313753745,242350
2009-04-07,73.63475036621094,73.65081372125937,73.61869313753745,73.61869313753745,153000
2009-04-08,73.66680145263672,73.68286479253098,73.61862368569223,73.66680145263672,150150
2009-04-09,73.61864471435547,73.65076527694987,73.61864471435547,73.65076527694987,542500
2009-04-13,73.66680145263672,73.66680145263672,73.61862368569223,73.61862368569223,243500
2009-04-14,73.63475036621094,73.65081372125937,73.61869313753745,73.63475036621094,125600
2009-04-15,73.63475036621094,73.66687094993286,73.61869313753745,73.65081372125937,158950
2009-04-16,73.68292236328125,73.68292236328125,73.6186812062489,73.65080178476508,176000
2009-04-17,73.60260009765625,73.68289845470457,73.60260009765625,73.68289845470457,467950
2009-04-20,73.63475036621094,73.65081372125937,73.60263590886395,73.63475036621094,115500
2009-04-21,73.61864471435547,73.65076527694987,73.61864471435547,73.63470193246722,118850
2009-04-22,73.66680145263672,73.66680145263672,73.63468089921734,73.6507442391116,95150
2009-04-23,73.69898223876953,73.69898223876953,73.65080443245029,73.68292501212117,182200
2009-04-24,73.69898223876953,73.69898223876953,73.65080443245029,73.66686165909864,98800
2009-04-27,73.68292236328125,73.69897958935238,73.63473843232002,73.63473843232002,151000
2009-04-28,73.69898223876953,73.69898223876953,73.65080443245029,73.65080443245029,300600
2009-04-29,73.68292236328125,73.69897958935238,73.6668590108362,73.68292236328125,143450
2009-04-30,73.68292236328125,73.69897958935238,73.65080178476508,73.68292236328125,183900
2009-05-01,73.70699310302734,73.70699310302734,73.64274496085906,73.65881005992117,62300
2009-05-04,73.61063385009766,73.69094097174289,73.61063385009766,73.65881689767667,151350
2009-05-05,73.62667083740234,73.65879490187577,73.61061186868504,73.64272980611965,199150
2009-05-06,73.61063385009766,73.67487587118947,73.61063385009766,73.61063385009766,97050
2009-05-07,73.61063385009766,73.65881689767667,73.61063385009766,73.61063385009766,133800
2009-05-08,73.62667083740234,73.64272980611965,73.61061186868504,73.62667083740234,187700
2009-05-11,73.61063385009766,73.69094097174289,73.61063385009766,73.61063385009766,220050
2009-05-12,73.67484283447266,73.6909079278223,73.61060084218775,73.61060084218775,152400
2009-05-13,73.62667083740234,73.67485387059307,73.62667083740234,73.62667083740234,100350
2009-05-14,73.64278411865234,73.65884922625669,73.62672513809133,73.62672513809133,232850
2009-05-15,73.64278411865234,73.6749082068177,73.62672513809133,73.6749082068177,107200
2009-05-18,73.69094848632812,73.69094848632812,73.62670033164402,73.62670033164402,342350
2009-05-19,73.67484283447266,73.67484283447266,73.62665980849951,73.64271877481126,122100
2009-05-20,73.61063385009766,73.65881689767667,73.61063385009766,73.64275179712324,484850
2009-05-21,73.65880584716797,73.67486481827154,73.62668177792109,73.62668177792109,293850
2009-05-22,73.67484283447266,73.67484283447266,73.62665980849951,73.67484283447266,231500
2009-05-26,73.69094848632812,73.69094848632812,73.64275930679442,73.67488338413646,113700
2009-05-27,73.69094848632812,73.70700746147853,73.64275930679442,73.64275930679442,175100
2009-05-28,73.67484283447266,73.70696689413406,73.65878386816091,73.6909079278223,85350
2009-05-29,73.69094848632812,73.69094848632812,73.67488338413646,73.67488338413646,105750
2009-06-01,73.63308715820312,73.69734088616187,73.63308715820312,73.69734088616187,348100
2009-06-02,73.63308715820312,73.6812743903858,73.63308715820312,73.64914752640644,912000
2009-06-03,73.66523742675781,73.69736430094439,73.63311055257124,73.63311055257124,76500
2009-06-04,73.66523742675781,73.68129780006375,73.63311055257124,73.66523742675781,134000
2009-06-05,73.64916229248047,73.66522879147773,73.61704154963391,73.66522879147773,271900
2009-06-08,73.66523742675781,73.68129780006375,73.61705017926532,73.64917092587717,132200
2009-06-09,73.64916229248047,73.66522879147773,73.63310192105719,73.63310192105719,101650
2009-06-10,73.66523742675781,73.68129780006375,73.63311055257124,73.66523742675781,124200
2009-06-11,73.6170425415039,73.66522978399699,73.6170425415039,73.64916328478324,98050
2009-06-12,73.68126678466797,73.68126678466797,73.6330795574594,73.64913992400488,216350
2009-06-15,73.68126678466797,73.68126678466797,73.6330795574594,73.6652064181225,116850
2009-06-16,73.6973876953125,73.6973876953125,73.64919430494687,73.68132118933174,711450
2009-06-17,73.6973876953125,73.6973876953125,73.66526081092763,73.6973876953125,153400
2009-06-18,73.68126678466797,73.69733327878558,73.6652064181225,73.69733327878558,330100
2009-06-19,73.6973876953125,73.6973876953125,73.64919430494687,73.66526081092763,232600
2009-06-22,73.6973876953125,73.6973876953125,73.66526081092763,73.6973876953125,214900
2009-06-23,73.6973876953125,73.6973876953125,73.68132118933174,73.6973876953125,242400
2009-06-24,73.6973876953125,73.6973876953125,73.68132118933174,73.6973876953125,173300
2009-06-25,73.6973876953125,73.7134480737166,73.68132118933174,73.68132118933174,322950
2009-06-26,73.6973876953125,73.6973876953125,73.66526081092763,73.68132118933174,127350
2009-06-29,73.6973876953125,73.6973876953125,73.68132118933174,73.6973876953125,136600
2009-06-30,73.68126678466797,73.69733327878558,73.68126678466797,73.69733327878558,189550
2009-07-01,73.68289184570312,73.69895869417176,73.68289184570312,73.68289184570312,94400
2009-07-02,73.69900512695312,73.69900512695312,73.68293826836184,73.69900512695312,100100
2009-07-06,73.68289184570312,73.69895869417176,73.68289184570312,73.68289184570312,113200
2009-07-07,73.68289184570312,73.69895869417176,73.68289184570312,73.69895869417176,146100
2009-07-08,73.69900512695312,73.69900512695312,73.68293826836184,73.69900512695312,170500
2009-07-09,73.68289184570312,73.69895869417176,73.68289184570312,73.69895869417176,113000
2009-07-10,73.68289184570312,73.69895869417176,73.68289184570312,73.68289184570312,246100
2009-07-13,73.69900512695312,73.69900512695312,73.66687753748167,73.68293826836184,430750
2009-07-14,73.69900512695312,73.69900512695312,73.68293826836184,73.69900512695312,143300
2009-07-15,73.66683197021484,73.69895953981352,73.66683197021484,73.69895953981352,149050
2009-07-16,73.69900512695312,73.69900512695312,73.66687753748167,73.66687753748167,204950
2009-07-17,73.69900512695312,73.69900512695312,73.66687753748167,73.66687753748167,122750
2009-07-20,73.66683197021484,73.6828926911605,73.66683197021484,73.66683197021484,269600
2009-07-21,73.66683197021484,73.6828926911605,73.65076512156185,73.66683197021484,509850
2009-07-22,73.68289184570312,73.68289184570312,73.6507642764731,73.66683112494175,266750
2009-07-23,73.66683197021484,73.66683197021484,73.65076512156185,73.66683197021484,461600
2009-07-24,73.65076446533203,73.66683131384188,73.65076446533203,73.66683131384188,815800
2009-07-27,73.65076446533203,73.66683131384188,73.65076446533203,73.65076446533203,158600
2009-07-28,73.66683197021484,73.66683197021484,73.65076512156185,73.66683197021484,243500
2009-07-29,73.66683197021484,73.6828926911605,73.65076512156185,73.66683197021484,133950
2009-07-30,73.68289184570312,73.69895869417176,73.6507642764731,73.6507642764731,220100
2009-07-31,73.63469696044922,73.68288524612451,73.63469696044922,73.66682452680166,102950
2009-08-03,73.65397644042969,73.67004398962904,73.63791501920487,73.65397644042969,438050
2009-08-04,73.67005157470703,73.67005157470703,73.63792260097485,73.67005157470703,239900
2009-08-05,73.65397644042969,73.67004398962904,73.63791501920487,73.65397644042969,188900
2009-08-06,73.65397644042969,73.67004398962904,73.65397644042969,73.65397644042969,85550
2009-08-07,73.65397644042969,73.67004398962904,73.65397644042969,73.65397644042969,147250
2009-08-10,73.65397644042969,73.67004398962904,73.63791501920487,73.67004398962904,134500
2009-08-11,73.65397644042969,73.67004398962904,73.65397644042969,73.67004398962904,88950
2009-08-12,73.68611145019531,73.68611145019531,73.65398247713783,73.65398247713783,188500
2009-08-13,73.65397644042969,73.68610541085386,73.65397644042969,73.67004398962904,149000
2009-08-14,73.68611145019531,73.68611145019531,73.63792105459662,73.65398247713783,129500
2009-08-17,73.65397644042969,73.68610541085386,73.65397644042969,73.67004398962904,115200
2009-08-18,73.68611145019531,73.68611145019531,73.65398247713783,73.68611145019531,73450
2009-08-19,73.65397644042969,73.68610541085386,73.65397644042969,73.65397644042969,67050
2009-08-20,73.67005157470703,73.68611299758554,73.65398402385337,73.68611299758554,143100
2009-08-21,73.65397644042969,73.67004398962904,73.65397644042969,73.65397644042969,176100
2009-08-24,73.65397644042969,73.67004398962904,73.65397644042969,73.65397644042969,202300
2009-08-25,73.65397644042969,73.67004398962904,73.65397644042969,73.65397644042969,398550
2009-08-26,73.67005157470703,73.67005157470703,73.65398402385337,73.65398402385337,90100
2009-08-27,73.67005157470703,73.68611299758554,73.65398402385337,73.65398402385337,118750
2009-08-28,73.68611145019531,73.70217900071155,73.65398247713783,73.67005002765409,83550
2009-08-31,73.68611145019531,73.68611145019531,73.67005002765409,73.68611145019531,153700
2009-09-01,73.6411361694336,73.68932866907942,73.6411361694336,73.68932866907942,438500
2009-09-02,73.70543670654297,73.70543670654297,73.64117592016619,73.68936844582583,334750
2009-09-03,73.70543670654297,73.70543670654297,73.67330631335459,73.67330631335459,174700
2009-09-04,73.70543670654297,73.70543670654297,73.67330631335459,73.67330631335459,78850
2009-09-08,73.70543670654297,73.70543670654297,73.67330631335459,73.67330631335459,159000
2009-09-09,73.6572036743164,73.705402305726,73.6572036743164,73.68933405250846,119100
2009-09-10,73.67327117919922,73.68933330401057,73.65720292614489,73.68933330401057,148450
2009-09-11,73.6572036743164,73.67327192753395,73.6572036743164,73.6572036743164,211600
2009-09-14,73.6572036743164,73.68933405250846,73.6572036743164,73.68933405250846,89550
2009-09-15,73.6572036743164,73.67327192753395,73.6572036743164,73.6572036743164,167500
2009-09-16,73.6572036743164,73.67327192753395,73.6572036743164,73.6572036743164,167900
2009-09-17,73.67327117919922,73.68933330401057,73.65720292614489,73.67327117919922,196700
2009-09-18,73.6572036743164,73.67327192753395,73.6572036743164,73.6572036743164,483250
2009-09-21,73.70543670654297,73.70543670654297,73.65723805263745,73.65723805263745,101900
2009-09-22,73.6572036743164,73.68933405250846,73.6572036743164,73.68933405250846,187200
2009-09-23,73.6893310546875,73.6893310546875,73.65720067780258,73.67326893036643,129750
2009-09-24,73.6572036743164,73.68933405250846,73.6572036743164,73.68933405250846,98950
2009-09-25,73.6893310546875,73.6893310546875,73.65720067780258,73.67326893036643,80550
2009-09-28,73.70543670654297,73.70543670654297,73.65723805263745,73.67330631335459,198050
2009-09-29,73.70543670654297,73.70543670654297,73.67330631335459,73.67330631335459,95550
2009-09-30,73.70543670654297,73.72149883901422,73.67330631335459,73.67330631335459,142500
2009-10-01,73.66045379638672,73.69258559233081,73.66045379638672,73.67652275861549,591400
2009-10-02,73.66045379638672,73.70865455455959,73.66045379638672,73.67652275861549,108800
2009-10-05,73.69251251220703,73.69251251220703,73.66038074812768,73.67644969442104,133750
2009-10-06,73.66045379638672,73.69258559233081,73.66045379638672,73.69258559233081,227700
2009-10-07,73.69251251220703,73.69251251220703,73.66038074812768,73.66038074812768,106550
2009-10-08,73.66045379638672,73.69258559233081,73.66045379638672,73.67652275861549,109950
2009-10-09,73.67648315429688,73.69254597937774,73.66041420070587,73.67648315429688,228900
2009-10-12,73.67648315429688,73.69254597937774,73.66041420070587,73.67648315429688,101850
2009-10-13,73.67648315429688,73.67648315429688,73.66041420070587,73.67648315429688,80250
2009-10-14,73.66045379638672,73.67652275861549,73.66045379638672,73.66045379638672,345450
2009-10-15,73.66045379638672,73.67652275861549,73.66045379638672,73.66045379638672,122150
2009-10-16,73.69251251220703,73.69251251220703,73.66038074812768,73.66038074812768,88950
2009-10-19,73.67648315429688,73.69254597937774,73.66041420070587,73.67648315429688,100550
2009-10-20,73.66045379638672,73.67652275861549,73.66045379638672,73.66045379638672,132850
2009-10-21,73.66045379638672,73.67652275861549,73.66045379638672,73.67652275861549,83700
2009-10-22,73.66045379638672,73.67652275861549,73.66045379638672,73.66045379638672,135300
2009-10-23,73.66045379638672,73.67652275861549,73.66045379638672,73.66045379638672,161750
2009-10-26,73.66045379638672,73.67652275861549,73.66045379638672,73.66045379638672,82950
2009-10-27,73.66045379638672,73.69258559233081,73.66045379638672,73.67652275861549,111350
2009-10-28,73.66045379638672,73.67652275861549,73.66045379638672,73.66045379638672,79600
2009-10-29,73.67648315429688,73.70861493296874,73.66041420070587,73.67648315429688,210250
2009-10-30,73.70862579345703,73.70862579345703,73.69255683749837,73.69255683749837,190950
2009-11-02,73.71024322509766,73.71024322509766,73.69417391652846,73.71024322509766,245400
2009-11-03,73.71024322509766,73.71024322509766,73.69417391652846,73.71024322509766,143450
2009-11-04,73.69410705566406,73.72623951500393,73.67804389031411,73.69410705566406,638050
2009-11-05,73.69410705566406,73.71017634965398,73.69410705566406,73.71017634965398,158650
2009-11-06,73.71024322509766,73.71024322509766,73.69417391652846,73.69417391652846,78850
2009-11-09,73.71024322509766,73.71024322509766,73.69417391652846,73.69417391652846,161150
2009-11-10,73.66203308105469,73.71023487265478,73.66203308105469,73.71023487265478,162900
2009-11-11,73.66203308105469,73.678102387803,73.66203308105469,73.678102387803,196250
2009-11-12,73.66203308105469,73.69416556590647,73.66203308105469,73.69416556590647,95300
2009-11-13,73.66203308105469,73.69416556590647,73.66203308105469,73.66203308105469,177350
2009-11-16,73.66203308105469,73.69416556590647,73.66203308105469,73.69416556590647,199650
2009-11-17,73.66203308105469,73.678102387803,73.66203308105469,73.678102387803,102100
2009-11-18,73.66203308105469,73.69416556590647,73.66203308105469,73.678102387803,110500
2009-11-19,73.66203308105469,73.678102387803,73.66203308105469,73.678102387803,87400
2009-11-20,73.66203308105469,73.678102387803,73.64596990295122,73.66203308105469,205250
2009-11-23,73.66203308105469,73.678102387803,73.66203308105469,73.66203308105469,63200
2009-11-24,73.66203308105469,73.678102387803,73.66203308105469,73.66203308105469,197200
2009-11-25,73.66203308105469,73.678102387803,73.66203308105469,73.66203308105469,59350
2009-11-27,73.67811584472656,73.67811584472656,73.66204653504327,73.67811584472656,14150
2009-11-30,73.67811584472656,73.71024833544718,73.66204653504327,73.66204653504327,271800
2009-12-01,73.67811584472656,73.69417902576389,73.66204653504327,73.69417902576389,124650
2009-12-02,73.66203308105469,73.69416556590647,73.66203308105469,73.69416556590647,100950
2009-12-03,73.66203308105469,73.69416556590647,73.66203308105469,73.66203308105469,80400
2009-12-04,73.69410705566406,73.69410705566406,73.6619745963242,73.6619745963242,75150
2009-12-07,73.66203308105469,73.69416556590647,73.66203308105469,73.66203308105469,98500
2009-12-08,73.66203308105469,73.678102387803,73.66203308105469,73.678102387803,162700
2009-12-09,73.69410705566406,73.69410705566406,73.6619745963242,73.6619745963242,181550
2009-12-10,73.66203308105469,73.69416556590647,73.66203308105469,73.69416556590647,55600
2009-12-11,73.66203308105469,73.69416556590647,73.66203308105469,73.69416556590647,131850
2009-12-14,73.64594268798828,73.6780751609659,73.64594268798828,73.66200586015582,263450
2009-12-15,73.64594268798828,73.66200586015582,73.64594268798828,73.66200586015582,145100
2009-12-16,73.66203308105469,73.69416556590647,73.66203308105469,73.66203308105469,73000
2009-12-17,73.66203308105469,73.69416556590647,73.66203308105469,73.678102387803,197700
2009-12-18,73.66203308105469,73.678102387803,73.66203308105469,73.66203308105469,92400
2009-12-21,73.66203308105469,73.678102387803,73.66203308105469,73.678102387803,95500
2009-12-22,73.66203308105469,73.69416556590647,73.66203308105469,73.678102387803,90650
2009-12-23,73.66203308105469,73.678102387803,73.66203308105469,73.66203308105469,179750
2009-12-24,73.67811584472656,73.67811584472656,73.66204653504327,73.66204653504327,69100
2009-12-28,73.66203308105469,73.69416556590647,73.66203308105469,73.678102387803,102850
2009-12-29,73.66845703125,73.70059231832532,73.66845703125,73.66845703125,65050
2009-12-30,73.68453216552734,73.70059674544034,73.66846145643468,73.68453216552734,99200
2009-12-31,73.70053100585938,73.70053100585938,73.66839574551783,73.6844664402757,73700
2010-01-04,73.66845703125,73.68452773937732,73.652392452302,73.66845703125,192800
2010-01-05,73.6523666381836,73.68450191399594,73.6523666381836,73.66843121150119,105600
2010-01-06,73.6523666381836,73.66843121150119,73.6523666381836,73.6523666381836,450300
2010-01-07,73.6523666381836,73.66843121150119,73.6523666381836,73.6523666381836,264350
2010-01-08,73.6523666381836,73.66843121150119,73.6523666381836,73.66843121150119,116700
2010-01-11,73.6523666381836,73.66843121150119,73.6523666381836,73.6523666381836,131100
2010-01-12,73.6523666381836,73.66843121150119,73.6523666381836,73.66843121150119,142400
2010-01-13,73.68453216552734,73.68453216552734,73.6523968765217,73.66846145643468,133300
2010-01-14,73.66845703125,73.68452773937732,73.66845703125,73.66845703125,53300
2010-01-15,73.66845703125,73.68452773937732,73.66845703125,73.66845703125,83700
2010-01-19,73.66845703125,73.68452773937732,73.66845703125,73.68452773937732,61250
2010-01-20,73.66845703125,73.68452773937732,73.66845703125,73.68452773937732,76500
2010-01-21,73.66845703125,73.68452773937732,73.66845703125,73.66845703125,188900
2010-01-22,73.66845703125,73.68452773937732,73.66845703125,73.68452773937732,103850
2010-01-25,73.68453216552734,73.68453216552734,73.63633229660871,73.68453216552734,132000
2010-01-26,73.68453216552734,73.68453216552734,73.6523968765217,73.68453216552734,136000
2010-01-27,73.70053100585938,73.70053100585938,73.65233117993415,73.65233117993415,406850
2010-01-28,73.68453216552734,73.70059674544034,73.66846145643468,73.66846145643468,117500
2010-01-29,73.70053100585938,73.70053100585938,73.66839574551783,73.6844664402757,190750
2010-02-01,73.68453216552734,73.70059674544034,73.66846145643468,73.66846145643468,364350
2010-02-02,73.66845703125,73.70059231832532,73.66845703125,73.68452773937732,170950
2010-02-03,73.70053100585938,73.71660170061726,73.6844664402757,73.70053100585938,739400
2010-02-04,73.70053100585938,73.70053100585938,73.6844664402757,73.6844664402757,155750
2010-02-05,73.70053100585938,73.70053100585938,73.66839574551783,73.66839574551783,685400
2010-02-08,73.70053100585938,73.70053100585938,73.6844664402757,73.6844664402757,215150
2010-02-09,73.70053100585938,73.70053100585938,73.6844664402757,73.70053100585938,314850
2010-02-10,73.70053100585938,73.70053100585938,73.66839574551783,73.6844664402757,233950
2010-02-11,73.70053100585938,73.70053100585938,73.6844664402757,73.70053100585938,109900
2010-02-12,73.70053100585938,73.70053100585938,73.6844664402757,73.70053100585938,144400
2010-02-16,73.70053100585938,73.70053100585938,73.6844664402757,73.70053100585938,155950
2010-02-17,73.6523666381836,73.70056648731354,73.6523666381836,73.70056648731354,338900
2010-02-18,73.68453216552734,73.68453216552734,73.66846145643468,73.66846145643468,103800
2010-02-19,73.6523666381836,73.68450191399594,73.6523666381836,73.68450191399594,287550
2010-02-22,73.68453216552734,73.68453216552734,73.66846145643468,73.68453216552734,170250
2010-02-23,73.6523666381836,73.68450191399594,73.6523666381836,73.68450191399594,86850
2010-02-24,73.68453216552734,73.68453216552734,73.6523968765217,73.66846145643468,144950
2010-02-25,73.68453216552734,73.68453216552734,73.66846145643468,73.66846145643468,67250
2010-02-26,73.68453216552734,73.68453216552734,73.6523968765217,73.66846145643468,104250
2010-03-01,73.6523666381836,73.68450191399594,73.6523666381836,73.68450191399594,265300
2010-03-02,73.66845703125,73.68452773937732,73.652392452302,73.68452773937732,82950
2010-03-03,73.6523666381836,73.68450191399594,73.6523666381836,73.68450191399594,278900
2010-03-04,73.6523666381836,73.66843121150119,73.6523666381836,73.66843121150119,137250
2010-03-05,73.6523666381836,73.66843121150119,73.6523666381836,73.6523666381836,285700
2010-03-08,73.6523666381836,73.66843121150119,73.6523666381836,73.66843121150119,200650
2010-03-09,73.6523666381836,73.66843121150119,73.636302064866,73.6523666381836,824200
2010-03-10,73.66845703125,73.66845703125,73.652392452302,73.652392452302,127200
2010-03-11,73.6523666381836,73.66843121150119,73.6523666381836,73.66843121150119,151050
2010-03-12,73.6523666381836,73.66843121150119,73.6523666381836,73.66843121150119,106100
2010-03-15,73.6523666381836,73.66843121150119,73.6523666381836,73.6523666381836,143500
2010-03-16,73.6523666381836,73.66843121150119,73.6523666381836,73.6523666381836,98650
2010-03-17,73.6523666381836,73.66843121150119,73.6523666381836,73.66843121150119,228250
2010-03-18,73.6523666381836,73.66843121150119,73.6523666381836,73.6523666381836,83400
2010-03-19,73.6523666381836,73.66843121150119,73.6523666381836,73.6523666381836,107100
2010-03-22,73.66845703125,73.66845703125,73.652392452302,73.652392452302,204750
2010-03-23,73.66845703125,73.66845703125,73.652392452302,73.652392452302,148450
2010-03-24,73.6523666381836,73.66843121150119,73.6523666381836,73.6523666381836,161800
2010-03-25,73.68453216552734,73.68453216552734,73.6523968765217,73.66846145643468,283300
2010-03-26,73.68453216552734,73.68453216552734,73.66846145643468,73.66846145643468,127150
2010-03-29,73.6523666381836,73.68450191399594,73.6523666381836,73.66843121150119,173250
2010-03-30,73.6523666381836,73.68450191399594,73.6523666381836,73.66843121150119,231300
2010-03-31,73.68453216552734,73.68453216552734,73.6523968765217,73.68453216552734,248100
2010-04-01,73.68453216552734,73.68453216552734,73.6523968765217,73.6523968765217,520800
2010-04-05,73.6523666381836,73.68450191399594,73.6523666381836,73.66843121150119,464050
2010-04-06,73.6523666381836,73.66843121150119,73.6523666381836,73.66843121150119,276000
2010-04-07,73.6523666381836,73.68450191399594,73.6523666381836,73.68450191399594,725100
2010-04-08,73.6523666381836,73.66843121150119,73.6523666381836,73.6523666381836,130250
2010-04-09,73.6523666381836,73.66843121150119,73.6523666381836,73.66843121150119,195150
2010-04-12,73.6523666381836,73.66843121150119,73.6523666381836,73.6523666381836,102300
2010-04-13,73.6523666381836,73.66843121150119,73.6523666381836,73.66843121150119,96350
2010-04-14,73.6523666381836,73.66843121150119,73.6523666381836,73.6523666381836,158500
2010-04-15,73.6523666381836,73.66843121150119,73.6523666381836,73.6523666381836,116750
2010-04-16,73.6523666381836,73.66843121150119,73.6523666381836,73.6523666381836,263250
2010-04-19,73.66845703125,73.66845703125,73.652392452302,73.652392452302,100600
2010-04-20,73.6523666381836,73.66843121150119,73.6523666381836,73.6523666381836,69150
2010-04-21,73.6523666381836,73.66843121150119,73.6523666381836,73.6523666381836,120100
2010-04-22,73.6523666381836,73.66843121150119,73.6523666381836,73.6523666381836,28350
2010-04-23,73.6523666381836,73.66843121150119,73.6523666381836,73.66843121150119,103000
2010-04-26,73.66845703125,73.66845703125,73.652392452302,73.652392452302,222300
2010-04-27,73.6523666381836,73.66843121150119,73.6523666381836,73.6523666381836,579550
2010-04-28,73.66845703125,73.66845703125,73.652392452302,73.652392452302,214950
2010-04-29,73.66845703125,73.66845703125,73.652392452302,73.652392452302,76550
2010-04-30,73.6523666381836,73.66843121150119,73.6523666381836,73.6523666381836,191450
2010-05-03,73.66845703125,73.66845703125,73.652392452302,73.66845703125,228150
2010-05-04,73.6523666381836,73.66843121150119,73.6523666381836,73.6523666381836,97750
2010-05-05,73.66845703125,73.66845703125,73.652392452302,73.66845703125,287000
2010-05-06,73.68453216552734,73.68453216552734,73.6523968765217,73.6523968765217,212450
2010-05-07,73.68453216552734,73.68453216552734,73.6523968765217,73.66846145643468,353300
2010-05-10,73.68453216552734,73.68453216552734,73.66846145643468,73.66846145643468,219550
2010-05-11,73.68453216552734,73.68453216552734,73.66846145643468,73.66846145643468,176250
2010-05-12,73.68453216552734,73.68453216552734,73.66846145643468,73.68453216552734,209450
2010-05-13,73.66845703125,73.68452773937732,73.66845703125,73.68452773937732,1255850
2010-05-14,73.68453216552734,73.68453216552734,73.66846145643468,73.68453216552734,189050
2010-05-17,73.68453216552734,73.68453216552734,73.66846145643468,73.68453216552734,140300
2010-05-18,73.66845703125,73.68452773937732,73.66845703125,73.68452773937732,187700
2010-05-19,73.68453216552734,73.68453216552734,73.66846145643468,73.66846145643468,354800
2010-05-20,73.68453216552734,73.68453216552734,73.66846145643468,73.68453216552734,442650
2010-05-21,73.68453216552734,73.68453216552734,73.66846145643468,73.68453216552734,463150
2010-05-24,73.68453216552734,73.68453216552734,73.66846145643468,73.68453216552734,168600
2010-05-25,73.68453216552734,73.68453216552734,73.66846145643468,73.66846145643468,343900
2010-05-26,73.70053100585938,73.70053100585938,73.66839574551783,73.6844664402757,662100
2010-05-27,73.66845703125,73.68452773937732,73.66845703125,73.68452773937732,518600
2010-05-28,73.68453216552734,73.68453216552734,73.66846145643468,73.68453216552734,280750
2010-06-01,73.68453216552734,73.68453216552734,73.66846145643468,73.66846145643468,550750
2010-06-02,73.70053100585938,73.70053100585938,73.66839574551783,73.66839574551783,959800
2010-06-03,73.66845703125,73.70059231832532,73.66845703125,73.66845703125,219900
2010-06-04,73.70053100585938,73.70053100585938,73.66839574551783,73.66839574551783,495850
2010-06-07,73.68453216552734,73.70059674544034,73.66846145643468,73.68453216552734,158800
2010-06-08,73.70053100585938,73.70053100585938,73.66839574551783,73.6844664402757,306150
2010-06-09,73.70053100585938,73.70053100585938,73.6844664402757,73.70053100585938,163950
2010-06-10,73.70053100585938,73.70053100585938,73.6844664402757,73.6844664402757,100750
2010-06-11,73.70053100585938,73.70053100585938,73.66839574551783,73.6844664402757,144750
2010-06-14,73.66845703125,73.70059231832532,73.66845703125,73.70059231832532,236650
2010-06-15,73.66845703125,73.70059231832532,73.66845703125,73.68452773937732,382100
2010-06-16,73.66845703125,73.70059231832532,73.66845703125,73.68452773937732,863700
2010-06-17,73.66845703125,73.68452773937732,73.66845703125,73.68452773937732,317700
2010-06-18,73.68453216552734,73.68453216552734,73.66846145643468,73.66846145643468,227550
2010-06-21,73.66845703125,73.68452773937732,73.66845703125,73.66845703125,787600
2010-06-22,73.68453216552734,73.68453216552734,73.66846145643468,73.66846145643468,140500
2010-06-23,73.68453216552734,73.68453216552734,73.66846145643468,73.66846145643468,63800
2010-06-24,73.68453216552734,73.68453216552734,73.66846145643468,73.66846145643468,291000
2010-06-25,73.68453216552734,73.68453216552734,73.66846145643468,73.68453216552734,93800
2010-06-28,73.68453216552734,73.68453216552734,73.66846145643468,73.66846145643468,198800
2010-06-29,73.68453216552734,73.68453216552734,73.66846145643468,73.68453216552734,579550
2010-06-30,73.70053100585938,73.70053100585938,73.66839574551783,73.66839574551783,1013900
2010-07-01,73.68453216552734,73.68453216552734,73.66846145643468,73.68453216552734,572500
2010-07-02,73.68453216552734,73.68453216552734,73.66846145643468,73.66846145643468,139150
2010-07-06,73.66845703125,73.68452773937732,73.66845703125,73.68452773937732,715900
2010-07-07,73.66845703125,73.68452773937732,73.66845703125,73.68452773937732,873500
2010-07-08,73.68453216552734,73.68453216552734,73.66846145643468,73.66846145643468,1255100
2010-07-09,73.66845703125,73.68452773937732,73.66845703125,73.66845703125,223000
2010-07-12,73.68453216552734,73.68453216552734,73.66846145643468,73.68453216552734,979900
2010-07-13,73.68453216552734,73.68453216552734,73.66846145643468,73.68453216552734,164050
2010-07-14,73.68453216552734,73.68453216552734,73.66846145643468,73.66846145643468,159200
2010-07-15,73.68453216552734,73.68453216552734,73.66846145643468,73.66846145643468,122100
2010-07-16,73.68453216552734,73.68453216552734,73.66846145643468,73.66846145643468,87750
2010-07-19,73.66845703125,73.68452773937732,73.66845703125,73.68452773937732,803350
2010-07-20,73.66845703125,73.68452773937732,73.66845703125,73.68452773937732,121350
2010-07-21,73.66845703125,73.68452773937732,73.66845703125,73.66845703125,124400
2010-07-22,73.66845703125,73.68452773937732,73.66845703125,73.66845703125,319650
2010-07-23,73.68453216552734,73.68453216552734,73.66846145643468,73.68453216552734,73600
2010-07-26,73.6523666381836,73.68450191399594,73.6523666381836,73.68450191399594,881800
2010-07-27,73.6523666381836,73.66843121150119,73.6523666381836,73.66843121150119,874800
2010-07-28,73.66845703125,73.66845703125,73.652392452302,73.652392452302,118150
2010-07-29,73.6523666381836,73.66843121150119,73.6523666381836,73.6523666381836,110750
2010-07-30,73.66845703125,73.66845703125,73.652392452302,73.66845703125,67950
2010-08-02,73.6523666381836,73.66843121150119,73.6523666381836,73.6523666381836,794600
2010-08-03,73.6523666381836,73.66843121150119,73.6523666381836,73.6523666381836,1342100
2010-08-04,73.6523666381836,73.66843121150119,73.6523666381836,73.6523666381836,977200
2010-08-05,73.6523666381836,73.68450191399594,73.6523666381836,73.6523666381836,500600
2010-08-06,73.6523666381836,73.66843121150119,73.6523666381836,73.6523666381836,131100
2010-08-09,73.6523666381836,73.68450191399594,73.6523666381836,73.66843121150119,94550
2010-08-10,73.66845703125,73.66845703125,73.652392452302,73.66845703125,125500
2010-08-11,73.68453216552734,73.68453216552734,73.6523968765217,73.6523968765217,830500
2010-08-12,73.68453216552734,73.68453216552734,73.66846145643468,73.66846145643468,955750
2010-08-13,73.68453216552734,73.68453216552734,73.66846145643468,73.66846145643468,580550
2010-08-16,73.66845703125,73.68452773937732,73.66845703125,73.68452773937732,59850
2010-08-17,73.68453216552734,73.68453216552734,73.66846145643468,73.68453216552734,193950
2010-08-18,73.66845703125,73.68452773937732,73.66845703125,73.66845703125,102150
2010-08-19,73.66845703125,73.68452773937732,73.66845703125,73.68452773937732,280000
2010-08-20,73.68453216552734,73.68453216552734,73.66846145643468,73.68453216552734,84800
2010-08-23,73.66845703125,73.68452773937732,73.66845703125,73.66845703125,118600
2010-08-24,73.66845703125,73.68452773937732,73.66845703125,73.66845703125,392500
2010-08-25,73.68453216552734,73.68453216552734,73.66846145643468,73.68453216552734,615100
2010-08-26,73.66845703125,73.68452773937732,73.66845703125,73.68452773937732,130050
2010-08-27,73.66845703125,73.68452773937732,73.66845703125,73.66845703125,134500
2010-08-30,73.68453216552734,73.68453216552734,73.66846145643468,73.66846145643468,119250
2010-08-31,73.66845703125,73.68452773937732,73.66845703125,73.68452773937732,290200
2010-09-01,73.66845703125,73.68452773937732,73.66845703125,73.66845703125,599600
2010-09-02,73.68453216552734,73.68453216552734,73.66846145643468,73.66846145643468,132450
2010-09-03,73.68453216552734,73.68453216552734,73.66846145643468,73.66846145643468,652850
2010-09-07,73.66845703125,73.68452773937732,73.66845703125,73.66845703125,105500
2010-09-08,73.66845703125,73.68452773937732,73.66845703125,73.66845703125,697700
2010-09-09,73.66845703125,73.68452773937732,73.66845703125,73.66845703125,100300
2010-09-10,73.66845703125,73.68452773937732,73.66845703125,73.68452773937732,329900
2010-09-13,73.66845703125,73.68452773937732,73.66845703125,73.66845703125,364500
2010-09-14,73.68453216552734,73.68453216552734,73.66846145643468,73.66846145643468,46600
2010-09-15,73.68453216552734,73.68453216552734,73.66846145643468,73.66846145643468,120300
2010-09-16,73.68453216552734,73.68453216552734,73.66846145643468,73.66846145643468,213550
2010-09-17,73.66845703125,73.68452773937732,73.66845703125,73.66845703125,168750
2010-09-20,73.66845703125,73.68452773937732,73.66845703125,73.66845703125,371900
2010-09-21,73.66845703125,73.68452773937732,73.66845703125,73.68452773937732,742150
2010-09-22,73.66845703125,73.68452773937732,73.66845703125,73.68452773937732,521300
2010-09-23,73.66845703125,73.68452773937732,73.66845703125,73.66845703125,209900
2010-09-24,73.68453216552734,73.68453216552734,73.66846145643468,73.68453216552734,100300
2010-09-27,73.68453216552734,73.68453216552734,73.66846145643468,73.66846145643468,283250
2010-09-28,73.66845703125,73.68452773937732,73.66845703125,73.66845703125,113200
2010-09-29,73.66845703125,73.68452773937732,73.66845703125,73.66845703125,161500
2010-09-30,73.66845703125,73.68452773937732,73.66845703125,73.66845703125,214200
2010-10-01,73.66845703125,73.68452773937732,73.66845703125,73.66845703125,328150
2010-10-04,73.68453216552734,73.68453216552734,73.66846145643468,73.66846145643468,198550
2010-10-05,73.66845703125,73.68452773937732,73.66845703125,73.66845703125,420300
2010-10-06,73.66845703125,73.68452773937732,73.66845703125,73.66845703125,744600
2010-10-07,73.66845703125,73.68452773937732,73.66845703125,73.66845703125,524750
2010-10-08,73.66845703125,73.68452773937732,73.66845703125,73.66845703125,115850
2010-10-11,73.66845703125,73.68452773937732,73.66845703125,73.66845703125,64500
2010-10-12,73.66845703125,73.68452773937732,73.66845703125,73.66845703125,425750
2010-10-13,73.66845703125,73.68452773937732,73.66845703125,73.66845703125,397050
2010-10-14,73.68453216552734,73.68453216552734,73.66846145643468,73.66846145643468,170300
2010-10-15,73.66845703125,73.68452773937732,73.66845703125,73.66845703125,89350
2010-10-18,73.68453216552734,73.68453216552734,73.66846145643468,73.66846145643468,187850
2010-10-19,73.66845703125,73.68452773937732,73.66845703125,73.68452773937732,66200
2010-10-20,73.66845703125,73.68452773937732,73.66845703125,73.68452773937732,633450
2010-10-21,73.66845703125,73.68452773937732,73.66845703125,73.66845703125,625600
2010-10-22,73.68453216552734,73.68453216552734,73.66846145643468,73.68453216552734,114950
2010-10-25,73.66845703125,73.68452773937732,73.66845703125,73.66845703125,135600
2010-10-26,73.68453216552734,73.68453216552734,73.66846145643468,73.66846145643468,89500
2010-10-27,73.68453216552734,73.68453216552734,73.66846145643468,73.66846145643468,115000
2010-10-28,73.66845703125,73.68452773937732,73.66845703125,73.68452773937732,86600
2010-10-29,73.68453216552734,73.68453216552734,73.66846145643468,73.66846145643468,57850
2010-11-01,73.68453216552734,73.68453216552734,73.66846145643468,73.68453216552734,242100
2010-11-02,73.6523666381836,73.68450191399594,73.6523666381836,73.66843121150119,226500
2010-11-03,73.66845703125,73.68452773937732,73.66845703125,73.66845703125,229500
2010-11-04,73.66845703125,73.68452773937732,73.66845703125,73.66845703125,934100
2010-11-05,73.66845703125,73.68452773937732,73.66845703125,73.66845703125,327150
2010-11-08,73.66845703125,73.68452773937732,73.66845703125,73.66845703125,198350
2010-11-09,73.66845703125,73.68452773937732,73.66845703125,73.66845703125,223200
2010-11-10,73.66845703125,73.68452773937732,73.66845703125,73.66845703125,243650
2010-11-11,73.6523666381836,73.68450191399594,73.6523666381836,73.66843121150119,49600
2010-11-12,73.68453216552734,73.68453216552734,73.66846145643468,73.66846145643468,1457000
2010-11-15,73.68453216552734,73.68453216552734,73.66846145643468,73.68453216552734,201100
2010-11-16,73.68453216552734,73.68453216552734,73.66846145643468,73.66846145643468,103450
2010-11-17,73.68453216552734,73.68453216552734,73.66846145643468,73.66846145643468,55300
2010-11-18,73.66845703125,73.68452773937732,73.66845703125,73.66845703125,96500
2010-11-19,73.66845703125,73.68452773937732,73.66845703125,73.66845703125,154650
2010-11-22,73.66845703125,73.68452773937732,73.66845703125,73.66845703125,226650
2010-11-23,73.66845703125,73.68452773937732,73.66845703125,73.68452773937732,68000
2010-11-24,73.68453216552734,73.68453216552734,73.66846145643468,73.66846145643468,86600
2010-11-26,73.68453216552734,73.68453216552734,73.66846145643468,73.66846145643468,223750
2010-11-29,73.68453216552734,73.68453216552734,73.66846145643468,73.66846145643468,250500
2010-11-30,73.68453216552734,73.68453216552734,73.66846145643468,73.66846145643468,81300
2010-12-01,73.66845703125,73.68452773937732,73.66845703125,73.68452773937732,75350
2010-12-02,73.66845703125,73.68452773937732,73.66845703125,73.66845703125,188400
2010-12-03,73.68453216552734,73.68453216552734,73.66846145643468,73.66846145643468,320300
2010-12-06,73.66845703125,73.68452773937732,73.66845703125,73.66845703125,141300
2010-12-07,73.66845703125,73.68452773937732,73.66845703125,73.66845703125,176500
2010-12-08,73.66845703125,73.68452773937732,73.66845703125,73.66845703125,82450
2010-12-09,73.68453216552734,73.68453216552734,73.66846145643468,73.66846145643468,185250
2010-12-10,73.68453216552734,73.68453216552734,73.66846145643468,73.66846145643468,164450
2010-12-13,73.68453216552734,73.68453216552734,73.66846145643468,73.66846145643468,130800
2010-12-14,73.68453216552734,73.68453216552734,73.66846145643468,73.66846145643468,388500
2010-12-15,73.66845703125,73.68452773937732,73.66845703125,73.66845703125,204550
2010-12-16,73.66845703125,73.68452773937732,73.66845703125,73.66845703125,564600
2010-12-17,73.68453216552734,73.68453216552734,73.66846145643468,73.66846145643468,241750
2010-12-20,73.68453216552734,73.68453216552734,73.66846145643468,73.66846145643468,120600
2010-12-21,73.68453216552734,73.68453216552734,73.66846145643468,73.68453216552734,103350
2010-12-22,73.66845703125,73.68452773937732,73.66845703125,73.68452773937732,97250
2010-12-23,73.66845703125,73.68452773937732,73.66845703125,73.66845703125,88000
2010-12-27,73.66845703125,73.68452773937732,73.66845703125,73.66845703125,151100
2010-12-28,73.68453216552734,73.68453216552734,73.66846145643468,73.66846145643468,115200
2010-12-29,73.66845703125,73.68452773937732,73.66845703125,73.68452773937732,72150
2010-12-30,73.68453216552734,73.68453216552734,73.66846145643468,73.66846145643468,217650
2010-12-31,73.66845703125,73.68452773937732,73.66845703125,73.66845703125,119650
2011-01-03,73.68453216552734,73.68453216552734,73.66846145643468,73.66846145643468,126850
2011-01-04,73.68453216552734,73.68453216552734,73.66846145643468,73.68453216552734,156750
2011-01-05,73.68453216552734,73.68453216552734,73.66846145643468,73.66846145643468,184350
2011-01-06,73.68453216552734,73.68453216552734,73.66846145643468,73.68453216552734,64950
2011-01-07,73.66845703125,73.68452773937732,73.66845703125,73.66845703125,124600
2011-01-10,73.68453216552734,73.68453216552734,73.66846145643468,73.66846145643468,150550
2011-01-11,73.68453216552734,73.68453216552734,73.66846145643468,73.68453216552734,127300
2011-01-12,73.66845703125,73.68452773937732,73.66845703125,73.66845703125,69400
2011-01-13,73.66845703125,73.68452773937732,73.66845703125,73.66845703125,94600
2011-01-14,73.66845703125,73.68452773937732,73.66845703125,73.66845703125,199450
2011-01-18,73.66845703125,73.68452773937732,73.66845703125,73.66845703125,426600
2011-01-19,73.68453216552734,73.68453216552734,73.66846145643468,73.68453216552734,150850
2011-01-20,73.68453216552734,73.68453216552734,73.66846145643468,73.68453216552734,99650
2011-01-21,73.66845703125,73.68452773937732,73.66845703125,73.66845703125,55100
2011-01-24,73.66845703125,73.68452773937732,73.66845703125,73.66845703125,312100
2011-01-25,73.68453216552734,73.68453216552734,73.66846145643468,73.68453216552734,443100
2011-01-26,73.66845703125,73.68452773937732,73.66845703125,73.68452773937732,87800
2011-01-27,73.68453216552734,73.68453216552734,73.66846145643468,73.66846145643468,89000
2011-01-28,73.66845703125,73.68452773937732,73.66845703125,73.66845703125,158550
2011-01-31,73.66845703125,73.68452773937732,73.66845703125,73.66845703125,87250
2011-02-01,73.66845703125,73.68452773937732,73.66845703125,73.66845703125,787600
2011-02-02,73.66845703125,73.68452773937732,73.66845703125,73.66845703125,283550
2011-02-03,73.66845703125,73.68452773937732,73.66845703125,73.68452773937732,91000
2011-02-04,73.68453216552734,73.68453216552734,73.66846145643468,73.66846145643468,101000
2011-02-07,73.66845703125,73.68452773937732,73.66845703125,73.68452773937732,131550
2011-02-08,73.66845703125,73.68452773937732,73.66845703125,73.68452773937732,155400
2011-02-09,73.68453216552734,73.68453216552734,73.66846145643468,73.68453216552734,147700
2011-02-10,73.66845703125,73.68452773937732,73.66845703125,73.66845703125,148650
2011-02-11,73.66845703125,73.68452773937732,73.66845703125,73.68452773937732,138150
2011-02-14,73.66845703125,73.68452773937732,73.66845703125,73.68452773937732,74450
2011-02-15,73.68453216552734,73.68453216552734,73.66846145643468,73.68453216552734,193200
2011-02-16,73.68453216552734,73.68453216552734,73.66846145643468,73.68453216552734,136800
2011-02-17,73.68453216552734,73.68453216552734,73.66846145643468,73.66846145643468,68250
2011-02-18,73.66845703125,73.68452773937732,73.66845703125,73.66845703125,93750
2011-02-22,73.66845703125,73.68452773937732,73.66845703125,73.68452773937732,144050
2011-02-23,73.68453216552734,73.68453216552734,73.66846145643468,73.68453216552734,493500
2011-02-24,73.68453216552734,73.68453216552734,73.66846145643468,73.68453216552734,126750
2011-02-25,73.68453216552734,73.68453216552734,73.66846145643468,73.68453216552734,91350
2011-02-28,73.66845703125,73.68452773937732,73.66845703125,73.68452773937732,145850
2011-03-01,73.66845703125,73.68452773937732,73.66845703125,73.68452773937732,138400
2011-03-02,73.68453216552734,73.68453216552734,73.66846145643468,73.68453216552734,128000
2011-03-03,73.66845703125,73.68452773937732,73.66845703125,73.68452773937732,139950
2011-03-04,73.68453216552734,73.68453216552734,73.66846145643468,73.66846145643468,132300
2011-03-07,73.66845703125,73.68452773937732,73.66845703125,73.68452773937732,95850
2011-03-08,73.66845703125,73.68452773937732,73.66845703125,73.68452773937732,1178800
2011-03-09,73.66845703125,73.68452773937732,73.66845703125,73.68452773937732,159800
2011-03-10,73.66845703125,73.68452773937732,73.66845703125,73.66845703125,140200
2011-03-11,73.68453216552734,73.68453216552734,73.66846145643468,73.66846145643468,77750
2011-03-14,73.68453216552734,73.70059674544034,73.66846145643468,73.66846145643468,929650
2011-03-15,73.70053100585938,73.70053100585938,73.66839574551783,73.70053100585938,754300
2011-03-16,73.70053100585938,73.70053100585938,73.6844664402757,73.6844664402757,122300
2011-03-17,73.70053100585938,73.70053100585938,73.6844664402757,73.70053100585938,595450
2011-03-18,73.70053100585938,73.70053100585938,73.6844664402757,73.6844664402757,222750
2011-03-21,73.70053100585938,73.70053100585938,73.6844664402757,73.6844664402757,102350
2011-03-22,73.66845703125,73.68452773937732,73.66845703125,73.66845703125,117100
2011-03-23,73.68453216552734,73.68453216552734,73.66846145643468,73.66846145643468,156950
2011-03-24,73.66845703125,73.68452773937732,73.66845703125,73.66845703125,557950
2011-03-25,73.66845703125,73.68452773937732,73.66845703125,73.66845703125,1271900
2011-03-28,73.68453216552734,73.68453216552734,73.66846145643468,73.66846145643468,733950
2011-03-29,73.66845703125,73.68452773937732,73.66845703125,73.68452773937732,240950
2011-03-30,73.68453216552734,73.68453216552734,73.66846145643468,73.68453216552734,589950
2011-03-31,73.66845703125,73.68452773937732,73.66845703125,73.66845703125,145200
2011-04-01,73.66845703125,73.68452773937732,73.66845703125,73.68452773937732,148850
2011-04-04,73.66845703125,73.70059231832532,73.66845703125,73.66845703125,144700
2011-04-05,73.66845703125,73.68452773937732,73.66845703125,73.68452773937732,165000
2011-04-06,73.66845703125,73.68452773937732,73.66845703125,73.66845703125,116900
2011-04-07,73.68453216552734,73.68453216552734,73.66846145643468,73.66846145643468,129450
2011-04-08,73.66845703125,73.68452773937732,73.66845703125,73.68452773937732,1310750
2011-04-11,73.66845703125,73.68452773937732,73.66845703125,73.66845703125,230850
2011-04-12,73.68453216552734,73.70059674544034,73.66846145643468,73.68453216552734,61100
2011-04-13,73.68453216552734,73.70059674544034,73.66846145643468,73.68453216552734,79200
2011-04-14,73.66845703125,73.70059231832532,73.66845703125,73.70059231832532,245750
2011-04-15,73.68453216552734,73.68453216552734,73.66846145643468,73.66846145643468,152600
2011-04-18,73.66845703125,73.68452773937732,73.66845703125,73.66845703125,112300
2011-04-19,73.66845703125,73.68452773937732,73.66845703125,73.66845703125,110650
2011-04-20,73.66845703125,73.68452773937732,73.66845703125,73.68452773937732,102200
2011-04-21,73.66845703125,73.68452773937732,73.66845703125,73.66845703125,89850
2011-04-25,73.66845703125,73.68452773937732,73.66845703125,73.68452773937732,103150
2011-04-26,73.66845703125,73.68452773937732,73.66845703125,73.68452773937732,41450
2011-04-27,73.66845703125,73.68452773937732,73.66845703125,73.66845703125,106000
2011-04-28,73.66845703125,73.68452773937732,73.66845703125,73.66845703125,97050
2011-04-29,73.66845703125,73.68452773937732,73.66845703125,73.66845703125,74500
2011-05-02,73.66845703125,73.68452773937732,73.66845703125,73.68452773937732,76000
2011-05-03,73.66845703125,73.68452773937732,73.66845703125,73.68452773937732,127100
2011-05-04,73.70053100585938,73.70053100585938,73.66839574551783,73.70053100585938,449750
2011-05-05,73.70053100585938,73.70053100585938,73.6844664402757,73.6844664402757,800000
2011-05-06,73.70053100585938,73.70053100585938,73.6844664402757,73.6844664402757,143400
2011-05-09,73.70053100585938,73.70053100585938,73.6844664402757,73.6844664402757,808500
2011-05-10,73.70053100585938,73.70053100585938,73.6844664402757,73.70053100585938,182200
2011-05-11,73.70053100585938,73.70053100585938,73.6844664402757,73.6844664402757,76150
2011-05-12,73.70053100585938,73.70053100585938,73.6844664402757,73.70053100585938,88350
2011-05-13,73.68453216552734,73.70059674544034,73.68453216552734,73.70059674544034,42950
2011-05-16,73.68453216552734,73.70059674544034,73.68453216552734,73.70059674544034,905750
2011-05-17,73.68453216552734,73.70059674544034,73.68453216552734,73.70059674544034,582700
2011-05-18,73.66845703125,73.68452773937732,73.66845703125,73.66845703125,75550
2011-05-19,73.70053100585938,73.70053100585938,73.66839574551783,73.66839574551783,71300
2011-05-20,73.68453216552734,73.68453216552734,73.66846145643468,73.68453216552734,443400
2011-05-23,73.68453216552734,73.68453216552734,73.66846145643468,73.68453216552734,328750
2011-05-24,73.68453216552734,73.68453216552734,73.66846145643468,73.66846145643468,68000
2011-05-25,73.68453216552734,73.68453216552734,73.66846145643468,73.68453216552734,159800
2011-05-26,73.68453216552734,73.68453216552734,73.66846145643468,73.68453216552734,819300
2011-05-27,73.68453216552734,73.68453216552734,73.66846145643468,73.66846145643468,161350
2011-05-31,73.68453216552734,73.68453216552734,73.66846145643468,73.66846145643468,133700
2011-06-01,73.66845703125,73.68452773937732,73.66845703125,73.66845703125,471900
2011-06-02,73.66845703125,73.68452773937732,73.66845703125,73.66845703125,69000
2011-06-03,73.66845703125,73.68452773937732,73.66845703125,73.66845703125,62750
2011-06-06,73.66845703125,73.68452773937732,73.66845703125,73.68452773937732,655250
2011-06-07,73.68453216552734,73.68453216552734,73.66846145643468,73.68453216552734,882450
2011-06-08,73.68453216552734,73.68453216552734,73.66846145643468,73.66846145643468,64950
2011-06-09,73.66845703125,73.68452773937732,73.66845703125,73.68452773937732,376350
2011-06-10,73.68453216552734,73.68453216552734,73.66846145643468,73.66846145643468,79400
2011-06-13,73.66845703125,73.68452773937732,73.66845703125,73.68452773937732,94950
2011-06-14,73.68453216552734,73.68453216552734,73.66846145643468,73.66846145643468,862400
2011-06-15,73.68453216552734,73.68453216552734,73.66846145643468,73.68453216552734,113650
2011-06-16,73.68453216552734,73.68453216552734,73.66846145643468,73.68453216552734,101900
2011-06-17,73.68453216552734,73.68453216552734,73.66846145643468,73.68453216552734,96750
2011-06-20,73.68453216552734,73.68453216552734,73.66846145643468,73.68453216552734,102900
2011-06-21,73.66845703125,73.68452773937732,73.66845703125,73.68452773937732,433350
2011-06-22,73.68453216552734,73.68453216552734,73.66846145643468,73.66846145643468,158700
2011-06-23,73.68453216552734,73.68453216552734,73.66846145643468,73.68453216552734,523750
2011-06-24,73.66845703125,73.68452773937732,73.66845703125,73.68452773937732,357750
2011-06-27,73.66845703125,73.68452773937732,73.66845703125,73.68452773937732,126950
2011-06-28,73.66845703125,73.68452773937732,73.66845703125,73.68452773937732,289650
2011-06-29,73.68453216552734,73.68453216552734,73.66846145643468,73.66846145643468,1148950
2011-06-30,73.68453216552734,73.68453216552734,73.66846145643468,73.66846145643468,1730050
2011-07-01,73.66845703125,73.68452773937732,73.66845703125,73.68452773937732,496400
2011-07-05,73.66845703125,73.68452773937732,73.66845703125,73.68452773937732,786700
2011-07-06,73.68453216552734,73.68453216552734,73.66846145643468,73.66846145643468,222350
2011-07-07,73.66845703125,73.68452773937732,73.66845703125,73.66845703125,158850
2011-07-08,73.66845703125,73.68452773937732,73.66845703125,73.66845703125,70650
2011-07-11,73.6523666381836,73.68450191399594,73.6523666381836,73.68450191399594,147850
2011-07-12,73.66845703125,73.68452773937732,73.66845703125,73.68452773937732,1150000
2011-07-13,73.68453216552734,73.68453216552734,73.66846145643468,73.66846145643468,1115500
2011-07-14,73.68453216552734,73.68453216552734,73.66846145643468,73.68453216552734,216650
2011-07-15,73.68453216552734,73.68453216552734,73.66846145643468,73.66846145643468,496050
2011-07-18,73.68453216552734,73.68453216552734,73.66846145643468,73.66846145643468,803350
2011-07-19,73.68453216552734,73.68453216552734,73.66846145643468,73.68453216552734,790000
2011-07-20,73.66845703125,73.68452773937732,73.66845703125,73.66845703125,162650
2011-07-21,73.66845703125,73.68452773937732,73.66845703125,73.68452773937732,790450
2011-07-22,73.68453216552734,73.68453216552734,73.66846145643468,73.66846145643468,162550
2011-07-25,73.68453216552734,73.68453216552734,73.66846145643468,73.68453216552734,72300
2011-07-26,73.68453216552734,73.68453216552734,73.66846145643468,73.66846145643468,85800
2011-07-27,73.68453216552734,73.68453216552734,73.66846145643468,73.68453216552734,906050
2011-07-28,73.68453216552734,73.68453216552734,73.66846145643468,73.66846145643468,802800
2011-07-29,73.68453216552734,73.68453216552734,73.66846145643468,73.66846145643468,1060950
2011-08-01,73.68453216552734,73.68453216552734,73.6523968765217,73.66846145643468,290250
2011-08-02,73.68453216552734,73.68453216552734,73.6523968765217,73.66846145643468,1012600
2011-08-03,73.68453216552734,73.68453216552734,73.66846145643468,73.68453216552734,681150
2011-08-04,73.68453216552734,73.68453216552734,73.66846145643468,73.68453216552734,1335150
2011-08-05,73.68453216552734,73.68453216552734,73.66846145643468,73.68453216552734,438750
2011-08-08,73.68453216552734,73.68453216552734,73.66846145643468,73.66846145643468,560600
2011-08-09,73.68453216552734,73.68453216552734,73.66846145643468,73.68453216552734,658450
2011-08-10,73.68453216552734,73.68453216552734,73.6523968765217,73.66846145643468,374150
2011-08-11,73.68453216552734,73.68453216552734,73.6523968765217,73.66846145643468,224700
2011-08-12,73.68453216552734,73.68453216552734,73.66846145643468,73.68453216552734,779850
2011-08-15,73.68453216552734,73.68453216552734,73.66846145643468,73.66846145643468,9127350
2011-08-16,73.68453216552734,73.68453216552734,73.66846145643468,73.68453216552734,368100
2011-08-17,73.68453216552734,73.68453216552734,73.66846145643468,73.68453216552734,331200
2011-08-18,73.6523666381836,73.68450191399594,73.6523666381836,73.68450191399594,525450
2011-08-19,73.68453216552734,73.68453216552734,73.66846145643468,73.68453216552734,941750
2011-08-22,73.6523666381836,73.68450191399594,73.6523666381836,73.66843121150119,247900
2011-08-23,73.68453216552734,73.68453216552734,73.66846145643468,73.66846145643468,709250
2011-08-24,73.68453216552734,73.68453216552734,73.66846145643468,73.68453216552734,190750
2011-08-25,73.6523666381836,73.68450191399594,73.6523666381836,73.68450191399594,334800
2011-08-26,73.68453216552734,73.68453216552734,73.66846145643468,73.68453216552734,247950
2011-08-29,73.68453216552734,73.68453216552734,73.66846145643468,73.68453216552734,11294400
2011-08-30,73.68453216552734,73.68453216552734,73.66846145643468,73.66846145643468,952000
2011-08-31,73.68453216552734,73.68453216552734,73.66846145643468,73.68453216552734,523750
2011-09-01,73.68453216552734,73.68453216552734,73.6523968765217,73.66846145643468,1048100
2011-09-02,73.68453216552734,73.68453216552734,73.66846145643468,73.68453216552734,479450
2011-09-06,73.66845703125,73.68452773937732,73.652392452302,73.66845703125,8617200
2011-09-07,73.6523666381836,73.66843121150119,73.6523666381836,73.66843121150119,367950
2011-09-08,73.6523666381836,73.66843121150119,73.6523666381836,73.6523666381836,698000
2011-09-09,73.66845703125,73.68452773937732,73.652392452302,73.652392452302,731050
2011-09-12,73.66845703125,73.66845703125,73.652392452302,73.652392452302,287700
2011-09-13,73.6523666381836,73.66843121150119,73.6523666381836,73.66843121150119,568550
2011-09-14,73.6523666381836,73.66843121150119,73.6523666381836,73.66843121150119,308000
2011-09-15,73.6523666381836,73.68450191399594,73.6523666381836,73.66843121150119,923750
2011-09-16,73.6523666381836,73.66843121150119,73.6523666381836,73.66843121150119,276450
2011-09-19,73.66845703125,73.66845703125,73.652392452302,73.66845703125,517100
2011-09-20,73.66845703125,73.66845703125,73.652392452302,73.652392452302,373000
2011-09-21,73.66845703125,73.66845703125,73.652392452302,73.66845703125,314150
2011-09-22,73.6523666381836,73.66843121150119,73.6523666381836,73.6523666381836,1011650
2011-09-23,73.66845703125,73.66845703125,73.652392452302,73.66845703125,604150
2011-09-26,73.66845703125,73.66845703125,73.652392452302,73.66845703125,497400
2011-09-27,73.6523666381836,73.66843121150119,73.6523666381836,73.6523666381836,404150
2011-09-28,73.66845703125,73.66845703125,73.652392452302,73.66845703125,383650
2011-09-29,73.66845703125,73.66845703125,73.652392452302,73.66845703125,451650
2011-09-30,73.66845703125,73.66845703125,73.652392452302,73.66845703125,611450
2011-10-03,73.66845703125,73.66845703125,73.652392452302,73.66845703125,13151250
2011-10-04,73.66845703125,73.66845703125,73.652392452302,73.66845703125,691050
2011-10-05,73.66845703125,73.66845703125,73.652392452302,73.66845703125,689300
2011-10-06,73.6523666381836,73.66843121150119,73.6523666381836,73.66843121150119,353400
2011-10-07,73.66845703125,73.66845703125,73.652392452302,73.652392452302,750650
2011-10-10,73.6523666381836,73.66843121150119,73.636302064866,73.6523666381836,1657350
2011-10-11,73.66845703125,73.66845703125,73.652392452302,73.652392452302,562550
2011-10-12,73.6523666381836,73.66843121150119,73.6523666381836,73.66843121150119,383000
2011-10-13,73.66845703125,73.66845703125,73.652392452302,73.652392452302,494050
2011-10-14,73.6523666381836,73.66843121150119,73.6523666381836,73.66843121150119,459250
2011-10-17,73.6523666381836,73.66843121150119,73.6523666381836,73.6523666381836,12224600
2011-10-18,73.66845703125,73.66845703125,73.652392452302,73.652392452302,350650
2011-10-19,73.66845703125,73.66845703125,73.652392452302,73.652392452302,294450
2011-10-20,73.66845703125,73.66845703125,73.652392452302,73.652392452302,1126100
2011-10-21,73.6523666381836,73.66843121150119,73.6523666381836,73.6523666381836,583750
2011-10-24,73.6523666381836,73.66843121150119,73.6523666381836,73.6523666381836,8779750
2011-10-25,73.66845703125,73.66845703125,73.652392452302,73.652392452302,482500
2011-10-26,73.66845703125,73.66845703125,73.652392452302,73.652392452302,239450
2011-10-27,73.6523666381836,73.66843121150119,73.6523666381836,73.6523666381836,1490300
2011-10-28,73.6523666381836,73.66843121150119,73.6523666381836,73.6523666381836,404400
2011-10-31,73.6363296508789,73.66845880955049,73.6363296508789,73.66845880955049,3112450
2011-11-01,73.66845703125,73.66845703125,73.652392452302,73.66845703125,1423150
2011-11-02,73.6523666381836,73.66843121150119,73.6523666381836,73.66843121150119,284650
2011-11-03,73.6363296508789,73.66845880955049,73.6363296508789,73.66845880955049,326800
2011-11-04,73.6523666381836,73.66843121150119,73.6523666381836,73.66843121150119,203000
2011-11-07,73.66845703125,73.66845703125,73.652392452302,73.652392452302,197600
2011-11-08,73.66845703125,73.66845703125,73.652392452302,73.652392452302,537300
2011-11-09,73.6523666381836,73.66843121150119,73.6523666381836,73.66843121150119,174200
2011-11-10,73.66845703125,73.66845703125,73.652392452302,73.652392452302,362150
2011-11-11,73.6523666381836,73.68450191399594,73.6523666381836,73.6523666381836,344400
2011-11-14,73.66845703125,73.66845703125,73.652392452302,73.66845703125,649000
2011-11-15,73.6523666381836,73.66843121150119,73.6523666381836,73.66843121150119,232900
2011-11-16,73.66845703125,73.66845703125,73.652392452302,73.652392452302,341300
2011-11-17,73.66845703125,73.66845703125,73.652392452302,73.652392452302,843800
2011-11-18,73.66845703125,73.66845703125,73.652392452302,73.66845703125,274700
2011-11-21,73.66845703125,73.66845703125,73.652392452302,73.66845703125,2169100
2011-11-22,73.6523666381836,73.66843121150119,73.6523666381836,73.66843121150119,631450
2011-11-23,73.66845703125,73.66845703125,73.63632787335399,73.66845703125,877150
2011-11-25,73.66845703125,73.66845703125,73.652392452302,73.66845703125,268300
2011-11-28,73.66845703125,73.66845703125,73.652392452302,73.652392452302,467550
2011-11-29,73.6363296508789,73.66845880955049,73.6363296508789,73.6523942302147,537700
2011-11-30,73.6523666381836,73.6523666381836,73.636302064866,73.6523666381836,1701850
2011-12-01,73.6363296508789,73.6523942302147,73.6363296508789,73.6363296508789,2137000
2011-12-02,73.6523666381836,73.6523666381836,73.636302064866,73.6523666381836,353750
2011-12-05,73.6523666381836,73.6523666381836,73.636302064866,73.6523666381836,2240550
2011-12-06,73.66845703125,73.68452773937732,73.63632787335399,73.63632787335399,211150
2011-12-07,73.6523666381836,73.6523666381836,73.636302064866,73.6523666381836,259950
2011-12-08,73.6523666381836,73.6523666381836,73.636302064866,73.6523666381836,248050
2011-12-09,73.6363296508789,73.6523942302147,73.6363296508789,73.6363296508789,199800
2011-12-12,73.6363296508789,73.6523942302147,73.6363296508789,73.6363296508789,11094100
2011-12-13,73.6363296508789,73.6523942302147,73.6363296508789,73.6363296508789,399150
2011-12-14,73.6523666381836,73.6523666381836,73.636302064866,73.636302064866,1237650
2011-12-15,73.6363296508789,73.6523942302147,73.6363296508789,73.6523942302147,535050
2011-12-16,73.6523666381836,73.6523666381836,73.636302064866,73.6523666381836,264200
2011-12-19,73.6523666381836,73.6523666381836,73.636302064866,73.636302064866,348500
2011-12-20,73.6523666381836,73.6523666381836,73.636302064866,73.6523666381836,235500
2011-12-21,73.6523666381836,73.6523666381836,73.636302064866,73.6523666381836,299450
2011-12-22,73.6523666381836,73.6523666381836,73.636302064866,73.6523666381836,141850
2011-12-23,73.6523666381836,73.6523666381836,73.5238255349342,73.6523666381836,508300
2011-12-27,73.6363296508789,73.6523942302147,73.6363296508789,73.6363296508789,158500
2011-12-28,73.63957214355469,73.6556374302761,73.63957214355469,73.63957214355469,273600
2011-12-29,73.63957214355469,73.6556374302761,73.63957214355469,73.63957214355469,196900
2011-12-30,73.63957214355469,73.6556374302761,73.63957214355469,73.63957214355469,200350
2012-01-03,73.62342834472656,73.65556501602366,73.62342834472656,73.63949974509677,4246650
2012-01-04,73.62342834472656,73.63949974509677,73.62342834472656,73.63949974509677,443250
2012-01-05,73.62342834472656,73.63949974509677,73.62342834472656,73.62342834472656,489350
2012-01-06,73.62342834472656,73.63949974509677,73.62342834472656,73.62342834472656,476800
2012-01-09,73.63957214355469,73.63957214355469,73.62350072738394,73.63957214355469,490300
2012-01-10,73.63957214355469,73.63957214355469,73.62350072738394,73.62350072738394,352250
2012-01-11,73.62342834472656,73.63949974509677,73.62342834472656,73.63949974509677,402000
2012-01-12,73.62342834472656,73.63949974509677,73.62342834472656,73.62342834472656,344250
2012-01-13,73.62342834472656,73.63949974509677,73.62342834472656,73.62342834472656,581600
2012-01-17,73.62342834472656,73.63949974509677,73.62342834472656,73.62342834472656,210850
2012-01-18,73.62342834472656,73.63949974509677,73.62342834472656,73.62342834472656,1529650
2012-01-19,73.62342834472656,73.63949974509677,73.62342834472656,73.62342834472656,728100
2012-01-20,73.62342834472656,73.63949974509677,73.62342834472656,73.62342834472656,211400
2012-01-23,73.62342834472656,73.63949974509677,73.62342834472656,73.63949974509677,224350
2012-01-24,73.62342834472656,73.63949974509677,73.62342834472656,73.62342834472656,216150
2012-01-25,73.62342834472656,73.63949974509677,73.62342834472656,73.62342834472656,269800
2012-01-26,73.62342834472656,73.63949974509677,73.62342834472656,73.63949974509677,182200
2012-01-27,73.62342834472656,73.63949974509677,73.62342834472656,73.62342834472656,153850
2012-01-30,73.63957214355469,73.63957214355469,73.62350072738394,73.62350072738394,256050
2012-01-31,73.62342834472656,73.63949974509677,73.62342834472656,73.63949974509677,416800
2012-02-01,73.62342834472656,73.63949974509677,73.62342834472656,73.62342834472656,362600
2012-02-02,73.62342834472656,73.63949974509677,73.62342834472656,73.62342834472656,119000
2012-02-03,73.62342834472656,73.63949974509677,73.62342834472656,73.62342834472656,365200
2012-02-06,73.63957214355469,73.63957214355469,73.62350072738394,73.62350072738394,184900
2012-02-07,73.62342834472656,73.63949974509677,73.62342834472656,73.62342834472656,189500
2012-02-08,73.63957214355469,73.63957214355469,73.62350072738394,73.62350072738394,450500
2012-02-09,73.62342834472656,73.63949974509677,73.62342834472656,73.62342834472656,130150
2012-02-10,73.63957214355469,73.63957214355469,73.62350072738394,73.63957214355469,521300
2012-02-13,73.62342834472656,73.63949974509677,73.62342834472656,73.62342834472656,638600
2012-02-14,73.63957214355469,73.63957214355469,73.62350072738394,73.62350072738394,173950
2012-02-15,73.62342834472656,73.63949974509677,73.62342834472656,73.63949974509677,103650
2012-02-16,73.63957214355469,73.63957214355469,73.62350072738394,73.63957214355469,442200
2012-02-17,73.62342834472656,73.63949974509677,73.62342834472656,73.62342834472656,81400
2012-02-21,73.62342834472656,73.63949974509677,73.62342834472656,73.62342834472656,154750
2012-02-22,73.62342834472656,73.63949974509677,73.62342834472656,73.62342834472656,105350
2012-02-23,73.62342834472656,73.63949974509677,73.62342834472656,73.63949974509677,156300
2012-02-24,73.63957214355469,73.63957214355469,73.62350072738394,73.62350072738394,186550
2012-02-27,73.62342834472656,73.63949974509677,73.62342834472656,73.63949974509677,956000
2012-02-28,73.62342834472656,73.63949974509677,73.62342834472656,73.63949974509677,132050
2012-02-29,73.63957214355469,73.63957214355469,73.62350072738394,73.62350072738394,453600
2012-03-01,73.62342834472656,73.62342834472656,73.60736307379968,73.62342834472656,218300
2012-03-02,73.62342834472656,73.62342834472656,73.60736307379968,73.62342834472656,186600
2012-03-05,73.62342834472656,73.62342834472656,73.60736307379968,73.60736307379968,248900
2012-03-06,73.62342834472656,73.62342834472656,73.60736307379968,73.62342834472656,179750
2012-03-07,73.62342834472656,73.63949974509677,73.62342834472656,73.62342834472656,125400
2012-03-08,73.63957214355469,73.63957214355469,73.62350072738394,73.62350072738394,711300
2012-03-09,73.63957214355469,73.63957214355469,73.62350072738394,73.62350072738394,194300
2012-03-12,73.63957214355469,73.63957214355469,73.62350072738394,73.63957214355469,124850
2012-03-13,73.63957214355469,73.63957214355469,73.62350072738394,73.63957214355469,205350
2012-03-14,73.62342834472656,73.63949974509677,73.62342834472656,73.62342834472656,127050
2012-03-15,73.62342834472656,73.63949974509677,73.62342834472656,73.63949974509677,468050
2012-03-16,73.62342834472656,73.63949974509677,73.62342834472656,73.62342834472656,501150
2012-03-19,73.63957214355469,73.63957214355469,73.62350072738394,73.63957214355469,105150
2012-03-20,73.63957214355469,73.63957214355469,73.62350072738394,73.62350072738394,117250
2012-03-21,73.63957214355469,73.63957214355469,73.62350072738394,73.62350072738394,65800
2012-03-22,73.63957214355469,73.63957214355469,73.62350072738394,73.63957214355469,106150
2012-03-23,73.63957214355469,73.63957214355469,73.62350072738394,73.62350072738394,103250
2012-03-26,73.63957214355469,73.63957214355469,73.62350072738394,73.63957214355469,1261300
2012-03-27,73.62342834472656,73.63949974509677,73.62342834472656,73.63949974509677,185050
2012-03-28,73.63957214355469,73.63957214355469,73.62350072738394,73.62350072738394,55800
2012-03-29,73.62342834472656,73.63949974509677,73.62342834472656,73.62342834472656,131050
2012-03-30,73.62342834472656,73.63949974509677,73.62342834472656,73.62342834472656,102250
2012-04-02,73.6073989868164,73.63953567379296,73.6073989868164,73.62346426558153,778250
2012-04-03,73.62342834472656,73.62342834472656,73.60736307379968,73.60736307379968,871100
2012-04-04,73.6073989868164,73.62346426558153,73.6073989868164,73.62346426558153,319850
2012-04-05,73.62342834472656,73.63949974509677,73.62342834472656,73.62342834472656,381100
2012-04-09,73.63957214355469,73.63957214355469,73.62350072738394,73.62350072738394,1136000
2012-04-10,73.63957214355469,73.63957214355469,73.62350072738394,73.62350072738394,520200
2012-04-11,73.63957214355469,73.63957214355469,73.62350072738394,73.62350072738394,1014250
2012-04-12,73.62342834472656,73.63949974509677,73.62342834472656,73.63949974509677,1015400
2012-04-13,73.6073989868164,73.62346426558153,73.6073989868164,73.6073989868164,148550
2012-04-16,73.62342834472656,73.63949974509677,73.60736307379968,73.62342834472656,617250
2012-04-17,73.62342834472656,73.63949974509677,73.62342834472656,73.62342834472656,174500
2012-04-18,73.62342834472656,73.63949974509677,73.62342834472656,73.62342834472656,77500
2012-04-19,73.63957214355469,73.63957214355469,73.62350072738394,73.62350072738394,38300
2012-04-20,73.62342834472656,73.63949974509677,73.62342834472656,73.63949974509677,58400
2012-04-23,73.63957214355469,73.63957214355469,73.62350072738394,73.62350072738394,1436350
2012-04-24,73.63957214355469,73.63957214355469,73.62350072738394,73.63957214355469,271500
2012-04-25,73.62342834472656,73.63949974509677,73.62342834472656,73.62342834472656,415800
2012-04-26,73.63957214355469,73.63957214355469,73.62350072738394,73.63957214355469,68450
2012-04-27,73.62342834472656,73.63949974509677,73.62342834472656,73.62342834472656,100150
2012-04-30,73.63957214355469,73.63957214355469,73.62350072738394,73.62350072738394,85900
2012-05-01,73.63957214355469,73.63957214355469,73.62350072738394,73.62350072738394,219500
2012-05-02,73.63957214355469,73.63957214355469,73.62350072738394,73.62350072738394,123300
2012-05-03,73.62342834472656,73.63949974509677,73.62342834472656,73.62342834472656,84800
2012-05-04,73.62342834472656,73.63949974509677,73.62342834472656,73.62342834472656,111350
2012-05-07,73.63957214355469,73.63957214355469,73.62350072738394,73.62350072738394,257750
2012-05-08,73.63957214355469,73.63957214355469,73.62350072738394,73.63957214355469,282950
2012-05-09,73.63957214355469,73.63957214355469,73.62350072738394,73.62350072738394,921250
2012-05-10,73.63957214355469,73.63957214355469,73.62350072738394,73.62350072738394,457000
2012-05-11,73.63957214355469,73.63957214355469,73.62350072738394,73.63957214355469,128000
2012-05-14,73.63957214355469,73.63957214355469,73.62350072738394,73.62350072738394,221050
2012-05-15,73.63957214355469,73.63957214355469,73.62350072738394,73.62350072738394,528650
2012-05-16,73.63957214355469,73.63957214355469,73.62350072738394,73.63957214355469,103950
2012-05-17,73.63957214355469,73.63957214355469,73.62350072738394,73.63957214355469,346500
2012-05-18,73.63957214355469,73.63957214355469,73.62350072738394,73.62350072738394,575400
2012-05-21,73.63957214355469,73.63957214355469,73.62350072738394,73.62350072738394,1054000
2012-05-22,73.6073989868164,73.63953567379296,73.6073989868164,73.62346426558153,649100
2012-05-23,73.6073989868164,73.62346426558153,73.6073989868164,73.6073989868164,128000
2012-05-24,73.63957214355469,73.63957214355469,73.60743544066253,73.60743544066253,1778900
2012-05-25,73.63957214355469,73.63957214355469,73.62350072738394,73.62350072738394,730250
2012-05-29,73.63957214355469,73.63957214355469,73.62350072738394,73.63957214355469,150950
2012-05-30,73.63957214355469,73.63957214355469,73.62350072738394,73.63957214355469,433500
2012-05-31,73.63957214355469,73.63957214355469,73.62350072738394,73.63957214355469,292550
2012-06-01,73.63957214355469,73.63957214355469,73.62350072738394,73.63957214355469,290650
2012-06-04,73.63957214355469,73.63957214355469,73.62350072738394,73.63957214355469,518200
2012-06-05,73.63957214355469,73.63957214355469,73.62350072738394,73.62350072738394,383300
2012-06-06,73.62342834472656,73.63949974509677,73.60736307379968,73.63949974509677,753350
2012-06-07,73.62342834472656,73.63949974509677,73.60736307379968,73.63949974509677,441500
2012-06-08,73.62342834472656,73.63949974509677,73.62342834472656,73.62342834472656,158900
2012-06-11,73.62342834472656,73.63949974509677,73.62342834472656,73.62342834472656,119800
2012-06-12,73.63957214355469,73.63957214355469,73.62350072738394,73.63957214355469,245950
2012-06-13,73.63957214355469,73.63957214355469,73.62350072738394,73.62350072738394,59550
2012-06-14,73.63957214355469,73.63957214355469,73.62350072738394,73.62350072738394,169450
2012-06-15,73.62342834472656,73.63949974509677,73.62342834472656,73.62342834472656,107400
2012-06-18,73.63957214355469,73.63957214355469,73.62350072738394,73.63957214355469,132300
2012-06-19,73.6073989868164,73.63953567379296,73.6073989868164,73.63953567379296,831750
2012-06-20,73.6073989868164,73.62346426558153,73.6073989868164,73.6073989868164,124100
2012-06-21,73.63957214355469,73.63957214355469,73.60743544066253,73.60743544066253,918100
2012-06-22,73.62342834472656,73.63949974509677,73.62342834472656,73.62342834472656,66950
2012-06-25,73.63957214355469,73.63957214355469,73.62350072738394,73.62350072738394,788250
2012-06-26,73.63957214355469,73.63957214355469,73.62350072738394,73.62350072738394,127900
2012-06-27,73.62342834472656,73.63949974509677,73.62342834472656,73.62342834472656,118550
2012-06-28,73.63957214355469,73.63957214355469,73.62350072738394,73.63957214355469,348850
2012-06-29,73.6073989868164,73.63953567379296,73.6073989868164,73.62346426558153,1110950
2012-07-02,73.6073989868164,73.62346426558153,73.6073989868164,73.6073989868164,873900
2012-07-03,73.6073989868164,73.62346426558153,73.6073989868164,73.6073989868164,313050
2012-07-05,73.6073989868164,73.62346426558153,73.6073989868164,73.6073989868164,1299200
2012-07-06,73.6073989868164,73.62346426558153,73.6073989868164,73.62346426558153,134750
2012-07-09,73.6073989868164,73.62346426558153,73.6073989868164,73.62346426558153,417400
2012-07-10,73.6073989868164,73.62346426558153,73.6073989868164,73.6073989868164,451450
2012-07-11,73.6073989868164,73.62346426558153,73.6073989868164,73.6073989868164,124950
2012-07-12,73.6073989868164,73.62346426558153,73.6073989868164,73.6073989868164,260700
2012-07-13,73.62342834472656,73.62342834472656,73.60736307379968,73.60736307379968,159750
2012-07-16,73.6073989868164,73.62346426558153,73.6073989868164,73.6073989868164,98000
2012-07-17,73.6073989868164,73.62346426558153,73.6073989868164,73.6073989868164,46550
2012-07-18,73.6073989868164,73.62346426558153,73.6073989868164,73.62346426558153,108500
2012-07-19,73.62342834472656,73.62342834472656,73.60736307379968,73.62342834472656,160350
2012-07-20,73.6073989868164,73.62346426558153,73.6073989868164,73.6073989868164,121750
2012-07-23,73.6073989868164,73.62346426558153,73.6073989868164,73.62346426558153,144550
2012-07-24,73.62342834472656,73.62342834472656,73.60736307379968,73.60736307379968,225300
2012-07-25,73.63957214355469,73.63957214355469,73.60743544066253,73.62350072738394,1505750
2012-07-26,73.62342834472656,73.63949974509677,73.62342834472656,73.62342834472656,424850
2012-07-27,73.63957214355469,73.63957214355469,73.62350072738394,73.62350072738394,179400
2012-07-30,73.63957214355469,73.63957214355469,73.62350072738394,73.63957214355469,372150
2012-07-31,73.6073989868164,73.62346426558153,73.6073989868164,73.6073989868164,150900
2012-08-01,73.62342834472656,73.63949974509677,73.62342834472656,73.63949974509677,699750
2012-08-02,73.62342834472656,73.63949974509677,73.62342834472656,73.62342834472656,105600
2012-08-03,73.62342834472656,73.63949974509677,73.62342834472656,73.62342834472656,123350
2012-08-06,73.63957214355469,73.63957214355469,73.62350072738394,73.62350072738394,208550
2012-08-07,73.62342834472656,73.63949974509677,73.60736307379968,73.62342834472656,545300
2012-08-08,73.6073989868164,73.62346426558153,73.6073989868164,73.62346426558153,205650
2012-08-09,73.6073989868164,73.62346426558153,73.6073989868164,73.6073989868164,65400
2012-08-10,73.6073989868164,73.62346426558153,73.6073989868164,73.6073989868164,246800
2012-08-13,73.6073989868164,73.62346426558153,73.6073989868164,73.62346426558153,1007900
2012-08-14,73.6073989868164,73.62346426558153,73.6073989868164,73.6073989868164,179250
2012-08-15,73.6073989868164,73.62346426558153,73.6073989868164,73.6073989868164,85150
2012-08-16,73.6073989868164,73.62346426558153,73.6073989868164,73.6073989868164,538500
2012-08-17,73.6073989868164,73.62346426558153,73.6073989868164,73.6073989868164,190050
2012-08-20,73.6073989868164,73.62346426558153,73.6073989868164,73.6073989868164,116400
2012-08-21,73.6073989868164,73.62346426558153,73.6073989868164,73.6073989868164,152550
2012-08-22,73.6073989868164,73.62346426558153,73.6073989868164,73.6073989868164,102850
2012-08-23,73.6073989868164,73.62346426558153,73.6073989868164,73.6073989868164,134200
2012-08-24,73.6073989868164,73.62346426558153,73.6073989868164,73.62346426558153,131200
2012-08-27,73.6073989868164,73.62346426558153,73.6073989868164,73.6073989868164,101300
2012-08-28,73.6073989868164,73.62346426558153,73.6073989868164,73.6073989868164,99500
2012-08-29,73.6073989868164,73.62346426558153,73.6073989868164,73.6073989868164,72350
2012-08-30,73.6073989868164,73.62346426558153,73.6073989868164,73.62346426558153,137300
2012-08-31,73.6073989868164,73.62346426558153,73.6073989868164,73.6073989868164,183450
2012-09-04,73.6073989868164,73.62346426558153,73.6073989868164,73.6073989868164,122850
2012-09-05,73.62342834472656,73.62342834472656,73.60736307379968,73.62342834472656,357800
2012-09-06,73.62342834472656,73.62342834472656,73.60736307379968,73.60736307379968,133550
2012-09-07,73.6073989868164,73.62346426558153,73.6073989868164,73.6073989868164,580850
2012-09-10,73.6073989868164,73.62346426558153,73.6073989868164,73.6073989868164,430700
2012-09-11,73.6073989868164,73.62346426558153,73.6073989868164,73.62346426558153,49900
2012-09-12,73.6073989868164,73.62346426558153,73.6073989868164,73.6073989868164,192750
2012-09-13,73.6073989868164,73.62346426558153,73.6073989868164,73.6073989868164,553050
2012-09-14,73.6073989868164,73.62346426558153,73.6073989868164,73.6073989868164,97100
2012-09-17,73.6073989868164,73.62346426558153,73.6073989868164,73.6073989868164,141700
2012-09-18,73.6073989868164,73.62346426558153,73.6073989868164,73.62346426558153,1879300
2012-09-19,73.6073989868164,73.62346426558153,73.6073989868164,73.6073989868164,178100
2012-09-20,73.6073989868164,73.62346426558153,73.6073989868164,73.6073989868164,229500
2012-09-21,73.6073989868164,73.62346426558153,73.6073989868164,73.6073989868164,1148750
2012-09-24,73.6073989868164,73.62346426558153,73.6073989868164,73.62346426558153,123950
2012-09-25,73.6073989868164,73.62346426558153,73.6073989868164,73.6073989868164,276650
2012-09-26,73.6073989868164,73.62346426558153,73.6073989868164,73.6073989868164,150900
2012-09-27,73.62342834472656,73.62342834472656,73.60736307379968,73.60736307379968,138000
2012-09-28,73.6073989868164,73.62346426558153,73.6073989868164,73.62346426558153,165650
2012-10-01,73.6073989868164,73.62346426558153,73.6073989868164,73.6073989868164,165100
2012-10-02,73.62342834472656,73.62342834472656,73.60736307379968,73.60736307379968,92950
2012-10-03,73.6073989868164,73.62346426558153,73.6073989868164,73.6073989868164,138500
2012-10-04,73.6073989868164,73.62346426558153,73.6073989868164,73.6073989868164,738550
2012-10-05,73.6073989868164,73.62346426558153,73.6073989868164,73.62346426558153,541650
2012-10-08,73.6073989868164,73.62346426558153,73.6073989868164,73.62346426558153,273800
2012-10-09,73.6073989868164,73.62346426558153,73.6073989868164,73.6073989868164,287450
2012-10-10,73.62342834472656,73.62342834472656,73.60736307379968,73.60736307379968,253600
2012-10-11,73.62342834472656,73.62342834472656,73.60736307379968,73.60736307379968,69900
2012-10-12,73.6073989868164,73.62346426558153,73.6073989868164,73.62346426558153,189650
2012-10-15,73.62342834472656,73.62342834472656,73.60736307379968,73.60736307379968,131800
2012-10-16,73.6073989868164,73.62346426558153,73.6073989868164,73.6073989868164,134800
2012-10-17,73.62342834472656,73.62342834472656,73.60736307379968,73.60736307379968,48650
2012-10-18,73.6073989868164,73.62346426558153,73.6073989868164,73.6073989868164,97000
2012-10-19,73.6073989868164,73.62346426558153,73.6073989868164,73.62346426558153,199500
2012-10-22,73.6073989868164,73.62346426558153,73.6073989868164,73.6073989868164,78600
2012-10-23,73.62342834472656,73.62342834472656,73.60736307379968,73.62342834472656,965650
2012-10-24,73.62342834472656,73.62342834472656,73.60736307379968,73.60736307379968,183450
2012-10-25,73.6073989868164,73.62346426558153,73.6073989868164,73.6073989868164,223350
2012-10-26,73.6073989868164,73.62346426558153,73.6073989868164,73.62346426558153,45600
2012-10-31,73.62342834472656,73.62342834472656,73.60736307379968,73.60736307379968,395350
2012-11-01,73.62342834472656,73.62342834472656,73.60736307379968,73.62342834472656,66550
2012-11-02,73.62342834472656,73.62342834472656,73.60736307379968,73.62342834472656,378400
2012-11-05,73.6073989868164,73.62346426558153,73.6073989868164,73.6073989868164,528000
2012-11-06,73.6073989868164,73.62346426558153,73.6073989868164,73.6073989868164,106500
2012-11-07,73.62342834472656,73.62342834472656,73.60736307379968,73.60736307379968,1984650
2012-11-08,73.62342834472656,73.62342834472656,73.60736307379968,73.62342834472656,452750
2012-11-09,73.62342834472656,73.62342834472656,73.60736307379968,73.60736307379968,1463250
2012-11-12,73.62342834472656,73.62342834472656,73.60736307379968,73.62342834472656,376650
2012-11-13,73.62342834472656,73.62342834472656,73.60736307379968,73.60736307379968,2435000
2012-11-14,73.62342834472656,73.62342834472656,73.60736307379968,73.60736307379968,312900
2012-11-15,73.62342834472656,73.62342834472656,73.60736307379968,73.60736307379968,304450
2012-11-16,73.62342834472656,73.62342834472656,73.60736307379968,73.60736307379968,148600
2012-11-19,73.62342834472656,73.62342834472656,73.60736307379968,73.60736307379968,133650
2012-11-20,73.6073989868164,73.62346426558153,73.6073989868164,73.6073989868164,64900
2012-11-21,73.6073989868164,73.62346426558153,73.6073989868164,73.6073989868164,69800
2012-11-23,73.6073989868164,73.62346426558153,73.6073989868164,73.6073989868164,52900
2012-11-26,73.6073989868164,73.62346426558153,73.6073989868164,73.6073989868164,594700
2012-11-27,73.6073989868164,73.62346426558153,73.6073989868164,73.6073989868164,213150
2012-11-28,73.6073989868164,73.62346426558153,73.6073989868164,73.6073989868164,63950
2012-11-29,73.6073989868164,73.62346426558153,73.6073989868164,73.6073989868164,1176750
2012-11-30,73.6073989868164,73.62346426558153,73.6073989868164,73.62346426558153,701350
2012-12-03,73.6073989868164,73.62346426558153,73.6073989868164,73.6073989868164,694000
2012-12-04,73.6073989868164,73.62346426558153,73.6073989868164,73.62346426558153,217150
2012-12-05,73.6073989868164,73.62346426558153,73.6073989868164,73.6073989868164,141750
2012-12-06,73.6073989868164,73.62346426558153,73.6073989868164,73.6073989868164,137200
2012-12-07,73.6073989868164,73.62346426558153,73.6073989868164,73.6073989868164,376400
2012-12-10,73.6073989868164,73.62346426558153,73.6073989868164,73.6073989868164,356500
2012-12-11,73.6073989868164,73.62346426558153,73.6073989868164,73.6073989868164,308800
2012-12-12,73.6073989868164,73.62346426558153,73.6073989868164,73.6073989868164,269950
2012-12-13,73.6073989868164,73.62346426558153,73.6073989868164,73.6073989868164,151700
2012-12-14,73.6073989868164,73.62346426558153,73.6073989868164,73.62346426558153,163350
2012-12-17,73.6073989868164,73.62346426558153,73.6073989868164,73.6073989868164,665300
2012-12-18,73.62342834472656,73.62342834472656,73.60736307379968,73.60736307379968,254200
2012-12-19,73.6073989868164,73.62346426558153,73.6073989868164,73.6073989868164,150550
2012-12-20,73.6073989868164,73.62346426558153,73.6073989868164,73.6073989868164,189600
2012-12-21,73.6073989868164,73.62346426558153,73.6073989868164,73.6073989868164,153400
2012-12-24,73.6073989868164,73.62346426558153,73.6073989868164,73.62346426558153,107450
2012-12-26,73.6073989868164,73.62346426558153,73.6073989868164,73.6073989868164,85000
2012-12-27,73.6073989868164,73.62346426558153,73.6073989868164,73.62346426558153,62100
2012-12-28,73.62342834472656,73.62342834472656,73.60736307379968,73.60736307379968,213250
2012-12-31,73.6073989868164,73.62346426558153,73.6073989868164,73.62346426558153,373700
2013-01-02,73.6073989868164,73.62346426558153,73.6073989868164,73.6073989868164,1277900
2013-01-03,73.6073989868164,73.62346426558153,73.6073989868164,73.62346426558153,294500
2013-01-04,73.62342834472656,73.62342834472656,73.60736307379968,73.60736307379968,192700
2013-01-07,73.59133911132812,73.60741052205816,73.59133911132812,73.59133911132812,179650
2013-01-08,73.59133911132812,73.60741052205816,73.59133911132812,73.60741052205816,106650
2013-01-09,73.59133911132812,73.60741052205816,73.59133911132812,73.59133911132812,197400
2013-01-10,73.59133911132812,73.60741052205816,73.59133911132812,73.59133911132812,81100
2013-01-11,73.59133911132812,73.60741052205816,73.59133911132812,73.60741052205816,58750
2013-01-14,73.59133911132812,73.60741052205816,73.59133911132812,73.60741052205816,87250
2013-01-15,73.59133911132812,73.60741052205816,73.59133911132812,73.59133911132812,72400
2013-01-16,73.59133911132812,73.60741052205816,73.59133911132812,73.59133911132812,417550
2013-01-17,73.6073989868164,73.6073989868164,73.59132757860496,73.59132757860496,739550
2013-01-18,73.59133911132812,73.60741052205816,73.59133911132812,73.60741052205816,279400
2013-01-22,73.59133911132812,73.60741052205816,73.59133911132812,73.59133911132812,139500
2013-01-23,73.59133911132812,73.60741052205816,73.59133911132812,73.59133911132812,150250
2013-01-24,73.6073989868164,73.6073989868164,73.59132757860496,73.59132757860496,2557850
2013-01-25,73.59133911132812,73.60741052205816,73.59133911132812,73.59133911132812,188800
2013-01-28,73.59133911132812,73.60741052205816,73.59133911132812,73.59133911132812,285500
2013-01-29,73.59133911132812,73.60741052205816,73.59133911132812,73.60741052205816,85300
2013-01-30,73.59133911132812,73.60741052205816,73.59133911132812,73.59133911132812,160750
2013-01-31,73.6073989868164,73.6073989868164,73.59132757860496,73.6073989868164,168450
2013-02-01,73.59133911132812,73.60741052205816,73.59133911132812,73.59133911132812,171650
2013-02-04,73.59133911132812,73.60741052205816,73.59133911132812,73.59133911132812,112550
2013-02-05,73.6073989868164,73.6073989868164,73.59132757860496,73.59132757860496,165500
2013-02-06,73.6073989868164,73.6073989868164,73.59132757860496,73.6073989868164,282550
2013-02-07,73.6073989868164,73.6073989868164,73.59132757860496,73.59132757860496,50900
2013-02-08,73.6073989868164,73.6073989868164,73.59132757860496,73.6073989868164,579750
2013-02-11,73.6073989868164,73.6073989868164,73.59132757860496,73.59132757860496,205000
2013-02-12,73.6073989868164,73.6073989868164,73.59132757860496,73.6073989868164,195600
2013-02-13,73.59133911132812,73.60741052205816,73.59133911132812,73.60741052205816,98300
2013-02-14,73.6073989868164,73.6073989868164,73.59132757860496,73.59132757860496,116500
2013-02-15,73.59133911132812,73.60741052205816,73.59133911132812,73.60741052205816,51900
2013-02-19,73.59133911132812,73.60741052205816,73.59133911132812,73.60741052205816,89200
2013-02-20,73.6073989868164,73.6073989868164,73.59132757860496,73.6073989868164,110450
2013-02-21,73.59133911132812,73.60741052205816,73.59133911132812,73.60741052205816,290850
2013-02-22,73.6073989868164,73.6073989868164,73.59132757860496,73.59132757860496,70800
2013-02-25,73.59133911132812,73.60741052205816,73.59133911132812,73.60741052205816,125400
2013-02-26,73.59133911132812,73.60741052205816,73.59133911132812,73.59133911132812,145250
2013-02-27,73.6073989868164,73.6073989868164,73.59132757860496,73.59132757860496,101600
2013-02-28,73.6073989868164,73.6073989868164,73.59132757860496,73.6073989868164,328500
2013-03-01,73.6073989868164,73.6073989868164,73.59132757860496,73.6073989868164,67500
2013-03-04,73.59133911132812,73.60741052205816,73.59133911132812,73.59133911132812,86700
2013-03-05,73.6073989868164,73.6073989868164,73.59132757860496,73.59132757860496,133700
2013-03-06,73.59133911132812,73.60741052205816,73.59133911132812,73.59133911132812,186800
2013-03-07,73.6073989868164,73.6073989868164,73.59132757860496,73.59132757860496,58250
2013-03-08,73.59133911132812,73.60741052205816,73.59133911132812,73.60741052205816,291400
2013-03-11,73.6073989868164,73.6073989868164,73.59132757860496,73.59132757860496,126700
2013-03-12,73.59133911132812,73.60741052205816,73.59133911132812,73.59133911132812,159950
2013-03-13,73.6073989868164,73.6073989868164,73.59132757860496,73.59132757860496,161300
2013-03-14,73.6073989868164,73.6073989868164,73.59132757860496,73.6073989868164,105100
2013-03-15,73.6073989868164,73.6073989868164,73.59132757860496,73.59132757860496,176800
2013-03-18,73.59133911132812,73.60741052205816,73.59133911132812,73.60741052205816,2238950
2013-03-19,73.59133911132812,73.60741052205816,73.59133911132812,73.59133911132812,93550
2013-03-20,73.59133911132812,73.60741052205816,73.59133911132812,73.59133911132812,140850
2013-03-21,73.59133911132812,73.60741052205816,73.59133911132812,73.59133911132812,61650
2013-03-22,73.6073989868164,73.6073989868164,73.59132757860496,73.59132757860496,83900
2013-03-25,73.59133911132812,73.60741052205816,73.59133911132812,73.59133911132812,338550
2013-03-26,73.6073989868164,73.6073989868164,73.59132757860496,73.6073989868164,119100
2013-03-27,73.59133911132812,73.60741052205816,73.59133911132812,73.59133911132812,262850
2013-03-28,73.6073989868164,73.6073989868164,73.59132757860496,73.59132757860496,97800
2013-04-01,73.59133911132812,73.60741052205816,73.59133911132812,73.60741052205816,182100
2013-04-02,73.6073989868164,73.6073989868164,73.59132757860496,73.6073989868164,139900
2013-04-03,73.59133911132812,73.60741052205816,73.59133911132812,73.60741052205816,143350
2013-04-04,73.59133911132812,73.60741052205816,73.59133911132812,73.59133911132812,91800
2013-04-05,73.6073989868164,73.6073989868164,73.59132757860496,73.59132757860496,182250
2013-04-08,73.6073989868164,73.6073989868164,73.59132757860496,73.6073989868164,113900
2013-04-09,73.6073989868164,73.6073989868164,73.59132757860496,73.6073989868164,82300
2013-04-10,73.6073989868164,73.6073989868164,73.59132757860496,73.6073989868164,74250
2013-04-11,73.59133911132812,73.60741052205816,73.59133911132812,73.60741052205816,281900
2013-04-12,73.6073989868164,73.6073989868164,73.59132757860496,73.6073989868164,91650
2013-04-15,73.6073989868164,73.6073989868164,73.59132757860496,73.59132757860496,146050
2013-04-16,73.6073989868164,73.6073989868164,73.59132757860496,73.6073989868164,90350
2013-04-17,73.6073989868164,73.6073989868164,73.59132757860496,73.59132757860496,73450
2013-04-18,73.59133911132812,73.60741052205816,73.59133911132812,73.59133911132812,247100
2013-04-19,73.6073989868164,73.6073989868164,73.59132757860496,73.6073989868164,90300
2013-04-22,73.6073989868164,73.6073989868164,73.59132757860496,73.59132757860496,57250
2013-04-23,73.6073989868164,73.6073989868164,73.59132757860496,73.59132757860496,355500
2013-04-24,73.6073989868164,73.6073989868164,73.59132757860496,73.6073989868164,159900
2013-04-25,73.59133911132812,73.60741052205816,73.59133911132812,73.59133911132812,104750
2013-04-26,73.59133911132812,73.60741052205816,73.59133911132812,73.59133911132812,81500
2013-04-29,73.59133911132812,73.60741052205816,73.59133911132812,73.60741052205816,117850
2013-04-30,73.59133911132812,73.60741052205816,73.59133911132812,73.60741052205816,184450
2013-05-01,73.59133911132812,73.60741052205816,73.59133911132812,73.59133911132812,704750
2013-05-02,73.6073989868164,73.6073989868164,73.59132757860496,73.6073989868164,71800
2013-05-03,73.59133911132812,73.60741052205816,73.59133911132812,73.60741052205816,263600
2013-05-06,73.59133911132812,73.60741052205816,73.59133911132812,73.59133911132812,117300
2013-05-07,73.59133911132812,73.60741052205816,73.59133911132812,73.59133911132812,51250
2013-05-08,73.6073989868164,73.6073989868164,73.59132757860496,73.59132757860496,186750
2013-05-09,73.6073989868164,73.6073989868164,73.59132757860496,73.59132757860496,59800
2013-05-10,73.59133911132812,73.60741052205816,73.59133911132812,73.59133911132812,77150
2013-05-13,73.6073989868164,73.6073989868164,73.59132757860496,73.6073989868164,90700
2013-05-14,73.59133911132812,73.60741052205816,73.59133911132812,73.60741052205816,441750
2013-05-15,73.59133911132812,73.60741052205816,73.59133911132812,73.59133911132812,110150
2013-05-16,73.59133911132812,73.60741052205816,73.59133911132812,73.60741052205816,163650
2013-05-17,73.6073989868164,73.6073989868164,73.59132757860496,73.59132757860496,181600
2013-05-20,73.59133911132812,73.60741052205816,73.59133911132812,73.59133911132812,239050
2013-05-21,73.6073989868164,73.6073989868164,73.59132757860496,73.6073989868164,113100
2013-05-22,73.6073989868164,73.6073989868164,73.59132757860496,73.59132757860496,121000
2013-05-23,73.6073989868164,73.6073989868164,73.59132757860496,73.6073989868164,434350
2013-05-24,73.6073989868164,73.6073989868164,73.59132757860496,73.6073989868164,55200
2013-05-28,73.59133911132812,73.60741052205816,73.59133911132812,73.59133911132812,110300
2013-05-29,73.6073989868164,73.6073989868164,73.59132757860496,73.6073989868164,230750
2013-05-30,73.59133911132812,73.60741052205816,73.59133911132812,73.59133911132812,92450
2013-05-31,73.6073989868164,73.6073989868164,73.59132757860496,73.59132757860496,1031050
2013-06-03,73.6073989868164,73.6073989868164,73.59132757860496,73.59132757860496,453450
2013-06-04,73.6073989868164,73.6073989868164,73.59132757860496,73.59132757860496,147200
2013-06-05,73.6073989868164,73.6073989868164,73.59132757860496,73.59132757860496,123150
2013-06-06,73.59133911132812,73.60741052205816,73.57527383004536,73.60741052205816,2841800
2013-06-07,73.6073989868164,73.6073989868164,73.57526229983984,73.57526229983984,275000
2013-06-10,73.59133911132812,73.60741052205816,73.59133911132812,73.60741052205816,212800
2013-06-11,73.6073989868164,73.6073989868164,73.59132757860496,73.6073989868164,160350
2013-06-12,73.59133911132812,73.60741052205816,73.59133911132812,73.60741052205816,490050
2013-06-13,73.6073989868164,73.6073989868164,73.59132757860496,73.59132757860496,2133200
2013-06-14,73.59133911132812,73.60741052205816,73.59133911132812,73.59133911132812,350350
2013-06-17,73.59133911132812,73.60741052205816,73.59133911132812,73.59133911132812,105150
2013-06-18,73.59133911132812,73.60741052205816,73.59133911132812,73.59133911132812,169700
2013-06-19,73.59133911132812,73.60741052205816,73.59133911132812,73.60741052205816,116200
2013-06-20,73.59133911132812,73.60741052205816,73.59133911132812,73.60741052205816,1520400
2013-06-21,73.6073989868164,73.6073989868164,73.59132757860496,73.6073989868164,444100
2013-06-24,73.6073989868164,73.6073989868164,73.59132757860496,73.59132757860496,384500
2013-06-25,73.6073989868164,73.6073989868164,73.59132757860496,73.59132757860496,3208500
2013-06-26,73.6073989868164,73.6073989868164,73.59132757860496,73.59132757860496,473600
2013-06-27,73.59133911132812,73.60741052205816,73.59133911132812,73.60741052205816,185250
2013-06-28,73.59133911132812,73.60741052205816,73.57527383004536,73.60741052205816,1420750
2013-07-01,73.6073989868164,73.6073989868164,73.59132757860496,73.59132757860496,437200
2013-07-02,73.59133911132812,73.60741052205816,73.59133911132812,73.60741052205816,378300
2013-07-03,73.6073989868164,73.6073989868164,73.59132757860496,73.6073989868164,208100
2013-07-05,73.6073989868164,73.6073989868164,73.59132757860496,73.6073989868164,342300
2013-07-08,73.57524108886719,73.60737776657909,73.57524108886719,73.59130636300087,152300
2013-07-09,73.57524108886719,73.60737776657909,73.57524108886719,73.57524108886719,631600
2013-07-10,73.57524108886719,73.59130636300087,73.57524108886719,73.57524108886719,239350
2013-07-11,73.57524108886719,73.59130636300087,73.57524108886719,73.57524108886719,790050
2013-07-12,73.57524108886719,73.59130636300087,73.57524108886719,73.57524108886719,254550
2013-07-15,73.57524108886719,73.59130636300087,73.57524108886719,73.57524108886719,298700
2013-07-16,73.57524108886719,73.59130636300087,73.57524108886719,73.59130636300087,146050
2013-07-17,73.57524108886719,73.59130636300087,73.57524108886719,73.59130636300087,156600
2013-07-18,73.59133911132812,73.59133911132812,73.57527383004536,73.59133911132812,168700
2013-07-19,73.59133911132812,73.59133911132812,73.57527383004536,73.57527383004536,85550
2013-07-22,73.59133911132812,73.59133911132812,73.57527383004536,73.59133911132812,421550
2013-07-23,73.59133911132812,73.59133911132812,73.57527383004536,73.57527383004536,92900
2013-07-24,73.6073989868164,73.6073989868164,73.57526229983984,73.59132757860496,747200
2013-07-25,73.57524108886719,73.60737776657909,73.57524108886719,73.59130636300087,149550
2013-07-26,73.57524108886719,73.60737776657909,73.57524108886719,73.60737776657909,378550
2013-07-29,73.59133911132812,73.59133911132812,73.57527383004536,73.57527383004536,160600
2013-07-30,73.57524108886719,73.59130636300087,73.57524108886719,73.57524108886719,172400
2013-07-31,73.59133911132812,73.59133911132812,73.57527383004536,73.59133911132812,238800
2013-08-01,73.57524108886719,73.59130636300087,73.57524108886719,73.57524108886719,207450
2013-08-02,73.59133911132812,73.59133911132812,73.57527383004536,73.57527383004536,273800
2013-08-05,73.59133911132812,73.59133911132812,73.57527383004536,73.59133911132812,149900
2013-08-06,73.59133911132812,73.59133911132812,73.57527383004536,73.59133911132812,89300
2013-08-07,73.57524108886719,73.59130636300087,73.57524108886719,73.59130636300087,97100
2013-08-08,73.57524108886719,73.59130636300087,73.57524108886719,73.57524108886719,112050
2013-08-09,73.59133911132812,73.59133911132812,73.57527383004536,73.57527383004536,172650
2013-08-12,73.59133911132812,73.59133911132812,73.57527383004536,73.59133911132812,118550
2013-08-13,73.59133911132812,73.59133911132812,73.57527383004536,73.59133911132812,60500
2013-08-14,73.59133911132812,73.59133911132812,73.57527383004536,73.57527383004536,131400
2013-08-15,73.59133911132812,73.59133911132812,73.57527383004536,73.59133911132812,668500
2013-08-16,73.59133911132812,73.59133911132812,73.57527383004536,73.59133911132812,491950
2013-08-19,73.57524108886719,73.59130636300087,73.57524108886719,73.59130636300087,233600
2013-08-20,73.59133911132812,73.59133911132812,73.57527383004536,73.59133911132812,207650
2013-08-21,73.59133911132812,73.59133911132812,73.57527383004536,73.57527383004536,244300
2013-08-22,73.57524108886719,73.59130636300087,73.57524108886719,73.59130636300087,240850
2013-08-23,73.59133911132812,73.59133911132812,73.57527383004536,73.59133911132812,86050
2013-08-26,73.57524108886719,73.59130636300087,73.57524108886719,73.57524108886719,249800
2013-08-27,73.57524108886719,73.59130636300087,73.57524108886719,73.59130636300087,231250
2013-08-28,73.57524108886719,73.59130636300087,73.57524108886719,73.57524108886719,77950
2013-08-29,73.59133911132812,73.59133911132812,73.57527383004536,73.59133911132812,133950
2013-08-30,73.59133911132812,73.59133911132812,73.57527383004536,73.57527383004536,500900
2013-09-03,73.59133911132812,73.59133911132812,73.57527383004536,73.57527383004536,370900
2013-09-04,73.59133911132812,73.59133911132812,73.57527383004536,73.57527383004536,206500
2013-09-05,73.59133911132812,73.59133911132812,73.57527383004536,73.57527383004536,527000
2013-09-06,73.59133911132812,73.59133911132812,73.57527383004536,73.57527383004536,265500
2013-09-09,73.5591812133789,73.59131789612722,73.5591812133789,73.59131789612722,903150
2013-09-10,73.57524108886719,73.59130636300087,73.57524108886719,73.59130636300087,275950
2013-09-11,73.57524108886719,73.59130636300087,73.57524108886719,73.59130636300087,417200
2013-09-12,73.57524108886719,73.59130636300087,73.57524108886719,73.59130636300087,97150
2013-09-13,73.59133911132812,73.59133911132812,73.57527383004536,73.59133911132812,355250
2013-09-16,73.57524108886719,73.59130636300087,73.57524108886719,73.57524108886719,185150
2013-09-17,73.57524108886719,73.59130636300087,73.57524108886719,73.57524108886719,158050
2013-09-18,73.59133911132812,73.59133911132812,73.57527383004536,73.57527383004536,295750
2013-09-19,73.59133911132812,73.59133911132812,73.57527383004536,73.57527383004536,206200
2013-09-20,73.57524108886719,73.59130636300087,73.57524108886719,73.59130636300087,647550
2013-09-23,73.57524108886719,73.59130636300087,73.57524108886719,73.57524108886719,191300
2013-09-24,73.57524108886719,73.59130636300087,73.57524108886719,73.59130636300087,160600
2013-09-25,73.57524108886719,73.59130636300087,73.57524108886719,73.57524108886719,83150
2013-09-26,73.57524108886719,73.59130636300087,73.57524108886719,73.59130636300087,102050
2013-09-27,73.57524108886719,73.59130636300087,73.57524108886719,73.57524108886719,247300
2013-09-30,73.57524108886719,73.59130636300087,73.57524108886719,73.57524108886719,480950
2013-10-01,73.59133911132812,73.59133911132812,73.55920241931533,73.59133911132812,2340450
2013-10-02,73.59133911132812,73.59133911132812,73.57527383004536,73.59133911132812,185000
2013-10-03,73.59133911132812,73.59133911132812,73.57527383004536,73.59133911132812,1240550
2013-10-04,73.59133911132812,73.59133911132812,73.57527383004536,73.57527383004536,283800
2013-10-07,73.59133911132812,73.59133911132812,73.57527383004536,73.59133911132812,203000
2013-10-08,73.59133911132812,73.59133911132812,73.57527383004536,73.57527383004536,215850
2013-10-09,73.57524108886719,73.57524108886719,73.55916968528898,73.55916968528898,325100
2013-10-10,73.5591812133789,73.57525261947582,73.5591812133789,73.5591812133789,939600
2013-10-11,73.5431137084961,73.57525039027072,73.5431137084961,73.57525039027072,6366750
2013-10-14,73.5431137084961,73.55917898466075,73.5431137084961,73.5431137084961,150500
2013-10-15,73.5431137084961,73.55917898466075,73.5431137084961,73.55917898466075,562650
2013-10-16,73.5591812133789,73.57525261947582,73.5431159367275,73.5431159367275,945500
2013-10-17,73.5591812133789,73.57525261947582,73.5591812133789,73.57525261947582,140350
2013-10-18,73.57524108886719,73.57524108886719,73.55916968528898,73.55916968528898,197450
2013-10-21,73.57524108886719,73.57524108886719,73.55916968528898,73.57524108886719,215550
2013-10-22,73.57524108886719,73.57524108886719,73.55916968528898,73.55916968528898,100200
2013-10-23,73.57524108886719,73.57524108886719,73.55916968528898,73.57524108886719,259950
2013-10-24,73.5591812133789,73.57525261947582,73.5591812133789,73.5591812133789,149050
2013-10-25,73.57524108886719,73.57524108886719,73.55916968528898,73.55916968528898,69650
2013-10-28,73.57524108886719,73.57524108886719,73.55916968528898,73.55916968528898,88300
2013-10-29,73.5591812133789,73.57525261947582,73.5591812133789,73.5591812133789,873700
2013-10-30,73.5591812133789,73.57525261947582,73.5591812133789,73.5591812133789,399450
2013-10-31,73.5591812133789,73.57525261947582,73.5591812133789,73.57525261947582,143900
2013-11-01,73.5591812133789,73.57525261947582,73.5591812133789,73.57525261947582,539750
2013-11-04,73.5591812133789,73.57525261947582,73.5591812133789,73.5591812133789,138100
2013-11-05,73.5591812133789,73.57525261947582,73.5591812133789,73.57525261947582,85150
2013-11-06,73.57524108886719,73.57524108886719,73.55916968528898,73.57524108886719,502800
2013-11-07,73.5591812133789,73.57525261947582,73.5591812133789,73.5591812133789,156350
2013-11-08,73.5591812133789,73.57525261947582,73.5591812133789,73.57525261947582,296000
2013-11-11,73.57524108886719,73.57524108886719,73.55916968528898,73.55916968528898,125500
2013-11-12,73.57524108886719,73.57524108886719,73.55916968528898,73.57524108886719,129600
2013-11-13,73.57524108886719,73.57524108886719,73.55916968528898,73.55916968528898,117500
2013-11-14,73.5591812133789,73.57525261947582,73.5591812133789,73.57525261947582,156700
2013-11-15,73.5591812133789,73.57525261947582,73.5591812133789,73.57525261947582,91950
2013-11-18,73.5591812133789,73.57525261947582,73.5591812133789,73.5591812133789,180200
2013-11-19,73.5591812133789,73.57525261947582,73.5591812133789,73.5591812133789,93750
2013-11-20,73.5591812133789,73.57525261947582,73.5591812133789,73.57525261947582,108300
2013-11-21,73.57524108886719,73.57524108886719,73.55916968528898,73.57524108886719,287750
2013-11-22,73.5591812133789,73.57525261947582,73.5591812133789,73.5591812133789,385000
2013-11-25,73.5591812133789,73.57525261947582,73.5591812133789,73.57525261947582,630850
2013-11-26,73.5591812133789,73.57525261947582,73.5591812133789,73.5591812133789,62550
2013-11-27,73.57524108886719,73.57524108886719,73.55916968528898,73.57524108886719,145900
2013-11-29,73.5431137084961,73.57525039027072,73.5431137084961,73.57525039027072,465750
2013-12-02,73.5591812133789,73.57525261947582,73.5591812133789,73.5591812133789,187800
2013-12-03,73.57524108886719,73.57524108886719,73.55916968528898,73.55916968528898,312850
2013-12-04,73.57524108886719,73.57524108886719,73.55916968528898,73.57524108886719,329300
2013-12-05,73.57524108886719,73.57524108886719,73.55916968528898,73.57524108886719,139800
2013-12-06,73.57524108886719,73.57524108886719,73.55916968528898,73.57524108886719,188750
2013-12-09,73.57524108886719,73.57524108886719,73.55916968528898,73.55916968528898,224250
2013-12-10,73.5591812133789,73.57525261947582,73.5591812133789,73.5591812133789,66400
2013-12-11,73.57524108886719,73.57524108886719,73.55916968528898,73.55916968528898,95000
2013-12-12,73.57524108886719,73.57524108886719,73.55916968528898,73.57524108886719,1124650
2013-12-13,73.57524108886719,73.57524108886719,73.55916968528898,73.57524108886719,75850
2013-12-16,73.5591812133789,73.57525261947582,73.5591812133789,73.57525261947582,412600
2013-12-17,73.5591812133789,73.57525261947582,73.5591812133789,73.5591812133789,112400
2013-12-18,73.57524108886719,73.57524108886719,73.55916968528898,73.55916968528898,114400
2013-12-19,73.57524108886719,73.57524108886719,73.55916968528898,73.55916968528898,1356750
2013-12-20,73.5591812133789,73.57525261947582,73.5431159367275,73.57525261947582,715800
2013-12-23,73.5591812133789,73.57525261947582,73.5591812133789,73.5591812133789,284700
2013-12-24,73.5591812133789,73.5591812133789,73.5431159367275,73.5431159367275,111300
2013-12-26,73.5591812133789,73.57525261947582,73.5591812133789,73.57525261947582,81300
2013-12-27,73.57524108886719,73.57524108886719,73.55916968528898,73.57524108886719,150600
2013-12-30,73.57524108886719,73.57524108886719,73.55916968528898,73.57524108886719,83650
2013-12-31,73.5431137084961,73.57525039027072,73.5431137084961,73.5431137084961,209300
2014-01-02,73.5431137084961,73.55917898466075,73.5431137084961,73.5431137084961,265900
2014-01-03,73.5591812133789,73.5591812133789,73.5431159367275,73.5591812133789,85850
2014-01-06,73.5431137084961,73.55917898466075,73.5431137084961,73.5431137084961,166200
2014-01-07,73.5591812133789,73.5591812133789,73.5431159367275,73.5431159367275,214700
2014-01-08,73.5591812133789,73.5591812133789,73.5431159367275,73.5591812133789,120550
2014-01-09,73.5431137084961,73.55917898466075,73.5431137084961,73.5431137084961,140700
2014-01-10,73.5591812133789,73.5591812133789,73.5431159367275,73.5591812133789,100050
2014-01-13,73.5591812133789,73.5591812133789,73.5431159367275,73.5591812133789,173550
2014-01-14,73.5591812133789,73.5591812133789,73.5431159367275,73.5431159367275,188500
2014-01-15,73.5591812133789,73.5591812133789,73.5431159367275,73.5431159367275,121500
2014-01-16,73.5591812133789,73.5591812133789,73.5431159367275,73.5591812133789,176250
2014-01-17,73.5431137084961,73.55917898466075,73.5431137084961,73.55917898466075,600450
2014-01-21,73.5591812133789,73.5591812133789,73.5431159367275,73.5431159367275,216350
2014-01-22,73.5591812133789,73.5591812133789,73.5431159367275,73.5431159367275,154400
2014-01-23,73.5591812133789,73.5591812133789,73.5431159367275,73.5431159367275,174600
2014-01-24,73.5431137084961,73.55917898466075,73.5431137084961,73.5431137084961,142100
2014-01-27,73.5431137084961,73.55917898466075,73.5431137084961,73.5431137084961,332700
2014-01-28,73.5431137084961,73.55917898466075,73.5431137084961,73.55917898466075,480150
2014-01-29,73.5591812133789,73.5591812133789,73.5431159367275,73.5431159367275,146350
2014-01-30,73.5591812133789,73.5591812133789,73.5431159367275,73.5591812133789,170050
2014-01-31,73.5431137084961,73.55917898466075,73.5431137084961,73.55917898466075,336200
2014-02-03,73.5431137084961,73.55917898466075,73.5431137084961,73.55917898466075,1180450
2014-02-04,73.5591812133789,73.5591812133789,73.5431159367275,73.5591812133789,1322350
2014-02-05,73.5431137084961,73.55917898466075,73.5431137084961,73.5431137084961,157650
2014-02-06,73.5431137084961,73.55917898466075,73.5431137084961,73.5431137084961,253150
2014-02-07,73.5591812133789,73.5591812133789,73.5431159367275,73.5431159367275,433800
2014-02-10,73.5431137084961,73.55917898466075,73.52704230288613,73.5431137084961,1369150
2014-02-11,73.5431137084961,73.55917898466075,73.52704230288613,73.52704230288613,915250
2014-02-12,73.5591812133789,73.5591812133789,73.5431159367275,73.5431159367275,148050
2014-02-13,73.5591812133789,73.5591812133789,73.5431159367275,73.5431159367275,471650
2014-02-14,73.5591812133789,73.5591812133789,73.5431159367275,73.5431159367275,139650
2014-02-18,73.5431137084961,73.55917898466075,73.5431137084961,73.55917898466075,303550
2014-02-19,73.5591812133789,73.5591812133789,73.5431159367275,73.5591812133789,140100
2014-02-20,73.5591812133789,73.5591812133789,73.5431159367275,73.5431159367275,240750
2014-02-21,73.5431137084961,73.55917898466075,73.5431137084961,73.5431137084961,298050
2014-02-24,73.5591812133789,73.5591812133789,73.5431159367275,73.5431159367275,613700
2014-02-25,73.5591812133789,73.5591812133789,73.5431159367275,73.5591812133789,178000
2014-02-26,73.5591812133789,73.5591812133789,73.5431159367275,73.5431159367275,87700
2014-02-27,73.5431137084961,73.55917898466075,73.5431137084961,73.5431137084961,95300
2014-02-28,73.5591812133789,73.5591812133789,73.5431159367275,73.5431159367275,167350
2014-03-03,73.5591812133789,73.5591812133789,73.5431159367275,73.5431159367275,858450
2014-03-04,73.5431137084961,73.55917898466075,73.5431137084961,73.5431137084961,490100
2014-03-05,73.5591812133789,73.5591812133789,73.5431159367275,73.5431159367275,163600
2014-03-06,73.5591812133789,73.5591812133789,73.5431159367275,73.5431159367275,159550
2014-03-07,73.5431137084961,73.55917898466075,73.5431137084961,73.5431137084961,90550
2014-03-10,73.5431137084961,73.55917898466075,73.5431137084961,73.5431137084961,293450
2014-03-11,73.5431137084961,73.55917898466075,73.5431137084961,73.5431137084961,42250
2014-03-12,73.5431137084961,73.55917898466075,73.5431137084961,73.5431137084961,115050
2014-03-13,73.5431137084961,73.55917898466075,73.5431137084961,73.5431137084961,74750
2014-03-14,73.5431137084961,73.55917898466075,73.5431137084961,73.5431137084961,1176050
2014-03-17,73.5431137084961,73.55917898466075,73.5431137084961,73.5431137084961,504750
2014-03-18,73.5431137084961,73.55917898466075,73.5431137084961,73.5431137084961,106400
2014-03-19,73.5591812133789,73.5591812133789,73.5431159367275,73.5431159367275,97950
2014-03-20,73.5431137084961,73.55917898466075,73.5431137084961,73.5431137084961,71650
2014-03-21,73.5591812133789,73.5591812133789,73.5431159367275,73.5591812133789,138200
2014-03-24,73.5591812133789,73.5591812133789,73.5431159367275,73.5431159367275,254350
2014-03-25,73.5591812133789,73.5591812133789,73.5431159367275,73.5591812133789,73600
2014-03-26,73.5431137084961,73.55917898466075,73.5431137084961,73.55917898466075,874300
2014-03-27,73.5431137084961,73.55917898466075,73.5431137084961,73.5431137084961,66100
2014-03-28,73.5431137084961,73.55917898466075,73.5431137084961,73.5431137084961,195500
2014-03-31,73.5431137084961,73.55917898466075,73.5431137084961,73.55917898466075,425900
2014-04-01,73.5431137084961,73.55917898466075,73.5431137084961,73.5431137084961,1279350
2014-04-02,73.5431137084961,73.55917898466075,73.5431137084961,73.5431137084961,455200
2014-04-03,73.5591812133789,73.5591812133789,73.5431159367275,73.5431159367275,131750
2014-04-04,73.5431137084961,73.55917898466075,73.5431137084961,73.5431137084961,80750
2014-04-07,73.5431137084961,73.55917898466075,73.5431137084961,73.5431137084961,1296300
2014-04-08,73.5431137084961,73.55917898466075,73.5431137084961,73.55917898466075,402050
2014-04-09,73.5431137084961,73.55917898466075,73.5431137084961,73.5431137084961,99600
2014-04-10,73.5431137084961,73.55917898466075,73.5431137084961,73.5431137084961,66000
2014-04-11,73.5431137084961,73.55917898466075,73.5431137084961,73.5431137084961,166600
2014-04-14,73.5431137084961,73.55917898466075,73.5431137084961,73.5431137084961,299600
2014-04-15,73.5431137084961,73.55917898466075,73.5431137084961,73.5431137084961,226800
2014-04-16,73.5431137084961,73.55917898466075,73.5431137084961,73.5431137084961,88350
2014-04-17,73.5591812133789,73.5591812133789,73.5431159367275,73.5591812133789,136850
2014-04-21,73.5431137084961,73.5431137084961,73.52704230288613,73.52704230288613,127050
2014-04-22,73.52701568603516,73.54308708582727,73.52701568603516,73.52701568603516,92550
2014-04-23,73.5431137084961,73.5431137084961,73.52704230288613,73.5431137084961,188500
2014-04-24,73.5431137084961,73.5431137084961,73.52704230288613,73.52704230288613,262250
2014-04-25,73.5431137084961,73.5431137084961,73.52704230288613,73.52704230288613,110900
2014-04-28,73.5431137084961,73.55917898466075,73.5431137084961,73.5431137084961,81100
2014-04-29,73.5431137084961,73.55917898466075,73.5431137084961,73.55917898466075,101050
2014-04-30,73.5431137084961,73.55917898466075,73.5431137084961,73.5431137084961,230600
2014-05-01,73.52701568603516,73.54308708582727,73.52701568603516,73.54308708582727,152950
2014-05-02,73.5431137084961,73.5431137084961,73.52704230288613,73.52704230288613,71850
2014-05-05,73.5431137084961,73.5431137084961,73.52704230288613,73.52704230288613,164600
2014-05-06,73.52701568603516,73.54308708582727,73.52701568603516,73.54308708582727,74800
2014-05-07,73.52701568603516,73.54308708582727,73.52701568603516,73.52701568603516,75900
2014-05-08,73.52701568603516,73.54308708582727,73.52701568603516,73.54308708582727,125300
2014-05-09,73.5431137084961,73.5431137084961,73.52704230288613,73.52704230288613,71650
2014-05-12,73.52701568603516,73.54308708582727,73.52701568603516,73.52701568603516,896250
2014-05-13,73.5431137084961,73.5431137084961,73.52704230288613,73.52704230288613,173450
2014-05-14,73.5431137084961,73.5431137084961,73.52704230288613,73.52704230288613,217900
2014-05-15,73.5431137084961,73.5431137084961,73.52704230288613,73.52704230288613,193000
2014-05-16,73.5431137084961,73.5431137084961,73.52704230288613,73.52704230288613,62550
2014-05-19,73.5431137084961,73.5431137084961,73.52704230288613,73.52704230288613,265750
2014-05-20,73.5431137084961,73.5431137084961,73.52704230288613,73.52704230288613,94850
2014-05-21,73.52701568603516,73.54308708582727,73.52701568603516,73.54308708582727,65450
2014-05-22,73.52701568603516,73.54308708582727,73.52701568603516,73.52701568603516,130950
2014-05-23,73.5431137084961,73.5431137084961,73.52704230288613,73.5431137084961,101500
2014-05-27,73.52701568603516,73.54308708582727,73.52701568603516,73.52701568603516,87000
2014-05-28,73.5431137084961,73.5431137084961,73.52704230288613,73.5431137084961,89300
2014-05-29,73.52701568603516,73.54308708582727,73.52701568603516,73.54308708582727,90150
2014-05-30,73.5431137084961,73.5431137084961,73.52704230288613,73.52704230288613,213000
2014-06-02,73.52701568603516,73.54308708582727,73.52701568603516,73.52701568603516,66000
2014-06-03,73.52701568603516,73.54308708582727,73.52701568603516,73.52701568603516,135950
2014-06-04,73.52701568603516,73.54308708582727,73.52701568603516,73.54308708582727,158000
2014-06-05,73.52701568603516,73.54308708582727,73.52701568603516,73.54308708582727,148000
2014-06-06,73.52701568603516,73.54308708582727,73.52701568603516,73.54308708582727,142950
2014-06-09,73.5431137084961,73.5431137084961,73.52704230288613,73.52704230288613,80650
2014-06-10,73.5431137084961,73.5431137084961,73.52704230288613,73.52704230288613,153750
2014-06-11,73.52701568603516,73.54308708582727,73.52701568603516,73.52701568603516,64100
2014-06-12,73.5431137084961,73.5431137084961,73.52704230288613,73.52704230288613,96350
2014-06-13,73.52701568603516,73.52701568603516,73.51095041568614,73.51095041568614,382650
2014-06-16,73.5431137084961,73.5431137084961,73.51097702672146,73.51097702672146,601050
2014-06-17,73.52701568603516,73.54308708582727,73.52701568603516,73.52701568603516,108500
2014-06-18,73.5431137084961,73.5431137084961,73.52704230288613,73.52704230288613,205950
2014-06-19,73.5431137084961,73.5431137084961,73.52704230288613,73.52704230288613,75700
2014-06-20,73.5431137084961,73.5431137084961,73.52704230288613,73.5431137084961,116850
2014-06-23,73.5431137084961,73.5431137084961,73.52704230288613,73.52704230288613,143400
2014-06-24,73.5431137084961,73.5431137084961,73.52704230288613,73.5431137084961,86900
2014-06-25,73.52701568603516,73.54308708582727,73.52701568603516,73.52701568603516,56800
2014-06-26,73.52701568603516,73.54308708582727,73.52701568603516,73.54308708582727,120600
2014-06-27,73.5431137084961,73.5431137084961,73.52704230288613,73.5431137084961,210550
2014-06-30,73.52701568603516,73.54308708582727,73.52701568603516,73.52701568603516,89300
2014-07-01,73.5431137084961,73.5431137084961,73.52704230288613,73.52704230288613,145650
2014-07-02,73.5431137084961,73.5431137084961,73.52704230288613,73.52704230288613,217800
2014-07-03,73.52701568603516,73.54308708582727,73.52701568603516,73.52701568603516,74100
2014-07-07,73.5431137084961,73.5431137084961,73.52704230288613,73.52704230288613,357200
2014-07-08,73.5431137084961,73.5431137084961,73.52704230288613,73.5431137084961,230900
2014-07-09,73.52701568603516,73.54308708582727,73.52701568603516,73.54308708582727,84150
2014-07-10,73.52701568603516,73.54308708582727,73.52701568603516,73.52701568603516,444400
2014-07-11,73.52701568603516,73.54308708582727,73.51095041568614,73.52701568603516,63350
2014-07-14,73.52701568603516,73.52701568603516,73.51095041568614,73.52701568603516,137450
2014-07-15,73.52701568603516,73.52701568603516,73.51095041568614,73.51095041568614,122150
2014-07-16,73.52701568603516,73.52701568603516,73.51095041568614,73.51095041568614,89250
2014-07-17,73.52701568603516,73.52701568603516,73.51095041568614,73.51095041568614,69450
2014-07-18,73.5110092163086,73.52707449950805,73.5110092163086,73.52707449950805,99150
2014-07-21,73.52701568603516,73.52701568603516,73.51095041568614,73.51095041568614,190300
2014-07-22,73.5110092163086,73.52707449950805,73.5110092163086,73.52707449950805,347500
2014-07-23,73.52701568603516,73.52701568603516,73.51095041568614,73.51095041568614,167400
2014-07-24,73.52701568603516,73.52701568603516,73.51095041568614,73.52701568603516,441050
2014-07-25,73.52701568603516,73.52701568603516,73.51095041568614,73.51095041568614,73150
2014-07-28,73.52701568603516,73.52701568603516,73.51095041568614,73.51095041568614,73150
2014-07-29,73.52701568603516,73.52701568603516,73.51095041568614,73.52701568603516,123900
2014-07-30,73.52701568603516,73.52701568603516,73.51095041568614,73.52701568603516,48500
2014-07-31,73.5110092163086,73.52707449950805,73.5110092163086,73.52707449950805,185050
2014-08-01,73.52701568603516,73.52701568603516,73.51095041568614,73.52701568603516,809650
2014-08-04,73.52701568603516,73.52701568603516,73.51095041568614,73.51095041568614,385750
2014-08-05,73.5110092163086,73.52707449950805,73.5110092163086,73.5110092163086,175300
2014-08-06,73.5110092163086,73.52707449950805,73.5110092163086,73.5110092163086,108550
2014-08-07,73.52701568603516,73.52701568603516,73.51095041568614,73.51095041568614,115550
2014-08-08,73.5110092163086,73.52707449950805,73.5110092163086,73.52707449950805,351600
2014-08-11,73.5110092163086,73.52707449950805,73.5110092163086,73.52707449950805,475700
2014-08-12,73.5110092163086,73.52707449950805,73.5110092163086,73.5110092163086,103950
2014-08-13,73.52701568603516,73.52701568603516,73.51095041568614,73.51095041568614,234700
2014-08-14,73.5110092163086,73.52707449950805,73.5110092163086,73.52707449950805,463700
2014-08-15,73.52701568603516,73.52701568603516,73.51095041568614,73.52701568603516,223000
2014-08-18,73.5110092163086,73.52707449950805,73.5110092163086,73.5110092163086,526850
2014-08-19,73.52701568603516,73.52701568603516,73.51095041568614,73.51095041568614,502550
2014-08-20,73.5110092163086,73.52707449950805,73.5110092163086,73.5110092163086,63650
2014-08-21,73.52701568603516,73.52701568603516,73.51095041568614,73.51095041568614,214700
2014-08-22,73.52701568603516,73.52701568603516,73.51095041568614,73.52701568603516,84050
2014-08-25,73.52701568603516,73.52701568603516,73.51095041568614,73.51095041568614,587300
2014-08-26,73.52701568603516,73.52701568603516,73.51095041568614,73.51095041568614,100350
2014-08-27,73.5110092163086,73.52707449950805,73.5110092163086,73.5110092163086,348050
2014-08-28,73.52701568603516,73.52701568603516,73.51095041568614,73.51095041568614,145100
2014-08-29,73.52701568603516,73.52701568603516,73.51095041568614,73.51095041568614,66950
2014-09-02,73.5110092163086,73.52707449950805,73.5110092163086,73.5110092163086,598400
2014-09-03,73.52701568603516,73.52701568603516,73.51095041568614,73.51095041568614,39450
2014-09-04,73.5110092163086,73.52707449950805,73.5110092163086,73.5110092163086,105250
2014-09-05,73.52701568603516,73.52701568603516,73.51095041568614,73.52701568603516,105200
2014-09-08,73.5110092163086,73.52707449950805,73.5110092163086,73.52707449950805,116700
2014-09-09,73.5110092163086,73.52707449950805,73.5110092163086,73.5110092163086,64600
2014-09-10,73.52701568603516,73.52701568603516,73.51095041568614,73.51095041568614,78350
2014-09-11,73.5110092163086,73.52707449950805,73.5110092163086,73.5110092163086,70400
2014-09-12,73.5110092163086,73.52707449950805,73.5110092163086,73.5110092163086,163750
2014-09-15,73.5110092163086,73.52707449950805,73.5110092163086,73.5110092163086,143250
2014-09-16,73.5110092163086,73.52707449950805,73.5110092163086,73.52707449950805,115400
2014-09-17,73.5110092163086,73.52707449950805,73.5110092163086,73.52707449950805,359300
2014-09-18,73.52701568603516,73.52701568603516,73.51095041568614,73.52701568603516,92100
2014-09-19,73.52701568603516,73.52701568603516,73.51095041568614,73.51095041568614,146050
2014-09-22,73.52701568603516,73.52701568603516,73.51095041568614,73.51095041568614,1013800
2014-09-23,73.52701568603516,73.52701568603516,73.51095041568614,73.51095041568614,112100
2014-09-24,73.52701568603516,73.52701568603516,73.51095041568614,73.52701568603516,65150
2014-09-25,73.52701568603516,73.52701568603516,73.51095041568614,73.51095041568614,109700
2014-09-26,73.52701568603516,73.52701568603516,73.51095041568614,73.51095041568614,54750
2014-09-29,73.5110092163086,73.52707449950805,73.5110092163086,73.52707449950805,139600
2014-09-30,73.52701568603516,73.52701568603516,73.51095041568614,73.51095041568614,251150
2014-10-01,73.52701568603516,73.52701568603516,73.51095041568614,73.52701568603516,663450
2014-10-02,73.52701568603516,73.52701568603516,73.51095041568614,73.51095041568614,269900
2014-10-03,73.49492645263672,73.5270570113935,73.49492645263672,73.5270570113935,650100
2014-10-06,73.49492645263672,73.5109917320151,73.49492645263672,73.49492645263672,237100
2014-10-07,73.5110092163086,73.5110092163086,73.49494393310914,73.5110092163086,134150
2014-10-08,73.5110092163086,73.5110092163086,73.49494393310914,73.5110092163086,147550
2014-10-09,73.5110092163086,73.5110092163086,73.49494393310914,73.49494393310914,978250
2014-10-10,73.5110092163086,73.5110092163086,73.49494393310914,73.49494393310914,581100
2014-10-13,73.5110092163086,73.5110092163086,73.49494393310914,73.5110092163086,722250
2014-10-14,73.49492645263672,73.5109917320151,73.49492645263672,73.49492645263672,424150
2014-10-15,73.49492645263672,73.5109917320151,73.49492645263672,73.49492645263672,369600
2014-10-16,73.5110092163086,73.5110092163086,73.49494393310914,73.5110092163086,601100
2014-10-17,73.5110092163086,73.5110092163086,73.49494393310914,73.5110092163086,683350
2014-10-20,73.5110092163086,73.52707449950805,73.49494393310914,73.5110092163086,4556600
2014-10-21,73.49492645263672,73.5109917320151,73.49492645263672,73.5109917320151,2076600
2014-10-22,73.5110092163086,73.5110092163086,73.49494393310914,73.49494393310914,1261150
2014-10-23,73.49492645263672,73.5109917320151,73.49492645263672,73.49492645263672,218100
2014-10-24,73.49492645263672,73.5109917320151,73.49492645263672,73.49492645263672,197200
2014-10-27,73.49492645263672,73.5109917320151,73.49492645263672,73.49492645263672,1660850
2014-10-28,73.49492645263672,73.5109917320151,73.49492645263672,73.5109917320151,2536000
2014-10-29,73.5110092163086,73.5110092163086,73.49494393310914,73.5110092163086,725950
2014-10-30,73.49492645263672,73.5109917320151,73.49492645263672,73.49492645263672,284950
2014-10-31,73.5110092163086,73.5110092163086,73.49494393310914,73.49494393310914,1133200
2014-11-03,73.49492645263672,73.5109917320151,73.49492645263672,73.5109917320151,9501200
2014-11-04,73.5110092163086,73.5110092163086,73.49494393310914,73.49494393310914,322350
2014-11-05,73.49492645263672,73.5109917320151,73.49492645263672,73.5109917320151,663100
2014-11-06,73.5110092163086,73.5110092163086,73.49494393310914,73.5110092163086,407200
2014-11-07,73.49492645263672,73.5109917320151,73.49492645263672,73.5109917320151,114000
2014-11-10,73.5110092163086,73.5110092163086,73.49494393310914,73.5110092163086,185550
2014-11-11,73.5110092163086,73.5110092163086,73.49494393310914,73.49494393310914,128400
2014-11-12,73.5110092163086,73.5110092163086,73.49494393310914,73.5110092163086,645000
2014-11-13,73.49492645263672,73.5109917320151,73.49492645263672,73.5109917320151,245250
2014-11-14,73.49492645263672,73.5109917320151,73.49492645263672,73.49492645263672,231900
2014-11-17,73.5110092163086,73.5110092163086,73.49494393310914,73.5110092163086,126500
2014-11-18,73.49492645263672,73.5109917320151,73.49492645263672,73.49492645263672,794700
2014-11-19,73.49492645263672,73.5109917320151,73.49492645263672,73.5109917320151,272750
2014-11-20,73.49492645263672,73.5109917320151,73.49492645263672,73.49492645263672,276000
2014-11-21,73.49492645263672,73.5109917320151,73.49492645263672,73.49492645263672,292700
2014-11-24,73.5110092163086,73.5110092163086,73.49494393310914,73.49494393310914,891550
2014-11-25,73.5110092163086,73.5110092163086,73.49494393310914,73.49494393310914,209000
2014-11-26,73.49492645263672,73.5109917320151,73.49492645263672,73.49492645263672,897100
2014-11-28,73.5110092163086,73.5110092163086,73.49494393310914,73.49494393310914,383200
2014-12-01,73.49492645263672,73.5109917320151,73.49492645263672,73.49492645263672,424600
2014-12-02,73.49492645263672,73.5109917320151,73.49492645263672,73.5109917320151,179150
2014-12-03,73.49492645263672,73.5109917320151,73.49492645263672,73.49492645263672,685850
2014-12-04,73.49492645263672,73.49492645263672,73.47885504381179,73.49492645263672,298650
2014-12-05,73.5110092163086,73.5110092163086,73.47887252046169,73.49494393310914,540700
2014-12-08,73.5110092163086,73.5110092163086,73.49494393310914,73.5110092163086,511500
2014-12-09,73.49492645263672,73.5109917320151,73.49492645263672,73.5109917320151,672150
2014-12-10,73.49492645263672,73.5109917320151,73.49492645263672,73.49492645263672,1242800
2014-12-11,73.49492645263672,73.5109917320151,73.49492645263672,73.49492645263672,409400
2014-12-12,73.5110092163086,73.5110092163086,73.47887252046169,73.49494393310914,1708100
2014-12-15,73.47882843017578,73.51096510673938,73.47882843017578,73.51096510673938,1886200
2014-12-16,73.47882843017578,73.49489983317974,73.47882843017578,73.49489983317974,1782450
2014-12-17,73.47882843017578,73.51096510673938,73.47882843017578,73.51096510673938,2119950
2014-12-18,73.49492645263672,73.49492645263672,73.47885504381179,73.47885504381179,3397250
2014-12-19,73.47882843017578,73.49489983317974,73.47882843017578,73.47882843017578,692250
2014-12-22,73.47882843017578,73.49489983317974,73.47882843017578,73.47882843017578,5710200
2014-12-23,73.47882843017578,73.49489983317974,73.47882843017578,73.49489983317974,1548400
2014-12-24,73.49492645263672,73.49492645263672,73.47885504381179,73.47885504381179,769050
2014-12-26,73.47882843017578,73.49489983317974,73.47882843017578,73.47882843017578,147500
2014-12-29,73.47882843017578,73.49489983317974,73.47882843017578,73.47882843017578,1374000
2014-12-30,73.47882843017578,73.49489983317974,73.47882843017578,73.49489983317974,1417950
2014-12-31,73.49492645263672,73.49492645263672,73.47885504381179,73.49492645263672,348100
2015-01-02,73.47882843017578,73.49489983317974,73.47882843017578,73.47882843017578,341000
2015-01-05,73.49492645263672,73.49492645263672,73.47885504381179,73.47885504381179,2518350
2015-01-06,73.47882843017578,73.49489983317974,73.47882843017578,73.47882843017578,541250
2015-01-07,73.47882843017578,73.49489983317974,73.47882843017578,73.49489983317974,153800
2015-01-08,73.47882843017578,73.49489983317974,73.47882843017578,73.49489983317974,236450
2015-01-09,73.47882843017578,73.49489983317974,73.47882843017578,73.49489983317974,109650
2015-01-12,73.47882843017578,73.49489983317974,73.47882843017578,73.47882843017578,221000
2015-01-13,73.47882843017578,73.49489983317974,73.47882843017578,73.49489983317974,517300
2015-01-14,73.47882843017578,73.49489983317974,73.47882843017578,73.47882843017578,57500
2015-01-15,73.47882843017578,73.49489983317974,73.47882843017578,73.47882843017578,270150
2015-01-16,73.47882843017578,73.49489983317974,73.47882843017578,73.47882843017578,738950
2015-01-20,73.47882843017578,73.49489983317974,73.47882843017578,73.47882843017578,629400
2015-01-21,73.49492645263672,73.49492645263672,73.47885504381179,73.47885504381179,952400
2015-01-22,73.47882843017578,73.49489983317974,73.47882843017578,73.47882843017578,1430950
2015-01-23,73.49492645263672,73.49492645263672,73.47885504381179,73.47885504381179,508000
2015-01-26,73.49492645263672,73.49492645263672,73.47885504381179,73.49492645263672,320600
2015-01-27,73.49492645263672,73.49492645263672,73.47885504381179,73.47885504381179,191400
2015-01-28,73.47882843017578,73.49489983317974,73.47882843017578,73.47882843017578,268900
2015-01-29,73.47882843017578,73.49489983317974,73.46276315661615,73.46276315661615,554550
2015-01-30,73.47882843017578,73.49489983317974,73.47882843017578,73.47882843017578,205700
2015-02-02,73.47882843017578,73.49489983317974,73.47882843017578,73.49489983317974,3557500
2015-02-03,73.49492645263672,73.49492645263672,73.47885504381179,73.47885504381179,266100
2015-02-04,73.47882843017578,73.49489983317974,73.47882843017578,73.47882843017578,214200
2015-02-05,73.47882843017578,73.49489983317974,73.47882843017578,73.47882843017578,414800
2015-02-06,73.47882843017578,73.49489983317974,73.47882843017578,73.49489983317974,291750
2015-02-09,73.46278381347656,73.47884909155356,73.46278381347656,73.47884909155356,147050
2015-02-10,73.47882843017578,73.47882843017578,73.46276315661615,73.47882843017578,170450
2015-02-11,73.46278381347656,73.47884909155356,73.46278381347656,73.46278381347656,493200
2015-02-12,73.46278381347656,73.47884909155356,73.46278381347656,73.46278381347656,87100
2015-02-13,73.47882843017578,73.47882843017578,73.46276315661615,73.46276315661615,383100
2015-02-17,73.47882843017578,73.47882843017578,73.46276315661615,73.47882843017578,402400
2015-02-18,73.47882843017578,73.47882843017578,73.46276315661615,73.47882843017578,143050
2015-02-19,73.47882843017578,73.47882843017578,73.46276315661615,73.46276315661615,167200
2015-02-20,73.46278381347656,73.47884909155356,73.46278381347656,73.46278381347656,145450
2015-02-23,73.47882843017578,73.47882843017578,73.46276315661615,73.47882843017578,607650
2015-02-24,73.46278381347656,73.47884909155356,73.46278381347656,73.46278381347656,330250
2015-02-25,73.47882843017578,73.47882843017578,73.46276315661615,73.46276315661615,522850
2015-02-26,73.46278381347656,73.47884909155356,73.46278381347656,73.46278381347656,167000
2015-02-27,73.47882843017578,73.47882843017578,73.46276315661615,73.47882843017578,200450
2015-03-02,73.46278381347656,73.47884909155356,73.46278381347656,73.46278381347656,462650
2015-03-03,73.47882843017578,73.47882843017578,73.46276315661615,73.47882843017578,503200
2015-03-04,73.47882843017578,73.47882843017578,73.46276315661615,73.46276315661615,124500
2015-03-05,73.47882843017578,73.47882843017578,73.46276315661615,73.46276315661615,130450
2015-03-06,73.46278381347656,73.47884909155356,73.46278381347656,73.46278381347656,262500
2015-03-09,73.47882843017578,73.47882843017578,73.46276315661615,73.47882843017578,986450
2015-03-10,73.47882843017578,73.47882843017578,73.46276315661615,73.47882843017578,232150
2015-03-11,73.47882843017578,73.47882843017578,73.46276315661615,73.46276315661615,170050
2015-03-12,73.46278381347656,73.47884909155356,73.46278381347656,73.47884909155356,812300
2015-03-13,73.47882843017578,73.47882843017578,73.46276315661615,73.46276315661615,415650
2015-03-16,73.47882843017578,73.47882843017578,73.46276315661615,73.46276315661615,491350
2015-03-17,73.47882843017578,73.47882843017578,73.46276315661615,73.46276315661615,429350
2015-03-18,73.47882843017578,73.47882843017578,73.46276315661615,73.46276315661615,672550
2015-03-19,73.47882843017578,73.47882843017578,73.46276315661615,73.46276315661615,459750
2015-03-20,73.47882843017578,73.47882843017578,73.46276315661615,73.46276315661615,183450
2015-03-23,73.46278381347656,73.47884909155356,73.46278381347656,73.46278381347656,552400
2015-03-24,73.47882843017578,73.47882843017578,73.46276315661615,73.46276315661615,590450
2015-03-25,73.46278381347656,73.47884909155356,73.46278381347656,73.46278381347656,983250
2015-03-26,73.46278381347656,73.47884909155356,73.46278381347656,73.46278381347656,782950
2015-03-27,73.46278381347656,73.47884909155356,73.46278381347656,73.46278381347656,254350
2015-03-30,73.44668579101562,73.47882246497026,73.44668579101562,73.47882246497026,648400
2015-03-31,73.47882843017578,73.47882843017578,73.4466917536122,73.4466917536122,704400
2015-04-01,73.44668579101562,73.46275719271486,73.44668579101562,73.46275719271486,598050
2015-04-02,73.46278381347656,73.46278381347656,73.44671240595352,73.44671240595352,126500
2015-04-06,73.46278381347656,73.46278381347656,73.44671240595352,73.46278381347656,302550
2015-04-07,73.47882843017578,73.47882843017578,73.46276315661615,73.47882843017578,128100
2015-04-08,73.47882843017578,73.47882843017578,73.46276315661615,73.47882843017578,244900
2015-04-09,73.46278381347656,73.47884909155356,73.44671240595352,73.46278381347656,257750
2015-04-10,73.46278381347656,73.46278381347656,73.44671240595352,73.44671240595352,159800
2015-04-13,73.44668579101562,73.46275719271486,73.44668579101562,73.44668579101562,84550
2015-04-14,73.46278381347656,73.46278381347656,73.44671240595352,73.46278381347656,72500
2015-04-15,73.44668579101562,73.46275719271486,73.44668579101562,73.44668579101562,105950
2015-04-16,73.46278381347656,73.46278381347656,73.44671240595352,73.44671240595352,187450
2015-04-17,73.44668579101562,73.46275719271486,73.44668579101562,73.44668579101562,182550
2015-04-20,73.44668579101562,73.46275719271486,73.44668579101562,73.46275719271486,130500
2015-04-21,73.46278381347656,73.46278381347656,73.44671240595352,73.44671240595352,125850
2015-04-22,73.44668579101562,73.46275719271486,73.44668579101562,73.46275719271486,186350
2015-04-23,73.44668579101562,73.46275719271486,73.44668579101562,73.44668579101562,132150
2015-04-24,73.44668579101562,73.46275719271486,73.44668579101562,73.44668579101562,119600
2015-04-27,73.46278381347656,73.46278381347656,73.44671240595352,73.44671240595352,79500
2015-04-28,73.46278381347656,73.46278381347656,73.44671240595352,73.44671240595352,79650
2015-04-29,73.46278381347656,73.46278381347656,73.44671240595352,73.46278381347656,182600
2015-04-30,73.46278381347656,73.46278381347656,73.44671240595352,73.44671240595352,388650
2015-05-01,73.44668579101562,73.46275719271486,73.44668579101562,73.44668579101562,365700
2015-05-04,73.46278381347656,73.46278381347656,73.44671240595352,73.46278381347656,296250
2015-05-05,73.46278381347656,73.46278381347656,73.44671240595352,73.46278381347656,326750
2015-05-06,73.46278381347656,73.46278381347656,73.44671240595352,73.46278381347656,442550
2015-05-07,73.44668579101562,73.46275719271486,73.44668579101562,73.46275719271486,112850
2015-05-08,73.46278381347656,73.46278381347656,73.44671240595352,73.44671240595352,289750
2015-05-11,73.44668579101562,73.46275719271486,73.44668579101562,73.44668579101562,1544150
2015-05-12,73.46278381347656,73.46278381347656,73.44671240595352,73.44671240595352,72450
2015-05-13,73.46278381347656,73.46278381347656,73.44671240595352,73.44671240595352,173600
2015-05-14,73.44668579101562,73.46275719271486,73.44668579101562,73.44668579101562,175950
2015-05-15,73.44668579101562,73.46275719271486,73.44668579101562,73.46275719271486,101650
2015-05-18,73.44668579101562,73.46275719271486,73.44668579101562,73.46275719271486,135000
2015-05-19,73.44668579101562,73.46275719271486,73.44668579101562,73.46275719271486,470250
2015-05-20,73.44668579101562,73.46275719271486,73.44668579101562,73.44668579101562,119050
2015-05-21,73.46278381347656,73.46278381347656,73.44671240595352,73.44671240595352,651750
2015-05-22,73.46278381347656,73.46278381347656,73.44671240595352,73.44671240595352,152300
2015-05-26,73.46278381347656,73.46278381347656,73.44671240595352,73.46278381347656,503600
2015-05-27,73.46278381347656,73.46278381347656,73.44671240595352,73.44671240595352,351200
2015-05-28,73.44668579101562,73.46275719271486,73.44668579101562,73.46275719271486,148950
2015-05-29,73.44668579101562,73.46275719271486,73.44668579101562,73.46275719271486,181050
2015-06-01,73.44668579101562,73.46275719271486,73.44668579101562,73.46275719271486,352100
2015-06-02,73.46278381347656,73.46278381347656,73.44671240595352,73.46278381347656,169700
2015-06-03,73.46278381347656,73.46278381347656,73.44671240595352,73.46278381347656,2925700
2015-06-04,73.44668579101562,73.46275719271486,73.44668579101562,73.46275719271486,241400
2015-06-05,73.44668579101562,73.46275719271486,73.43062051876021,73.46275719271486,360750
2015-06-08,73.43064880371094,73.44671408215459,73.43064880371094,73.44671408215459,209150
2015-06-09,73.43064880371094,73.44671408215459,73.43064880371094,73.44671408215459,143850
2015-06-10,73.44668579101562,73.44668579101562,73.43062051876021,73.43062051876021,664400
2015-06-11,73.46278381347656,73.46278381347656,73.44671240595352,73.44671240595352,330100
2015-06-12,73.44668579101562,73.46275719271486,73.44668579101562,73.46275719271486,66900
2015-06-15,73.46278381347656,73.46278381347656,73.44671240595352,73.46278381347656,170800
2015-06-16,73.43064880371094,73.44671408215459,73.43064880371094,73.43064880371094,177700
2015-06-17,73.46278381347656,73.46278381347656,73.44671240595352,73.44671240595352,315600
2015-06-18,73.43064880371094,73.4627854900444,73.43064880371094,73.4627854900444,208000
2015-06-19,73.43064880371094,73.44671408215459,73.43064880371094,73.44671408215459,59050
2015-06-22,73.44668579101562,73.44668579101562,73.43062051876021,73.43062051876021,253550
2015-06-23,73.43064880371094,73.44671408215459,73.43064880371094,73.43064880371094,423750
2015-06-24,73.43064880371094,73.44671408215459,73.43064880371094,73.44671408215459,60750
2015-06-25,73.44668579101562,73.44668579101562,73.43062051876021,73.44668579101562,240050
2015-06-26,73.43064880371094,73.4627854900444,73.43064880371094,73.43064880371094,113450
2015-06-29,73.44668579101562,73.44668579101562,73.43062051876021,73.43062051876021,2018150
2015-06-30,73.44668579101562,73.44668579101562,73.43062051876021,73.44668579101562,363000
2015-07-01,73.44668579101562,73.44668579101562,73.43062051876021,73.44668579101562,555650
2015-07-02,73.44668579101562,73.44668579101562,73.43062051876021,73.44668579101562,623300
2015-07-06,73.44668579101562,73.44668579101562,73.43062051876021,73.43062051876021,178400
2015-07-07,73.43064880371094,73.44671408215459,73.43064880371094,73.43064880371094,430250
2015-07-08,73.43064880371094,73.44671408215459,73.43064880371094,73.44671408215459,408150
2015-07-09,73.43064880371094,73.44671408215459,73.43064880371094,73.43064880371094,228900
2015-07-10,73.43064880371094,73.44671408215459,73.43064880371094,73.44671408215459,208650
2015-07-13,73.43064880371094,73.44671408215459,73.43064880371094,73.43064880371094,438200
2015-07-14,73.44668579101562,73.44668579101562,73.43062051876021,73.43062051876021,482900
2015-07-15,73.43064880371094,73.44671408215459,73.43064880371094,73.44671408215459,77250
2015-07-16,73.43064880371094,73.44671408215459,73.43064880371094,73.43064880371094,680000
2015-07-17,73.44668579101562,73.44668579101562,73.43062051876021,73.44668579101562,347200
2015-07-20,73.43064880371094,73.44671408215459,73.43064880371094,73.43064880371094,299400
2015-07-21,73.44668579101562,73.44668579101562,73.43062051876021,73.44668579101562,530500
2015-07-22,73.43064880371094,73.44671408215459,73.43064880371094,73.44671408215459,941000
2015-07-23,73.43064880371094,73.44671408215459,73.43064880371094,73.43064880371094,111100
2015-07-24,73.44668579101562,73.44668579101562,73.43062051876021,73.43062051876021,148250
2015-07-27,73.43064880371094,73.44671408215459,73.43064880371094,73.43064880371094,436900
2015-07-28,73.43064880371094,73.44671408215459,73.43064880371094,73.44671408215459,471900
2015-07-29,73.44668579101562,73.44668579101562,73.43062051876021,73.44668579101562,264400
2015-07-30,73.44668579101562,73.44668579101562,73.43062051876021,73.43062051876021,125550
2015-07-31,73.44668579101562,73.44668579101562,73.43062051876021,73.43062051876021,788850
2015-08-03,73.44668579101562,73.44668579101562,73.43062051876021,73.44668579101562,501750
2015-08-04,73.43064880371094,73.44671408215459,73.43064880371094,73.43064880371094,2544550
2015-08-05,73.43064880371094,73.44671408215459,73.43064880371094,73.43064880371094,235700
2015-08-06,73.43064880371094,73.44671408215459,73.43064880371094,73.44671408215459,147700
2015-08-07,73.43064880371094,73.44671408215459,73.43064880371094,73.44671408215459,86700
2015-08-10,73.44668579101562,73.44668579101562,73.43062051876021,73.43062051876021,396250
2015-08-11,73.43064880371094,73.44671408215459,73.43064880371094,73.43064880371094,31100
2015-08-12,73.43064880371094,73.44671408215459,73.43064880371094,73.44671408215459,258300
2015-08-13,73.43064880371094,73.44671408215459,73.43064880371094,73.44671408215459,57450
2015-08-14,73.41459655761719,73.43066796970177,73.41459655761719,73.43066796970177,275200
2015-08-17,73.41459655761719,73.43066796970177,73.41459655761719,73.41459655761719,198950
2015-08-18,73.43064880371094,73.44671408215459,73.41457739582111,73.41457739582111,196700
2015-08-19,73.44668579101562,73.44668579101562,73.43062051876021,73.43062051876021,219200
2015-08-20,73.43064880371094,73.43064880371094,73.41457739582111,73.41457739582111,117100
2015-08-21,73.43064880371094,73.44671408215459,73.43064880371094,73.44671408215459,1321450
2015-08-24,73.43064880371094,73.4627854900444,73.43064880371094,73.44671408215459,3923250
2015-08-25,73.43064880371094,73.44671408215459,73.43064880371094,73.43064880371094,3951700
2015-08-26,73.44668579101562,73.44668579101562,73.43062051876021,73.43062051876021,1379650
2015-08-27,73.43064880371094,73.44671408215459,73.43064880371094,73.44671408215459,303350
2015-08-28,73.44668579101562,73.44668579101562,73.43062051876021,73.44668579101562,2947150
2015-08-31,73.44668579101562,73.44668579101562,73.43062051876021,73.44668579101562,2775450
2015-09-01,73.44668579101562,73.44668579101562,73.43062051876021,73.44668579101562,1368350
2015-09-02,73.43064880371094,73.44671408215459,73.43064880371094,73.43064880371094,610700
2015-09-03,73.44668579101562,73.44668579101562,73.43062051876021,73.44668579101562,313500
2015-09-04,73.43064880371094,73.44671408215459,73.43064880371094,73.43064880371094,461550
2015-09-08,73.43064880371094,73.44671408215459,73.43064880371094,73.43064880371094,1896250
2015-09-09,73.43064880371094,73.44671408215459,73.43064880371094,73.43064880371094,223500
2015-09-10,73.41459655761719,73.44673325233859,73.41459655761719,73.43066796970177,432750
2015-09-11,73.43064880371094,73.43064880371094,73.41457739582111,73.41457739582111,273400
2015-09-14,73.43064880371094,73.43064880371094,73.41457739582111,73.41457739582111,457050
2015-09-15,73.41459655761719,73.44673325233859,73.41459655761719,73.44673325233859,201950
2015-09-16,73.41459655761719,73.43066796970177,73.41459655761719,73.41459655761719,321450
2015-09-17,73.41459655761719,73.43066796970177,73.41459655761719,73.41459655761719,425000
2015-09-18,73.41459655761719,73.43066796970177,73.41459655761719,73.43066796970177,390500
2015-09-21,73.43064880371094,73.43064880371094,73.41457739582111,73.41457739582111,281400
2015-09-22,73.43064880371094,73.43064880371094,73.41457739582111,73.43064880371094,180850
2015-09-23,73.41459655761719,73.43066796970177,73.41459655761719,73.43066796970177,223500
2015-09-24,73.41459655761719,73.43066796970177,73.41459655761719,73.43066796970177,462750
2015-09-25,73.41459655761719,73.43066796970177,73.41459655761719,73.41459655761719,554550
2015-09-28,73.43064880371094,73.43064880371094,73.41457739582111,73.43064880371094,267100
2015-09-29,73.43064880371094,73.43064880371094,73.41457739582111,73.41457739582111,1344350
2015-09-30,73.41459655761719,73.43066796970177,73.41459655761719,73.43066796970177,494800
2015-10-01,73.43064880371094,73.43064880371094,73.41457739582111,73.41457739582111,2686650
2015-10-02,73.43064880371094,73.43064880371094,73.41457739582111,73.43064880371094,2358450
2015-10-05,73.41459655761719,73.43066796970177,73.41459655761719,73.41459655761719,696850
2015-10-06,73.41459655761719,73.43066796970177,73.41459655761719,73.41459655761719,1357750
2015-10-07,73.41459655761719,73.43066796970177,73.41459655761719,73.41459655761719,716550
2015-10-08,73.41459655761719,73.43066796970177,73.41459655761719,73.41459655761719,275100
2015-10-09,73.41459655761719,73.43066796970177,73.41459655761719,73.41459655761719,774950
2015-10-12,73.41459655761719,73.43066796970177,73.39853127498039,73.43066796970177,3216300
2015-10-13,73.41459655761719,73.41459655761719,73.39853127498039,73.41459655761719,736400
2015-10-14,73.41459655761719,73.41459655761719,73.39853127498039,73.41459655761719,370550
2015-10-15,73.41459655761719,73.43066796970177,73.41459655761719,73.41459655761719,151850
2015-10-16,73.41459655761719,73.43066796970177,73.41459655761719,73.43066796970177,577950
2015-10-19,73.41459655761719,73.43066796970177,73.39853127498039,73.41459655761719,917200
2015-10-20,73.39852142333984,73.41458670382035,73.39852142333984,73.41458670382035,546750
2015-10-21,73.41459655761719,73.41459655761719,73.39853127498039,73.39853127498039,277100
2015-10-22,73.41459655761719,73.41459655761719,73.39853127498039,73.41459655761719,327100
2015-10-23,73.41459655761719,73.41459655761719,73.39853127498039,73.39853127498039,743550
2015-10-26,73.39852142333984,73.41458670382035,73.39852142333984,73.41458670382035,1571850
2015-10-27,73.39852142333984,73.41458670382035,73.39852142333984,73.39852142333984,231450
2015-10-28,73.39852142333984,73.41458670382035,73.39852142333984,73.39852142333984,817900
2015-10-29,73.39852142333984,73.41458670382035,73.39852142333984,73.41458670382035,429000
2015-10-30,73.39852142333984,73.41458670382035,73.39852142333984,73.39852142333984,697900
2015-11-02,73.39852142333984,73.41458670382035,73.38245001341238,73.39852142333984,8863450
2015-11-03,73.41459655761719,73.41459655761719,73.39853127498039,73.41459655761719,532200
2015-11-04,73.39852142333984,73.41458670382035,73.39852142333984,73.39852142333984,1298100
2015-11-05,73.39852142333984,73.41458670382035,73.39852142333984,73.39852142333984,156000
2015-11-06,73.39852142333984,73.41458670382035,73.39852142333984,73.39852142333984,956000
2015-11-09,73.41459655761719,73.41459655761719,73.39853127498039,73.39853127498039,341650
2015-11-10,73.39852142333984,73.41458670382035,73.39852142333984,73.41458670382035,1268400
2015-11-11,73.41459655761719,73.41459655761719,73.39853127498039,73.39853127498039,268400
2015-11-12,73.41459655761719,73.41459655761719,73.39853127498039,73.39853127498039,107150
2015-11-13,73.39852142333984,73.41458670382035,73.39852142333984,73.41458670382035,357700
2015-11-16,73.41459655761719,73.41459655761719,73.39853127498039,73.41459655761719,1754800
2015-11-17,73.39852142333984,73.41458670382035,73.39852142333984,73.39852142333984,230100
2015-11-18,73.39852142333984,73.41458670382035,73.39852142333984,73.39852142333984,454100
2015-11-19,73.41459655761719,73.41459655761719,73.39853127498039,73.41459655761719,116100
2015-11-20,73.39852142333984,73.41458670382035,73.39852142333984,73.41458670382035,536200
2015-11-23,73.41459655761719,73.41459655761719,73.39853127498039,73.39853127498039,1124550
2015-11-24,73.39852142333984,73.41458670382035,73.39852142333984,73.39852142333984,686550
2015-11-25,73.39852142333984,73.41458670382035,73.39852142333984,73.39852142333984,695700
2015-11-27,73.41459655761719,73.41459655761719,73.39853127498039,73.39853127498039,3610850
2015-11-30,73.41459655761719,73.41459655761719,73.39853127498039,73.41459655761719,153550
2015-12-01,73.39852142333984,73.41458670382035,73.39852142333984,73.41458670382035,183750
2015-12-02,73.39852142333984,73.41458670382035,73.39852142333984,73.41458670382035,520800
2015-12-03,73.41459655761719,73.41459655761719,73.39853127498039,73.41459655761719,529300
2015-12-04,73.41459655761719,73.41459655761719,73.39853127498039,73.41459655761719,398850
2015-12-07,73.41459655761719,73.41459655761719,73.39853127498039,73.39853127498039,239750
2015-12-08,73.39852142333984,73.41458670382035,73.39852142333984,73.41458670382035,101150
2015-12-09,73.38243865966797,73.39851006710887,73.38243865966797,73.39851006710887,411700
2015-12-10,73.39852142333984,73.41458670382035,73.39852142333984,73.41458670382035,581700
2015-12-11,73.41459655761719,73.41459655761719,73.39853127498039,73.39853127498039,673250
2015-12-14,73.41459655761719,73.41459655761719,73.39853127498039,73.39853127498039,4853350
2015-12-15,73.39852142333984,73.41458670382035,73.39852142333984,73.39852142333984,2550350
2015-12-16,73.41459655761719,73.41459655761719,73.39853127498039,73.41459655761719,623400
2015-12-17,73.39852142333984,73.41458670382035,73.39852142333984,73.39852142333984,1134550
2015-12-18,73.41459655761719,73.41459655761719,73.39853127498039,73.39853127498039,877500
2015-12-21,73.39852142333984,73.41458670382035,73.39852142333984,73.39852142333984,1594500
2015-12-22,73.39852142333984,73.41458670382035,73.39852142333984,73.39852142333984,988400
2015-12-23,73.39852142333984,73.41458670382035,73.39852142333984,73.41458670382035,247900
2015-12-24,73.41459655761719,73.41459655761719,73.39853127498039,73.39853127498039,521050
2015-12-28,73.39852142333984,73.41458670382035,73.39852142333984,73.41458670382035,243750
2015-12-29,73.39852142333984,73.41458670382035,73.39852142333984,73.41458670382035,173050
2015-12-30,73.41459655761719,73.41459655761719,73.39853127498039,73.41459655761719,299100
2015-12-31,73.39852142333984,73.41458670382035,73.39852142333984,73.41458670382035,447800
2016-01-04,73.41459655761719,73.41459655761719,73.39853127498039,73.41459655761719,1065800
2016-01-05,73.41459655761719,73.41459655761719,73.39853127498039,73.39853127498039,4878450
2016-01-06,73.38243865966797,73.39851006710887,73.38243865966797,73.39851006710887,377400
2016-01-07,73.39852142333984,73.41458670382035,73.39852142333984,73.41458670382035,651350
2016-01-08,73.39852142333984,73.41458670382035,73.39852142333984,73.39852142333984,585650
2016-01-11,73.39852142333984,73.41458670382035,73.39852142333984,73.39852142333984,1457550
2016-01-12,73.41459655761719,73.41459655761719,73.38245986289579,73.38245986289579,441900
2016-01-13,73.39852142333984,73.41458670382035,73.38245001341238,73.39852142333984,2031450
2016-01-14,73.38243865966797,73.41457534510376,73.38243865966797,73.41457534510376,1757450
2016-01-15,73.38243865966797,73.39851006710887,73.38243865966797,73.38243865966797,601550
2016-01-19,73.39852142333984,73.39852142333984,73.38245001341238,73.39852142333984,4424450
2016-01-20,73.39852142333984,73.41458670382035,73.39852142333984,73.39852142333984,738700
2016-01-21,73.41459655761719,73.41459655761719,73.39853127498039,73.39853127498039,1290650
2016-01-22,73.38243865966797,73.41457534510376,73.38243865966797,73.41457534510376,1004350
2016-01-25,73.39852142333984,73.39852142333984,73.38245001341238,73.39852142333984,605250
2016-01-26,73.38243865966797,73.39851006710887,73.38243865966797,73.39851006710887,311800
2016-01-27,73.39852142333984,73.39852142333984,73.38245001341238,73.39852142333984,1668300
2016-01-28,73.39852142333984,73.39852142333984,73.38245001341238,73.38245001341238,163800
2016-01-29,73.41459655761719,73.41459655761719,73.38245986289579,73.38245986289579,793200
2016-02-01,73.38243865966797,73.41457534510376,73.38243865966797,73.39851006710887,844900
2016-02-02,73.38243865966797,73.39851006710887,73.38243865966797,73.38243865966797,1627300
2016-02-03,73.39852142333984,73.41458670382035,73.38245001341238,73.39852142333984,2395650
2016-02-04,73.41459655761719,73.41459655761719,73.39853127498039,73.39853127498039,275450
2016-02-05,73.41459655761719,73.41459655761719,73.39853127498039,73.41459655761719,324200
2016-02-08,73.39852142333984,73.41458670382035,73.39852142333984,73.41458670382035,599450
2016-02-09,73.41459655761719,73.41459655761719,73.39853127498039,73.41459655761719,869550
2016-02-10,73.39852142333984,73.41458670382035,73.39852142333984,73.39852142333984,610950
2016-02-11,73.41459655761719,73.41459655761719,73.39853127498039,73.41459655761719,465450
2016-02-12,73.39852142333984,73.41458670382035,73.39852142333984,73.41458670382035,438850
2016-02-16,73.39852142333984,73.41458670382035,73.39852142333984,73.41458670382035,392650
2016-02-17,73.39852142333984,73.41458670382035,73.39852142333984,73.41458670382035,1282250
2016-02-18,73.41459655761719,73.41459655761719,73.39853127498039,73.41459655761719,712250
2016-02-19,73.41459655761719,73.41459655761719,73.39853127498039,73.41459655761719,911150
2016-02-22,73.41459655761719,73.41459655761719,73.39853127498039,73.41459655761719,201600
2016-02-23,73.39852142333984,73.41458670382035,73.39852142333984,73.41458670382035,1000450
2016-02-24,73.41459655761719,73.41459655761719,73.39853127498039,73.41459655761719,664950
2016-02-25,73.39852142333984,73.41458670382035,73.39852142333984,73.39852142333984,1243200
2016-02-26,73.39852142333984,73.41458670382035,73.39852142333984,73.39852142333984,883250
2016-02-29,73.41459655761719,73.41459655761719,73.39853127498039,73.41459655761719,1613200
2016-03-01,73.41459655761719,73.41459655761719,73.39853127498039,73.39853127498039,630600
2016-03-02,73.39852142333984,73.41458670382035,73.39852142333984,73.41458670382035,1869950
2016-03-03,73.41459655761719,73.41459655761719,73.39853127498039,73.39853127498039,1296950
2016-03-04,73.41459655761719,73.41459655761719,73.39853127498039,73.41459655761719,2205550
2016-03-07,73.41459655761719,73.41459655761719,73.39853127498039,73.41459655761719,908700
2016-03-08,73.39852142333984,73.41458670382035,73.39852142333984,73.39852142333984,542200
2016-03-09,73.41459655761719,73.41459655761719,73.39853127498039,73.39853127498039,661400
2016-03-10,73.41459655761719,73.41459655761719,73.39853127498039,73.39853127498039,198500
2016-03-11,73.39852142333984,73.41458670382035,73.39852142333984,73.39852142333984,383600
2016-03-14,73.39852142333984,73.41458670382035,73.39852142333984,73.39852142333984,292700
2016-03-15,73.39852142333984,73.41458670382035,73.39852142333984,73.41458670382035,2669300
2016-03-16,73.41459655761719,73.41459655761719,73.39853127498039,73.39853127498039,306250
2016-03-17,73.39852142333984,73.43065811374782,73.39852142333984,73.41458670382035,199450
2016-03-18,73.39852142333984,73.41458670382035,73.39852142333984,73.41458670382035,598800
2016-03-21,73.41459655761719,73.41459655761719,73.39853127498039,73.39853127498039,1510600
2016-03-22,73.41459655761719,73.41459655761719,73.39853127498039,73.39853127498039,286650
2016-03-23,73.39852142333984,73.41458670382035,73.39852142333984,73.39852142333984,260400
2016-03-24,73.41459655761719,73.41459655761719,73.39853127498039,73.39853127498039,711350
2016-03-28,73.41459655761719,73.43066796970177,73.41459655761719,73.41459655761719,347950
2016-03-29,73.41459655761719,73.43066796970177,73.41459655761719,73.41459655761719,631250
2016-03-30,73.41459655761719,73.43066796970177,73.41459655761719,73.43066796970177,264000
2016-03-31,73.41459655761719,73.43066796970177,73.41459655761719,73.41459655761719,2956800
2016-04-01,73.41459655761719,73.43066796970177,73.41459655761719,73.41459655761719,942500
2016-04-04,73.41459655761719,73.43066796970177,73.41459655761719,73.41459655761719,1619200
2016-04-05,73.43064880371094,73.43064880371094,73.41457739582111,73.43064880371094,1829950
2016-04-06,73.43064880371094,73.43064880371094,73.41457739582111,73.41457739582111,1081800
2016-04-07,73.41459655761719,73.43066796970177,73.41459655761719,73.41459655761719,1307000
2016-04-08,73.43064880371094,73.43064880371094,73.41457739582111,73.41457739582111,191950
2016-04-11,73.41459655761719,73.43066796970177,73.41459655761719,73.41459655761719,587150
2016-04-12,73.41459655761719,73.43066796970177,73.41459655761719,73.43066796970177,169600
2016-04-13,73.43064880371094,73.43064880371094,73.41457739582111,73.41457739582111,182400
2016-04-14,73.43064880371094,73.43064880371094,73.41457739582111,73.41457739582111,143950
2016-04-15,73.41459655761719,73.43066796970177,73.41459655761719,73.43066796970177,219000
2016-04-18,73.43064880371094,73.43064880371094,73.41457739582111,73.41457739582111,1972050
2016-04-19,73.43064880371094,73.43064880371094,73.41457739582111,73.41457739582111,138400
2016-04-20,73.43064880371094,73.43064880371094,73.41457739582111,73.43064880371094,199350
2016-04-21,73.41459655761719,73.43066796970177,73.41459655761719,73.43066796970177,446300
2016-04-22,73.43064880371094,73.43064880371094,73.41457739582111,73.43064880371094,388450
2016-04-25,73.41459655761719,73.43066796970177,73.41459655761719,73.41459655761719,515350
2016-04-26,73.43064880371094,73.43064880371094,73.41457739582111,73.41457739582111,250000
2016-04-27,73.43064880371094,73.43064880371094,73.41457739582111,73.43064880371094,104050
2016-04-28,73.43064880371094,73.43064880371094,73.41457739582111,73.41457739582111,274200
2016-04-29,73.44668579101562,73.44668579101562,73.43062051876021,73.43062051876021,722100
2016-05-02,73.43064880371094,73.44671408215459,73.43064880371094,73.44671408215459,370050
2016-05-03,73.44668579101562,73.44668579101562,73.43062051876021,73.43062051876021,665850
2016-05-04,73.43064880371094,73.44671408215459,73.43064880371094,73.43064880371094,700400
2016-05-05,73.43064880371094,73.44671408215459,73.43064880371094,73.43064880371094,578500
2016-05-06,73.44668579101562,73.44668579101562,73.43062051876021,73.43062051876021,2157200
2016-05-09,73.44668579101562,73.44668579101562,73.43062051876021,73.44668579101562,108850
2016-05-10,73.44668579101562,73.44668579101562,73.43062051876021,73.43062051876021,875050
2016-05-11,73.41459655761719,73.43066796970177,73.41459655761719,73.43066796970177,156800
2016-05-12,73.41459655761719,73.43066796970177,73.41459655761719,73.43066796970177,189900
2016-05-13,73.41459655761719,73.43066796970177,73.41459655761719,73.41459655761719,512850
2016-05-16,73.41459655761719,73.43066796970177,73.41459655761719,73.41459655761719,184500
2016-05-17,73.41459655761719,73.43066796970177,73.41459655761719,73.43066796970177,410200
2016-05-18,73.43064880371094,73.44671408215459,73.43064880371094,73.43064880371094,1319700
2016-05-19,73.41459655761719,73.43066796970177,73.41459655761719,73.41459655761719,122150
2016-05-20,73.43064880371094,73.44671408215459,73.41457739582111,73.43064880371094,389400
2016-05-23,73.44668579101562,73.44668579101562,73.41454911706097,73.43062051876021,827400
2016-05-24,73.41459655761719,73.44673325233859,73.41459655761719,73.43066796970177,612800
2016-05-25,73.43064880371094,73.43064880371094,73.41457739582111,73.43064880371094,242100
2016-05-26,73.43064880371094,73.44671408215459,73.41457739582111,73.43064880371094,284150
2016-05-27,73.44668579101562,73.44668579101562,73.43062051876021,73.43062051876021,270350
2016-05-31,73.44668579101562,73.44668579101562,73.41454911706097,73.44668579101562,498850
2016-06-01,73.44668579101562,73.44668579101562,73.43062051876021,73.43062051876021,578400
2016-06-02,73.43064880371094,73.44671408215459,73.43064880371094,73.43064880371094,175600
2016-06-03,73.44668579101562,73.46275719271486,73.43062051876021,73.44668579101562,735650
2016-06-06,73.46278381347656,73.46278381347656,73.44671240595352,73.44671240595352,365550
2016-06-07,73.46278381347656,73.46278381347656,73.44671240595352,73.44671240595352,154600
2016-06-08,73.46278381347656,73.46278381347656,73.44671240595352,73.44671240595352,250550
2016-06-09,73.43064880371094,73.4627854900444,73.43064880371094,73.4627854900444,1767200
2016-06-10,73.43064880371094,73.44671408215459,73.43064880371094,73.43064880371094,278100
2016-06-13,73.43064880371094,73.44671408215459,73.43064880371094,73.44671408215459,159100
2016-06-14,73.43064880371094,73.44671408215459,73.43064880371094,73.43064880371094,771300
2016-06-15,73.43064880371094,73.44671408215459,73.43064880371094,73.44671408215459,683100
2016-06-16,73.44668579101562,73.46275719271486,73.43062051876021,73.44668579101562,876400
2016-06-17,73.43064880371094,73.4627854900444,73.43064880371094,73.44671408215459,463250
2016-06-20,73.44668579101562,73.44668579101562,73.43062051876021,73.43062051876021,130900
2016-06-21,73.44668579101562,73.46275719271486,73.43062051876021,73.44668579101562,965700
2016-06-22,73.44668579101562,73.44668579101562,73.43062051876021,73.44668579101562,171250
2016-06-23,73.44668579101562,73.44668579101562,73.43062051876021,73.43062051876021,1232700
2016-06-24,73.43064880371094,73.44671408215459,73.43064880371094,73.43064880371094,640800
2016-06-27,73.43064880371094,73.4627854900444,73.43064880371094,73.43064880371094,3124250
2016-06-28,73.43064880371094,73.4627854900444,73.43064880371094,73.44671408215459,794050
2016-06-29,73.43064880371094,73.4627854900444,73.43064880371094,73.4627854900444,1667550
2016-06-30,73.43064880371094,73.4627854900444,73.43064880371094,73.44671408215459,690150
2016-07-01,73.46278381347656,73.46278381347656,73.43064712787653,73.44671240595352,511550
2016-07-05,73.46278381347656,73.46278381347656,73.43064712787653,73.44671240595352,1129200
2016-07-06,73.44668579101562,73.46275719271486,73.43062051876021,73.46275719271486,734450
2016-07-07,73.46278381347656,73.46278381347656,73.44671240595352,73.44671240595352,199950
2016-07-08,73.44668579101562,73.46275719271486,73.43062051876021,73.46275719271486,724150
2016-07-11,73.46278381347656,73.46278381347656,73.43064712787653,73.46278381347656,580150
2016-07-12,73.43064880371094,73.44671408215459,73.43064880371094,73.44671408215459,1158200
2016-07-13,73.44668579101562,73.44668579101562,73.43062051876021,73.43062051876021,422500
2016-07-14,73.46278381347656,73.46278381347656,73.43064712787653,73.44671240595352,2044250
2016-07-15,73.44668579101562,73.46275719271486,73.44668579101562,73.44668579101562,93400
2016-07-18,73.44668579101562,73.46275719271486,73.44668579101562,73.44668579101562,167100
2016-07-19,73.46278381347656,73.46278381347656,73.44671240595352,73.44671240595352,447400
2016-07-20,73.46278381347656,73.46278381347656,73.44671240595352,73.44671240595352,167500
2016-07-21,73.46278381347656,73.46278381347656,73.44671240595352,73.44671240595352,116700
2016-07-22,73.46278381347656,73.46278381347656,73.44671240595352,73.44671240595352,180450
2016-07-25,73.44668579101562,73.46275719271486,73.44668579101562,73.44668579101562,129050
2016-07-26,73.44668579101562,73.46275719271486,73.44668579101562,73.44668579101562,180700
2016-07-27,73.46278381347656,73.46278381347656,73.44671240595352,73.46278381347656,220300
2016-07-28,73.44668579101562,73.46275719271486,73.44668579101562,73.44668579101562,136700
2016-07-29,73.46278381347656,73.46278381347656,73.44671240595352,73.46278381347656,84000
2016-08-01,73.44668579101562,73.46275719271486,73.44668579101562,73.44668579101562,97000
2016-08-02,73.46278381347656,73.46278381347656,73.44671240595352,73.44671240595352,267100
2016-08-03,73.44668579101562,73.46275719271486,73.44668579101562,73.44668579101562,658950
2016-08-04,73.44668579101562,73.46275719271486,73.44668579101562,73.44668579101562,128750
2016-08-05,73.44668579101562,73.46275719271486,73.44668579101562,73.44668579101562,192100
2016-08-08,73.44668579101562,73.46275719271486,73.44668579101562,73.44668579101562,161400
2016-08-09,73.44668579101562,73.46275719271486,73.44668579101562,73.46275719271486,1148800
2016-08-10,73.44668579101562,73.46275719271486,73.44668579101562,73.44668579101562,100450
2016-08-11,73.44668579101562,73.46275719271486,73.44668579101562,73.44668579101562,98900
2016-08-12,73.44668579101562,73.46275719271486,73.44668579101562,73.46275719271486,101150
2016-08-15,73.44668579101562,73.46275719271486,73.44668579101562,73.44668579101562,296650
2016-08-16,73.44668579101562,73.46275719271486,73.44668579101562,73.44668579101562,101000
2016-08-17,73.44668579101562,73.46275719271486,73.44668579101562,73.44668579101562,342800
2016-08-18,73.46278381347656,73.46278381347656,73.44671240595352,73.44671240595352,109350
2016-08-19,73.44668579101562,73.46275719271486,73.44668579101562,73.44668579101562,120200
2016-08-22,73.44668579101562,73.46275719271486,73.44668579101562,73.44668579101562,1466200
2016-08-23,73.44668579101562,73.46275719271486,73.44668579101562,73.46275719271486,124250
2016-08-24,73.46278381347656,73.46278381347656,73.44671240595352,73.44671240595352,85100
2016-08-25,73.44668579101562,73.46275719271486,73.44668579101562,73.46275719271486,154050
2016-08-26,73.44668579101562,73.46275719271486,73.44668579101562,73.44668579101562,182050
2016-08-29,73.46278381347656,73.47884909155356,73.44671240595352,73.46278381347656,330350
2016-08-30,73.46278381347656,73.47884909155356,73.44671240595352,73.46278381347656,299450
2016-08-31,73.46278381347656,73.47884909155356,73.44671240595352,73.46278381347656,190000
2016-09-01,73.46278381347656,73.47884909155356,73.44671240595352,73.46278381347656,174350
2016-09-02,73.47882843017578,73.47882843017578,73.46276315661615,73.46276315661615,307000
2016-09-06,73.47882843017578,73.47882843017578,73.46276315661615,73.46276315661615,352500
2016-09-07,73.46278381347656,73.47884909155356,73.46278381347656,73.47884909155356,790650
2016-09-08,73.46278381347656,73.47884909155356,73.44671240595352,73.46278381347656,497150
2016-09-09,73.47882843017578,73.47882843017578,73.46276315661615,73.47882843017578,342800
2016-09-12,73.44668579101562,73.47882246497026,73.44668579101562,73.47882246497026,725000
2016-09-13,73.46278381347656,73.47884909155356,73.44671240595352,73.47884909155356,264650
2016-09-14,73.46278381347656,73.47884909155356,73.46278381347656,73.47884909155356,202550
2016-09-15,73.46278381347656,73.47884909155356,73.44671240595352,73.46278381347656,374150
2016-09-16,73.46278381347656,73.47884909155356,73.46278381347656,73.47884909155356,425950
2016-09-19,73.46278381347656,73.47884909155356,73.46278381347656,73.47884909155356,1269550
2016-09-20,73.46278381347656,73.47884909155356,73.46278381347656,73.46278381347656,706800
2016-09-21,73.46278381347656,73.47884909155356,73.46278381347656,73.46278381347656,536150
2016-09-22,73.47882843017578,73.47882843017578,73.46276315661615,73.47882843017578,514950
2016-09-23,73.47882843017578,73.49489983317974,73.46276315661615,73.47882843017578,369250
2016-09-26,73.47882843017578,73.47882843017578,73.46276315661615,73.46276315661615,433400
2016-09-27,73.46278381347656,73.47884909155356,73.46278381347656,73.47884909155356,453800
2016-09-28,73.46278381347656,73.47884909155356,73.46278381347656,73.46278381347656,481200
2016-09-29,73.46278381347656,73.47884909155356,73.46278381347656,73.46278381347656,878100
2016-09-30,73.47882843017578,73.47882843017578,73.46276315661615,73.46276315661615,458350
2016-10-03,73.46278381347656,73.47884909155356,73.46278381347656,73.47884909155356,231800
2016-10-04,73.47882843017578,73.47882843017578,73.46276315661615,73.46276315661615,392400
2016-10-05,73.47882843017578,73.47882843017578,73.46276315661615,73.46276315661615,518500
2016-10-06,73.47882843017578,73.47882843017578,73.46276315661615,73.47882843017578,193850
2016-10-07,73.47882843017578,73.47882843017578,73.46276315661615,73.47882843017578,139550
2016-10-10,73.47882843017578,73.47882843017578,73.46276315661615,73.47882843017578,67050
2016-10-11,73.46278381347656,73.47884909155356,73.46278381347656,73.47884909155356,374900
2016-10-12,73.47882843017578,73.47882843017578,73.46276315661615,73.46276315661615,411550
2016-10-13,73.46278381347656,73.47884909155356,73.46278381347656,73.47884909155356,156250
2016-10-14,73.46278381347656,73.47884909155356,73.46278381347656,73.46278381347656,130100
2016-10-17,73.46278381347656,73.47884909155356,73.46278381347656,73.47884909155356,237750
2016-10-18,73.46278381347656,73.47884909155356,73.46278381347656,73.46278381347656,180350
2016-10-19,73.47882843017578,73.47882843017578,73.46276315661615,73.46276315661615,138150
2016-10-20,73.46278381347656,73.47884909155356,73.46278381347656,73.47884909155356,261900
2016-10-21,73.46278381347656,73.47884909155356,73.46278381347656,73.46278381347656,424150
2016-10-24,73.46278381347656,73.47884909155356,73.46278381347656,73.47884909155356,106800
2016-10-25,73.46278381347656,73.47884909155356,73.46278381347656,73.47884909155356,175350
2016-10-26,73.47882843017578,73.47882843017578,73.46276315661615,73.46276315661615,200900
2016-10-27,73.46278381347656,73.47884909155356,73.46278381347656,73.47884909155356,184200
2016-10-28,73.47882843017578,73.49489983317974,73.46276315661615,73.49489983317974,546550
2016-10-31,73.49492645263672,73.49492645263672,73.47885504381179,73.47885504381179,735450
2016-11-01,73.47882843017578,73.49489983317974,73.47882843017578,73.49489983317974,1208600
2016-11-02,73.49492645263672,73.49492645263672,73.47885504381179,73.49492645263672,499750
2016-11-03,73.47882843017578,73.49489983317974,73.47882843017578,73.49489983317974,212400
2016-11-04,73.49492645263672,73.49492645263672,73.47885504381179,73.47885504381179,554100
2016-11-07,73.47882843017578,73.49489983317974,73.47882843017578,73.49489983317974,1122200
2016-11-08,73.49492645263672,73.49492645263672,73.47885504381179,73.47885504381179,360450
2016-11-09,73.46278381347656,73.4949204990766,73.46278381347656,73.47884909155356,596850
2016-11-10,73.46278381347656,73.47884909155356,73.46278381347656,73.46278381347656,966300
2016-11-11,73.43064880371094,73.47885076848804,73.43064880371094,73.47885076848804,1164250
2016-11-14,73.46278381347656,73.47884909155356,73.46278381347656,73.46278381347656,735500
2016-11-15,73.47882843017578,73.47882843017578,73.46276315661615,73.47882843017578,1437100
2016-11-16,73.47882843017578,73.47882843017578,73.46276315661615,73.47882843017578,611850
2016-11-17,73.49492645263672,73.49492645263672,73.4627897644334,73.47885504381179,906650
2016-11-18,73.47882843017578,73.49489983317974,73.47882843017578,73.47882843017578,554550
2016-11-21,73.46278381347656,73.4949204990766,73.46278381347656,73.47884909155356,234800
2016-11-22,73.46278381347656,73.47884909155356,73.46278381347656,73.47884909155356,1102700
2016-11-23,73.46278381347656,73.47884909155356,73.46278381347656,73.46278381347656,454950
2016-11-25,73.47882843017578,73.47882843017578,73.46276315661615,73.47882843017578,171350
2016-11-28,73.46278381347656,73.4949204990766,73.46278381347656,73.4949204990766,122900
2016-11-29,73.46278381347656,73.4949204990766,73.46278381347656,73.47884909155356,122450
2016-11-30,73.46278381347656,73.47884909155356,73.46278381347656,73.46278381347656,503150
2016-12-01,73.49652099609375,73.49652099609375,73.4643695519837,73.4643695519837,2137550
2016-12-02,73.48049926757812,73.49657806824926,73.48049926757812,73.49657806824926,411650
2016-12-05,73.48049926757812,73.49657806824926,73.48049926757812,73.49657806824926,897100
2016-12-06,73.49652099609375,73.49652099609375,73.48044220790825,73.48044220790825,278850
2016-12-07,73.49652099609375,73.49652099609375,73.48044220790825,73.48044220790825,431450
2016-12-08,73.49652099609375,73.49652099609375,73.48044220790825,73.48044220790825,463700
2016-12-09,73.49652099609375,73.49652099609375,73.48044220790825,73.49652099609375,390000
2016-12-12,73.48049926757812,73.49657806824926,73.48049926757812,73.48049926757812,212850
2016-12-13,73.49652099609375,73.49652099609375,73.4643695519837,73.4643695519837,531850
2016-12-14,73.49652099609375,73.49652099609375,73.48044220790825,73.49652099609375,219150
2016-12-15,73.49652099609375,73.49652099609375,73.48044220790825,73.49652099609375,221850
2016-12-16,73.48049926757812,73.49657806824926,73.48049926757812,73.49657806824926,220900
2016-12-19,73.49652099609375,73.49652099609375,73.48044220790825,73.48044220790825,188700
2016-12-20,73.48049926757812,73.49657806824926,73.48049926757812,73.48049926757812,308100
2016-12-21,73.49652099609375,73.49652099609375,73.48044220790825,73.49652099609375,217850
2016-12-22,73.48049926757812,73.49657806824926,73.48049926757812,73.49657806824926,263050
2016-12-23,73.48049926757812,73.49657806824926,73.48049926757812,73.48049926757812,238000
2016-12-27,73.49652099609375,73.49652099609375,73.48044220790825,73.48044220790825,231850
2016-12-28,73.49492645263672,73.49492645263672,73.47885062851834,73.49492645263672,190200
2016-12-29,73.51101684570312,73.51101684570312,73.47885906030653,73.51101684570312,286650
2016-12-30,73.47885131835938,73.49492714262865,73.47885131835938,73.49492714262865,156600
2017-01-03,73.51101684570312,73.51101684570312,73.49493488626962,73.51101684570312,1769500
2017-01-04,73.51101684570312,73.51101684570312,73.49493488626962,73.51101684570312,522750
2017-01-05,73.49492645263672,73.51100841022479,73.49492645263672,73.51100841022479,627500
2017-01-06,73.51101684570312,73.51101684570312,73.49493488626962,73.51101684570312,321550
2017-01-09,73.51101684570312,73.51101684570312,73.49493488626962,73.49493488626962,198600
2017-01-10,73.49492645263672,73.51100841022479,73.49492645263672,73.51100841022479,139000
2017-01-11,73.51101684570312,73.51101684570312,73.49493488626962,73.49493488626962,707250
2017-01-12,73.51101684570312,73.51101684570312,73.49493488626962,73.49493488626962,221350
2017-01-13,73.51101684570312,73.51101684570312,73.49493488626962,73.49493488626962,159800
2017-01-17,73.51101684570312,73.51101684570312,73.49493488626962,73.49493488626962,353250
2017-01-18,73.49492645263672,73.51100841022479,73.49492645263672,73.49492645263672,235400
2017-01-19,73.49492645263672,73.51100841022479,73.49492645263672,73.51100841022479,188700
2017-01-20,73.51101684570312,73.51101684570312,73.49493488626962,73.49493488626962,153650
2017-01-23,73.49492645263672,73.51100841022479,73.49492645263672,73.49492645263672,507200
2017-01-24,73.49492645263672,73.51100841022479,73.49492645263672,73.49492645263672,588300
2017-01-25,73.51101684570312,73.51101684570312,73.49493488626962,73.49493488626962,440100
2017-01-26,73.52706909179688,73.52706909179688,73.49491131671317,73.51099327098925,357350
2017-01-27,73.49492645263672,73.52708423434315,73.49492645263672,73.51100841022479,228000
2017-01-30,73.52706909179688,73.52706909179688,73.49491131671317,73.49491131671317,272650
2017-01-31,73.51101684570312,73.52709267166621,73.51101684570312,73.51101684570312,173800
2017-02-01,73.51583099365234,73.53191752551457,73.49975059700441,73.49975059700441,264050
2017-02-02,73.51583099365234,73.53191752551457,73.49975059700441,73.49975059700441,288000
2017-02-03,73.4997787475586,73.53194568838876,73.4997787475586,73.51585915036536,414700
2017-02-06,73.53190612792969,73.53190612792969,73.49973920440546,73.51581959856091,206550
2017-02-07,73.53190612792969,73.53190612792969,73.51581959856091,73.53190612792969,446850
2017-02-08,73.53190612792969,73.53190612792969,73.51581959856091,73.51581959856091,265100
2017-02-09,73.53190612792969,73.53190612792969,73.51581959856091,73.51581959856091,336550
2017-02-10,73.51583099365234,73.53191752551457,73.51583099365234,73.53191752551457,566050
2017-02-13,73.51583099365234,73.53191752551457,73.51583099365234,73.51583099365234,191000
2017-02-14,73.53190612792969,73.53190612792969,73.51581959856091,73.53190612792969,124500
2017-02-15,73.51583099365234,73.53191752551457,73.51583099365234,73.53191752551457,374350
2017-02-16,73.51583099365234,73.53191752551457,73.51583099365234,73.51583099365234,122400
2017-02-17,73.53190612792969,73.53190612792969,73.51581959856091,73.53190612792969,154300
2017-02-21,73.51583099365234,73.53191752551457,73.51583099365234,73.51583099365234,297000
2017-02-22,73.51583099365234,73.53191752551457,73.51583099365234,73.51583099365234,270350
2017-02-23,73.51583099365234,73.53191752551457,73.51583099365234,73.51583099365234,402350
2017-02-24,73.51583099365234,73.54799792216251,73.51583099365234,73.51583099365234,725450
2017-02-27,73.51583099365234,73.54799792216251,73.51583099365234,73.51583099365234,177650
2017-02-28,73.54798126220703,73.54798126220703,73.5319008692016,73.54798126220703,175150
2017-03-01,73.51904296875,73.53512758621484,73.51904296875,73.51904296875,230950
2017-03-02,73.51904296875,73.53512758621484,73.51904296875,73.51904296875,185850
2017-03-03,73.53514862060547,73.53514862060547,73.51906399853969,73.53514862060547,332050
2017-03-06,73.55123138427734,73.55123138427734,73.51905600681692,73.51905600681692,193950
2017-03-07,73.51904296875,73.55121834050436,73.51904296875,73.55121834050436,95600
2017-03-08,73.51904296875,73.53512758621484,73.51904296875,73.53512758621484,179950
2017-03-09,73.51904296875,73.53512758621484,73.51904296875,73.51904296875,298200
2017-03-10,73.53514862060547,73.53514862060547,73.51906399853969,73.53514862060547,423800
2017-03-13,73.51904296875,73.53512758621484,73.51904296875,73.53512758621484,300950
2017-03-14,73.51904296875,73.53512758621484,73.51904296875,73.51904296875,350700
2017-03-15,73.53514862060547,73.53514862060547,73.51906399853969,73.51906399853969,740300
2017-03-16,73.55123138427734,73.55123138427734,73.51905600681692,73.51905600681692,298300
2017-03-17,73.55123138427734,73.55123138427734,73.51905600681692,73.51905600681692,182950
2017-03-20,73.53514862060547,73.55123937949767,73.51906399853969,73.51906399853969,147200
2017-03-21,73.55123138427734,73.55123138427734,73.51905600681692,73.55123138427734,650300
2017-03-22,73.55123138427734,73.55123138427734,73.51905600681692,73.51905600681692,555550
2017-03-23,73.53514862060547,73.55123937949767,73.53514862060547,73.55123937949767,339550
2017-03-24,73.55123138427734,73.55123138427734,73.53514062713425,73.53514062713425,184750
2017-03-27,73.55123138427734,73.55123138427734,73.51905600681692,73.51905600681692,386850
2017-03-28,73.55123138427734,73.55123138427734,73.53514062713425,73.55123138427734,894350
2017-03-29,73.55123138427734,73.55123138427734,73.53514062713425,73.55123138427734,83400
2017-03-30,73.55123138427734,73.55123138427734,73.53514062713425,73.55123138427734,539400
2017-03-31,73.53514862060547,73.56732400156345,73.53514862060547,73.56732400156345,526650
2017-04-03,73.54161071777344,73.55770027264764,73.52551502419078,73.52551502419078,2097900
2017-04-04,73.54161071777344,73.55770027264764,73.54161071777344,73.54161071777344,714500
2017-04-05,73.54161071777344,73.55770027264764,73.54161071777344,73.55770027264764,581750
2017-04-06,73.54161071777344,73.55770027264764,73.54161071777344,73.54161071777344,246550
2017-04-07,73.54161071777344,73.55770027264764,73.54161071777344,73.55770027264764,129300
2017-04-10,73.54161071777344,73.57379596623028,73.54161071777344,73.57379596623028,429050
2017-04-11,73.55766296386719,73.55766296386719,73.54157341715369,73.55766296386719,161050
2017-04-12,73.54161071777344,73.57379596623028,73.54161071777344,73.57379596623028,270500
2017-04-13,73.55766296386719,73.57375864928603,73.54157341715369,73.54157341715369,953350
2017-04-17,73.55766296386719,73.57375864928603,73.54157341715369,73.54157341715369,753200
2017-04-18,73.57373809814453,73.57373809814453,73.55764241722164,73.55764241722164,100450
2017-04-19,73.57373809814453,73.57373809814453,73.55764241722164,73.55764241722164,114100
2017-04-20,73.57373809814453,73.57373809814453,73.55764241722164,73.55764241722164,243750
2017-04-21,73.57373809814453,73.58982764036378,73.57373809814453,73.57373809814453,250700
2017-04-24,73.55766296386719,73.57375864928603,73.55766296386719,73.57375864928603,479150
2017-04-25,73.55766296386719,73.57375864928603,73.55766296386719,73.57375864928603,405750
2017-04-26,73.57373809814453,73.57373809814453,73.55764241722164,73.55764241722164,355450
2017-04-27,73.55766296386719,73.57375864928603,73.55766296386719,73.55766296386719,376900
2017-04-28,73.58984375,73.58984375,73.55765851981215,73.57375420425856,212300
2017-05-01,73.58502197265625,73.60112364469812,73.56892644160295,73.60112364469812,390250
2017-05-02,73.56893920898438,73.58503474283094,73.56893920898438,73.56893920898438,70900
2017-05-03,73.56893920898438,73.58503474283094,73.56893920898438,73.56893920898438,226500
2017-05-04,73.58502197265625,73.58502197265625,73.56892644160295,73.56892644160295,163450
2017-05-05,73.56893920898438,73.58503474283094,73.56893920898438,73.56893920898438,254050
2017-05-08,73.58502197265625,73.60112364469812,73.56892644160295,73.58502197265625,217500
2017-05-09,73.58502197265625,73.60112364469812,73.58502197265625,73.60112364469812,493400
2017-05-10,73.60107421875,73.60107421875,73.584972557521,73.60107421875,309450
2017-05-11,73.60107421875,73.61716973899453,73.584972557521,73.584972557521,397200
2017-05-12,73.58502197265625,73.61721917575142,73.58502197265625,73.60112364469812,129250
2017-05-15,73.60107421875,73.61716973899453,73.60107421875,73.60107421875,376600
2017-05-16,73.60107421875,73.61716973899453,73.60107421875,73.60107421875,166200
2017-05-17,73.61723327636719,73.61723327636719,73.60113774223095,73.60113774223095,1395300
2017-05-18,73.61723327636719,73.61723327636719,73.60113774223095,73.60113774223095,1384900
2017-05-19,73.60107421875,73.61716973899453,73.60107421875,73.60107421875,106700
2017-05-22,73.61723327636719,73.61723327636719,73.60113774223095,73.60113774223095,63900
2017-05-23,73.61723327636719,73.61723327636719,73.60113774223095,73.60113774223095,195150
2017-05-24,73.60107421875,73.61716973899453,73.60107421875,73.60107421875,307000
2017-05-25,73.61723327636719,73.61723327636719,73.60113774223095,73.60113774223095,136350
2017-05-26,73.63330841064453,73.63330841064453,73.60111121298768,73.60111121298768,143650
2017-05-30,73.60107421875,73.63327140022352,73.60107421875,73.61716973899453,190450
2017-05-31,73.60107421875,73.61716973899453,73.60107421875,73.61716973899453,319600
2017-06-01,73.62855529785156,73.62855529785156,73.61245024458887,73.61245024458887,225100
2017-06-02,73.61239624023438,73.6285012816819,73.61239624023438,73.61239624023438,417900
2017-06-05,73.62855529785156,73.62855529785156,73.61245024458887,73.61245024458887,275800
2017-06-06,73.61239624023438,73.6285012816819,73.61239624023438,73.61239624023438,136350
2017-06-07,73.64458465576172,73.64458465576172,73.61236844041605,73.61236844041605,257750
2017-06-08,73.62855529785156,73.64466649573588,73.62855529785156,73.64466649573588,252500
2017-06-09,73.64458465576172,73.64458465576172,73.62847347578149,73.62847347578149,184700
2017-06-12,73.62855529785156,73.64466649573588,73.62855529785156,73.64466649573588,199600
2017-06-13,73.64458465576172,73.64458465576172,73.62847347578149,73.62847347578149,552550
2017-06-14,73.62855529785156,73.66077154899857,73.62855529785156,73.64466649573588,64350
2017-06-15,73.62855529785156,73.64466649573588,73.62855529785156,73.62855529785156,380800
2017-06-16,73.6607437133789,73.6607437133789,73.62852747440608,73.62852747440608,502600
2017-06-19,73.64458465576172,73.66068969112716,73.64458465576172,73.64458465576172,289700
2017-06-20,73.64458465576172,73.66068969112716,73.64458465576172,73.66068969112716,121050
2017-06-21,73.6607437133789,73.6607437133789,73.6607437133789,73.6607437133789,140600
2017-06-22,73.67683410644531,73.67683410644531,73.64461787656701,73.66072291919738,220000
2017-06-23,73.6607437133789,73.67685490517498,73.6607437133789,73.67685490517498,67200
2017-06-26,73.64458465576172,73.67680087110739,73.64458465576172,73.64458465576172,297850
2017-06-27,73.64458465576172,73.66068969112716,73.64458465576172,73.66068969112716,125000
2017-06-28,73.67683410644531,73.67683410644531,73.64461787656701,73.66072291919738,179200
2017-06-29,73.6607437133789,73.67685490517498,73.64463866620214,73.64463866620214,466100
2017-06-30,73.67683410644531,73.69293914907567,73.66072291919738,73.66072291919738,615300
2017-07-03,73.68489837646484,73.68489837646484,73.668778377077,73.668778377077,186100
2017-07-05,73.66877746582031,73.68489746500875,73.66877746582031,73.68489746500875,369400
2017-07-06,73.68489837646484,73.68489837646484,73.668778377077,73.668778377077,445500
2017-07-07,73.68489837646484,73.68489837646484,73.668778377077,73.668778377077,140950
2017-07-10,73.68489837646484,73.68489837646484,73.668778377077,73.668778377077,185600
2017-07-11,73.68489837646484,73.68489837646484,73.668778377077,73.68489837646484,136900
2017-07-12,73.66877746582031,73.68489746500875,73.66877746582031,73.66877746582031,403200
2017-07-13,73.66877746582031,73.70101131621885,73.66877746582031,73.68489746500875,137300
2017-07-14,73.70097351074219,73.70097351074219,73.66873967687823,73.66873967687823,255950
2017-07-17,73.68489837646484,73.70101222787427,73.68489837646484,73.68489837646484,588900
2017-07-18,73.68489837646484,73.70101222787427,73.68489837646484,73.68489837646484,61150
2017-07-19,73.68489837646484,73.70101222787427,73.68489837646484,73.68489837646484,99350
2017-07-20,73.68489837646484,73.70101222787427,73.68489837646484,73.68489837646484,71950
2017-07-21,73.68489837646484,73.70101222787427,73.68489837646484,73.68489837646484,211000
2017-07-24,73.68489837646484,73.70101222787427,73.68489837646484,73.68489837646484,140600
2017-07-25,73.68489837646484,73.71713222726211,73.68489837646484,73.68489837646484,265850
2017-07-26,73.70097351074219,73.71709350166175,73.6848596677978,73.6848596677978,232100
2017-07-27,73.71711730957031,73.71711730957031,73.70099731344459,73.71711730957031,221700
2017-07-28,73.70097351074219,73.71709350166175,73.70097351074219,73.70097351074219,159600
2017-07-31,73.70097351074219,73.73320734460614,73.70097351074219,73.73320734460614,449600
2017-08-01,73.72034454345703,73.72034454345703,73.70421941278437,73.70421941278437,315600
2017-08-02,73.73650360107422,73.73650360107422,73.7042471752969,73.72037231204348,263800
2017-08-03,73.73650360107422,73.73650360107422,73.7042471752969,73.7042471752969,158400
2017-08-04,73.73650360107422,73.73650360107422,73.7042471752969,73.72037231204348,350700
2017-08-07,73.73650360107422,73.73650360107422,73.7042471752969,73.7042471752969,130400
2017-08-08,73.73650360107422,73.73650360107422,73.72037231204348,73.73650360107422,309800
2017-08-09,73.73650360107422,73.73650360107422,73.72037231204348,73.73650360107422,142200
2017-08-10,73.73650360107422,73.73650360107422,73.72037231204348,73.72037231204348,111150
2017-08-11,73.75260162353516,73.75260162353516,73.72034520961654,73.73647649271679,211350
2017-08-14,73.73650360107422,73.7526287378208,73.73650360107422,73.7526287378208,331150
2017-08-15,73.75260162353516,73.75260162353516,73.73647649271679,73.73647649271679,192600
2017-08-16,73.73650360107422,73.7526287378208,73.73650360107422,73.7526287378208,141250
2017-08-17,73.75260162353516,73.75260162353516,73.73647649271679,73.73647649271679,363050
2017-08-18,73.73650360107422,73.7526287378208,73.73650360107422,73.7526287378208,230900
2017-08-21,73.75260162353516,73.7687329066354,73.75260162353516,73.75260162353516,483800
2017-08-22,73.76873016357422,73.76873016357422,73.75259888107381,73.75259888107381,208800
2017-08-23,73.76873016357422,73.76873016357422,73.75259888107381,73.76873016357422,292750
2017-08-24,73.76873016357422,73.76873016357422,73.75259888107381,73.75259888107381,1055500
2017-08-25,73.75260162353516,73.7687329066354,73.75260162353516,73.75260162353516,310550
2017-08-28,73.76873016357422,73.76873016357422,73.75259888107381,73.76873016357422,102050
2017-08-29,73.76873016357422,73.78485529379297,73.75259888107381,73.76873016357422,130450
2017-08-30,73.76873016357422,73.78485529379297,73.76873016357422,73.76873016357422,291150
2017-08-31,73.78485870361328,73.78485870361328,73.76873357264932,73.76873357264932,1212850
2017-09-01,73.78974151611328,73.78974151611328,73.77359858025699,73.78974151611328,373450
2017-09-05,73.7574462890625,73.78972599726016,73.7574462890625,73.78972599726016,437850
2017-09-06,73.78974151611328,73.78974151611328,73.77359858025699,73.77359858025699,927900
2017-09-07,73.78974151611328,73.78974151611328,73.77359858025699,73.78974151611328,159400
2017-09-08,73.77356719970703,73.78971012869671,73.77356719970703,73.77356719970703,514550
2017-09-11,73.77356719970703,73.78971012869671,73.77356719970703,73.78971012869671,130950
2017-09-12,73.80583190917969,73.80583190917969,73.77355221448062,73.77355221448062,257950
2017-09-13,73.80583190917969,73.80583190917969,73.78969514019127,73.78969514019127,438200
2017-09-14,73.78974151611328,73.80587829524346,73.78974151611328,73.78974151611328,238800
2017-09-15,73.78974151611328,73.80587829524346,73.78974151611328,73.80587829524346,96500
2017-09-18,73.78974151611328,73.82202123109975,73.78974151611328,73.80587829524346,276400
2017-09-19,73.82198333740234,73.82198333740234,73.78970363898543,73.80584040983241,61300
2017-09-20,73.82198333740234,73.82198333740234,73.80584040983241,73.82198333740234,129400
2017-09-21,73.82198333740234,73.82198333740234,73.80584040983241,73.80584040983241,108000
2017-09-22,73.82198333740234,73.82198333740234,73.80584040983241,73.82198333740234,133300
2017-09-25,73.82198333740234,73.82198333740234,73.80584040983241,73.82198333740234,158200
2017-09-26,73.82198333740234,73.82198333740234,73.80584040983241,73.80584040983241,255800
2017-09-27,73.82198333740234,73.82198333740234,73.80584040983241,73.82198333740234,229300
2017-09-28,73.80583190917969,73.82197483489036,73.80583190917969,73.80583190917969,76550
2017-09-29,73.83810424804688,73.83810424804688,73.80582455656354,73.82196748066602,173100
2017-10-02,73.84138488769531,73.84138488769531,73.82523065385075,73.84138488769531,158800
2017-10-03,73.84138488769531,73.84138488769531,73.82523065385075,73.82523065385075,429250
2017-10-04,73.8251953125,73.84134953861127,73.8251953125,73.8251953125,1119400
2017-10-05,73.84138488769531,73.84138488769531,73.82523065385075,73.82523065385075,186250
2017-10-06,73.8251953125,73.84134953861127,73.8251953125,73.84134953861127,205400
2017-10-09,73.8251953125,73.84134953861127,73.8251953125,73.8251953125,141250
2017-10-10,73.8251953125,73.84134953861127,73.8251953125,73.8251953125,264050
2017-10-11,73.8251953125,73.84134953861127,73.8251953125,73.84134953861127,148300
2017-10-12,73.85749816894531,73.85749816894531,73.82519587750762,73.84135010374253,244300
2017-10-13,73.85749816894531,73.85749816894531,73.84135010374253,73.85749816894531,78450
2017-10-16,73.84138488769531,73.85753296050486,73.84138488769531,73.84138488769531,189900
2017-10-17,73.85749816894531,73.87365239518022,73.84135010374253,73.84135010374253,227500
2017-10-18,73.85749816894531,73.87365239518022,73.85749816894531,73.85749816894531,64150
2017-10-19,73.85749816894531,73.87365239518022,73.84135010374253,73.85749816894531,199850
2017-10-20,73.87366485595703,73.87366485595703,73.85751062699728,73.85751062699728,57150
2017-10-23,73.85749816894531,73.87365239518022,73.85749816894531,73.87365239518022,136250
2017-10-24,73.88980102539062,73.88980102539062,73.85749873370594,73.85749873370594,157350
2017-10-25,73.88980102539062,73.88980102539062,73.87365296006436,73.87365296006436,293900
2017-10-26,73.88980102539062,73.88980102539062,73.87365296006436,73.87365296006436,301050
2017-10-27,73.88980102539062,73.88980102539062,73.87365296006436,73.87365296006436,1063500
2017-10-30,73.87366485595703,73.88981292388361,73.87366485595703,73.87366485595703,286950
2017-10-31,73.88980102539062,73.88980102539062,73.87365296006436,73.87365296006436,430350
2017-11-01,73.89790344238281,73.89790344238281,73.88173684400918,73.89790344238281,586100
2017-11-02,73.8817367553711,73.89790335372533,73.8817367553711,73.89790335372533,137250
2017-11-03,73.8817367553711,73.89790335372533,73.8817367553711,73.8817367553711,222550
2017-11-06,73.89790344238281,73.89790344238281,73.88173684400918,73.88173684400918,95200
2017-11-07,73.89790344238281,73.89790344238281,73.88173684400918,73.88173684400918,89950
2017-11-08,73.89790344238281,73.89790344238281,73.88173684400918,73.89790344238281,238750
2017-11-09,73.8817367553711,73.89790335372533,73.8817367553711,73.89790335372533,518050
2017-11-10,73.89790344238281,73.91406387500572,73.88173684400918,73.89790344238281,278000
2017-11-13,73.89790344238281,73.91406387500572,73.89790344238281,73.91406387500572,229800
2017-11-14,73.89790344238281,73.91406387500572,73.89790344238281,73.91406387500572,119450
2017-11-15,73.89790344238281,73.91406387500572,73.89790344238281,73.89790344238281,278750
2017-11-16,73.91404724121094,73.91404724121094,73.89788681222481,73.89788681222481,232900
2017-11-17,73.89790344238281,73.91406387500572,73.89790344238281,73.89790344238281,164550
2017-11-20,73.91404724121094,73.93021383594639,73.89788681222481,73.89788681222481,372450
2017-11-21,73.93021392822266,73.93021392822266,73.89788690446072,73.91404733346702,259000
2017-11-22,73.93021392822266,73.93021392822266,73.91404733346702,73.91404733346702,153600
2017-11-24,73.91404724121094,73.94637426493252,73.91404724121094,73.93021383594639,577050
2017-11-27,73.91404724121094,73.93021383594639,73.91404724121094,73.91404724121094,373900
2017-11-28,73.94635009765625,73.94635009765625,73.91402308449983,73.91402308449983,244700
2017-11-29,73.93021392822266,73.94637435722896,73.91404733346702,73.93021392822266,366300
2017-11-30,73.93021392822266,73.94637435722896,73.93021392822266,73.94637435722896,288000
2017-12-01,73.93505096435547,73.94314009656685,73.93505096435547,73.94314009656685,283200
2017-12-04,73.94316101074219,73.94316101074219,73.93507187624287,73.93507187624287,142700
2017-12-05,73.9512710571289,73.9512710571289,73.93509278355539,73.94318192034214,532500
2017-12-06,73.94316101074219,73.9512501452415,73.94316101074219,73.9512501452415,544900
2017-12-07,73.9512710571289,73.9512710571289,73.94318192034214,73.94318192034214,145100
2017-12-08,73.95931243896484,73.95931243896484,73.94314034468785,73.95122947692636,196100
2017-12-11,73.9512710571289,73.95935402371215,73.9512710571289,73.95935402371215,138900
2017-12-12,73.95931243896484,73.96740157120337,73.95122947692636,73.96740157120337,184900
2017-12-13,73.9512710571289,73.95935402371215,73.9512710571289,73.95935402371215,375100
2017-12-14,73.95931243896484,73.96740157120337,73.95122947692636,73.95931243896484,143000
2017-12-15,73.96741485595703,73.96741485595703,73.95932572226567,73.95932572226567,389600
2017-12-18,73.97551727294922,73.97551727294922,73.9593390026615,73.9593390026615,288500
2017-12-19,73.97710418701172,73.97710418701172,73.96091758281658,73.96900779704612,287600
2017-12-20,73.97710418701172,73.97710418701172,73.96091758281658,73.96091758281658,614200
2017-12-21,73.97710418701172,73.9852005769773,73.96900779704612,73.96900779704612,233500
2017-12-22,73.99329376220703,73.99329376220703,73.97710098297718,73.9851973725921,1997600
2017-12-26,73.98522186279297,73.99331825508793,73.98522186279297,73.99331825508793,498300
2017-12-27,74.00138854980469,74.00138854980469,73.98520194531018,73.99329833542552,320100
2017-12-28,74.00138854980469,74.00138854980469,73.99329833542552,73.99329833542552,366100
2017-12-29,73.98522186279297,74.00950486394001,73.98522186279297,73.99331825508793,414600
2018-01-02,73.99329376220703,74.00948036570111,73.99329376220703,73.99329376220703,790000
2018-01-03,74.00950622558594,74.00950622558594,74.00140983314202,74.00950622558594,218300
2018-01-04,74.01762390136719,74.01762390136719,74.00143111182321,74.01762390136719,1098100
2018-01-05,74.01762390136719,74.01762390136719,74.00952750659519,74.00952750659519,247600
2018-01-08,74.02567291259766,74.02567291259766,74.00948630780398,74.00948630780398,199800
2018-01-09,74.02567291259766,74.02567291259766,74.00948630780398,74.00948630780398,185900
2018-01-10,74.02567291259766,74.02567291259766,74.01758269806896,74.01758269806896,222400
2018-01-11,74.01762390136719,74.03381051517144,74.01762390136719,74.02571412039946,163800
2018-01-12,74.0418930053711,74.0418930053711,74.02570021886801,74.03379661211956,531300
2018-01-16,74.02567291259766,74.03376930286262,74.02567291259766,74.02567291259766,280200
2018-01-17,74.0418930053711,74.0418930053711,74.02570021886801,74.02570021886801,229000
2018-01-18,74.0418930053711,74.0418930053711,74.03379661211956,74.03379661211956,238900
2018-01-19,74.04998016357422,74.04998016357422,74.04188377133241,74.04188377133241,273300
2018-01-22,74.05805206298828,74.05805206298828,74.04996184848524,74.05805206298828,285200
2018-01-23,74.05805206298828,74.05805206298828,74.04996184848524,74.05805206298828,706900
2018-01-24,74.06615447998047,74.06615447998047,74.04996787392103,74.06615447998047,214600
2018-01-25,74.06615447998047,74.06615447998047,74.05805808908237,74.06615447998047,493200
2018-01-26,74.08238220214844,74.08238220214844,74.06619558710536,74.06619558710536,430600
2018-01-29,74.06615447998047,74.08234108603989,74.06615447998047,74.08234108603989,696400
2018-01-30,74.07427215576172,74.08236237324773,74.05807936931261,74.05807936931261,581300
2018-01-31,74.08238220214844,74.08238220214844,74.07429198249699,74.07429198249699,258900
2018-02-01,74.07909393310547,74.08719793821184,74.06289210443742,74.06289210443742,1016400
2018-02-02,74.0872573852539,74.0872573852539,74.07915337364494,74.0872573852539,459100
2018-02-05,74.07909393310547,74.0952957617735,74.07909393310547,74.0952957617735,757000
2018-02-06,74.0872573852539,74.0953552153132,74.07104936203596,74.07104936203596,1558600
2018-02-07,74.09535217285156,74.13586604768318,74.06294849084556,74.07915033184857,1294900
2018-02-08,74.0872573852539,74.10345922692217,74.07915337364494,74.07915337364494,1547200
2018-02-09,74.10344696044922,74.10344696044922,74.07914111119538,74.07914111119538,2932600
2018-02-12,74.10344696044922,74.10344696044922,74.09534295018173,74.10344696044922,2039300
2018-02-13,74.10344696044922,74.11155097071672,74.08724512146287,74.08724512146287,4352400
2018-02-14,74.10344696044922,74.10344696044922,74.09534295018173,74.09534295018173,549700
2018-02-15,74.11150360107422,74.11150360107422,74.09529559089886,74.11150360107422,924900
2018-02-16,74.1196517944336,74.1196517944336,74.10344377459542,74.10344377459542,920500
2018-02-20,74.1196517944336,74.1196517944336,74.10344377459542,74.1115477845145,590100
2018-02-21,74.11150360107422,74.1196076061619,74.11150360107422,74.1196076061619,1012400
2018-02-22,74.1196517944336,74.1277496228043,74.1115477845145,74.1196517944336,468700
2018-02-23,74.13580322265625,74.13580322265625,74.1196013953832,74.12769921824764,2653500
2018-02-26,74.1196517944336,74.1358536327234,74.1196517944336,74.1277496228043,2981600
2018-02-27,74.13580322265625,74.13580322265625,74.1196013953832,74.1196013953832,373600
2018-02-28,74.14393615722656,74.14393615722656,74.12772814208515,74.13583214965585,882200
2018-03-01,74.1512680053711,74.1512680053711,74.1350459785896,74.1350459785896,1260500
2018-03-02,74.15935516357422,74.15935516357422,74.14313932754658,74.14313932754658,1353900
2018-03-05,74.15935516357422,74.15935516357422,74.14313932754658,74.15935516357422,849200
2018-03-06,74.15935516357422,74.15935516357422,74.14313932754658,74.15935516357422,232700
2018-03-07,74.15935516357422,74.15935516357422,74.15125033900489,74.15125033900489,978700
2018-03-08,74.1512680053711,74.15937283187138,74.1512680053711,74.1512680053711,257400
2018-03-09,74.16743469238281,74.17554570039816,74.15932368436746,74.15932368436746,596500
2018-03-12,74.1755599975586,74.1755599975586,74.15933797840115,74.1755599975586,506300
2018-03-13,74.1755599975586,74.1755599975586,74.15933797840115,74.15933797840115,469400
2018-03-14,74.1755599975586,74.1755599975586,74.15933797840115,74.15933797840115,245000
2018-03-15,74.16743469238281,74.17554570039816,74.16743469238281,74.17554570039816,863800
2018-03-16,74.18370056152344,74.18370056152344,74.17558954871333,74.17558954871333,1216900
2018-03-19,74.18370056152344,74.19180538744354,74.17558954871333,74.17558954871333,466100
2018-03-20,74.1755599975586,74.19177582982849,74.1755599975586,74.18367100713732,444500
2018-03-21,74.19176483154297,74.19176483154297,74.18366001005327,74.18366001005327,336300
2018-03-22,74.19984436035156,74.19984436035156,74.18362853736515,74.18362853736515,305600
2018-03-23,74.2080078125,74.2080078125,74.19989680183225,74.19989680183225,633100
2018-03-26,74.19984436035156,74.20795536528678,74.19984436035156,74.19984436035156,451300
2018-03-27,74.21609497070312,74.21609497070312,74.19987914011585,74.21609497070312,1357300
2018-03-28,74.22420501708984,74.22420501708984,74.21609400845792,74.21609400845792,3030200
2018-03-29,74.24042510986328,74.24042510986328,74.22420309301994,74.22420309301994,737400
2018-04-02,74.23640441894531,74.23640441894531,74.22016376692359,74.23640441894531,1681600
2018-04-03,74.2282485961914,74.23636891831904,74.2282485961914,74.23636891831904,1893300
2018-04-04,74.24451446533203,74.24451446533203,74.22828000819759,74.22828000819759,3535400
2018-04-05,74.25261688232422,74.25261688232422,74.24449655871871,74.25261688232422,2245800
2018-04-06,74.25261688232422,74.25261688232422,74.24449655871871,74.25261688232422,310400
2018-04-09,74.2607192993164,74.2607192993164,74.25259897766897,74.2607192993164,238500
2018-04-10,74.25261688232422,74.26073720592973,74.25261688232422,74.26073720592973,491300
2018-04-11,74.26887512207031,74.26887512207031,74.26075479654129,74.26887512207031,249300
2018-04-12,74.26887512207031,74.26887512207031,74.26075479654129,74.26075479654129,8103700
2018-04-13,74.26887512207031,74.2769892536058,74.26887512207031,74.26887512207031,287900
2018-04-16,74.28506469726562,74.28506469726562,74.26883025000971,74.28506469726562,321100
2018-04-17,74.28506469726562,74.28506469726562,74.27694437664277,74.27694437664277,3475000
2018-04-18,74.2769546508789,74.285074972625,74.2769546508789,74.285074972625,277900
2018-04-19,74.29320526123047,74.29320526123047,74.285084938395,74.29320526123047,473200
2018-04-20,74.29320526123047,74.30131939007445,74.285084938395,74.285084938395,264000
2018-04-23,74.29320526123047,74.30131939007445,74.29320526123047,74.29320526123047,1125900
2018-04-24,74.30131530761719,74.30943563000649,74.29320117921903,74.29320117921903,1031600
2018-04-25,74.3094253540039,74.3094253540039,74.30130503273753,74.30130503273753,1001600
2018-04-26,74.31757354736328,74.3256938716751,74.30945322305146,74.30945322305146,1484300
2018-04-27,74.3256607055664,74.3256607055664,74.31754038487809,74.31754038487809,295500
2018-04-30,74.31757354736328,74.3256938716751,74.31757354736328,74.3256938716751,325900
2018-05-01,74.32328796386719,74.33141159236447,74.31515813412679,74.31515813412679,1429800
2018-05-02,74.3313980102539,74.3313980102539,74.323274383241,74.323274383241,398200
2018-05-03,74.3313980102539,74.3395278385088,74.3313980102539,74.3395278385088,3642700
2018-05-04,74.34762573242188,74.34762573242188,74.33949590765896,74.34762573242188,1208100
2018-05-07,74.34762573242188,74.34762573242188,74.33949590765896,74.33949590765896,365500
2018-05-08,74.35578155517578,74.35578155517578,74.34765172757034,74.34765172757034,432900
2018-05-09,74.35578155517578,74.35578155517578,74.33952189996488,74.33952189996488,807900
2018-05-10,74.35578155517578,74.36390518153974,74.35578155517578,74.35578155517578,4673600
2018-05-11,74.35578155517578,74.37203500914518,74.35578155517578,74.37203500914518,348900
2018-05-14,74.35578155517578,74.37203500914518,74.35578155517578,74.35578155517578,897600
2018-05-15,74.37200927734375,74.37200927734375,74.36387945255112,74.36387945255112,1825800
2018-05-16,74.38014221191406,74.38014221191406,74.363882561649,74.37201238678153,1147500
2018-05-17,74.38014221191406,74.38014221191406,74.37201238678153,74.38014221191406,2799200
2018-05-18,74.38825988769531,74.38825988769531,74.38013626445196,74.38825988769531,1550100
2018-05-21,74.38825988769531,74.39638971217778,74.38013626445196,74.38825988769531,509500
2018-05-22,74.38825988769531,74.39638971217778,74.38825988769531,74.39638971217778,587800
2018-05-23,74.3963851928711,74.4045150168597,74.38825536888248,74.4045150168597,244900
2018-05-24,74.41264343261719,74.41264343261719,74.40451360878244,74.40451360878244,260000
2018-05-25,74.42079162597656,74.42079162597656,74.41266800069833,74.41266800069833,479400
2018-05-29,74.42079162597656,74.42079162597656,74.41266800069833,74.41266800069833,845400
2018-05-30,74.41264343261719,74.42076705521333,74.41264343261719,74.41264343261719,450400
2018-05-31,74.4289321899414,74.43706201763315,74.42080236224966,74.43706201763315,901800
2018-06-01,74.43382263183594,74.43382263183594,74.42568781090708,74.43382263183594,707400
2018-06-04,74.44193267822266,74.44193267822266,74.43379165089529,74.43379165089529,1174100
2018-06-05,74.44193267822266,74.44193267822266,74.43379165089529,74.44193267822266,726900
2018-06-06,74.43382263183594,74.44196366255177,74.43382263183594,74.44196366255177,594200
2018-06-07,74.44193267822266,74.45821473287737,74.44193267822266,74.44193267822266,1595100
2018-06-08,74.45824432373047,74.45824432373047,74.45010329316774,74.45824432373047,323200
2018-06-11,74.4663314819336,74.4663314819336,74.45005564101243,74.45819666636446,871700
2018-06-12,74.4663314819336,74.4663314819336,74.45819666636446,74.4663314819336,1142100
2018-06-13,74.45824432373047,74.47452017506909,74.45824432373047,74.45824432373047,244100
2018-06-14,74.48262786865234,74.48262786865234,74.47448684173338,74.47448684173338,440900
2018-06-15,74.48262786865234,74.48262786865234,74.47448684173338,74.48262786865234,255400
2018-06-18,74.47447967529297,74.49075551778066,74.47447967529297,74.49075551778066,1502900
2018-06-19,74.4907455444336,74.4907455444336,74.48261072917064,74.4907455444336,207800
2018-06-20,74.48262786865234,74.49890371270621,74.48262786865234,74.49890371270621,616100
2018-06-21,74.4907455444336,74.5070275945248,74.4907455444336,74.5070275945248,782600
2018-06-22,74.4989013671875,74.50704239385016,74.4989013671875,74.50704239385016,289400
2018-06-25,74.51516723632812,74.51516723632812,74.50702621143365,74.51516723632812,1069700
2018-06-26,74.50706481933594,74.52334066777614,74.50706481933594,74.50706481933594,908600
2018-06-27,74.52333068847656,74.52333068847656,74.51519587023866,74.52333068847656,326100
2018-06-28,74.52333068847656,74.5314717164994,74.52333068847656,74.52333068847656,467100
2018-06-29,74.53958892822266,74.53958892822266,74.53144790280098,74.53958892822266,811600
2018-07-02,74.52904510498047,74.54534355941237,74.52904510498047,74.53719122299107,1826900
2018-07-03,74.54531860351562,74.54531860351562,74.53716626982353,74.53716626982353,1022400
2018-07-05,74.54531860351562,74.55347093720773,74.54531860351562,74.54531860351562,1033600
2018-07-06,74.5616226196289,74.5616226196289,74.55347028600801,74.55347028600801,1050600
2018-07-09,74.5616226196289,74.56976873484125,74.55347028600801,74.55347028600801,388200
2018-07-10,74.56975555419922,74.56975555419922,74.55345710824683,74.56975555419922,468100
2018-07-11,74.56975555419922,74.56975555419922,74.56160944042675,74.56160944042675,960700
2018-07-12,74.56975555419922,74.58606021855906,74.56975555419922,74.56975555419922,639200
2018-07-13,74.57788848876953,74.58604081882905,74.57788848876953,74.58604081882905,628900
2018-07-16,74.58606719970703,74.58606719970703,74.57791486676406,74.58606719970703,377800
2018-07-17,74.58606719970703,74.59421331424196,74.57791486676406,74.59421331424196,862800
2018-07-18,74.59420776367188,74.59420776367188,74.5860616497431,74.5860616497431,437400
2018-07-19,74.60234832763672,74.61050065868706,74.59419599658638,74.59419599658638,352200
2018-07-20,74.61054229736328,74.61054229736328,74.6023899617633,74.61054229736328,1845000
2018-07-23,74.60234832763672,74.6186529897374,74.60234832763672,74.6186529897374,293200
2018-07-24,74.61866760253906,74.61866760253906,74.61051526989223,74.61051526989223,450100
2018-07-25,74.61054229736328,74.61869463296328,74.61054229736328,74.61869463296328,316000
2018-07-26,74.61866760253906,74.63496604942492,74.61866760253906,74.63496604942492,269600
2018-07-27,74.63497924804688,74.63497924804688,74.62682691395837,74.63497924804688,457400
2018-07-30,74.6268310546875,74.6431357237692,74.6268310546875,74.6431357237692,377100
2018-07-31,74.64310455322266,74.64310455322266,74.63495222208617,74.64310455322266,778700
2018-08-01,74.64720153808594,74.64720153808594,74.63904339712418,74.63904339712418,1117200
2018-08-02,74.65534210205078,74.65534210205078,74.64717773610379,74.65534210205078,691800
2018-08-03,74.65534210205078,74.66350646799776,74.64717773610379,74.65534210205078,353500
2018-08-06,74.6635513305664,74.67171570141906,74.65538695971374,74.67171570141906,710200
2018-08-07,74.6717300415039,74.6717300415039,74.65540129666279,74.6717300415039,660800
2018-08-08,74.6635513305664,74.67171570141906,74.6635513305664,74.67171570141906,741400
2018-08-09,74.6717300415039,74.67988818633299,74.6717300415039,74.6717300415039,340500
2018-08-10,74.68799591064453,74.68799591064453,74.67983154441634,74.68799591064453,287400
2018-08-13,74.6961669921875,74.6961669921875,74.68800262522532,74.6961669921875,664500
2018-08-14,74.67987060546875,74.69619934646582,74.67987060546875,74.69619934646582,339800
2018-08-15,74.6961669921875,74.6961669921875,74.68800262522532,74.68800262522532,533000
2018-08-16,74.6961669921875,74.71248949852455,74.6961669921875,74.70432513156237,539800
2018-08-17,74.70436096191406,74.7125253327921,74.70436096191406,74.70436096191406,656600
2018-08-20,74.70436096191406,74.7125253327921,74.70436096191406,74.70436096191406,600900
2018-08-21,74.71248626708984,74.7206506336989,74.71248626708984,74.7206506336989,354100
2018-08-22,74.71248626708984,74.7206506336989,74.71248626708984,74.7206506336989,735700
2018-08-23,74.73699188232422,74.73699188232422,74.7206693725997,74.73699188232422,1007000
2018-08-24,74.73699188232422,74.73699188232422,74.72883374125627,74.73699188232422,229800
2018-08-27,74.74517059326172,74.74517059326172,74.72884808040519,74.73700622303855,323800
2018-08-28,74.74517059326172,74.74517059326172,74.73700622303855,74.73700622303855,610700
2018-08-29,74.73699188232422,74.75332061963735,74.73699188232422,74.75332061963735,908800
2018-08-30,74.76963806152344,74.76963806152344,74.75331555290524,74.75331555290524,748500
2018-08-31,74.76145935058594,74.76962371712281,74.76145935058594,74.76145935058594,494800
2018-09-04,74.76801300048828,74.76801300048828,74.7598363127647,74.7598363127647,973900
2018-09-05,74.75981140136719,74.77616477136509,74.75981140136719,74.76798808636613,883300
2018-09-06,74.77622985839844,74.78440655051457,74.77622985839844,74.78440655051457,1809500
2018-09-07,74.79251098632812,74.79251098632812,74.78434053841268,74.78434053841268,472300
2018-09-10,74.79251098632812,74.79251098632812,74.78434053841268,74.78434053841268,593200
2018-09-11,74.80070495605469,74.80070495605469,74.7843578194632,74.7843578194632,1580300
2018-09-12,74.80070495605469,74.80070495605469,74.79252826926665,74.79252826926665,757500
2018-09-13,74.80070495605469,74.8170520926462,74.80070495605469,74.8170520926462,458700
2018-09-14,74.80889892578125,74.81706937747231,74.80889892578125,74.81706937747231,1126400
2018-09-17,74.82525634765625,74.82525634765625,74.8089092050419,74.8089092050419,639100
2018-09-18,74.82525634765625,74.82525634765625,74.81707965785563,74.82525634765625,457500
2018-09-19,74.82525634765625,74.82525634765625,74.81707965785563,74.81707965785563,942300
2018-09-20,74.84158325195312,74.84158325195312,74.83340656504502,74.83340656504502,448700
2018-09-21,74.84158325195312,74.84158325195312,74.83340656504502,74.83340656504502,274400
2018-09-24,74.84976959228516,74.84976959228516,74.84159914062717,74.84159914062717,1329600
2018-09-25,74.84976959228516,74.84976959228516,74.84159914062717,74.84159914062717,662400
2018-09-26,74.84976959228516,74.85794628092916,74.84976959228516,74.85794628092916,256900
2018-09-27,74.86609649658203,74.86609649658203,74.85791981082934,74.86609649658203,343000
2018-09-28,74.86609649658203,74.86609649658203,74.85791981082934,74.85791981082934,409800
2018-10-01,74.87101745605469,74.87101745605469,74.86282771309412,74.87101745605469,3788900
2018-10-02,74.87919616699219,74.87919616699219,74.8710126714981,74.8710126714981,584800
2018-10-03,74.87919616699219,74.87919616699219,74.8710126714981,74.87919616699219,380100
2018-10-04,74.89561462402344,74.89561462402344,74.88742487732466,74.89561462402344,1154500
2018-10-05,74.90380096435547,74.90380096435547,74.89561121802913,74.90380096435547,4664400
2018-10-08,74.90380096435547,74.90380096435547,74.89561121802913,74.90380096435547,638800
2018-10-09,74.89561462402344,74.90380437072221,74.89561462402344,74.90380437072221,506400
2018-10-10,74.91194915771484,74.91194915771484,74.90376566219147,74.91194915771484,2091100
2018-10-11,74.92015075683594,74.92015075683594,74.91196101307335,74.92015075683594,1687600
2018-10-12,74.92015075683594,74.92834050059854,74.92015075683594,74.92015075683594,741500
2018-10-15,74.9283676147461,74.9283676147461,74.92017786801989,74.9283676147461,4029300
2018-10-16,74.93655395507812,74.93655395507812,74.92837045498813,74.92837045498813,1265500
2018-10-17,74.93655395507812,74.93655395507812,74.92837045498813,74.92837045498813,6981000
2018-10-18,74.93655395507812,74.94474370211476,74.93655395507812,74.94474370211476,733900
2018-10-19,74.94473266601562,74.95292241184627,74.94473266601562,74.94473266601562,693400
2018-10-22,74.96109008789062,74.96109008789062,74.94471060105172,74.94471060105172,746900
2018-10-23,74.96109008789062,74.96109008789062,74.94471060105172,74.94471060105172,1982600
2018-10-24,74.96929168701172,74.96929168701172,74.9611081885601,74.96929168701172,1071600
2018-10-25,74.97747039794922,74.98566014214093,74.9692806537575,74.9692806537575,3574800
2018-10-26,74.98564147949219,74.98564147949219,74.97745173733877,74.98564147949219,6698900
2018-10-29,74.98564147949219,74.98564147949219,74.97745173733877,74.98564147949219,1477400
2018-10-30,74.98564147949219,74.99382497470272,74.98564147949219,74.99382497470272,1303100
2018-10-31,74.99384307861328,74.99384307861328,74.98565958142723,74.99384307861328,2389400
2018-11-01,75.01024627685547,75.01024627685547,75.00204309831345,75.01024627685547,2666600
2018-11-02,75.01024627685547,75.01024627685547,75.00204309831345,75.00204309831345,2036700
2018-11-05,75.01844787597656,75.01844787597656,75.01024469760726,75.01024469760726,2684100
2018-11-06,75.01844787597656,75.01844787597656,75.01024469760726,75.01844787597656,1105200
2018-11-07,75.02667999267578,75.02667999267578,75.01847681114245,75.02667999267578,1135100
2018-11-08,75.03486633300781,75.05127269376028,75.03486633300781,75.03486633300781,1624800
2018-11-09,75.05126190185547,75.05126190185547,75.03485554346213,75.0430587226588,3348300
2018-11-12,75.04306030273438,75.05126348210376,75.04306030273438,75.05126348210376,601500
2018-11-13,75.05126190185547,75.05126190185547,75.0430587226588,75.0430587226588,802200
2018-11-14,75.04306030273438,75.05126348210376,75.04306030273438,75.05126348210376,2459500
2018-11-15,75.06765747070312,75.06765747070312,75.05945429200175,75.06765747070312,1448300
2018-11-16,75.07585906982422,75.07585906982422,75.06765589129542,75.07585906982422,7584300
2018-11-19,75.06765747070312,75.07586064940452,75.06765747070312,75.07586064940452,1754300
2018-11-20,75.08409118652344,75.08409118652344,75.07588800483306,75.08409118652344,5355400
2018-11-21,75.10047149658203,75.10867467611008,75.09226831705396,75.10867467611008,1683200
2018-11-23,75.10047149658203,75.10867467611008,75.09226831705396,75.10047149658203,544500
2018-11-26,75.10867309570312,75.10867309570312,75.10046991634766,75.10867309570312,945300
2018-11-27,75.10867309570312,75.11687001786609,75.10046991634766,75.10867309570312,701300
2018-11-28,75.11683654785156,75.11683654785156,75.10863962934093,75.10863962934093,1463800
2018-11-29,75.12508392333984,75.13328710386652,75.12508392333984,75.12508392333984,5720200
2018-11-30,75.13327026367188,75.14147344235991,75.12506708498384,75.14147344235991,1795600
2018-12-03,75.13079833984375,75.1390156006986,75.13079833984375,75.13079833984375,2369700
2018-12-04,75.13904571533203,75.13904571533203,75.13082845118382,75.13904571533203,1610600
2018-12-06,75.15547180175781,75.16368279704767,75.14725453853261,75.15547180175781,4606200
2018-12-07,75.16365814208984,75.16365814208984,75.15544714949331,75.16365814208984,1924600
2018-12-10,75.17191314697266,75.17191314697266,75.1636958823169,75.17191314697266,1474800
2018-12-11,75.16365814208984,75.17187540261965,75.16365814208984,75.17187540261965,1734600
2018-12-12,75.18009185791016,75.18009185791016,75.17187459746836,75.18009185791016,959200
2018-12-13,75.18829345703125,75.18829345703125,75.18008246554848,75.18829345703125,1410000
2018-12-14,75.19654083251953,75.19654083251953,75.18832356981335,75.18832356981335,939300
2018-12-17,75.20475769042969,75.20475769042969,75.18832316510576,75.19654042776773,3563400
2018-12-18,75.20475769042969,75.20475769042969,75.19654042776773,75.20475769042969,2394700
2018-12-19,75.19654846191406,75.21300548822705,75.19654846191406,75.21300548822705,2636300
2018-12-20,75.21299743652344,75.22122908825433,75.21299743652344,75.21299743652344,2938700
2018-12-21,75.22944641113281,75.22944641113281,75.22121476096979,75.22944641113281,2612300
2018-12-24,75.23767852783203,75.23767852783203,75.22945315584091,75.23767852783203,2979200
2018-12-26,75.22944641113281,75.23767178238649,75.22944641113281,75.23767178238649,2751600
2018-12-27,75.25411224365234,75.25411224365234,75.24588059598756,75.24588059598756,3096100
2018-12-28,75.2623519897461,75.2623519897461,75.25412661941748,75.2623519897461,1835800
2018-12-31,75.27058410644531,75.27058410644531,75.25412708677722,75.27058410644531,3490000
2019-01-02,75.2623519897461,75.27881528822063,75.2623519897461,75.27881528822063,15671600
2019-01-03,75.28707885742188,75.29530423123786,75.27884720469459,75.27884720469459,3316200
2019-01-04,75.29525756835938,75.29525756835938,75.27880055201504,75.29525756835938,5483000
2019-01-07,75.29525756835938,75.29525756835938,75.28703219964092,75.28703219964092,2840200
2019-01-08,75.29525756835938,75.29525756835938,75.28703219964092,75.29525756835938,1923100
2019-01-09,75.29525756835938,75.30348921598525,75.29525756835938,75.30348921598525,1486900
2019-01-10,75.30351257324219,75.31996959469109,75.30351257324219,75.31996959469109,1865800
2019-01-11,75.3199691772461,75.3199691772461,75.31174380602192,75.3199691772461,1329200
2019-01-14,75.31170654296875,75.32816355618377,75.31170654296875,75.32816355618377,1986900
2019-01-15,75.32819366455078,75.32819366455078,75.3199620152,75.32819366455078,1177800
2019-01-16,75.33644104003906,75.33644104003906,75.32820938896997,75.33644104003906,1310100
2019-01-17,75.35285949707031,75.35285949707031,75.34463412912108,75.34463412912108,809400
2019-01-18,75.35285949707031,75.36109114392639,75.34463412912108,75.35285949707031,1950700
2019-01-22,75.36109924316406,75.36109924316406,75.34464222659008,75.35286759542332,1930700
2019-01-23,75.36109924316406,75.3693308909048,75.36109924316406,75.3693308909048,1637700
2019-01-24,75.38581085205078,75.38581085205078,75.37757920180464,75.37757920180464,1200800
2019-01-25,75.37760925292969,75.38584090645757,75.37760925292969,75.37760925292969,2123700
2019-01-28,75.38581085205078,75.39404250229693,75.38581085205078,75.39404250229693,1286100
2019-01-29,75.38581085205078,75.39404250229693,75.38581085205078,75.38581085205078,965000
2019-01-30,75.40226745605469,75.40226745605469,75.39403580653959,75.39403580653959,1784900
2019-01-31,75.40226745605469,75.41872447617601,75.40226745605469,75.40226745605469,4576700
2019-02-01,75.40968322753906,75.41793099079668,75.40968322753906,75.41793099079668,2534500
2019-02-04,75.41796875,75.41796875,75.40972098261301,75.40972098261301,3375400
2019-02-05,75.41796875,75.42621651738699,75.41796875,75.41796875,2471300
2019-02-06,75.4344482421875,75.4344482421875,75.42620047655456,75.42620047655456,2135400
2019-02-07,75.4344482421875,75.44268971661859,75.4344482421875,75.4344482421875,1894000
2019-02-08,75.450927734375,75.450927734375,75.44267996980763,75.450927734375,584400
2019-02-11,75.44265747070312,75.45090523281078,75.44265747070312,75.45090523281078,1328200
2019-02-12,75.45913696289062,75.45913696289062,75.4508892025353,75.4508892025353,986400
2019-02-13,75.45913696289062,75.45913696289062,75.4508892025353,75.45913696289062,818800
2019-02-14,75.47566223144531,75.4839099957389,75.47566223144531,75.47566223144531,2038600
2019-02-15,75.47566223144531,75.4839099957389,75.47566223144531,75.4839099957389,1547700
2019-02-19,75.49217224121094,75.49217224121094,75.48392447533523,75.49217224121094,1858700
2019-02-20,75.49217224121094,75.49217224121094,75.48392447533523,75.49217224121094,4086700
2019-02-21,75.5003890991211,75.50863686230763,75.5003890991211,75.50863686230763,1288200
2019-02-22,75.5168685913086,75.5168685913086,75.50862082987327,75.50862082987327,3265500
2019-02-25,75.50863647460938,75.51688423775356,75.50863647460938,75.51688423775356,1026500
2019-02-26,75.5168685913086,75.52511006154526,75.5168685913086,75.5168685913086,1202400
2019-02-27,75.525146484375,75.525146484375,75.5169050101638,75.525146484375,1260300
2019-02-28,75.54161834716797,75.54161834716797,75.5333705843392,75.5333705843392,1073800
2019-03-01,75.54986572265625,75.54986572265625,75.54160893015087,75.54986572265625,2044200
2019-03-04,75.54163360595703,75.54989040115952,75.54163360595703,75.54163360595703,1554500
2019-03-05,75.54986572265625,75.55812881805667,75.54986572265625,75.54986572265625,2614100
2019-03-06,75.55813598632812,75.55813598632812,75.54987289014377,75.55813598632812,706100
2019-03-07,75.57469177246094,75.57469177246094,75.56642867304089,75.57469177246094,1106400
2019-03-08,75.58293151855469,75.58293151855469,75.57467472389537,75.58293151855469,1061100
2019-03-11,75.58293151855469,75.58293151855469,75.57467472389537,75.58293151855469,861100
2019-03-12,75.5911865234375,75.5911865234375,75.58292342676613,75.5911865234375,938300
2019-03-13,75.59945678710938,75.59945678710938,75.59119368965465,75.59945678710938,1796500
2019-03-14,75.59945678710938,75.6077135816675,75.59945678710938,75.59945678710938,520100
2019-03-15,75.60768127441406,75.61594436833796,75.59942448338408,75.60768127441406,1115400
2019-03-18,75.61595153808594,75.61595153808594,75.60768844337855,75.60768844337855,1144100
2019-03-19,75.61595153808594,75.62421463279333,75.61595153808594,75.62421463279333,3794400
2019-03-20,75.61595153808594,75.62421463279333,75.61595153808594,75.62421463279333,1988500
2019-03-21,75.6407241821289,75.6407241821289,75.63246739144442,75.63246739144442,1957600
2019-03-22,75.6407241821289,75.6407241821289,75.63246739144442,75.6407241821289,2049600
2019-03-25,75.6407241821289,75.64898727570704,75.6407241821289,75.64898727570704,1231800
2019-03-26,75.64901733398438,75.65728043084576,75.64901733398438,75.64901733398438,661600
2019-03-27,75.65727996826172,75.65727996826172,75.64901687145085,75.64901687145085,2214100
2019-03-28,75.67381286621094,75.67381286621094,75.66554976797977,75.67381286621094,924100
2019-03-29,75.67381286621094,75.6820759644421,75.67381286621094,75.67381286621094,1576100
2019-04-01,75.68704223632812,75.68704223632812,75.67876323275073,75.67876323275073,2419200
2019-04-02,75.67877197265625,75.68705097718976,75.67877197265625,75.68705097718976,1138800
2019-04-03,75.68704223632812,75.69531492487609,75.68704223632812,75.68704223632812,1422400
2019-04-04,75.7118911743164,75.7118911743164,75.70361216874424,75.70361216874424,1208000
2019-04-05,75.7118911743164,75.7118911743164,75.70361216874424,75.70361216874424,655700
2019-04-08,75.7118911743164,75.72017017988857,75.7118911743164,75.72017017988857,1349200
2019-04-09,75.7201919555664,75.7201919555664,75.71191294761336,75.71191294761336,1438000
2019-04-10,75.7201919555664,75.72846464848669,75.7201919555664,75.72846464848669,2261600
2019-04-11,75.74497985839844,75.74497985839844,75.73670085512413,75.73670085512413,674900
2019-04-12,75.74497985839844,75.74497985839844,75.73670085512413,75.73670085512413,890600
2019-04-15,75.7532730102539,75.7532730102539,75.74500031977405,75.74500031977405,1087900
2019-04-16,75.7532730102539,75.7532730102539,75.74500031977405,75.7532730102539,767900
2019-04-17,75.76984405517578,75.7781230621107,75.76984405517578,75.76984405517578,691500
2019-04-18,75.77809143066406,75.77809143066406,75.76981242718499,75.77809143066406,2976400
2019-04-22,75.77809143066406,75.78636411911378,75.77809143066406,75.77809143066406,1171400
2019-04-23,75.77809143066406,75.78636411911378,75.77809143066406,75.77809143066406,912100
2019-04-24,75.79464721679688,75.79464721679688,75.7863682128706,75.79464721679688,1103500
2019-04-25,75.81122589111328,75.81122589111328,75.80295319927241,75.81122589111328,1838500
2019-04-26,75.80290985107422,75.81118253818431,75.80290985107422,75.81118253818431,2449400
2019-04-29,75.81122589111328,75.81950489798609,75.81122589111328,75.81122589111328,667700
2019-04-30,75.81948852539062,75.81948852539062,75.8112095203056,75.81948852539062,1161400
2019-05-01,75.82280731201172,75.82280731201172,75.81451255049383,75.82280731201172,1237600
2019-05-02,75.83106994628906,75.83935837724619,75.83106994628906,75.83935837724619,856100
2019-05-03,75.83938598632812,75.84768074735146,75.83938598632812,75.83938598632812,1443500
2019-05-06,75.84766387939453,75.84766387939453,75.83936912021589,75.84766387939453,879800
2019-05-07,75.85597229003906,75.85597229003906,75.84767752936764,75.85597229003906,1217900
2019-05-08,75.85597229003906,75.85597229003906,75.84767752936764,75.85597229003906,980900
2019-05-09,75.86427307128906,75.87256150556968,75.86427307128906,75.87256150556968,2029800
2019-05-10,75.88084411621094,75.88084411621094,75.87254935620949,75.88084411621094,966600
2019-05-13,75.87255859375,75.88085335476136,75.87255859375,75.88085335476136,1953000
2019-05-14,75.88084411621094,75.8891388762124,75.88084411621094,75.8891388762124,1097000
2019-05-15,75.8891372680664,75.8891372680664,75.88084250824072,75.8891372680664,1061900
2019-05-16,75.89740753173828,75.90570228957829,75.89740753173828,75.89740753173828,1681600
2019-05-17,75.9057388305664,75.9140335923995,75.9057388305664,75.9140335923995,339300
2019-05-20,75.9140396118164,75.92233437430721,75.9140396118164,75.92233437430721,524300
2019-05-21,75.9140396118164,75.92233437430721,75.9140396118164,75.92233437430721,673700
2019-05-22,75.93058013916016,75.93058013916016,75.92229170837713,75.93058013916016,1218500
2019-05-23,75.94718170166016,75.94718170166016,75.93888694251501,75.93888694251501,1198800
2019-05-24,75.94718170166016,75.9554701337579,75.94718170166016,75.94718170166016,1337100
2019-05-28,75.95550537109375,75.95550537109375,75.94721693515083,75.95550537109375,981000
2019-05-29,75.95550537109375,75.96380013408701,75.95550537109375,75.96380013408701,4239400
2019-05-30,75.98035430908203,75.98035430908203,75.97205954994804,75.97205954994804,1223300
2019-05-31,75.98035430908203,75.98035430908203,75.97205954994804,75.98035430908203,2770300
2019-06-03,75.97703552246094,75.98533990763842,75.97703552246094,75.97703552246094,3486900
2019-06-04,75.99365234375,75.99365234375,75.98534161916,75.98534161916,9008800
2019-06-05,75.99365234375,75.99365234375,75.98534161916,75.99365234375,2028500
2019-06-06,76.01860046386719,76.01860046386719,76.00198534904177,76.00198534904177,7013200
2019-06-07,76.01029968261719,76.01860407081026,76.01029968261719,76.01860407081026,2299000
2019-06-10,76.02685546875,76.02685546875,76.01854474781479,76.02685546875,2795300
2019-06-11,76.01860046386719,76.02691119089356,76.01860046386719,76.01860046386719,1563700
2019-06-12,76.02685546875,76.03516618968521,76.02685546875,76.02685546875,2308800
2019-06-13,76.05184173583984,76.05184173583984,76.04353100829952,76.04353100829952,4044200
2019-06-14,76.0601577758789,76.0601577758789,76.05184704775812,76.0601577758789,601300
2019-06-17,76.0601577758789,76.06846850399968,76.0601577758789,76.0601577758789,3386000
2019-06-18,76.0601577758789,76.06846850399968,76.0601577758789,76.0601577758789,3183100
2019-06-19,76.07672119140625,76.07672119140625,76.06841680815725,76.06841680815725,521300
2019-06-20,76.08506774902344,76.09337847541053,76.08506774902344,76.08506774902344,2524000
2019-06-21,76.08506774902344,76.09337847541053,76.08506774902344,76.08506774902344,2016700
2019-06-24,76.09335327148438,76.10165765589402,76.09335327148438,76.09335327148438,1223700
2019-06-25,76.09335327148438,76.10165765589402,76.09335327148438,76.10165765589402,826600
2019-06-26,76.11000061035156,76.11000061035156,76.10168988319776,76.10168988319776,1006400
2019-06-27,76.11000061035156,76.11831133750535,76.11000061035156,76.11000061035156,615800
2019-06-28,76.1182861328125,76.1265968572144,76.1182861328125,76.1265968572144,1112800
2019-07-01,76.11412048339844,76.13076557153254,76.11412048339844,76.12243985213391,3984100
2019-07-02,76.12244415283203,76.13076987270104,76.12244415283203,76.12244415283203,5031700
2019-07-03,76.1474380493164,76.1474380493164,76.13911232761744,76.1474380493164,1988600
2019-07-05,76.13912200927734,76.14744773203499,76.13912200927734,76.13912200927734,1294500
2019-07-08,76.13912200927734,76.14744773203499,76.13912200927734,76.14744773203499,3557000
2019-07-09,76.1474380493164,76.1474380493164,76.13911232761744,76.1474380493164,1612400
2019-07-10,76.1557846069336,76.1557846069336,76.14746523292963,76.14746523292963,1257200
2019-07-11,76.17240142822266,76.17240142822266,76.16407570733641,76.16407570733641,1230400
2019-07-12,76.18070983886719,76.18070983886719,76.17239046984207,76.18070983886719,792900
2019-07-15,76.18070983886719,76.18070983886719,76.17239046984207,76.18070983886719,521000
2019-07-16,76.18905639648438,76.18905639648438,76.18073067451877,76.18073067451877,731500
2019-07-17,76.18905639648438,76.18905639648438,76.18073067451877,76.18905639648438,650700
2019-07-18,76.2140121459961,76.2140121459961,76.19736705602034,76.19736705602034,1130400
2019-07-19,76.2140121459961,76.2140121459961,76.20569277634014,76.20569277634014,1509200
2019-07-22,76.2140121459961,76.2140121459961,76.20569277634014,76.20569277634014,524400
2019-07-23,76.20571899414062,76.21403836665876,76.20571899414062,76.20571899414062,1703300
2019-07-24,76.22232818603516,76.22232818603516,76.21400246677271,76.21400246677271,793900
2019-07-25,76.23900604248047,76.23900604248047,76.22236094746437,76.22236094746437,1428400
2019-07-26,76.23067474365234,76.2389941145259,76.23067474365234,76.2389941145259,1202800
2019-07-29,76.247314453125,76.247314453125,76.23898873217443,76.247314453125,871300
2019-07-30,76.247314453125,76.247314453125,76.23898873217443,76.23898873217443,2294000
2019-07-31,76.2556381225586,76.2556381225586,76.24731240183202,76.2556381225586,3291100
2019-08-01,76.2765121459961,76.2765121459961,76.25983247748553,76.26817231174081,5657100
2019-08-02,76.2765121459961,76.2765121459961,76.26817231174081,76.2765121459961,5480500
2019-08-05,76.26813507080078,76.2848083697403,76.26813507080078,76.27647490098381,2182900
2019-08-06,76.2765121459961,76.28484561882173,76.2765121459961,76.2765121459961,4955000
2019-08-07,76.29315948486328,76.29315948486328,76.27648618345752,76.27648618345752,2365100
2019-08-08,76.30147552490234,76.30147552490234,76.29313569608615,76.30147552490234,1279000
2019-08-09,76.29315948486328,76.3014993162799,76.29315948486328,76.29315948486328,2542200
2019-08-12,76.30984497070312,76.30984497070312,76.30151149938337,76.30151149938337,2547400
2019-08-13,76.31818389892578,76.31818389892578,76.3015105950554,76.3015105950554,904300
2019-08-14,76.30984497070312,76.32652463619961,76.30984497070312,76.31818480345137,1988000
2019-08-15,76.3431625366211,76.3431625366211,76.32648924028523,76.33482906916593,2998300
2019-08-16,76.3348617553711,76.34319522639461,76.3348617553711,76.34319522639461,2471500
2019-08-19,76.3348617553711,76.35153505884638,76.3348617553711,76.35153505884638,4949900
2019-08-20,76.3431625366211,76.3431625366211,76.33482906916593,76.3431625366211,1675500
2019-08-21,76.3348617553711,76.35153505884638,76.3348617553711,76.34319522639461,1433700
2019-08-22,76.35990142822266,76.35990142822266,76.35156159287259,76.35156159287259,1162700
2019-08-23,76.35154724121094,76.35988707499338,76.34320740742848,76.35988707499338,10788500
2019-08-26,76.35990142822266,76.36823490214226,76.35990142822266,76.36823490214226,2234600
2019-08-27,76.36822509765625,76.36822509765625,76.35989162480654,76.36822509765625,1616900
2019-08-28,76.35990142822266,76.36823490214226,76.35990142822266,76.36823490214226,3861800
2019-08-29,76.37654876708984,76.38488859960411,76.37654876708984,76.37654876708984,2276800
2019-08-30,76.38488006591797,76.39321989750052,76.38488006591797,76.38488006591797,3418100
2019-09-03,76.3999252319336,76.3999252319336,76.39157007702634,76.3999252319336,4842500
2019-09-04,76.39158630371094,76.39994146039295,76.39158630371094,76.39994146039295,1895600
2019-09-05,76.3999252319336,76.40828038684084,76.3999252319336,76.40828038684084,4888800
2019-09-06,76.40827178955078,76.41662694351793,76.39991663558364,76.40827178955078,2094700
2019-09-09,76.40827178955078,76.41662694351793,76.40827178955078,76.40827178955078,1064400
2019-09-10,76.42497253417969,76.42497253417969,76.4166237536762,76.42497253417969,2325200
2019-09-11,76.41661834716797,76.42496712708078,76.41661834716797,76.41661834716797,1437400
2019-09-12,76.4333267211914,76.44168187470412,76.4333267211914,76.4333267211914,1867500
2019-09-13,76.4333267211914,76.44168187470412,76.4333267211914,76.44168187470412,1638200
2019-09-16,76.4333267211914,76.45003065510203,76.4333267211914,76.44168187470412,1119300
2019-09-17,76.44168090820312,76.45002968849548,76.43332575479604,76.44168090820312,1032800
2019-09-18,76.4583740234375,76.4583740234375,76.44167009210159,76.45001887121263,1094500
2019-09-19,76.4583740234375,76.47508432788722,76.4583740234375,76.47508432788722,1980600
2019-09-20,76.46674346923828,76.46674346923828,76.45838831545163,76.46674346923828,2298500
2019-09-23,76.4834213256836,76.4834213256836,76.46671739692073,76.46671739692073,1669600
2019-09-24,76.4834213256836,76.4834213256836,76.47507254785859,76.4834213256836,1661700
2019-09-25,76.4834213256836,76.4834213256836,76.47507254785859,76.4834213256836,1362600
2019-09-26,76.50017547607422,76.50017547607422,76.49182032034734,76.49182032034734,1741100
2019-09-27,76.50017547607422,76.5085242586846,76.49182032034734,76.5085242586846,1033000
2019-09-30,76.508544921875,76.508544921875,76.50019613700981,76.50019613700981,3144600
2019-10-01,76.50601196289062,76.51437963461987,76.50601196289062,76.51437963461987,2016800
2019-10-02,76.50601196289062,76.51437963461987,76.50601196289062,76.51437963461987,2410000
2019-10-03,76.53111267089844,76.53111267089844,76.52274499942146,76.52274499942146,1101300
2019-10-04,76.53111267089844,76.53111267089844,76.52274499942146,76.52274499942146,924300
2019-10-07,76.53947448730469,76.53947448730469,76.53111319843329,76.53947448730469,686900
2019-10-08,76.53947448730469,76.53947448730469,76.53111319843329,76.53947448730469,1207500
2019-10-09,76.53947448730469,76.54784215883934,76.53947448730469,76.54784215883934,1714000
2019-10-10,76.55619049072266,76.56455177748182,76.55619049072266,76.56455177748182,1404600
2019-10-11,76.5645523071289,76.5645523071289,76.5561910203119,76.5645523071289,1446100
2019-10-14,76.55619049072266,76.57291944690265,76.50599085685943,76.55619049072266,2720500
2019-10-15,76.5645523071289,76.5645523071289,76.5561910203119,76.5561910203119,1621300
2019-10-16,76.57293701171875,76.57293701171875,76.5645693403785,76.5645693403785,1620400
2019-10-17,76.58129119873047,76.58129119873047,76.57292352886358,76.57292352886358,1350600
2019-10-18,76.58129119873047,76.58129119873047,76.57292352886358,76.57292352886358,3141500
2019-10-21,76.58966827392578,76.58966827392578,76.58130060303134,76.58966827392578,820500
2019-10-22,76.58966827392578,76.58966827392578,76.58130060303134,76.58966827392578,1818900
2019-10-23,76.58966827392578,76.58966827392578,76.58130060303134,76.58130060303134,707600
2019-10-24,76.60637664794922,76.60637664794922,76.59800897930327,76.59800897930327,734400
2019-10-25,76.60637664794922,76.60637664794922,76.59800897930327,76.59800897930327,857300
2019-10-28,76.59798431396484,76.60635197991631,76.59798431396484,76.60635197991631,1936500
2019-10-29,76.6147689819336,76.6147689819336,76.60640131059377,76.60640131059377,486100
2019-10-30,76.62313842773438,76.62313842773438,76.60640946593689,76.61477713816753,1025500
2019-10-31,76.63147735595703,76.63147735595703,76.62310968686506,76.62310968686506,1240700
2019-11-01,76.6306381225586,76.63901850840598,76.6306381225586,76.6306381225586,5615400
2019-11-04,76.63903045654297,76.63903045654297,76.63065006938906,76.63065006938906,2305900
2019-11-05,76.6306381225586,76.63901850840598,76.6306381225586,76.6306381225586,1253400
2019-11-06,76.63903045654297,76.64741084369687,76.63903045654297,76.63903045654297,1095800
2019-11-07,76.65579986572266,76.65579986572266,76.64742586928959,76.64742586928959,1334700
2019-11-08,76.65579986572266,76.65579986572266,76.64742586928959,76.65579986572266,727700
2019-11-11,76.65579986572266,76.65579986572266,76.64742586928959,76.65579986572266,464600
2019-11-12,76.66413879394531,76.66413879394531,76.65575840968074,76.66413879394531,1818400
2019-11-13,76.66413879394531,76.66413879394531,76.65575840968074,76.66413879394531,1170700
2019-11-14,76.67253875732422,76.67253875732422,76.66415837091964,76.66415837091964,3100000
2019-11-15,76.66413879394531,76.67251917820988,76.66413879394531,76.67251917820988,2225800
2019-11-18,76.68091583251953,76.68091583251953,76.67254183814033,76.67254183814033,1610600
2019-11-19,76.67253875732422,76.68091275136695,76.67253875732422,76.68091275136695,928000
2019-11-20,76.68091583251953,76.68091583251953,76.67254183814033,76.68091583251953,2396400
2019-11-21,76.68091583251953,76.68929621926087,76.68091583251953,76.68929621926087,975300
2019-11-22,76.6893081665039,76.6976885545508,76.6893081665039,76.6893081665039,1197900
2019-11-25,76.6893081665039,76.6976885545508,76.6893081665039,76.6976885545508,955100
2019-11-26,76.69767761230469,76.70605799915597,76.69767761230469,76.69767761230469,952000
2019-11-27,76.71439361572266,76.71439361572266,76.70601962542284,76.70601962542284,775900
2019-11-29,76.71439361572266,76.71439361572266,76.70601962542284,76.70601962542284,687500
2019-12-02,76.72029113769531,76.72029113769531,76.71190643020687,76.71190643020687,985300
2019-12-03,76.71192932128906,76.72031403127953,76.71192932128906,76.72031403127953,2002400
2019-12-04,76.72029113769531,76.72868224572383,76.72029113769531,76.72029113769531,1008000
2019-12-05,76.73709869384766,76.73709869384766,76.72870758304822,76.73709869384766,866100
2019-12-06,76.73709869384766,76.73709869384766,76.72870758304822,76.72870758304822,1171300
2019-12-09,76.74547576904297,76.74547576904297,76.73708465977815,76.73708465977815,776200
2019-12-10,76.74547576904297,76.74547576904297,76.73708465977815,76.74547576904297,1040700
2019-12-11,76.74547576904297,76.74547576904297,76.73708465977815,76.74547576904297,1288600
2019-12-12,76.76225280761719,76.76225280761719,76.75386169821894,76.76225280761719,601800
2019-12-13,76.74547576904297,76.7622515870316,76.74547576904297,76.75386047776678,753100
2019-12-16,76.76225280761719,76.76225280761719,76.75386169821894,76.75386169821894,702700
2019-12-17,76.75386047363281,76.77064269216154,76.75386047363281,76.76225158289718,2353000
2019-12-18,76.77062225341797,76.77062225341797,76.76223114638758,76.77062225341797,1059900
2019-12-19,76.77903747558594,76.77903747558594,76.77065276576236,76.77065276576236,1412900
2019-12-20,76.7832260131836,76.7832260131836,76.77482434754492,76.7832260131836,1375800
2019-12-23,76.7832260131836,76.7832260131836,76.77482434754492,76.77482434754492,2846500
2019-12-24,76.7916259765625,76.7916259765625,76.78323071900247,76.7916259765625,1042700
2019-12-26,76.80004119873047,76.80004119873047,76.78324427205202,76.78324427205202,956200
2019-12-27,76.7916259765625,76.80002764271609,76.7916259765625,76.7916259765625,1325600
2019-12-30,76.80004119873047,76.80844286636703,76.80004119873047,76.80844286636703,1381300
2019-12-31,76.80004119873047,76.8168381254089,76.80004119873047,76.8168381254089,1406200
2020-01-02,76.82525634765625,76.82525634765625,76.80845941735834,76.81685467820925,3167200
2020-01-03,76.82525634765625,76.82525634765625,76.81685467820925,76.82525634765625,853200
2020-01-06,76.81682586669922,76.83362919929081,76.81682586669922,76.82522753299502,2471900
2020-01-07,76.81682586669922,76.82522753299502,76.81682586669922,76.82522753299502,1267300
2020-01-08,76.83361053466797,76.83361053466797,76.82520887041312,76.82520887041312,1286100
2020-01-09,76.84205627441406,76.84205627441406,76.83365460534014,76.84205627441406,984300
2020-01-10,76.84205627441406,76.84205627441406,76.83365460534014,76.83365460534014,1137100
2020-01-13,76.84205627441406,76.84205627441406,76.83365460534014,76.84205627441406,1459100
2020-01-14,76.84205627441406,76.8504515348922,76.84205627441406,76.84205627441406,1055400
2020-01-15,76.8504409790039,76.8504409790039,76.84204571967891,76.8504409790039,862300
2020-01-16,76.86721801757812,76.86721801757812,76.85041468748696,76.85041468748696,1104100
2020-01-17,76.85881042480469,76.8672120892023,76.85881042480469,76.8672120892023,1323200
2020-01-21,76.86721801757812,76.86721801757812,76.85881635253254,76.86721801757812,3170700
2020-01-22,76.86721801757812,76.86721801757812,76.85881635253254,76.86721801757812,1156800
2020-01-23,76.87562561035156,76.88402727674537,76.87562561035156,76.87562561035156,893000
2020-01-24,76.87562561035156,76.88402727674537,76.87562561035156,76.88402727674537,1243700
2020-01-27,76.8840103149414,76.8840103149414,76.87560865040113,76.87560865040113,1463500
2020-01-28,76.8840103149414,76.89241197948168,76.8840103149414,76.8840103149414,1708000
2020-01-29,76.89244079589844,76.89244079589844,76.88403912820954,76.88403912820954,845200
2020-01-30,76.89244079589844,76.90084246358734,76.89244079589844,76.89244079589844,787300
2020-01-31,76.89244079589844,76.90084246358734,76.89244079589844,76.90084246358734,1760700
2020-02-03,76.899169921875,76.90757509749771,76.899169921875,76.90757509749771,1826500
2020-02-04,76.899169921875,76.90757509749771,76.899169921875,76.90757509749771,1013700
2020-02-05,76.91600036621094,76.91600036621094,76.8991835958106,76.9075887729279,1015900
2020-02-06,76.9244155883789,76.9244155883789,76.91600399469905,76.91600399469905,1156000
2020-02-07,76.9244155883789,76.9244155883789,76.91600399469905,76.9244155883789,873000
2020-02-10,76.91600036621094,76.93282355277701,76.91600036621094,76.92441195949398,635800
2020-02-11,76.9244155883789,76.9244155883789,76.91600399469905,76.91600399469905,1152900
2020-02-12,76.9328384399414,76.9328384399414,76.92442684503065,76.92442684503065,823600
2020-02-13,76.94120788574219,76.94120788574219,76.93280271090194,76.94120788574219,1231100
2020-02-14,76.94120788574219,76.94961947674645,76.93280271090194,76.94961947674645,1200800
2020-02-18,76.9496078491211,76.9496078491211,76.9411962593879,76.9411962593879,894900
2020-02-19,76.9496078491211,76.9496078491211,76.9411962593879,76.9496078491211,1327300
2020-02-20,76.9496078491211,76.9580194388543,76.9496078491211,76.9580194388543,2327900
2020-02-21,76.96646881103516,76.96646881103516,76.95806363263824,76.95806363263824,865100
2020-02-24,76.95802307128906,76.96642824525595,76.95802307128906,76.96642824525595,3162600
2020-02-25,76.95802307128906,76.96642824525595,76.95802307128906,76.96642824525595,4337200
2020-02-26,76.97483825683594,76.97483825683594,76.9664266668782,76.97483825683594,4843100
2020-02-27,76.99166107177734,76.99166107177734,76.97483789194163,76.97483789194163,7014300
2020-02-28,76.98329162597656,76.9917032204993,76.98329162597656,76.98329162597656,10079400
2020-03-02,77.00599670410156,77.01441721857974,76.99757618962339,76.99757618962339,8320700
2020-03-03,77.02285766601562,77.03969870073469,76.99760253690984,77.00602305426938,6196300
2020-03-04,77.05648803710938,77.05648803710938,77.0312329228425,77.03965343525446,7400300
2020-03-05,77.07335662841797,77.07335662841797,77.05651559757057,77.06493611299426,4722200
2020-03-06,77.07335662841797,77.09019123629402,77.06493611299426,77.06493611299426,4562200
2020-03-09,77.10702514648438,77.14070078490313,77.08177002341313,77.09861105410815,14089900
2020-03-10,77.09017944335938,77.12385507693126,77.08175892922381,77.09017944335938,10764300
2020-03-11,77.10702514648438,77.1238661771794,77.09019053876064,77.09019053876064,19939900
2020-03-12,77.11543273925781,80.79441372711914,77.09017762041867,77.09017762041867,20352200
2020-03-13,77.13227844238281,77.14069253385907,77.10701689904229,77.11543741348913,11069000
2020-03-16,77.14065551757812,77.14907602798435,77.11540040932697,77.14907602798435,11009100
2020-03-17,77.14065551757812,77.14907602798435,77.11540040932697,77.14907602798435,10016900
2020-03-18,77.15754699707031,77.17438160592457,77.13229187230309,77.15754699707031,11352300
2020-03-19,77.14065551757812,77.15749653839057,77.11540040932697,77.14907602798435,10002900
2020-03-20,77.16596221923828,77.16596221923828,77.13228658086828,77.14070067323233,14884700
2020-03-23,77.14910125732422,77.14910125732422,77.12384614081412,77.13226665397403,7880900
2020-03-24,77.14910125732422,77.14910125732422,77.09859102430403,77.13226665397403,7108400
2020-03-25,77.14910125732422,77.14910125732422,77.13226665397403,77.14068074416431,6265900
2020-03-26,77.14910125732422,77.14910125732422,77.13226665397403,77.13226665397403,5907600
2020-03-27,77.13227844238281,77.1491130483059,77.13227844238281,77.1491130483059,5413800
2020-03-30,77.13227844238281,77.14069253385907,77.13227844238281,77.14069253385907,4208600
2020-03-31,77.14065551757812,77.14065551757812,77.12382091973319,77.14065551757812,6837900
2020-04-01,77.13394927978516,77.14237457487374,77.12552398469657,77.14237457487374,3865800
2020-04-02,77.14238739013672,77.14238739013672,77.12553679716025,77.13396209364848,4489300
2020-04-03,77.11710357666016,77.1339477398839,77.11710357666016,77.12552244496351,4371000
2020-04-06,77.12549591064453,77.13392120266627,77.11707704523761,77.13392120266627,3804200
2020-04-07,77.10871124267578,77.1339807116216,77.10871124267578,77.1339807116216,4866200
2020-04-08,77.11710357666016,77.12552244496351,77.11710357666016,77.11710357666016,3326600
2020-04-09,77.10025024414062,77.12551970138584,77.10025024414062,77.11710083338197,7432700
2020-04-13,77.11710357666016,77.12552244496351,77.10025298681938,77.10025298681938,4806700
2020-04-14,77.12549591064453,77.12549591064453,77.10022646119413,77.10022646119413,7368800
2020-04-15,77.11710357666016,77.12552244496351,77.10867828173977,77.11710357666016,5840100
2020-04-16,77.10871124267578,77.12555541309975,77.10871124267578,77.11713654119765,5563300
2020-04-17,77.12549591064453,77.12549591064453,77.11707704523761,77.11707704523761,4217400
2020-04-20,77.11710357666016,77.12552244496351,77.11710357666016,77.12552244496351,5258700
2020-04-21,77.11710357666016,77.1339477398839,77.11710357666016,77.1339477398839,3527200
2020-04-22,77.11710357666016,77.12552244496351,77.11710357666016,77.12552244496351,2065200
2020-04-23,77.12549591064453,77.12549591064453,77.11707704523761,77.12549591064453,1928700
2020-04-24,77.11710357666016,77.12552244496351,77.11710357666016,77.12552244496351,1618100
2020-04-27,77.11710357666016,77.12552244496351,77.10867828173977,77.11710357666016,2244700
2020-04-28,77.11710357666016,77.12552244496351,77.11710357666016,77.12552244496351,2744800
2020-04-29,77.10871124267578,77.12555541309975,77.10871124267578,77.12555541309975,5313500
2020-04-30,77.12549591064453,77.12549591064453,77.10865175321587,77.10865175321587,7305600
2020-05-01,77.1120376586914,77.12889082412258,77.1120376586914,77.12889082412258,3710300
2020-05-04,77.1120376586914,77.12889082412258,77.1120376586914,77.12889082412258,5973500
2020-05-05,77.1120376586914,77.12889082412258,77.1120376586914,77.1120376586914,2949300
2020-05-06,77.12049102783203,77.12891761347444,77.11206444218962,77.12891761347444,1716300
2020-05-07,77.1120376586914,77.12889082412258,77.1120376586914,77.12889082412258,2271200
2020-05-08,77.1120376586914,77.12889082412258,77.1120376586914,77.1120376586914,3100700
2020-05-11,77.12049102783203,77.12049102783203,77.11206444218962,77.11206444218962,3903700
2020-05-12,77.12049102783203,77.12049102783203,77.11206444218962,77.11206444218962,3110500
2020-05-13,77.12049102783203,77.12049102783203,77.11206444218962,77.12049102783203,3524800
2020-05-14,77.12889862060547,77.12889862060547,77.11204545347071,77.1204720370381,4505200
2020-05-15,77.1120376586914,77.12046424140699,77.1120376586914,77.12046424140699,2361800
2020-05-18,77.1120376586914,77.12046424140699,77.1120376586914,77.1120376586914,2297500
2020-05-19,77.1120376586914,77.12046424140699,77.1120376586914,77.12046424140699,6505800
2020-05-20,77.1120376586914,77.12046424140699,77.1120376586914,77.12046424140699,1722400
2020-05-21,77.12049102783203,77.12049102783203,77.11206444218962,77.11206444218962,2400900
2020-05-22,77.1120376586914,77.12046424140699,77.1120376586914,77.12046424140699,1935600
2020-05-26,77.12049102783203,77.12049102783203,77.11206444218962,77.12049102783203,4214200
2020-05-27,77.1120376586914,77.12046424140699,77.1120376586914,77.1120376586914,3887400
2020-05-28,77.1120376586914,77.12046424140699,77.1120376586914,77.1120376586914,5061200
2020-05-29,77.1120376586914,77.12046424140699,77.1120376586914,77.1120376586914,3714600
2020-06-01,77.12049102783203,77.12049102783203,77.09521769850636,77.11206444218962,2919600
2020-06-02,77.12049102783203,77.12049102783203,77.11206444218962,77.12049102783203,4644600
2020-06-03,77.12049102783203,77.12049102783203,77.10363785654721,77.11206444218962,5447700
2020-06-04,77.12049102783203,77.12049102783203,77.11206444218962,77.12049102783203,3574600
2020-06-05,77.10363006591797,77.12048323549993,77.10363006591797,77.11205665070895,4808800
2020-06-08,77.1120376586914,77.12046424140699,77.10361107597582,77.12046424140699,3937200
2020-06-09,77.1120376586914,77.12046424140699,77.10361107597582,77.1120376586914,8989100
2020-06-10,77.12049102783203,77.12049102783203,77.10363785654721,77.10363785654721,3090200
2020-06-11,77.10363006591797,77.12048323549993,77.10363006591797,77.11205665070895,10544900
2020-06-12,77.12049102783203,77.12049102783203,77.10363785654721,77.12049102783203,8819400
2020-06-15,77.12049102783203,77.12049102783203,77.11206444218962,77.12049102783203,3391500
2020-06-16,77.12049102783203,77.12049102783203,77.10363785654721,77.11206444218962,2413600
2020-06-17,77.12049102783203,77.12049102783203,77.10363785654721,77.11206444218962,3992000
2020-06-18,77.1120376586914,77.12046424140699,77.1120376586914,77.12046424140699,1837800
2020-06-19,77.1120376586914,77.12046424140699,77.1120376586914,77.1120376586914,3115500
2020-06-22,77.1120376586914,77.12046424140699,77.1120376586914,77.1120376586914,3091900
2020-06-23,77.1120376586914,77.12046424140699,77.1120376586914,77.1120376586914,2898000
2020-06-24,77.1120376586914,77.12046424140699,77.1120376586914,77.1120376586914,3779000
2020-06-25,77.12049102783203,77.12049102783203,77.11206444218962,77.11206444218962,1767500
2020-06-26,77.1120376586914,77.12046424140699,77.1120376586914,77.1120376586914,1350100
2020-06-29,77.1120376586914,77.12046424140699,77.1120376586914,77.1120376586914,2431500
2020-06-30,77.1120376586914,77.12046424140699,77.1120376586914,77.1120376586914,3381100
2020-07-01,77.1120376586914,77.12046424140699,77.10361107597582,77.1120376586914,3160000
2020-07-02,77.12049102783203,77.12049102783203,77.11206444218962,77.12049102783203,2639700
2020-07-06,77.1120376586914,77.12046424140699,77.1120376586914,77.1120376586914,4064700
2020-07-07,77.1120376586914,77.12046424140699,77.1120376586914,77.1120376586914,2092700
2020-07-08,77.1120376586914,77.12046424140699,77.1120376586914,77.12046424140699,4376800
2020-07-09,77.1120376586914,77.12046424140699,77.1120376586914,77.1120376586914,1516600
2020-07-10,77.12049102783203,77.12049102783203,77.11206444218962,77.12049102783203,1241800
2020-07-13,77.12049102783203,77.12049102783203,77.11206444218962,77.11206444218962,2126500
2020-07-14,77.12049102783203,77.12049102783203,77.11206444218962,77.12049102783203,1326000
2020-07-15,77.12049102783203,77.12049102783203,77.11206444218962,77.11206444218962,2793100
2020-07-16,77.1120376586914,77.12046424140699,77.10361107597582,77.12046424140699,2395500
2020-07-17,77.12049102783203,77.12049102783203,77.11206444218962,77.11206444218962,2551400
2020-07-20,77.12049102783203,77.12049102783203,77.11206444218962,77.12049102783203,1276700
2020-07-21,77.12049102783203,77.12049102783203,77.11206444218962,77.12049102783203,1882700
2020-07-22,77.1120376586914,77.12046424140699,77.1120376586914,77.1120376586914,1479200
2020-07-23,77.12049102783203,77.12049102783203,77.11206444218962,77.11206444218962,1118300
2020-07-24,77.1120376586914,77.12046424140699,77.1120376586914,77.12046424140699,1009900
2020-07-27,77.1120376586914,77.12046424140699,77.1120376586914,77.1120376586914,1412400
2020-07-28,77.12049102783203,77.12049102783203,77.11206444218962,77.11206444218962,2012800
2020-07-29,77.12049102783203,77.12049102783203,77.11206444218962,77.11206444218962,1418100
2020-07-30,77.1120376586914,77.12046424140699,77.1120376586914,77.12046424140699,2403300
2020-07-31,77.12049102783203,77.12049102783203,77.11206444218962,77.11206444218962,1099800
2020-08-03,77.1120376586914,77.12889082412258,77.1120376586914,77.1120376586914,1564800
2020-08-04,77.12049102783203,77.12049102783203,77.11206444218962,77.12049102783203,1654700
2020-08-05,77.1120376586914,77.12046424140699,77.1120376586914,77.1120376586914,1980000
2020-08-06,77.1120376586914,77.12046424140699,77.1120376586914,77.1120376586914,1591300
2020-08-07,77.12049102783203,77.12049102783203,77.11206444218962,77.12049102783203,2105100
2020-08-10,77.12049102783203,77.12049102783203,77.11206444218962,77.11206444218962,887500
2020-08-11,77.1120376586914,77.12046424140699,77.1120376586914,77.1120376586914,1734100
2020-08-12,77.1120376586914,77.12046424140699,77.1120376586914,77.1120376586914,2876300
2020-08-13,77.12049102783203,77.12049102783203,77.11206444218962,77.12049102783203,2350800
2020-08-14,77.1120376586914,77.12046424140699,77.1120376586914,77.1120376586914,1206000
2020-08-17,77.1120376586914,77.12889082412258,77.1120376586914,77.12046424140699,2250100
2020-08-18,77.12049102783203,77.12049102783203,77.11206444218962,77.12049102783203,3536200
2020-08-19,77.12049102783203,77.12049102783203,77.11206444218962,77.12049102783203,1785500
2020-08-20,77.12049102783203,77.12049102783203,77.11206444218962,77.11206444218962,1091000
2020-08-21,77.12049102783203,77.12049102783203,77.11206444218962,77.12049102783203,1877100
2020-08-24,77.12049102783203,77.12049102783203,77.11206444218962,77.11206444218962,1276800
2020-08-25,77.1120376586914,77.12046424140699,77.1120376586914,77.1120376586914,1318300
2020-08-26,77.1120376586914,77.12046424140699,77.1120376586914,77.1120376586914,1058400
2020-08-27,77.1120376586914,77.12046424140699,77.1120376586914,77.1120376586914,1314500
2020-08-28,77.12049102783203,77.12049102783203,77.11206444218962,77.11206444218962,1023000
2020-08-31,77.12049102783203,77.12049102783203,77.11206444218962,77.11206444218962,1467200
2020-09-01,77.12049102783203,77.12049102783203,77.10363785654721,77.12049102783203,1091500
2020-09-02,77.12049102783203,77.12049102783203,77.11206444218962,77.12049102783203,1550000
2020-09-03,77.1120376586914,77.12046424140699,77.1120376586914,77.12046424140699,1942600
2020-09-04,77.12049102783203,77.12049102783203,77.11206444218962,77.11206444218962,1946100
2020-09-08,77.12049102783203,77.12049102783203,77.10363785654721,77.11206444218962,3647900
2020-09-09,77.1120376586914,77.12046424140699,77.1120376586914,77.12046424140699,2260900
2020-09-10,77.1120376586914,77.12046424140699,77.1120376586914,77.1120376586914,1667000
2020-09-11,77.10363006591797,77.12048323549993,77.10363006591797,77.12048323549993,1213400
2020-09-14,77.12049102783203,77.12049102783203,77.10363785654721,77.11206444218962,2103900
2020-09-15,77.10363006591797,77.11205665070895,77.10363006591797,77.11205665070895,1512900
2020-09-16,77.12049102783203,77.12049102783203,77.10363785654721,77.10363785654721,1248300
2020-09-17,77.12049102783203,77.12049102783203,77.10363785654721,77.11206444218962,2402500
2020-09-18,77.10363006591797,77.12048323549993,77.10363006591797,77.11205665070895,841400
2020-09-21,77.10363006591797,77.12048323549993,77.10363006591797,77.10363006591797,1605700
2020-09-22,77.10363006591797,77.12048323549993,77.10363006591797,77.12048323549993,1571600
2020-09-23,77.10363006591797,77.12048323549993,77.10363006591797,77.11205665070895,2503300
2020-09-24,77.1120376586914,77.12046424140699,77.1120376586914,77.1120376586914,2325600
2020-09-25,77.10363006591797,77.12048323549993,77.10363006591797,77.11205665070895,1971200
2020-09-28,77.1120376586914,77.12046424140699,77.10361107597582,77.1120376586914,4095200
2020-09-29,77.1120376586914,77.1120376586914,77.10361107597582,77.10361107597582,2004100
2020-09-30,77.10363006591797,77.11205665070895,77.10363006591797,77.11205665070895,2507800
2020-10-01,77.10363006591797,77.12048323549993,77.0952099087279,77.10363006591797,1030700
2020-10-02,77.10363006591797,77.11205665070895,77.10363006591797,77.11205665070895,2053700
2020-10-05,77.10363006591797,77.11205665070895,77.10363006591797,77.11205665070895,1286100
2020-10-06,77.1120376586914,77.1120376586914,77.10361107597582,77.10361107597582,2457600
2020-10-07,77.10363006591797,77.11205665070895,77.10363006591797,77.10363006591797,945100
2020-10-08,77.10363006591797,77.11205665070895,77.10363006591797,77.10363006591797,832100
2020-10-09,77.10363006591797,77.11205665070895,77.10363006591797,77.10363006591797,965400
2020-10-12,77.1120376586914,77.1120376586914,77.10361107597582,77.10361107597582,2242500
2020-10-13,77.10363006591797,77.11205665070895,77.10363006591797,77.11205665070895,1903900
2020-10-14,77.10363006591797,77.11205665070895,77.10363006591797,77.10363006591797,1505200
2020-10-15,77.10363006591797,77.11205665070895,77.10363006591797,77.11205665070895,1188800
2020-10-16,77.1120376586914,77.1120376586914,77.10361107597582,77.1120376586914,1251400
2020-10-19,77.1120376586914,77.1120376586914,77.10361107597582,77.1120376586914,788900
2020-10-20,77.10363006591797,77.11205665070895,77.10363006591797,77.10363006591797,1401400
2020-10-21,77.10363006591797,77.11205665070895,77.10363006591797,77.10363006591797,1065100
2020-10-22,77.1120376586914,77.1120376586914,77.10361107597582,77.10361107597582,926900
2020-10-23,77.1120376586914,77.1120376586914,77.10361107597582,77.1120376586914,995700
2020-10-26,77.1120376586914,77.1120376586914,77.10361107597582,77.10361107597582,3162400
2020-10-27,77.10363006591797,77.11205665070895,77.10363006591797,77.10363006591797,1034700
2020-10-28,77.10363006591797,77.11205665070895,77.10363006591797,77.11205665070895,2147600
2020-10-29,77.1120376586914,77.1120376586914,77.10361107597582,77.10361107597582,2664200
2020-10-30,77.1120376586914,77.1120376586914,77.10361107597582,77.1120376586914,2486300
2020-11-02,77.1120376586914,77.1120376586914,77.10361107597582,77.10361107597582,1380500
2020-11-03,77.1120376586914,77.1120376586914,77.10361107597582,77.10361107597582,920100
2020-11-04,77.10363006591797,77.11205665070895,77.10363006591797,77.11205665070895,2331100
2020-11-05,77.1120376586914,77.1120376586914,77.10361107597582,77.10361107597582,2171400
2020-11-06,77.10363006591797,77.11205665070895,77.10363006591797,77.11205665070895,1638900
2020-11-09,77.1120376586914,77.1120376586914,77.10361107597582,77.1120376586914,3195700
2020-11-10,77.10363006591797,77.11205665070895,77.10363006591797,77.10363006591797,2775700
2020-11-11,77.10363006591797,77.11205665070895,77.10363006591797,77.10363006591797,960500
2020-11-12,77.10363006591797,77.11205665070895,77.10363006591797,77.11205665070895,1124800
2020-11-13,77.1120376586914,77.1120376586914,77.10361107597582,77.10361107597582,1039100
2020-11-16,77.1120376586914,77.1120376586914,77.10361107597582,77.10361107597582,1092400
2020-11-17,77.1120376586914,77.1120376586914,77.10361107597582,77.10361107597582,1679100
2020-11-18,77.1120376586914,77.1120376586914,77.10361107597582,77.1120376586914,2600200
2020-11-19,77.1120376586914,77.1120376586914,77.10361107597582,77.1120376586914,1110400
2020-11-20,77.1120376586914,77.1120376586914,77.10361107597582,77.10361107597582,896200
2020-11-23,77.1120376586914,77.1120376586914,77.10361107597582,77.1120376586914,1082400
2020-11-24,77.1120376586914,77.1120376586914,77.10361107597582,77.10361107597582,2147000
2020-11-25,77.10363006591797,77.11205665070895,77.10363006591797,77.10363006591797,991600
2020-11-27,77.1120376586914,77.1120376586914,77.10361107597582,77.10361107597582,525100
2020-11-30,77.10363006591797,77.11205665070895,77.10363006591797,77.10363006591797,1224500
2020-12-01,77.09770965576172,77.11455694398414,77.09770965576172,77.09770965576172,2887900
2020-12-02,77.10615539550781,77.11458225628974,77.09773496253732,77.09773496253732,3397400
2020-12-03,77.10615539550781,77.11458225628974,77.10615539550781,77.10615539550781,1342700
2020-12-04,77.11454772949219,77.11454772949219,77.10612087248325,77.10612087248325,1283000
2020-12-07,77.09770965576172,77.11455694398414,77.09770965576172,77.10613008596827,1714900
2020-12-08,77.09770965576172,77.11455694398414,77.09770965576172,77.09770965576172,2136200
2020-12-09,77.09770965576172,77.10613008596827,77.09770965576172,77.10613008596827,2411300
2020-12-10,77.09770965576172,77.10613008596827,77.09770965576172,77.10613008596827,802800
2020-12-11,77.10615539550781,77.10615539550781,77.09773496253732,77.09773496253732,807400
2020-12-14,77.09770965576172,77.10613008596827,77.09770965576172,77.09770965576172,1270300
2020-12-15,77.09770965576172,77.10613008596827,77.09770965576172,77.09770965576172,1235300
2020-12-16,77.10615539550781,77.10615539550781,77.09773496253732,77.09773496253732,1036600
2020-12-17,77.10615539550781,77.10615539550781,77.09773496253732,77.09773496253732,1051500
2020-12-18,77.10615539550781,77.10615539550781,77.09773496253732,77.10615539550781,1041400
2020-12-21,77.10615539550781,77.10615539550781,77.09773496253732,77.09773496253732,1352900
2020-12-22,77.10615539550781,77.10615539550781,77.09773496253732,77.10615539550781,1140800
2020-12-23,77.09770965576172,77.10613008596827,77.09770965576172,77.09770965576172,1066100
2020-12-24,77.10615539550781,77.10615539550781,77.09773496253732,77.10615539550781,580500
2020-12-28,77.10615539550781,77.10615539550781,77.09773496253732,77.09773496253732,794600
2020-12-29,77.10615539550781,77.10615539550781,77.09773496253732,77.10615539550781,1590400
2020-12-30,77.09770965576172,77.10613008596827,77.09770965576172,77.09770965576172,1219400
2020-12-31,77.10615539550781,77.10615539550781,77.09773496253732,77.09773496253732,1343900
2021-01-04,77.10615539550781,77.10615539550781,77.09773496253732,77.10615539550781,1588000
2021-01-05,77.09770965576172,77.10613008596827,77.09770965576172,77.09770965576172,940300
2021-01-06,77.10615539550781,77.10615539550781,77.09773496253732,77.09773496253732,1710800
2021-01-07,77.10615539550781,77.10615539550781,77.09773496253732,77.09773496253732,1249400
2021-01-08,77.09770965576172,77.10613008596827,77.09770965576172,77.09770965576172,1767600
2021-01-11,77.10615539550781,77.10615539550781,77.09773496253732,77.09773496253732,1128800
2021-01-12,77.09770965576172,77.10613008596827,77.09770965576172,77.10613008596827,6770200
2021-01-13,77.09770965576172,77.10613008596827,77.09770965576172,77.09770965576172,3257300
2021-01-14,77.10615539550781,77.10615539550781,77.09773496253732,77.09773496253732,2009300
2021-01-15,77.10615539550781,77.10615539550781,77.09773496253732,77.09773496253732,2250400
2021-01-19,77.10615539550781,77.10615539550781,77.09773496253732,77.09773496253732,1974300
2021-01-20,77.10615539550781,77.10615539550781,77.09773496253732,77.09773496253732,641900
2021-01-21,77.10615539550781,77.10615539550781,77.09773496253732,77.09773496253732,867000
2021-01-22,77.09770965576172,77.10613008596827,77.09770965576172,77.09770965576172,780900
2021-01-25,77.10615539550781,77.10615539550781,77.09773496253732,77.09773496253732,921400
2021-01-26,77.09770965576172,77.10613008596827,77.09770965576172,77.09770965576172,1878400
2021-01-27,77.09770965576172,77.10613008596827,77.09770965576172,77.10613008596827,1615100
2021-01-28,77.10615539550781,77.10615539550781,77.09773496253732,77.09773496253732,1965600
2021-01-29,77.10615539550781,77.10615539550781,77.09773496253732,77.09773496253732,3702300
2021-02-01,77.10615539550781,77.11458225628974,77.09773496253732,77.10615539550781,1563000
2021-02-02,77.09770965576172,77.10613008596827,77.09770965576172,77.09770965576172,1099500
2021-02-03,77.09770965576172,77.10613008596827,77.09770965576172,77.10613008596827,1207900
2021-02-04,77.10615539550781,77.10615539550781,77.09773496253732,77.09773496253732,944000
2021-02-05,77.10615539550781,77.10615539550781,77.09773496253732,77.10615539550781,726400
2021-02-08,77.10615539550781,77.10615539550781,77.09773496253732,77.09773496253732,1505100
2021-02-09,77.10615539550781,77.10615539550781,77.09773496253732,77.09773496253732,1270000
2021-02-10,77.09770965576172,77.10613008596827,77.09770965576172,77.10613008596827,1424400
2021-02-11,77.10615539550781,77.10615539550781,77.09773496253732,77.09773496253732,696900
2021-02-12,77.09770965576172,77.10613008596827,77.09770965576172,77.09770965576172,900900
2021-02-16,77.10615539550781,77.10615539550781,77.09773496253732,77.09773496253732,1026200
2021-02-17,77.10615539550781,77.10615539550781,77.09773496253732,77.09773496253732,781400
2021-02-18,77.09770965576172,77.10613008596827,77.09770965576172,77.09770965576172,1406500
2021-02-19,77.10615539550781,77.10615539550781,77.09773496253732,77.09773496253732,805200
2021-02-22,77.09770965576172,77.10613008596827,77.09770965576172,77.09770965576172,1284500
2021-02-23,77.09770965576172,77.10613008596827,77.09770965576172,77.09770965576172,1169800
2021-02-24,77.08929443359375,77.09772129288157,77.08929443359375,77.09772129288157,861500
2021-02-25,77.09770965576172,77.09770965576172,77.08928279774585,77.08928279774585,1371000
2021-02-26,77.09770965576172,77.09770965576172,77.08928279774585,77.09770965576172,1971100
2021-03-01,77.08929443359375,77.09772129288157,77.08929443359375,77.09772129288157,1287100
2021-03-02,77.08929443359375,77.09772129288157,77.08929443359375,77.09772129288157,1588400
2021-03-03,77.09770965576172,77.09770965576172,77.08928279774585,77.08928279774585,1801400
2021-03-04,77.09770965576172,77.09770965576172,77.08928279774585,77.09770965576172,1452400
2021-03-05,77.09770965576172,77.09770965576172,77.08928279774585,77.08928279774585,1249000
2021-03-08,77.08929443359375,77.09772129288157,77.08929443359375,77.08929443359375,1075500
2021-03-09,77.08929443359375,77.09772129288157,77.08929443359375,77.08929443359375,1518600
2021-03-10,77.08929443359375,77.09772129288157,77.08929443359375,77.08929443359375,1100600
2021-03-11,77.09770965576172,77.09770965576172,77.08928279774585,77.08928279774585,659400
2021-03-12,77.08929443359375,77.09772129288157,77.08929443359375,77.08929443359375,737700
2021-03-15,77.08929443359375,77.09772129288157,77.08929443359375,77.08929443359375,976300
2021-03-16,77.08929443359375,77.09772129288157,77.08929443359375,77.08929443359375,1145000
2021-03-17,77.09770965576172,77.09770965576172,77.08928279774585,77.08928279774585,1021500
2021-03-18,77.08929443359375,77.09772129288157,77.08929443359375,77.08929443359375,955600
2021-03-19,77.08929443359375,77.09772129288157,77.08929443359375,77.09772129288157,704300
2021-03-22,77.08929443359375,77.09772129288157,77.08929443359375,77.08929443359375,676600
2021-03-23,77.09770965576172,77.09770965576172,77.08928279774585,77.09770965576172,1691300
2021-03-24,77.08929443359375,77.09772129288157,77.08929443359375,77.08929443359375,510200
2021-03-25,77.08929443359375,77.09772129288157,77.08929443359375,77.08929443359375,1224000
2021-03-26,77.08929443359375,77.09772129288157,77.08929443359375,77.08929443359375,797900
2021-03-29,77.08929443359375,77.09772129288157,77.08929443359375,77.08929443359375,925500
2021-03-30,77.09770965576172,77.09770965576172,77.08928279774585,77.08928279774585,606500
2021-03-31,77.08929443359375,77.09772129288157,77.08929443359375,77.08929443359375,882400
2021-04-01,77.09770965576172,77.09770965576172,77.08085593972997,77.09770965576172,2289200
2021-04-05,77.08929443359375,77.08929443359375,77.08086757430594,77.08929443359375,1014800
2021-04-06,77.08088684082031,77.08931370221444,77.08088684082031,77.08088684082031,672100
2021-04-07,77.08088684082031,77.08931370221444,77.08088684082031,77.08931370221444,1039700
2021-04-08,77.08929443359375,77.08929443359375,77.08086757430594,77.08086757430594,2910500
2021-04-09,77.08088684082031,77.08931370221444,77.08088684082031,77.08088684082031,735800
2021-04-12,77.08088684082031,77.08931370221444,77.08088684082031,77.08088684082031,866900
2021-04-13,77.08088684082031,77.08931370221444,77.08088684082031,77.08931370221444,2840800
2021-04-14,77.08088684082031,77.08931370221444,77.08088684082031,77.08088684082031,645200
2021-04-15,77.08929443359375,77.08929443359375,77.08086757430594,77.08929443359375,794100
2021-04-16,77.08929443359375,77.08929443359375,77.08086757430594,77.08086757430594,2055200
2021-04-19,77.08088684082031,77.08931370221444,77.08088684082031,77.08088684082031,754300
2021-04-20,77.08088684082031,77.08931370221444,77.08088684082031,77.08088684082031,1548600
2021-04-21,77.08088684082031,77.08931370221444,77.08088684082031,77.08088684082031,980000
2021-04-22,77.08929443359375,77.08929443359375,77.08086757430594,77.08086757430594,1226600
2021-04-23,77.08929443359375,77.08929443359375,77.08086757430594,77.08929443359375,495500
2021-04-26,77.08088684082031,77.08931370221444,77.08088684082031,77.08088684082031,1061300
2021-04-27,77.08929443359375,77.08929443359375,77.08086757430594,77.08086757430594,787900
2021-04-28,77.08088684082031,77.08931370221444,77.08088684082031,77.08088684082031,999200
2021-04-29,77.08088684082031,77.08931370221444,77.08088684082031,77.08088684082031,899800
2021-04-30,77.08929443359375,77.08929443359375,77.08086757430594,77.08086757430594,1064300
2021-05-03,77.08929443359375,77.08929443359375,77.08086757430594,77.08086757430594,1169100
2021-05-04,77.08088684082031,77.08931370221444,77.08088684082031,77.08088684082031,2178200
2021-05-05,77.08929443359375,77.08929443359375,77.08086757430594,77.08086757430594,553500
2021-05-06,77.08929443359375,77.08929443359375,77.08086757430594,77.08086757430594,1066600
2021-05-07,77.08088684082031,77.08088684082031,77.07246640723807,77.07246640723807,1829300
2021-05-10,77.08088684082031,77.08088684082031,77.07246640723807,77.07246640723807,723700
2021-05-11,77.08088684082031,77.08088684082031,77.07246640723807,77.07246640723807,1157100
2021-05-12,77.07247924804688,77.08089968303202,77.07247924804688,77.08089968303202,915700
2021-05-13,77.07247924804688,77.08932654583012,77.07247924804688,77.07247924804688,5954600
2021-05-14,77.07247924804688,77.08089968303202,77.07247924804688,77.07247924804688,1662900
2021-05-17,77.08088684082031,77.08088684082031,77.07246640723807,77.07246640723807,867100
2021-05-18,77.08088684082031,77.08088684082031,77.07246640723807,77.08088684082031,1047800
2021-05-19,77.07247924804688,77.08089968303202,77.07247924804688,77.07247924804688,1675300
2021-05-20,77.07247924804688,77.08089968303202,77.07247924804688,77.07247924804688,852400
2021-05-21,77.08088684082031,77.08088684082031,77.07246640723807,77.07246640723807,785900
2021-05-24,77.07247924804688,77.08089968303202,77.07247924804688,77.07247924804688,1014300
2021-05-25,77.07247924804688,77.08089968303202,77.07247924804688,77.07247924804688,686900
2021-05-26,77.07247924804688,77.08089968303202,77.07247924804688,77.08089968303202,998100
2021-05-27,77.08088684082031,77.08088684082031,77.07246640723807,77.07246640723807,675600
2021-05-28,77.08088684082031,77.08088684082031,77.07246640723807,77.07246640723807,927900
2021-06-01,77.07247924804688,77.08089968303202,77.07247924804688,77.07247924804688,1121200
2021-06-02,77.07247924804688,77.08089968303202,77.07247924804688,77.08089968303202,1752700
2021-06-03,77.07247924804688,77.08089968303202,77.07247924804688,77.07247924804688,517400
2021-06-04,77.08088684082031,77.08088684082031,77.07246640723807,77.07246640723807,962300
2021-06-07,77.06403350830078,77.08088080195725,77.06403350830078,77.07246036903472,983600
2021-06-08,77.06403350830078,77.07246036903472,77.06403350830078,77.06403350830078,833500
2021-06-09,77.06403350830078,77.07246036903472,77.06403350830078,77.07246036903472,1122600
2021-06-10,77.06403350830078,77.07246036903472,77.06403350830078,77.06403350830078,858000
2021-06-11,77.07247924804688,77.07247924804688,77.06405238524877,77.06405238524877,732300
2021-06-14,77.06403350830078,77.07246036903472,77.06403350830078,77.06403350830078,439100
2021-06-15,77.06403350830078,77.07246036903472,77.06403350830078,77.06403350830078,1008600
2021-06-16,77.07247924804688,77.07247924804688,77.06405238524877,77.06405238524877,575400
2021-06-17,77.06403350830078,77.07246036903472,77.06403350830078,77.07246036903472,1458900
2021-06-18,77.07247924804688,77.07247924804688,77.06405238524877,77.06405238524877,885300
2021-06-21,77.06403350830078,77.07246036903472,77.06403350830078,77.07246036903472,846700
2021-06-22,77.06403350830078,77.07246036903472,77.06403350830078,77.06403350830078,386000
2021-06-23,77.06403350830078,77.07246036903472,77.06403350830078,77.06403350830078,651800
2021-06-24,77.07247924804688,77.07247924804688,77.06405238524877,77.06405238524877,912400
2021-06-25,77.07247924804688,77.07247924804688,77.06405238524877,77.06405238524877,1276500
2021-06-28,77.06403350830078,77.07246036903472,77.06403350830078,77.07246036903472,592700
2021-06-29,77.06403350830078,77.07246036903472,77.06403350830078,77.06403350830078,887100
2021-06-30,77.06403350830078,77.07246036903472,77.06403350830078,77.07246036903472,555300
2021-07-01,77.07247924804688,77.07247924804688,77.06405238524877,77.06405238524877,584000
2021-07-02,77.06403350830078,77.06403350830078,77.05560664756685,77.06403350830078,638800
2021-07-06,77.05561828613281,77.06404514813954,77.05561828613281,77.05561828613281,654200
2021-07-07,77.05561828613281,77.06404514813954,77.05561828613281,77.05561828613281,820700
2021-07-08,77.06403350830078,77.06403350830078,77.05560664756685,77.05560664756685,934200
2021-07-09,77.06403350830078,77.06403350830078,77.05560664756685,77.06403350830078,632900
2021-07-12,77.06403350830078,77.06403350830078,77.05560664756685,77.05560664756685,709400
2021-07-13,77.06403350830078,77.06403350830078,77.05560664756685,77.05560664756685,1037700
2021-07-14,77.05561828613281,77.06404514813954,77.05561828613281,77.05561828613281,583500
2021-07-15,77.06403350830078,77.06403350830078,77.05560664756685,77.05560664756685,961800
2021-07-16,77.06403350830078,77.06403350830078,77.05560664756685,77.05560664756685,618600
2021-07-19,77.05561828613281,77.06404514813954,77.05561828613281,77.05561828613281,2751000
2021-07-20,77.05561828613281,77.06404514813954,77.05561828613281,77.05561828613281,1726400
2021-07-21,77.05561828613281,77.06404514813954,77.05561828613281,77.05561828613281,1123100
2021-07-22,77.06403350830078,77.06403350830078,77.05560664756685,77.05560664756685,680500
2021-07-23,77.05561828613281,77.06404514813954,77.05561828613281,77.05561828613281,1078300
2021-07-26,77.06403350830078,77.06403350830078,77.05560664756685,77.05560664756685,712500
2021-07-27,77.05561828613281,77.06404514813954,77.05561828613281,77.06404514813954,878600
2021-07-28,77.05561828613281,77.06404514813954,77.05561828613281,77.05561828613281,1342100
2021-07-29,77.06403350830078,77.06403350830078,77.05560664756685,77.05560664756685,903400
2021-07-30,77.05561828613281,77.06404514813954,77.05561828613281,77.05561828613281,410800
2021-08-02,77.05561828613281,77.06404514813954,77.05561828613281,77.05561828613281,597700
2021-08-03,77.05561828613281,77.06404514813954,77.05561828613281,77.05561828613281,745100
2021-08-04,77.05561828613281,77.06404514813954,77.05561828613281,77.05561828613281,1067700
2021-08-05,77.05561828613281,77.06404514813954,77.05561828613281,77.05561828613281,488300
2021-08-06,77.06403350830078,77.06403350830078,77.05560664756685,77.05560664756685,694200
2021-08-09,77.06403350830078,77.06403350830078,77.05560664756685,77.05560664756685,1642900
2021-08-10,77.05561828613281,77.06404514813954,77.05561828613281,77.06404514813954,937200
2021-08-11,77.05561828613281,77.06404514813954,77.05561828613281,77.05561828613281,1080500
2021-08-12,77.05561828613281,77.06404514813954,77.05561828613281,77.05561828613281,616500
2021-08-13,77.06403350830078,77.06403350830078,77.05560664756685,77.06403350830078,1124700
2021-08-16,77.04718017578125,77.0640338973342,77.04718017578125,77.05560703655772,1689700
2021-08-17,77.04718017578125,77.0640338973342,77.04718017578125,77.0640338973342,1564100
2021-08-18,77.04718017578125,77.0640338973342,77.04718017578125,77.04718017578125,925700
2021-08-19,77.06403350830078,77.06403350830078,77.04717978683291,77.04717978683291,1720600
2021-08-20,77.06403350830078,77.06403350830078,77.04717978683291,77.05560664756685,796200
2021-08-23,77.04718017578125,77.05560703655772,77.04718017578125,77.05560703655772,470700
2021-08-24,77.04718017578125,77.05560703655772,77.04718017578125,77.04718017578125,808200
2021-08-25,77.04718017578125,77.05560703655772,77.04718017578125,77.04718017578125,555200
2021-08-26,77.05561828613281,77.05561828613281,77.04719142412608,77.05561828613281,785600
2021-08-27,77.05561828613281,77.05561828613281,77.04719142412608,77.05561828613281,479900
2021-08-30,77.05561828613281,77.05561828613281,77.04719142412608,77.05561828613281,617900
2021-08-31,77.04718017578125,77.05560703655772,77.04718017578125,77.04718017578125,1021300
2021-09-01,77.04718017578125,77.05560703655772,77.04718017578125,77.05560703655772,1076800
2021-09-02,77.06403350830078,77.06403350830078,77.04717978683291,77.04717978683291,673800
2021-09-03,77.04718017578125,77.05560703655772,77.04718017578125,77.05560703655772,496300
2021-09-07,77.04718017578125,77.05560703655772,77.04718017578125,77.05560703655772,1597100
2021-09-08,77.04718017578125,77.05560703655772,77.04718017578125,77.04718017578125,1053500
2021-09-09,77.04718017578125,77.05560703655772,77.04718017578125,77.04718017578125,735500
2021-09-10,77.05561828613281,77.05561828613281,77.04719142412608,77.04719142412608,521700
2021-09-13,77.05561828613281,77.05561828613281,77.04719142412608,77.04719142412608,5164600
2021-09-14,77.04718017578125,77.05560703655772,77.04718017578125,77.05560703655772,4534300
2021-09-15,77.04718017578125,77.05560703655772,77.04718017578125,77.04718017578125,1465500
2021-09-16,77.05561828613281,77.05561828613281,77.04719142412608,77.05561828613281,1322600
2021-09-17,77.04718017578125,77.05560703655772,77.04718017578125,77.04718017578125,810900
2021-09-20,77.05561828613281,77.05561828613281,77.04719142412608,77.04719142412608,1087100
2021-09-21,77.04718017578125,77.05560703655772,77.04718017578125,77.04718017578125,1462300
2021-09-22,77.04718017578125,77.05560703655772,77.04718017578125,77.04718017578125,1062200
2021-09-23,77.05561828613281,77.05561828613281,77.04719142412608,77.04719142412608,1108400
2021-09-24,77.04718017578125,77.05560703655772,77.04718017578125,77.05560703655772,1912100
2021-09-27,77.04718017578125,77.05560703655772,77.0387597428162,77.05560703655772,2605900
2021-09-28,77.04718017578125,77.05560703655772,77.0387597428162,77.05560703655772,978800
2021-09-29,77.05561828613281,77.05561828613281,77.04719142412608,77.04719142412608,787600
2021-09-30,77.05561828613281,77.05561828613281,77.04719142412608,77.04719142412608,777700
2021-10-01,77.05561828613281,77.05561828613281,77.0387709899317,77.05561828613281,1484700
2021-10-04,77.03873443603516,77.04715486623414,77.03873443603516,77.04715486623414,757500
2021-10-05,77.04718017578125,77.04718017578125,77.0387597428162,77.0387597428162,537800
2021-10-06,77.04718017578125,77.04718017578125,77.0387597428162,77.0387597428162,1394800
2021-10-07,77.04718017578125,77.04718017578125,77.0387597428162,77.0387597428162,775400
2021-10-08,77.04718017578125,77.04718017578125,77.0387597428162,77.04718017578125,487600
2021-10-11,77.04718017578125,77.04718017578125,77.0387597428162,77.0387597428162,622200
2021-10-12,77.04718017578125,77.04718017578125,77.0387597428162,77.0387597428162,580200
2021-10-13,77.04718017578125,77.04718017578125,77.0387597428162,77.0387597428162,934200
2021-10-14,77.03873443603516,77.04715486623414,77.03873443603516,77.04715486623414,610500
2021-10-15,77.04718017578125,77.04718017578125,77.0387597428162,77.0387597428162,798700
2021-10-18,77.03873443603516,77.04715486623414,77.03873443603516,77.03873443603516,650100
2021-10-19,77.03873443603516,77.04715486623414,77.03873443603516,77.03873443603516,585400
2021-10-20,77.03873443603516,77.04715486623414,77.03873443603516,77.04715486623414,2241500
2021-10-21,77.03873443603516,77.04715486623414,77.03873443603516,77.03873443603516,733500
2021-10-22,77.03873443603516,77.04715486623414,77.03030757802686,77.03873443603516,721000
2021-10-25,77.04718017578125,77.04718017578125,77.0387597428162,77.04718017578125,674100
2021-10-26,77.03032684326172,77.0471741356825,77.03032684326172,77.03875370337758,1092600
2021-10-27,77.03032684326172,77.0471741356825,77.03032684326172,77.03875370337758,779600
2021-10-28,77.04718017578125,77.04718017578125,77.0387597428162,77.0387597428162,663800
2021-10-29,77.04718017578125,77.04718017578125,77.03033288203973,77.0387597428162,886900
2021-11-01,77.04718017578125,77.04718017578125,77.0387597428162,77.0387597428162,1121800
2021-11-02,77.03032684326172,77.0471741356825,77.03032684326172,77.03875370337758,699200
2021-11-03,77.03032684326172,77.03875370337758,77.03032684326172,77.03875370337758,1099500
2021-11-04,77.03873443603516,77.04715486623414,77.03030757802686,77.03873443603516,791500
2021-11-05,77.03873443603516,77.03873443603516,77.03030757802686,77.03873443603516,829100
2021-11-08,77.04718017578125,77.04718017578125,77.03033288203973,77.0387597428162,1379300
2021-11-09,77.03032684326172,77.03875370337758,77.03032684326172,77.03875370337758,962800
2021-11-10,77.03032684326172,77.0471741356825,77.03032684326172,77.03875370337758,1147600
2021-11-11,77.03873443603516,77.03873443603516,77.03030757802686,77.03873443603516,789300
2021-11-12,77.03873443603516,77.03873443603516,77.03030757802686,77.03030757802686,558600
2021-11-15,77.03873443603516,77.03873443603516,77.03030757802686,77.03873443603516,670800
2021-11-16,77.03032684326172,77.03875370337758,77.03032684326172,77.03875370337758,1105900
2021-11-17,77.03032684326172,77.03875370337758,77.03032684326172,77.03032684326172,1197200
2021-11-18,77.03873443603516,77.03873443603516,77.03030757802686,77.03030757802686,801900
2021-11-19,77.03873443603516,77.03873443603516,77.03030757802686,77.03873443603516,1430300
2021-11-22,77.03873443603516,77.03873443603516,77.03030757802686,77.03030757802686,778900
2021-11-23,77.03032684326172,77.03875370337758,77.03032684326172,77.03032684326172,771400
2021-11-24,77.03873443603516,77.03873443603516,77.03030757802686,77.03030757802686,677000
2021-11-26,77.03032684326172,77.03875370337758,77.03032684326172,77.03032684326172,735800
2021-11-29,77.03873443603516,77.03873443603516,77.03030757802686,77.03030757802686,1067100
2021-11-30,77.03032684326172,77.03875370337758,77.03032684326172,77.03875370337758,2554800
2021-12-01,77.03873443603516,77.03873443603516,77.03030757802686,77.03873443603516,1989400
2021-12-02,77.03873443603516,77.03873443603516,77.03030757802686,77.03873443603516,1502400
2021-12-03,77.03032684326172,77.03875370337758,77.03032684326172,77.03875370337758,717900
2021-12-06,77.03032684326172,77.03875370337758,77.03032684326172,77.03875370337758,796700
2021-12-07,77.03032684326172,77.03875370337758,77.03032684326172,77.03875370337758,617900
2021-12-08,77.03873443603516,77.03873443603516,77.03030757802686,77.03030757802686,1446600
2021-12-09,77.03032684326172,77.03875370337758,77.03032684326172,77.03032684326172,1110700
2021-12-10,77.03873443603516,77.03873443603516,77.03030757802686,77.03873443603516,935300
2021-12-13,77.03873443603516,77.03873443603516,77.03030757802686,77.03030757802686,462600
2021-12-14,77.03873443603516,77.03873443603516,77.03030757802686,77.03873443603516,817200
2021-12-15,77.03873443603516,77.03873443603516,77.03030757802686,77.03030757802686,1653900
2021-12-16,77.03032684326172,77.03875370337758,77.03032684326172,77.03032684326172,809600
2021-12-17,77.03873443603516,77.03873443603516,77.03030757802686,77.03873443603516,1063900
2021-12-20,77.03032684326172,77.03875370337758,77.03032684326172,77.03032684326172,2235100
2021-12-21,77.02191925048828,77.03877297493601,77.02191925048828,77.03034611271214,2372300
2021-12-22,77.02191925048828,77.03877297493601,77.02191925048828,77.03034611271214,1001900
2021-12-23,77.02191925048828,77.03034611271214,77.02191925048828,77.02191925048828,571400
2021-12-27,77.03032684326172,77.03032684326172,77.02189998314587,77.02189998314587,730400
2021-12-28,77.02191925048828,77.03034611271214,77.02191925048828,77.03034611271214,1933000
2021-12-29,77.02191925048828,77.03034611271214,77.02191925048828,77.02191925048828,1246300
2021-12-30,77.03032684326172,77.03032684326172,77.02189998314587,77.02189998314587,837000
2021-12-31,77.03032684326172,77.03032684326172,77.02189998314587,77.02189998314587,871400
2022-01-03,77.02191925048828,77.03034611271214,77.02191925048828,77.03034611271214,1764000
2022-01-04,77.03032684326172,77.03032684326172,77.02189998314587,77.02189998314587,2511800
2022-01-05,77.03032684326172,77.03032684326172,77.02189998314587,77.03032684326172,1637300
2022-01-06,77.03032684326172,77.03032684326172,77.02189998314587,77.03032684326172,1077900
2022-01-07,77.03032684326172,77.03032684326172,77.02189998314587,77.03032684326172,766900
2022-01-10,77.02191925048828,77.03034611271214,77.02191925048828,77.02191925048828,1846800
2022-01-11,77.01346588134766,77.021886312158,77.01346588134766,77.021886312158,1847500
2022-01-12,77.02191925048828,77.03034611271214,77.02191925048828,77.02191925048828,959700
2022-01-13,77.03032684326172,77.03032684326172,77.02189998314587,77.02189998314587,1056500
2022-01-14,77.03032684326172,77.03032684326172,77.02189998314587,77.02189998314587,564000
2022-01-18,77.01346588134766,77.03031317077813,77.01346588134766,77.03031317077813,3068100
2022-01-19,77.03032684326172,77.03032684326172,77.02189998314587,77.03032684326172,2074900
2022-01-20,77.03032684326172,77.03032684326172,77.02189998314587,77.03032684326172,1628700
2022-01-21,77.02191925048828,77.03034611271214,77.01349881607695,77.02191925048828,2937600
2022-01-24,77.03032684326172,77.03032684326172,77.01347955084094,77.01347955084094,4854900
2022-01-25,77.01346588134766,77.03031317077813,77.01346588134766,77.021886312158,4776800
2022-01-26,77.02191925048828,77.03034611271214,77.01349881607695,77.01349881607695,3694400
2022-01-27,77.03032684326172,77.03032684326172,77.01347955084094,77.01347955084094,6218700
2022-01-28,77.01346588134766,77.03031317077813,77.01346588134766,77.021886312158,4811100
2022-01-31,77.03032684326172,77.03032684326172,77.01347955084094,77.02189998314587,26333300
2022-02-01,77.02191925048828,77.03034611271214,77.01349881607695,77.01349881607695,6452700
2022-02-02,77.03032684326172,77.03032684326172,77.02189998314587,77.02189998314587,2119800
2022-02-03,77.03032684326172,77.03032684326172,77.01347955084094,77.02189998314587,2323000
2022-02-04,77.01346588134766,77.021886312158,77.01346588134766,77.021886312158,6726000
2022-02-07,77.01346588134766,77.021886312158,77.01346588134766,77.021886312158,1667500
2022-02-08,77.02191925048828,77.02191925048828,77.01349881607695,77.02191925048828,24173900
2022-02-09,77.01346588134766,77.021886312158,77.01346588134766,77.01346588134766,4386800
2022-02-10,77.01346588134766,77.021886312158,77.00503902272753,77.01346588134766,6107100
2022-02-11,77.01346588134766,77.021886312158,77.00503902272753,77.01346588134766,3164600
2022-02-14,77.00506591796875,77.02191321328341,77.00506591796875,77.01349277953209,1876400
2022-02-15,77.02191925048828,77.02191925048828,77.01349881607695,77.01349881607695,923100
2022-02-16,77.02191925048828,77.02191925048828,77.01349881607695,77.02191925048828,1057500
2022-02-17,77.01346588134766,77.021886312158,77.01346588134766,77.021886312158,2324900
2022-02-18,77.02191925048828,77.02191925048828,77.01349881607695,77.02191925048828,1485300
2022-02-22,77.02191925048828,77.02191925048828,77.01349881607695,77.01349881607695,2188500
2022-02-23,77.01346588134766,77.021886312158,77.01346588134766,77.01346588134766,11535000
2022-02-24,77.01346588134766,77.03031317077813,77.01346588134766,77.021886312158,8393400
2022-02-25,77.01346588134766,77.021886312158,77.01346588134766,77.021886312158,1846500
2022-02-28,77.01346588134766,77.021886312158,77.01346588134766,77.021886312158,1769300
2022-03-01,77.0320053100586,77.04042776791674,77.0320053100586,77.04042776791674,4195900
2022-03-02,77.0320053100586,77.04042776791674,77.0320053100586,77.04042776791674,2298700
2022-03-03,77.0404281616211,77.0404281616211,77.0320057037199,77.0404281616211,2265500
2022-03-04,77.0404281616211,77.0404281616211,77.0320057037199,77.0320057037199,1231700
2022-03-07,77.0404281616211,77.0404281616211,77.02357681646153,77.02357681646153,15932100
2022-03-08,77.0404281616211,77.0404281616211,77.0320057037199,77.0404281616211,7738700
2022-03-09,77.0404281616211,77.0404281616211,77.0320057037199,77.0404281616211,2580700
2022-03-10,77.0404281616211,77.0404281616211,77.0320057037199,77.0404281616211,2353100
2022-03-11,77.0320053100586,77.04042776791674,77.0320053100586,77.04042776791674,805100
2022-03-14,77.0404281616211,77.0404281616211,77.0320057037199,77.0320057037199,3886800
2022-03-15,77.02357482910156,77.04042617382632,77.02357482910156,77.04042617382632,6259700
2022-03-16,77.0404281616211,77.0404281616211,77.02357681646153,77.0320057037199,1773200
2022-03-17,77.0404281616211,77.0404281616211,77.0320057037199,77.0320057037199,5463400
2022-03-18,77.0320053100586,77.04042776791674,77.0320053100586,77.04042776791674,3115300
2022-03-21,77.0320053100586,77.04042776791674,77.0320053100586,77.0320053100586,3961400
2022-03-22,77.0320053100586,77.04042776791674,77.0320053100586,77.04042776791674,3440100
2022-03-23,77.04889678955078,77.04889678955078,77.03204543569954,77.03204543569954,2205600
2022-03-24,77.04889678955078,77.04889678955078,77.04046789794492,77.04046789794492,1749600
2022-03-25,77.0320053100586,77.04885665513204,77.0320053100586,77.04885665513204,2840100
2022-03-28,77.0320053100586,77.04042776791674,77.0320053100586,77.04042776791674,2839400
2022-03-29,77.0320053100586,77.04885665513204,77.0320053100586,77.04042776791674,4356400
2022-03-30,77.04889678955078,77.04889678955078,77.03204543569954,77.03204543569954,5278400
2022-03-31,77.04889678955078,77.04889678955078,77.04046789794492,77.04889678955078,4311600
2022-04-01,77.04889678955078,77.04889678955078,77.03204543569954,77.04046789794492,2302500
2022-04-04,77.0404281616211,77.0404281616211,77.0320057037199,77.0320057037199,2478600
2022-04-05,77.0320053100586,77.04042776791674,77.0320053100586,77.0320053100586,2060900
2022-04-06,77.0404281616211,77.0404281616211,77.0320057037199,77.0404281616211,2698700
2022-04-07,77.0404281616211,77.0404281616211,77.0320057037199,77.0320057037199,2615000
2022-04-08,77.0320053100586,77.04042776791674,77.0320053100586,77.0320053100586,4726200
2022-04-11,77.0404281616211,77.0404281616211,77.0320057037199,77.0404281616211,3597100
2022-04-12,77.0404281616211,77.0404281616211,77.0320057037199,77.0320057037199,5780400
2022-04-13,77.0404281616211,77.0404281616211,77.0320057037199,77.0320057037199,3719200
2022-04-14,77.0320053100586,77.04042776791674,77.0320053100586,77.0320053100586,1612700
2022-04-18,77.0404281616211,77.0404281616211,77.0320057037199,77.0320057037199,2689000
2022-04-19,77.0320053100586,77.04042776791674,77.0320053100586,77.0320053100586,3194900
2022-04-20,77.04889678955078,77.04889678955078,77.03204543569954,77.03204543569954,1901700
2022-04-21,77.04889678955078,77.04889678955078,77.04046789794492,77.04889678955078,3573700
2022-04-22,77.0404281616211,77.04885704887946,77.0320057037199,77.0320057037199,2183300
2022-04-25,77.04889678955078,77.04889678955078,77.03204543569954,77.03204543569954,10561900
2022-04-26,77.0404281616211,77.04885704887946,77.0404281616211,77.0404281616211,4266900
2022-04-27,77.0404281616211,77.04885704887946,77.0404281616211,77.0404281616211,7534800
2022-04-28,77.05731964111328,77.05731964111328,77.04046185922293,77.04046185922293,5876900
2022-04-29,77.0404281616211,77.04885704887946,77.0404281616211,77.04885704887946,2678700
2022-05-02,77.04889678955078,77.05732568115666,77.04046789794492,77.05732568115666,7420800
2022-05-03,77.0404281616211,77.05728593613783,77.0404281616211,77.05728593613783,5964300
2022-05-04,77.05731964111328,77.05731964111328,77.04046185922293,77.04046185922293,3019400
2022-05-05,77.05731964111328,77.05731964111328,77.04889075016811,77.05731964111328,4886800
2022-05-06,77.05731964111328,77.05731964111328,77.04889075016811,77.04889075016811,4785800
2022-05-09,77.04889678955078,77.06574814340202,77.04889678955078,77.06574814340202,8826900
2022-05-10,77.04889678955078,77.06574814340202,77.04889678955078,77.05732568115666,8261200
2022-05-11,77.04889678955078,77.06574814340202,77.04889678955078,77.04889678955078,6387100
2022-05-12,77.05731964111328,77.06574210269847,77.04889075016811,77.05731964111328,9010900
2022-05-13,77.06573486328125,77.06573486328125,77.04888351233387,77.04888351233387,14920600
2022-05-16,77.05731964111328,77.05731964111328,77.04889075016811,77.05731964111328,2700400
2022-05-17,77.05731964111328,77.06574210269847,77.04889075016811,77.04889075016811,2456600
2022-05-18,77.05731964111328,77.06574210269847,77.04889075016811,77.05731964111328,4456300
2022-05-19,77.07415771484375,77.07415771484375,77.05730636521663,77.06572882535075,4009000
2022-05-20,77.07415771484375,77.07415771484375,77.05730636521663,77.06572882535075,3051600
2022-05-23,77.07415771484375,77.07415771484375,77.06572882535075,77.06572882535075,2073200
2022-05-24,77.06573486328125,77.07416375343463,77.06573486328125,77.07416375343463,3355300
2022-05-25,77.07415771484375,77.07415771484375,77.06572882535075,77.06572882535075,1700700
2022-05-26,77.0910415649414,77.0910415649414,77.06575488791083,77.06575488791083,3220500
2022-05-27,77.07415771484375,77.08258660433674,77.06572882535075,77.08258660433674,2958500
2022-05-31,77.06573486328125,77.082592643588,77.05731240248726,77.082592643588,19779300
2022-06-01,77.0665512084961,77.08341469918606,77.0665512084961,77.08341469918606,18526200
2022-06-02,77.08345031738281,77.08345031738281,77.06658681890066,77.07501856814174,1281900
2022-06-03,77.0665512084961,77.08341469918606,77.0665512084961,77.07498295384109,3104000
2022-06-06,77.07501983642578,77.07501983642578,77.06658808704596,77.07501983642578,1593400
2022-06-07,77.0665512084961,77.08341469918606,77.0665512084961,77.07498295384109,1682100
2022-06-08,77.07501983642578,77.0834515858056,77.07501983642578,77.0834515858056,2004600
2022-06-09,77.08345031738281,77.08345031738281,77.07501856814174,77.08345031738281,1762500
2022-06-10,77.0665512084961,77.08341469918606,77.0665512084961,77.08341469918606,7140300
2022-06-13,77.07501983642578,77.07501983642578,77.06658808704596,77.07501983642578,37231500
2022-06-14,77.0665512084961,77.0665512084961,77.05812589468836,77.0665512084961,8434200
2022-06-15,77.07501983642578,77.07501983642578,77.05816276920648,77.06658808704596,2895100
2022-06-16,77.09185791015625,77.09185791015625,77.06656909978766,77.07500084709011,5284100
2022-06-17,77.08345031738281,77.09187563508365,77.08345031738281,77.08345031738281,3422300
2022-06-21,77.10030364990234,77.10030364990234,77.08344658377692,77.09187190106967,5266300
2022-06-22,77.10872650146484,77.10872650146484,77.09186300574531,77.10029475360508,2871200
2022-06-23,77.10872650146484,77.10872650146484,77.10029475360508,77.10872650146484,4669500
2022-06-24,77.09185791015625,77.10872140476116,77.09185791015625,77.10872140476116,3544200
2022-06-27,77.09185791015625,77.1002896574587,77.09185791015625,77.1002896574587,7641900
2022-06-28,77.10872650146484,77.10872650146484,77.10029475360508,77.10029475360508,2885300
2022-06-29,77.11717224121094,77.11717224121094,77.09187699304215,77.09187699304215,1893500
2022-06-30,77.12557220458984,77.12557220458984,77.10871514289263,77.11714688951035,4423500
2022-07-01,77.11967468261719,77.12811131708783,77.10280784894248,77.11967468261719,35879400
2022-07-05,77.11967468261719,77.11967468261719,77.11123804814655,77.11967468261719,9036600
2022-07-06,77.11967468261719,77.11967468261719,77.11123804814655,77.11967468261719,3783200
2022-07-07,77.11967468261719,77.12811131708783,77.11123804814655,77.12811131708783,1840500
2022-07-08,77.11125183105469,77.1196884670333,77.11125183105469,77.1196884670333,1363900
2022-07-11,77.11967468261719,77.11967468261719,77.11123804814655,77.11123804814655,2316900
2022-07-12,77.11125183105469,77.1196884670333,77.11125183105469,77.1196884670333,15559600
2022-07-13,77.11125183105469,77.1196884670333,77.0943849943652,77.11125183105469,12606500
2022-07-14,77.11967468261719,77.11967468261719,77.10280784894248,77.10280784894248,5037600
2022-07-15,77.11125183105469,77.1196884670333,77.11125183105469,77.1196884670333,6939500
2022-07-18,77.11125183105469,77.1196884670333,77.1028216303438,77.11125183105469,3639500
2022-07-19,77.11125183105469,77.1196884670333,77.11125183105469,77.1196884670333,6771200
2022-07-20,77.11125183105469,77.1281251030119,77.11125183105469,77.1196884670333,4695800
2022-07-21,77.13654327392578,77.13654327392578,77.11123980520387,77.11967643986675,3627900
2022-07-22,77.14497375488281,77.14497375488281,77.12810692216922,77.13653712089292,3511300
2022-07-25,77.13654327392578,77.13654327392578,77.12811307452962,77.13654327392578,3172000
2022-07-26,77.13654327392578,77.13654327392578,77.12811307452962,77.13654327392578,1477200
2022-07-27,77.13654327392578,77.14497990858865,77.12811307452962,77.13654327392578,2611200
2022-07-28,77.14497375488281,77.15341038887271,77.14497375488281,77.14497375488281,7732500
2022-07-29,77.1534194946289,77.16185612961452,77.1449828596433,77.1449828596433,6626600
2022-08-01,77.15930938720703,77.16775497647313,77.150870240038,77.150870240038,10760700
2022-08-02,77.16777801513672,77.16777801513672,77.15933242334917,77.15933242334917,3115600
2022-08-03,77.15930938720703,77.17620056573924,77.15930938720703,77.17620056573924,4216500
2022-08-04,77.17620849609375,77.1930932342639,77.17620849609375,77.1846540862277,6491000
2022-08-05,77.19309997558594,77.19309997558594,77.18466082681275,77.19309997558594,1852700
2022-08-08,77.20154571533203,77.20154571533203,77.18466097565477,77.18466097565477,2745500
2022-08-09,77.19309997558594,77.20154556645744,77.18466082681275,77.18466082681275,3834300
2022-08-10,77.20154571533203,77.2099913062198,77.19310012444424,77.19310012444424,3782000
2022-08-11,77.20154571533203,77.21843045500928,77.20154571533203,77.2099913062198,6543700
2022-08-12,77.21842956542969,77.21842956542969,77.20999041673744,77.20999041673744,2110900
2022-08-15,77.20999908447266,77.2184382341123,77.20999908447266,77.20999908447266,5605700
2022-08-16,77.21842956542969,77.22687515622017,77.21842956542969,77.22687515622017,4336300
2022-08-17,77.21842956542969,77.23532074701066,77.21842956542969,77.22687515622017,3673500
2022-08-18,77.25220489501953,77.25220489501953,77.23532015566607,77.24376574639189,2227900
2022-08-19,77.25220489501953,77.25220489501953,77.23532015566607,77.24376574639189,4136800
2022-08-22,77.2606201171875,77.2606201171875,77.24373538447087,77.24373538447087,5597500
2022-08-23,77.24378967285156,77.26067441743511,77.24378967285156,77.26067441743511,6860300
2022-08-24,77.26909637451172,77.26909637451172,77.25220519299492,77.26065078375332,2585800
2022-08-25,77.27754974365234,77.27754974365234,77.2691105934392,77.2691105934392,3997700
2022-08-26,77.27754974365234,77.28599533596488,77.2691105934392,77.2691105934392,5442900
2022-08-29,77.27754974365234,77.28599533596488,77.27754974365234,77.27754974365234,7337600
2022-08-30,77.28598022460938,77.2944258152706,77.27753463394815,77.28598022460938,32133200
2022-08-31,77.3028564453125,77.3028564453125,77.28596526725906,77.29441085628578,9405200
2022-09-01,77.31893157958984,77.31893157958984,77.31047314708113,77.31893157958984,8174900
2022-09-02,77.32737731933594,77.32737731933594,77.31046045709529,77.3189188882156,5871700
2022-09-06,77.32737731933594,77.32737731933594,77.3189188882156,77.3189188882156,7990900
2022-09-07,77.33582305908203,77.33582305908203,77.31891265009826,77.31891265009826,5180700
2022-09-08,77.35273742675781,77.35273742675781,77.33582056642729,77.35273742675781,4564500
2022-09-09,77.35273742675781,77.35273742675781,77.34427899659255,77.34427899659255,1905300
2022-09-12,77.34432220458984,77.3612390743709,77.34432220458984,77.35278063948037,5377000
2022-09-13,77.36124420166016,77.36124420166016,77.34432733075789,77.34432733075789,6223300
2022-09-14,77.36124420166016,77.36124420166016,77.35278576620902,77.36124420166016,4226700
2022-09-15,77.38658905029297,77.38658905029297,77.36967218463843,77.36967218463843,5787100
2022-09-16,77.38658905029297,77.38658905029297,77.3781306174657,77.38658905029297,3512300
2022-09-19,77.38658905029297,77.39504103122638,77.3781306174657,77.38658905029297,5158100
2022-09-20,77.37810516357422,77.39501557177215,77.37810516357422,77.39501557177215,3792700
2022-09-21,77.39503479003906,77.40349322218424,77.38658280978721,77.38658280978721,3739800
2022-09-22,77.42884063720703,77.42884063720703,77.40347179968602,77.4119302294902,10975000
2022-09-23,77.42884063720703,77.42884063720703,77.4119302294902,77.42038865929439,15103200
2022-09-26,77.4119644165039,77.42887483168879,77.4119644165039,77.42887483168879,7695700
2022-09-27,77.43733978271484,77.43733978271484,77.4288813484633,77.4288813484633,5871100
2022-09-28,77.44580841064453,77.44580841064453,77.4288915399148,77.43734997527966,6709900
2022-09-29,77.46269989013672,77.46269989013672,77.45424145683991,77.46269989013672,5973300
2022-09-30,77.46269989013672,77.46269989013672,77.44578947543731,77.46269989013672,9858400
2022-10-03,77.44151306152344,77.46692490691044,77.44151306152344,77.46692490691044,7300900
2022-10-04,77.46693420410156,77.46693420410156,77.4499951260871,77.46693420410156,6583100
2022-10-05,77.46693420410156,77.4754069745239,77.45846789650945,77.46693420410156,6425800
2022-10-06,77.4838638305664,77.49233659924853,77.4838638305664,77.49233659924853,3415600
2022-10-07,77.4838638305664,77.49233659924853,77.4838638305664,77.4838638305664,5033700
2022-10-10,77.49236297607422,77.5008292848092,77.49236297607422,77.5008292848092,5591100
2022-10-11,77.49236297607422,77.5008292848092,77.49236297607422,77.49236297607422,7847100
2022-10-12,77.49236297607422,77.5008292848092,77.49236297607422,77.5008292848092,4389200
2022-10-13,77.51776885986328,77.51776885986328,77.50929608894951,77.50929608894951,5012800
2022-10-14,77.51776885986328,77.51776885986328,77.50929608894951,77.51776885986328,3121700
2022-10-17,77.51776885986328,77.52623516794644,77.51776885986328,77.52623516794644,6373200
2022-10-18,77.51776885986328,77.52623516794644,77.51776885986328,77.51776885986328,4985900
2022-10-19,77.51776885986328,77.52623516794644,77.51776885986328,77.52623516794644,4334600
2022-10-20,77.5516357421875,77.5516357421875,77.53469020423594,77.53469020423594,4561800
2022-10-21,77.56009674072266,77.56009674072266,77.54315766675941,77.55163043515537,4658600
2022-10-24,77.5516357421875,77.56010204833416,77.5516357421875,77.5516357421875,2286700
2022-10-25,77.5516357421875,77.56857481730992,77.5516357421875,77.5516357421875,7035300
2022-10-26,77.56859588623047,77.56859588623047,77.56012311495336,77.56012311495336,8136300
2022-10-27,77.59400177001953,77.59400177001953,77.57706269159883,77.58552899939399,4473800
2022-10-28,77.58554077148438,77.59401354339549,77.58554077148438,77.59401354339549,25494400
2022-10-31,77.58554077148438,77.6024863153066,77.58554077148438,77.59401354339549,6145800
2022-11-01,77.59234619140625,77.60933030831688,77.59234619140625,77.60933030831688,6054500
2022-11-02,77.61778259277344,77.61778259277344,77.60929701550094,77.61778259277344,3264900
2022-11-03,77.64327239990234,77.64327239990234,77.62629476341792,77.63478682043092,8957600
2022-11-04,77.66023254394531,77.66023254394531,77.6432484351615,77.6517404895534,9427700
2022-11-07,77.65174865722656,77.6602407125117,77.65174865722656,77.6602407125117,6503900
2022-11-08,77.66023254394531,77.66872459833722,77.66023254394531,77.66023254394531,5843000
2022-11-09,77.7026596069336,77.7026596069336,77.68568198011472,77.6941740322931,3602500
2022-11-10,77.71119689941406,77.71119689941406,77.70270484229195,77.70270484229195,5835600
2022-11-11,77.7026596069336,77.71115165911198,77.7026596069336,77.71115165911198,6645400
2022-11-14,77.7026596069336,77.71964371129036,77.7026596069336,77.71964371129036,10464400
2022-11-15,77.71968078613281,77.71968078613281,77.71118872990344,77.71968078613281,9800800
2022-11-16,77.72815704345703,77.72815704345703,77.71966498895374,77.71966498895374,7824100
2022-11-17,77.75365447998047,77.75365447998047,77.74516242244633,77.74516242244633,4772400
2022-11-18,77.75365447998047,77.75365447998047,77.74516242244633,77.74516242244633,7062900
2022-11-21,77.76211547851562,77.76211547851562,77.75362990120585,77.76211547851562,3437100
2022-11-22,77.77911376953125,77.77911376953125,77.76212965673517,77.76212965673517,5261000
2022-11-23,77.79607391357422,77.80456596806296,77.78758833662513,77.78758833662513,4144300
2022-11-25,77.79607391357422,77.80456596806296,77.79607391357422,77.80456596806296,2543100
2022-11-28,77.8045654296875,77.81305748411748,77.8045654296875,77.8045654296875,4455700
2022-11-29,77.83003234863281,77.83003234863281,77.81305471791602,77.8215467720441,3754700
2022-11-30,77.83003234863281,77.83003234863281,77.8215467720441,77.8215467720441,5418300
2022-12-01,77.8470687866211,77.85558499557382,77.8470687866211,77.8470687866211,10968000
2022-12-02,77.8555908203125,77.86410053393776,77.8555908203125,77.86410053393776,10316300
2022-12-05,77.86410522460938,77.87262143471226,77.86410522460938,77.86410522460938,8943700
2022-12-06,77.8896713256836,77.8896713256836,77.87263890165741,77.8811551136705,9646800
2022-12-07,77.8896713256836,77.90669725374333,77.8896713256836,77.89818104173024,9798600
2022-12-08,77.94075775146484,77.94075775146484,77.91521561068886,77.91521561068886,3855900
2022-12-09,77.93224334716797,77.94075955961307,77.93224334716797,77.93224334716797,7718900
2022-12-12,77.94075775146484,77.94927396371237,77.94075775146484,77.94927396371237,4383600
2022-12-13,77.94075775146484,77.95778367999328,77.94075775146484,77.94927396371237,6645800
2022-12-14,77.9662857055664,77.9662857055664,77.94074356943806,77.95776949486847,6898400
2022-12-15,77.98331451416016,77.98331451416016,77.97480479911304,77.97480479911304,7768100
2022-12-16,77.98331451416016,77.99183072517295,77.98331451416016,77.99183072517295,4121700
2022-12-19,77.99269104003906,78.00122600629467,77.99269104003906,78.00122600629467,8627100
2022-12-20,78.00122833251953,78.0097698142713,78.00122833251953,78.0097698142713,5204300
2022-12-21,78.0097885131836,78.01832999698274,78.0097885131836,78.01832999698274,6471800
2022-12-22,78.06100463867188,78.06100463867188,78.0439216768208,78.0439216768208,6592400
2022-12-23,78.06100463867188,78.06100463867188,78.05246315774633,78.05246315774633,3683100
2022-12-27,78.06100463867188,78.06953960435644,78.06100463867188,78.06100463867188,4267900
2022-12-28,78.086669921875,78.086669921875,78.06958694966396,78.086669921875,4123200
2022-12-29,78.12078857421875,78.12078857421875,78.11224709257164,78.11224709257164,5637400
2022-12-30,78.11225128173828,78.11225128173828,78.10370979963308,78.11225128173828,6537000
2023-01-03,78.12078857421875,78.12078857421875,78.11224709257164,78.12078857421875,12503100
2023-01-04,78.11225128173828,78.12932773070678,78.11225128173828,78.12079276384347,9074500
2023-01-05,78.13787841796875,78.14641990108018,78.12933693485732,78.13787841796875,6454100
2023-01-06,78.12931823730469,78.14640119943934,78.12931823730469,78.13785971837201,4623500
2023-01-09,78.14643096923828,78.14643096923828,78.13788948491708,78.13788948491708,9734500
2023-01-10,78.13787841796875,78.15495486894898,78.13787841796875,78.14641990108018,5606700
2023-01-11,78.13787841796875,78.15495486894898,78.13787841796875,78.14641990108018,8601300
2023-01-12,78.19762420654297,78.19762420654297,78.1890827268791,78.1890827268791,8086900
2023-01-13,78.20620727539062,78.20620727539062,78.19766579118449,78.19766579118449,5501700
2023-01-17,78.20620727539062,78.21474224435326,78.20620727539062,78.20620727539062,9495400
2023-01-18,78.21472930908203,78.22327079187555,78.21472930908203,78.21472930908203,4944800
2023-01-19,78.24890899658203,78.24890899658203,78.2403740268198,78.2403740268198,6491300
2023-01-20,78.2574234008789,78.2574234008789,78.24888191882833,78.2574234008789,4532400
2023-01-23,78.2574234008789,78.26596488292947,78.2574234008789,78.26596488292947,9166400
2023-01-24,78.2659683227539,78.27450980517987,78.2659683227539,78.27450980517987,5073700
2023-01-25,78.27452087402344,78.29159732604805,78.27452087402344,78.28305584241421,7570300
2023-01-26,78.31721496582031,78.31721496582031,78.30867348221875,78.30867348221875,5116500
2023-01-27,78.32573699951172,78.32573699951172,78.3171955180312,78.32573699951172,5232100
2023-01-30,78.32573699951172,78.33427848099225,78.32573699951172,78.32573699951172,4281500
2023-01-31,78.33428192138672,78.3428168880007,78.33428192138672,78.33428192138672,7362600
2023-02-01,78.33942413330078,78.35656336170635,78.33942413330078,78.35656336170635,9424000
2023-02-02,78.37374114990234,78.38230749800785,78.37374114990234,78.37374114990234,11984500
2023-02-03,78.390869140625,78.390869140625,78.3822962545522,78.390869140625,8934700
2023-02-06,78.3994140625,78.3994140625,78.39084117948505,78.3994140625,5928200
2023-02-07,78.40799713134766,78.40799713134766,78.39942424721903,78.40799713134766,4283200
2023-02-08,78.40799713134766,78.41656347628168,78.40799713134766,78.41656347628168,4101500
2023-02-09,78.43373107910156,78.44229742642031,78.43373107910156,78.43373107910156,4909400
2023-02-10,78.44229125976562,78.45086414560684,78.44229125976562,78.44229125976562,4580800
2023-02-13,78.45941162109375,78.45941162109375,78.45083873802899,78.45941162109375,8904000
2023-02-14,78.45941162109375,78.46798450415851,78.45941162109375,78.45941162109375,4056600
2023-02-15,78.4765625,78.4765625,78.46799615485713,78.4765625,4895700
2023-02-16,78.5194320678711,78.5194320678711,78.51085918225763,78.5194320678711,5556400
2023-02-17,78.52799224853516,78.52799224853516,78.51941936430869,78.52799224853516,4398600
2023-02-21,78.52799224853516,78.54513147779342,78.52799224853516,78.53655859356695,17021300
2023-02-22,78.5537109375,78.5537109375,78.53656516761184,78.53656516761184,18697200
2023-02-23,78.57942199707031,78.57942199707031,78.57084911224145,78.57942199707031,4863200
2023-02-24,78.58799743652344,78.58799743652344,78.5794245514159,78.58799743652344,7735500
2023-02-27,78.59654998779297,78.59654998779297,78.58798364338428,78.58798364338428,7477400
2023-02-28,78.60514831542969,78.60514831542969,78.59657542905181,78.60514831542969,8086900
2023-03-01,78.60943603515625,78.61803282387366,78.60943603515625,78.61803282387366,11005600
2023-03-02,78.63521575927734,78.64381254754821,78.63521575927734,78.64381254754821,9631700
2023-03-03,78.65240478515625,78.65240478515625,78.64380799738278,78.64380799738278,7068300
2023-03-06,78.66100311279297,78.66100311279297,78.65241288156297,78.66100311279297,6131200
2023-03-07,78.66100311279297,78.6781966901098,78.66100311279297,78.66959990145138,4330700
2023-03-08,78.6781997680664,78.6781997680664,78.66960297907167,78.6781997680664,8207000
2023-03-09,78.69535827636719,78.7039550622472,78.69535827636719,78.69535827636719,6450500
2023-03-10,78.71257019042969,78.72116042088517,78.71257019042969,78.71257019042969,13475700
2023-03-13,78.72977447509766,78.75555828697445,78.72977447509766,78.75555828697445,21685200
2023-03-14,78.73834228515625,78.75552930093866,78.73834228515625,78.74693907176088,35715200
2023-03-15,78.7813491821289,78.7813491821289,78.76415560247676,78.77275239230283,11411700
2023-03-16,78.81571197509766,78.81571197509766,78.80712174392721,78.80712174392721,9320200
2023-03-17,78.8328857421875,78.8328857421875,78.8071019402987,78.8071019402987,8580300
2023-03-20,78.84151458740234,78.84151458740234,78.82432100753402,78.83291779746818,8169600
2023-03-21,78.84151458740234,78.85010481990712,78.83291779746818,78.83291779746818,7888500
2023-03-22,78.8586654663086,78.8586654663086,78.85006868031462,78.85006868031462,8202600
2023-03-23,78.89306640625,78.89306640625,78.87587282982633,78.87587282982633,5769500
2023-03-24,78.9102554321289,78.9102554321289,78.89306841269621,78.90166520112669,7374800
2023-03-27,78.90167999267578,78.9102702252884,78.90167999267578,78.90167999267578,6188600
2023-03-28,78.91886901855469,78.927465808815,78.91886901855469,78.91886901855469,6215000
2023-03-29,78.91886901855469,78.93605604164567,78.91886901855469,78.91886901855469,4705700
2023-03-30,78.93603515625,78.94463194423572,78.91884813770648,78.93603515625,9284700
2023-03-31,78.91886901855469,78.93605604164567,78.91886901855469,78.93605604164567,11615500
2023-04-03,78.93785095214844,78.94648271259916,78.93785095214844,78.94648271259916,12494900
2023-04-04,78.94645690917969,78.95508208270721,78.94645690917969,78.94645690917969,10265800
2023-04-05,78.98961639404297,78.99824815318753,78.98961639404297,78.98961639404297,6913900
2023-04-06,78.99825286865234,79.00688462831215,78.99825286865234,79.00688462831215,4941400
2023-04-10,79.00686645507812,79.01549162865048,79.00686645507812,79.01549162865048,5741900
2023-04-11,79.0154800415039,79.02411179791243,79.0154800415039,79.0154800415039,7722600
2023-04-12,79.03276062011719,79.04138579428718,79.02412886184479,79.03276062011719,8786200
2023-04-13,79.07591247558594,79.07591247558594,79.06728730073617,79.06728730073617,8673900
2023-04-14,79.07591247558594,79.08454423453865,79.06728730073617,79.07591247558594,9391100
2023-04-17,79.09319305419922,79.09319305419922,79.0845612933846,79.0845612933846,5173800
2023-04-18,79.10182189941406,79.1104470758064,79.09319013891759,79.09319013891759,4540700
2023-04-19,79.11042785644531,79.11905961484474,79.11042785644531,79.11905961484474,5901900
2023-04-20,79.17084503173828,79.17084503173828,79.14495633801516,79.1535880972906,6034400
2023-04-21,79.1622314453125,79.1622314453125,79.15359968477344,79.1622314453125,5880900
2023-04-24,79.17084503173828,79.17947679101371,79.16221985656604,79.17947679101371,8195900
2023-04-25,79.1622314453125,79.17948838228646,79.1622314453125,79.1708566217474,4222500
2023-04-26,79.17945098876953,79.17945098876953,79.17081923230694,79.17081923230694,7365200
2023-04-27,79.20536041259766,79.21399217132033,79.19672865387498,79.20536041259766,5585400
2023-04-28,79.20536041259766,79.20536041259766,79.19672865387498,79.19672865387498,6539100
2023-05-01,79.20796966552734,79.22529322991682,79.20796966552734,79.21663475248445,11273300
2023-05-02,79.19065856933594,79.21664722477432,79.19065856933594,79.21664722477432,5495900
2023-05-03,79.19929504394531,79.20796012985926,79.19929504394531,79.20796012985926,5533100
2023-05-04,79.22527313232422,79.2339382170832,79.21661465708831,79.2339382170832,8052700
2023-05-05,79.24259948730469,79.25992304646567,79.23393440296282,79.24259948730469,7170200
2023-05-08,79.25126647949219,79.25992495451973,79.25126647949219,79.25126647949219,5508600
2023-05-09,79.25994110107422,79.2686061873899,79.25994110107422,79.2686061873899,6850300
2023-05-10,79.26859283447266,79.28591639466158,79.26859283447266,79.2772579193287,4831800
2023-05-11,79.32059478759766,79.32925987514793,79.3119363095726,79.32059478759766,6159800
2023-05-12,79.33792877197266,79.33792877197266,79.32926368400635,79.33792877197266,4328600
2023-05-15,79.3465805053711,79.3465805053711,79.33792202766635,79.33792202766635,4056100
2023-05-16,79.33792877197266,79.35525233837974,79.33792877197266,79.34658725041344,8530400
2023-05-17,79.35523223876953,79.36389732454109,79.35523223876953,79.35523223876953,5415400
2023-05-18,79.3985595703125,79.3985595703125,79.38122939691144,79.38989448361197,6434000
2023-05-19,79.3985595703125,79.40722465701302,79.38989448361197,79.40722465701302,6447400
2023-05-22,79.4072036743164,79.4072036743164,79.39853858990556,79.4072036743164,8404900
2023-05-23,79.4072036743164,79.41586214920444,79.4072036743164,79.4072036743164,5050500
2023-05-24,79.4072036743164,79.4245272336153,79.4072036743164,79.41586214920444,4762100
2023-05-25,79.4592056274414,79.46787071454207,79.4592056274414,79.46787071454207,5264000
2023-05-26,79.4765396118164,79.49386978828979,79.4765396118164,79.4852047000531,5923200
2023-05-30,79.48519134521484,79.50251490925186,79.48519134521484,79.49385643199567,11529300
2023-05-31,79.50251770019531,79.5111827872803,79.50251770019531,79.50251770019531,9807400
2023-06-01,79.54685974121094,79.54685974121094,79.53816611999724,79.54685974121094,10700500
2023-06-02,79.5555648803711,79.5555648803711,79.53817100052434,79.5555648803711,10257500
2023-06-05,79.5555648803711,79.5642651384707,79.54686462227147,79.5642651384707,9596600
2023-06-06,79.5729751586914,79.58166878150509,79.56427489952443,79.5729751586914,6120900
2023-06-07,79.58167266845703,79.59907318764085,79.58167266845703,79.58167266845703,6483100
2023-06-08,79.62516784667969,79.62516784667969,79.61646758703132,79.61646758703132,8802000
2023-06-09,79.63386535644531,79.63386535644531,79.62516509709738,79.62516509709738,6452300
2023-06-12,79.64256286621094,79.65126312598346,79.64256286621094,79.64256286621094,3776900
2023-06-13,79.65998077392578,79.65998077392578,79.65128051225416,79.65128051225416,6784200
2023-06-14,79.6773681640625,79.6773681640625,79.65997427849275,79.6686679031003,5756300
2023-06-15,79.71216583251953,79.72086609383766,79.71216583251953,79.71216583251953,9827300
2023-06-16,79.7208480834961,79.72954834284867,79.7208480834961,79.72954834284867,4765300
2023-06-20,79.73823547363281,79.73823547363281,79.7295418513415,79.7295418513415,6174300
2023-06-21,79.73823547363281,79.75563599092123,79.73823547363281,79.74693573227702,4945300
2023-06-22,79.77302551269531,79.78172577086411,79.77302551269531,79.77302551269531,4698400
2023-06-23,79.78173065185547,79.79043091055654,79.78173065185547,79.78173065185547,3851500
2023-06-26,79.79042053222656,79.80781441101334,79.79042053222656,79.79911415344392,7241300
2023-06-27,79.8078384399414,79.81653870013035,79.8078384399414,79.8078384399414,5476300
2023-06-28,79.81654357910156,79.82523720346785,79.81654357910156,79.82523720346785,4486800
2023-06-29,79.84262084960938,79.86001473102012,79.84262084960938,79.85132110849128,5728000
2023-06-30,79.86870574951172,79.87740600738705,79.86870574951172,79.86870574951172,8054800
2023-07-03,79.88880920410156,79.88880920410156,79.880073457493,79.880073457493,7158200
2023-07-05,79.89754486083984,79.90627394401632,79.88880911424111,79.89754486083984,7981500
2023-07-06,79.92374420166016,79.93247328470169,79.92374420166016,79.92374420166016,7570000
2023-07-07,79.93248748779297,79.9412232358089,79.93248748779297,79.93248748779297,6491000
2023-07-10,79.949951171875,79.949951171875,79.94121542471264,79.94121542471264,4186000
2023-07-11,79.95867919921875,79.96740828211564,79.95867919921875,79.95867919921875,5567400
2023-07-12,79.97615814208984,79.97615814208984,79.96742239422927,79.96742239422927,7188100
2023-07-13,80.01109313964844,80.01109313964844,80.00235739193313,80.00235739193313,5902600
2023-07-14,80.01979064941406,80.01979064941406,80.01105490587318,80.01105490587318,6505800
2023-07-17,80.0285415649414,80.0285415649414,80.01981248243877,80.0285415649414,3932600
2023-07-18,80.0285415649414,80.03727731086579,80.0285415649414,80.03727731086579,4775800
2023-07-19,80.0460205078125,80.05475625455004,80.0460205078125,80.0460205078125,5132100
2023-07-20,80.08968353271484,80.08968353271484,80.07221870318153,80.08095444965927,5047600
2023-07-21,80.08968353271484,80.09841927919258,80.08968353271484,80.08968353271484,4087100
2023-07-24,80.09841918945312,80.10715493592109,80.09841918945312,80.09841918945312,3752400
2023-07-25,80.10714721679688,80.11588296242306,80.10714721679688,80.11588296242306,4170500
2023-07-26,80.1158676147461,80.12459669527851,80.1158676147461,80.12459669527851,4700000
2023-07-27,80.1595687866211,80.1595687866211,80.15083303876924,80.15083303876924,4727800
2023-07-28,80.16828918457031,80.17702493074952,80.16828918457031,80.16828918457031,3709200
2023-07-31,80.17704010009766,80.18576918450644,80.17704010009766,80.17704010009766,6716600
2023-08-01,80.19805908203125,80.19805908203125,80.18928568260348,80.19805908203125,13360200
2023-08-02,80.20684051513672,80.20684051513672,80.1980671148302,80.20684051513672,8208300
2023-08-03,80.24193572998047,80.24193572998047,80.23316232876581,80.24193572998047,5681100
2023-08-04,80.25946044921875,80.25946044921875,80.25068704968653,80.25068704968653,6200000
2023-08-07,80.25946044921875,80.26823384875095,80.25946044921875,80.26823384875095,5978000
2023-08-08,80.27703094482422,80.27703094482422,80.26826423411644,80.27703094482422,6517900
2023-08-09,80.28581237792969,80.29458578166057,80.28581237792969,80.28581237792969,4293000
2023-08-10,80.32966613769531,80.32966613769531,80.31211933166794,80.31211933166794,5120600
2023-08-11,80.3384017944336,80.3384017944336,80.32963508695431,80.32963508695431,3669100
2023-08-14,80.34720611572266,80.34720611572266,80.33843271272382,80.33843271272382,6596100
2023-08-15,80.35597229003906,80.35597229003906,80.34719888782945,80.34719888782945,4853100
2023-08-16,80.37350463867188,80.37350463867188,80.36473792945418,80.36473792945418,7890300
2023-08-17,80.4085922241211,80.4085922241211,80.39982551483011,80.39982551483011,5621700
2023-08-18,80.41734313964844,80.41734313964844,80.40856974066614,80.41734313964844,6774400
2023-08-21,80.42615509033203,80.42615509033203,80.41738168714426,80.42615509033203,5959700
2023-08-22,80.43490600585938,80.44367940732425,80.43490600585938,80.44367940732425,5775600
2023-08-23,80.45244598388672,80.45244598388672,80.44367258316609,80.44367258316609,9529300
2023-08-24,80.47876739501953,80.4875407966015,80.47876739501953,80.47876739501953,6746700
2023-08-25,80.49628448486328,80.49628448486328,80.48751777793312,80.48751777793312,4883000
2023-08-28,80.51384735107422,80.51384735107422,80.50507395025046,80.50507395025046,4264100
2023-08-29,80.50508880615234,80.52263561103783,80.50508880615234,80.52263561103783,9168200
2023-08-30,80.52263641357422,80.53140312395907,80.51386301104404,80.52263641357422,6427000
2023-08-31,80.57524871826172,80.57524871826172,80.56647531733499,80.56647531733499,7771500
2023-09-01,80.58847045898438,80.58847045898438,80.57965820524677,80.58847045898438,21540500
2023-09-05,80.60608673095703,80.60608673095703,80.59728119916491,80.60608673095703,8316300
2023-09-06,80.60608673095703,80.61489898452915,80.60608673095703,80.61489898452915,6524800
2023-09-07,80.65013885498047,80.65013885498047,80.641326601673,80.641326601673,6808100
2023-09-08,80.65895080566406,80.65895080566406,80.65013855238965,80.65013855238965,6393300
2023-09-11,80.65895080566406,80.6765685904331,80.65895080566406,80.6765685904331,8027100
2023-09-12,80.6854019165039,80.6854019165039,80.67658966092797,80.67658966092797,9948400
2023-09-13,80.69418334960938,80.69418334960938,80.68537781844489,80.68537781844489,4696200
2023-09-14,80.72061157226562,80.72941710249893,80.72061157226562,80.72061157226562,4214800
2023-09-15,80.7382583618164,80.7382583618164,80.72944610663828,80.7382583618164,4688800
2023-09-18,80.74706268310547,80.75587493741774,80.74706268310547,80.75587493741774,7376200
2023-09-19,80.7558822631836,80.76468779651411,80.7558822631836,80.7558822631836,4357400
2023-09-20,80.76467895507812,80.77349120922511,80.76467895507812,80.76467895507812,5946200
2023-09-21,80.80873107910156,80.80873107910156,80.79991882521902,80.79991882521902,7522700
2023-09-22,80.81752014160156,80.82632567117705,80.81752014160156,80.81752014160156,15684400
2023-09-25,80.82633972167969,80.83515197456536,80.82633972167969,80.83515197456536,7492000
2023-09-26,80.83515930175781,80.84397155544225,80.83515930175781,80.83515930175781,7130600
2023-09-27,80.86161041259766,80.86161041259766,80.84399262241787,80.86161041259766,7669700
2023-09-28,80.88801574707031,80.89682800035894,80.87921021556147,80.87921021556147,8426400
2023-09-29,80.89683532714844,80.90564758123519,80.89683532714844,80.89683532714844,9081500
2023-10-02,80.90921020507812,80.91805368312815,80.90921020507812,80.91805368312815,22550400
2023-10-03,80.9269027709961,80.9269027709961,80.91805254232423,80.9269027709961,10648800
2023-10-04,80.93576049804688,80.93576049804688,80.92691026855508,80.92691026855508,26575700
2023-10-05,80.9888687133789,80.9888687133789,80.98001848166443,80.98001848166443,8295300
2023-10-06,80.9888687133789,80.99771894509338,80.9888687133789,80.99771894509338,9856100
2023-10-09,80.9977035522461,81.00655378227867,80.98885332221352,80.9977035522461,5972300
2023-10-10,80.9977035522461,81.0153972615637,80.9977035522461,81.00655378227867,8463700
2023-10-11,81.01539611816406,81.01539611816406,81.00655263900384,81.00655263900384,6839400
2023-10-12,81.0508041381836,81.0508041381836,81.04195390676347,81.0508041381836,7528700
2023-10-13,81.06846618652344,81.06846618652344,81.05961595929702,81.05961595929702,15013900
2023-10-16,81.07733154296875,81.08618177258354,81.06848806410119,81.08618177258354,8181800
2023-10-17,81.08619689941406,81.09504713067989,81.08619689941406,81.08619689941406,5363200
2023-10-18,81.09503936767578,81.1038895980944,81.09503936767578,81.09503936767578,6069500
2023-10-19,81.13043975830078,81.13928323864953,81.13043975830078,81.13043975830078,4551500
2023-10-20,81.14812469482422,81.14812469482422,81.13927446468414,81.14812469482422,4887100
2023-10-23,81.156982421875,81.16583265283263,81.156982421875,81.16583265283263,14352700
2023-10-24,81.16580200195312,81.17464547882291,81.16580200195312,81.17464547882291,12544200
2023-10-25,81.17467498779297,81.18352521862575,81.17467498779297,81.18352521862575,12376000
2023-10-26,81.2100601196289,81.21891034947642,81.2100601196289,81.21891034947642,9920000
2023-10-27,81.23660278320312,81.24545301291171,81.22775930424184,81.22775930424184,28351200
2023-10-30,81.2454605102539,81.2454605102539,81.23661027972862,81.23661027972862,25136900
2023-10-31,81.2454605102539,81.25431074077919,81.2454605102539,81.2454605102539,16748400
2023-11-01,81.27033233642578,81.27033233642578,81.26144260639711,81.27033233642578,25791900
2023-11-02,81.29698944091797,81.30587917036657,81.29698944091797,81.29698944091797,11970800
2023-11-03,81.30590057373047,81.31478352464069,81.30590057373047,81.30590057373047,13721100
2023-11-06,81.31477355957031,81.32366329026966,81.31477355957031,81.32366329026966,28039200
2023-11-07,81.33255004882812,81.34143299832513,81.33255004882812,81.33255004882812,6951000
2023-11-08,81.3414306640625,81.35032039418188,81.3414306640625,81.35032039418188,9180800
2023-11-09,81.3858871459961,81.3858871459961,81.37699741428064,81.37699741428064,11886800
2023-11-10,81.394775390625,81.40365834129967,81.394775390625,81.394775390625,5556400
2023-11-13,81.40364074707031,81.41253047670197,81.40364074707031,81.40364074707031,6166700
2023-11-14,81.41255187988281,81.42144161185156,81.41255187988281,81.41255187988281,11126500
2023-11-15,81.43031311035156,81.43919605945258,81.43031311035156,81.43919605945258,10552700
2023-11-16,81.46586608886719,81.47474903805976,81.46586608886719,81.46586608886719,7802900
2023-11-17,81.48362731933594,81.48362731933594,81.47473759051518,81.47473759051518,6783200
2023-11-20,81.48362731933594,81.49251704815671,81.48362731933594,81.49251704815671,8494100
2023-11-21,81.51033020019531,81.51921993343042,81.51033020019531,81.51921993343042,13067100
2023-11-22,81.5458755493164,81.55476528180989,81.5458755493164,81.55476528180989,7626700
2023-11-24,81.55477142333984,81.56365437562317,81.55477142333984,81.55477142333984,2839000
2023-11-27,81.56364440917969,81.57253414125637,81.56364440917969,81.56364440917969,9166000
2023-11-28,81.5814208984375,81.59031063019,81.5814208984375,81.5814208984375,7244700
2023-11-29,81.59032440185547,81.5992073542288,81.59032440185547,81.59032440185547,6942200
2023-11-30,81.62586975097656,81.63475948422716,81.62586975097656,81.62586975097656,18629900
2023-12-01,81.64281463623047,81.65173829816399,81.64281463623047,81.65173829816399,21247800
2023-12-04,81.64281463623047,81.66066877205319,81.64281463623047,81.65173829816399,15503000
2023-12-05,81.66067504882812,81.66960552340375,81.66067504882812,81.66960552340375,6463400
2023-12-06,81.66960144042969,81.67853191455885,81.66960144042969,81.66960144042969,6941700
2023-12-07,81.70531463623047,81.71423829819749,81.70531463623047,81.70531463623047,7369300
2023-12-08,81.72319793701172,81.73212841412149,81.72319793701172,81.72319793701172,5730100
2023-12-11,81.74103546142578,81.74103546142578,81.7321049868758,81.74103546142578,5613500
2023-12-12,81.74103546142578,81.74995912401958,81.74103546142578,81.74995912401958,7885900
2023-12-13,81.74994659423828,81.75887706741949,81.74994659423828,81.74994659423828,6781800
2023-12-14,81.78567504882812,81.79460552346967,81.78567504882812,81.78567504882812,13475400
2023-12-15,81.81245422363281,81.81245422363281,81.80353056154057,81.80353056154057,6917600
2023-12-18,81.82231140136719,81.82231140136719,81.81333970772131,81.82231140136719,8910900
2023-12-19,81.82231140136719,81.8402479452618,81.82231140136719,81.83128309501306,6977300
2023-12-20,81.84027862548828,81.84925032249745,81.84027862548828,81.84027862548828,8098700
2023-12-21,81.89408874511719,81.89408874511719,81.88511704955619,81.88511704955619,5055200
2023-12-22,81.90303802490234,81.90303802490234,81.89407317444444,81.89407317444444,7471600
2023-12-26,81.92097473144531,81.92097473144531,81.91200303832181,81.92097473144531,4638800
2023-12-27,81.92097473144531,81.92993958117208,81.92097473144531,81.92097473144531,4717700
2023-12-28,81.97479248046875,81.97479248046875,81.96582078720549,81.96582078720549,5605100
2023-12-29,81.97479248046875,81.98376417373201,81.97479248046875,81.98376417373201,5588600
2024-01-02,81.98380279541016,81.9927744928999,81.98380279541016,81.98380279541016,9445500
2024-01-03,82.01068115234375,82.01068115234375,81.99274460730206,81.99274460730206,6793500
2024-01-04,82.03759002685547,82.04656172114458,82.03759002685547,82.03759002685547,5840200
2024-01-05,82.04656982421875,82.05554151939391,82.04656982421875,82.05554151939391,4991800
2024-01-08,82.05555725097656,82.06452210447216,82.05555725097656,82.05555725097656,4889900
2024-01-09,82.06449127197266,82.07346296549711,82.06449127197266,82.07346296549711,5080800
2024-01-10,82.08246612548828,82.09143097905238,82.08246612548828,82.08246612548828,8798600
2024-01-11,82.1272964477539,82.13626814313632,82.1272964477539,82.1272964477539,5947100
2024-01-12,82.1452407836914,82.1452407836914,82.13626908820575,82.13626908820575,5049200
2024-01-16,82.15418243408203,82.16315412703392,82.15418243408203,82.15418243408203,6485200
2024-01-17,82.17214965820312,82.17214965820312,82.16317796264855,82.16317796264855,5915700
2024-01-18,82.20801544189453,82.20801544189453,82.19904374788474,82.19904374788474,5270500
2024-01-19,82.21698760986328,82.21698760986328,82.20801591580178,82.21698760986328,5444600
2024-01-22,82.22595977783203,82.23493147269193,82.22595977783203,82.22595977783203,6114000
2024-01-23,82.23493194580078,82.24390364071229,82.23493194580078,82.23493194580078,4961800
2024-01-24,82.24391174316406,82.25287659556066,82.24391174316406,82.24391174316406,6486100
2024-01-25,82.28874969482422,82.28874969482422,82.27978484317285,82.28874969482422,6059500
2024-01-26,82.29772186279297,82.29772186279297,82.28875016769183,82.29772186279297,5612900
2024-01-29,82.30670166015625,82.31566651274163,82.30670166015625,82.30670166015625,5646100
2024-01-30,82.31566619873047,82.32463789468055,82.31566619873047,82.31566619873047,30704200
2024-01-31,82.32463836669922,82.33361006270074,82.32463836669922,82.33361006270074,10964400
2024-02-01,82.3660888671875,82.375100427657,82.3660888671875,82.3660888671875,14759200
2024-02-02,82.38406372070312,82.38406372070312,82.37505216551334,82.38406372070312,8157700
2024-02-05,82.38406372070312,82.39306840209031,82.38406372070312,82.39306840209031,6923400
2024-02-06,82.4021224975586,82.4021224975586,82.39311093771659,82.4021224975586,5037900
2024-02-07,82.4111328125,82.42014437220588,82.4111328125,82.42014437220588,8475400
2024-02-08,82.44715118408203,82.45615586768903,82.44715118408203,82.45615586768903,5406300
2024-02-09,82.45616912841797,82.4651806872785,82.45616912841797,82.45616912841797,5087000
2024-02-12,82.47419738769531,82.47419738769531,82.46518582827298,82.47419738769531,7216800
2024-02-13,82.47419738769531,82.48320894711763,82.47419738769531,82.47419738769531,7655100
2024-02-14,82.49219512939453,82.50120668679553,82.49219512939453,82.49219512939453,6028000
2024-02-15,82.5372543334961,82.5462658918023,82.5372543334961,82.5462658918023,4800600
2024-02-16,82.5552978515625,82.5552978515625,82.54629316408621,82.54629316408621,6052600
2024-02-20,82.56428527832031,82.57329683696965,82.56428527832031,82.57329683696965,4841100
2024-02-21,82.57330322265625,82.58231478200248,82.57330322265625,82.57330322265625,5127600
2024-02-22,82.61833190917969,82.61833190917969,82.6093272253136,82.6093272253136,7474000
2024-02-23,82.62737274169922,82.62737274169922,82.61836118083586,82.61836118083586,5608600
2024-02-26,82.62737274169922,82.63638430256258,82.62737274169922,82.63638430256258,4644800
2024-02-27,82.6453628540039,82.65436753746378,82.6453628540039,82.6453628540039,6027500
2024-02-28,82.65438079833984,82.66339235704969,82.65438079833984,82.65438079833984,3917600
2024-02-29,82.6904296875,82.69944124724822,82.6904296875,82.6904296875,13028900
2024-03-01,82.71302795410156,82.71302795410156,82.7039883045565,82.7039883045565,13095400
2024-03-04,82.72208404541016,82.72208404541016,82.71303749432582,82.72208404541016,8628300
2024-03-05,82.72208404541016,82.73113059649448,82.72208404541016,82.73113059649448,10329500
2024-03-06,82.74018859863281,82.74922825047157,82.74018859863281,82.74922825047157,6752000
2024-03-07,82.77633666992188,82.78538321959844,82.77633666992188,82.78538321959844,4388600
2024-03-08,82.785400390625,82.79444694217798,82.785400390625,82.785400390625,4298900
2024-03-11,82.79444122314453,82.80348777407262,82.79444122314453,82.80348777407262,5117900
2024-03-12,82.82157135009766,82.82157135009766,82.81252479945633,82.81252479945633,4136600
2024-03-13,82.82157135009766,82.83061790073897,82.82157135009766,82.83061790073897,4478400
2024-03-14,82.85774993896484,82.8667964895283,82.85774993896484,82.85774993896484,4603000
2024-03-15,82.87583923339844,82.87583923339844,82.86679958299376,82.87583923339844,4445600
2024-03-18,82.88487243652344,82.88487243652344,82.87582588707912,82.88487243652344,5594400
2024-03-19,82.90296936035156,82.90296936035156,82.89392281048987,82.89392281048987,5681900
2024-03-20,82.91201782226562,82.91201782226562,82.90297817193881,82.90297817193881,4398200
2024-03-21,82.93913269042969,82.94817923930225,82.93913269042969,82.93913269042969,7534900
2024-03-22,82.94821166992188,82.95725822233142,82.94821166992188,82.94821166992188,4686400
2024-03-25,82.96626281738281,82.97530246472321,82.96626281738281,82.97530246472321,4050000
2024-03-26,82.97533416748047,82.98438071877149,82.97533416748047,82.97533416748047,4276000
2024-03-27,83.02960205078125,83.02960205078125,83.02055549998315,83.02055549998315,5350700
2024-03-28,83.02960205078125,83.03864170108294,83.02960205078125,83.02960205078125,10199200
2024-04-01,83.05230712890625,83.0613937675717,83.05230712890625,83.05230712890625,14208200
2024-04-02,83.0704574584961,83.0704574584961,83.06137082234076,83.0704574584961,8902500
2024-04-03,83.0704574584961,83.07953716357883,83.0704574584961,83.07953716357883,8433900
2024-04-04,83.1068344116211,83.11591412078332,83.1068344116211,83.1068344116211,6620400
2024-04-05,83.1249771118164,83.1249771118164,83.11589047416366,83.1249771118164,5463200
2024-04-08,83.13404846191406,83.14312816682343,83.13404846191406,83.14312816682343,4983800
2024-04-09,83.14314270019531,83.15222933776546,83.14314270019531,83.14314270019531,5562500
2024-04-10,83.16133880615234,83.16133880615234,83.15225216608759,83.15225216608759,4799700
2024-04-11,83.18856048583984,83.1976471224847,83.18856048583984,83.18856048583984,5081500
2024-04-12,83.19766235351562,83.20674206074975,83.19766235351562,83.19766235351562,7030200
2024-04-15,83.21582794189453,83.21582794189453,83.20674130366886,83.20674130366886,7376700
2024-04-16,83.22491455078125,83.23400118900372,83.22491455078125,83.23400118900372,8427000
2024-04-17,83.23400115966797,83.24308086681307,83.23400115966797,83.24308086681307,10975300
2024-04-18,83.2794189453125,83.2794189453125,83.27033923833567,83.27033923833567,7379200
2024-04-19,83.28850555419922,83.28850555419922,83.27941891615153,83.28850555419922,6855100
2024-04-22,83.30667877197266,83.30667877197266,83.29759906424992,83.30667877197266,6628400
2024-04-23,83.31576538085938,83.31576538085938,83.3066787420653,83.31576538085938,5991900
2024-04-24,83.31576538085938,83.32485201965345,83.31576538085938,83.31576538085938,7103500
2024-04-25,83.36119842529297,83.36119842529297,83.35211178575969,83.36119842529297,5351100
2024-04-26,83.36119842529297,83.37027813375109,83.36119842529297,83.37027813375109,6842800
2024-04-29,83.37936401367188,83.38845065312238,83.37936401367188,83.37936401367188,7880000
2024-04-30,83.38842010498047,83.3975067411022,83.38842010498047,83.38842010498047,13723600
2024-05-01,83.40486145019531,83.41398666134404,83.40486145019531,83.41398666134404,13814700
2024-05-02,83.45048522949219,83.45048522949219,83.44136001783126,83.45048522949219,8928200
2024-05-03,83.45960998535156,83.45960998535156,83.45048477374047,83.45960998535156,7417900
2024-05-06,83.45960998535156,83.46872823646562,83.45960998535156,83.46872823646562,8051000
2024-05-07,83.46871185302734,83.47783706284731,83.46871185302734,83.47783706284731,5471700
2024-05-08,83.4869613647461,83.49607961397123,83.4869613647461,83.4869613647461,4992500
2024-05-09,83.53256225585938,83.53256225585938,83.52344400786079,83.52344400786079,5300400
2024-05-10,83.53256225585938,83.54168746435262,83.53256225585938,83.53256225585938,4157600
2024-05-13,83.55084228515625,83.55084228515625,83.54171707342881,83.54171707342881,4583700
2024-05-14,83.55996704101562,83.56909225345339,83.55996704101562,83.56909225345339,6834400
2024-05-15,83.5690689086914,83.57819411858007,83.5690689086914,83.57819411858007,6416100
2024-05-16,83.60558319091797,83.61470840303356,83.60558319091797,83.61470840303356,8627400
2024-05-17,83.61470794677734,83.62383315884314,83.61470794677734,83.62383315884314,4260500
2024-05-20,83.63294982910156,83.64207504099483,83.63294982910156,83.63294982910156,4460500
2024-05-21,83.64205932617188,83.65118453635068,83.64205932617188,83.65118453635068,3358400
2024-05-22,83.66030883789062,83.66943404872953,83.65119058754817,83.66030883789062,5629600
2024-05-23,83.71505737304688,83.71505737304688,83.70593216174682,83.70593216174682,5210000
2024-05-24,83.72417449951172,83.72417449951172,83.7150562488309,83.7150562488309,4187400
2024-05-28,83.71505737304688,83.72417562385013,83.71505737304688,83.71505737304688,4940900
2024-05-29,83.73332214355469,83.73332214355469,83.72419692993245,83.72419692993245,4961200
2024-05-30,83.75154876708984,83.75154876708984,83.74242355606117,83.74242355606117,5711700
2024-05-31,83.76979064941406,83.77891586027071,83.76979064941406,83.76979064941406,12454800
2024-06-03,83.78353881835938,83.8018631048627,83.78353881835938,83.8018631048627,15275200
2024-06-04,83.8018569946289,83.8110226328793,83.79269834771205,83.8018569946289,8302300
2024-06-05,83.8110122680664,83.82017790518329,83.8110122680664,83.82017790518329,8099300
2024-06-06,83.82017517089844,83.82934080771632,83.82017517089844,83.82934080771632,4720800
2024-06-07,83.85684967041016,83.86600831796459,83.85684967041016,83.85684967041016,5032600
2024-06-10,83.87517547607422,83.87517547607422,83.86600983701976,83.86600983701976,4087500
2024-06-11,83.88433837890625,83.89350401766174,83.88433837890625,83.89350401766174,4831700
2024-06-12,83.90264892578125,83.90264892578125,83.89349027985944,83.90264892578125,6373600
2024-06-13,83.91182708740234,83.92099272602496,83.91182708740234,83.92099272602496,5132600
2024-06-14,83.9576644897461,83.9576644897461,83.93933320896363,83.93933320896363,5226500
2024-06-17,83.96680450439453,83.96680450439453,83.957645857371,83.96680450439453,5347500
2024-06-18,83.98515319824219,83.98515319824219,83.97598755798425,83.97598755798425,6273200
2024-06-20,84.00347137451172,84.00347137451172,83.99431272625532,83.99431272625532,5238800
2024-06-21,84.03096771240234,84.04013335269251,84.03096771240234,84.03096771240234,5343800
2024-06-24,84.04927062988281,84.04927062988281,84.04010499268566,84.04927062988281,5280400
2024-06-25,84.04927062988281,84.0675949129444,84.04927062988281,84.05843626707997,3518000
2024-06-26,84.05844116210938,84.06759980850715,84.05844116210938,84.05844116210938,4098100
2024-06-27,84.0767822265625,84.08594786612271,84.0767822265625,84.0767822265625,4487200
2024-06-28,84.10427856445312,84.11344420471195,84.10427856445312,84.10427856445312,10410800
2024-07-01,84.13371276855469,84.13371276855469,84.12451483610839,84.13371276855469,11882700
2024-07-02,84.1429214477539,84.1429214477539,84.1337164935776,84.1429214477539,8228100
2024-07-03,84.1705322265625,84.1705322265625,84.16132727206492,84.1705322265625,4240100
2024-07-05,84.1981430053711,84.20734796018972,84.1981430053711,84.20734796018972,4316500
2024-07-08,84.216552734375,84.22575066785062,84.20734777957611,84.20734777957611,4748100
2024-07-09,84.216552734375,84.2349556226495,84.216552734375,84.22575066785062,4311500
2024-07-10,84.23494720458984,84.24415215846884,84.22574225071087,84.24415215846884,4653500
2024-07-11,84.2441635131836,84.25336846830325,84.2441635131836,84.2441635131836,5960300
2024-07-12,84.28096771240234,84.29016564525995,84.28096771240234,84.28096771240234,5872000
2024-07-15,84.29936981201172,84.29936981201172,84.2901648579173,84.2901648579173,6130500
2024-07-16,84.29936981201172,84.30857476610613,84.29936981201172,84.30857476610613,5457000
2024-07-17,84.32698822021484,84.32698822021484,84.30858533104264,84.31779028629055,7883400
2024-07-18,84.336181640625,84.336181640625,84.31777875396979,84.32697668663607,5746000
2024-07-19,84.3637924194336,84.3729973737431,84.3637924194336,84.3729973737431,4604900
2024-07-22,84.38221740722656,84.38221740722656,84.37301245127212,84.37301245127212,6777700
2024-07-23,84.38221740722656,84.4006202978113,84.38221740722656,84.38221740722656,8687900
2024-07-24,84.4098129272461,84.4098129272461,84.40060797263587,84.4098129272461,5548000
2024-07-25,84.4098129272461,84.41901788185632,84.4098129272461,84.4098129272461,5926500
2024-07-26,84.45582580566406,84.45582580566406,84.43742291729868,84.45582580566406,4299300
2024-07-29,84.45582580566406,84.46503076050841,84.45582580566406,84.46503076050841,4097400
2024-07-30,84.46502685546875,84.47423180988753,84.46502685546875,84.47423180988753,6748000
2024-07-31,84.48342895507812,84.48342895507812,84.47422400151021,84.47422400151021,12395000
2024-08-01,84.5037612915039,84.5037612915039,84.49452290343996,84.49452290343996,18244900
2024-08-02,84.54997253417969,84.54997253417969,84.53148165559035,84.54072709488501,14492000
2024-08-05,84.54997253417969,84.55921797347435,84.54997253417969,84.54997253417969,21054200
2024-08-06,84.5684814453125,84.5684814453125,84.55924305548142,84.55924305548142,9774300
2024-08-07,84.58695220947266,84.58695220947266,84.56846132979679,84.57770676963473,14277100
2024-08-08,84.59620666503906,84.59620666503906,84.58696827565073,84.58696827565073,6946000
2024-08-09,84.61468505859375,84.62393049882304,84.61468505859375,84.61468505859375,7714500
2024-08-12,84.64242553710938,84.64242553710938,84.62394170640738,84.62394170640738,6167100
2024-08-13,84.65165710449219,84.65165710449219,84.64241166455372,84.64241166455372,7486700
2024-08-14,84.6609115600586,84.67015700175176,84.65167317057114,84.65167317057114,5103800
2024-08-15,84.67015838623047,84.67940382807481,84.66091294438613,84.67015838623047,6865000
2024-08-16,84.71637725830078,84.71637725830078,84.69788637489255,84.69788637489255,8828900
2024-08-19,84.71637725830078,84.72562270000489,84.71637725830078,84.72562270000489,5960000
2024-08-20,84.73485565185547,84.73485565185547,84.72561726294992,84.72561726294992,5868900
2024-08-21,84.75334930419922,84.75334930419922,84.74410386278622,84.75334930419922,4315700
2024-08-22,84.75334930419922,84.7625876934067,84.75334930419922,84.75334930419922,5644000
2024-08-23,84.7903060913086,84.79954447856291,84.7903060913086,84.7903060913086,6458000
2024-08-26,84.799560546875,84.8088059880852,84.799560546875,84.799560546875,6712300
2024-08-27,84.81805419921875,84.81805419921875,84.80880875770661,84.81805419921875,6549600
2024-08-28,84.82730102539062,84.82730102539062,84.81806263516522,84.82730102539062,6373600
2024-08-29,84.82730102539062,84.84579191025398,84.82730102539062,84.8365464678223,4766800
2024-08-30,84.87350463867188,84.88275007930109,84.87350463867188,84.88275007930109,12422200
2024-09-03,84.90694427490234,84.90694427490234,84.8883803794779,84.89765878581365,18003300
2024-09-04,84.91619873046875,84.91619873046875,84.90691324477353,84.91619873046875,6427400
2024-09-05,84.92550659179688,84.93478499718637,84.91622110365519,84.92550659179688,7293000
2024-09-06,84.97193145751953,84.97193145751953,84.96264596811126,84.97193145751953,7105200
2024-09-09,84.97193145751953,84.9812169469278,84.97193145751953,84.9812169469278,5391800
2024-09-10,84.999755859375,84.999755859375,84.98119196876803,84.98119196876803,4815300
2024-09-11,84.999755859375,85.00904134605402,84.999755859375,84.999755859375,7429500
2024-09-12,85.00906372070312,85.01834920982611,85.00906372070312,85.00906372070312,5170200
2024-09-13,85.05546569824219,85.05546569824219,85.04618021112631,85.04618021112631,8183500
2024-09-16,85.07402038574219,85.07402038574219,85.06473489963089,85.06473489963089,6037400
2024-09-17,85.08331298828125,85.0925984751692,85.08331298828125,85.0925984751692,9658200
2024-09-18,85.10187530517578,85.11116079189196,85.09259690121071,85.09259690121071,7621200
2024-09-19,85.1204605102539,85.1204605102539,85.11117502198523,85.11117502198523,8001100
2024-09-20,85.15757751464844,85.15757751464844,85.14829202832786,85.14829202832786,6438700
2024-09-23,85.16686248779297,85.16686248779297,85.15758408350749,85.16686248779297,6998800
2024-09-24,85.17615509033203,85.18544057814458,85.17615509033203,85.17615509033203,11580200
2024-09-25,85.1947250366211,85.1947250366211,85.18544663090124,85.18544663090124,5875800
2024-09-26,85.1947250366211,85.20401052509341,85.1947250366211,85.1947250366211,4937700
2024-09-27,85.22256469726562,85.2318431011559,85.22256469726562,85.22256469726562,8616700
2024-09-30,85.23184967041016,85.24113515776718,85.23184967041016,85.23184967041016,11327400
2024-10-01,85.25143432617188,85.25143432617188,85.24211116338476,85.25143432617188,13695700
2024-10-02,85.2607421875,85.2607421875,85.25141902638609,85.2607421875,7391800
2024-10-03,85.27938842773438,85.27938842773438,85.27007237734082,85.27007237734082,5394900
2024-10-04,85.29803466796875,85.30735071835319,85.29803466796875,85.30735071835319,6208000
2024-10-07,85.31668853759766,85.31668853759766,85.30736537412267,85.30736537412267,6735500
2024-10-08,85.31668853759766,85.32601170107266,85.31668853759766,85.32601170107266,5266500
2024-10-09,85.32599639892578,85.33531956072878,85.32599639892578,85.32599639892578,6200800
2024-10-10,85.3353271484375,85.34464319958006,85.3353271484375,85.34464319958006,4717800
2024-10-11,85.38191986083984,85.38191986083984,85.37259669917725,85.38191986083984,6011000
2024-10-14,85.37260437011719,85.39125069511778,85.37260437011719,85.38192753261748,4174900
2024-10-15,85.40058135986328,85.40058135986328,85.38193503322465,85.39125819654396,5906400
2024-10-16,85.40058135986328,85.40989741169265,85.40058135986328,85.40989741169265,5757300
2024-10-17,85.41919708251953,85.41919708251953,85.40987392176433,85.41919708251953,4395800
2024-10-18,85.4471664428711,85.45648960438893,85.43785039284182,85.45648960438893,5286800
2024-10-21,85.46581268310547,85.46581268310547,85.44716636008785,85.45648952159667,5874700
2024-10-22,85.4751205444336,85.4751205444336,85.46580449530585,85.4751205444336,4191500
2024-10-23,85.4751205444336,85.48444370504923,85.4751205444336,85.48444370504923,5462300
2024-10-24,85.48445129394531,85.4937744553886,85.48445129394531,85.4937744553886,4689000
2024-10-25,85.52174377441406,85.52174377441406,85.51242061221353,85.51242061221353,6048400
2024-10-28,85.52174377441406,85.5310669366146,85.52174377441406,85.5310669366146,5718600
2024-10-29,85.54039764404297,85.54972080784096,85.53108159173529,85.54039764404297,4704800
2024-10-30,85.54969787597656,85.55902103727546,85.54969787597656,85.54969787597656,4965800
2024-10-31,85.56835174560547,85.56835174560547,85.55902858348429,85.55902858348429,12141700
2024-11-01,85.60484313964844,85.60484313964844,85.5954833749824,85.60484313964844,15201500
2024-11-04,85.62355041503906,85.62355041503906,85.6141906509321,85.62355041503906,9477100
2024-11-05,85.62355041503906,85.63291017914604,85.62355041503906,85.62355041503906,4689500
2024-11-06,85.64226531982422,85.64226531982422,85.63291269485066,85.63291269485066,9978200
2024-11-07,85.6516342163086,85.6516342163086,85.64227445092872,85.64227445092872,7827900
2024-11-08,85.69841766357422,85.69841766357422,85.67969813461444,85.68905789909434,8280900
2024-11-11,85.68905639648438,85.69841616080014,85.68905639648438,85.68905639648438,8165700
2024-11-12,85.69841766357422,85.70777028864566,85.69841766357422,85.69841766357422,5526300
2024-11-13,85.71713256835938,85.71713256835938,85.70777280360484,85.70777280360484,4860500
2024-11-14,85.71713256835938,85.72649233311391,85.71713256835938,85.72649233311391,6138400
2024-11-15,85.74520874023438,85.7545685054274,85.74520874023438,85.7545685054274,9715700
2024-11-18,85.75455474853516,85.7732742759182,85.75455474853516,85.76391451222668,7387900
2024-11-19,85.78263854980469,85.78263854980469,85.76392615928829,85.7732859242509,7470700
2024-11-20,85.79198455810547,85.79198455810547,85.7826247946437,85.7826247946437,5538200
2024-11-21,85.80135345458984,85.80135345458984,85.79199369013178,85.80135345458984,5889700
2024-11-22,85.82942199707031,85.82942199707031,85.82006223300607,85.82006223300607,6694300
2024-11-25,85.8387680053711,85.8387680053711,85.82940824280678,85.82940824280678,5107700
2024-11-26,85.8387680053711,85.84812062852843,85.8387680053711,85.8387680053711,6692000
2024-11-27,85.86687469482422,85.86687469482422,85.85751492849481,85.85751492849481,6120700
2024-11-29,85.88556671142578,85.90428623964335,85.88556671142578,85.88556671142578,9410500
2024-12-02,85.90904235839844,85.90904235839844,85.89964830642916,85.90904235839844,12973900
2024-12-03,85.9278335571289,85.9278335571289,85.91844666960091,85.91844666960091,5673500
2024-12-04,85.93721771240234,85.94661176441137,85.93721771240234,85.94661176441137,5963400
2024-12-05,85.94662475585938,85.95601164372513,85.94662475585938,85.95601164372513,5880200
2024-12-06,85.98419189453125,85.98419189453125,85.97479784131085,85.98419189453125,5706600
2024-12-09,85.99356079101562,86.00295484227064,85.99356079101562,85.99356079101562,8793100
2024-12-10,86.01236724853516,86.01236724853516,86.00297319527544,86.00297319527544,5400300
2024-12-11,86.0217514038086,86.0217514038086,86.01236451641019,86.01236451641019,5845900
2024-12-12,86.04054260253906,86.04054260253906,86.03114854924007,86.03114854924007,4770200
2024-12-13,86.06871795654297,86.06871795654297,86.05932390320473,86.06871795654297,6271900
2024-12-16,86.07811737060547,86.07811737060547,86.06872331668218,86.07811737060547,6761700
2024-12-17,86.08749389648438,86.08749389648438,86.0780998444738,86.08749389648438,5827400
2024-12-18,86.08749389648438,86.09688078293279,86.08749389648438,86.08749389648438,9268200
2024-12-19,86.09976959228516,86.10920306381804,86.09976959228516,86.10920306381804,13876400
2024-12-20,86.13748168945312,86.13748168945312,86.12804821951845,86.12804821951845,12690000
2024-12-23,86.13748168945312,86.14690796375857,86.13748168945312,86.13748168945312,6572800
2024-12-24,86.15635681152344,86.16579028314187,86.15635681152344,86.15635681152344,4145600
2024-12-26,86.17520904541016,86.17520904541016,86.16577557540192,86.17520904541016,6192000
2024-12-27,86.21295166015625,86.21295166015625,86.20351818840493,86.21295166015625,6143500
2024-12-30,86.21295166015625,86.22237793627696,86.21295166015625,86.21295166015625,8990100
2024-12-31,86.23179626464844,86.24122973474313,86.23179626464844,86.24122973474313,7301500
2025-01-02,86.25065612792969,86.25065612792969,86.24122985345137,86.25065612792969,10756900
2025-01-03,86.26009368896484,86.27896063007498,86.26009368896484,86.27896063007498,7837900
2025-01-06,86.26952362060547,86.27895709077357,86.26952362060547,86.26952362060547,7827100
2025-01-07,86.28839111328125,86.2978245842964,86.27896483789617,86.28839111328125,6956800
2025-01-08,86.3072509765625,86.3072509765625,86.29781750632107,86.3072509765625,6673100
2025-01-10,86.33554077148438,86.3449742413521,86.33554077148438,86.3449742413521,10112200
2025-01-13,86.344970703125,86.35439697697726,86.344970703125,86.344970703125,7854400
2025-01-14,86.36383056640625,86.36383056640625,86.354397096912,86.354397096912,6078300
2025-01-15,86.37327575683594,86.37327575683594,86.36384228606155,86.37327575683594,7253800
2025-01-16,86.37327575683594,86.38270203198044,86.37327575683594,86.38270203198044,6997800
2025-01-17,86.42042541503906,86.42042541503906,86.41099914025499,86.41099914025499,7745500
2025-01-21,86.42042541503906,86.42985888545276,86.42042541503906,86.42042541503906,10266200
2025-01-22,86.43930053710938,86.43930053710938,86.42986706580284,86.42986706580284,6019200
2025-01-23,86.43930053710938,86.44873400841591,86.43930053710938,86.44873400841591,6561500
2025-01-24,86.47702026367188,86.47702026367188,86.46758679312491,86.47702026367188,7242200
2025-01-27,86.48645782470703,86.48645782470703,86.47703154855968,86.47703154855968,7909600
2025-01-28,86.48645782470703,86.49589129648503,86.48645782470703,86.49589129648503,6485500
2025-01-29,86.49588775634766,86.50532122773956,86.49588775634766,86.50532122773956,5688800
2025-01-30,86.50530242919922,86.51473589854112,86.50530242919922,86.51473589854112,7369900
2025-01-31,86.53358459472656,86.54301806286419,86.53358459472656,86.53358459472656,13634400
2025-02-03,86.55821228027344,86.55821228027344,86.54875239319622,86.55821228027344,17508900
2025-02-04,86.55821228027344,86.5676793886385,86.55821228027344,86.5676793886385,9295900
2025-02-05,86.56769561767578,86.57716272781566,86.56769561767578,86.56769561767578,6249600
2025-02-06,86.58663177490234,86.58663177490234,86.5771646645507,86.58663177490234,8308300
2025-02-07,86.60553741455078,86.61500452256755,86.60553741455078,86.61500452256755,6391100
2025-02-10,86.6150131225586,86.62447301022704,86.6150131225586,86.62447301022704,5466500
2025-02-11,86.6244888305664,86.63395594125214,86.6244888305664,86.6244888305664,6959400
2025-02-12,86.63394165039062,86.6434087595147,86.63394165039062,86.63394165039062,6275700
2025-02-13,86.65287017822266,86.65287017822266,86.64340306972028,86.65287017822266,6340500
2025-02-14,86.6812744140625,86.69073430238264,86.6812744140625,86.6812744140625,6058900
2025-02-18,86.70020294189453,86.70020294189453,86.69073583211855,86.69073583211855,8777200
2025-02-19,86.70964050292969,86.70964050292969,86.7001733963799,86.70964050292969,5685800
2025-02-20,86.7286148071289,86.7286148071289,86.71915491670498,86.71915491670498,5454900
2025-02-21,86.75698852539062,86.75698852539062,86.74752141668992,86.74752141668992,7185900
2025-02-24,86.76644134521484,86.76644134521484,86.7569814585728,86.76644134521484,9061400
2025-02-25,86.76644134521484,86.77590845314441,86.76644134521484,86.77590845314441,8348300
2025-02-26,86.7853775024414,86.7853775024414,86.77591039430007,86.7853775024414,8610600
2025-02-27,86.79483795166016,86.79483795166016,86.7853780647452,86.79483795166016,6620600
2025-02-28,86.81376647949219,86.82323358707453,86.81376647949219,86.81376647949219,13721500
2025-03-03,86.83180236816406,86.83180236816406,86.8223125806156,86.83180236816406,17874400
2025-03-04,86.83180236816406,86.84129939982515,86.83180236816406,86.84129939982515,12187400
2025-03-05,86.84130859375,86.85080562641654,86.84130859375,86.84130859375,11850800
2025-03-06,86.85081481933594,86.86031185300772,86.85081481933594,86.86031185300772,10301700
2025-03-07,86.88877868652344,86.88877868652344,86.87928165471233,86.87928165471233,10375700
2025-03-10,86.89830780029297,86.89830780029297,86.88881800829998,86.88881800829998,29759000
2025-03-11,86.90778350830078,86.90778350830078,86.89828647452244,86.89828647452244,19163000
2025-03-12,86.91727447509766,86.91727447509766,86.90777744198223,86.91727447509766,20095800
2025-03-13,86.93626403808594,86.93626403808594,86.91727721537022,86.91727721537022,14549100
2025-03-14,86.95526123046875,86.96475102011073,86.95526123046875,86.95526123046875,15909000
2025-03-17,86.97422790527344,86.97422790527344,86.96473087371733,86.97422790527344,9386400
2025-03-18,86.97422790527344,86.98372493682955,86.97422790527344,86.97422790527344,8773100
2025-03-19,86.98371887207031,86.99321590296427,86.98371887207031,86.98371887207031,8833200
2025-03-20,87.00273132324219,87.00273132324219,86.99324153366432,86.99324153366432,8491000
2025-03-21,87.03121185302734,87.03121185302734,87.02171482048885,87.03121185302734,6544300
2025-03-24,87.03121185302734,87.04070164145253,87.03121185302734,87.04070164145253,8056300
2025-03-25,87.04069519042969,87.0501922222643,87.04069519042969,87.04069519042969,18837100
2025-03-26,87.05020141601562,87.05969844885325,87.05020141601562,87.05969844885325,7171300
2025-03-27,87.0691909790039,87.0691909790039,87.05970118998101,87.05970118998101,8399300
2025-03-28,87.0976791381836,87.0976791381836,87.08818210536754,87.08818210536754,10052200
2025-03-31,87.0976791381836,87.10716892688613,87.0976791381836,87.0976791381836,22045800
2025-04-01,87.11767578125,87.11767578125,87.10814539889915,87.11767578125,19110200
2025-04-02,87.1272201538086,87.1272201538086,87.11768976992744,87.11768976992744,9035500
2025-04-03,87.13673400878906,87.13673400878906,87.12721089547277,87.13673400878906,24029500
2025-04-04,87.16533660888672,87.17485972345412,87.15580622476621,87.16533660888672,33920200
2025-04-07,87.17484283447266,87.18437321674678,87.16531972175024,87.18437321674678,37206000
2025-04-08,87.19390869140625,87.20343180468485,87.1748479257448,87.1748479257448,21800900
2025-04-09,87.19390869140625,87.19390869140625,87.18437830857552,87.18437830857552,22907000
2025-04-10,87.20346069335938,87.20346069335938,87.19393757692596,87.19393757692596,23678100
2025-04-11,87.24154663085938,87.24154663085938,87.22249313462679,87.23202351751917,34807600
2025-04-14,87.24154663085938,87.24154663085938,87.23202351751917,87.24154663085938,18027100
2025-04-15,87.2606201171875,87.2606201171875,87.24155934862412,87.25108973290581,10082100
2025-04-16,87.27012634277344,87.27012634277344,87.26060322988796,87.26060322988796,12016200
2025-04-17,87.30825805664062,87.31778844098312,87.2987349418514,87.30825805664062,8243800
2025-04-21,87.31777954101562,87.31777954101562,87.30824915764452,87.30824915764452,10032200
2025-04-22,87.31777954101562,87.32730992438674,87.31777954101562,87.31777954101562,9201200
2025-04-23,87.33683776855469,87.33683776855469,87.32730738546066,87.33683776855469,8478500
2025-04-24,87.33683776855469,87.34636088209639,87.33683776855469,87.33683776855469,20381700
2025-04-25,87.37495422363281,87.37495422363281,87.36543110905986,87.36543110905986,11894100
2025-04-28,87.38448333740234,87.38448333740234,87.37495295341483,87.37495295341483,9934400
2025-04-29,87.38448333740234,87.39401372138987,87.38448333740234,87.38448333740234,19478900
2025-04-30,87.39399719238281,87.40352757456783,87.39399719238281,87.39399719238281,17498400
2025-05-01,87.41503143310547,87.41503143310547,87.40546852104087,87.41503143310547,15747600
2025-05-02,87.4437255859375,87.4437255859375,87.43416267248281,87.43416267248281,14267400
2025-05-05,87.4437255859375,87.45328849939219,87.4437255859375,87.45328849939219,26580800
2025-05-06,87.46285247802734,87.46285247802734,87.4532895644562,87.4532895644562,8429300
2025-05-07,87.46285247802734,87.47240809723269,87.46285247802734,87.46285247802734,6212900
2025-05-08,87.4819564819336,87.4819564819336,87.47239356995064,87.47239356995064,9354600
2025-05-09,87.5106430053711,87.5106430053711,87.50108009283281,87.5106430053711,9062400
2025-05-12,87.5106430053711,87.52020591790938,87.5106430053711,87.5106430053711,14492000
2025-05-13,87.52976989746094,87.52976989746094,87.52020698480608,87.52976989746094,23455700
2025-05-14,87.52976989746094,87.53932551575069,87.52976989746094,87.52976989746094,9141900
2025-05-15,87.53932189941406,87.54888481167387,87.53932189941406,87.54888481167387,6657100
2025-05-16,87.57756805419922,87.57756805419922,87.56800514174286,87.57756805419922,8756000
2025-05-19,87.57756805419922,87.5871309666556,87.57756805419922,87.57756805419922,7618200
2025-05-20,87.59668731689453,87.59668731689453,87.58712440515455,87.58712440515455,7925400
2025-05-21,87.60626220703125,87.615825120875,87.60626220703125,87.60626220703125,12007400
2025-05-22,87.6253890991211,87.6253890991211,87.61582618516118,87.61582618516118,7876500
2025-05-23,87.66361999511719,87.66361999511719,87.65405708262618,87.65405708262618,14805900
2025-05-27,87.66361999511719,87.67317561324322,87.66361999511719,87.66361999511719,8996500
2025-05-28,87.67317962646484,87.68274253939359,87.67317962646484,87.67317962646484,9887600
2025-05-29,87.68274688720703,87.69230980060996,87.68274688720703,87.68274688720703,7477700
2025-05-30,87.71141052246094,87.72097343392203,87.71141052246094,87.71141052246094,19202100
2025-06-02,87.72677612304688,87.73636476959376,87.72677612304688,87.73636476959376,17013900
2025-06-03,87.74595642089844,87.74595642089844,87.73636045524592,87.73636045524592,8454700
2025-06-04,87.74595642089844,87.75555238655096,87.74595642089844,87.74595642089844,14872200
2025-06-05,87.75554656982422,87.76514253484069,87.75554656982422,87.75554656982422,7780200
2025-06-06,87.78433227539062,87.79392824096789,87.78433227539062,87.78433227539062,7582100
2025-06-09,87.80353546142578,87.80353546142578,87.79394681339718,87.79394681339718,8128000
2025-06-10,87.8131103515625,87.8131103515625,87.80351438625854,87.80351438625854,9514600
2025-06-11,87.8131103515625,87.82270631686646,87.8131103515625,87.8131103515625,7435700
2025-06-12,87.82271575927734,87.83231172561302,87.82271575927734,87.82271575927734,5315900
2025-06-13,87.86109924316406,87.86109924316406,87.8515032760706,87.86109924316406,6221300
2025-06-16,87.86109924316406,87.87068789067925,87.86109924316406,87.87068789067925,8456900
2025-06-17,87.8802719116211,87.8802719116211,87.87067594583209,87.87067594583209,5518300
2025-06-18,87.89945220947266,87.89945220947266,87.8898562449537,87.8898562449537,5063800
2025-06-20,87.91865539550781,87.92825136205433,87.91865539550781,87.92825136205433,6516900
2025-06-23,87.93783569335938,87.93783569335938,87.92823972808252,87.92823972808252,6474200
2025-06-24,87.93783569335938,87.94742433905935,87.93783569335938,87.93783569335938,16266600
2025-06-25,87.94742584228516,87.95702180772602,87.94742584228516,87.95702180772602,7119500
2025-06-26,87.95703125,87.966627216471,87.95703125,87.95703125,7976100
2025-06-27,87.9953842163086,88.00498018020818,87.9953842163086,87.9953842163086,6878900
2025-06-30,88.00498962402344,88.01457826937616,88.00498962402344,88.01457826937616,16763400
2025-07-01,88.02040100097656,88.02040100097656,88.0107729167862,88.02040100097656,18374200
2025-07-02,88.03002166748047,88.03002166748047,88.02040092737458,88.03002166748047,6569200
2025-07-03,88.0781478881836,88.08777597161644,88.06851980475075,88.06851980475075,4860800
2025-07-07,88.08778381347656,88.08778381347656,88.07815572918659,88.07815572918659,11518400
2025-07-08,88.08778381347656,88.09740455369003,88.08778381347656,88.08778381347656,10532400
2025-07-09,88.097412109375,88.10704019449072,88.097412109375,88.097412109375,10322900
2025-07-10,88.11666107177734,88.11666107177734,88.10703298744919,88.10703298744919,9514400
2025-07-11,88.13591766357422,88.14554574875088,88.13591766357422,88.13591766357422,5713900
2025-07-14,88.1455307006836,88.15515878421655,88.1455307006836,88.15515878421655,6587100
2025-07-15,88.15516662597656,88.1647873662894,88.15516662597656,88.15516662597656,6166500
2025-07-16,88.1744155883789,88.1744155883789,88.16478750397445,88.16478750397445,6745200
2025-07-17,88.1744155883789,88.18404367278336,88.1744155883789,88.18404367278336,6559900
2025-07-18,88.2129135131836,88.22254159681653,88.20328542955066,88.20328542955066,6681400
2025-07-21,88.23217010498047,88.23217010498047,88.22254202130121,88.23217010498047,6678700
2025-07-22,88.24179077148438,88.24179077148438,88.23217003188913,88.24179077148438,4792100
2025-07-23,88.25141906738281,88.25141906738281,88.24179098368838,88.24179098368838,6437300
2025-07-24,88.25141906738281,88.26104715107725,88.25141906738281,88.25141906738281,4807700
2025-07-25,88.28030395507812,88.28993203964296,88.28030395507812,88.28030395507812,5153900
2025-07-28,88.2899169921875,88.2995450751114,88.2899169921875,88.2995450751114,6305300
2025-07-29,88.29954528808594,88.30916602695758,88.29954528808594,88.29954528808594,7664300
2025-07-30,88.30915832519531,88.31878640730272,88.30915832519531,88.30915832519531,6895100
2025-07-31,88.3188247680664,88.32845285435573,88.3188247680664,88.3188247680664,11795100
2025-08-01,88.35648345947266,88.35648345947266,88.34682178271949,88.35648345947266,20144800
2025-08-04,88.36614990234375,88.36614990234375,88.35648822506946,88.36614990234375,20328000
2025-08-05,88.36614990234375,88.37580420991759,88.36614990234375,88.37580420991759,8588400
2025-08-06,88.3951187133789,88.3951187133789,88.37579536076521,88.38545703707206,7208800
2025-08-07,88.3951187133789,88.40477301998607,88.3951187133789,88.3951187133789,7157900
2025-08-08,88.4240951538086,88.43375682998227,88.4240951538086,88.43375682998227,6243500
2025-08-11,88.43376159667969,88.44341590367415,88.43376159667969,88.43376159667969,8361400
2025-08-12,88.44341278076172,88.45307445711504,88.44341278076172,88.44341278076172,6571900
2025-08-13,88.45307159423828,88.46273327027887,88.45307159423828,88.45307159423828,6791500
2025-08-14,88.46273803710938,88.4723923439707,88.46273803710938,88.4723923439707,6475800
2025-08-15,88.50137329101562,88.50137329101562,88.49171161490011,88.50137329101562,5354600
2025-08-18,88.50137329101562,88.51102759743159,88.50137329101562,88.50137329101562,15606200
2025-08-19,88.52069091796875,88.52069091796875,88.51102924167375,88.52069091796875,11862700
2025-08-20,88.54000854492188,88.54000854492188,88.53034686925166,88.53034686925166,6916000
2025-08-21,88.54000854492188,88.54966285089286,88.54000854492188,88.54000854492188,4656000
2025-08-22,88.56898498535156,88.5786392911899,88.56898498535156,88.5786392911899,7468100
2025-08-25,88.57865905761719,88.58832073531066,88.57865905761719,88.57865905761719,7319800
2025-08-26,88.58831024169922,88.59797191824823,88.58831024169922,88.59797191824823,8729600
2025-08-27,88.59796905517578,88.60763073141257,88.59796905517578,88.59796905517578,4919400
2025-08-28,88.60763549804688,88.61728980510337,88.60763549804688,88.60763549804688,5490300
2025-08-29,88.64627075195312,88.65593242906785,88.64627075195312,88.64627075195312,11546500
2025-09-02,88.6676025390625,88.6676025390625,88.65790684180668,88.6676025390625,13477100
2025-09-03,88.67729187011719,88.67729187011719,88.66759617355744,88.67729187011719,7040700
2025-09-04,88.6966781616211,88.6966781616211,88.67729416364979,88.68698246481057,9180600
2025-09-05,88.72575378417969,88.72575378417969,88.71605808781418,88.71605808781418,10223000
2025-09-08,88.73545837402344,88.7451540713607,88.73545837402344,88.73545837402344,9201200
2025-09-09,88.7451400756836,88.7451400756836,88.73544437987539,88.7451400756836,8740800
2025-09-10,88.75482940673828,88.75482940673828,88.74514110646653,88.74514110646653,9027200
2025-09-11,88.76451873779297,88.76451873779297,88.7548230425674,88.76451873779297,9714300
2025-09-12,88.79359436035156,88.79359436035156,88.78389866557012,88.78389866557012,7154200
2025-09-15,88.80329895019531,88.80329895019531,88.7936032544427,88.7936032544427,8876200
2025-09-16,88.81300354003906,88.82269184111297,88.81300354003906,88.81300354003906,7036400
2025-09-17,88.82268524169922,88.83238093770242,88.82268524169922,88.82268524169922,5395900
2025-09-18,88.83238983154297,88.84208552851689,88.83238983154297,88.84208552851689,6032900
2025-09-19,88.87114715576172,88.87114715576172,88.86145146075899,88.87114715576172,6689800
2025-09-22,88.88085174560547,88.88085174560547,88.87115604963243,88.87115604963243,6255200
2025-09-23,88.88085174560547,88.89054004592941,88.88085174560547,88.88085174560547,7854700
2025-09-24,88.90023803710938,88.90023803710938,88.89054234088601,88.89054234088601,6711500
2025-09-25,88.90023803710938,88.90993373333275,88.90023803710938,88.90023803710938,11455100
2025-09-26,88.9293212890625,88.9293212890625,88.9196329881007,88.9293212890625,7888800
2025-09-29,88.93901062011719,88.93901062011719,88.92931492419974,88.92931492419974,6928500
2025-09-30,88.93901062011719,88.94870631603463,88.93901062011719,88.93901062011719,14165800
2025-10-01,88.95943450927734,88.95943450927734,88.94970583672263,88.95943450927734,15501400
2025-10-02,88.96916961669922,88.96916961669922,88.95944094344085,88.96916961669922,7225200
2025-10-03,88.98861694335938,88.9983456163336,88.98861694335938,88.9983456163336,6177600
2025-10-06,89.0080795288086,89.0080795288086,88.99835085526169,89.0080795288086,7041200
2025-10-07,89.0080795288086,89.01780078155187,89.0080795288086,89.0080795288086,7071900
2025-10-08,89.02752685546875,89.02752685546875,89.01779818220594,89.02752685546875,7236300
2025-10-09,89.02752685546875,89.03725552873158,89.02752685546875,89.02752685546875,9389800
2025-10-10,89.0664291381836,89.0664291381836,89.05670046546578,89.05670046546578,14648000
2025-10-13,89.07616424560547,89.07616424560547,89.05670689876428,89.06643557218487,13286000
2025-10-14,89.07616424560547,89.08588549822254,89.07616424560547,89.08588549822254,8281800
2025-10-15,89.08588409423828,89.09561276750556,89.08588409423828,89.09561276750556,11747900
2025-10-16,89.0956039428711,89.0956039428711,89.08587527056741,89.0956039428711,7811800
2025-10-17,89.11507415771484,89.12479541061983,89.11507415771484,89.12479541061983,10183500
2025-10-20,89.134521484375,89.134521484375,89.12479281095005,89.134521484375,8215400
2025-10-21,89.134521484375,89.14425015779996,89.134521484375,89.14425015779996,6989600
2025-10-22,89.15396881103516,89.15396881103516,89.14424013870364,89.15396881103516,13191400
2025-10-23,89.1636962890625,89.1636962890625,89.15397503685482,89.15397503685482,7399500
2025-10-24,89.19288635253906,89.19288635253906,89.18316509908176,89.19288635253906,8743100
2025-10-27,89.19288635253906,89.20261502680053,89.19288635253906,89.19288635253906,11472400
2025-10-28,89.20260620117188,89.2123348744708,89.20260620117188,89.2123348744708,13039400
2025-10-29,89.23178100585938,89.23178100585938,89.21233108089204,89.21233108089204,13416300
2025-10-30,89.23178100585938,89.2415096787446,89.23178100585938,89.23178100585938,7897200
2025-10-31,89.25125122070312,89.26097247418693,89.25125122070312,89.25125122070312,14371000
2025-11-03,89.26393127441406,89.26393127441406,89.26393127441406,89.26393127441406,17922800
2025-11-04,89.27368927001953,89.27368927001953,89.26392836524134,89.27368927001953,12162100
2025-11-05,89.283447265625,89.2932081708991,89.283447265625,89.2932081708991,7973200
2025-11-06,89.29320526123047,89.30296616618651,89.29320526123047,89.29320526123047,15915800
2025-11-07,89.32247161865234,89.33223252263451,89.32247161865234,89.32247161865234,11525000
2025-11-10,89.34200286865234,89.34200286865234,89.33224196363861,89.34200286865234,13043700
2025-11-11,89.33224487304688,89.3420057783785,89.33224487304688,89.3420057783785,6181200
2025-11-12,89.34200286865234,89.35175632827705,89.34200286865234,89.34200286865234,6371200
2025-11-13,89.35175323486328,89.3615141395391,89.35175323486328,89.35175323486328,6625900
2025-11-14,89.39077758789062,89.39077758789062,89.38101668450552,89.39077758789062,10192200
2025-11-17,89.39077758789062,89.40053849127573,89.39077758789062,89.39077758789062,9767000
2025-11-18,89.41030883789062,89.41030883789062,89.4005479334746,89.41030883789062,9642600
2025-11-19,89.41030883789062,89.42006229691808,89.41030883789062,89.42006229691808,6206200
2025-11-20,89.42982482910156,89.42982482910156,89.4103104653029,89.42006392450787,10933900
2025-11-21,89.4493408203125,89.4493408203125,89.4493408203125,89.4493408203125,9431800
2025-11-24,89.4493408203125,89.45909427888309,89.4493408203125,89.4493408203125,7347100
2025-11-25,89.46886444091797,89.46886444091797,89.45910353594911,89.46886444091797,8992400
2025-11-26,89.47862243652344,89.48837589578616,89.47862243652344,89.48837589578616,6749500
2025-11-28,89.50789642333984,89.51765732785155,89.50789642333984,89.50789642333984,10775200
2025-12-01,89.51864624023438,89.52843713935675,89.51864624023438,89.52843713935675,16856800
2025-12-02,89.54804229736328,89.54804229736328,89.52846049401036,89.53825139568683,7403400
2025-12-03,89.55782318115234,89.55782318115234,89.54803974802418,89.54803974802418,6530900
2025-12-04,89.56761169433594,89.5774025954726,89.56761169433594,89.56761169433594,7236700
2025-12-05,89.5871810913086,89.59697199190569,89.5871810913086,89.59697199190569,7308400
2025-12-08,89.59696960449219,89.6067605048284,89.59696960449219,89.59696960449219,7579000
2025-12-09,89.61656188964844,89.61656188964844,89.60677098816676,89.61656188964844,9285600
2025-12-10,89.61656188964844,89.62634532286047,89.61656188964844,89.61656188964844,6974200
2025-12-11,89.62633514404297,89.63612604441269,89.62633514404297,89.62633514404297,7144500
2025-12-12,89.66548919677734,89.66548919677734,89.6556982966348,89.66548919677734,6040700
2025-12-15,89.66548919677734,89.67528009691989,89.66548919677734,89.66548919677734,6058100
2025-12-16,89.67528533935547,89.68507624007039,89.67528533935547,89.67528533935547,7212200
2025-12-17,89.6850814819336,89.6948649149513,89.6850814819336,89.6850814819336,9641200
2025-12-18,89.6998062133789,89.6998062133789,89.6899836500026,89.6998062133789,10277300
2025-12-19,89.72930145263672,89.72930145263672,89.71947139056667,89.71947139056667,7581800
2025-12-22,89.72930145263672,89.73912401656636,89.72930145263672,89.72930145263672,11026900
2025-12-23,89.72930145263672,89.73912401656636,89.72930145263672,89.73912401656636,7111200
2025-12-24,89.7587890625,89.7587890625,89.74895899989093,89.7587890625,5073500
2025-12-26,89.78826904296875,89.78826904296875,89.7784389806563,89.7784389806563,5588900
2025-12-29,89.78826904296875,89.79809910528121,89.78826904296875,89.78826904296875,7988900
2025-12-30,89.798095703125,89.80791826692473,89.798095703125,89.798095703125,7852900
2025-12-31,89.80792236328125,89.81775242566965,89.80792236328125,89.81775242566965,11225900
2026-01-02,89.84723663330078,89.84723663330078,89.837414068887,89.84723663330078,8517900
2026-01-05,89.84723663330078,89.85706669585532,89.84723663330078,89.84723663330078,11770200
2026-01-06,89.85707092285156,89.86690098586854,89.85707092285156,89.85707092285156,9135800
2026-01-07,89.876708984375,89.876708984375,89.86688642109111,89.86688642109111,8767200
2026-01-08,89.876708984375,89.876708984375,89.876708984375,89.876708984375,7116500
2026-01-09,89.89637756347656,89.90620762582505,89.89637756347656,89.89637756347656,7776600
2026-01-12,89.90621185302734,89.91603441769705,89.90621185302734,89.90621185302734,6189700
2026-01-13,89.91603088378906,89.92586094621339,89.91603088378906,89.91603088378906,7777400
2026-01-14,89.92585754394531,89.92585754394531,89.9160274818929,89.92585754394531,8005900
2026-01-15,89.92585754394531,89.93568760599773,89.92585754394531,89.93568760599773,8938400
2026-01-16,89.96517944335938,89.96517944335938,89.96517944335938,89.96517944335938,7648200
2026-01-20,89.96517944335938,89.98483207132247,89.96517944335938,89.9750095064115,9335100
2026-01-21,89.97500610351562,89.9848286680551,89.97500610351562,89.9848286680551,8153800
2026-01-22,89.98482513427734,89.99465519657166,89.98482513427734,89.99465519657166,7679200
2026-01-23,90.0143051147461,90.02413517674465,90.0143051147461,90.0143051147461,8147700
2026-01-26,90.0143051147461,90.0339652387432,90.0143051147461,90.02413517674465,10052800
2026-01-27,90.02413177490234,90.03396183652943,90.02413177490234,90.02413177490234,8178400
2026-01-28,90.03397369384766,90.04380375676935,90.03397369384766,90.03397369384766,6265500
2026-01-29,90.05361938476562,90.05361938476562,90.0437968207416,90.0437968207416,10237300
2026-01-30,90.07328033447266,90.07328033447266,90.06345027221809,90.06345027221809,14545800
2026-02-02,90.08707427978516,90.08707427978516,90.07721474159095,90.08707427978516,21391700
2026-02-03,90.08707427978516,90.09693381797936,90.08707427978516,90.08707427978516,11836100
2026-02-04,90.10679626464844,90.10679626464844,90.09693672613598,90.09693672613598,9216600
2026-02-05,90.10679626464844,90.11664828253654,90.10679626464844,90.10679626464844,9393900
2026-02-06,90.13636779785156,90.13636779785156,90.13636779785156,90.13636779785156,12369800
2026-02-09,90.13636779785156,90.14621981578757,90.13636779785156,90.13636779785156,9180300
2026-02-10,90.1462173461914,90.15607688448169,90.1462173461914,90.15607688448169,7085300
2026-02-11,90.16593933105469,90.16593933105469,90.15607979244638,90.15607979244638,5732300
2026-02-12,90.16593933105469,90.175798869663,90.16593933105469,90.175798869663,6366300
2026-02-13,90.20536804199219,90.20536804199219,90.19550850359406,90.19550850359406,9832500
2026-02-17,90.21522521972656,90.21522521972656,90.20537320138918,90.21522521972656,6710000
2026-02-18,90.22508239746094,90.22508239746094,90.2152228587569,90.2152228587569,8752800
2026-02-19,90.22508239746094,90.23494193616497,90.22508239746094,90.22508239746094,4941800
2026-02-20,90.25465393066406,90.26451346941592,90.25465393066406,90.26451346941592,6518200
2026-02-23,90.25465393066406,90.26451346941592,90.25465393066406,90.26451346941592,7714900
2026-02-24,90.27437591552734,90.27437591552734,90.26451637645796,90.27437591552734,5476100
2026-02-25,90.28422546386719,90.28422546386719,90.2743734456921,90.28422546386719,6009100
2026-02-26,90.29408264160156,90.29408264160156,90.28422310305973,90.28422310305973,6447700
2026-02-27,90.31380462646484,90.32365664469951,90.31380462646484,90.31380462646484,11530600
2026-03-02,90.32664489746094,90.32664489746094,90.31675913957123,90.32664489746094,15489300
2026-03-03,90.33654022216797,90.33654022216797,90.32665446323135,90.33654022216797,11602900
2026-03-04,90.34642791748047,90.34642791748047,90.33654215833197,90.34642791748047,9932500
2026-03-05,90.35630798339844,90.35630798339844,90.34642976467279,90.35630798339844,9249000
2026-03-06,90.37606811523438,90.38594633271542,90.37606811523438,90.38594633271542,8733200
2026-03-09,90.38594055175781,90.3958263092306,90.38594055175781,90.3958263092306,13422900
2026-03-10,90.39584350585938,90.39584350585938,90.38595774650594,90.39584350585938,9226800
2026-03-11,90.39584350585938,90.4057292652128,90.39584350585938,90.39584350585938,6613400
2026-03-12,90.41561126708984,90.41561126708984,90.40572550814726,90.40572550814726,10138900
2026-03-13,90.44525909423828,90.44525909423828,90.43537333550435,90.44525909423828,11182000
2026-03-16,90.44525909423828,90.4551373123477,90.44525909423828,90.4551373123477,8509100
2026-03-17,90.45513916015625,90.46502491909213,90.45513916015625,90.46502491909213,7548300
2026-03-18,90.47490692138672,90.47490692138672,90.4650211628613,90.4650211628613,15874000
2026-03-19,90.47490692138672,90.47490692138672,90.4650211628613,90.47490692138672,14921000
2026-03-20,90.50455474853516,90.50455474853516,90.49466899021814,90.50455474853516,14839100
2026-03-23,90.51445007324219,90.51445007324219,90.50456431388034,90.51445007324219,30253900
2026-03-24,90.52432250976562,90.52432250976562,90.51444429165974,90.51444429165974,17380200
2026-03-25,90.51445007324219,90.53421405134087,90.51445007324219,90.52432829197903,16949500
2026-03-26,90.5342025756836,90.5342025756836,90.52431681757481,90.5342025756836,13198900
2026-03-27,90.56385803222656,90.56385803222656,90.55397981411761,90.55397981411761,11244000
2026-03-30,90.57374572753906,90.57374572753906,90.56385996859423,90.56385996859423,12480000
2026-03-31,90.57374572753906,90.5836314864839,90.57374572753906,90.57374572753906,20279800
2026-04-01,90.5975341796875,90.5975341796875,90.58761985951374,90.5975341796875,22095200
2026-04-02,90.61735534667969,90.6371839870467,90.61735534667969,90.6272696668632,11510300
2026-04-06,90.6371841430664,90.6371841430664,90.62726982286584,90.62726982286584,17291500
2026-04-07,90.64708709716797,90.64708709716797,90.63718033979363,90.64708709716797,9231600
2026-04-08,90.64708709716797,90.65700141695251,90.64708709716797,90.65700141695251,13839400
2026-04-09,90.6570053100586,90.6669196302689,90.6570053100586,90.6570053100586,15586500
2026-04-10,90.68673706054688,90.69665138035839,90.68673706054688,90.68673706054688,10595200
2026-04-13,90.68673706054688,90.7065657001699,90.68673706054688,90.69665138035839,9906200
2026-04-14,90.6966552734375,90.70656959367457,90.6966552734375,90.6966552734375,21667600
2026-04-15,90.7065658569336,90.716472614352,90.7065658569336,90.7065658569336,18583600
2026-04-16,90.71647644042969,90.72639076067648,90.71647644042969,90.71647644042969,17779800
2026-04-17,90.7462158203125,90.75612257775782,90.73630150045692,90.7462158203125,13604100
2026-04-20,90.7561264038086,90.7561264038086,90.74621964594563,90.7561264038086,7961400
2026-04-21,90.76603698730469,90.76603698730469,90.75612266743931,90.76603698730469,8177600
2026-04-22,90.76603698730469,90.77595130717006,90.76603698730469,90.76603698730469,9669300
2026-04-23,90.78585815429688,90.78585815429688,90.77595139683199,90.77595139683199,6741000
2026-04-24,90.80569458007812,90.81560890080338,90.80569458007812,90.81560890080338,7270200
2026-04-27,90.81560516357422,90.82551192148087,90.81560516357422,90.81560516357422,8616000
2026-04-28,90.82550811767578,90.83542243757783,90.82550811767578,90.82550811767578,6500500
2026-04-29,90.82550811767578,90.83542243757783,90.82550811767578,90.83542243757783,9227100
2026-04-30,90.8354263305664,90.84534065089336,90.8354263305664,90.8354263305664,14975100
2026-05-01,90.8652572631836,90.87520088097999,90.8652572631836,90.87520088097999,14126100
2026-05-04,90.8851318359375,90.8851318359375,90.8751958034543,90.8751958034543,10297700
2026-05-05,90.89507293701172,90.89507293701172,90.88512932004618,90.89507293701172,9783300
2026-05-06,90.8851318359375,90.89507545317831,90.8851318359375,90.8851318359375,8293500
2026-05-07,90.90501403808594,90.90501403808594,90.8950704213956,90.90501403808594,8040800
2026-05-08,90.9249038696289,90.93484748743286,90.9249038696289,90.9249038696289,8043400
2026-05-11,90.94478607177734,90.94478607177734,90.93484245452372,90.94478607177734,6150400
2026-05-12,90.95471954345703,90.95471954345703,90.9447835112408,90.95471954345703,7332100
2026-05-13,90.95471954345703,90.96466316043069,90.95471954345703,90.95471954345703,7467300
2026-05-14,90.97460174560547,90.97460174560547,90.9646581291818,90.9646581291818,6764000
2026-05-15,90.99449157714844,91.00443519468493,90.99449157714844,90.99449157714844,9441200
2026-05-18,90.99449157714844,91.01437881222142,90.99449157714844,91.00443519468493,7274100
2026-05-19,91.01437377929688,91.02430981152608,91.00443016231026,91.01437377929688,9718100
2026-05-20,91.03424835205078,91.03424835205078,91.02430473561864,91.02430473561864,8725700
2026-05-21,91.03424835205078,91.0441919684829,91.02430473561864,91.0441919684829,7791400
2026-05-22,91.05413818359375,91.06408180113796,91.05413818359375,91.06408180113796,10871600
2026-05-26,91.07402038574219,91.07402038574219,91.06407676874747,91.06407676874747,9903700
2026-05-27,91.0839614868164,91.0839614868164,91.07401787009636,91.0839614868164,6672200
2026-05-28,91.0938949584961,91.0938949584961,91.08395892681253,91.08395892681253,10206000
2026-05-29,91.12373352050781,91.12373352050781,91.10384628594342,91.11378990322561,16056500
2026-06-01,91.13270568847656,91.13270568847656,91.12273280311409,91.13270568847656,17997300
2026-06-02,91.12272644042969,91.1326993250958,91.12272644042969,91.1326993250958,9532600
2026-06-03,91.1426773071289,91.1426773071289,91.13270442190503,91.1426773071289,14556600
2026-06-04,91.1426773071289,91.15264258527023,91.1426773071289,91.15264258527023,7054600
2026-06-05,91.18254852294922,91.18254852294922,91.17258324536647,91.18254852294922,12908000
2026-06-08,91.1925277709961,91.1925277709961,91.18255488563531,91.1925277709961,11085900
2026-06-09,91.1925277709961,91.20250065635688,91.1925277709961,91.1925277709961,10442600
2026-06-10,91.20249938964844,91.2124722748707,91.20249938964844,91.2124722748707,8003200
2026-06-11,91.21247100830078,91.21247100830078,91.202498123217,91.21247100830078,8700900
2026-06-12,91.24237823486328,91.24237823486328,91.23240535019721,91.24237823486328,18789500
2026-06-15,91.24237823486328,91.25234351244724,91.24237823486328,91.25234351244724,11772000
2026-06-16,91.25234985351562,91.26232273887472,91.25234985351562,91.26232273887472,10456500
2026-06-17,91.26232147216797,91.27229435738863,91.26232147216797,91.27229435738863,8300100
2026-06-18,91.30220031738281,91.30220031738281,91.29222743271798,91.29222743271798,7807800
2026-06-22,91.30220031738281,91.31217320204766,91.30220031738281,91.31217320204766,10548900
2026-06-23,91.31217956542969,91.32214484370687,91.31217956542969,91.32214484370687,10017000
2026-06-24,91.3221435546875,91.33211643990657,91.3221435546875,91.33211643990657,10144800
2026-06-25,91.33211517333984,91.34208805842061,91.33211517333984,91.33211517333984,8417600
2026-06-26,91.36202239990234,91.36202239990234,91.35205712232086,91.36202239990234,7481100
2026-06-29,91.37200164794922,91.37200164794922,91.36202876259108,91.37200164794922,11999700
2026-06-30,91.37200164794922,91.38197453330736,91.37200164794922,91.37200164794922,15835700
2026-07-01,91.4000015258789,91.4000015258789,91.38999938964844,91.4000015258789,17069100
2026-07-02,91.44000244140625,91.44000244140625,91.41999816894531,91.43000030517578,10375000
2026-07-06,91.43000030517578,91.44999694824219,91.43000030517578,91.44999694824219,14905000
2026-07-07,91.44999694824219,91.44999694824219,91.44000244140625,91.44999694824219,9221700
2026-07-08,91.44999694824219,91.45999908447266,91.44999694824219,91.45999908447266,8696000
2026-07-09,91.45999908447266,91.47000122070312,91.45999908447266,91.45999908447266,6627200
2026-07-10,91.5,91.5,91.48999786376953,91.48999786376953,8187624
