date,close,high,low,open,volume
2002-07-30,40.42107009887695,40.59408736469629,40.38646739999535,40.505108457370554,41300
2002-07-31,40.791805267333984,40.82146741036624,40.559475070612315,40.559475070612315,32600
2002-08-01,40.95986557006836,40.97963906886888,40.7917927159686,40.80168135107349,71400
2002-08-02,41.27620315551758,41.37506680421372,40.979608438022694,41.038925118677795,120300
2002-08-05,41.48389434814453,41.48389434814453,41.29110724341359,41.365257000174715,159300
2002-08-06,41.14772415161133,41.281194377561626,41.0439160711004,41.281194377561626,90100
2002-08-07,41.27620315551758,41.35035277774291,41.07847208671884,41.12296336861662,38100
2002-08-08,41.13288497924805,41.226808169419044,41.0735644741806,41.192205484315494,142600
2002-08-09,41.43937683105469,41.46409088451868,41.18726934869426,41.18726934869426,99600
2002-08-12,41.52342987060547,41.66184070008153,41.498712034736634,41.572861770930885,38100
2002-08-13,41.854583740234375,41.88918641121785,41.55304456248915,41.68157038531702,109300
2002-08-14,41.731040954589844,42.13144797196175,41.701382572344436,42.01280690015656,146100
2002-08-15,41.488834381103516,41.68656578821702,41.39985543647309,41.52343709449241,60500
2002-08-16,41.216976165771484,41.656926811478506,41.16259990426477,41.647041932756835,55800
2002-08-19,41.25648498535156,41.28120281636879,41.093356352025474,41.28120281636879,41600
2002-08-20,41.63713836669922,41.63713836669922,41.37514205547499,41.42457774114093,56900
2002-08-21,41.53333282470703,41.54322147192474,41.375148411948715,41.41469545799177,37900
2002-08-22,41.31085968017578,41.42455641870576,41.27625698086863,41.42455641870576,43600
2002-08-23,41.498687744140625,41.523405565541275,41.355336448528995,41.38499481708174,26500
2002-08-26,41.51844787597656,41.62225590388987,41.459131157974,41.48384520000546,27800
2002-08-27,41.394901275634766,41.4888245202584,41.310866673293624,41.39984559677601,38800
2002-08-28,41.548126220703125,41.607442961854275,41.52340839761661,41.567895953479976,40200
2002-08-29,41.74091339111328,41.815059317940964,41.6865371971661,41.80517445150071,101500
2002-08-30,41.81999969482422,41.83977319725115,41.6717040837372,41.81011482931574,28900
2002-09-03,42.276371002197266,42.4598985186484,42.16228315910809,42.20692376006606,110700
2002-09-04,42.261512756347656,42.385519547046314,42.20199191881993,42.241675000096365,77300
2002-09-05,42.43012237548828,42.48468561267136,42.256513795534474,42.459882765085155,57900
2002-09-06,42.10275650024414,42.28628779204254,42.0829149726672,42.20692168173477,32200
2002-09-09,42.043270111083984,42.23672043280287,42.03830877903317,42.132555166060975,88800
2002-09-10,42.192039489746094,42.26644426854996,41.993631792114776,42.018430862126564,21400
2002-09-11,42.03824234008789,42.03824234008789,41.90927440130562,41.9687989386778,77500
2002-09-12,42.25655746459961,42.276399006296714,42.06310716353673,42.06310716353673,39900
2002-09-13,42.45493698120117,42.48470116607776,42.306131194356624,42.35077179509461,125900
2002-09-16,42.46980285644531,42.61860857983818,42.46980285644531,42.51444343814828,108700
2002-09-17,42.60871124267578,42.63847164551601,42.3606977939808,42.3606977939808,30400
2002-09-18,42.6583137512207,42.767440275620764,42.613673146357925,42.618630690641595,76400
2002-09-19,42.87160110473633,42.89144263300495,42.71783399113518,42.86663977657303,61100
2002-09-20,42.8567008972168,42.89638393522824,42.75749330218818,42.80709899189389,128600
2002-09-23,43.099769592285156,43.18409324246493,43.01544594210539,43.094808264514505,293700
2002-09-24,43.2535400390625,43.37754675222998,43.094811597583515,43.18409658243948,158200
2002-09-25,42.92613983154297,43.149350274340016,42.856696414478,43.0055021148819,88900
2002-09-26,42.89637756347656,42.95093700215964,42.68804353705344,42.82197282435275,256100
2002-09-27,43.17913818359375,43.17913818359375,42.91128323433018,42.946004961954095,199400
2002-09-30,43.432106018066406,43.501549468308696,43.30809931629314,43.3527436968113,97200
2002-10-01,43.053009033203125,43.29180334999323,43.053009033203125,43.162458009884936,150100
2002-10-02,43.19725036621094,43.2121745255181,42.973376589910245,43.06790132627483,43000
2002-10-03,43.17239761352539,43.217173911256296,42.99330001373472,43.207221935953214,37500
2002-10-04,43.217185974121094,43.26195848878251,42.86396666360003,42.86893885707294,61400
2002-10-07,43.38634490966797,43.41122106690768,43.256995724045126,43.371420733551616,80300
2002-10-08,43.3067741394043,43.530644507213,43.217225233166616,43.24707360338885,134600
2002-10-09,43.52559280395508,43.52559280395508,43.36639544706411,43.50072047055722,94500
2002-10-10,43.276885986328125,43.51568413624418,43.23211346822577,43.48085980141974,120400
2002-10-11,42.96844482421875,43.167438862942376,42.873919998927434,43.12266634289996,133600
2002-10-14,42.933624267578125,43.082869809759785,42.849047618550024,43.082869809759785,51300
2002-10-15,42.21221160888672,42.575382578035025,42.18733927669784,42.455981719497274,167000
2002-10-16,42.21221160888672,42.3962850857926,42.1923114657971,42.25201189506597,124200
2002-10-17,41.9883918762207,42.05804056257988,41.89884302296336,41.89884302296336,205300
2002-10-18,42.112770080566406,42.14261843667874,41.72969846446858,41.993372860547886,98600
2002-10-21,41.789405822753906,42.13764935304893,41.779457634275396,42.13764935304893,572300
2002-10-22,41.769474029541016,41.87892299779769,41.724701521927074,41.8142503327219,197500
2002-10-23,41.85902786254883,42.038125505626475,41.81425534956311,41.88887620453931,64300
2002-10-24,42.05801773071289,42.1425905474418,41.7495710045898,41.81424746079034,41800
2002-10-25,42.24209213256836,42.26696448148593,42.15254332621824,42.26696448148593,566500
2002-10-28,42.291812896728516,42.39628580304335,42.28683691198088,42.34156135751211,22100
2002-10-29,42.6749153137207,42.83908878532293,42.451045158312134,42.4958176711669,118300
2002-10-30,42.66994094848633,42.77441774025758,42.575419930340594,42.600292284350516,53000
2002-10-31,42.88888168334961,43.13265225088799,42.59038656862916,42.61028674902003,71100
2002-11-01,42.631736755371094,42.811449296097805,42.4769819622683,42.79647388580371,63400
2002-11-04,42.496971130371094,42.496971130371094,42.3372269951494,42.40711481627135,85000
2002-11-05,42.382144927978516,42.432064241837246,42.307264052890666,42.432064241837246,426300
2002-11-06,42.52192306518555,42.75654804376831,42.262340332485316,42.262340332485316,135100
2002-11-07,42.936279296875,42.96623013827635,42.706647292728064,42.771542051964786,68000
2002-11-08,43.041107177734375,43.041107177734375,42.92628928169101,42.97620861573554,27300
2002-11-11,43.150943756103516,43.150943756103516,42.9812134037806,42.9812134037806,52100
2002-11-12,43.016143798828125,43.17588794621863,42.99118603715514,43.16091252749466,48200
2002-11-13,43.06604766845703,43.11597079108053,42.98118445375633,42.996159867103565,330200
2002-11-14,42.526912689208984,42.786495400849084,42.526912689208984,42.76153764875645,71800
2002-11-15,42.556915283203125,42.556915283203125,42.25739523354655,42.382195571620464,40900
2002-11-18,42.596805572509766,42.65171796570624,42.45702995659142,42.496963126425314,35300
2002-11-19,42.631736755371094,42.76651925661675,42.591799788854324,42.74156150899284,11000
2002-11-20,42.39708709716797,42.731550427223866,42.3371816823504,42.72655735717327,251800
2002-11-21,42.152496337890625,42.257327998042896,42.052653941127986,42.21739103933784,95000
2002-11-22,42.10260009765625,42.212424899866946,42.062666922070896,42.207435633294054,144800
2002-11-25,42.03771209716797,42.18747390758452,42.032719021193806,42.182480831610356,49700
2002-11-26,42.4171028137207,42.42209588933268,42.16250927792075,42.20244626561501,103800
2002-11-27,41.93288040161133,42.23739329016826,41.80808016232082,42.21742479484965,324900
2002-11-29,41.99278259277344,42.0127510865253,41.87796470585043,41.917901693354146,15000
2002-12-02,41.97774124145508,42.01792666894245,41.686402640611554,41.691426777120796,78000
2002-12-03,41.972686767578125,42.10328739636884,41.89231980298498,42.10328739636884,38200
2002-12-04,42.11835479736328,42.18365702609709,42.063100834107175,42.163564327432105,135600
2002-12-05,42.23386764526367,42.3041901424576,42.01285189277494,42.01285189277494,194900
2002-12-06,42.4046745300293,42.6055977103694,42.269053586867,42.6055977103694,194800
2002-12-09,42.56537628173828,42.59049309513174,42.39961834311952,42.44482400848254,143900
2002-12-10,42.530250549316406,42.5905286524121,42.46495214518089,42.54531911701761,154600
2002-12-11,42.67087173461914,42.76631105301547,42.59050480777649,42.675895865137036,287200
2002-12-12,42.706031799316406,42.76128573661471,42.605572185476916,42.645757563928164,69800
2002-12-13,42.55037307739258,42.68599794635576,42.480050490631506,42.68599794635576,32400
2002-12-16,42.37456512451172,42.59558115074946,42.359496546776136,42.59055701407313,37600
2002-12-17,42.47496795654297,42.5201774614717,42.389576908918826,42.5201774614717,73700
2002-12-18,42.73617935180664,42.73617935180665,42.615623197827645,42.63571589015748,106600
2002-12-19,42.957210540771484,42.99739594342775,42.74121879185776,42.80149689584215,187800
2002-12-20,42.957210540771484,42.98735150890914,42.88186770115466,42.927073404924755,79900
2002-12-23,42.93205642700195,42.962193533989684,42.8064800381701,42.881826637926665,109300
2002-12-24,43.09281539916992,43.13802108204596,43.087791268087315,43.11290809121122,37400
2002-12-26,43.15810775756836,43.15810775756836,43.04257958479776,43.09783352213626,85200
2002-12-27,43.4142951965332,43.469549147160755,43.273650170313815,43.33392442024238,149600
2002-12-30,43.494693756103516,43.580088726057085,43.40428231549209,43.419350888927326,60700
2002-12-31,43.48255920410156,43.63902451989881,43.44722820212185,43.54312443561513,194300
2003-01-02,42.79613494873047,43.27562777994719,42.77089686254378,43.204965759574016,106700
2003-01-03,42.86675262451172,42.866752624511726,42.70019066988289,42.75066293925266,518400
2003-01-06,42.760772705078125,42.80115207316628,42.65477975193809,42.80115207316628,214500
2003-01-07,42.897098541259766,42.922336638595134,42.740633120000886,42.76082282771058,101700
2003-01-08,42.99800491333008,43.05352559238651,42.962673922184095,42.987908143980235,162600
2003-01-09,42.47810363769531,42.710279112187024,42.42762752737343,42.69008943821559,98000
2003-01-10,42.5235595703125,42.70526292223693,42.40746982016488,42.680024848051524,235800
2003-01-13,42.599300384521484,42.62958301455307,42.4680692363976,42.49835186642918,219700
2003-01-14,42.700233459472656,42.74566124297942,42.66995083766227,42.700233459472656,204500
2003-01-15,42.79613494873047,42.92231767808132,42.76080393854388,42.78099363733497,239000
2003-01-16,42.780975341796875,42.80116503195373,42.558892600861164,42.73050304179957,205700
2003-01-17,42.9576301574707,43.01315084249821,42.93239208217106,42.977819847552496,60100
2003-01-21,43.10398864746094,43.10398864746094,42.86676467884847,42.86676467884847,82600
2003-01-22,43.2806396484375,43.2806396484375,43.12921896066419,43.179695090447325,120500
2003-01-23,43.189823150634766,43.260485168885054,43.11916113238448,43.11916113238448,78300
2003-01-24,43.275604248046875,43.42197659659618,43.25037002637305,43.305890705160344,209400
2003-01-27,43.14439392089844,43.25038693526091,43.10401452948681,43.22010046630684,413800
2003-01-28,43.149444580078125,43.15449296741867,42.96269660718166,43.124210344957895,1596500
2003-01-29,42.96268081665039,43.16961841205981,42.90211174319918,43.16961841205981,83200
2003-01-30,43.12925338745117,43.15953985965404,42.87184340386909,42.902126025280836,31700
2003-01-31,43.149444580078125,43.215062063131484,43.02831023944376,43.215062063131484,44000
2003-02-03,43.08258056640625,43.19398418784095,42.97117694497155,43.16866377811411,57400
2003-02-04,43.22438430786133,43.25476572200901,43.15349176594754,43.23957501493517,88700
2003-02-05,43.05729293823242,43.2497189266143,42.94082823686396,43.17376150295593,138100
2003-02-06,43.22438430786133,43.25983057881822,43.168682473021384,43.183873180095226,92500
2003-02-07,43.24462890625,43.29020101591586,43.05220302983114,43.08764929179996,44200
2003-02-10,43.16364288330078,43.28517633774221,43.10288001943611,43.24466518626173,29100
2003-02-11,43.204139709472656,43.219330420402,43.05222487346968,43.123121296731235,272100
2003-02-12,43.39150619506836,43.39150619506836,43.23452648154466,43.27503762460596,50300
2003-02-13,43.54844665527344,43.680105831551224,43.41678747899565,43.44717274327643,107100
2003-02-14,43.396549224853516,43.49782704057911,43.29527527248157,43.452251057664185,51300
2003-02-18,43.396549224853516,43.39654922485352,43.22944758977517,43.30540112237731,62600
2003-02-19,43.558624267578125,43.57887984672031,43.44722437733111,43.44722437733111,34600
2003-02-20,43.71049880981445,43.72568951430226,43.533267485201456,43.5585840382301,59400
2003-02-21,43.54844665527344,43.69529653201556,43.53325595480909,43.685166822804604,21500
2003-02-24,43.72064971923828,43.735844295788816,43.619375722366726,43.69533315169806,47000
2003-02-25,43.78141403198242,43.93332888230569,43.77634917341028,43.832051027638464,72800
2003-02-26,43.913047790527344,43.943429197593254,43.77632373202499,43.80670900244378,52900
2003-02-27,43.953575134277344,43.96876584341794,43.811786167805096,43.90293428600296,209300
2003-02-28,44.10043716430664,44.130822456919844,43.85737800353524,43.92827058070654,80700
2003-03-03,44.191802978515625,44.21719336163179,44.06485881099189,44.08009149125017,24800
2003-03-04,44.27813720703125,44.29844874473897,44.16135070774903,44.1867372243614,41100
2003-03-05,44.359397888183594,44.40002097690548,44.237532496048914,44.36955172334858,50500
2003-03-06,44.268001556396484,44.37463426763456,44.21214577326731,44.3644804316253,83600
2003-03-07,44.41524124145508,44.54726430585212,44.2882970302352,44.54218545267495,79800
2003-03-10,44.56246566772461,44.59293101731326,44.511688793734464,44.511688793734464,58500
2003-03-11,44.55235290527344,44.6132875399383,44.47618558045012,44.572664450161724,61200
2003-03-12,44.45075607299805,44.52692332417108,44.43044454775008,44.51676562453344,51600
2003-03-13,43.95824432373047,44.21721161712395,43.94809049070903,44.14612316388341,326900
2003-03-14,44.10043716430664,44.141060259130384,44.003962156639666,44.049660232792725,50800
2003-03-17,43.75514221191406,44.22737496664046,43.724676832264294,44.22737496664046,98700
2003-03-18,43.516456604003906,43.84651219561062,43.516456604003906,43.795735306293054,203900
2003-03-19,43.308292388916016,43.516478904011684,43.298134681430184,43.491092383357746,152800
2003-03-20,43.338748931884766,43.51647003636816,43.18133936420369,43.46569313137712,170600
2003-03-21,42.94268798828125,43.22704178418604,42.922376449426636,43.22704178418604,148800
2003-03-24,43.359066009521484,43.404767941674315,43.252433333204905,43.28797755864377,45800
2003-03-25,43.3641242980957,43.49106845360885,43.21686861281707,43.414901185495324,107500
2003-03-26,43.465660095214844,43.465660095214844,43.333637143358835,43.36410636241889,75400
2003-03-27,43.54691696166992,43.6078476668216,43.45043817980971,43.56214963795784,45800
2003-03-28,43.618038177490234,43.69420549025212,43.59264778189279,43.68404778240096,144700
2003-03-31,43.93289566040039,43.96843992078287,43.82118789493677,43.82118789493677,99300
2003-04-01,43.876304626464844,43.93231768744578,43.387428753312896,43.91195142083954,36500
2003-04-02,43.565711975097656,43.652282296551476,43.49950794145737,43.59117177747118,147400
2003-04-03,43.64206314086914,43.68280345693219,43.51984607789037,43.53512272511142,170400
2003-04-04,43.565711975097656,43.67265246957824,43.51478459992413,43.56061846053766,26400
2003-04-07,43.463829040527344,43.463829040527344,43.16337795179779,43.209207893382825,62300
2003-04-08,43.6268196105957,43.6268196105957,43.479138766670985,43.479138766670985,41500
2003-04-09,43.77444076538086,43.78462778084413,43.54018991743018,43.65222377627791,101000
2003-04-10,43.65733337402344,43.78973354217803,43.636963220797476,43.728626967709594,77900
2003-04-11,43.54532241821289,43.60133939779766,43.38745461883239,43.43838197133601,102800
2003-04-14,43.423099517822266,43.530043845190285,43.35180588971782,43.530043845190285,107700
2003-04-15,43.575870513916016,43.611517325281596,43.45874305645138,43.59114716375683,27600
2003-04-16,43.672607421875,43.68788406458411,43.535109867074524,43.535109867074524,23700
2003-04-17,43.61660385131836,43.774467721337956,43.158285003443254,43.769374210469785,20600
2003-04-21,43.53514862060547,43.53514862060546,43.38237817231397,43.46894848153375,24300
2003-04-22,43.54532241821289,43.703186332381875,43.49439895092078,43.657356377382435,24200
2003-04-23,43.524940490722656,43.586047080873236,43.479106662899255,43.55040027488191,75600
2003-04-24,43.77957534790039,43.861052122009326,43.667541383940375,43.667541383940375,87400
2003-04-25,43.850826263427734,43.9119366983854,43.78971582847008,43.79990284356697,325600
2003-04-28,43.805049896240234,43.97310089879008,43.7948667530007,43.97310089879008,41300
2003-04-29,43.728660583496094,43.76430740774216,43.62172011075789,43.71338004292282,54900
2003-04-30,43.99346160888672,44.003648635148345,43.69301038277541,43.71847017800517,113200
2003-05-01,44.03025817871094,44.19386324990073,43.968904814270054,44.09160764249925,77200
2003-05-02,43.789955139160156,44.0404745097438,43.779727629784205,43.989348664819865,158900
2003-05-05,43.928009033203125,43.96379752589505,43.72350168896933,43.79508257500634,76900
2003-05-06,44.198978424072266,44.204092180220925,43.86665838681777,43.94845898193097,74900
2003-05-07,44.50574493408203,44.556870797689236,44.32679856047678,44.32679856047678,159400
2003-05-08,44.55173110961914,44.77157570575672,44.51082888227934,44.63353556429875,113200
2003-05-09,44.623348236083984,44.63357575245335,44.464856838250164,44.490417827864384,82800
2003-05-12,44.812496185302734,44.894296772648765,44.68467959829425,44.889186917638355,36300
2003-05-13,44.85341262817383,44.85341262817383,44.66424261528234,44.669356372564245,120300
2003-05-14,45.098793029785156,45.13969526375167,44.848273672880765,44.94541550338831,177500
2003-05-15,45.052772521972656,45.14480058087197,44.90450487704315,44.93517959645926,68500
2003-05-16,45.2930793762207,45.303306886525384,45.0987995876071,45.19594143224005,137800
2003-05-19,45.28287124633789,45.461813731317555,45.221517865493304,45.461813731317555,69000
2003-05-20,45.5844841003418,45.5844841003418,45.21637191046628,45.22148176263362,130900
2003-05-21,45.44136047363281,45.68677008485031,45.420909347643565,45.420909347643565,83500
2003-05-22,45.656044006347656,45.656044006347656,45.50777643514137,45.54356489021537,414300
2003-05-23,45.60498046875,45.75836201341439,45.574305720079,45.68678499941226,82200
2003-05-27,45.436214447021484,45.6816199622245,45.42598694184199,45.63560789086781,176200
2003-05-28,45.446495056152344,45.487397326874294,45.23176398584491,45.33401576199457,204400
2003-05-29,45.68681335449219,45.70215073834668,45.54365923764071,45.56411038299908,97800
2003-05-30,45.66118240356445,45.68674727344983,45.44645153887271,45.61005656444521,165000
2003-06-02,45.483829498291016,45.50433665334724,45.37616986775076,45.47357396509295,165700
2003-06-03,45.78628158569336,45.852930788858586,45.611976709528165,45.611976709528165,77000
2003-06-04,45.919578552246094,45.95033731761592,45.765776902720106,45.87856425752737,183600
2003-06-05,45.75553894042969,46.04775903267129,45.72478016587991,46.01700025812151,61500
2003-06-06,45.704288482666016,45.72479564308712,45.545358967237725,45.61200821644153,110900
2003-06-09,45.95543670654297,45.97594384123995,45.81701843650838,45.899043063960285,48800
2003-06-10,46.21181106567383,46.242569839369295,46.08877205955246,46.08877205955246,65600
2003-06-11,46.114376068115234,46.32969909193453,46.10925221639222,46.24767052832009,79600
2003-06-12,46.29383087158203,46.38611108645494,46.15540859360329,46.18104350769972,50100
2003-06-13,46.46302795410156,46.529677194831386,46.38100323418693,46.406634247948816,75200
2003-06-16,46.222049713134766,46.55015621716254,46.21179418475624,46.55015621716254,161200
2003-06-17,45.9708366394043,46.15026925908103,45.94520564307206,46.119510498947236,135200
2003-06-18,45.69401931762695,45.88370756143811,45.67863992973356,45.85294878565134,252300
2003-06-19,45.760643005371094,45.82216052260826,45.550447724577275,45.699121576796365,202600
2003-06-20,45.68890380859375,45.71453482265152,45.55560923693579,45.63763395779729,61300
2003-06-23,45.86318588256836,45.92983117944682,45.6786254636173,45.68888099319153,38100
2003-06-24,46.078521728515625,46.093905028439224,45.84269531043944,45.919596164697744,132200
2003-06-25,45.72984313964844,46.222006345255146,45.632439179470225,46.222006345255146,164700
2003-06-26,45.278778076171875,45.5556189015747,45.23263989427539,45.5556189015747,470200
2003-06-27,45.237762451171875,45.37105704727726,45.05832967449608,45.35567765375379,244200
2003-06-30,45.34539031982422,45.36589746725576,45.1762131983562,45.23260687595835,126500
2003-07-01,45.465728759765625,45.74466009459572,45.419242174399116,45.574205340708176,167200
2003-07-02,45.51221466064453,45.56386773053909,45.21262133802881,45.21262133802881,86900
2003-07-03,45.2230110168457,45.49160968159062,45.19201598334631,45.465781143821374,205300
2003-07-07,44.98025131225586,45.12488171183179,44.96991831749597,45.02157540952979,196100
2003-07-08,44.99570083618164,45.14549757990633,44.89239463955436,45.13516459571633,156700
2003-07-09,45.078338623046875,45.176482254562615,45.006023507470516,45.109333630349774,90600
2003-07-10,45.18168258666992,45.264326805995,45.083538881645275,45.20750718107349,292800
2003-07-11,45.34176254272461,45.34692903272448,45.114484273256615,45.114484273256615,37900
2003-07-14,45.078338623046875,45.38309855944289,45.06800958119807,45.28495492792716,187400
2003-07-15,44.463661193847656,45.068010648713006,44.36551756000722,45.0215240479749,530600
2003-07-16,44.479122161865234,44.48945119593182,44.174362455084946,44.174362455084946,304400
2003-07-17,44.38619613647461,44.40685816924466,44.14342217752637,44.14858867093883,173800
2003-07-18,44.27252960205078,44.370673211915125,44.25703407225691,44.32934917187989,182600
2003-07-21,43.694007873535156,44.21571307749878,43.59586819778898,44.1330689326137,497800
2003-07-22,43.848976135253906,43.869638159084246,43.63719728752954,43.740503465803165,121500
2003-07-23,43.98330307006836,44.164090958329886,43.947145492416055,44.03495618944588,209400
2003-07-24,43.81279373168945,43.848951267667395,43.724983135868136,43.80246469607112,186300
2003-07-25,43.75600814819336,44.06593068869966,43.719850584148936,43.8541517966906,34700
2003-07-28,43.435768127441406,43.632055494500094,43.420272586016836,43.621722506296834,124100
2003-07-29,43.0121955871582,43.72502184299674,43.0121955871582,43.37377520789815,297800
2003-07-30,43.358314514160156,43.55459804941159,43.20851762901464,43.23434223211265,158600
2003-07-31,43.06900405883789,43.244629301454765,42.71775751448248,43.13099013403414,241800
2003-08-01,43.24458694458008,43.41652420813327,43.057019743442126,43.0934909228267,160400
2003-08-04,43.56239318847656,43.5884457250798,43.24457132220025,43.29146111801529,498600
2003-08-05,43.27063751220703,43.64056059335452,43.156012675079026,43.53114706020331,169300
2003-08-06,43.713497161865234,43.78643950764305,43.359204064490264,43.38004530257817,338000
2003-08-07,43.86980056762695,43.88543447751714,43.60408372538965,43.85417063279649,292400
2003-08-08,43.8646354675293,44.15640513207488,43.817741642833866,43.958419141856595,235900
2003-08-11,43.6822509765625,43.791668514523,43.53636622603026,43.791668514523,150300
2003-08-12,43.604103088378906,43.81771891768708,43.55720928800397,43.6926754084564,197500
2003-08-13,43.119544982910156,43.400895794496236,43.07265119344886,43.37484324756656,346200
2003-08-14,43.208091735839844,43.21851036341542,42.80690898571961,42.98405347991191,314300
2003-08-15,43.1924934387207,43.29669569102124,43.1924934387207,43.29669569102124,10700
2003-08-18,43.322776794433594,43.35924800428203,43.17689195503985,43.31756548586561,137700
2003-08-19,43.66661834716797,43.66661834716797,43.24459406267228,43.286276553132886,162100
2003-08-20,43.45819091796875,43.71348908099673,43.3591960491163,43.69264784676153,99000
2003-08-21,43.29668045043945,43.452987748930674,43.07264210930055,43.37483409968507,129800
2003-08-22,43.327945709228516,43.36441688339212,43.166427102166985,43.18205703751426,241900
2003-08-25,43.140377044677734,43.4008865582928,43.06222339558128,43.29668036781094,99600
2003-08-26,43.29668045043945,43.29668045043945,42.98406982851673,43.00491106665287,87500
2003-08-27,43.1924934387207,43.327959546760304,43.067449940947824,43.327959546760304,50800
2003-08-28,43.49467086791992,43.531142041432176,43.27583985178662,43.27583985178662,64600
2003-08-29,43.374874114990234,43.52075894146895,43.275879136281084,43.510340300319065,62600
2003-09-02,43.19816970825195,43.487382065558194,43.19816970825195,43.32963096481274,118000
2003-09-03,43.308597564697266,43.32963184760104,43.21920487126567,43.25601386337746,105600
2003-09-04,43.58727264404297,43.61882204642756,43.3348694012118,43.434777179388746,145000
2003-09-05,44.139461517333984,44.17101095564299,43.84498538288342,43.971191159883,130000
2003-09-08,43.93435287475586,44.36554562919875,43.93435287475586,44.071069690933015,224000
2003-09-09,44.14468765258789,44.16572193473159,43.90279942575399,44.044779827254196,69300
2003-09-10,44.44442367553711,44.47597710790346,44.1815011398014,44.22356970837019,136800
2003-09-11,44.2866325378418,44.32870106839179,44.19723991932998,44.31818192981635,79200
2003-09-12,44.465450286865234,44.712598069709706,44.4496755793439,44.53906826321735,146000
2003-09-15,44.54433059692383,44.60217386933937,44.302442372222046,44.41286934359379,125700
2003-09-16,44.50750732421875,44.57586570973802,44.360271409637065,44.47595791734489,80100
2003-09-17,44.75471115112305,44.82306962234191,44.5128227007915,44.58118117201037,177100
2003-09-18,44.749412536621094,44.791481103081054,44.52855858052526,44.75993168417574,132200
2003-09-19,44.749412536621094,44.791481103081054,44.63372598479585,44.723122691493096,195200
2003-09-22,44.55484390258789,44.581133742679796,44.30243656405869,44.5180349169564,249500
2003-09-23,44.66005325317383,44.67582797442798,44.44445469768101,44.49178287332576,96300
2003-09-24,44.88608169555664,44.964959163889766,44.59686564896007,44.628419043418134,258000
2003-09-25,44.94922637939453,45.04387862726497,44.87560439827003,44.933447661517434,314800
2003-09-26,45.29100036621094,45.30151950635079,45.04911229738854,45.08592126412507,281300
2003-09-29,45.09647750854492,45.25948820794555,45.0754432228352,45.170095502589064,97500
2003-09-30,45.53290939331055,45.68540490051853,45.19111340709364,45.19111340709364,450400
2003-10-01,45.734954833984375,45.85162628738785,45.634196434618765,45.75086384198765,102100
2003-10-02,45.570526123046875,45.68719749904534,45.374305713773815,45.464463442702026,163500
2003-10-03,44.93946075439453,45.16749925245882,44.89173374239747,45.16749925245882,319500
2003-10-06,45.07205581665039,45.13569589934302,44.849321596278514,44.849321596278514,89900
2003-10-07,44.81221389770508,45.05085720537305,44.791000529862295,45.04025254446976,93000
2003-10-08,44.891754150390625,44.97130325258268,44.72735159358428,44.72735159358428,116100
2003-10-09,44.74855041503906,44.75915911643599,44.60006096375495,44.63718332657598,173700
2003-10-10,44.88114929199219,44.97130710675552,44.84933126680263,44.89175799774587,73400
2003-10-13,44.81221389770508,44.94479441219533,44.732664779803684,44.94479441219533,62100
2003-10-14,44.631900787353516,44.77508594493312,44.589474056946344,44.64250544693746,118700
2003-10-15,44.4727897644043,44.50991213131143,44.361422663682895,44.462181061839665,62800
2003-10-16,44.22883987426758,44.62658123276633,44.212930867293124,44.52581879388232,89600
2003-10-17,44.46747970581055,44.49399741278409,44.24474553295522,44.31899025724033,84800
2003-10-20,44.499290466308594,44.621262176940185,44.36671005716721,44.414437062362275,90700
2003-10-21,44.57883834838867,44.71672311567259,44.547020342874404,44.631873752290126,213400
2003-10-22,44.90235900878906,44.95009008873062,44.74326484973321,44.81750959983302,167300
2003-10-23,44.7591552734375,44.944767071606115,44.67430185368399,44.91824936642471,146700
2003-10-24,45.07205581665039,45.15690926024056,44.875839308909164,44.944779697300014,136500
2003-10-27,44.9500732421875,45.077349330938304,44.8811288243373,44.97658690240888,171300
2003-10-28,45.16221237182617,45.22054405514903,44.78037997822522,44.89705143694049,174300
2003-10-29,44.87055206298828,45.103895075782745,44.87055206298828,45.08798201451696,111400
2003-10-30,44.706146240234375,44.76448198394571,44.5841703999191,44.626597130988394,302000
2003-10-31,44.865238189697266,44.897060259440394,44.76447976594481,44.78568908439281,77600
2003-11-03,44.694435119628906,44.74764196860113,44.55077622146165,44.72635841712777,133500
2003-11-04,44.85403823852539,44.859356079279436,44.742298631963784,44.779547873764606,84700
2003-11-05,44.694435119628906,44.84873782324402,44.65186801668218,44.82213236904673,172900
2003-11-06,44.46565628051758,44.572070012600435,44.444372722216265,44.56143026316161,143700
2003-11-07,44.391170501708984,44.42841571777806,44.27943485350175,44.33264172511127,112900
2003-11-10,44.375179290771484,44.51883815437786,44.30600675026871,44.42838612694342,97800
2003-11-11,44.44438171386719,44.56143927849474,44.3220063031562,44.3220063031562,27300
2003-11-12,44.588035583496094,44.59335342848668,44.470978042924585,44.470978042924585,80200
2003-11-13,44.976436614990234,44.987080420803096,44.7529654059902,44.758287308896634,134700
2003-11-14,45.22119903564453,45.22652093945237,44.992405884985665,44.992405884985665,70000
2003-11-17,45.2744140625,45.41807707526472,45.26909621715607,45.26909621715607,113300
2003-11-18,45.46063232421875,45.46063232421876,45.15734878242472,45.19459398722669,95700
2003-11-19,45.15202331542969,45.50851368460161,45.13073976301938,45.492552035149515,524800
2003-11-20,45.434051513671875,45.434051513671875,45.22121991673744,45.39680628866523,59600
2003-11-21,45.41272735595703,45.519145089015495,45.40740545444875,45.481899897300394,237400
2003-11-24,45.173316955566406,45.295692334975335,45.1201100923702,45.27440877781216,164400
2003-11-25,45.28508758544922,45.3648999716396,45.210597107518616,45.210597107518616,126400
2003-11-26,45.173316955566406,45.306336143268645,45.1201100923702,45.23184572290926,56800
2003-11-28,44.87534713745117,45.00304846882761,44.87002929321113,45.00304846882761,121400
2003-12-01,44.60111618041992,44.68114292210743,44.42505816277321,44.66513838783577,201100
2003-12-02,44.72917938232422,44.72917938232421,44.49443930916811,44.633152127622566,278700
2003-12-03,44.61183166503906,44.782553646018016,44.553145602483816,44.70786303373554,119300
2003-12-04,44.70783233642578,44.78785503011672,44.59579242459787,44.62780557240454,78000
2003-12-05,45.25198745727539,45.34801871855135,45.038584202181205,45.09193399837262,1858200
2003-12-08,45.0812873840332,45.25200925628378,45.054610437922285,45.25200925628378,107200
2003-12-09,44.857200622558594,45.267998590500234,44.76116934727847,45.19864425237036,282800
2003-12-10,44.969234466552734,45.02258426819238,44.84119412855179,45.017248066929724,158200
2003-12-11,45.2413215637207,45.283998960776124,44.82518336221814,44.89454176429961,52200
2003-12-12,45.2413215637207,45.433384096620735,45.22531296070507,45.27866683009967,96700
2003-12-15,45.22001266479492,45.32137613328099,45.118645125977224,45.22001266479492,204500
2003-12-16,45.76426315307617,45.77503828120735,45.581053086244474,45.70498967066667,79000
2003-12-17,45.88273239135742,46.033608596056965,45.850398839587335,45.931226552410166,92600
2003-12-18,46.039039611816406,46.055204346705096,45.84505457100815,45.88816327142597,71900
2003-12-19,46.04441452026367,46.04441452026367,45.88815271158414,45.96897636742838,342100
2003-12-22,45.92048645019531,46.109081849846184,45.877377755683284,46.08752750259018,80500
2003-12-23,45.607948303222656,45.86659632361806,45.607948303222656,45.850427482098304,87400
2003-12-24,45.8935432434082,45.89893285807872,45.73189180293566,45.7696108834864,33900
2003-12-26,46.039039611816406,46.049814731384885,45.97437656118967,45.99593091139858,120800
2003-12-29,45.75883865356445,45.909714998845935,45.75883865356445,45.86661040810271,88300
2003-12-30,45.71034622192383,45.77500516608494,45.602574463201584,45.66723751843493,86500
2003-12-31,45.790889739990234,45.80711193835372,45.6827664987239,45.736828119357064,182200
2004-01-02,45.42326354980469,45.69357576930389,45.27729676611547,45.69357576930389,259700
2004-01-05,45.38543701171875,45.41787729496853,45.261095653950456,45.30434661519103,210700
2004-01-06,45.72601318359375,45.78548219813912,45.466511654246936,45.466511654246936,144300
2004-01-07,45.82876205444336,45.91526400146508,45.677387771795196,45.69901325855063,66500
2004-01-08,45.82876205444336,45.89363851470965,45.73685682921267,45.79091848378132,140000
2004-01-09,46.36935806274414,46.39639093556605,46.25042414638468,46.33151451557583,914600
2004-01-12,46.36935806274414,46.574797997061175,46.29367096840753,46.33151451557583,136000
2004-01-13,46.61808776855469,46.62889845190451,46.30452433108028,46.36399340110614,77200
2004-01-14,46.7099723815918,46.73159786338026,46.48831428673929,46.54778333049782,114200
2004-01-15,46.73698806762695,46.96405350057423,46.558585110891045,46.70995931643073,472900
2004-01-16,46.5423469543457,46.82888131618403,46.49369274409012,46.82888131618403,64400
2004-01-20,46.46125793457031,46.61263209254926,46.40719219988944,46.42881766883449,86900
2004-01-21,46.59640884399414,46.618034310536075,46.43962730504209,46.542343115321295,248700
2004-01-22,46.79642868041992,46.79642868041992,46.58018230360177,46.666680029401974,176000
2004-01-23,46.445068359375,46.915409192428854,46.39640999323623,46.85594014750313,344900
2004-01-26,46.25039291381836,46.43961052188254,46.21254939220552,46.43961052188254,283700
2004-01-27,46.434242248535156,46.45046032508575,46.23961708065212,46.23961708065212,138100
2004-01-28,46.09907531738281,46.618078759977124,45.834170317775246,46.418046097213896,805400
2004-01-29,46.04499435424805,46.08824531043494,45.8774020548216,45.97471464392301,155100
2004-01-30,46.25585174560547,46.277477230307646,46.10447747732972,46.21260490084059,110000
2004-02-02,46.20976638793945,46.453773118233954,46.17180969351654,46.20976638793945,78600
2004-02-03,46.38870620727539,46.38870620727539,46.26941255878464,46.35074951338918,89200
2004-02-04,46.31278991699219,46.339899475515125,46.22602940099296,46.339899475515125,126100
2004-02-05,46.1392822265625,46.36160301036967,46.09048252492891,46.29653260455458,209700
2004-02-06,46.42121505737305,46.49712840544497,46.372411255345554,46.41579149337728,297000
2004-02-09,46.529640197753906,46.57844397742176,46.469993432029476,46.52964019775391,176000
2004-02-10,46.399539947509766,46.49714344616997,46.367006826945875,46.47002975438771,344200
2004-02-11,46.643558502197266,46.79538942308164,46.29652467125786,46.34532850149881,202200
2004-02-12,46.61644744873047,46.74116052996833,46.540534059202336,46.686937271301026,109000
2004-02-13,46.73573303222656,46.84960309686194,46.67608621689821,46.74657602730048,205900
2004-02-17,46.73573303222656,46.80622284262883,46.68692921197212,46.80622284262883,48000
2004-02-18,46.72486877441406,46.914652145912925,46.692335664147755,46.914652145912925,74200
2004-02-19,46.757423400878906,46.768266396008826,46.62186320842671,46.64354919868655,39700
2004-02-20,46.600162506103516,46.74114209564344,46.53509213918429,46.73029910297414,62300
2004-02-23,46.7519645690918,46.77365467995921,46.61098091693643,46.64351401475473,230200
2004-02-24,46.83332443237305,46.936347338341,46.77367763245955,46.827900867753364,299600
2004-02-25,46.88752746582031,46.92548412786884,46.84957080377179,46.88752746582031,108700
2004-02-26,46.81704330444336,46.8441569845313,46.74112996455722,46.80620031458823,169800
2004-02-27,47.00143051147461,47.03396363412313,46.87129388391172,46.94178369530645,161900
2004-03-01,47.050880432128906,47.1650852537596,46.963872173957824,47.121579050184096,284600
2004-03-02,46.77899932861328,46.936706293995314,46.69199102125418,46.925831811443786,284500
2004-03-03,46.73551940917969,46.757272533579325,46.605000662781855,46.697452478726376,270400
2004-03-04,46.8823356628418,46.8823356628418,46.67568725807563,46.71375417866369,383700
2004-03-05,47.46421813964844,47.58385821843495,47.43702985291352,47.55666578271686,904800
2004-03-08,47.73067092895508,47.736110244111316,47.63278400105197,47.68716885465066,208400
2004-03-09,47.91012954711914,47.93188265810791,47.70892053119093,47.72523432718709,254300
2004-03-10,47.9046630859375,47.942734120330364,47.812215528358834,47.823094152179465,245100
2004-03-11,47.91012954711914,48.03520889805917,47.70348121619831,48.02433026807394,486800
2004-03-12,47.76332473754883,47.948220048464165,47.757885419879635,47.88296483236874,245600
2004-03-15,47.79048538208008,47.87205850399465,47.698037780101515,47.77417158749343,432800
2004-03-16,48.02433395385742,48.056965697335855,47.659978652040614,47.71979867460541,178400
2004-03-17,47.991668701171875,48.15481484360023,47.942727347830626,48.15481484360023,522300
2004-03-18,47.83945083618164,48.00803231575302,47.80138391663382,47.893831557109536,207200
2004-03-19,47.77415466308594,47.839413967295194,47.71433467147242,47.8067863896805,329500
2004-03-22,47.95362854003906,47.98082096192117,47.828549207954865,47.85574162983697,87300
2004-03-23,48.02433395385742,48.02433395385742,47.910133224137915,47.931886336796204,200400
2004-03-24,47.991668701171875,48.035174892349936,47.94816250999382,48.00254317447702,397900
2004-03-25,47.926422119140625,47.96448900926783,47.8666021276579,47.91010833036894,71000
2004-03-26,47.621910095214844,47.88294328910492,47.55121559325676,47.88294328910492,316200
2004-03-29,47.42070388793945,47.442457003040985,47.33369557651579,47.431582519981454,196500
2004-03-30,47.437034606933594,47.55667054872655,47.393528365017836,47.55667054872655,78500
2004-03-31,47.611026763916016,47.64909366543024,47.469633637299836,47.48050811674057,222000
2004-04-01,47.49432373046875,47.5870424707042,47.385239188000746,47.57068082962145,438500
2004-04-02,46.61620330810547,46.79618964516856,46.55075259613281,46.74164530461687,321800
2004-04-05,46.387123107910156,46.46893128065556,46.30531077401658,46.430752746324984,214500
2004-04-06,46.550743103027344,46.583470532914035,46.46893077003277,46.52347509946122,87400
2004-04-07,46.55619812011719,46.681640090378735,46.523474851552976,46.5671044892559,144100
2004-04-08,46.46893310546875,46.58347287410656,46.46348200117043,46.50711164129858,43200
2004-04-12,46.32168960571289,46.36532342147514,46.26714941658493,46.36532342147514,98900
2004-04-13,45.961692810058594,46.12531745294752,45.961692810058594,46.05441566030767,382100
2004-04-14,45.928958892822266,45.93441415595923,45.65079872888872,45.65079872888872,473900
2004-04-15,45.86355209350586,45.961726118155646,45.78719498112831,45.86900736186155,128200
2004-04-16,46.0325927734375,46.08167766322805,45.92350830532465,46.01077587981493,135900
2004-04-19,45.91262435913086,46.11987870803121,45.89626272121097,46.09261069854772,211700
2004-04-20,45.579917907714844,45.9235247426764,45.579917907714844,45.85807819953047,395700
2004-04-21,45.67262268066406,45.78170715453363,45.607176157489526,45.607176157489526,340300
2004-04-22,45.852596282958984,45.923498050539635,45.75987762662751,45.84714102048476,1074000
2004-04-23,45.661712646484375,45.72715916440251,45.59080670387724,45.68898064190131,94800
2004-04-26,45.65626907348633,45.69444760576336,45.607184172479265,45.607184172479265,51700
2004-04-27,45.836299896240234,45.836299896240234,45.634496508924556,45.7544874872662,65700
2004-04-28,45.53630447387695,45.792647978927135,45.509036455751605,45.73265251344091,86800
2004-04-29,45.43268585205078,45.65084667289038,45.329056549346326,45.579944822232605,197000
2004-04-30,45.54178237915039,45.57996095242334,45.383612815261756,45.46542523260449,57000
2004-05-03,45.52422332763672,45.59535760090503,45.48045320702531,45.50234035460429,69400
2004-05-04,45.39288330078125,45.770429113771385,45.39288330078125,45.633637636548244,588700
2004-05-05,45.28895950317383,45.55160120276575,45.28349084504038,45.55160120276575,290200
2004-05-06,45.245201110839844,45.32180409007578,45.22331394897968,45.28350260045781,256000
2004-05-07,44.68708801269531,44.85671247003113,44.60501220102304,44.85671247003113,428400
2004-05-10,44.67612075805664,44.78007949665078,44.62140497334181,44.70894939397618,275300
2004-05-11,44.76368713378906,44.78557429331927,44.6597283442066,44.687084162707734,132400
2004-05-12,44.69803237915039,44.81840967615799,44.64878522376134,44.74180252615846,74100
2004-05-13,44.56120681762695,44.61592259062761,44.49007255563479,44.59403544651817,143200
2004-05-14,44.7855224609375,44.829296729335915,44.63231669608706,44.648731003100465,186900
2004-05-17,45.075557708740234,45.108390525008346,44.98801327263614,44.98801327263614,623700
2004-05-18,44.987979888916016,45.004394197595936,44.90043134323056,44.96609275249465,148000
2004-05-19,44.78007507324219,44.84026368284706,44.73630495452204,44.77460641749365,59200
2004-05-20,45.00441360473633,45.02630075059603,44.89498204998402,44.97705362877514,136900
2004-05-21,44.90595245361328,45.1248198786076,44.86765096733044,45.1248198786076,212800
2004-05-24,44.93880081176758,44.949746483818835,44.834841974585125,44.92238647824144,64000
2004-05-25,44.955196380615234,45.05368233151777,44.944250714149206,45.01538084798391,74600
2004-05-26,45.17953109741211,45.20141825514097,45.05368098410828,45.10292813263534,131000
2004-05-27,45.425743103027344,45.44216159818244,45.29442436361878,45.36555865231516,577000
2004-05-28,45.29991912841797,45.42576509703961,45.190483313801884,45.376522111374484,59800
2004-06-01,45.07426452636719,45.184070365665995,44.96995421486392,45.16210919780623,188900
2004-06-02,44.997406005859375,45.11269900452249,44.991914666304524,45.06328951452321,141200
2004-06-03,45.06874084472656,45.10717600239743,44.964430608079056,45.00835291227878,165000
2004-06-04,44.882102966308594,45.08524059774483,44.86563313999342,45.08524059774483,157000
2004-06-07,44.94796371459961,44.95345086148536,44.77776582192131,44.84364928250598,119600
2004-06-08,44.93695831298828,44.93695831298828,44.78323450471076,44.84362659919974,627400
2004-06-09,44.80521011352539,44.87109356205616,44.69540855463509,44.81618859395003,146000
2004-06-10,44.8546257019043,44.887569525012296,44.72286297545697,44.783255097716484,156600
2004-06-14,44.635032653808594,44.772286746607925,44.60758015978372,44.74483425258306,185900
2004-06-15,45.227989196777344,45.27740287237529,44.926032558633715,44.96446355580343,423700
2004-06-16,45.12914276123047,45.1675737385814,45.02483250194216,45.06326347929309,55100
2004-06-17,45.25544357299805,45.25544357299804,44.99191373247718,45.035836070674776,91500
2004-06-18,45.162078857421875,45.28286310517413,45.15658752197995,45.26090195206811,114600
2004-06-21,45.23345947265625,45.27738178858729,45.16757599875969,45.23895080931327,44300
2004-06-22,45.173099517822266,45.21702186504464,45.15662968478026,45.20603918390626,209400
2004-06-23,45.23897933959961,45.24995783117474,45.112703648826844,45.118194988947025,149000
2004-06-24,45.41463088989258,45.50796265948492,45.37619991484501,45.431100709389796,188800
2004-06-25,45.43661880493164,45.44210595555423,45.348774130994954,45.35975680956934,61200
2004-06-28,45.1016960144043,45.29385090779577,45.09620467783239,45.266398413598765,102800
2004-06-29,45.31584548950195,45.31584548950196,45.07427676611201,45.14016028758171,103600
2004-06-30,45.59584045410156,45.62878011706065,45.35427175596109,45.38172426753712,452200
2004-07-01,45.68559265136719,45.72965561741423,45.481785148803205,45.59194886763555,115500
2004-07-02,46.076683044433594,46.18133732504879,45.96651511421124,46.11524076939221,146900
2004-07-06,45.98857116699219,46.120772747843276,45.97204702000552,46.082215004048095,107100
2004-07-07,46.010597229003906,46.08220745752425,45.97203949152303,45.99407308472327,61500
2004-07-08,46.016109466552734,46.1317826860053,45.999585321270715,46.04364830786327,186500
2004-07-09,46.093196868896484,46.11523045001042,46.02159088213313,46.071163287782554,192300
2004-07-12,46.14828872680664,46.18133700440547,46.11524044920781,46.120749896299884,182400
2004-07-13,46.04917526245117,46.060194165146925,45.944520901721816,46.043665811103295,84200
2004-07-14,46.0271110534668,46.06566878230258,45.99406277231534,46.016096360575396,252300
2004-07-15,46.005062103271484,46.049129265076765,45.966504387310835,46.02709568417413,77600
2004-07-16,46.45123291015625,46.45123291015625,46.22539186676561,46.22539186676561,225800
2004-07-19,46.44021224975586,46.45673638352555,46.38513040303172,46.39614929386186,44700
2004-07-20,46.13729476928711,46.4071989634189,46.115261173493685,46.335592928949275,111200
2004-07-21,46.03813171386719,46.060165302971974,45.90593017923844,46.02160757265795,98800
2004-07-22,46.093196868896484,46.16480285565984,46.0656538418851,46.098706314793944,54400
2004-07-23,46.203369140625,46.214388034463425,46.1042201084626,46.1042201084626,54000
2004-07-26,46.04365539550781,46.12628033711507,46.03815014788534,46.098741491565384,65300
2004-07-27,45.718658447265625,46.032629788985076,45.702134303355884,46.032629788985076,73800
2004-07-28,45.790260314941406,45.801279211533036,45.59196220106943,45.641538830776284,83600
2004-07-29,45.83433532714844,45.83984477638554,45.746205151747034,45.76823454373856,39600
2004-07-30,46.14828872680664,46.15930762099079,45.9995672751351,46.005072519750364,64700
2004-08-02,46.19417190551758,46.28812186864116,46.15548811466092,46.28812186864116,226300
2004-08-03,46.30466842651367,46.354402888145046,46.19414037364267,46.19414037364267,167700
2004-08-04,46.277061462402344,46.42074590407462,46.2604832991741,46.30469454526041,103100
2004-08-05,46.41521072387695,46.459421962609476,46.3654762424647,46.3654762424647,130000
2004-08-06,47.050716400146484,47.08387270898291,46.89598133729087,47.00098193689186,235700
2004-08-09,46.895999908447266,46.99547309056287,46.890472449380866,46.97336747051319,96100
2004-08-10,46.702579498291016,46.99547157613298,46.69152458051446,46.9567877963466,151600
2004-08-11,46.862857818603516,46.862857818603516,46.708118431261816,46.724700813497044,174900
2004-08-12,46.923667907714844,46.95129679117616,46.75235027889083,46.80761226203252,80100
2004-08-13,47.00650405883789,47.13361026670955,47.0065040588379,47.083871588424415,78300
2004-08-16,46.95679473876953,46.99547852427519,46.85732154515264,46.9899510645697,304300
2004-08-17,47.177860260009766,47.177860260009766,46.97891381579913,46.99549198344708,66400
2004-08-18,47.02311325073242,47.27732583427019,46.995484381194444,47.24969274851528,79600
2004-08-19,47.139137268066406,47.15018796523738,46.984397994174074,47.03413667197871,61800
2004-08-20,47.04521179199219,47.155739902151495,47.03968854864644,47.10047795517998,36700
2004-08-23,46.88495635986328,46.951273236094096,46.868378194859815,46.92916761068383,73100
2004-08-24,46.92914581298828,46.93467327082769,46.807567037811296,46.83520011079333,94300
2004-08-25,46.93473434448242,47.06736399170708,46.93473434448242,46.96236745342194,88900
2004-08-26,47.139137268066406,47.139137268066406,46.97887475369564,47.05071482584222,98700
2004-08-27,47.08388900756836,47.1944171023073,47.072838306202314,47.12810024546393,62200
2004-08-30,47.24968338012695,47.27178900110452,47.13363203215678,47.17231581481351,41400
2004-08-31,47.45414352416992,47.52045615175909,47.26072045046183,47.29388098047129,127600
2004-09-01,47.44638442993164,47.53508165609658,47.313342820000756,47.50736271559091,209500
2004-09-02,47.19139862060547,47.440856462606035,47.18585821450505,47.440856462606035,107100
2004-09-03,47.063865661621094,47.09712499008907,46.93082411843476,47.063865661621094,211800
2004-09-07,47.09160614013672,47.10269540857336,46.96965379255076,47.02508744678378,53300
2004-09-08,47.363250732421875,47.37988041014781,46.975206591772555,47.008470176542275,142700
2004-09-09,47.28010559082031,47.485214850282254,47.25793127390671,47.39097294606982,105300
2004-09-10,47.374305725097656,47.47963258964393,47.35767605791985,47.440828623124006,150300
2004-09-13,47.49075698852539,47.50184626204564,47.36325994827313,47.40760435439816,90300
2004-09-14,47.501853942871094,47.55174299382306,47.38544192799715,47.46859034625044,119500
2004-09-15,47.451961517333984,47.49631016074746,47.39652782772684,47.47968047679726,66900
2004-09-16,47.71249771118164,47.77347602985524,47.47967371041998,47.47967371041998,249500
2004-09-17,47.54619216918945,47.74575680566755,47.54619216918945,47.67369344278554,142100
2004-09-20,47.81782531738281,47.834454999189305,47.67923899657023,47.67923899657023,181200
2004-09-21,47.851097106933594,47.89544575614658,47.651532414795156,47.76794444698925,81700
2004-09-22,48.04507827758789,48.067252584248656,47.79562472895821,47.81225440162464,93600
2004-09-23,47.878787994384766,48.089437610643664,47.851069047550766,48.07280793427026,246700
2004-09-24,47.873252868652344,47.87879750498403,47.7346665655887,47.83444887296726,93100
2004-09-27,48.00629425048828,48.02846856636506,47.91760121629943,47.967490255033475,201200
2004-09-28,47.956398010253906,48.05618030205623,47.8787900309985,48.00628704149623,202800
2004-09-29,47.65705871582031,47.77347070322147,47.64596944312401,47.7623856598435,226100
2004-09-30,47.60716247558594,47.61825174759002,47.40759787269309,47.50738017413951,175000
2004-10-01,47.416439056396484,47.47760037571591,47.333036871687135,47.455359510326,270200
2004-10-04,47.43312072753906,47.455361593905494,47.26075931571368,47.266320592808164,278100
2004-10-05,47.43312072753906,47.4831637373664,47.37752068262876,47.43312072753907,220000
2004-10-06,47.277427673339844,47.41086859782546,47.24406850272107,47.41086859782546,137100
2004-10-07,47.19409942626953,47.294181336897566,47.16630148788333,47.26638339851137,130500
2004-10-08,47.59440612792969,47.63888790019684,47.533244751566166,47.58328780587054,123400
2004-10-11,47.672203063964844,47.67776434086399,47.56656425494932,47.5721212898371,48800
2004-10-12,47.672203063964844,47.75004397250739,47.66664602907707,47.733364383821325,142700
2004-10-13,47.84458541870117,47.85014245552942,47.599940053847014,47.63329924286791,130600
2004-10-14,48.011375427246094,48.039177573544585,47.81121185153038,47.85569358880319,81300
2004-10-15,47.85013198852539,47.96689336657034,47.700011428756724,47.933534184846614,195100
2004-10-18,47.92241287231445,47.933531184855866,47.78341063448271,47.90017200521998,207800
2004-10-19,47.90571594238281,47.95575469372445,47.73335034529356,47.75002992907411,65300
2004-10-20,48.122581481933594,48.12813851778137,48.000258821088856,48.06697718735901,110700
2004-10-21,48.055877685546875,48.23380046860354,48.05587768554688,48.07255728364379,156600
2004-10-22,48.18927764892578,48.189277648925774,47.99467543359811,48.055836735845396,64100
2004-10-25,48.244903564453125,48.300507863250274,48.2004260642328,48.26158739929972,172300
2004-10-26,48.161502838134766,48.26714166736344,48.13926196829395,48.2337824836083,37400
2004-10-27,47.86676788330078,48.2615376360474,47.82229042894188,48.21705593968045,126800
2004-10-28,47.939109802246094,47.99470986908763,47.73894616800603,47.78342791828453,49500
2004-10-29,48.07809066772461,48.0780906677246,47.87236584586328,47.93352716474067,341100
2004-11-01,47.841064453125,48.047421710049285,47.818755215480316,47.99722486158575,128800
2004-11-02,47.95819854736328,47.96377692214122,47.80203809400668,47.85780907662644,191300
2004-11-03,47.9414176940918,47.96372691489063,47.65698044771774,47.69602052035349,139800
2004-11-04,47.913570404052734,48.05857406575605,47.891261166471,48.019533963751,435100
2004-11-05,47.55662536621094,47.61240058594192,47.450661809836156,47.57893460309296,886400
2004-11-08,47.48970413208008,47.51758748819803,47.422776418303286,47.500856623516846,300600
2004-11-09,47.50086975097656,47.5510666139447,47.46182963758055,47.49529563124372,95000
2004-11-10,47.406028747558594,47.51199652637519,47.29448685252573,47.450647207591956,118700
2004-11-11,47.39490509033203,47.51759954748283,47.39490509033203,47.51759954748283,94500
2004-11-12,47.57331848144531,47.64024187795113,47.439463178337505,47.49523834882314,154700
2004-11-15,47.59563446044922,47.62910042149652,47.511980195453674,47.57332949314979,144700
2004-11-16,47.54545593261719,47.55660841955811,47.48968498781186,47.52872507468062,125900
2004-11-17,47.79640197753906,47.818711194646376,47.52869988234746,47.54543073141593,199600
2004-11-18,47.835472106933594,47.86335970960632,47.723930206344235,47.72950857788893,110100
2004-11-19,47.57331848144531,47.82428972843829,47.49523834882314,47.79640214319547,2162100
2004-11-22,47.606815338134766,47.645855433277625,47.539887637153626,47.54546600933153,168100
2004-11-23,47.56221008300781,47.735101373088774,47.523169977020096,47.5566317092803,183600
2004-11-24,47.62912368774414,47.62912368774414,47.54546512683332,47.595657710349116,51900
2004-11-26,47.456241607666016,47.478550847218166,47.41720150221285,47.43393662316624,62600
2004-11-29,47.17177200317383,47.28331385987247,47.13273192782439,47.26100463752293,455700
2004-11-30,47.12714767456055,47.19407533325314,47.07137675317433,47.11041682364954,182100
2004-12-01,47.111507415771484,47.25137057907741,47.049967282454084,47.25137057907741,257600
2004-12-02,47.00521469116211,47.089133451096046,46.926891653433216,47.0164061355722,886300
2004-12-03,47.47515106201172,47.59823132493401,47.413610930550576,47.45836816584684,224100
2004-12-06,47.564674377441406,47.61502734810276,47.486351328222476,47.54230002190977,325500
2004-12-07,47.55903625488281,47.58700630599448,47.46952184744897,47.52546621795418,1053000
2004-12-08,47.91151809692383,47.92270953864333,47.66535759850754,47.66535759850754,158500
2004-12-09,47.79964828491211,47.995455909972954,47.76048675989994,47.87797133493645,169400
2004-12-10,47.87239074707031,47.94511809700447,47.82204202825916,47.87798647192293,191900
2004-12-13,47.90592956542969,47.98984831778227,47.81641935966263,47.83320225647614,141800
2004-12-14,47.989845275878906,48.00662817162861,47.78285053725291,47.83319922450201,190900
2004-12-15,48.163265228271484,48.16326522827148,48.04578071167963,48.08494221721025,95000
2004-12-16,47.79405212402344,48.06818279659751,47.79405212402344,48.06818279659751,478500
2004-12-17,47.7325325012207,47.833234217673635,47.665396600822774,47.665396600822774,163600
2004-12-20,47.78843307495117,47.84437747310817,47.73808439709508,47.84437747310817,62900
2004-12-21,47.85556411743164,47.872347008368294,47.7268881731114,47.79402400514155,168400
2004-12-22,47.80524826049805,47.87797986868866,47.72692519651344,47.87797986868866,465100
2004-12-23,47.74369430541992,47.799642993489016,47.72131995213505,47.78286009438254,66400
2004-12-27,47.54231643676758,47.64301814457333,47.458397635548195,47.60944806311306,165200
2004-12-28,47.536705017089844,47.55908364124566,47.36886747006433,47.51992211604452,366800
2004-12-29,47.44163513183594,47.58149843792238,47.40806503593842,47.58149843792238,127800
2004-12-30,47.620609283447266,47.65417507531242,47.45277178755181,47.50312474363437,135000
2004-12-31,47.67730712890625,47.80078053850023,47.67730712890625,47.694147915420785,151300
2005-01-03,47.7727165222168,47.79516662015449,47.60995652360734,47.66046603252837,323400
2005-01-04,47.4752197265625,47.772680085924634,47.46961041779507,47.772680085924634,1181000
2005-01-05,47.5538330078125,47.63240620895463,47.48648271458282,47.52576931515389,369000
2005-01-06,47.598758697509766,47.64927251951129,47.503348933854774,47.503348933854774,389100
2005-01-07,47.55942153930664,47.70534496991593,47.53697145137318,47.671671978973954,182400
2005-01-10,47.5538330078125,47.61556542420847,47.50331921741066,47.598728921380626,226300
2005-01-11,47.649227142333984,47.67728654390583,47.54820387645812,47.59310405727337,483900
2005-01-12,47.7221794128418,47.755852402335485,47.59309676517182,47.63238334688655,100600
2005-01-13,47.91304397583008,47.924266887951255,47.688547196127175,47.77273402375575,101600
2005-01-14,47.88499069213867,47.95234102528056,47.76151722233899,47.800803846191535,510300
2005-01-18,47.868133544921875,47.88497005046946,47.72221002697783,47.78394673526496,215100
2005-01-19,47.89616775512695,47.913008533731194,47.7951487750021,47.87372194748816,95500
2005-01-20,47.980377197265625,47.985990792786836,47.82884437354319,47.86251738283289,151800
2005-01-21,48.07577133178711,48.08138064307215,47.924234288750775,47.95790728412907,324700
2005-01-24,48.070159912109375,48.11506009592196,47.99719604293462,48.07577350556525,217000
2005-01-25,47.89056396484375,48.075774013589914,47.851277374071884,48.042096734416,270900
2005-01-26,47.901817321777344,47.96916764102341,47.87375790019812,47.9242674281927,674400
2005-01-27,47.82883071899414,47.82883071899414,47.78393053148048,47.823217125075544,60300
2005-01-28,48.07577133178711,48.0869942362742,47.95229797284403,47.95229797284403,103200
2005-01-31,48.09261703491211,48.09822634727083,47.969143652334914,48.03648965598224,74900
2005-02-01,48.05939865112305,48.12695040217805,48.01436128708676,48.08754378239615,115300
2005-02-02,48.065032958984375,48.08755164468432,47.974962511184756,48.08192519450943,220900
2005-02-03,47.9862174987793,47.9862174987793,47.88488556529173,47.88488556529173,65000
2005-02-04,48.23392868041992,48.35777932410811,48.18889130180589,48.18889130180589,414100
2005-02-07,48.32964324951172,48.34653119741047,48.222684814485625,48.26209145791672,149600
2005-02-08,48.374671936035156,48.43659726385574,48.25645202701439,48.31837735483497,120800
2005-02-09,48.61112594604492,48.61112594604492,48.36342885744893,48.36342885744893,325200
2005-02-10,48.30711364746094,48.521039059218225,48.30711364746094,48.509777566493604,175800
2005-02-11,48.245147705078125,48.34085313265917,48.21137184534213,48.284554306435936,176400
2005-02-14,48.30711364746094,48.340893830633746,48.19452449022103,48.228300378392795,129200
2005-02-15,48.23392868041992,48.301484748340975,48.20015279395981,48.24518587757302,130000
2005-02-16,48.05939865112305,48.24517026152375,48.01436128708676,48.20576364174185,64900
2005-02-17,47.95247268676758,48.03128598665287,47.918696785388946,47.94121548464228,128000
2005-02-18,47.710365295410156,47.82295440996593,47.66532793158808,47.7385147215488,243900
2005-02-22,47.71605682373047,47.7779822041209,47.67101940253653,47.73857553432743,104700
2005-02-23,47.75541687011719,47.879267509983215,47.659715664766416,47.868006018176835,258300
2005-02-24,47.67662048339844,47.85676576105967,47.65410178681551,47.85676576105967,142500
2005-02-25,47.74416732788086,47.783573969064626,47.64283535126519,47.71039143400956,425500
2005-02-28,47.43454360961914,47.72727803659565,47.372618275931515,47.65409550360194,397900
2005-03-01,47.435115814208984,47.49156516884526,47.356085856356266,47.40689329029569,300500
2005-03-02,47.42945098876953,47.48025840278647,47.37864788156059,47.401228475922785,149600
2005-03-03,47.40121841430664,47.519763279439246,47.38428404883157,47.491536465776065,598500
2005-03-04,47.61573028564453,47.672179609401034,47.53105414660611,47.553634737470176,179400
2005-03-07,47.62702178955078,47.700405478297554,47.62137556524495,47.63830993135519,163100
2005-03-08,47.40121841430664,47.50847513805822,47.38428404883157,47.50282891396417,696200
2005-03-09,47.039955139160156,47.24881813366116,46.99479394317827,47.24881813366116,262300
2005-03-10,47.1246223449707,47.220586638079695,46.97220441421372,47.07946115757546,262300
2005-03-11,46.927032470703125,47.079450366524505,46.9157443298456,47.04557733033815,203400
2005-03-14,47.039955139160156,47.039955139160156,46.86495658143252,46.87624903383234,192300
2005-03-15,46.94962692260742,47.13026737731594,46.89317758803754,47.13026737731594,99600
2005-03-16,47.05686569213867,47.23750607782263,47.01170451901606,47.05121946879672,223700
2005-03-17,47.23749923706055,47.305240986934365,47.164115571468336,47.243145459584845,342100
2005-03-18,47.118988037109375,47.15850300937231,47.06818061173761,47.14721055626349,200300
2005-03-21,47.0625,47.1076568548831,47.03991941915574,47.09072249595126,448200
2005-03-22,46.71818542480469,47.22623807201711,46.71818542480469,47.18107687964082,302800
2005-03-23,46.825443267822266,46.864958239001844,46.61658026593397,46.61658026593397,355900
2005-03-24,46.86493682861328,46.91009800556045,46.80848751083275,46.84800246395981,132000
2005-03-28,46.71254348754883,46.768992829797405,46.68431666302016,46.752058457803706,68500
2005-03-29,46.904483795166016,46.910130022839816,46.80287753789651,46.80287753789651,349300
2005-03-30,47.01171112060547,47.0173573447403,46.86493944074991,46.87623188901955,244500
2005-03-31,47.243202209472656,47.243202209472656,47.113364776284875,47.203687217947866,675000
2005-04-01,47.338863372802734,47.423822712162966,47.05566845574296,47.4011666002528,367200
2005-04-04,47.31623077392578,47.45782830282027,47.276583638683874,47.28790953966143,135900
2005-04-05,47.321903228759766,47.37854138486433,47.259599960680454,47.321903228759766,75100
2005-04-06,47.46351623535156,47.46351623535156,47.401212946984195,47.42386908104648,51200
2005-04-07,47.28226852416992,47.57678960611105,47.27093829724019,47.480504283285626,196500
2005-04-08,47.333229064941406,47.33889417690819,47.18596640230515,47.265260684982906,86300
2005-04-11,47.47481155395508,47.47481155395508,47.287901809278125,47.32188814908217,41900
2005-04-12,47.72404098510742,47.7297017760138,47.36721238214168,47.40685952455849,146100
2005-04-13,47.746673583984375,47.82030272041455,47.63339300346221,47.78632070686405,171500
2005-04-14,47.871315002441406,47.871315002441406,47.718391494831515,47.792020691648744,194700
2005-04-15,48.18280029296875,48.18280029296875,47.86562325491694,47.98456464418637,177900
2005-04-18,48.080833435058594,48.233761112574065,48.06950753952969,48.216765787463345,326100
2005-04-19,48.35838317871094,48.35838317871094,48.10917448346171,48.12050038365848,107600
2005-04-20,48.3300666809082,48.35838359224897,48.075188551560956,48.075188551560956,229300
2005-04-21,47.98453903198242,48.23941268420238,47.978873924694426,48.14312746636024,565200
2005-04-22,48.18846130371094,48.222443320264645,48.07518071317745,48.14881417732739,74800
2005-04-25,48.18846130371094,48.21111742181763,48.143149067497546,48.182796193881096,79100
2005-04-26,48.16581726074219,48.256437434674716,48.063866864309496,48.2507766446384,119600
2005-04-27,48.31304168701172,48.397996682491026,48.24507336941792,48.30171147347425,123700
2005-04-28,48.607601165771484,48.60760116577149,48.35272733375387,48.386709359032544,103300
2005-04-29,48.43199920654297,48.64156069378865,48.415008201762156,48.48297222088539,174200
2005-05-02,48.4814567565918,48.509862368396796,48.36782130512405,48.470091044070394,141400
2005-05-03,48.54396057128906,48.58373190003966,48.396236635322666,48.51555062157446,259200
2005-05-04,48.53256607055664,48.57802022923911,48.40756930155344,48.43597923441677,114500
2005-05-05,48.686004638671875,48.7485030640803,48.49850936244656,48.58941340456338,108000
2005-05-06,48.33939743041992,48.45302850420795,48.28826041289198,48.396212967313936,591000
2005-05-09,48.3337287902832,48.34509016710412,48.26554752511109,48.3110017018925,32900
2005-05-10,48.50416564941406,48.51552702292373,48.384851721198274,48.390530240579295,101300
2005-05-11,48.56668472290039,48.69167722372575,48.5325919183576,48.59509033614501,408600
2005-05-12,48.61212158203125,48.64621437746455,48.40758214842466,48.46440202923073,546800
2005-05-13,48.737117767333984,48.805299022589296,48.6518922819519,48.72575639216556,214400
2005-05-16,48.74281311035156,48.816672904740074,48.720086019443706,48.80531152666083,111900
2005-05-17,48.80534362792969,48.867842085346744,48.78829938222544,48.822387873633936,112800
2005-05-18,48.96437072753906,49.03255196391825,48.89618949115988,48.992780659717155,93000
2005-05-19,48.81663131713867,48.99276503793632,48.816631317138665,48.94162804327066,116200
2005-05-20,48.8110237121582,48.84511220162806,48.76556950303042,48.816702237235205,70400
2005-05-23,49.03256607055664,49.07233738619992,48.873476473235236,48.89052503829518,163800
2005-05-24,49.16322326660156,49.19163319647861,49.04390936366203,49.16322326660157,188900
2005-05-25,48.98715591430664,49.25987251382243,48.981473054180675,49.25987251382243,150000
2005-05-26,49.0155143737793,49.10642270929747,48.95869883145445,48.98710876999088,181400
2005-05-27,49.06668472290039,49.10077320449902,48.98714204266962,49.05531900586687,69600
2005-05-31,49.32231903076172,49.32231903076172,49.208687956417755,49.208687956417755,122600
2005-06-01,49.62663269042969,49.65512493215746,49.381576802131335,49.41576923139232,781400
2005-06-02,49.609561920166016,49.68364700421886,49.55826890199761,49.58676550631021,154500
2005-06-03,49.32460021972656,49.860300585714626,49.32460021972656,49.85460474473608,245300
2005-06-06,49.4556770324707,49.48986947222973,49.31320273618082,49.364495743789824,311700
2005-06-07,49.5981330871582,49.63802570152853,49.455658843268644,49.59243289997134,111200
2005-06-08,49.50699234008789,49.59817366984064,49.4898917645351,49.58677763411121,104600
2005-06-09,49.478511810302734,49.49560804343971,49.27334831671131,49.387330450914234,783400
2005-06-10,49.165035247802734,49.32461013465339,49.15933940567924,49.32461013465339,200900
2005-06-13,49.033935546875,49.10802058729272,48.99404293311641,49.0852241868637,276400
2005-06-14,48.977027893066406,49.02831661805973,48.90293838188581,49.02831661805973,301500
2005-06-15,48.95991516113281,48.95991516113281,48.84023281384011,48.89722606416027,116700
2005-06-16,49.113746643066406,49.11944683316821,48.88008667657463,48.93707988165044,215700
2005-06-17,49.05675506591797,49.11374391986284,48.97696980080099,49.02825846496011,149000
2005-06-20,48.98267364501953,48.98267364501954,48.86299572779202,48.90858855758485,178800
2005-06-21,49.136566162109375,49.15366239248323,49.005487815954574,49.039684624675424,217900
2005-06-22,49.50699234008789,49.55258083097805,49.26763211004552,49.37021382350013,487300
2005-06-23,49.4556770324707,49.47847344163355,49.364495743789824,49.4385808125912,169200
2005-06-24,49.57538604736328,49.60958285656452,49.51839716265881,49.57538604736328,67500
2005-06-27,49.6152458190918,49.66083863582814,49.56965735032577,49.6152458190918,880800
2005-06-28,49.40440368652344,49.55257387005392,49.387307461344676,49.55257387005392,168000
2005-06-29,49.3873176574707,49.53548787159127,49.313228202437706,49.53548787159127,350300
2005-06-30,49.558223724365234,49.581020117439685,49.353060534662575,49.38725729825795,299500
2005-07-01,49.1318244934082,49.469090024534694,49.068944553049214,49.44050664756751,270000
2005-07-05,48.93178176879883,49.06325927193182,48.908915926462065,48.98323100435991,142200
2005-07-06,49.03465270996094,49.05751854149365,48.948906932016115,49.006073691453615,299700
2005-07-07,49.14897155761719,49.28044460983682,49.13753646364386,49.25757878310069,209900
2005-07-08,48.971771240234375,49.19470763922939,48.90317810898132,49.19470763922939,157300
2005-07-11,48.94889831542969,48.97176414293728,48.788841884087226,48.8345735391024,171300
2005-07-12,48.823150634765625,48.92604033323219,48.81743308666925,48.8745954839989,123700
2005-07-13,48.777408599853516,48.83457098502753,48.74882522666129,48.823140252476904,108300
2005-07-14,48.714542388916016,48.81743645569494,48.67452827190263,48.806001358713026,236000
2005-07-15,48.72596740722656,48.76026833293581,48.668805012659355,48.680240108299486,318800
2005-07-18,48.645938873291016,48.754550475125946,48.60592476122727,48.70881881527849,182700
2005-07-19,48.714542388916016,48.771704790190604,48.62307905790734,48.65737998764142,156600
2005-07-20,48.80601119995117,48.857460424320685,48.54877816174125,48.72598294978753,341100
2005-07-21,48.445884704589844,48.64023778288403,48.434453966365965,48.62880704466015,509200
2005-07-22,48.674522399902344,48.703101416486085,48.5316142333502,48.588776627728826,368100
2005-07-25,48.58878707885742,48.70882944123621,48.56592124394545,48.634518748681366,125600
2005-07-26,48.62307357788086,48.64593940805596,48.58877701322381,48.60020774770577,90800
2005-07-27,48.554473876953125,48.588770436968304,48.5087422227925,48.531608049872816,64600
2005-07-28,48.76598358154297,48.78313186451711,48.59449639059026,48.59449639059026,142900
2005-07-29,48.47447967529297,48.66883280002922,48.44589628108416,48.62881866486507,205800
2005-08-01,48.37757110595703,48.434916806019615,48.28581448569973,48.434916806019615,109700
2005-08-02,48.331661224365234,48.446356924764736,48.32019384192209,48.37180362570666,337600
2005-08-03,48.45209884643555,48.48650975155114,48.38328578659345,48.406224931605664,129600
2005-08-04,48.41768264770508,48.509434834236856,48.36606848793608,48.457825049661544,179300
2005-08-05,48.15958786010742,48.21693347939542,48.11944548908679,48.21693347939542,160100
2005-08-08,48.03350067138672,48.17113124990266,48.02776478784937,48.14245620741312,146800
2005-08-09,48.17110824584961,48.17110824584961,48.00480270426314,48.06214838665966,293300
2005-08-10,48.148136138916016,48.251360046647726,48.096526372646224,48.23415679122446,91900
2005-08-11,48.354610443115234,48.36607782794856,48.1481625145593,48.21124406912887,278200
2005-08-12,48.54956817626953,48.61264532600836,48.36032360147566,48.383262735559086,130600
2005-08-15,48.486507415771484,48.56679223184934,48.48077153599611,48.56679223184934,147200
2005-08-16,48.715877532958984,48.72734928954936,48.618389477906874,48.635592737599225,214800
2005-08-17,48.52664566040039,48.67001201612401,48.48076737652229,48.62986961152916,138400
2005-08-18,48.78470230102539,48.79043818018524,48.61266092778092,48.629868565260466,247800
2005-08-19,48.75601577758789,48.77895491362146,48.647060350419466,48.664263608646436,76000
2005-08-22,48.7961540222168,48.83056491093727,48.60691382262031,48.69293448163278,1267300
2005-08-23,48.88796615600586,48.91664120001797,48.76180296266844,48.80194539916695,90400
2005-08-24,48.91087341308594,48.962483208407306,48.83058859245631,48.95101582340075,80500
2005-08-25,48.9395637512207,48.97397467047279,48.859278898293084,48.91662897198111,202000
2005-08-26,48.859222412109375,48.99112130382855,48.80761265569184,48.968182175912546,100500
2005-08-29,48.893653869628906,48.96246690714721,48.836308213299276,48.95673540414944,176500
2005-08-30,49.123077392578125,49.197626363713624,48.945300038029806,48.99117834728075,168900
2005-08-31,49.4442024230957,49.4614056902611,49.232018585933915,49.237754466720745,290100
2005-09-01,49.49253845214844,49.59033737151034,49.38898536425214,49.41775181777955,242800
2005-09-02,49.50399398803711,49.567276606984244,49.42345327103892,49.457969467141034,71800
2005-09-06,49.34867858886719,49.49825613649887,49.30265405280492,49.49250197220575,142800
2005-09-07,49.187625885009766,49.29693312483584,49.12434320817824,49.28542478951525,125000
2005-09-08,49.187625885009766,49.273920843338566,49.1588594358522,49.262412508017974,264600
2005-09-09,49.22787857055664,49.32567743987886,49.1876081897097,49.268148951403575,79400
2005-09-12,49.072532653808594,49.130061120526946,48.98623775916073,49.118552793698875,103600
2005-09-13,49.222129821777344,49.27390853950289,49.17610965941807,49.18185943649872,120800
2005-09-14,49.11858367919922,49.25665735311204,49.08982162232495,49.23939485201537,108000
2005-09-15,48.9690055847168,49.13584129892971,48.91147269839697,49.13584129892971,97600
2005-09-16,48.779144287109375,48.92872185027956,48.74462807604771,48.905709579857856,224800
2005-09-19,48.87694549560547,48.905711932301756,48.75038019676899,48.79065057465859,203400
2005-09-20,48.83663558959961,48.89416402728697,48.69856646132224,48.85964784250224,124000
2005-09-21,49.0610466003418,49.09556281821479,49.00927227353231,49.0437884914053,101500
2005-09-22,49.095558166503906,49.118570439286415,49.02652573729861,49.08980839016496,124700
2005-09-23,48.82514953613281,49.00924323762546,48.82514953613282,49.00924323762546,101200
2005-09-26,48.6986198425293,48.75614834327678,48.64684111945627,48.681361731219376,69300
2005-09-27,48.72739791870117,48.813692892765694,48.606586710668715,48.73315208741072,93400
2005-09-28,48.82514953613281,48.85391157093913,48.65831393335197,48.692830130775576,71000
2005-09-29,48.715843200683594,48.75035939868009,48.6755728399743,48.73885546239464,116200
2005-09-30,48.57778549194336,48.744621136894104,48.54901906072589,48.715854705676634,145900
2005-10-03,48.391326904296875,48.57603086081459,48.36824331331686,48.57603086081459,138400
2005-10-04,48.41445541381836,48.51834927450934,48.39136739993277,48.483719455475146,151200
2005-10-05,48.52989196777344,48.58183669256189,48.44908612682157,48.50680395556032,130300
2005-10-06,48.466407775878906,48.54721362806939,48.43754665570144,48.51258380672738,218100
2005-10-07,48.52989196777344,48.57606799219966,48.32210426144348,48.345192273656586,59900
2005-10-10,48.54145812988281,48.67998186908377,48.483740272181606,48.65689824887551,42900
2005-10-11,48.4491081237793,48.5241408948474,48.38561716226396,48.50682597872323,105800
2005-10-12,48.2643928527832,48.44331946675039,48.2297586280625,48.437546362032165,139500
2005-10-13,48.18935012817383,48.223984348888415,48.108544285820024,48.172035219610606,303100
2005-10-14,48.18935012817383,48.30479019124222,48.050826456079896,48.29324398314131,134300
2005-10-17,48.131649017333984,48.247084716911715,48.10278789064471,48.18359816465673,153000
2005-10-18,48.20087432861328,48.21241612785627,48.13738342381152,48.183559427955736,81700
2005-10-19,48.25863265991211,48.3509803421686,48.229771532187684,48.31057740550829,68100
2005-10-20,48.287498474121094,48.304813391000295,48.14897033190695,48.195146379311666,111500
2005-10-21,48.50102996826172,48.529891083899486,48.327876485199106,48.33364518545627,92500
2005-10-24,48.29323959350586,48.46639747057512,48.24129487253773,48.45485126352371,343300
2005-10-25,48.068119049072266,48.37402736790666,48.010401246127564,48.32785576770256,190500
2005-10-26,47.88348388671875,47.97006290946069,47.83730782077745,47.94120176734937,148700
2005-10-27,47.99312210083008,48.03929813902176,47.88345511102217,47.975807187405536,245800
2005-10-28,47.94115447998047,48.05082142752167,47.83726063588556,48.02196031387788,784300
2005-10-31,47.97580337524414,48.05660923386406,47.93540044593418,47.94116914755772,123300
2005-11-01,47.945674896240234,48.02097293849886,47.88775638450997,48.01517976165607,144000
2005-11-02,47.84720230102539,47.98041440637131,47.81245208552614,47.87037058432429,85800
2005-11-03,47.679222106933594,47.893525352801674,47.66764017800149,47.893525352801674,201600
2005-11-04,47.65611267089844,47.783536140965396,47.58081899263269,47.71982440593192,156200
2005-11-07,47.74293899536133,47.7834823794122,47.67922733201031,47.771900449210854,132400
2005-11-08,47.98039627075195,48.009357718653284,47.89930951930405,47.89930951930405,71200
2005-11-09,47.725547790527344,47.92247146980066,47.713961445337176,47.870346173132766,124300
2005-11-10,47.997798919677734,48.00938085308137,47.81245705292892,47.84141409588734,102700
2005-11-11,48.05574035644531,48.08469741322189,47.957278409383555,48.07311547429141,72600
2005-11-14,47.841453552246094,47.9978385050121,47.76036669484976,47.97467020019853,199700
2005-11-15,48.00355911254883,48.020938630660645,47.84138562800681,47.84138562800681,194100
2005-11-16,48.24692153930664,48.26429667373625,48.07316135720054,48.07316135720054,102500
2005-11-17,48.33952713012695,48.4206139306104,48.17156035229716,48.20631499457522,99900
2005-11-18,48.223655700683594,48.3105356160447,48.1946942559312,48.223655700683594,100000
2005-11-21,48.31633758544922,48.391635594842654,48.26421227331278,48.31633758544922,274600
2005-11-22,48.48434829711914,48.50751659650801,48.310592680054505,48.35113609925971,186700
2005-11-23,48.356895446777344,48.50748709175679,48.30477011903365,48.466943697212166,177200
2005-11-25,48.501670837402344,48.501670837402344,48.414790913603895,48.43795918787658,31400
2005-11-28,48.565433502197266,48.611770099416646,48.478553487136224,48.49013984589163,158300
2005-11-29,48.29899215698242,48.5596277155973,48.293198979108766,48.5596277155973,86300
2005-11-30,48.275821685791016,48.38586996592435,48.212109988755905,48.38586996592435,46100
2005-12-01,48.167091369628906,48.37631172274868,48.091541299760564,48.29494874475208,321100
2005-12-02,48.207828521728516,48.21945435140878,48.12065696890089,48.17295990059746,343200
2005-12-05,48.062557220458984,48.143920327159194,48.00444134909551,48.143920327159194,305700
2005-12-06,48.289146423339844,48.335640830659656,48.12642043167125,48.12642043167125,1021700
2005-12-07,48.26008224487305,48.31819802681234,48.19034064617592,48.29495082724663,73000
2005-12-08,48.4693717956543,48.48680611172807,48.29501976700393,48.32407991643108,70600
2005-12-09,48.25431442260742,48.376359008896515,48.20201150017814,48.335677480133484,66100
2005-12-12,48.1439094543457,48.29501423293067,48.12066665821488,48.29501423293067,592500
2005-12-13,48.26008224487305,48.29495082724663,48.17871926336804,48.26589515325196,210700
2005-12-14,48.562355041503906,48.58560227365542,48.40544176692643,48.451936231229446,83300
2005-12-15,48.4984245300293,48.510050362668046,48.341511261054116,48.48680313134654,116500
2005-12-16,48.585567474365234,48.65530912086748,48.51583026181597,48.64368329614061,420400
2005-12-19,48.61465072631836,48.643706434050216,48.49260611235231,48.527474735212586,143600
2005-12-20,48.53327178955078,48.5681404010159,48.46934304589562,48.53327178955078,103600
2005-12-21,48.4693717956543,48.504240427801854,48.440311646227144,48.47518471233098,143700
2005-12-22,48.66112518310547,48.68436796615775,48.53907618533796,48.53907618533796,124500
2005-12-23,48.77736282348633,48.887786009333134,48.59138949855971,48.63788393827981,84100
2005-12-27,49.009796142578125,49.009796142578125,48.76570715653134,48.7773285413166,178300
2005-12-28,48.85935592651367,49.00515252665216,48.84186104639451,48.96432965658775,558000
2005-12-29,48.91769790649414,48.9468590207095,48.80106234835536,48.94102590799417,159100
2005-12-30,48.93516540527344,49.04013466968393,48.84185345998619,49.00514491488043,166900
2006-01-03,48.929325103759766,49.0051377111424,48.766033672869305,48.80685653059192,299500
2006-01-04,49.01679611206055,49.05761896327439,48.87682823702129,48.93515040963286,112300
2006-01-05,49.02850341796875,49.05183141881059,48.94685763970292,49.011008529677675,159700
2006-01-06,48.96434020996094,49.01682931099061,48.90602244720803,48.99932997774066,179100
2006-01-09,48.98765563964844,48.98765563964844,48.876848804287704,48.94099966166929,78600
2006-01-10,48.78934860229492,48.917645799841985,48.76018751914169,48.882656059543386,140500
2006-01-11,48.66691970825195,48.85937235298333,48.65525793403822,48.85937235298333,384300
2006-01-12,48.84191131591797,48.86523932987309,48.713609463846616,48.77192727405258,97800
2006-01-13,49.057674407958984,49.08100241349736,48.882716591102195,48.92937260217895,96200
2006-01-17,49.11597442626953,49.14513108562163,48.99933444077963,49.02266243787761,166600
2006-01-18,49.13346481323242,49.18594946487716,49.051819055545,49.17428769207614,125900
2006-01-19,49.010955810546875,49.08676839471337,48.958466752772814,49.01095581054687,108600
2006-01-20,49.092647552490234,49.09264755249023,48.97017890194393,49.07515266660656,98000
2006-01-23,49.08095932006836,49.11594907297362,48.92349653327827,48.94682451833451,79100
2006-01-24,48.999359130859375,49.05184826311848,48.935212668218064,48.99935913085937,66200
2006-01-25,48.6960563659668,48.91183690013591,48.67856148875062,48.91183690013591,95500
2006-01-26,48.59109878540039,48.64941654526842,48.52111480394283,48.626088551449236,77100
2006-01-27,48.626102447509766,48.707748224529205,48.49197200641833,48.707748224529205,114600
2006-01-30,48.52106857299805,48.59105248777484,48.480245735050495,48.56772451618257,125400
2006-01-31,48.59109878540039,48.631921662244004,48.46863015486956,48.573603902375964,255700
2006-02-01,48.441341400146484,48.58760148352434,48.4179392511856,48.55834768144736,474200
2006-02-02,48.441341400146484,48.546648838718674,48.429638093914285,48.47644239183604,94800
2006-02-03,48.58757019042969,48.61096786081765,48.30674904726708,48.37110379958558,283800
2006-02-06,48.51738357543945,48.57588670226977,48.51153192370568,48.55833621057092,53300
2006-02-07,48.45884704589844,48.59340369850794,48.43544491859692,48.5875565143071,228800
2006-02-08,48.42966079711914,48.53496828505814,48.38285647725612,48.52911662919886,62000
2006-02-09,48.4764518737793,48.529103371612216,48.365292760348396,48.44135087522402,96600
2006-02-10,48.33598327636719,48.59924936498457,48.2833273805444,48.58755053452331,102900
2006-02-13,48.33598327636719,48.38278306171107,48.306729504965766,48.38278306171107,66000
2006-02-14,48.26580810546875,48.33601452411915,48.213156639107254,48.28335859425592,77100
2006-02-15,48.35359191894531,48.4062434146044,48.242432810103864,48.38284126203229,75200
2006-02-16,48.330162048339844,48.37111467597806,48.27165893221405,48.37111467597806,248200
2006-02-17,48.493995666503906,48.56420211740954,48.464741862750614,48.511546163354375,199200
2006-02-21,48.435508728027344,48.52326570514513,48.42380541720883,48.49986354701337,164200
2006-02-22,48.61681365966797,48.61681365966796,48.499807467805994,48.52905678402143,115700
2006-02-23,48.49979019165039,48.53489114400562,48.41788499382251,48.52903949744691,73300
2006-02-24,48.441341400146484,48.534945532486475,48.394537102224724,48.534945532486475,343300
2006-02-27,48.34773254394531,48.47644213078527,48.33018204819504,48.47644213078527,287700
2006-02-28,48.54081344604492,48.56421560284517,48.42380266204367,48.4355059721963,95900
2006-03-01,48.44511795043945,48.556635888199324,48.39229201437484,48.50380995213471,227000
2006-03-02,48.25141525268555,48.36880369734508,48.18685272760064,48.310107236059665,113300
2006-03-03,48.13406753540039,48.222107815719795,48.11646037491945,48.222107815719795,76500
2006-03-06,47.9814453125,48.075356101041905,47.92275330861774,47.993181922111305,350700
2006-03-07,48.00492477416992,48.02840247216838,47.89340682815553,47.92275507013185,130300
2006-03-08,48.02836608886719,48.034232150488265,47.95793304822751,48.00488840865396,84500
2006-03-09,48.07536315917969,48.07536315917969,47.95797465626803,48.010800602056655,507200
2006-03-10,47.9814453125,48.004923009635476,47.8581907609734,47.975574768737914,408500
2006-03-13,47.94033432006836,47.969682544962296,47.86403520441871,47.92272717629616,246900
2006-03-14,48.216217041015625,48.245560803534794,48.022529401155346,48.06948479468137,122700
2006-03-15,48.12816619873047,48.19272873113244,48.06947420870462,48.116429591890025,118400
2006-03-16,48.433387756347656,48.450999390938634,48.19274915190207,48.198619696765725,174900
2006-03-17,48.33359146118164,48.3981539949974,48.30424770448205,48.36881023829781,111300
2006-03-20,48.42753601074219,48.48035749639477,48.380580593774326,48.462750334510574,240100
2006-03-21,48.227943420410156,48.398153327402774,48.157514822973106,48.398153327402774,96800
2006-03-22,48.286651611328125,48.33947755504113,48.22209353465521,48.30426324450802,131500
2006-03-23,48.16342544555664,48.316028344369556,48.122340566405015,48.316028344369556,109700
2006-03-24,48.37470626831055,48.42753222775157,48.15167477200817,48.19275963916689,68800
2006-03-27,48.26902389526367,48.35119357011528,48.233809599730535,48.31597927458214,79700
2006-03-28,48.03424835205078,48.23380646221771,47.981426912187004,48.21619931559645,125600
2006-03-29,47.98731994628906,48.06948965431024,47.91688684887953,47.99318601263826,58100
2006-03-30,47.846439361572266,47.928613522792666,47.746662528685064,47.916872437798936,100800
2006-03-31,47.88166809082031,47.92862348473108,47.79362784671582,47.88753415662453,87400
2006-04-03,47.828670501708984,47.846333947125075,47.72268533698321,47.7462336027185,244300
2006-04-04,47.83454513549805,47.905203394344724,47.77566549923996,47.86398719974124,127200
2006-04-05,47.94642639160156,47.975868460022006,47.88165743485975,47.96997914789213,101800
2006-04-06,47.81103515625,47.881693478310495,47.76393410044198,47.86991933741657,289900
2006-04-07,47.59312438964844,47.73443637684234,47.540129586808796,47.704994320572865,129700
2006-04-10,47.65202331542969,47.66379744737134,47.57548022723673,47.634359871402765,118300
2006-04-11,47.740352630615234,47.77567952429501,47.663805038002906,47.740352630615234,154100
2006-04-12,47.62845993041992,47.8051033157267,47.575469610164625,47.752108503243505,201600
2006-04-13,47.37531661987305,47.51662876147819,47.36354247983595,47.45774907682871,175800
2006-04-17,47.55780792236328,47.599024118716315,47.422385202444104,47.504817595150165,162200
2006-04-18,47.71091842651367,47.76391326800319,47.55782770826995,47.66381289901863,276200
2006-04-19,47.57552719116211,47.58730133472654,47.46954193014891,47.569637873263225,128600
2006-04-20,47.53425979614258,47.58136081194567,47.46949084565626,47.557808057929876,128400
2006-04-21,47.6343879699707,47.64616210885768,47.487186526609996,47.593171745518966,108500
2006-04-24,47.69325256347656,47.77568498630663,47.604930826950024,47.62848358950578,118800
2006-04-25,47.3929557800293,47.675584410581905,47.3870709591436,47.675584410581905,241400
2006-04-26,47.36940383911133,47.41062004717254,47.310524183628125,47.39884591296781,76300
2006-04-27,47.49893569946289,47.56959397234051,47.30462881822131,47.33996020077472,132900
2006-04-28,47.58137512207031,47.58137512207031,47.42828891326962,47.50483201766997,70700
2006-05-01,47.323707580566406,47.4832635482494,47.2823408846018,47.44189685228479,169700
2006-05-02,47.400550842285156,47.43600673754756,47.294178647864285,47.341456180636605,87900
2006-05-03,47.335540771484375,47.412367881947446,47.22326227783051,47.40054624558394,116600
2006-05-04,47.305999755859375,47.376911545590424,47.26463304230505,47.376911545590424,193200
2006-05-05,47.41824722290039,47.51871304031843,47.36506341541203,47.46552472419939,85200
2006-05-08,47.44192886352539,47.48329558740202,47.35919541577214,47.477384767238284,82400
2006-05-09,47.424171447753906,47.43598857210482,47.34734886789309,47.424171447753906,59600
2006-05-10,47.447845458984375,47.57194564571958,47.3710228220441,47.50102932102719,98600
2006-05-11,47.36508560180664,47.38281354594008,47.27644137250663,47.38281354594008,203700
2006-05-12,47.18782043457031,47.28828184000161,47.1641816611803,47.20554838745407,134700
2006-05-15,47.28827667236328,47.394648886676535,47.18190445805003,47.18190445805003,106100
2006-05-16,47.465553283691406,47.52464794155641,47.35918109608105,47.40645862582641,86200
2006-05-17,47.329620361328125,47.388719513901954,47.24098064973205,47.31780323599276,245300
2006-05-18,47.666473388671875,47.666473388671875,47.471456989167656,47.524640820687324,168500
2006-05-19,47.636940002441406,47.77285729050293,47.560117383477696,47.6251183634413,223600
2006-05-22,47.7019157409668,47.873293330511984,47.69009410933944,47.820105005451744,189000
2006-05-23,47.68419647216797,47.701924414200896,47.57191349444981,47.61328019540404,102500
2006-05-24,47.75513458251953,47.867417622174166,47.73740663070769,47.84377885021347,171700
2006-05-25,47.67829895019531,47.820127034639164,47.64874936614582,47.79058195922318,181600
2006-05-26,47.71965408325195,47.83784337350363,47.70192614057744,47.71374326614964,178000
2006-05-30,47.67829895019531,47.7196656626845,47.601476343753546,47.696026897171606,95600
2006-05-31,47.53053665161133,47.73145929662199,47.495080775110935,47.73145929662199,110900
2006-06-01,47.61003875732422,47.62783626997541,47.473622836555656,47.491415824032,96100
2006-06-02,47.97779846191406,47.995591457316074,47.81765697811908,47.912554461988776,403900
2006-06-05,47.882843017578125,47.971807886899406,47.847252544678234,47.959947412713696,100200
2006-06-06,47.924407958984375,47.95406143580275,47.805780476183585,47.84729896386992,96600
2006-06-07,47.85913848876953,47.90658493144788,47.79389453926677,47.85320598649473,141900
2006-06-08,47.924407958984375,48.102342395421914,47.88881745155626,47.93626844467657,152600
2006-06-09,48.04301834106445,48.08453681788308,47.942188400958436,47.95404888354608,73900
2006-06-12,48.01930618286133,48.0489641853266,47.95999470310662,48.007445696980724,122500
2006-06-13,48.084537506103516,48.13198848748241,48.0074330552438,48.108262996792966,111600
2006-06-14,47.764286041259766,47.98374360107211,47.764286041259766,47.9481530757216,165500
2006-06-15,47.65748977661133,47.74645923923494,47.64562929334311,47.72866625174518,112200
2006-06-16,47.62783432006836,47.76425023525199,47.5803833386242,47.76425023525199,126100
2006-06-19,47.5744514465332,47.615969924537175,47.50920747750201,47.59817693756043,67200
2006-06-20,47.53885269165039,47.58037115849202,47.49733422480875,47.58037115849202,105200
2006-06-21,47.532936096191406,47.58631958580897,47.50921060360305,47.58631958580897,180600
2006-06-22,47.37869644165039,47.497323838953974,47.37869644165039,47.48545883663736,112600
2006-06-23,47.33721923828125,47.43212123883123,47.28977276318271,47.390602744884724,167600
2006-06-26,47.30754852294922,47.36092748493039,47.260097539960526,47.35499498076311,264400
2006-06-27,47.4321174621582,47.44991045455048,47.33128748848454,47.34908048087683,231900
2006-06-28,47.27784729003906,47.414267610076685,47.260054318984295,47.3786771427965,229700
2006-06-29,47.47358322143555,47.49137619406426,47.35495586195906,47.36088836122565,328400
2006-06-30,47.63971710205078,47.699028594031184,47.46177810093279,47.52702209966427,125400
2006-07-03,47.61709213256836,47.6647281773596,47.557549347990935,47.65281689475016,41200
2006-07-05,47.444358825683594,47.53367516844139,47.38481611145102,47.53367516844139,1712900
2006-07-06,47.59323501586914,47.59323501586914,47.462238271708934,47.48010063812723,132400
2006-07-07,47.74211120605469,47.789747228758145,47.64683916064776,47.71233755615973,274600
2006-07-10,47.777801513671875,47.78375714792231,47.68848517118695,47.70635207393824,133200
2006-07-11,47.83142852783203,47.92074493640417,47.81951725051775,47.84333526232507,167200
2006-07-12,47.87309646606445,47.87309646606445,47.7361440694845,47.75400643799057,114300
2006-07-13,47.980289459228516,47.986240555283295,47.84333702200463,47.88501740849514,343800
2006-07-14,48.01601028442383,48.04578393355116,47.94455625221086,47.980285539727866,397600
2006-07-17,47.974327087402344,48.01005183000287,47.89692196416094,47.962420354142424,153400
2006-07-18,47.789737701416016,47.8909608223652,47.748057325565156,47.8909608223652,182100
2006-07-19,48.09340286254883,48.09935849938442,47.69446150814154,47.69446150814154,235300
2006-07-20,48.19466781616211,48.2006189147835,48.021990556850916,48.03985293836184,297600
2006-07-21,48.164886474609375,48.266109648919226,48.10534369812255,48.260158551246406,288300
2006-07-24,48.164886474609375,48.20061123193693,48.12320607678634,48.182748853273154,361000
2006-07-25,48.11724853515625,48.194658230071006,48.057705761022,48.09343051693806,176500
2006-07-26,48.23630905151367,48.26607814891748,48.08744993603557,48.10531230304179,157700
2006-07-27,48.230369567871094,48.29586796404328,48.17082681030216,48.29586796404328,74200
2006-07-28,48.36135482788086,48.420897571251125,48.33753682196873,48.373261559426865,89400
2006-07-31,48.438751220703125,48.43875122070312,48.337528120912445,48.38516412416193,89700
2006-08-01,48.45012664794922,48.45012664794922,48.33654685766008,48.39034493050985,97600
2006-08-02,48.491973876953125,48.539792868642884,48.39034768793807,48.45012940878397,91200
2006-08-03,48.503944396972656,48.58165427618112,48.43220904336799,48.4919907850585,111500
2006-08-04,48.74300765991211,48.760940339733516,48.67127237992458,48.74898674008654,157100
2006-08-07,48.67728805541992,48.71315344202615,48.6414226688137,48.70717891806199,172600
2006-08-08,48.68326187133789,48.749018113469695,48.617505629206086,48.67130370329311,118200
2006-08-09,48.65936279296875,48.6653418785513,48.54578297043033,48.54578297043033,110700
2006-08-10,48.67127990722656,48.67127990722656,48.53379296686466,48.67127990722656,166700
2006-08-11,48.51587677001953,48.569674836084594,48.49793952062704,48.54576306426541,192000
2006-08-14,48.43217849731445,48.48598111876142,48.4202248929394,48.468048431846995,191700
2006-08-15,48.66531753540039,48.707161992134985,48.59956130900265,48.623468517962074,147200
2006-08-16,48.86854553222656,48.904410895210795,48.81474748775021,48.85659193146592,182600
2006-08-17,48.856624603271484,48.958246240152285,48.826733740327555,48.958246240152285,300000
2006-08-18,48.98814392089844,49.00010209313569,48.88054317429528,48.91641313030062,344300
2006-08-21,49.04789352416992,49.04789352416992,48.99409090576696,49.012023591666804,83800
2006-08-22,49.065853118896484,49.11367668132587,49.01802955646709,49.02998316672147,187200
2006-08-23,49.017967224121094,49.053832569982994,48.94623197169716,49.02394630199812,239800
2006-08-24,49.065853118896484,49.119651206100094,49.053894947936165,49.10171851036556,111400
2006-08-25,49.131629943847656,49.16151626234716,49.035982778950405,49.065873658157756,96900
2006-08-28,49.12561798095703,49.131597064938866,49.065840823253104,49.107685289716336,106000
2006-08-29,49.16741180419922,49.16741180419922,48.94623153173863,49.000034110748004,248600
2006-08-30,49.22723388671875,49.25712474245089,49.17343581924602,49.17941034182904,131800
2006-08-31,49.292964935302734,49.34676753599014,49.25112049508006,49.269053175075214,171200
2006-09-01,49.366146087646484,49.390148653832675,49.23413884065456,49.29414296710933,252800
2006-09-05,49.20415496826172,49.300165272968044,49.180152392085134,49.300165272968044,284800
2006-09-06,49.16816711425781,49.174164326458104,49.036155197457994,49.07215678275809,334400
2006-09-07,49.20415496826172,49.23415933298827,49.05414230067555,49.10214745302872,135200
2006-09-08,49.2522087097168,49.324211931257054,49.23420790433174,49.2522087097168,66000
2006-09-11,49.162193298339844,49.2642009000843,49.10818631163401,49.228199294298534,196600
2006-09-12,49.30021286010742,49.30021286010742,49.096193054687554,49.12619744837591,111000
2006-09-13,49.34819793701172,49.396203120581276,49.300197331468446,49.34819793701172,114000
2006-09-14,49.2522087097168,49.360218120054995,49.210205304475714,49.2642077206309,69600
2006-09-15,49.222206115722656,49.37822073147923,49.19820351498872,49.33021553001136,110900
2006-09-18,49.1501579284668,49.174155929219125,49.04214861298615,49.04214861298615,188000
2006-09-19,49.4442253112793,49.468227911320156,49.33621590010939,49.34821491111588,128400
2006-09-20,49.45620346069336,49.55821103431731,49.42020186483218,49.55821103431731,112200
2006-09-21,49.810245513916016,49.816242729028374,49.45021575202178,49.45021575202178,114600
2006-09-22,49.960243225097656,49.96624043840089,49.864232875940914,49.87623645859822,327000
2006-09-25,50.12825393676758,50.14625473171499,49.98424299916314,50.04424717499623,286200
2006-09-26,50.00225067138672,50.08025565289597,49.94824370109125,50.08025565289597,276800
2006-09-27,49.9902458190918,50.13426135087435,49.93024163652858,50.13426135087435,233800
2006-09-28,49.94224166870117,49.96024246438762,49.858230325455494,49.948238881913085,160800
2006-09-29,49.88821792602539,50.014228031478225,49.774206820986436,49.9962272418455,259000
2006-10-02,49.976165771484375,50.0183294005192,49.843650195806106,49.873769043184225,337500
2006-10-03,49.970157623291016,50.02437064741824,49.9219692897318,50.018345956850226,135400
2006-10-04,50.19906997680664,50.19906997680664,50.0364400155112,50.05450950060017,136000
2006-10-05,50.02433776855469,50.14480392778303,49.96410009345111,50.14480392778303,139800
2006-10-06,49.753292083740234,49.93399595463433,49.69305899193898,49.93399595463433,624700
2006-10-09,49.81354522705078,49.89787250861497,49.73524263573894,49.81354522705078,898300
2006-10-10,49.51238250732422,49.6569475221974,49.48829293367156,49.63887804421147,1711900
2006-10-11,49.4521598815918,49.63888858324155,49.38590205124735,49.632863890802824,502600
2006-10-12,49.4822883605957,49.548546203811235,49.43410000271263,49.4822883605957,230000
2006-10-13,49.39794158935547,49.41601106757591,49.33168377221856,49.41601106757591,1280200
2006-10-16,49.4822883605957,49.4822883605957,49.40398113016203,49.47626366698663,240400
2006-10-17,49.536502838134766,49.66299384633272,49.46422488801897,49.596735995063035,300300
2006-10-18,49.524436950683594,49.56660060212387,49.46420381941081,49.518412258908306,294600
2006-10-19,49.4822883605957,49.542521510202164,49.4100058237711,49.45819418165417,175500
2006-10-20,49.47023391723633,49.512397577200964,49.452164433750674,49.512397577200964,69200
2006-10-23,49.331634521484375,49.38584290202622,49.27140145571955,49.37982281229158,356600
2006-10-24,49.39794158935547,49.39794158935547,49.33770846345635,49.34372855920121,203700
2006-10-25,49.57863235473633,49.584657044927575,49.379863533346715,49.40997779331865,127200
2006-10-26,49.747283935546875,49.75330862537715,49.65091187572182,49.71114498754896,115900
2006-10-27,49.90993118286133,49.915955874235536,49.8135545028461,49.897881800112906,249000
2006-10-30,49.933998107910156,49.94002279599718,49.84364616856691,49.915928639139615,128800
2006-10-31,50.15688705444336,50.15688705444335,49.93402402992546,49.976187677441786,266600
2006-11-01,50.33100891113281,50.500289644536984,50.119407994377596,50.204048361079685,396400
2006-11-02,50.191959381103516,50.25846319211184,50.1617333113617,50.25846319211184,163200
2006-11-03,49.81108856201172,49.96827984165767,49.78690493340807,49.92595964474017,271800
2006-11-06,49.85945510864258,49.865502168846184,49.756678147958446,49.80504079192097,227000
2006-11-07,50.02873229980469,50.11337268635282,49.998501613513874,50.01059573305225,203300
2006-11-08,50.137535095214844,50.14962459708195,50.00452751191083,50.0649842463527,146200
2006-11-09,50.131507873535156,50.15569149939127,50.08314062182292,50.09523474102848,211000
2006-11-10,50.240333557128906,50.30079031750553,50.17987679675228,50.17987679675228,111300
2006-11-13,50.216121673583984,50.25239939944041,50.11334477752132,50.25239939944041,153600
2006-11-14,50.318939208984375,50.38543842680197,50.29475557861622,50.318939208984375,222800
2006-11-15,50.17985153198242,50.276585989924854,50.143578416530424,50.276585989924854,237100
2006-11-16,50.05290985107422,50.294741474382654,50.01058966293683,50.294741474382654,497900
2006-11-17,50.234275817871094,50.31287374095098,50.071042138301024,50.1254564398605,362400
2006-11-20,50.264522552490234,50.29475324218503,50.20406578565629,50.29475324218503,178200
2006-11-21,50.337093353271484,50.36127699208309,50.22826928489799,50.31290971445988,413200
2006-11-22,50.415653228759766,50.45192635660212,50.35519647817104,50.391469606013395,133400
2006-11-24,50.47001266479492,50.55465294611366,50.45791856029259,50.55465294611366,119200
2006-11-27,50.51845169067383,50.52449875207553,50.32498723882686,50.38544401517472,708600
2006-11-28,50.60908508300781,50.65745229742574,50.4942141019031,50.60908508300781,470600
2006-11-29,50.54863739013672,50.73605461375581,50.536543278098684,50.73605461375581,335500
2006-11-30,50.81464385986328,50.826733357292404,50.66349977296607,50.70581993279523,418500
2006-12-01,50.9323844909668,51.01733210276907,50.762489267362234,50.7988940640496,289800
2006-12-04,50.92626953125,50.94447191316977,50.83525299235769,50.87165775619722,208200
2006-12-05,50.859588623046875,50.96880768182275,50.80498140830859,50.889929050767684,1133300
2006-12-06,50.780635833740234,50.84738097381431,50.744226447786374,50.84131197127324,156800
2006-12-07,50.76250457763672,50.81711178913763,50.707892736836776,50.81711178913763,138200
2006-12-08,50.53190994262695,50.75034796722137,50.50763853663897,50.75034796722137,277000
2006-12-11,50.6897087097168,50.70184210690497,50.62296345193005,50.671506299284175,167800
2006-12-12,50.780635833740234,50.804907214611944,50.66534793192272,50.70782169112508,360000
2006-12-13,50.519771575927734,50.61685256101567,50.45909538158566,50.58651677849308,188300
2006-12-14,50.44090270996094,50.501583550866734,50.40449790885602,50.501583550866734,314000
2006-12-15,50.4530029296875,50.756388389722545,50.4226625319661,50.72604799200114,215600
2006-12-18,50.477291107177734,50.50156250756686,50.422679298978146,50.47122209975639,111600
2006-12-19,50.46512985229492,50.51974163534487,50.422656078497916,50.4711988569214,174000
2006-12-20,50.4530029296875,50.48940770351739,50.42873153736932,50.42873153736932,139300
2006-12-21,50.63505935668945,50.68360216810035,50.45909976659524,50.519775966210204,624200
2006-12-22,50.404502868652344,50.568329119043135,50.386300466308775,50.531924314356,268500
2006-12-26,50.44090270996094,50.53798835197164,50.39236451825379,50.47124313041383,144500
2006-12-27,50.30640411376953,50.51330356166328,50.27598086498578,50.51330356166328,193400
2006-12-28,50.190773010253906,50.38549938504282,50.081239134269964,50.38549938504282,185100
2006-12-29,50.16649627685547,50.19691955554994,50.087385538422126,50.16040976405699,272100
2007-01-03,50.312496185302734,50.385520347220364,50.19079389141828,50.330751065120914,1210700
2007-01-04,50.49502944946289,50.49502944946289,50.34289933555984,50.40375045259253,171200
2007-01-05,50.330745697021484,50.39159683747354,50.215125280311476,50.25163967869825,201000
2007-01-08,50.36725997924805,50.36725997924805,50.30032696858663,50.3368367276101,163800
2007-01-09,50.35508728027344,50.403770049884805,50.32465938860523,50.397683543022275,168600
2007-01-10,50.2698974609375,50.31858023316959,50.239469567631275,50.27598396812769,95900
2007-01-11,50.13601303100586,50.233378557743954,50.07516189811647,50.233378557743954,361700
2007-01-12,50.032569885253906,50.08125265275287,49.965632240603895,50.075166146154444,161000
2007-01-16,50.12992477416992,50.12992477416992,50.05690527431035,50.08124665514477,162600
2007-01-17,50.032569885253906,50.117762407054975,49.983887117754946,50.099507529903924,141300
2007-01-18,50.09951400756836,50.10559587230891,49.95346568618801,50.032576354263576,225400
2007-01-19,50.02042770385742,50.12387980922002,49.99000443740133,50.05694212331068,270800
2007-01-22,50.111690521240234,50.1299454037174,50.06300773953739,50.081267264660156,119000
2007-01-23,49.96561813354492,50.07515200817019,49.941276756667875,50.04472412641314,412800
2007-01-24,49.971710205078125,49.9899650791087,49.94128231993153,49.97779206799268,138400
2007-01-25,49.77701187133789,49.9291420975429,49.74658396903847,49.9291420975429,201700
2007-01-26,49.770938873291016,49.83179005176262,49.68574629490131,49.73442909473752,441300
2007-01-29,49.73442840576172,49.85004425046193,49.685745606599916,49.85004425046193,161700
2007-01-30,49.78309631347656,49.795269332084594,49.746586542945074,49.764841428210815,200500
2007-01-31,49.96561813354492,49.98387300554198,49.746550384294395,49.746550384294395,412200
2007-02-01,49.929588317871094,50.125055083738225,49.90515438960078,50.09451616862182,238600
2007-02-02,49.97235870361328,50.027336220691204,49.92960048379554,49.96014406664954,163500
2007-02-05,50.027305603027344,50.05173952229724,50.002871683757455,50.01508631324561,216000
2007-02-06,50.16781234741211,50.18003164146456,49.98456487928222,50.002889160065685,238100
2007-02-07,50.27775955200195,50.28386919864657,50.1983527868017,50.22889635972983,155000
2007-02-08,50.28998565673828,50.332743868452035,50.21057422048734,50.24722744502453,447600
2007-02-09,50.13728332519531,50.20447547485549,50.09452510816575,50.19836582662381,237400
2007-02-12,50.070091247558594,50.14949803350025,50.033442678708006,50.11895911289014,146900
2007-02-13,50.03341293334961,50.08227610933537,50.00286937060181,50.07006148041227,204800
2007-02-14,50.320556640625,50.35110023715418,50.11898474854742,50.11898474854742,192600
2007-02-15,50.39992141723633,50.48543781590387,50.39992141723633,50.448784601979064,317000
2007-02-16,50.454917907714844,50.50989542423579,50.43048397373847,50.461027556283035,308900
2007-02-20,50.51599884033203,50.54043277354797,50.44880668906227,50.44880668906227,152900
2007-02-21,50.50994873046875,50.50994873046875,50.42443220144881,50.42443220144881,173000
2007-02-22,50.381649017333984,50.43051225239016,50.338890773972956,50.42440726069501,135000
2007-02-23,50.58314895629883,50.62590713882001,50.44265978242596,50.44876476543444,111700
2007-02-26,50.74201202392578,50.76033630977359,50.65038593439025,50.693144154800635,160900
2007-02-27,51.16958999633789,51.35284216025412,50.821414613133946,50.87639212642726,496500
2007-02-28,50.99247360229492,51.126853297388045,50.94360571664392,51.07188042125423,228100
2007-03-01,51.03842544555664,51.228408484875864,50.989396056151705,51.21615347537459,500500
2007-03-02,51.203887939453125,51.24065763609781,51.05679980147649,51.124214029124374,249000
2007-03-05,51.23453140258789,51.30807547675503,51.14873232057587,51.30807547675503,298800
2007-03-06,51.167110443115234,51.24065450761334,51.08744121334962,51.08744121334962,302200
2007-03-07,51.259033203125,51.277418048118456,51.12420477224214,51.136464452703194,265500
2007-03-08,51.25289535522461,51.28353987589127,51.16709630819483,51.17935598674045,170300
2007-03-09,50.96490478515625,51.03844422061603,50.93426023658025,50.94039008143578,333800
2007-03-12,51.1058235168457,51.13646804445264,51.032279456008126,51.05066897799136,253300
2007-03-13,51.33256149291992,51.35707617061466,51.1793482641003,51.289661975878296,196000
2007-03-14,51.26517105102539,51.43676919869896,51.240656361972185,51.28968574007859,267900
2007-03-15,51.21001052856445,51.246784899057864,51.16711099273774,51.21001052856445,338900
2007-03-16,51.203887939453125,51.22839795341694,51.1180888634829,51.13647371180524,340500
2007-03-19,51.13650131225586,51.13650131225586,51.07521221716922,51.11811645401046,238200
2007-03-20,51.21001052856445,51.25903990542318,51.18549584013508,51.25903990542318,169400
2007-03-21,51.28358840942383,51.344872833057835,51.050705729333856,51.148759872007915,369800
2007-03-22,51.111961364746094,51.24065998460005,51.06293198317339,51.24065998460005,236500
2007-03-23,51.032283782958984,51.1854970825875,50.99551408727177,51.17937191710553,163400
2007-03-26,51.0752067565918,51.17326555768551,50.958767774919245,50.97715263119907,142100
2007-03-27,51.062984466552734,51.09362903045746,51.007829862369015,51.03846975056975,165900
2007-03-28,51.056793212890625,51.23452118323674,51.00776851559039,51.1548519588878,240500
2007-03-29,50.9832649230957,51.026164464879855,50.95875023126199,50.989390089279595,121400
2007-03-30,50.92197799682617,51.18550510049514,50.83617890965019,50.995522075419686,464400
2007-04-02,50.97856903076172,51.040091829197664,50.94165629047788,51.03393814118748,156600
2007-04-03,50.93549346923828,50.96625251599654,50.91088341549899,50.93549346923828,257400
2007-04-04,51.01551055908203,51.06473070316116,50.95398772592877,51.01551055908203,182300
2007-04-05,50.886260986328125,51.00931122509898,50.88626098632812,50.95393744418043,161200
2007-04-09,50.65249252319336,50.69555895025339,50.634036153580276,50.689405262419534,198900
2007-04-10,50.75709915161133,50.80016559343891,50.738642775669526,50.75709915161133,97600
2007-04-11,50.695552825927734,50.83090577859026,50.695552825927734,50.80629572411635,150700
2007-04-12,50.74480056762695,50.8001696999282,50.714036809310386,50.77555963205303,111200
2007-04-13,50.65865707397461,50.77555370927344,50.621744323412855,50.77555370927344,139100
2007-04-16,50.71404266357422,50.75710911385457,50.677129904445636,50.738652734290284,262300
2007-04-17,50.929351806640625,50.94165918335992,50.81245519725194,50.81245519725194,1080400
2007-04-18,51.04625701904297,51.08316976764405,50.984734206744584,50.984734206744584,252500
2007-04-19,51.04010772705078,51.12008692054037,50.97243121952493,51.107784234576634,153600
2007-04-20,50.9847297668457,51.05240626264737,50.95396601643066,51.05240626264737,88800
2007-04-23,51.08932876586914,51.13854889837832,50.96627843459619,51.015498567105375,90500
2007-04-24,51.187767028808594,51.24929454462571,51.12624420688192,51.13239789724172,660500
2007-04-25,51.1569938659668,51.24928042036793,51.13238380520055,51.169296549405345,537400
2007-04-26,51.00934600830078,51.13239163708963,50.99703862908798,51.12623794748323,307600
2007-04-27,51.00934600830078,51.05856144348241,50.978582254158646,51.04625875815947,180000
2007-04-30,51.230812072753906,51.24311944833231,51.10776648030073,51.11392016808993,171500
2007-05-01,51.23328399658203,51.3073936260885,51.115944927777335,51.28269041625301,158900
2007-05-02,51.17155838012695,51.25184032549907,51.171558380126946,51.25184032549907,167000
2007-05-03,51.115966796875,51.17772720371462,51.04803883033497,51.1344977459214,113200
2007-05-04,51.2456169128418,51.257966156860455,51.1900335356239,51.22091371315091,144800
2007-05-07,51.288902282714844,51.288902282714844,51.22714186028968,51.264199056076514,104500
2007-05-08,51.288902282714844,51.33830402433277,51.27654831356632,51.33830402433277,158900
2007-05-09,51.12213134765625,51.288876866920845,51.115954366142944,51.27034592238093,201600
2007-05-10,51.25183868408203,51.26419265168718,51.14067653392632,51.15303050153147,153100
2007-05-11,51.14683532714844,51.338279352017274,51.12213211238207,51.3135761372509,178000
2007-05-14,51.072731018066406,51.16536690520323,51.072731018066406,51.15301765235822,142400
2007-05-15,51.06659698486328,51.165405216579266,50.99248727733094,51.15305595448745,168400
2007-05-16,51.03568649291992,51.08509293530523,51.017160254939846,51.05421273089999,191300
2007-05-17,50.89982986450195,50.99864276622479,50.87512663907124,50.97393954079408,263500
2007-05-18,50.751583099365234,50.8997976464757,50.72070290920845,50.85039122688704,236400
2007-05-21,50.81956481933594,50.81956481933594,50.70222563742501,50.739282843726386,222000
2007-05-22,50.67751693725586,50.80103309217015,50.64046444661135,50.763975889866096,217000
2007-05-23,50.578670501708984,50.70835883261636,50.547790308402284,50.70835883261636,228100
2007-05-24,50.64662551879883,50.64662551879883,50.46135370047068,50.578692832855715,153300
2007-05-25,50.59101104736328,50.64659444342049,50.55395859109527,50.572484819229274,183900
2007-05-29,50.48605728149414,50.59721943094724,50.48605728149414,50.57869319131474,152800
2007-05-30,50.53541946411133,50.66510773960245,50.52306550740514,50.66510773960245,245600
2007-05-31,50.51692199707031,50.584854662662565,50.41810913378826,50.584854662662565,235100
2007-06-01,50.29927062988281,50.42948266667128,50.27446766134941,50.417078817063306,230300
2007-06-04,50.379844665527344,50.398445697418204,50.29923861710713,50.36124363363649,139200
2007-06-05,50.218658447265625,50.34887048054793,50.17525443617153,50.324072243364796,351500
2007-06-06,50.243473052978516,50.30547812166335,50.21867007936789,50.21867007936789,266800
2007-06-07,49.74123764038086,50.05746971554062,49.73503571283685,50.0450658604526,472300
2007-06-08,49.83420181274414,49.840399003905766,49.654383924771196,49.70398983814586,409900
2007-06-11,49.704044342041016,49.80325154689757,49.67924135815551,49.71024153999829,198300
2007-06-12,49.35056686401367,49.56138969720367,49.30716285875128,49.517985691941284,698800
2007-06-13,49.511817932128906,49.555221967340806,49.35680284484567,49.37540389841005,514600
2007-06-14,49.52416229248047,49.63577321046811,49.46835446814697,49.511758451215535,207300
2007-06-15,49.74123764038086,49.74123764038086,49.52421748318676,49.57381871148496,594800
2007-06-18,49.71641159057617,49.78461856985576,49.611002524664954,49.722613515242244,413500
2007-06-19,49.9582405090332,50.02644749635974,49.803225488869806,49.865230550798564,460100
2007-06-20,49.79701614379883,49.90862713091394,49.77221317658633,49.896228012648834,152900
2007-06-21,49.73504638671875,49.86525850898067,49.72264725965432,49.80945534116227,276700
2007-06-22,49.883811950683594,49.89001387363888,49.62338795473517,49.672993877015195,246000
2007-06-25,50.0450439453125,50.08844795774434,49.945836801475096,50.03264482633878,253200
2007-06-26,50.05750274658203,50.10090680666154,49.964492694786586,50.08230101175226,141000
2007-06-27,50.05126190185547,50.23107993400775,50.02645892528094,50.1814739808587,218600
2007-06-28,50.02027893066406,50.10708702139529,49.958273827382634,50.07608683509764,436800
2007-06-29,50.280662536621094,50.311667428528594,50.08224352818713,50.18145539774527,374700
2007-07-02,50.35723876953125,50.400810973234236,50.20162307787572,50.27009436212528,1030600
2007-07-03,50.207889556884766,50.413298826400435,50.201663594469785,50.35727941171922,169200
2007-07-05,49.927734375,50.10824913430959,49.8654890525862,50.070902890664044,269000
2007-07-06,49.80945587158203,49.859254020054074,49.75343651631059,49.82190778320645,468100
2007-07-09,49.989959716796875,49.989959716796875,49.85301721281322,49.902815350445785,118900
2007-07-10,50.332340240478516,50.332340240478516,50.108253262118104,50.16427263220117,191300
2007-07-11,50.158077239990234,50.35103927938996,50.12072622502964,50.301241092120186,218100
2007-07-12,50.01486587524414,50.24517873268287,49.97129368589221,50.18293342632475,309700
2007-07-13,50.126930236816406,50.17050244434454,49.977540489436294,50.14560336161212,157400
2007-07-16,50.32614517211914,50.32614517211915,50.120731191041095,50.120731191041095,154100
2007-07-17,50.22029495239258,50.30121340039651,50.12692458991795,50.22652090962793,136600
2007-07-18,50.40083694458008,50.50665452966984,50.25144713333474,50.26389430551499,215700
2007-07-19,50.39461135864258,50.40083731928723,50.26389467920403,50.276341851476815,200600
2007-07-20,50.64358139038086,50.736951774200186,50.4879656670203,50.51909071129841,463300
2007-07-23,50.62491226196289,50.68715760642048,50.58134004594103,50.60623913352715,327500
2007-07-24,50.76182556152344,50.799171796832844,50.64978210658261,50.70580145954671,251200
2007-07-25,50.830322265625,50.89256760529799,50.7493990499366,50.7742981356088,409500
2007-07-26,51.234886169433594,51.353155562534155,51.048150271340624,51.09794366142493,391800
2007-07-27,51.334495544433594,51.39674085967837,51.15398080591456,51.234899240831446,305800
2007-07-30,51.20381164550781,51.36564861865604,51.16646063330608,51.34075427587645,279600
2007-07-31,51.4153938293457,51.42784573692256,51.13528764601296,51.18508577829785,417200
2007-08-01,51.27293395996094,51.491647524643895,51.266683638799094,51.34791874351044,195100
2007-08-02,51.310420989990234,51.38541053330176,51.216685252750246,51.30417066948153,212100
2007-08-03,51.641639709472656,51.641639709472656,51.18546622654123,51.404179866823405,950100
2007-08-06,51.43539047241211,51.672854937345065,51.39789809062138,51.5228758749884,267900
2007-08-07,51.429161071777344,51.591631288958666,51.29168260524056,51.47290378680284,567300
2007-08-08,51.07295608520508,51.266673092990274,50.99796654948315,51.266673092990274,314600
2007-08-09,51.360416412353516,51.422905317559724,51.16669460833703,51.422905317559724,235600
2007-08-10,51.28544235229492,51.4916600925854,51.19795690506853,51.4916600925854,685000
2007-08-13,51.36669158935547,51.391688119373335,51.21046685244429,51.241713706866776,154400
2007-08-14,51.55415344238281,51.56040376560678,51.22295782550831,51.22295782550831,530100
2007-08-15,51.64789962768555,51.75413130590068,51.51667141913731,51.685392039384844,902100
2007-08-16,51.84787368774414,52.16032320518977,51.78538473777527,51.79788062072853,900500
2007-08-17,51.88533020019531,51.910326716405834,51.7853489029512,51.83533716777426,308400
2007-08-20,51.99783706665039,52.141565911863744,51.8978557214761,51.95409433421159,926600
2007-08-21,52.22272872924805,52.266471401107374,52.072754535386565,52.17273574209633,459200
2007-08-22,52.05409240722656,52.135327566820735,51.947855946094045,51.960356596863214,197000
2007-08-23,52.07281494140625,52.179046586640276,51.97282885111598,52.016571573718174,234900
2007-08-24,52.09156799316406,52.16030724738027,51.997832213087435,52.15405692401521,123400
2007-08-27,52.235260009765625,52.260256520290085,52.09153603374611,52.160275245789144,120000
2007-08-28,52.50402069091797,52.5227716688487,52.297807609698125,52.297807609698125,274400
2007-08-29,52.30403137207031,52.59773459177018,52.30403137207031,52.454010527406304,507600
2007-08-30,52.566532135009766,52.616520456870035,52.46029562799856,52.51653904554607,201800
2007-08-31,52.5789794921875,52.75395037620559,52.34151968781996,52.391507963540114,261500
2007-09-04,52.481109619140625,52.70069489053118,52.349358456306284,52.60031031698126,281800
2007-09-05,52.80738067626953,52.832476834278374,52.56269911893672,52.56269911893672,313300
2007-09-06,52.69438934326172,52.82614043030043,52.65674754313556,52.782223401287524,267100
2007-09-07,53.259033203125,53.259033203125,53.00807673356136,53.03317285917738,410800
2007-09-10,53.378265380859375,53.472374702481126,53.19632196881703,53.24651424522849,238000
2007-09-11,53.26536560058594,53.384566341953814,53.20889806069448,53.315557905689076,123200
2007-09-12,53.133609771728516,53.227714352366064,53.05832132061722,53.196347754353965,147900
2007-09-13,52.81991958618164,52.99558786718666,52.76345204637193,52.99558786718666,178500
2007-09-14,52.888893127441406,53.121023987491206,52.782233362625966,53.121023987491206,160700
2007-09-17,52.92028045654297,52.93283092160654,52.788529292975134,52.857542491024944,237900
2007-09-18,52.86381530761719,52.99556646516383,52.64423004503944,52.794802112721364,344700
2007-09-19,52.67562484741211,52.78227991970554,52.556419303906345,52.75718376388315,1369300
2007-09-20,52.07955551147461,52.53754674189425,52.07955551147461,52.499904938461846,685800
2007-09-21,52.343116760253906,52.387033842669865,52.211365513006015,52.211365513006015,754900
2007-09-24,52.412113189697266,52.43720934111377,52.30545813612823,52.36192088686427,236300
2007-09-25,52.41838455200195,52.65051555890428,52.41210931796102,52.581502344257345,225500
2007-09-26,52.43717575073242,52.48736802141308,52.29287416917509,52.35561211422674,151100
2007-09-27,52.60661697387695,52.67563021276739,52.45604481020817,52.493686654474665,437100
2007-09-28,52.62539291381836,52.81361154747427,52.537558827871926,52.72577746152783,185600
2007-10-01,52.688385009765625,52.75765421780133,52.593926562048175,52.66319577008389,510600
2007-10-02,52.801719665527344,52.88358587306859,52.63799205479977,52.675778306109144,205900
2007-10-03,52.76393127441406,52.959141797127465,52.68836358609551,52.9402510761364,1232800
2007-10-04,52.8583984375,52.87728916161952,52.7135615453252,52.7135615453252,120300
2007-10-05,52.39243698120117,52.58135394706557,52.34206328741428,52.56246321135074,1173000
2007-10-08,52.58134460449219,52.7639630245516,52.316864742760814,52.45540318586501,129100
2007-10-09,52.4175910949707,52.55612946982848,52.33572969362511,52.44278032715892,184000
2007-10-10,52.46799087524414,52.543558602509286,52.30426320168137,52.367238709914034,298700
2007-10-11,52.47426223754883,52.486854450066296,52.17199628923284,52.27275320678959,264100
2007-10-12,52.29798126220703,52.48059490323108,52.228712031049845,52.228712031049845,151400
2007-10-15,52.34834671020508,52.39242668633085,52.16572829358197,52.178325317821944,196200
2007-10-16,52.493221282958984,52.51211202850024,52.36727977644357,52.43654424197469,205200
2007-10-17,52.814369201660156,53.07255068650458,52.499510685670586,52.51840142793241,201200
2007-10-18,53.01583480834961,53.059914772119875,52.933968586807886,52.98434706093268,193200
2007-10-19,53.46923065185547,53.48812137827543,53.10399392655074,53.10399392655074,270500
2007-10-22,53.36842727661133,53.45658712611248,53.26137671712442,53.45028862133341,218900
2007-10-23,53.35590362548828,53.42516804964628,53.2110666555853,53.26773885835757,368300
2007-10-24,53.626670837402344,53.74001521929742,53.475535386162285,53.48183389771978,273300
2007-10-25,53.58258056640625,53.702228251946586,53.56368983802749,53.670745306100706,169800
2007-10-26,53.4503173828125,53.63293568486032,53.374754502209306,53.42512815449342,189500
2007-10-29,53.49441909790039,53.557394596499556,53.4125576758199,53.4566376422257,171500
2007-10-30,53.551116943359375,53.551116943359375,53.43146921464666,53.52592769497996,118400
2007-10-31,53.192203521728516,53.51336058381979,53.18590500558865,53.41890205916234,313300
2007-11-01,53.62628173828125,53.721073442618966,53.29767113941804,53.29767113941804,219100
2007-11-02,53.77162170410156,53.91064888618197,53.493572161246824,53.493572161246824,337600
2007-11-05,53.7084846496582,53.89174750542334,53.65793320290076,53.85383271502748,172100
2007-11-06,53.61367416381836,53.82853581755809,53.57575938663875,53.632636373717574,184100
2007-11-07,53.8095588684082,53.85379436614063,53.651574259177,53.727403785971084,299700
2007-11-08,53.92959976196289,54.049669554071436,53.815855522667,53.86009100060612,1078400
2007-11-09,54.251914978027344,54.25823571249466,54.07497298340466,54.09393036549884,276700
2007-11-12,54.34670639038086,54.34670639038086,54.20135842633351,54.32774900839811,117900
2007-11-13,54.06867980957031,54.18242898142494,53.99916615891969,54.18242898142494,125300
2007-11-14,54.1065559387207,54.1065559387207,53.86010040128588,53.86010040128588,96400
2007-11-15,54.40990447998047,54.479418101444324,54.15712811295813,54.182406231791184,210400
2007-11-16,54.40990447998047,54.5615683716706,54.35934824231437,54.416225215015785,742300
2007-11-19,54.80170440673828,54.85857655430916,54.409900823121134,54.47309370530252,503500
2007-11-20,54.656375885009766,54.88387419885179,54.55526820180752,54.77644577879016,378500
2007-11-21,55.086082458496094,55.117681314641175,54.92178190620558,55.01025291784156,317600
2007-11-23,54.9217643737793,55.123984453151806,54.776416431742646,54.94703766505723,216700
2007-11-26,55.67375946044922,55.76855116323154,54.99126498598398,55.07342004500493,637600
2007-11-27,55.15559005737305,55.63586465470265,54.99760543652983,55.40204568018382,353300
2007-11-28,54.959712982177734,55.20616870504141,54.89019933508183,55.13033432057952,159600
2007-11-29,55.269325256347656,55.45258794892371,55.18717500987155,55.25668861123856,145300
2007-11-30,55.34518814086914,55.34518814086914,54.78907904306285,54.92810631751442,395100
2007-12-03,55.56390380859375,55.83021856962835,55.418069495208904,55.83021856962835,214700
2007-12-04,55.6146240234375,55.70973608080582,55.399041208496165,55.69705189310328,196800
2007-12-05,55.405391693115234,55.589273757903534,55.34198525226442,55.42441797921169,284600
2007-12-06,55.113704681396484,55.34197168257006,55.04395616228232,55.29124460728701,217900
2007-12-07,54.75864791870117,54.993257112608575,54.65719372535671,54.993257112608575,193000
2007-12-10,54.63182830810547,54.82838973657803,54.48598913247635,54.796684095649475,257800
2007-12-11,55.380008697509766,55.38000869750976,54.70789195288386,54.70789195288386,318800
2007-12-12,54.917205810546875,55.06938237198137,54.53041988712971,54.65089561863509,470500
2007-12-13,54.51140213012695,54.82843947662055,54.51140213012695,54.79039654307524,221000
2007-12-14,54.35285568237305,54.47966862112622,54.289449212996466,54.42260424996835,240100
2007-12-17,54.676239013671875,54.70793983190575,54.4035868213204,54.46699329539203,191000
2007-12-18,54.78402328491211,54.967905421813896,54.676231809432764,54.726954079444475,644300
2007-12-19,55.22156524658203,55.29131385304798,54.72065047302652,55.04402509834369,411600
2007-12-20,55.13278579711914,55.36105304535331,55.10742706963125,55.18985502798038,308600
2007-12-21,54.7332763671875,55.11371986139583,54.70157072700285,55.094698412325634,560200
2007-12-24,54.574771881103516,54.669883988524035,54.51136542202407,54.58111397829228,197400
2007-12-26,54.31480026245117,54.68890173195977,54.270410422744305,54.517703820300426,135700
2007-12-27,54.67948532104492,54.97222873029941,54.50765946215405,54.97222873029941,211000
2007-12-28,55.11858367919922,55.18222268421935,54.832205728936195,54.87038816087931,302900
2007-12-31,55.37312698364258,55.44949182329673,55.144022753993504,55.1885705289062,181100
2008-01-02,55.76771545410156,55.83135932149099,55.32860287225591,55.360419950605234,564700
2008-01-03,55.88227462768555,55.90136584815899,55.56407467220556,55.68499220899867,198600
2008-01-04,56.02862548828125,56.15590347550676,55.97134699528898,56.00316891976735,368700
2008-01-07,56.130435943603516,56.19407978012936,55.92042779123459,55.92042779123459,341100
2008-01-08,56.251399993896484,56.270491218528335,55.92047410446789,56.060478036883836,293200
2008-01-09,56.16228103637695,56.4613897122361,56.14955517702648,56.28319854925917,335600
2008-01-10,56.00956344604492,56.30230685340234,55.94592441928836,56.276850271630416,258300
2008-01-11,56.365962982177734,56.3786888492516,56.035037029429304,56.07958484720982,310100
2008-01-14,56.3913688659668,56.41682543257261,56.25772553279398,56.3340903772678,347000
2008-01-15,56.76045608520508,56.76681658246739,56.505895389811215,56.57589970242806,353700
2008-01-16,56.65229034423828,57.10413833364725,56.512286510508,56.7922990333122,459400
2008-01-17,57.110511779785156,57.142333709185856,56.59502953983804,56.645942684741264,608600
2008-01-18,57.02775573730469,57.08502935787741,56.83683395804388,56.95138605453186,628100
2008-01-22,57.6641845703125,57.78510208246632,57.19961059362545,57.78510208246632,863800
2008-01-23,57.396888732910156,58.4087618942501,57.352340949492884,58.3960360369927,1417600
2008-01-24,56.87501525878906,57.358675299568716,56.86864990539032,57.21867151219062,398500
2008-01-25,57.403194427490234,57.403194427490234,56.620426286894606,56.63951748222529,442600
2008-01-28,57.193214416503906,57.34594890924427,57.13593594713754,57.2313968258535,254900
2008-01-29,56.96413040161133,57.10413909254593,56.84321292210532,57.078682525526574,433100
2008-01-30,56.938655853271484,57.053207941010996,56.645912708013235,56.85592082275052,694000
2008-01-31,57.23142623901367,57.39689152347007,57.04686974007085,57.39689152347007,384900
2008-02-01,57.417171478271484,57.5320826202314,57.174578583822324,57.481009919235696,597500
2008-02-04,57.09799575805664,57.21290694299437,57.02777198556343,57.07245939800796,442300
2008-02-05,57.50019454956055,57.57680364580044,57.32144486223113,57.4938092405663,234400
2008-02-06,57.39802551269531,57.417176559623336,57.23842696088009,57.32141645442195,161700
2008-02-07,56.75326919555664,57.44273639012917,56.61282163326632,57.43635108168962,246500
2008-02-08,57.2320556640625,57.25759202307096,56.9894626887633,57.0660717657887,219300
2008-02-11,57.359745025634766,57.48742684836186,57.23845338224843,57.32782822287563,200000
2008-02-12,57.23851013183594,57.27042696623928,56.932078324040134,57.11082818251754,425500
2008-02-13,56.99585723876953,57.232064944980124,56.976706184048204,56.99585723876953,310900
2008-02-14,56.68307113647461,56.91927895029311,56.536238199113804,56.82989920326993,477900
2008-02-15,56.80436325073242,56.91288918213739,56.702217759599435,56.77244156711209,512000
2008-02-19,56.395729064941406,56.683009315002934,56.29997385214773,56.510640190853984,564300
2008-02-20,56.344669342041016,56.52341892570073,56.236138634338296,56.29998194612608,496700
2008-02-21,56.92563247680664,56.95755414783428,56.497909360190086,56.497909360190086,361900
2008-02-22,56.76600646972656,57.066052498568375,56.714933768953316,56.89368822165969,237200
2008-02-25,56.389400482177734,56.76605098699677,56.33194243110767,56.65752506566565,175400
2008-02-26,56.529850006103516,56.6319906206629,56.434089831440794,56.485162574002885,259700
2008-02-27,56.663902282714844,56.86818834627518,56.453230909822125,56.84903728884202,201600
2008-02-28,57.32779312133789,57.32779312133789,57.008596065808305,57.13627293979592,289500
2008-02-29,57.94070053100586,57.97261734157098,57.55127939993251,57.61511789162746,420700
2008-03-03,57.79336166381836,57.91503346230257,57.63967431379757,57.818977036427285,480300
2008-03-04,57.57565689086914,58.04952922285666,57.51802106250568,57.8574163091576,305600
2008-03-05,57.32590866088867,57.716534672767644,57.26827771764475,57.70372942503601,358300
2008-03-06,57.78703689575195,57.86388312035843,57.51808243808861,57.54369784629077,292600
2008-03-07,57.98551559448242,58.17762369669614,57.71015625090349,58.13279798428265,414000
2008-03-10,58.401756286621094,58.49140771763116,58.03674549304108,58.09438134762559,200300
2008-03-11,57.7678108215332,57.953518816171005,57.646138887133695,57.94071355837864,350800
2008-03-12,58.43378829956055,58.46580876795231,57.81903341441154,57.90868486314343,289800
2008-03-13,58.126365661621094,58.61304808651815,57.96627320868703,58.574627461216835,626400
2008-03-14,58.72832107543945,58.84358784919989,58.37612057301853,58.37612057301853,301700
2008-03-17,59.02287292480469,59.29182702100496,58.702688081052074,58.702688081052074,569100
2008-03-18,58.6195182800293,58.95250880241211,58.54267205841509,58.95250880241211,333400
2008-03-19,59.12538528442383,59.170211005686646,58.54264602237004,58.561856347820225,1370400
2008-03-20,59.25346374511719,59.27267407263168,58.96529906112448,59.21504309008822,626300
2008-03-24,58.20967483520508,58.664337268061914,58.20967483520508,58.664337268061914,898300
2008-03-25,58.41451644897461,58.510572867343036,58.29924972405897,58.3953061424274,314600
2008-03-26,58.45934295654297,58.65145091037634,58.38249684363015,58.568204618945124,615400
2008-03-27,58.38254928588867,58.600277691900466,58.260882271529596,58.3953594256971,345100
2008-03-28,58.61302947998047,58.68347052776087,58.33126528885889,58.45293707786728,131800
2008-03-31,58.71554183959961,58.89484470363158,58.67071612359162,58.86282424121018,431000
2008-04-01,58.20217514038086,58.81902249873371,58.0672402403287,58.81902249873371,786700
2008-04-02,58.00938034057617,58.21499602795901,57.88087237431116,58.035082914282114,734700
2008-04-03,58.00938034057617,58.21499602795901,57.91942378373773,58.21499602795901,560200
2008-04-04,58.4527587890625,58.47203449958989,58.30497017124225,58.31139704217343,421800
2008-04-07,58.06724548339844,58.240731827053814,57.86805164910675,58.131499503186824,330400
2008-04-08,58.073604583740234,58.247095641842954,58.015777499214096,58.23424191044015,469900
2008-04-09,58.42058181762695,58.52339205983584,58.105734029821036,58.18284171147771,761000
2008-04-10,58.18925094604492,58.49124983864368,58.06074307365703,58.42056903815201,199700
2008-04-11,58.439857482910156,58.52981399366633,58.362754703554664,58.439857482910156,716400
2008-04-14,58.29212951660156,58.52986984950934,58.25357809013367,58.43349128333962,246000
2008-04-15,58.02864074707031,58.214980680614644,57.95153794854395,58.112175315158375,273700
2008-04-16,57.63668441772461,58.054342545848506,57.48247392044897,57.9900885805056,1116400
2008-04-17,57.50180435180664,57.68171758691905,57.30261539897047,57.617463560417185,815000
2008-04-18,57.443885803222656,57.48886404043867,56.961974017796734,57.141886966660785,2284800
2008-04-21,57.45035934448242,57.521035287022734,57.283295083829636,57.360397894696945,303600
2008-04-22,57.495365142822266,57.61744628589376,57.34757651413591,57.4054036499698,427900
2008-04-23,57.43749237060547,57.50817319912063,57.27042814845482,57.4631949357258,191300
2008-04-24,56.98771667480469,57.1997542839023,56.891333269434696,57.0519706442968,306600
2008-04-25,56.91059494018555,57.02625401766398,56.72425504301127,56.87204354844688,211400
2008-04-28,57.01341247558594,57.064812703720264,56.83992138606055,56.86562395125924,167800
2008-04-29,57.11621856689453,57.26400709311729,57.0391108703092,57.12264543384242,144300
2008-04-30,57.296142578125,57.353974587187025,56.917040694189716,57.09695378502436,168700
2008-05-01,57.289695739746094,57.605540322123076,57.173672303255884,57.56042037002722,336700
2008-05-02,56.825618743896484,57.044771437507336,56.77405166856206,56.909411553034694,341700
2008-05-05,56.9094123840332,56.98676299816433,56.722485421496614,56.95453234618293,158800
2008-05-06,56.72891616821289,57.096322873345535,56.677349107003415,57.02541939360892,557400
2008-05-07,56.95448303222656,56.980266547945654,56.59996583821759,56.6644270863667,361300
2008-05-08,57.32191848754883,57.32191848754883,57.03186239513607,57.064088117790114,445600
2008-05-09,57.38636016845703,57.502383559279004,57.28967318982139,57.46371073490635,236600
2008-05-12,57.289695739746094,57.51530041793136,57.25747001265245,57.33481569184195,112200
2008-05-13,56.81266403198242,57.083383512712764,56.77399122550716,56.95447087932738,458800
2008-05-14,56.79337692260742,56.96740962049969,56.58066646696775,56.96740962049969,174400
2008-05-15,57.10922622680664,57.13500976375329,56.741819431303874,56.741819431303874,269100
2008-05-16,57.0125732421875,57.30263451778987,56.961011055206654,56.98034749003819,318100
2008-05-19,57.14144515991211,57.16078157923023,56.87072545404673,57.07698878961642,163600
2008-05-20,57.31547164916992,57.34125517803923,57.134991864790024,57.270351703074944,230400
2008-05-21,57.180091857910156,57.3283458677492,57.08340488781544,57.11563551708154,183100
2008-05-22,56.806236267089844,56.967379572540494,56.62575655181766,56.96093738106892,223800
2008-05-23,57.05763244628906,57.14143013156969,56.91583043601517,56.92227262895634,413200
2008-05-27,56.780494689941406,56.92874880425585,56.696701879585355,56.780494689941406,258900
2008-05-28,56.35506057739258,56.60644384574518,56.33572415947399,56.56777100990801,197900
2008-05-29,56.090789794921875,56.2261545719554,55.92320420777705,56.2261545719554,387600
2008-05-30,56.277740478515625,56.38732176893305,56.23262050635839,56.30352402227807,2838400
2008-06-02,56.612098693847656,56.7026618963603,55.75179515300428,56.599163913520385,240300
2008-06-03,56.90970230102539,57.032600093452835,56.39222180797809,56.508654672160745,561500
2008-06-04,56.70270538330078,57.05199900563021,56.63801662688644,57.04553407803616,462400
2008-06-05,56.40516662597656,56.566878691916926,56.3534225155217,56.5410091042198,1079400
2008-06-06,56.89674758911133,56.954966473399,56.61860276099086,56.72856573290726,250000
2008-06-09,56.48924255371094,56.74798276604874,56.40514914704218,56.61214032990061,288000
2008-06-10,56.15287780761719,56.411618015395426,56.068789337489335,56.353404059551295,221200
2008-06-11,56.211116790771484,56.49572667950617,56.094683902406146,56.269330767423774,247100
2008-06-12,55.71949768066406,55.96529819413639,55.62893933701323,55.96529819413639,546800
2008-06-13,55.59012985229492,55.9070840540692,55.53838081749842,55.71949750422658,579300
2008-06-16,55.59659194946289,55.73243439265172,55.4995686829842,55.713024804296644,180600
2008-06-17,55.784156799316406,55.83590581135647,55.58363554648294,55.70006835604437,266600
2008-06-18,56.08816909790039,56.13344824403759,55.855303507749994,55.88117801055079,296200
2008-06-19,55.76472091674805,56.02346089695677,55.7517861385122,55.96524205725885,152900
2008-06-20,56.02350997924805,56.17228226704583,55.93295164709489,56.07525900763814,318300
2008-06-23,55.997650146484375,56.17876685827577,55.92649644755772,56.08820850238008,472000
2008-06-24,56.295196533203125,56.37282009172449,56.11407983171324,56.146424214862144,273400
2008-06-25,56.28871154785156,56.32752578421497,55.991162056044956,56.28224662100655,254200
2008-06-26,56.60563278198242,56.67031655259924,56.29514377394418,56.29514377394418,320500
2008-06-27,56.88374328613281,56.95489687160975,56.61206371656071,56.67675238339603,173000
2008-06-30,56.92264175415039,56.948516274427675,56.74799491110389,56.81914367304125,240500
2008-07-01,56.768157958984375,57.18351849331825,56.768157958984375,57.11861933823261,355300
2008-07-02,56.904483795166016,56.98236580160403,56.78117185617865,56.8201153351433,469800
2008-07-03,56.92391586303711,57.03424491978004,56.75517410176153,56.83305605730904,261800
2008-07-07,57.1900749206543,57.40424188080067,56.8136524610735,56.96292019234238,507900
2008-07-08,57.332759857177734,57.417133176574765,57.20945300430541,57.22892224678599,206400
2008-07-09,57.60533905029297,57.650768929255534,57.27434710271686,57.33924622245118,308200
2008-07-10,57.624847412109375,57.72219863354454,57.37822860909727,57.6313388139354,291100
2008-07-11,57.08615493774414,57.68972635732122,57.014764397144596,57.62482721627266,378000
2008-07-14,57.391197204589844,57.527486912021274,57.112126388947964,57.11861778972699,296400
2008-07-15,57.59888458251953,57.82603412296977,57.46259485824939,57.514516167920476,506300
2008-07-16,57.07316207885742,57.43660113432801,57.07316207885743,57.40414909659567,309500
2008-07-17,56.800540924072266,57.1704711369882,56.69670338348172,57.04716436700459,266400
2008-07-18,56.60592269897461,56.93691491516047,56.560492783144355,56.82009442424131,365500
2008-07-21,56.735679626464844,56.735679626464844,56.49555236872299,56.5734293381589,264600
2008-07-22,56.541038513183594,56.70977541585551,56.469647919172104,56.68381474971581,263000
2008-07-23,56.45021057128906,56.502126981428376,56.261999348989995,56.43073634705654,550000
2008-07-24,56.93687438964844,56.969321477010034,56.50853124399348,56.521509088640926,276300
2008-07-25,56.60592269897461,56.87850219395616,56.528040721198686,56.79413376498267,296900
2008-07-28,56.9304084777832,57.03424613590593,56.77464951485503,56.79411876628503,363000
2008-07-29,56.768157958984375,56.865509167356905,56.65782890018997,56.83954851502502,190000
2008-07-30,56.87849807739258,56.98234070691157,56.5604886895966,56.63836571024674,274900
2008-07-31,57.332759857177734,57.33275985717773,57.13806248088602,57.18349236383601,275000
2008-08-01,57.36147689819336,57.37449957025796,57.12051523199083,57.13354287264454,308500
2008-08-04,57.32235336303711,57.43957719276051,57.211643348460896,57.257230117320816,367500
2008-08-05,57.029296875,57.335381598541176,57.029296875,57.27025835213746,355600
2008-08-06,57.04883575439453,57.05534956988476,56.78833778922488,57.029299276509256,272400
2008-08-07,57.58285903930664,57.70008288475578,57.21816483950304,57.28980190997672,341200
2008-08-08,57.55681610107422,57.66101729638678,57.45261987434811,57.64148081441229,202800
2008-08-11,57.276790618896484,57.47867922445978,57.094443466971384,57.47867922445978,412500
2008-08-12,57.67403793334961,57.68706556659878,57.46564051863941,57.485176999926885,302200
2008-08-13,57.55027389526367,57.778207667160856,57.439558947270534,57.76518004100468,210100
2008-08-14,57.7261962890625,57.81736993868844,57.608972315458985,57.72619628906251,303000
2008-08-15,57.941104888916016,58.03227853406279,57.84993124376925,57.882490420698225,292500
2008-08-18,58.084327697753906,58.11037799736261,57.88243911793304,57.93453971715046,381000
2008-08-19,57.999691009521484,58.169015554508825,57.93456771332297,58.14947906250817,373400
2008-08-20,58.16902160644531,58.253681403452525,58.051797673656345,58.10389830347134,487300
2008-08-21,58.04521179199219,58.20151348739492,57.92147916052757,58.20151348739492,279900
2008-08-22,57.87592315673828,57.93453259721504,57.76520815486105,57.93453259721504,157200
2008-08-25,58.260169982910156,58.318784408204515,58.18853289009894,58.20806937566793,232700
2008-08-26,58.27973937988281,58.27973937988281,58.084369445277325,58.19507957174612,166900
2008-08-27,58.36434555053711,58.383882027521246,58.03221053605115,58.03221053605115,255700
2008-08-28,58.27973937988281,58.34486269141797,58.090878298417714,58.20159339347669,201600
2008-08-29,58.20808410644531,58.234134416659,58.02573690353811,58.149474634905985,496900
2008-09-02,58.524898529052734,58.53796430453973,57.95644008719508,58.08058738697692,349200
2008-09-03,58.668697357177734,58.74057164665338,58.49881221977724,58.518413392354454,410300
2008-09-04,58.96269226074219,58.988828804716256,58.707867188290024,58.779741437959714,460500
2008-09-05,58.83203125,59.22406955098315,58.805894698596134,59.112992946294796,363400
2008-09-08,58.83859634399414,58.85819752118507,58.30933963463911,58.433487070234975,418500
2008-09-09,59.10649108886719,59.1522288335082,58.63604286682241,58.72751835610442,323800
2008-09-10,58.95622253417969,59.03462726175058,58.72099838138466,58.7602007451701,248900
2008-09-11,58.85166931152344,59.15876775174273,58.80593156415294,59.12609579574641,393500
2008-09-12,58.557682037353516,58.936650069081445,58.45967108680297,58.91704887598014,358300
2008-09-15,59.68142318725586,59.72716587294035,59.21098040273853,59.43966890598351,526200
2008-09-16,59.5116081237793,60.53090941401521,59.478936165485706,60.52437402534831,810900
2008-09-17,60.047359466552734,60.1845726363417,59.66838691092343,59.89707552723837,829800
2008-09-18,59.34165954589844,60.06693237717522,59.3220583858697,59.72063192323931,687700
2008-09-19,58.28315353393555,58.64252476046522,58.191678128098125,58.191678128098125,1339500
2008-09-22,58.15904998779297,58.224388894831876,57.812749293951626,57.917290548206054,785800
2008-09-23,58.15904998779297,58.342000921517524,57.9695636678528,58.243990068439636,455500
2008-09-24,58.30931854248047,58.50534021356306,58.15903958168357,58.368127037820514,415400
2008-09-25,58.13291549682617,58.28319448985993,57.793145192069495,58.28319448985993,427200
2008-09-26,58.093746185302734,58.342036176101416,58.04147303406867,58.244025263798065,310600
2008-09-29,58.90392303466797,59.50504894058417,58.472677285833136,58.472677285833136,528000
2008-09-30,58.12639617919922,58.99541837059489,58.00878411581454,58.99541837059489,477900
2008-10-01,58.53615951538086,58.87709873421642,58.20177816672773,58.444369341584206,349200
2008-10-02,58.86397171020508,58.95576186640646,58.56237476808791,58.634496319701626,298000
2008-10-03,59.086952209472656,59.13940020577177,58.35262523715929,58.92959321399556,505400
2008-10-06,59.5655403137207,59.87369526286211,59.29016972170988,59.29672759357412,1065200
2008-10-07,59.519596099853516,59.69662347877187,59.185214941375,59.29667866232548,825400
2008-10-08,58.75914001464844,59.81473305624678,58.031370774734185,59.70982703865463,869200
2008-10-09,58.16898727416992,58.21488235195849,57.85427459634239,58.13620293195453,577200
2008-10-10,57.487125396728516,57.991971352715645,57.31010291928062,57.991971352715645,1154600
2008-10-13,57.093753814697266,57.53959406735307,56.956068516372916,57.211770499288235,478400
2008-10-14,56.824920654296875,57.30354513464197,56.7921413077076,57.0740696997598,736700
2008-10-15,57.29043197631836,57.29043197631837,56.772470255846024,56.81837034708048,247200
2008-10-16,57.30354309082031,57.42811260691949,57.074067664122744,57.113404879502575,330400
2008-10-17,57.66412353515625,57.66412353515624,57.00192398958615,57.631344202451494,445800
2008-10-20,57.72315216064453,57.762489372911226,57.231416998555865,57.362544374237345,315900
2008-10-21,58.33292007446289,58.437821003546105,57.81495829372859,58.08377098878379,225500
2008-10-22,58.778785705566406,58.778785705566406,58.39195116938988,58.42473553764277,347700
2008-10-23,58.857418060302734,59.10656707544174,58.542710359964325,58.94921322527253,330000
2008-10-24,58.6082763671875,59.27048114105284,58.464033247911,59.27048114105284,1924600
2008-10-27,58.575504302978516,58.79842689828978,58.29358087715684,58.65418374876896,213700
2008-10-28,58.103450775146484,58.56895963969735,57.900196762259284,58.28703117218731,278100
2008-10-29,58.18866729736328,58.378805514710336,57.90673890642651,58.149330080736064,255400
2008-10-30,57.742889404296875,57.90024344259519,57.58553536599857,57.736331527061,406300
2008-10-31,57.62479019165039,58.175536041133945,57.42809417350894,57.97884002299249,264100
2008-11-03,57.71695327758789,57.80907889970137,57.506379709832814,57.71037144158839,1942300
2008-11-04,58.40790557861328,58.48686753564236,57.736698821044236,57.736698821044236,269700
2008-11-05,58.71714401245117,58.71714401245117,58.348636738734115,58.421021827117826,286500
2008-11-06,58.53949737548828,58.67768578579468,58.236798235702494,58.43421311926537,173000
2008-11-07,58.32892990112305,58.46711832578289,58.19732331205735,58.3881563805313,212300
2008-11-10,58.38810729980469,58.54603607802336,58.098567022682666,58.26307763096285,205400
2008-11-11,58.60530471801758,58.809301450605254,58.381572520270986,58.381572520270986,130100
2008-11-12,58.96721649169922,59.059342083283596,58.7303206789199,58.75006115990681,266900
2008-11-13,58.53949737548828,59.19095845849532,58.48685273714231,58.88825931870953,300500
2008-11-14,59.11855697631836,59.26332718147377,58.91456533476355,59.04617689420831,324100
2008-11-17,59.3686637878418,59.42130845361473,59.09228682324138,59.12518597399572,473100
2008-11-18,59.8292236328125,59.980575618683716,59.500202378755496,59.61865023103466,543600
2008-11-19,60.474117279052734,60.57282467532501,59.941099347369125,60.079292714430345,432400
2008-11-20,61.69150924682617,61.69150924682617,60.94134089602219,61.27036227867193,727900
2008-11-21,61.1255989074707,61.276950969432946,60.82289980401466,61.02689147753607,791300
2008-11-24,60.55315399169922,60.93482038457632,60.34916213571829,60.882175705460945,611600
2008-11-25,61.59281921386719,62.974708406971175,61.099287000582244,61.33618286459656,411600
2008-11-26,61.967872619628906,62.013935402432594,61.652014971965535,61.67833727934862,483400
2008-11-28,62.092960357666016,62.19824466513196,61.86264622839226,61.88896856037661,134000
2008-12-01,62.93339538574219,63.43517376474483,62.48443684393497,62.7551347316788,663900
2008-12-02,63.263465881347656,63.29647951492018,62.83431383077126,62.89373736376714,278300
2008-12-03,63.362548828125,63.46158476526058,62.85416670151161,63.23049923288522,352200
2008-12-04,63.75872802734375,63.90398015575652,63.296566743466926,63.494633706336906,443800
2008-12-05,63.08524703979492,63.81810586221087,62.99941355066187,63.547407992139846,557500
2008-12-08,62.847591400146484,63.19091040124644,62.7683616135024,63.052262052503444,523400
2008-12-09,63.38235092163086,63.52099920981072,62.76833419559049,62.97300475854505,1421700
2008-12-10,63.32294845581055,63.32294845581055,62.906998448532995,63.04564677189953,737000
2008-12-11,63.70587921142578,63.75209531881553,63.13807844225009,63.40877638351712,327500
2008-12-12,63.884159088134766,63.89075779266782,63.04566019196612,63.699294617628645,281300
2008-12-15,64.0228042602539,64.20106498019165,63.851142244521384,63.936970733798255,328900
2008-12-16,65.03956604003906,65.11879079061825,63.804928292664115,65.03956604003906,406000
2008-12-17,65.48192596435547,66.03651940898982,65.36968753444319,65.87806485869133,667900
2008-12-18,65.92420959472656,66.22791591942938,65.80536755139295,65.99023183276215,477700
2008-12-19,65.70635986328125,66.0166700560605,65.65354507249995,65.65354507249995,598000
2008-12-22,65.53470611572266,65.8384125852535,65.4620801080983,65.73277292428124,804200
2008-12-23,65.50171661376953,65.72619845751703,65.36306828550408,65.42909057936694,324500
2008-12-24,65.43569946289062,65.65357758322274,65.39608709089516,65.46871313100587,129200
2008-12-26,65.78558349609375,65.78558349609375,65.4950795064819,65.6997550615155,181100
2008-12-29,65.93070983886719,66.21566537168354,65.8578138847119,65.90420175954716,211900
2008-12-30,66.02352142333984,66.0301497107422,65.67229802954364,65.75845059806853,201300
2008-12-31,65.29454040527344,65.99036368283413,65.07585251165152,65.85120003850196,404600
2009-01-02,64.36019897460938,65.5795413044093,64.24091504618083,65.46025737598076,455200
2009-01-05,64.24746704101562,64.47941140726228,63.916123724546445,64.08842366476179,1383500
2009-01-06,64.2077407836914,64.33365292718332,63.61794977875621,63.7571134371892,900800
2009-01-07,64.22098541259766,64.37340055763,63.982417740817105,64.10832480499612,296700
2009-01-08,64.39332580566406,64.63189364583528,64.18789435392335,64.28729846331187,262600
2009-01-09,64.69145202636719,64.91013470886101,64.28058461386722,64.28058461386722,278700
2009-01-12,65.0957260131836,65.14873711423172,64.50593011496996,64.53243819344353,747700
2009-01-13,65.14215850830078,65.18191812529659,64.88371088602307,64.93009879115233,157700
2009-01-14,65.50662231445312,65.7518183746433,65.40721823297594,65.42047480698709,321100
2009-01-15,65.45357513427734,65.68551956651929,65.33429130417261,65.58611553211549,414500
2009-01-16,64.85057830810547,65.27469776729895,64.59213067065642,64.64514686703129,288800
2009-01-20,64.75117492675781,64.97649123591508,64.11499573086532,64.15475535063896,357200
2009-01-21,64.17462921142578,64.64514159600981,64.02884226713617,64.34692930764378,484100
2009-01-22,63.750457763671875,64.12818897596856,63.551654789562065,64.09505767489937,262600
2009-01-23,63.76374435424805,63.76374435424805,63.32636850463566,63.52517662825958,361900
2009-01-26,63.60469055175781,63.690838028180366,63.326358212739194,63.51853801943547,324900
2009-01-27,64.02220153808594,64.11497732819727,63.51855792326632,63.5583225875293,269300
2009-01-28,63.6113166809082,64.16134804350793,63.339617670017994,64.11496016087301,266200
2009-01-29,62.78301239013672,63.44569989072559,62.61071728023477,63.29328459689661,325900
2009-01-30,62.75645446777344,63.05466663986235,62.70344335229352,62.96851409739426,296900
2009-02-02,63.2655143737793,63.3784923635196,62.78039298014597,62.99969693240675,347600
2009-02-03,62.72055435180664,63.092707740794374,62.60093452501426,63.0262483380226,436000
2009-02-04,62.4015998840332,62.6341926890089,62.13577736257116,62.56773832617911,325000
2009-02-05,62.547767639160156,62.773713360791795,62.29523410305414,62.487955196872925,641800
2009-02-06,62.168975830078125,62.48795863938287,62.135746130294564,62.46802284756886,667000
2009-02-09,62.042747497558594,62.1889501549708,61.88325599408322,62.149073476494344,468300
2009-02-10,62.87342071533203,63.03291217038136,62.454753744524325,62.534496936978016,437400
2009-02-11,63.358524322509766,63.458208355348724,63.01295875482732,63.03954150159374,316800
2009-02-12,63.33859634399414,63.65093731935717,63.27214200394993,63.518028639268756,379900
2009-02-13,62.84016418457031,63.15250507541722,62.74712711965503,63.07276191699828,304100
2009-02-17,63.896820068359375,63.9433386105751,63.504730866706154,63.504730866706154,416200
2009-02-18,63.431644439697266,63.92341779565933,63.358543131922964,63.89018808480118,422300
2009-02-19,63.0794563293457,63.32534310289175,62.840216514583055,62.840216514583055,229300
2009-02-20,63.25883102416992,63.71072747650983,63.218954377986826,63.45155209194688,338800
2009-02-23,63.31864547729492,63.345228221013365,62.92656141526284,63.0195984832074,440600
2009-02-24,63.0794563293457,63.65762006004609,63.03293775814985,63.418380245283444,557000
2009-02-25,62.5079345703125,63.21900699908502,62.448127156465496,63.0462266456535,428700
2009-02-26,62.34837341308594,62.50786474198509,62.242047550532476,62.35502036391363,224800
2009-02-27,62.2952995300293,62.654159350232774,62.175679589961476,62.51460359851121,288300
2009-03-02,62.92021942138672,63.053480586549675,62.567072758476044,62.61371467464184,500400
2009-03-03,62.84026336669922,63.040160209783764,62.48711668302602,62.567076436977416,528400
2009-03-04,62.52048873901367,62.547142013445885,62.26062566779004,62.28061435271612,331600
2009-03-05,63.2534065246582,63.333366310702935,62.760333886357145,62.97355489888651,475000
2009-03-06,62.953582763671875,63.420002262504894,62.94025358736735,62.94025358736735,414800
2009-03-09,62.98023986816406,63.140159504918074,62.70038812923252,63.053535097444986,224900
2009-03-10,62.52048873901367,62.73370985087903,62.45385809472931,62.667079206594664,244500
2009-03-11,62.96692657470703,62.966926574707024,62.340587265626894,62.3872292301163,320700
2009-03-12,63.146785736083984,63.36667130806106,62.90025198894846,63.01352452593447,271100
2009-03-13,63.10017776489258,63.366705412226956,62.83365520115025,62.966916483021414,553200
2009-03-16,62.74039840698242,62.89364843901817,62.64710936903749,62.68042724570312,512100
2009-03-17,62.62040328979492,63.0535047845796,62.49380157579289,62.94023224236175,222200
2009-03-18,64.76596069335938,64.96585767348357,62.73369845218984,62.73369845218984,751400
2009-03-19,64.54606628417969,65.08578089783352,64.53273711044561,64.97250833904523,711100
2009-03-20,64.54606628417969,64.77261140175625,64.43278864180112,64.65933884296797,231400
2009-03-23,64.32622528076172,64.6993610666449,64.29290740691052,64.5061285822143,285100
2009-03-24,64.23289489746094,64.50608194788519,63.966367350117416,64.2395594841318,810500
2009-03-25,63.84640121459961,64.24618981227117,63.74645279428476,64.0796108062757,443500
2009-03-26,64.0130615234375,64.19296484162875,63.733209657986976,63.853146897979244,507900
2009-03-27,63.9730110168457,64.23287389254006,63.84640932945002,64.15291412940776,394200
2009-03-30,64.24620819091797,64.41278724456602,64.03965179114296,64.33283255231208,321200
2009-03-31,64.35955047607422,64.4328457457992,64.23961830771857,64.24627781689736,1150800
2009-04-01,64.51724243164062,64.63083966345945,64.2967265594078,64.53060471261168,230200
2009-04-02,64.0962142944336,64.3434596633574,63.94920381010906,64.29668406363213,552400
2009-04-03,63.3611946105957,63.97596136034837,63.341148644562935,63.82227222199032,1177200
2009-04-06,63.214141845703125,63.5081627462544,63.17404994041225,63.46138715736277,363600
2009-04-07,63.374549865722656,63.48815215758658,63.260952672018405,63.36118758923496,289700
2009-04-08,63.688621520996094,63.688621520996094,63.38123815785024,63.468110804890614,250800
2009-04-09,63.314414978027344,63.58839009153979,63.21418005605548,63.294369013264955,249600
2009-04-13,63.688621520996094,63.78885644549497,63.554978353770956,63.58839169465726,207300
2009-04-14,64.01606750488281,64.08957278957513,63.7621383038872,63.855689557466334,254000
2009-04-15,64.0761489868164,64.15633788991121,63.815541424453876,64.10287862118135,238500
2009-04-16,63.822269439697266,64.0160555998331,63.71535082796991,63.93586664103758,240100
2009-04-17,63.30773162841797,63.66857429054746,63.24759373380969,63.64184463800158,239400
2009-04-20,63.748756408691406,63.815577983806975,63.53492430942597,63.54828658518532,277700
2009-04-21,63.501522064208984,64.05615092104462,63.41465451120207,64.00937530047777,218500
2009-04-22,63.34784698486328,63.608454799887824,63.14737708184682,63.57504144999795,160900
2009-04-23,63.334503173828125,63.41469218450711,63.100624932051865,63.28104383337546,238200
2009-04-24,63.08724594116211,63.24761882189168,62.973643598240116,63.1540675499526,253500
2009-04-27,63.34784698486328,63.44807683821009,63.113963731956936,63.347846984863274,207500
2009-04-28,63.04045486450195,63.5616755631441,62.94690360791106,63.554991873913,283800
2009-04-29,62.69964599609375,63.18076952560326,62.48581388277393,63.04712126842855,454400
2009-04-30,62.592689514160156,62.672878419940936,62.338765626422635,62.53923024363963,410500
2009-05-01,62.39165115356445,62.47208052080859,62.21739519470211,62.438572119540176,562700
2009-05-04,62.451995849609375,62.57263738507782,62.30454451587615,62.43188977927233,516400
2009-05-05,62.4385986328125,62.57264252169398,62.311253358962496,62.45870470480007,245000
2009-05-06,62.46541976928711,62.70000430677436,62.33807957535031,62.38499546015817,442600
2009-05-07,61.94259262084961,62.31122079278465,61.82865486350384,62.11685367607744,489800
2009-05-08,62.01633071899414,62.197295535565885,61.93590645691332,62.002928379795655,399900
2009-05-11,62.59943771362305,62.632946121300414,62.32464115806344,62.43188033489999,698000
2009-05-12,62.559207916259766,62.653044733890844,62.391650571148574,62.48548738877966,206800
2009-05-13,62.847415924072266,62.907739236104774,62.706668347256574,62.71337207380354,287500
2009-05-14,62.854095458984375,62.88760896537524,62.69994560184991,62.807179618103035,186500
2009-05-15,62.699947357177734,62.800477652278474,62.59941194863371,62.7535618100837,254100
2009-05-18,62.33131790161133,62.787073978978036,62.304508119008204,62.74015813778337,456100
2009-05-19,62.24420166015625,62.28441378490892,62.05653314660745,62.19728581013009,268900
2009-05-20,62.4385986328125,62.5257266492408,62.15039966961541,62.25093002955322,408600
2009-05-21,61.75492477416992,62.639627209548436,61.70130520513036,62.639627209548436,374900
2009-05-22,61.393009185791016,61.667805681570435,61.29917748319421,61.48684088838782,382200
2009-05-26,60.98419189453125,61.65442151675673,60.970789552003076,61.57399723469525,519900
2009-05-27,60.29381561279297,61.0310666782441,60.240196051883814,60.99085456428363,733500
2009-05-28,60.60886001586914,60.74290388404015,60.126293908940205,60.72950154260137,660100
2009-05-29,61.29246520996094,61.35278850375728,60.62223593434214,60.63564338338292,1119300
2009-06-01,60.29220962524414,60.73587801718414,60.11742868117114,60.67537988002386,970300
2009-06-02,60.493873596191406,60.52748709062709,60.1308693968226,60.44681778120096,1903800
2009-06-03,60.8636360168457,60.93085791511832,60.59474329505314,60.688854978375225,568800
2009-06-04,60.157779693603516,60.56111612096183,60.05694430458871,60.48717563963196,591100
2009-06-05,59.55951690673828,59.92252135608259,59.43179682306909,59.61329648338989,1273900
2009-06-08,59.2569580078125,59.720792300418644,59.209902206281505,59.63340442006044,1135800
2009-06-09,59.512451171875,59.687232202603056,59.35111759742703,59.52589862815508,1127200
2009-06-10,59.15617752075195,59.47884983658514,58.9545066822684,59.337677172425174,1406500
2009-06-11,59.55951690673828,59.79479614371069,59.03517885614185,59.142738009445075,781400
2009-06-12,59.87545394897461,60.02334519186291,59.640174757425825,59.640174757425825,608300
2009-06-15,60.14432907104492,60.245164446148635,60.03005137265414,60.10399697248352,531500
2009-06-16,60.480430603027344,60.500596647984814,60.023314778761275,60.12415013224774,403000
2009-06-17,60.31914520263672,60.76953766141501,60.31914520263672,60.500644880649254,594800
2009-06-18,59.586395263671875,60.11073321367634,59.51917337010495,59.9830131545097,1015500
2009-06-19,59.861961364746094,59.87540368067695,59.45190149143971,59.49895729024385,850900
2009-06-22,60.18465042114258,60.2585960077659,60.03004065180238,60.10398623842571,1218000
2009-06-23,60.37956619262695,60.466954054954705,60.11739747694704,60.20478533927479,492200
2009-06-24,60.15104675292969,60.71571659085089,60.15104675292968,60.41321562463592,687600
2009-06-25,60.903934478759766,60.903934478759766,60.1577600242034,60.29892747118714,790700
2009-06-26,60.98459243774414,61.10559381673563,60.83670129356584,60.95097894908605,263700
2009-06-29,61.11235427856445,61.2333506015959,60.984629099318305,61.152686386241605,903200
2009-06-30,60.950984954833984,61.166097968826115,60.71570589713929,60.809817520217166,608800
2009-07-01,60.91187286376953,60.91187286376954,60.588301557281824,60.70290283555355,394100
2009-07-02,61.114097595214844,61.26239573404643,61.026461032506674,61.026461032506674,431700
2009-07-06,61.1545524597168,61.188254483950935,60.94558242329357,61.01299161475349,472200
2009-07-07,61.39727783203125,61.40401515636879,61.060226467309505,61.060226467309505,741600
2009-07-08,62.10503387451172,62.20615023317515,61.397229649850956,61.45115906020367,658900
2009-07-09,61.741058349609375,61.84217477424218,61.51186592057032,61.74780081605022,668900
2009-07-10,62.12525939941406,62.25333531642516,61.8960619837774,61.99043587757147,400300
2009-07-13,61.90283966064453,62.22640601115283,61.848910221228344,62.158996783379806,327400
2009-07-14,61.49162673950195,61.72756157004398,61.39051034270007,61.55229349178694,942100
2009-07-15,60.69617462158203,61.221973617932996,60.69617462158203,61.16804419702709,714400
2009-07-16,61.0601806640625,61.26915070767607,61.01973103340143,61.10736761400724,194900
2009-07-17,60.64899826049805,60.92537759069207,60.64899826049805,60.7973016224042,616000
2009-07-20,60.8714485168457,61.08041861419411,60.47372542819034,60.500690141234195,335400
2009-07-21,61.55223846435547,61.592688072710594,60.72309606641552,60.72983338198389,837700
2009-07-22,61.188270568847656,61.47813479701597,61.10738157502868,61.47813479701597,298300
2009-07-23,60.59503173828125,61.19498214020559,60.47369316581395,61.181502362371624,518100
2009-07-24,60.723148345947266,60.75011306040293,60.55462273784438,60.56810252357551,292400
2009-07-27,60.44002914428711,60.54788286373038,60.25127613502254,60.392837034725744,326800
2009-07-28,60.56134033203125,60.88491165710612,60.38607745964944,60.56134033203125,299300
2009-07-29,60.60186767578125,60.851282522854724,60.36593262733405,60.831060253416155,265200
2009-07-30,60.844478607177734,60.871443317918576,60.36586656326142,60.48046272666546,367400
2009-07-31,61.45787048339844,61.50505741182649,60.97925873991685,61.107339749788494,631800
2009-08-03,60.8047981262207,61.115784903075955,60.64254011905051,61.09550394166095,453700
2009-08-04,60.62910079956055,61.00769299750826,60.40599961522771,60.9603689727648,552000
2009-08-05,60.28425979614258,60.81834773388829,60.25721678130293,60.358626797469675,393900
2009-08-06,60.28425979614258,60.507360800123884,60.14904987987203,60.25721678130293,311200
2009-08-07,59.885433197021484,60.00712427884836,59.81106613824219,59.93951926848491,507200
2009-08-10,60.270755767822266,60.29103674448394,59.89892066926167,59.95976875717566,1487700
2009-08-11,60.6899528503418,60.6899528503418,60.433051700117936,60.49389983128807,327400
2009-08-12,60.52090835571289,60.791333474096064,60.26400733011044,60.74400946522376,624700
2009-08-13,60.994144439697266,61.109073421417946,60.6425902912313,60.703438383743595,614700
2009-08-14,61.18346405029297,61.50121325239776,61.129377982289746,61.13614003027298,695000
2009-08-17,61.60262680053711,61.636426726489105,61.42008760025613,61.43361169698223,572900
2009-08-18,61.3862419128418,61.62286184983978,61.37271782619747,61.60933776319545,514700
2009-08-19,61.616153717041016,61.82573082204579,61.480943679863536,61.812211881500964,495400
2009-08-20,61.77836227416992,61.81216733806965,61.5011803503208,61.683714284764996,542900
2009-08-21,61.149627685546875,61.77836372012614,61.129346709903785,61.731039724316034,435100
2009-08-24,61.528202056884766,61.54848302502797,61.00087625345424,61.00763313755078,369100
2009-08-25,61.69045639038086,61.74454241196804,61.332145523737914,61.47411746195907,315800
2009-08-26,61.77164840698242,61.81221038556755,61.61615222585246,61.74460536861494,219600
2009-08-27,61.60262680053711,61.82572281720151,61.528259742338435,61.58234065544796,378700
2009-08-28,61.74455261230469,61.78511455623254,61.42680363039583,61.474127617620915,303500
2009-08-31,61.927085876464844,61.99469083495359,61.69722798601755,61.79863800271453,483700
2009-09-01,62.08779525756836,62.22338566296611,61.681018868932696,61.7827090867598,464500
2009-09-02,62.42677307128906,62.46066808458633,62.1081299461304,62.175925145167064,381900
2009-09-03,62.203006744384766,62.39283525617794,62.18944978173055,62.257244939879676,246400
2009-09-04,61.83017349243164,62.25051207433649,61.80983544648258,62.16915471809725,521400
2009-09-08,61.687774658203125,61.98607965976127,61.667436621267925,61.687774658203125,408700
2009-09-09,61.74205780029297,61.75561477730137,61.46409580584257,61.59968626570454,568400
2009-09-10,62.203006744384766,62.41995435392539,61.945383074442475,61.97250217218993,626900
2009-09-11,62.386085510253906,62.677609491853104,62.345409429430354,62.47422391529375,1319500
2009-09-14,62.01996612548828,62.29792785622134,61.98606595646347,62.20979465817224,477100
2009-09-15,61.891178131103516,62.01321155031222,61.77592578308469,61.77592578308469,710100
2009-09-16,61.84370803833008,61.99963643598023,61.680998570908834,61.97929839910766,743200
2009-09-17,62.14878845214844,62.15556952186671,61.694555057397324,61.88438362998342,846500
2009-09-18,61.81661605834961,62.05390188005763,61.72170172966639,61.95898755137442,910200
2009-09-21,61.7758903503418,62.047070973094264,61.69453306005276,61.92503762388012,617200
2009-09-22,61.9385871887207,61.93858718872071,61.721639631082574,61.7284206970069,438800
2009-09-23,62.07421112060547,62.10811129616525,61.626758803371786,61.79624933628951,794500
2009-09-24,62.243690490722656,62.32504779401113,62.01996695844874,62.10131908929756,501200
2009-09-25,62.49456024169922,62.51489828155319,62.14879804685725,62.28439359995286,454100
2009-09-28,62.60302734375,62.66404663169085,62.40642285662348,62.440317863309616,514000
2009-09-29,62.575897216796875,62.6775873829856,62.36572547098068,62.44030170781227,276400
2009-09-30,62.623374938964844,62.70472709865995,62.48100348705691,62.51489849611604,670900
2009-10-01,63.09444808959961,63.18962301099934,62.768135555270284,62.84971109553051,1762800
2009-10-02,63.067325592041016,63.38004947096502,63.012943566126026,63.36645007449872,936600
2009-10-05,63.06050109863281,63.264445268812345,63.01970811527883,63.24405137045915,509100
2009-10-06,62.85653305053711,63.012894869161215,62.842938851226606,62.98570128389415,382300
2009-10-07,63.25763702392578,63.31881870569963,63.074081605311314,63.087680992358706,269500
2009-10-08,63.02650451660156,63.35961694114011,62.95852313009433,63.33922304385268,422200
2009-10-09,62.421470642089844,62.84296359975064,62.28550784885634,62.72059501118125,543800
2009-10-12,62.60498046875,62.68656120395167,62.39423671945161,62.42143029785217,464800
2009-10-13,62.747764587402344,62.78855237242927,62.59140276705562,62.7137713087825,489200
2009-10-14,62.31948471069336,62.54382794703783,62.210715533059386,62.38067158726329,523400
2009-10-15,62.11551284790039,62.37384406785577,62.020337914935524,62.06792538141796,826100
2009-10-16,62.401100158691406,62.4011001586914,62.09517597914138,62.23794370825475,765300
2009-10-19,62.49622344970703,62.49622344970703,62.24468669075312,62.285479659579494,487000
2009-10-20,62.63895797729492,62.7681261455353,62.59137052372902,62.66615154885308,640800
2009-10-21,62.49622344970703,62.50302314228572,62.25148638333181,62.44863597494772,406400
2009-10-22,62.31269836425781,62.428267251457676,62.21072368105,62.23111758036199,421300
2009-10-23,62.0067253112793,62.17668125342839,61.999925621333084,62.06111245756151,424800
2009-10-26,61.653263092041016,61.93198833838768,61.612470109988564,61.87760115341604,762500
2009-10-27,62.18351745605469,62.20391135122439,61.78241850001233,61.78241850001233,669800
2009-10-28,62.37387466430664,62.503042930968064,62.16313080745686,62.190324399735445,684100
2009-10-29,62.07474136352539,62.224303506115994,61.918384713832765,62.197109917768,351200
2009-10-30,62.53704833984375,62.543848036457206,62.23792911528624,62.258323018477796,600100
2009-11-02,62.37246322631836,62.57812878752975,62.310759896657096,62.57812878752975,671100
2009-11-03,62.2285270690918,62.5438905295358,62.11198265960473,62.5438905295358,353000
2009-11-04,62.05714797973633,62.18054950413913,61.85833935249305,62.029730068028634,497700
2009-11-05,62.07084274291992,62.111974828040026,61.8994520810156,61.98172148168373,147600
2009-11-06,62.2559700012207,62.26968418930248,61.99545796239953,62.21483789783584,327300
2009-11-09,62.28339767456055,62.36566711774097,62.20798532591948,62.22855137910693,531500
2009-11-10,62.33137130737305,62.495910152638096,62.214826881465626,62.441063870883085,523000
2009-11-11,62.509586334228516,62.67411986279969,62.420465095924655,62.52329528226504,275600
2009-11-12,62.53013610839844,62.55070214031762,62.1256568661874,62.36560262261981,374500
2009-11-13,62.57819366455078,62.591907854438155,62.43422605331886,62.52334736586312,229300
2009-11-16,62.91410827636719,62.99637771156492,62.639887286568275,62.701585440144,514800
2009-11-17,63.051212310791016,63.09234440554815,62.797552188787364,62.866107423525634,506000
2009-11-18,62.893516540527344,63.01006616706811,62.81125236935502,62.94836280826089,285300
2009-11-19,62.96890640258789,63.1334399167042,62.91406015440708,62.975763491217016,378200
2009-11-20,62.96207046508789,63.05805404686155,62.8660921137421,63.00320778025599,304200
2009-11-23,62.87297439575195,62.90039754004226,62.701583666760015,62.80441915024117,505100
2009-11-24,63.19518280029297,63.25002908279591,62.934670804048054,63.003226041962044,753800
2009-11-25,63.40772247314453,63.442002716434615,63.05808909765336,63.1472104076045,431200
2009-11-27,63.69563293457031,63.75733106693272,63.57223143941718,63.68877584305394,412200
2009-11-30,63.79845428466797,63.839591597618174,63.565365509803,63.67505280667252,404100
2009-12-01,63.446693420410156,63.66657004372838,63.419214084642604,63.6322130107981,529600
2009-12-02,63.31611633300781,63.49476337838823,63.226790189245314,63.3916975736632,463800
2009-12-03,63.02068328857422,63.06190752634026,62.91761745201289,62.93822957089591,463500
2009-12-04,62.55345916748047,62.62216798124189,62.381684512003694,62.498490019612746,756700
2009-12-07,62.72521209716797,62.78018122599633,62.553437501187815,62.56717716232259,399100
2009-12-08,62.9450798034668,63.130594050069284,62.86949856614687,63.0344007011429,502200
2009-12-09,62.82143020629883,63.07565859570009,62.78020596450549,62.97259274907003,721800
2009-12-10,62.608402252197266,62.7183352600224,62.422882765909925,62.69772314868921,423200
2009-12-11,62.299217224121094,62.3954105908696,62.16867207904544,62.3954105908696,454000
2009-12-14,62.299217224121094,62.42976761134207,62.27173265617218,62.34731390749535,195200
2009-12-15,62.099971771240234,62.161813373337615,61.97629380919197,62.05187507722961,326000
2009-12-16,62.099971771240234,62.319843121309766,62.03126295724598,62.20991006734825,761500
2009-12-17,62.64961242675781,62.649612426757805,62.34042034180235,62.457225774595024,468800
2009-12-18,62.34046936035156,62.61530465546352,62.31985199528565,62.51224404087015,517600
2009-12-21,61.701446533203125,62.06560789436255,61.667089511825814,62.058735441657994,609900
2009-12-22,61.42659378051758,61.55713890287388,61.378497105513794,61.52965958185265,366700
2009-12-23,61.399105072021484,61.68768510256081,61.39223262115796,61.54339508729115,351400
2009-12-24,61.17921447753906,61.39908565634746,61.17921447753906,61.35786144849039,160200
2009-12-28,61.014404296875,61.13120988981752,61.00753183783418,61.11746497173587,1181400
2009-12-29,61.17543411254883,61.21673462542416,61.010221557356545,61.085942665524975,428800
2009-12-30,61.28554153442383,61.30619178107988,61.134099389822104,61.20982046212297,473100
2009-12-31,60.989559173583984,61.23737270525098,60.77616623036579,60.98267400552533,304300
2010-01-04,61.140995025634766,61.230481193748744,61.01020310529258,61.08592419055975,619100
2010-01-05,61.409454345703125,61.50582567420074,61.30619785035753,61.30619785035753,1547500
2010-01-06,61.16164779663086,61.40257614520914,61.1134621269152,61.36816081075173,365500
2010-01-07,61.16164779663086,61.29932488999281,61.134112377958466,61.17541813188911,390900
2010-01-08,61.237422943115234,61.361329810599265,61.14105151861085,61.35444463689217,382500
2010-01-11,61.27867126464844,61.3681626910367,61.21672050962051,61.27179134865263,653600
2010-01-12,61.719242095947266,61.76054260556992,61.59533531523426,61.677936334479554,403000
2010-01-13,61.42326354980469,61.726142808820676,61.402608036189356,61.595356067004595,281900
2010-01-14,61.71238327026367,61.79498432476893,61.53340556575677,61.602241528460254,511700
2010-01-15,61.98768997192383,62.056525887541966,61.9257339715769,61.939504305806764,429200
2010-01-19,61.8775749206543,61.92576060749731,61.75366811850854,61.856924662271,411900
2010-01-20,62.090946197509766,62.17355245398064,62.04276052752947,62.0496456951964,228800
2010-01-21,62.318111419677734,62.366297091170274,61.9945768031517,62.00834713891775,349200
2010-01-22,62.373172760009766,62.42135842416393,62.24926601620712,62.26991626486698,272900
2010-01-25,62.23551559448242,62.3181166085792,62.22863042602611,62.23551559448242,1699000
2010-01-26,62.359432220458984,62.44203850640958,62.24241058758015,62.428273418007485,490600
2010-01-27,62.21479797363281,62.51079689959095,62.15973243649417,62.39377541189202,342100
2010-01-28,62.19422912597656,62.26306507635587,62.01525145351326,62.01525145351326,318100
2010-01-29,62.43506622314453,62.43506622314453,62.056466424102936,62.13218743427899,396700
2010-02-01,62.22103500366211,62.33845022354574,62.15197063678984,62.33845022354574,634300
2010-02-02,62.32464599609375,62.331554014871735,62.22795481029961,62.24867359735915,426000
2010-02-03,62.02764892578125,62.19340971940032,62.006930143897144,62.145064138579706,435300
2010-02-04,62.538734436035156,62.56635596465348,62.29700127180496,62.29700127180496,503400
2010-02-05,62.73899841308594,62.84950556750973,62.455833051099475,62.49727059937282,694700
2010-02-08,62.683738708496094,62.697549465652536,62.54560479058074,62.62848514132995,257600
2010-02-09,62.3453483581543,62.66305390694854,62.33153759351122,62.5180118971945,481200
2010-02-10,62.172706604003906,62.47659622536286,62.08292342918189,62.44206666701973,496200
2010-02-11,62.096702575683594,62.179577681890116,61.93094182472702,62.179577681890116,496900
2010-02-12,62.24169158935547,62.345285392736926,62.22787556939279,62.296939861403004,219800
2010-02-16,62.379905700683594,62.40062448976683,62.096740134421175,62.11745892350441,175400
2010-02-17,62.04835891723633,62.31081083531491,61.93785700641826,62.22102243417334,358000
2010-02-18,61.82735824584961,62.08981019966836,61.682321504184394,62.08981019966836,474300
2010-02-19,61.861907958984375,61.861907958984375,61.64780680343481,61.78593556134917,527900
2010-02-22,61.813507080078125,61.868760641534195,61.758253518622055,61.772069543620894,349700
2010-02-23,62.283199310302734,62.317734129866004,61.868807821911744,61.88952660594025,557200
2010-02-24,62.317718505859375,62.421312400029294,62.19340056358312,62.30390247378849,394300
2010-02-25,62.54561996459961,62.58706278466364,62.448928833235996,62.552527979488865,256600
2010-02-26,62.64228439331055,62.787326297800135,62.5801280936172,62.58703610556175,609900
2010-03-01,62.707401275634766,62.75587724255445,62.603522694097116,62.71432263984891,468600
2010-03-02,62.74208068847656,62.755933996401474,62.548176645439106,62.57587797780001,417900
2010-03-03,62.67971420288086,62.71433688226679,62.53428626909514,62.610463560623664,476700
2010-03-04,62.790557861328125,62.86673520585825,62.582805790009715,62.65205648044918,431100
2010-03-05,62.49278259277344,62.555111920047246,62.361207850288096,62.54125861021323,549900
2010-03-08,62.326515197753906,62.38191781263255,62.305740538045455,62.33344184548478,399800
2010-03-09,62.485816955566406,62.48581695556641,62.32653570624998,62.45118898900191,350500
2010-03-10,62.38194274902344,62.39579076653659,62.243436156460575,62.27806412547286,329800
2010-03-11,62.326515197753906,62.42346713204946,62.22263661572748,62.26419121862855,283100
2010-03-12,62.42351531982422,62.499692653216336,62.18113529698031,62.1880619500582,276400
2010-03-15,62.42351531982422,62.465064671315105,62.30578863494121,62.41658866674632,190100
2010-03-16,62.6658821105957,62.693583433569835,62.416575487315676,62.43735544216161,388200
2010-03-17,62.74208068847656,62.762855366875016,62.63820201299538,62.71437935611565,288300
2010-03-18,62.5758056640625,62.7350815367145,62.555031009671616,62.69353222793273,202600
2010-03-19,62.49278259277344,62.68668666253258,62.48586122134607,62.49278259277344,171300
2010-03-22,62.700504302978516,62.700504302978516,62.59662567227695,62.64510166213946,338100
2010-03-23,62.56889724731445,62.74202646232279,62.56889724731446,62.679702480992276,244100
2010-03-24,61.945655822753906,62.319615710942436,61.85563049695325,62.23651703589151,531300
2010-03-25,61.71717834472656,61.89030776697373,61.509420924633694,61.82105177128233,601900
2010-03-26,61.862510681152344,61.883285334310685,61.64782693705696,61.65475358260391,734100
2010-03-29,61.77251434326172,61.89024624881861,61.70326369989528,61.841770270113564,521400
2010-03-30,61.83483123779297,61.83483123779297,61.64784872631444,61.76558060829455,246500
2010-03-31,61.98025131225586,62.03565392224703,61.876372739393325,61.95255000726027,398900
2010-04-01,61.8518180847168,61.92127193034418,61.76848194769914,61.886545007530486,397600
2010-04-05,61.29619216918945,61.4837036774363,61.19896319475306,61.42120160754793,656100
2010-04-06,61.476783752441406,61.53234470424962,61.37261359103101,61.504564228345515,566100
2010-04-07,61.85874938964844,61.92819791969444,61.4559404973651,61.46983338252422,562000
2010-04-08,61.789302825927734,62.02542889531506,61.75457591050801,61.921258746222634,465400
2010-04-09,61.85874938964844,61.87958341880392,61.636510914351284,61.705959444397294,314600
2010-04-12,62.025386810302734,62.09484059401691,61.89343627812132,61.95593832516834,402000
2010-04-13,62.14349365234375,62.219883324420984,62.03931821066307,62.17821526718193,309100
2010-04-14,61.97681427001953,62.20599919473529,61.94903379745549,62.14349710540373,315800
2010-04-15,62.08094787597656,62.13650878365752,61.85870954383254,61.88648999767302,299900
2010-04-16,62.456016540527344,62.476850569767905,62.108768590296144,62.185163563233665,409900
2010-04-19,62.30322265625,62.421285680205465,62.254608158234056,62.4004516522819,215300
2010-04-20,62.33101272583008,62.33101272583008,62.192115652559764,62.27545177708847,171300
2010-04-21,62.53239822387695,62.56017868982144,62.330993819715985,62.39349589415451,446500
2010-04-22,62.386573791503906,62.67826082506851,62.36573976033268,62.608812288303184,169300
2010-04-23,62.21293640136719,62.28238492317524,62.15042902273214,62.23377042805135,174200
2010-04-26,62.254608154296875,62.37267117824487,62.19210607053014,62.35183715032262,161900
2010-04-27,62.83797836303711,62.87964641286992,62.469891161379536,62.53934497587704,442800
2010-04-28,62.51850128173828,62.706018090040935,62.4073847237582,62.615735555520764,409700
2010-04-29,62.6226806640625,62.6643540122036,62.42822270134432,62.511564099044435,350500
2010-04-30,63.004676818847656,63.0116232623245,62.69215044539636,62.6990968888732,423200
2010-05-03,62.83958435058594,62.88834559404081,62.76992619058997,62.81172002367216,300500
2010-05-04,63.264488220214844,63.31324944993854,63.11820453104375,63.2226943989018,355000
2010-05-05,63.50831604003906,63.80088351821526,63.375967122527314,63.51528345082724,672000
2010-05-06,64.20488739013672,64.8248538838425,63.459534115986216,63.55705657693484,902400
2010-05-07,64.03076934814453,64.60894229050166,63.93324684155152,64.03773675992346,3856500
2010-05-10,63.54310607910156,63.67546022433287,63.3759255319388,63.38288762358082,836200
2010-05-11,63.61977005004883,63.710325127282786,63.4107902538757,63.675498704305255,891400
2010-05-12,63.459529876708984,63.62671046794198,63.41773605754452,63.54312282961307,424000
2010-05-13,63.633731842041016,63.6894605245724,63.31329988935511,63.633731842041016,420300
2010-05-14,64.04467010498047,64.23274760634511,63.877484198683895,63.91928333254563,488700
2010-05-17,63.9053840637207,64.31637633542826,63.87751973050509,64.03773831785031,535100
2010-05-18,64.3720932006836,64.4208544462271,63.90537234810759,63.933236676214904,1711400
2010-05-19,64.4278335571289,64.70647159721064,64.35120796324196,64.38603971121915,839700
2010-05-20,65.05476379394531,65.22194448182,64.81792492900435,64.92937694939474,1221600
2010-05-21,65.08956909179688,65.62594268329748,64.97114439286788,65.57718144770652,1196200
2010-05-24,65.08956909179688,65.24978230249172,65.01294353378591,65.14529242206078,2949400
2010-05-25,65.3125,65.61899701903549,65.21497749650082,65.50057759544046,1064000
2010-05-26,65.18012237548828,65.20101928808914,64.8596906482645,65.10349681956781,551600
2010-05-27,64.5602035522461,64.71345477736011,64.48357793968908,64.69951994894255,522800
2010-05-28,64.85269165039062,64.88055595847811,64.58798869541945,64.7133754245265,511700
2010-06-01,64.93659210205078,65.09725942475295,64.77593010881165,65.0763039760229,978900
2010-06-02,64.5662841796875,64.98540861828508,64.53834183985347,64.90856851610562,519100
2010-06-03,64.47554016113281,64.65715755780586,64.32185980282352,64.36377068983089,274300
2010-06-04,65.3696517944336,65.39060723062214,65.02736190515444,65.09722046506275,728300
2010-06-07,65.6351089477539,65.64908279423312,65.25789503472842,65.29282432146557,413800
2010-06-08,65.43251037597656,65.60714609620462,65.40456802120497,65.43949729703426,604300
2010-06-09,65.43949890136719,65.51633904650811,65.17405451871817,65.25089466385909,264000
2010-06-10,64.831787109375,65.19503252662511,64.80384474424336,65.16709016149348,655200
2010-06-11,65.24394226074219,65.35570641223957,64.96452388780543,65.13217277978261,404800
2010-06-14,65.18804168701172,65.19502861024021,64.83178321481093,64.91561030517019,627700
2010-06-15,64.9854507446289,65.26486899464359,64.89464207839457,65.20199735689687,1114400
2010-06-16,65.16706848144531,65.22295319311664,64.97845891191945,65.18103699463343,621900
2010-06-17,65.47444152832031,65.57223712762944,65.2369341232407,65.2369341232407,792500
2010-06-18,65.34172821044922,65.4604792692773,65.33474128655892,65.4325369031775,463400
2010-06-21,65.29281616210938,65.32075852211509,64.96450009386758,64.98545553150682,569100
2010-06-22,65.68399810791016,65.71194046773066,65.30678424452364,65.34171352666432,549200
2010-06-23,65.92840576171875,66.03318814941545,65.73281481372683,65.74678864112833,632500
2010-06-24,65.87261199951172,66.12408792483338,65.78179799180856,66.06121627877269,1075100
2010-06-25,65.97737884521484,66.13804606709304,65.79576151721652,65.8097300311165,455400
2010-06-28,66.44535827636719,66.45233986350274,66.20785107736262,66.20785107736262,924300
2010-06-29,66.73180389404297,66.78070168497086,66.57114200790537,66.59907903461317,920400
2010-06-30,66.82958221435547,66.82958221435547,66.59208024246752,66.78767135565951,891500
2010-07-01,66.80022430419922,67.12238872973236,66.77220930937278,66.83524438356075,1293700
2010-07-02,66.6811294555664,66.82820409343977,66.59008477782892,66.6811294555664,1072400
2010-07-06,66.84219360351562,66.93323825312387,66.56905431138141,66.64609414693818,914100
2010-07-07,66.632080078125,66.89821427595608,66.61107018662638,66.89121454099596,473900
2010-07-08,66.47098541259766,66.56203003594828,66.33091059593372,66.42896029594452,508400
2010-07-09,66.29596710205078,66.43603672584355,66.29596710205078,66.38000673900099,439800
2010-07-12,66.40794372558594,66.57602814535775,66.35891888051468,66.40794372558594,685200
2010-07-13,66.07878875732422,66.30290314607535,66.06478394572474,66.2748881795679,679700
2010-07-14,66.40794372558594,66.52000356763872,66.18382938478773,66.30989403544343,566500
2010-07-15,66.75114440917969,66.877209110389,66.54803987149192,66.54803987149192,703600
2010-07-16,67.13636016845703,67.17837996479889,66.80719084828354,66.80719084828354,864200
2010-07-19,66.96124267578125,67.12232205689014,66.8982076642062,67.03828249920153,489800
2010-07-20,67.03128814697266,67.31143251847926,67.01728333288658,67.16435792568292,895900
2010-07-21,67.45855712890625,67.52159219730504,67.07335766456208,67.08036274845381,470700
2010-07-22,67.08734893798828,67.26944366469465,67.08034385606943,67.26944366469465,656800
2010-07-23,66.87022399902344,67.18538314931527,66.63910443904373,67.13635827386297,799500
2010-07-26,66.8492202758789,66.91926040428743,66.6951458859903,66.84222053768733,626300
2010-07-27,66.61805725097656,66.78614168082363,66.60404709822649,66.63206206041895,528200
2010-07-28,66.90521240234375,66.96124233605762,66.60405818776741,66.66008812148128,933000
2010-07-29,67.04530334472656,67.17836779013095,66.83519371447353,66.8772135032002,737300
2010-07-30,67.43754577636719,67.47956559219091,67.25545100227555,67.39552596054347,563600
2010-08-02,67.22895812988281,67.3553549676731,67.18682763641513,67.26407044603071,1160900
2010-08-03,67.54496002197266,67.59411405532796,67.40451609996617,67.43260488436748,911900
2010-08-04,67.26407623291016,67.53091164347397,67.26407623291016,67.51686993023912,777600
2010-08-05,67.58708190917969,67.61517069000243,67.4325962933482,67.49579738954614,817400
2010-08-06,68.02947235107422,68.03649588606011,67.78370220044285,67.88903379568129,438400
2010-08-09,68.01551818847656,68.02955991913547,67.90316291362784,67.93827527636667,464800
2010-08-10,68.3595199584961,68.4086739966104,67.91713361546732,67.98032936844785,641200
2010-08-11,68.74573516845703,68.76680041978264,68.56316072798771,68.60529123063893,911200
2010-08-12,68.57014465332031,68.79484946663565,68.49992540366902,68.78782593445492,1701100
2010-08-13,68.86506652832031,68.8791082348503,68.66142696063181,68.70355743760696,705800
2010-08-16,69.36368560791016,69.38475086324001,69.19515820788179,69.2794245865907,1453200
2010-08-17,69.0125961303711,69.195170638344,68.88619921829607,69.18112356067431,774300
2010-08-18,68.94234466552734,69.27940472634893,68.91425588067655,69.19513837179655,1148600
2010-08-19,69.2513198852539,69.35664613770764,68.90021809070618,68.92128334119693,684100
2010-08-20,69.026611328125,69.29344674931646,68.99149900755783,69.2442927149552,306000
2010-08-23,69.11792755126953,69.16708160816754,68.92833486248877,68.99855417843014,575600
2010-08-24,69.66557312011719,69.79196990005455,69.40575602875015,69.49704586599563,973400
2010-08-25,69.34959411621094,69.98157810946336,69.2863930381929,69.84815777828074,690100
2010-08-26,69.66557312011719,69.66557312011719,69.31447154888947,69.38469079165806,845000
2010-08-27,68.86506652832031,69.6094001942688,68.74569327196728,69.36363014960516,1014100
2010-08-30,69.39176177978516,69.39878531608082,69.03363643214523,69.08981400773355,463500
2010-08-31,69.70072174072266,69.75689394977755,69.52517086363054,69.6726329575014,1276700
2010-09-01,69.19881439208984,69.47335655424116,68.93130791663242,69.43815663775891,1268700
2010-09-02,68.91017150878906,69.05096039519762,68.86793591701684,69.03688365485746,1273500
2010-09-03,68.51602172851562,68.63569292977053,68.34003277228544,68.36819164977308,1308300
2010-09-07,69.05801391601562,69.07913171571359,68.79755389207044,68.8820250908623,778200
2010-09-08,68.86790466308594,68.98757569929877,68.72007478822022,68.87494034468718,1124900
2010-09-09,68.32588958740234,68.61451379564843,68.29069505006262,68.55819609100257,929300
2010-09-10,68.1288070678711,68.21328365469299,67.98801812725509,68.13584812612804,725300
2010-09-13,68.45259094238281,68.4948318995817,68.08653666141599,68.08653666141599,1450100
2010-09-14,68.79763793945312,68.83987359044669,68.5723721828886,68.57940787754801,590900
2010-09-15,68.55824279785156,68.86798501367073,68.52304286577917,68.70607284519555,900600
2010-09-16,68.31881713867188,68.53704141330385,68.18506400480116,68.48072373896366,2902900
2010-09-17,68.47372436523438,68.66379528913673,68.40332991483629,68.52300101758826,1738600
2010-09-20,68.6849365234375,68.6849365234375,68.43151211893063,68.57934212643394,619900
2010-09-21,69.32551574707031,69.33255143266557,68.64267829166523,68.88202049996059,1279500
2010-09-22,69.43114471435547,69.70568699170764,69.38186803305523,69.52266238730984,978800
2010-09-23,69.52965545654297,69.79012082418687,69.3747898179259,69.79012082418687,514000
2010-09-24,69.18475341796875,69.3114656369698,69.15659455032909,69.24107115324807,1317500
2010-09-27,69.7197036743164,69.72674472810934,69.43812060085362,69.43812060085362,782100
2010-09-28,69.95207214355469,70.04358444101078,69.73384224845913,69.7408833084958,776000
2010-09-29,69.78308868408203,70.00131848459951,69.74789414066188,69.9661185704265,820400
2010-09-30,69.69860076904297,69.74083635931989,69.26918769872238,69.73379530402322,813200
2010-10-01,69.73600769042969,69.82067813725722,69.41847736456317,69.51021085985445,846600
2010-10-04,69.98294830322266,70.02528351222111,69.82771202566934,69.87710489730728,1260800
2010-10-05,69.99703216552734,70.0675979987923,69.9194140556697,70.02525742214988,1092900
2010-10-06,70.4487075805664,70.64628460711022,70.38520471674497,70.47693287007266,614400
2010-10-07,70.51921844482422,70.60388886382104,70.44160030513092,70.50510311937853,534700
2010-10-08,70.5474624633789,70.82970444627892,70.54040479878017,70.70269340060561,868200
2010-10-11,70.61798095703125,70.70265134817282,70.53330518247215,70.64620621521762,400300
2010-10-12,70.41338348388672,70.74502368719004,70.37104826931011,70.63212260375914,991900
2010-10-13,70.41338348388672,70.44160875474445,70.0817432805834,70.1946443640143,473800
2010-10-14,70.01119995117188,70.42751068564404,69.96180706092227,70.38517546069332,955100
2010-10-15,69.7077865600586,69.96180868249319,69.58783316430376,69.91241579109877,807100
2010-10-18,70.03942108154297,70.20170968985829,69.91946231225052,70.01825347032106,1149600
2010-10-19,70.279296875,70.37808260610599,69.93354681612905,69.94765675625051,763700
2010-10-20,70.23699188232422,70.39222820752518,70.06058794612692,70.11703849773107,615100
2010-10-21,69.84892272949219,70.1805630937322,69.84892272949219,70.11706024105096,594300
2010-10-22,69.8700942993164,69.93360253901263,69.7642562055275,69.77130848949818,643600
2010-10-25,69.84892272949219,70.20878837828695,69.82069744493744,70.13822785861137,1436800
2010-10-26,69.38322448730469,69.65841430422732,69.38322448730469,69.6231313498842,831800
2010-10-27,68.98097229003906,69.28438716818835,68.97391462773261,69.2349942988812,1223500
2010-10-28,69.38322448730469,69.44672734501468,69.20682048243516,69.24209805335526,738700
2010-10-29,69.69367218017578,69.74306507224422,69.49610061190201,69.53138355627439,768600
2010-11-01,69.57693481445312,69.90936047830039,69.5274241499433,69.90936047830039,1042700
2010-11-02,69.81033325195312,69.83155673174248,69.71131193129844,69.75375349461991,356700
2010-11-03,70.03669738769531,70.15694223778756,69.61231935305881,70.04377188387944,912000
2010-11-04,70.60255432128906,70.69450120742532,70.44694774762718,70.44694774762718,1092500
2010-11-05,70.30542755126953,70.62370951663446,70.30542755126953,70.50347014271934,1108100
2010-11-08,70.32670593261719,70.4964560999507,70.24890264836837,70.4115837144142,469400
2010-11-09,69.73255920410156,70.36205985784719,69.7113411116878,70.32669277298456,744600
2010-11-10,69.99427032470703,70.05085550903523,69.35770049166526,69.77500948076049,1298900
2010-11-11,69.91643524169922,70.07204172968932,69.72546707678447,70.03667465650693,403500
2010-11-12,69.3365249633789,69.8811482534352,69.32945046192968,69.74675970721756,2041400
2010-11-15,68.44528198242188,69.12429337557113,68.43821288184947,68.93331973491667,1174200
2010-11-16,68.95453643798828,68.98990352517669,68.36040822629425,68.7494192040673,954600
2010-11-17,68.7564697265625,69.15255506291706,68.67159198466167,68.97573048115049,580200
2010-11-18,68.59381866455078,68.64332934930168,68.3250417505374,68.57966967104487,2968200
2010-11-19,68.73526000976562,68.74233450484996,68.55136091138351,68.58672799054652,530600
2010-11-22,69.1030502319336,69.11012472675397,68.86964586544575,68.94744911969451,495400
2010-11-23,69.24451446533203,69.477924232522,69.16671120960204,69.37889749192684,659400
2010-11-24,68.50186920166016,68.98990696866814,68.4523585148811,68.95453987971446,1112700
2010-11-26,68.79893493652344,68.80600943373219,68.6221102801266,68.6857699624848,210100
2010-11-29,68.94744110107422,69.03938793801181,68.82012719040641,68.99695176654183,527800
2010-11-30,69.06771087646484,69.33648240767641,69.00405119502041,69.3223388097222,874200
2010-12-01,68.15935516357422,68.54932556216879,68.12390675156159,68.35788899071834,1967700
2010-12-02,67.9892807006836,68.31543574370517,67.97510239859614,68.11690705747473,983500
2010-12-03,67.99636840820312,68.45014978033186,67.92546608308939,68.42178776838622,374500
2010-12-06,68.42180633544922,68.42889819273525,68.18782373052935,68.32254197145329,902000
2010-12-07,67.28730010986328,67.88288582925254,67.12421997650789,67.81907539195994,1335700
2010-12-08,66.7129898071289,66.85479981742311,66.24503029690497,66.82643781536427,2155300
2010-12-09,66.8548583984375,67.01084684169531,66.57833539793629,66.88322042534833,1664700
2010-12-10,66.28752136230469,66.71294025822344,66.28752136230469,66.6349515723587,1002400
2010-12-13,66.50025939941406,66.6916960837687,66.08901862917449,66.1882828965431,1323400
2010-12-14,65.79833984375,66.37974735255926,65.58562753658862,66.22375904857408,1878500
2010-12-15,65.52889251708984,66.08902978291582,65.30200195202723,65.96849535355393,1871900
2010-12-16,65.91880798339844,65.93298626518073,65.27358526769282,65.55719958877778,1351000
2010-12-17,66.48609161376953,66.5569993155751,66.02522400902224,66.08194259716929,1361700
2010-12-20,66.47901153564453,66.90443073971527,66.33011508469471,66.7342641399867,804000
2010-12-21,66.620849609375,66.62794146569765,66.27342438258506,66.59248759358583,848500
2010-12-22,66.43645477294922,66.61371319593948,66.34428234041349,66.58535660861908,308900
2010-12-23,66.20247650146484,66.32301092851675,66.11029866119178,66.32301092851675,540600
2010-12-27,66.457763671875,66.48612027342291,66.02525247001293,66.20251098194,407100
2010-12-28,65.75968170166016,66.37818011998236,65.75968170166016,66.34263217654771,955200
2010-12-29,66.49899291992188,66.61273650493989,65.73831405062519,65.83784172146018,1362200
2010-12-30,66.3638916015625,66.4634192338151,66.14350976212447,66.37100226782316,529800
2010-12-31,66.69802856445312,66.93263175807498,66.40655630704237,66.42077221702718,674300
2011-01-03,66.4918441772461,66.67668349889286,66.14349752878918,66.25013580757955,1396100
2011-01-04,66.64827728271484,66.74069427462729,66.45633263063492,66.57718687171675,1234100
2011-01-05,65.93022918701172,66.23592273158532,65.79515907930397,66.15772167898402,1111900
2011-01-06,66.27153015136719,66.32129400918078,66.00137884564738,66.12223857792642,1452400
2011-01-07,66.7122802734375,66.83313998048736,66.24307905826171,66.32839083549939,736500
2011-01-10,66.93970489501953,66.93970489501953,66.69799116999805,66.83306664644672,1096400
2011-01-11,66.67669677734375,66.85442546943908,66.51318399412239,66.85442546943908,760400
2011-01-12,66.4847412109375,66.60560083361395,66.28568596019812,66.40654558287457,753000
2011-01-13,66.93262481689453,66.93262481689453,66.44209190361899,66.46341847830939,1051500
2011-01-14,66.74778747558594,67.13168210313468,66.72646090025255,67.06059171074031,734500
2011-01-18,66.58427429199219,66.71223373280115,66.35677637806836,66.59849019968803,1063800
2011-01-19,66.75489807128906,66.80466188829735,66.5487321368692,66.5558428032559,732200
2011-01-20,66.23593139648438,66.51318773785066,66.07242402790916,66.46342391821696,697000
2011-01-21,66.45635986328125,66.45635986328125,66.10090223877982,66.1862085973943,523900
2011-01-24,66.46341705322266,66.58427668029198,66.42076390475643,66.48474362745577,497800
2011-01-25,66.79757690429688,66.95397908184208,66.40657688428524,66.59141089061015,1126500
2011-01-26,66.39236450195312,66.66251030261219,66.32838474279127,66.65540505638448,869900
2011-01-27,66.64116668701172,66.68382527273756,66.2999305443091,66.44922203472284,531500
2011-01-28,66.94685363769531,67.05349195556413,66.46343129736013,66.47765263246272,1056600
2011-01-31,66.683837890625,66.97531025834199,66.60563679648958,66.87578257923359,555100
2011-02-01,66.3737564086914,66.53767981937025,66.29535896499327,66.45928237567212,1009200
2011-02-02,66.21697998046875,66.58045317730682,66.11007386008708,66.54482142882703,1120000
2011-02-03,65.8392562866211,66.11720898774806,65.81074762016291,65.98892270742236,1310900
2011-02-04,65.43305969238281,65.76090141281779,65.31903039015467,65.66825226491518,1523900
2011-02-07,65.4045181274414,65.42590370849172,65.183582727178,65.26198021194365,850700
2011-02-08,64.95551300048828,65.41164081432427,64.90562419077098,65.35462347822666,997200
2011-02-09,65.32609558105469,65.4615049063165,64.92697981654668,65.08377471287443,786000
2011-02-10,65.11235046386719,65.35466614426636,65.05533309054644,65.25488845969305,617000
2011-02-11,65.41160583496094,65.58265231431288,65.28331961607958,65.39735422729392,1492700
2011-02-14,65.43305969238281,65.58272621013732,65.31903039015467,65.31903039015467,1311100
2011-02-15,65.58271026611328,65.596967323848,65.39028348648917,65.41166363561692,603700
2011-02-16,65.49002838134766,65.68246050218782,65.3403619748451,65.51140851978064,620100
2011-02-17,65.7323989868164,65.83929975978008,65.64687293096974,65.73952208003016,776500
2011-02-18,65.71810913085938,65.7252376579916,65.46866505596189,65.56131415878866,418400
2011-02-22,66.35244750976562,66.35957604070113,65.9034479353958,65.93907971512145,1383500
2011-02-23,66.1884994506836,66.45932369161474,66.13861063163118,66.33816590784082,651700
2011-02-24,66.35955810546875,66.53060473935989,66.2811605987948,66.38806678402969,508800
2011-02-25,66.57337188720703,66.57337188720703,66.3381793621994,66.3381793621994,571900
2011-02-28,66.54481506347656,66.63033560162451,66.51630640493704,66.58044680854799,372400
2011-03-01,66.62061309814453,66.6491878939399,66.21343179570928,66.24200659150465,530800
2011-03-02,66.2705307006836,66.64199734237377,66.2705307006836,66.50626851751606,425400
2011-03-03,65.82050323486328,66.07767082217781,65.80621856893798,66.04195098224098,616800
2011-03-04,66.2919692993164,66.30625396315966,65.95622247314319,65.97765219394887,637300
2011-03-07,66.12767028808594,66.36340813350444,65.9776567819329,66.01337661914732,489600
2011-03-08,65.97049713134766,66.1633754895084,65.96335207546892,66.09193583088249,538100
2011-03-09,66.35627746582031,66.47771621855297,66.03482066150842,66.12053956928058,626000
2011-03-10,66.92062377929688,66.92062377929688,66.43486327071199,66.53487230629561,1576500
2011-03-11,66.76344299316406,66.956321390649,66.67057904813028,66.92774661138894,690300
2011-03-14,66.91342163085938,67.1348746922142,66.91342163085938,66.96342610598872,806200
2011-03-15,67.15634155273438,67.62067219298333,67.12776677255637,67.52780279488432,1661100
2011-03-16,67.7278060913086,68.0706979288649,67.37777464782049,67.49207374369955,1588800
2011-03-17,67.52066802978516,67.66354195245405,67.3349401054399,67.52781308843932,639900
2011-03-18,67.47782135009766,67.52068080996925,67.29208794051426,67.31352312053397,1513200
2011-03-21,67.12773132324219,67.27774475239495,66.96342778650583,67.25631504109873,1029000
2011-03-22,67.16351318359375,67.1706582445655,66.99206987086409,67.0063599928076,573500
2011-03-23,67.07771301269531,67.38488486144126,66.99198873511108,67.35631010224652,696900
2011-03-24,66.73486328125,66.97774616196708,66.70628850410202,66.88487677371577,1098100
2011-03-25,66.55628204345703,66.87774423277388,66.50627754068535,66.84916945260692,782400
2011-03-28,66.57771301269531,66.63486257409934,66.39912472086932,66.4634193399694,634900
2011-03-29,66.38485717773438,66.6705996083719,66.29199320406269,66.49915087993925,1047300
2011-03-30,66.61341094970703,66.63484066566727,66.3776731739837,66.39910288994393,773500
2011-03-31,66.44197082519531,66.74914281826192,66.4133960525751,66.7277131013169,1093100
2011-04-01,66.58381652832031,66.58381652832031,66.26150032204718,66.28298734051155,1062700
2011-04-04,66.73421478271484,66.83449115409897,66.62677425204545,66.67691243773751,886100
2011-04-05,66.3976058959961,66.6769481465467,66.3331448218638,66.63397409712516,777000
2011-04-06,66.11106872558594,66.31162146587995,66.08241755345074,66.31162146587995,857500
2011-04-07,66.11820220947266,66.23997101078025,65.98211602453513,66.12536636593786,743800
2011-04-08,65.9248046875,66.04656800750733,65.85317952659273,65.90331768569277,595100
2011-04-11,66.01079559326172,66.08957948968244,65.86753972555908,65.94632908663239,364200
2011-04-12,66.38323974609375,66.51933143339072,66.27579922794625,66.29012754484685,1055400
2011-04-13,66.64110565185547,66.64110565185547,66.22567182854029,66.24715884273716,678700
2011-04-14,66.4190902709961,66.7485706938379,66.4190902709961,66.7485706938379,1036300
2011-04-15,66.9061279296875,66.93477364014063,66.71989802382481,66.80584608448999,881400
2011-04-18,67.07083892822266,67.14962826255612,66.71270757748903,66.85595793192218,902400
2011-04-19,67.15680694580078,67.2212679798435,67.04220226574448,67.06368927709205,532000
2011-04-20,66.89177703857422,67.07800688159753,66.87029003065827,67.06367856655287,708200
2011-04-21,66.94197082519531,67.10671379716591,66.92048379942862,66.9491349886694,670600
2011-04-25,67.17830657958984,67.19979359497471,66.98491251182011,67.0207278472302,826200
2011-04-26,67.46484375,67.46484375,67.2213113799744,67.25712673177846,519700
2011-04-27,67.2713851928711,67.30720051038811,67.08516084280319,67.23557534000429,1379500
2011-04-28,67.52928924560547,67.57942744777021,67.32873643694646,67.45766402317784,975600
2011-04-29,67.66537475585938,67.67253891683798,67.40751960716655,67.43617078642727,436000
2011-05-02,67.64451599121094,67.78095573221366,67.55834813679034,67.60143206400063,632300
2011-05-03,67.8240737915039,67.8599807346675,67.69481646619742,67.79535481132943,1660700
2011-05-04,67.99642944335938,68.06105537515538,67.83126515327343,67.83126515327343,1169500
2011-05-05,68.33393096923828,68.35547294522341,68.1113177672536,68.14722471298262,898400
2011-05-06,68.36981964111328,68.49907695146463,68.01795464906837,68.05385610944782,1034800
2011-05-09,68.47035217285156,68.49907662819739,68.36981931845604,68.38418428544378,559600
2011-05-10,68.1399917602539,68.36259931873369,68.11844980022383,68.31951539867352,661600
2011-05-11,68.38420104980469,68.41292003356129,68.04669546503905,68.11132139643792,611100
2011-05-12,68.23336791992188,68.47034052724774,68.13283508262522,68.40571462268363,652000
2011-05-13,68.49899291992188,68.72878280324711,68.38410071757075,68.4128196591913,494100
2011-05-16,68.66425323486328,68.67861272580575,68.40573856885352,68.52063093228527,590800
2011-05-17,68.86529541015625,68.91556182919682,68.72885563906239,68.8150289911157,986400
2011-05-18,68.47035217285156,68.81504015837172,68.47035217285156,68.79349818651977,790700
2011-05-19,68.54214477539062,68.57086922411648,68.18309738425997,68.21182183298583,718000
2011-05-20,68.70729064941406,68.72883261055227,68.53494948168144,68.54212648297622,669600
2011-05-23,68.80062866210938,69.00169423492152,68.76472722617919,68.98015227763821,928000
2011-05-24,68.8724594116211,68.92272581717344,68.6785707911854,68.71447771456306,639300
2011-05-25,68.8796615600586,68.9945593739123,68.79349367829761,68.9514699544025,1345600
2011-05-26,69.26024627685547,69.26024627685547,68.95146527138193,68.97301271898803,806200
2011-05-27,69.25306701660156,69.30333343545351,69.15971118257025,69.18125315084555,943800
2011-05-31,69.36079406738281,69.38951852508642,69.0951024212272,69.13100388438411,2917900
2011-06-01,69.93240356445312,69.95400009269495,69.58684812757454,69.61563983689389,2997200
2011-06-02,69.51484680175781,69.831610503913,69.50765162125734,69.6516321263256,1744400
2011-06-03,69.7884292602539,69.96840766829665,69.60125017798802,69.96840766829665,1531200
2011-06-06,69.74516296386719,69.80995798392976,69.56518473063751,69.62277908347096,1106900
2011-06-07,69.87480926513672,69.88921061232253,69.47886009760111,69.60124408615732,1710300
2011-06-08,70.02597045898438,70.12676338298878,69.88919065480576,69.91798784844944,1471600
2011-06-09,69.74516296386719,70.10511943032655,69.67317276907528,70.0475305699929,1016900
2011-06-10,69.96841430664062,70.10519417482678,69.90361921749505,69.91081989240136,1020500
2011-06-13,69.8171615600586,70.0619293310492,69.7595672048255,69.80276022500031,1009900
2011-06-14,69.26285552978516,69.50762889939041,69.25565485913437,69.45003451918889,2088800
2011-06-15,70.0115737915039,70.01877446295659,69.43564091035665,69.43564091035665,1352300
2011-06-16,70.2059555053711,70.31394361872324,69.98998477117041,70.10516806424339,1958400
2011-06-17,70.15558624267578,70.19878479857881,70.00440502827892,70.05479876641121,998000
2011-06-20,70.0476303100586,70.24920533949638,69.94684279533969,70.24920533949638,774100
2011-06-21,69.95397186279297,70.06916062360455,69.8315879238075,69.99717039434852,1064900
2011-06-22,69.92522430419922,70.15559649683378,69.82443681320325,70.11240342712303,1119300
2011-06-23,70.2923583984375,70.45794093120567,70.23476399638731,70.23476399638731,1264700
2011-06-24,70.5875244140625,70.68831186971966,70.31395375513218,70.32835510165714,997200
2011-06-27,70.31393432617188,70.65949514472938,70.27794195481357,70.64509380218375,1185700
2011-06-28,69.66600036621094,70.2275372954099,69.53641576601149,70.20593528495831,1315300
2011-06-29,69.24845123291016,69.59400648695791,69.20525270677788,69.5292169365121,1376300
2011-06-30,69.01090240478516,69.40685699153167,68.76612898047723,69.39965631927166,1948200
2011-07-01,68.83843994140625,69.1343201453109,68.73740901952962,69.10545338109296,1921800
2011-07-05,69.27140045166016,69.29304913902322,69.09098738260798,69.12707219872638,2896800
2011-07-06,69.39410400390625,69.56729905470574,69.33637048504929,69.44461945646324,1234900
2011-07-07,69.1270980834961,69.17761354151551,69.02606716745724,69.15596484604605,1289100
2011-07-08,69.8631820678711,69.92813366080412,69.6683383006161,69.69720506350056,1278100
2011-07-11,70.39720916748047,70.40442172889763,70.0941109090253,70.18071119797993,1158800
2011-07-12,70.49818420410156,70.5198328827372,70.26003772757406,70.49818420410156,1205400
2011-07-13,70.61369323730469,70.6209113036359,70.21678768143026,70.35389790709495,1247900
2011-07-14,70.20954895019531,70.51985964184645,70.2023308859886,70.35387719971081,959000
2011-07-15,70.49818420410156,70.53426349990507,70.09405534842126,70.10849147135684,874200
2011-07-18,70.45492553710938,70.64977477859361,70.4044100866822,70.56317450395939,883600
2011-07-19,70.72196197509766,70.72196197509766,70.31783823994445,70.3827843377628,1211400
2011-07-20,70.37555694580078,70.5631881575951,70.33947762038372,70.51267269739344,752900
2011-07-21,69.98589324951172,70.288986114013,69.84877745119128,70.2096038629616,1211000
2011-07-22,70.25286102294922,70.26007908866617,70.10131467751886,70.13739950033268,813700
2011-07-25,70.02912902832031,70.37551899554771,69.94252878362884,70.00026228008983,1541700
2011-07-26,70.32501220703125,70.41161246236774,70.1085198273449,70.13738657912374,655600
2011-07-27,70.20954895019531,70.38996201497459,70.05078457226638,70.22397957283894,1066600
2011-07-28,70.3466796875,70.46214121065414,70.28894617303744,70.42605638767229,671500
2011-07-29,71.19823455810547,71.29204739610678,70.7219412903188,70.74358998325975,1602200
2011-08-01,71.45724487304688,71.60915777229489,71.11001696593372,71.11724697131119,2389600
2011-08-02,72.11552429199219,72.18786296400576,71.57297597325999,71.70318779051918,2287600
2011-08-03,72.17334747314453,72.43377094729178,72.0431357360709,72.11547988262119,1922600
2011-08-04,73.12824249267578,73.1427135317539,72.24570227686132,72.27463883593325,2813700
2011-08-05,72.28187561035156,72.9908075763413,72.18783592386801,72.55677018775475,3041500
2011-08-08,73.43209075927734,73.52613045891832,72.73039421532802,72.78103182576325,5178100
2011-08-09,73.85889434814453,75.05973702130427,73.0631580866614,73.21507092138299,3768400
2011-08-10,74.83543395996094,75.0090532520204,74.1337433511127,74.40139676797695,2768900
2011-08-11,73.73589324951172,74.53162924303257,73.54780839025207,74.34354438377292,2344700
2011-08-12,74.24954986572266,74.28572196341369,73.88061544180557,73.96742516481171,1176300
2011-08-15,73.97461700439453,74.30737913411662,73.96738148531162,74.16993186696125,986300
2011-08-16,74.31465911865234,74.53167514923324,73.99636231756232,74.01082784529946,2025400
2011-08-17,74.83543395996094,74.83543395996094,74.23501851193956,74.44480435053298,826200
2011-08-18,75.22606658935547,75.75414892676527,75.05245282214604,75.33457726351718,2211800
2011-08-19,75.30567932128906,75.30567932128906,74.95845160886377,75.21163963231658,683200
2011-08-22,75.168212890625,75.19714392459939,74.92949046721256,74.97289253725731,913600
2011-08-23,74.86444091796875,75.32741509405234,74.84273986582225,74.94401512189758,1414200
2011-08-24,74.0614242553711,74.76312062050089,74.0614242553711,74.74865510081389,1089800
2011-08-25,74.51715850830078,74.59673265399138,74.1916264070892,74.25673503496492,1391200
2011-08-26,74.75589752197266,75.06695867822656,74.52441053492919,74.84994273235867,1080300
2011-08-29,74.26399230957031,74.40143408586847,74.16994709943013,74.16994709943013,1106000
2011-08-30,74.7776107788086,74.92952361024288,74.62569794737432,74.64739899199556,693800
2011-08-31,74.50993347167969,74.95844185420479,74.49546795182984,74.95120633473773,1069300
2011-09-01,75.10370635986328,75.11095800122808,74.31344892393054,74.71220622827015,1566800
2011-09-02,75.7924575805664,75.8794606702949,75.4082036141821,75.58220426225822,1137900
2011-09-06,75.89396667480469,76.16946819184083,75.82146685783533,76.1332210490469,1200500
2011-09-07,75.48804473876953,75.75629490418065,75.43004261004755,75.59679181588893,945800
2011-09-08,75.85774230957031,75.87949724102306,75.5387418895828,75.72724037777157,935700
2011-09-09,76.2275161743164,76.3362687309693,75.93751120037034,75.99551330143652,1014200
2011-09-12,75.9954833984375,76.25648721914969,75.980985644568,76.15498634791524,2177800
2011-09-13,75.7707748413086,75.98827445987794,75.70552108376778,75.91577458702149,932600
2011-09-14,75.8142318725586,75.98823257778804,75.61848177059831,75.7707330790969,1214000
2011-09-15,75.24873352050781,75.38648708978721,75.11097995122843,75.24873352050781,1037900
2011-09-16,75.39371490478516,75.41546429857553,75.07471457688963,75.10371008102219,699000
2011-09-19,76.0099868774414,76.14774044079928,75.90848599856183,75.9519903262124,896500
2011-09-20,76.1114730834961,76.1114730834961,75.91571748949056,75.99546894906591,1005000
2011-09-21,76.43778228759766,76.53928321556283,75.97377646507523,76.08252903971955,929500
2011-09-22,77.14820861816406,77.32946086410688,76.85095227975565,77.07570329468328,3436500
2011-09-23,76.51023864746094,77.16999983540204,76.50298700490593,77.10474611517215,1764700
2011-09-26,76.19123077392578,76.48848726575675,76.12598258677211,76.3724831134181,1214800
2011-09-27,75.68376922607422,75.77077238951816,75.5242661921198,75.64027041004503,1159700
2011-09-28,75.69822692871094,75.69822692871094,75.25597079415051,75.62572157048223,1270500
2011-09-29,75.69822692871094,75.90847476715106,75.47347027468996,75.56772502783438,1096000
2011-09-30,76.1767349243164,76.2492347556487,75.9084794638661,76.1767349243164,1604500
2011-10-03,76.88213348388672,76.88213348388672,76.25737036778261,76.3372823158317,2105600
2011-10-04,76.48983001708984,77.1945049894785,76.48983001708984,77.04920803807715,2056100
2011-10-05,76.17022705078125,76.4535493444532,76.10484754109476,76.4099630046622,1174300
2011-10-06,75.6399154663086,76.06852929598834,75.61811675177734,75.97409036974935,1336400
2011-10-07,75.24758911132812,75.46552627949009,75.00785323808793,75.24758911132812,2276300
2011-10-10,74.45571899414062,74.77536675311147,74.19419001725761,74.60101594936016,803900
2011-10-11,74.70271301269531,74.8770637976957,74.62280108154691,74.81168433176238,978400
2011-10-12,74.44847869873047,74.57197698761584,74.1360970875704,74.3976261361004,2324400
2011-10-13,74.74634552001953,75.00060839331455,74.60831472772439,74.68096601367864,1474100
2011-10-14,74.37581634521484,74.52837401036832,74.26685054332864,74.36128941913428,703100
2011-10-17,74.8625717163086,74.88436488176232,74.50659820551738,74.50659820551738,1274600
2011-10-18,74.78266143798828,75.15315634410268,74.61557126154345,74.94248537827963,912600
2011-10-19,74.89892578125,75.03695661507892,74.63739659216185,74.68824918212252,733400
2011-10-20,74.74634552001953,75.15316611729156,74.54293522138352,74.80446433177694,700200
2011-10-21,74.60830688476562,74.81898339835337,74.47754234331511,74.68095816308265,1276000
2011-10-24,74.57201385498047,74.68824596594975,74.48483561486621,74.65192585612276,1381500
2011-10-25,75.21124267578125,75.24030206533455,74.49930703051677,74.50656772102121,1020200
2011-10-26,74.65914916992188,75.18220726367366,74.64462224176815,75.00059017792726,989900
2011-10-27,73.7583236694336,74.33223427641862,73.63482539188968,74.20146976416237,1636600
2011-10-28,74.20150756835938,74.29594649768187,74.01262416719841,74.02715664402709,936300
2011-10-31,75.19674682617188,75.19674682617188,74.63736304550969,74.67368868309029,1182700
2011-11-01,76.09864044189453,76.12775862882206,75.60364237157918,75.87298143536408,2251700
2011-11-02,75.91666412353516,75.99673775778709,75.57453233240906,75.63276871254263,1088000
2011-11-03,75.55998992919922,75.82932351789478,75.49447260105171,75.55998992919922,739700
2011-11-04,75.78565979003906,75.85845251211029,75.53088248592543,75.57455700842243,735400
2011-11-07,75.87301635742188,76.17874913029101,75.6837508321429,75.74198723280242,844100
2011-11-08,75.53086853027344,75.99674852992422,75.47991307886564,75.7856457873125,418300
2011-11-09,76.20057678222656,76.3534431493827,75.53815030415514,76.16417764797255,760300
2011-11-10,75.82937622070312,76.09143460797273,75.5891551067507,75.88761265203676,664200
2011-11-11,75.47992706298828,75.64007438386258,75.39985340255114,75.62551250720381,323600
2011-11-14,75.95307922363281,76.00404023598901,75.72742012881402,75.76381926514604,586500
2011-11-15,75.85111999511719,76.19325166530439,75.77104638917018,75.9967108939867,480100
2011-11-16,76.1277847290039,76.1423410505951,75.8802828321278,76.07682927284239,335200
2011-11-17,76.2806396484375,76.44078693054507,75.94578876481593,76.00402514989639,805500
2011-11-18,75.99676513671875,76.22242424887466,75.88757327306209,76.14963152434652,1883100
2011-11-21,76.20785522460938,76.36800252411837,76.17145609154717,76.25152974130167,692300
2011-11-22,76.44073486328125,76.45529117277272,76.11315958562564,76.2805876902572,2619500
2011-11-23,76.7028579711914,76.74653249046139,76.22241604430835,76.2733715013661,2189500
2011-11-25,76.21510314941406,76.41893044590827,76.2005468336703,76.41893044590827,466700
2011-11-28,76.22242736816406,76.31705735855036,75.64735537951866,75.67647358126732,1286600
2011-11-29,76.07684326171875,76.25882786057694,75.80022311706762,75.98948865492432,602100
2011-11-30,75.63275909423828,75.85113716137744,75.56724178648821,75.72738903462597,962800
2011-12-01,75.61087799072266,75.76403913121337,75.33373005523053,75.48689119572124,1027100
2011-12-02,75.94638061523438,75.97555496302778,75.46501778773789,75.47960217941565,892400
2011-12-05,75.90267181396484,76.0047793162018,75.53800057327808,75.53800057327808,979100
2011-12-06,75.70572662353516,75.8661772419637,75.59632417481231,75.68384168223884,543000
2011-12-07,76.04847717285156,76.10682586009258,75.78591920914113,75.85885228597387,739300
2011-12-08,76.4350357055664,76.44232511839674,75.9390829756773,76.01931103230915,658200
2011-12-09,75.90991973876953,76.41316195512726,75.90991973876953,76.36940321399305,961100
2011-12-12,76.17249298095703,76.34753353214512,76.12143925500888,76.1943723543007,1068900
2011-12-13,76.52254486083984,76.58818852024157,75.96095408987102,76.02659218483608,512500
2011-12-14,76.84346771240234,76.85805210293887,76.51526606317483,76.59548855778189,760100
2011-12-15,76.77787017822266,76.85080886804504,76.60282956441864,76.61741952815945,968900
2011-12-16,77.1498031616211,77.23732621309111,76.89453455038156,76.89453455038156,748700
2011-12-19,77.4123764038086,77.44155075793623,77.07687967799951,77.1279334066131,1126600
2011-12-20,76.71221923828125,77.09147476566612,76.71221923828125,77.09147476566612,1365000
2011-12-21,76.46421813964844,76.85077410173544,76.45692872551646,76.8143047733225,479000
2011-12-22,76.55906677246094,76.81433548008111,76.53718739244214,76.69034861701424,731900
2011-12-23,76.24539184570312,76.4204323182972,76.12869448768286,76.37667359125776,435500
2011-12-27,76.28852081298828,76.31043980943004,76.17161206594439,76.30313161911083,616500
2011-12-28,76.77076721191406,76.851140594183,76.38351668344562,76.4127438746813,919900
2011-12-29,76.86570739746094,76.95338892097091,76.65382013771054,76.74149608670697,556000
2011-12-30,77.13607025146484,77.47948265350361,76.92417737415339,76.96071274333335,1230000
2012-01-03,76.64656829833984,76.85846128838013,76.55157851774248,76.64656829833984,1297700
2012-01-04,76.40542602539062,76.66846513874613,76.31774446276678,76.63923795120485,1789000
2012-01-05,76.42008209228516,76.72696495596433,76.36893587742519,76.47123388166446,1311300
2012-01-06,76.71966552734375,76.76350355237014,76.51508064452737,76.51508064452737,998200
2012-01-09,76.73426055908203,76.91692639180881,76.64658452706522,76.67581172924376,379900
2012-01-10,76.58076477050781,76.72690067232824,76.49308880393022,76.52961859849933,1636100
2012-01-11,77.0264663696289,77.04838536037806,76.77804370845261,76.77804370845261,931600
2012-01-12,76.86570739746094,77.01915145723177,76.78533406120519,76.98261609547423,685000
2012-01-13,77.20912170410156,77.38448475560584,77.18720271629195,77.23104069191118,554000
2012-01-17,77.28223419189453,77.32607776888251,77.1580228018823,77.17263918571733,1158100
2012-01-18,77.04107666015625,77.39179163346473,77.00454129545103,77.39179163346473,455200
2012-01-19,76.58076477050781,76.93879354908188,76.49308880393022,76.88764737707339,1587200
2012-01-20,76.31775665283203,76.55887680767417,76.295837652304,76.43466542167073,650600
2012-01-23,76.14972686767578,76.22279207974942,75.98898005640277,76.09127246820952,734000
2012-01-24,76.23739624023438,76.23739624023438,76.02550881606464,76.23739624023438,1388100
2012-01-25,76.60269927978516,77.0411014995402,76.15700001886155,76.19352982083062,1149200
2012-01-26,77.01190185546875,77.05573986331598,76.80731705282463,76.80731705282463,1055000
2012-01-27,77.24574279785156,77.26766180998794,76.9900116987272,77.12883396709763,767600
2012-01-30,77.50873565673828,77.67678503211815,77.46489208421248,77.52334646456919,1152400
2012-01-31,77.80101013183594,77.80831274925791,77.3991431929431,77.3991431929431,1001800
2012-02-01,77.53089141845703,77.64801025123657,77.47233200206726,77.61873054304169,1698800
2012-02-02,77.64065551757812,77.68457226870545,77.50157835963371,77.57478039088714,839900
2012-02-03,77.0258560180664,77.15761195408638,76.92337421490859,77.06245147641164,1112600
2012-02-06,77.2380599975586,77.28929806428192,76.96723260967684,77.05506610432803,2968500
2012-02-07,76.74034881591797,76.96726513690191,76.68179498958182,76.90870572603298,1164900
2012-02-08,76.7769546508789,76.85747244973176,76.65984140634131,76.73303788224396,404800
2012-02-09,76.60122680664062,76.71102423366074,76.4035903210986,76.63782222596124,1802500
2012-02-10,77.03316497802734,77.10636147280961,76.8721293387856,76.96728980808368,1322600
2012-02-13,76.98188781738281,77.07704823840238,76.85745328092987,76.886732980895,299300
2012-02-14,77.14293670654297,77.26005552664357,77.02582347097508,77.09169861888213,615500
2012-02-15,77.20149230957031,77.35520656497273,77.11365319882646,77.12097452085489,344100
2012-02-16,76.85017395019531,77.10636448420608,76.71841802062765,77.01120959572631,1540500
2012-02-17,76.76962280273438,76.79890250598778,76.59395016774631,76.61590854905327,653600
2012-02-21,76.49150085449219,76.64521516214178,76.39634597390939,76.61593544860838,635300
2012-02-22,76.79163360595703,76.85750879005705,76.60863953740927,76.60863953740927,538200
2012-02-23,76.90142822265625,76.99658871567478,76.62327923933621,76.72575547448234,805900
2012-02-24,76.95993041992188,77.01116849938127,76.9013710192449,76.9526090987043,360100
2012-02-27,77.21615600585938,77.34059618514029,77.18687629217766,77.29667382235053,588600
2012-02-28,77.25273895263672,77.44305425473168,77.19417953898704,77.36253645709662,817900
2012-02-29,76.94532775878906,77.24543504848444,76.85016729401657,77.2234766595475,787500
2012-03-01,76.69599151611328,76.71798545654941,76.49803486503637,76.60068257636479,1185200
2012-03-02,77.00398254394531,77.05530364592545,76.78403736127929,76.78403736127929,360100
2012-03-05,76.84996795654297,77.04791904820904,76.82064083304117,76.93794932704837,1406100
2012-03-06,77.17263793945312,77.28994095725538,77.12864441339262,77.1506439732141,605800
2012-03-07,77.02599334716797,77.16529590882605,76.98933860549815,77.1359687593411,436100
2012-03-08,76.7986831665039,77.0332946717658,76.76935602914874,76.95997962516762,329900
2012-03-09,76.74004364013672,76.76937078312815,76.5640863757687,76.71071649714528,286800
2012-03-12,76.71802520751953,76.90864877936286,76.71802520751953,76.87932164572706,503100
2012-03-13,76.16812133789062,76.57136226029526,76.15346057415609,76.5420351392498,618600
2012-03-14,75.29573059082031,75.83827446525771,75.23708188550373,75.80161413005077,1733100
2012-03-15,75.27365112304688,75.44228064243637,75.20033612949402,75.20033612949402,2302300
2012-03-16,75.25171661376953,75.25904979698878,74.89246894614477,74.95845081437835,681200
2012-03-19,74.78978729248047,75.19302265949335,74.65781803206715,75.14903477054789,1133200
2012-03-20,74.82647705078125,74.9657795557937,74.61385949865996,74.86313737112545,769100
2012-03-21,75.2077407836914,75.24439551851644,74.97312922520425,74.98045681602078,458100
2012-03-22,75.30304718017578,75.44234971096245,75.2443928942045,75.38369542499116,326200
2012-03-23,75.58161926269531,75.69892779213352,75.47897709622616,75.50097664067974,396100
2012-03-26,75.49365234375,75.61095529341458,75.2737016219575,75.53030706832928,471700
2012-03-27,75.91155242919922,75.96287351724915,75.61828667166567,75.63295303601083,579200
2012-03-28,75.77959442138672,76.0581938561314,75.77959442138672,75.77959442138672,314700
2012-03-29,76.09486389160156,76.09486389160156,75.93356740063211,76.0508759735483,727700
2012-03-30,75.720947265625,76.18284276400192,75.62563824851537,76.0801949693556,502600
2012-04-02,75.90234375,76.04188541264035,75.82890283399345,76.03453964008487,1433800
2012-04-03,75.34422302246094,76.15209034040467,75.28547362012608,76.01989437957621,833100
2012-04-04,75.72608184814453,75.73342762044946,75.57185424883623,75.65264093464285,461300
2012-04-05,76.0638656616211,76.08589736119794,75.85822899466531,76.0638656616211,456400
2012-04-09,76.84239196777344,76.93787019031996,76.76895106032525,76.86442928287177,573700
2012-04-10,77.2022705078125,77.26101987838199,76.90850124223431,76.96725621598648,900500
2012-04-11,76.9011459350586,76.98927838475969,76.82770502856536,76.9011459350586,435000
2012-04-12,76.74691009521484,76.98192433262317,76.7248783859549,76.95989262336323,451500
2012-04-13,77.20957946777344,77.22427100686427,77.01863428503606,77.04066599049187,461400
2012-04-16,77.18760681152344,77.42262118814097,77.15088914206787,77.18026103635843,1179600
2012-04-17,77.10679626464844,77.17289701433577,77.02600957235447,77.0921103220418,923400
2012-04-18,77.26097106933594,77.28300837295812,77.17284426756382,77.21690766844988,502900
2012-04-19,77.3491439819336,77.40789894933768,77.31242072651052,77.34179821021256,408800
2012-04-20,77.35650634765625,77.35650634765625,77.16555546422252,77.20961889763673,377500
2012-04-23,77.51071166992188,77.6429075353184,77.48867995955274,77.55477509066016,746600
2012-04-24,77.31244659423828,77.45198828771628,77.29776064906459,77.42995656836374,506100
2012-04-25,77.21693420410156,77.34913005536808,76.94519673117007,77.12880176886351,681200
2012-04-26,77.47401428222656,77.50339177358711,77.34181837269585,77.4813600558626,314300
2012-04-27,77.55480194091797,77.56214771464475,77.4152658592107,77.42260602975388,368100
2012-04-30,77.62090301513672,77.70902988748365,77.5841797495364,77.62090301513672,1820300
2012-05-01,77.47966766357422,77.7518322721234,77.39875234424764,77.72241362155397,864100
2012-05-02,77.62677764892578,77.68562616993997,77.52379554320291,77.65620190943287,1030200
2012-05-03,77.619384765625,77.66352394229831,77.46491167752163,77.46491167752163,360000
2012-05-04,77.92840576171875,77.92840576171875,77.72979332055544,77.73715079188536,814100
2012-05-07,77.90628814697266,78.00191276346692,77.87686389295075,77.95777918848536,490800
2012-05-08,78.08285522460938,78.25203772896697,78.04607349125969,78.06078842944139,522300
2012-05-09,78.1490478515625,78.34030274420509,78.07549000427043,78.29616915825065,961400
2012-05-10,78.03866577148438,78.06809001679635,77.86212591171353,77.97246542860816,347000
2012-05-11,78.29617309570312,78.31823988979006,78.1711185757033,78.29617309570312,403500
2012-05-14,78.64189147949219,78.7080918535967,78.50948511917957,78.61981907602042,650200
2012-05-15,78.6639404296875,78.70807400241424,78.53153409940495,78.59037699233983,922100
2012-05-16,78.72281646728516,78.76695567069815,78.42858504242355,78.4506518380777,761600
2012-05-17,79.0169906616211,79.02434812502261,78.63448674624559,78.64919606094838,764000
2012-05-18,78.96556091308594,79.0317669108698,78.75959667483319,78.78166347005961,831900
2012-05-21,78.75956726074219,78.89933106111852,78.75956726074219,78.84048255442296,791600
2012-05-22,78.59037780761719,78.66394124572798,78.4359046893688,78.55360170066417,538300
2012-05-23,78.79634857177734,79.00231273204108,78.76692431858217,78.8037004259993,658000
2012-05-24,78.62716674804688,78.73750630324463,78.59774249252061,78.67865779219211,417700
2012-05-25,78.8552474975586,78.89202924321387,78.75226534425158,78.78904708990686,370400
2012-05-29,78.78894805908203,79.05376058105568,78.78894805908203,78.8992875452543,865400
2012-05-30,79.53931427001953,79.59816279442597,79.30392578449796,79.33335004670118,645600
2012-05-31,79.84823608398438,80.09833380017362,79.66433872369156,79.69375736268859,2994300
2012-06-01,80.53417205810547,80.578380897569,80.23947644012783,80.34998448639014,2186400
2012-06-04,80.07003021240234,80.29842102775635,80.04055952316969,80.18790734837371,849500
2012-06-05,79.80474853515625,80.0478773499426,79.79737946232633,79.94473281414638,836700
2012-06-06,79.28168487548828,79.80477681264819,79.25958327012285,79.78267520728275,1492800
2012-06-07,79.47320556640625,79.5247778292662,79.20797517999645,79.2595474428564,631800
2012-06-08,79.53215026855469,79.88579269738548,79.4658454749365,79.85632202656994,468000
2012-06-11,79.74585723876953,79.80479861648608,79.35538044807589,79.35538044807589,1050900
2012-06-12,79.31852722167969,79.64269347922026,79.30378907031641,79.5100782217398,569700
2012-06-13,79.73851013183594,79.7974459006775,79.35539671908403,79.45854134075717,1332100
2012-06-14,79.52482604980469,79.75321683510613,79.44378307031866,79.68691200877674,802600
2012-06-15,79.89317321777344,79.96684709489075,79.76055799057966,79.85633346873652,769400
2012-06-18,79.87110900878906,79.95951545433515,79.74585717600019,79.90794315411354,718800
2012-06-19,79.59850311279297,79.72374931480424,79.48062036669388,79.69427862827946,1536800
2012-06-20,79.43637084960938,79.65739805924488,79.22271271254984,79.34795884156408,913100
2012-06-21,79.60588836669922,79.71639643742553,79.4732730608678,79.51747628915832,1655900
2012-06-22,79.25955963134766,79.43637804249353,79.25219055810443,79.29639375565192,1770300
2012-06-25,79.69425201416016,79.7016210885701,79.55427332611215,79.56163677956526,594900
2012-06-26,79.51739501953125,79.65737926066214,79.43635210318749,79.4952934279746,2395600
2012-06-27,79.62797546386719,79.65744615100802,79.4585204180471,79.62060638684227,3445300
2012-06-28,79.88583374023438,79.96687672137554,79.82689236832105,79.91530442619103,413400
2012-06-29,79.51739501953125,79.59843793587501,79.40688144079392,79.43635210318749,646900
2012-07-02,79.88634490966797,80.08556588598339,79.67237516370163,79.68712956265395,1580800
2012-07-03,79.6871566772461,79.88637209204575,79.65026222335938,79.87161768807304,588000
2012-07-05,79.90113067626953,79.95277953319226,79.74618410550131,79.7904529459199,1602600
2012-07-06,80.18150329589844,80.24791218078954,80.10034000842195,80.14461447478362,1146900
2012-07-09,80.40287017822266,80.41762458290705,80.2331635631825,80.25529798486087,495300
2012-07-10,80.43977355957031,80.48404804024179,80.3217214128238,80.34385583850724,631900
2012-07-11,80.365966796875,80.67585992456173,80.33645236148061,80.47664452227825,825800
2012-07-12,80.55044555664062,80.5725799807411,80.4545278424372,80.48404228433922,840400
2012-07-13,80.48399353027344,80.52088233832701,80.35856145014986,80.52088233832701,307900
2012-07-16,80.66110229492188,80.82342886844621,80.63158786070811,80.73488556580492,349400
2012-07-17,80.45446014404297,80.64630104032952,80.42494572697585,80.53562338365268,637900
2012-07-18,80.53563690185547,80.63155455144914,80.52087687619466,80.58728573306752,606000
2012-07-19,80.41761016845703,80.57255672173584,80.3807213487064,80.46925901954997,949100
2012-07-20,80.73490905761719,80.79393794322063,80.63899134048987,80.63899134048987,250900
2012-07-23,80.86771392822266,80.99314607681741,80.80868504795318,80.97101165404233,1675600
2012-07-24,81.02259826660156,81.08162710151869,80.73483973300497,80.74959975638403,905500
2012-07-25,81.06690979003906,81.07428417580233,80.93409766537278,80.98574651222621,1246800
2012-07-26,80.81604766845703,80.97099422383198,80.7939132504467,80.91197098557198,742000
2012-07-27,80.23314666748047,80.55779979520653,79.95276800309132,80.55779979520653,1072300
2012-07-30,80.49137878417969,80.51351882716266,80.21100016204575,80.26264900373626,666000
2012-07-31,80.63153839111328,80.66105280721916,80.38067429816218,80.61678399770997,2209700
2012-08-01,80.3375244140625,80.58137586606186,80.21190601915221,80.42619356921685,977300
2012-08-02,80.52965545654297,80.75133399625021,80.49270621442702,80.58138101290761,620000
2012-08-03,80.10841369628906,80.27097560965278,79.94584614526578,80.18969183414114,765500
2012-08-06,80.16018676757812,80.29319614842812,80.12323752491754,80.16018676757812,850800
2012-08-07,79.73896026611328,79.82023842050522,79.65028550087565,79.79068580308672,1228200
2012-08-08,79.62811279296875,79.84979123446617,79.56899628683864,79.76850744795235,862800
2012-08-09,79.56897735595703,79.6798193691646,79.3768515755745,79.53202813900151,833700
2012-08-10,79.79808807373047,79.93848840573794,79.56901859532829,79.90893014438574,466900
2012-08-13,79.7463607788086,79.94587762914973,79.7463607788086,79.87937013314877,729500
2012-08-14,79.35472869873047,79.53207263648956,79.35472869873047,79.436012511383,642100
2012-08-15,78.9557113647461,79.22173012644907,78.91876775974801,79.17000456932143,934600
2012-08-16,78.7635269165039,79.05171839222776,78.64529957564426,78.97781996182442,861400
2012-08-17,78.8596420288086,78.9926513941466,78.8300837656599,78.8300837656599,784300
2012-08-20,78.90397644042969,79.00742754240363,78.83008360154291,78.84485991425537,1000100
2012-08-21,78.97052001953125,78.98529633899429,78.63799363613245,78.82272863657685,684500
2012-08-22,79.58380126953125,79.58380126953125,79.19955511655775,79.25867164398824,730600
2012-08-23,79.72420501708984,79.81287981202212,79.58380466786274,79.70203772777244,440200
2012-08-24,79.6872329711914,79.9089170762482,79.65768035233408,79.85719153675642,311500
2012-08-27,79.89418029785156,79.90156563738961,79.79072916768115,79.81289646162284,467400
2012-08-28,79.9236831665039,80.07885975419228,79.908901222347,79.9458504450794,615000
2012-08-29,79.8719711303711,79.92370230965095,79.74635276324885,79.92370230965095,764700
2012-08-30,80.01973724365234,80.1379645997298,80.01234627212892,80.06407179747396,642200
2012-08-31,80.53699493408203,80.53699493408203,79.9680141380698,80.01973966498001,912700
2012-09-04,80.35272216796875,80.53031766811952,80.3009248917947,80.36012339184495,1200200
2012-09-05,80.32318878173828,80.41938218232639,80.24179219451605,80.33058436567926,782300
2012-09-06,79.7756118774414,79.97540555644032,79.76081506385972,79.96060309737462,1376700
2012-09-07,79.87921142578125,80.33799171182922,79.87921142578125,80.3083924373599,2748500
2012-09-10,79.9161605834961,79.99015589938466,79.78296675670437,79.94575983894767,1614100
2012-09-11,79.76814270019531,79.8791328133698,79.70154298681183,79.86433601343946,375200
2012-09-12,79.37602233886719,79.76820842866465,79.3242250282122,79.46482014805437,660700
2012-09-13,79.60540008544922,79.74598953299454,79.00602486734542,79.59059763066611,1458700
2012-09-14,78.85801696777344,79.60538269757008,78.74702116307395,79.16140512425329,1050800
2012-09-17,79.02080535888672,79.14659796216819,78.91721078612777,78.93200759131585,745300
2012-09-18,79.22061920166016,79.38341233940224,79.18362435384411,79.3390162638299,578700
2012-09-19,79.40560150146484,79.47960247979064,79.30940813331613,79.44260199062775,437200
2012-09-20,79.44998931884766,79.72377256702316,79.35379032204564,79.68677772981404,422300
2012-09-21,79.62018585205078,79.62758707841584,79.34640257684093,79.36860061045454,682000
2012-09-24,79.79782104492188,79.86442082903399,79.72382567572993,79.72382567572993,943800
2012-09-25,80.09375762939453,80.10115885528911,79.69417611330532,79.87916724230136,471900
2012-09-26,80.42676544189453,80.42676544189453,80.23437303822087,80.27876911388299,444600
2012-09-27,80.25654602050781,80.31574453323107,80.15295144598258,80.23434798960682,295400
2012-09-28,80.25654602050781,80.43413591319666,80.1825507023442,80.34534378959269,612500
2012-10-01,80.40547943115234,80.42030115219592,80.19061535149321,80.32398257673388,1213500
2012-10-02,80.35363006591797,80.435132588739,80.23508453907098,80.24249540100872,846500
2012-10-03,80.43512725830078,80.43512725830078,80.24249008333658,80.34621953226531,938000
2012-10-04,80.11653900146484,80.33140879014019,80.08690120445806,80.25731712403912,376700
2012-10-05,79.75345611572266,79.87941246636936,79.70159140352521,79.84236947355956,805200
2012-10-08,80.0127944946289,80.02761621676146,79.91647591209019,79.93129198139202,403700
2012-10-09,79.84980773925781,79.98317500481409,79.78312693289568,79.79794300558771,387200
2012-10-10,80.04248809814453,80.0721259102448,79.67202392614324,79.72388868411004,318100
2012-10-11,80.11653900146484,80.12394986392448,79.74607501812773,79.7905345400538,1217500
2012-10-12,80.12393951416016,80.30176062039958,80.10171258248411,80.17580423901461,427900
2012-10-15,80.14616394042969,80.20543952493352,80.06466142494463,80.15357480170039,635000
2012-10-16,79.76826477050781,79.96831272683953,79.76826477050781,79.96831272683953,585500
2012-10-17,79.26447296142578,79.56083961311523,79.23483516569053,79.53120181737998,597300
2012-10-18,79.1236801147461,79.41264150333058,79.0940423245284,79.33854985420157,1157500
2012-10-19,79.45708465576172,79.53117629490723,79.21998801879828,79.24221494525897,808100
2012-10-22,79.19039916992188,79.37563120866847,79.19039916992188,79.30153952373648,760000
2012-10-23,79.56822204589844,79.56822204589844,79.42744397966322,79.42744397966322,414600
2012-10-24,79.3978271484375,79.51637265903663,79.34595677481404,79.39041628751549,682400
2012-10-25,79.10884857177734,79.30890221770234,78.97548135877061,79.0199408649927,437300
2012-10-26,79.61270141601562,79.62011227788491,79.36078864077318,79.3830155735497,414800
2012-10-31,79.93871307373047,80.00539952620065,79.76089195519572,79.79052975042342,728100
2012-11-01,79.77919006347656,79.8904799395926,79.68274185640972,79.86080226193243,918300
2012-11-02,79.84600830078125,79.86084431720496,79.57149388319229,79.60117157648092,527200
2012-11-05,80.03888702392578,80.12049924721691,79.98695248732598,80.00920933723447,805400
2012-11-06,79.6753158569336,80.0240214712878,79.66047984928437,79.97208695385874,486000
2012-11-07,80.34307861328125,80.52855990872412,80.27630240349306,80.3727562998049,979800
2012-11-08,80.69918823242188,80.71402990382576,80.23919830680587,80.32822569347265,514700
2012-11-09,80.7065658569336,80.73624352341248,80.53592635022515,80.65463135570458,368200
2012-11-12,80.75855255126953,80.77339422431899,80.64726264515767,80.70661801647596,267900
2012-11-13,80.85498809814453,80.86982410738781,80.72885654760344,80.86240327254694,1608900
2012-11-14,80.87725067138672,80.89208668168095,80.62499321287368,80.64725005853447,1477300
2012-11-15,80.84014129638672,80.92175349313992,80.69917374555156,80.71401541429111,1448500
2012-11-16,80.89208984375,81.01821574771735,80.80306245762675,80.82531930415756,578100
2012-11-19,80.7288818359375,80.73630267310295,80.6324335945475,80.6621112827691,712300
2012-11-20,80.39498901367188,80.64724078273281,80.39498901367188,80.60272709653105,970700
2012-11-21,80.27632141113281,80.33567679823415,80.24664937802342,80.27632141113281,291500
2012-11-23,80.23176574707031,80.2837002685166,80.22434491245276,80.27627943389905,466000
2012-11-26,80.36527252197266,80.5136551779395,80.34301568962117,80.42462784853359,1522400
2012-11-27,80.55078125,80.55820208346964,80.37272086979085,80.41723454973379,579100
2012-11-28,80.65464782714844,80.77335851730729,80.61755498180173,80.69916150573937,1057500
2012-11-29,80.73626708984375,80.76594476498536,80.61014121582019,80.65465489831374,814200
2012-11-30,80.72144317626953,80.80305538002678,80.69176549668157,80.79563454502014,557800
2012-12-03,80.68951416015625,80.70436887727153,80.50379902454625,80.555799035814,750400
2012-12-04,80.83067321777344,80.83810341190325,80.71924864371387,80.74153355852577,479300
2012-12-05,80.89749145507812,81.01634616130437,80.87520655188412,80.91234616801594,505500
2012-12-06,80.94206237792969,81.08320765687137,80.93463218757101,81.04606237265261,443700
2012-12-07,80.7118148803711,80.86781494473342,80.69695449276863,80.74152998799877,515700
2012-12-10,80.7861099243164,80.83810995227722,80.71182497974068,80.8158250356623,707500
2012-12-11,80.63007354736328,80.63750373874979,80.54092825345155,80.6077886407792,734300
2012-12-12,80.28832244873047,80.67460721412152,80.28832244873047,80.54089216695291,1165600
2012-12-13,80.13233947753906,80.30319416603704,80.08033948526914,80.19176399186605,862900
2012-12-14,80.31057739257812,80.34029246615222,80.22886235714203,80.22886235714203,380700
2012-12-17,79.88717651367188,80.25117637884787,79.86489161729395,80.23632167045353,660100
2012-12-18,79.57520294189453,79.88720292949829,79.48605765933287,79.84263312200481,846400
2012-12-19,79.68661499023438,79.87976023843808,79.64947537899347,79.68661499023438,675300
2012-12-20,79.7386703491211,79.91696101014502,79.7015307120911,79.7981005694624,377100
2012-12-21,79.95407104492188,80.08778615739415,79.93921632912524,80.03578615074247,499200
2012-12-24,79.87239074707031,79.91696624903727,79.85753602480007,79.89468133184286,903400
2012-12-26,80.03671264648438,80.07391015574369,79.95488834209142,79.96232330350884,780000
2012-12-27,80.200439453125,80.3566589062449,79.98470620580292,79.99958749212736,446700
2012-12-28,80.3863754272461,80.39381606667106,80.26735357417127,80.34918358121112,552200
2012-12-31,79.9623794555664,80.31201585617434,79.93262256237136,80.27482399634083,1742800
2013-01-02,79.59785461425781,79.70944152686366,79.56065708487381,79.59785461425781,2561300
2013-01-03,79.1886978149414,79.63504542772266,79.18126285012853,79.6201641470056,2131900
2013-01-04,79.22589874267578,79.22589874267578,79.01016556738139,79.1068711940116,975400
2013-01-07,79.27050018310547,79.30025705861489,79.16635395659435,79.22586770761319,1387400
2013-01-08,79.46395111083984,79.47882671720147,79.36724548062395,79.38212108698559,364200
2013-01-09,79.50859832763672,79.58299339985854,79.40445203718276,79.48628207618903,517700
2013-01-10,79.27793884277344,79.42671754106459,79.24818196800649,79.28537948035105,689100
2013-01-11,79.5309066772461,79.5309066772461,79.12919719312553,79.15895408182479,553900
2013-01-14,79.50114440917969,79.64248252650486,79.4862631280639,79.61272563981909,971700
2013-01-15,79.69457244873047,79.79871873629848,79.66481555577575,79.76152687676533,428800
2013-01-16,79.7987060546875,79.85077919019605,79.70944106555633,79.8210279775164,534000
2013-01-17,79.43417358398438,79.53088486461886,79.35234358139118,79.47880606701897,436100
2013-01-18,79.65735626220703,79.69454811038196,79.5457693665917,79.56808561060572,560100
2013-01-22,79.72432708740234,79.7615246214307,79.48627762604266,79.50115890987274,595400
2013-01-23,79.76155090332031,79.85825657789353,79.70947774385031,79.78386716087192,603600
2013-01-24,79.62760162353516,79.71687227765356,79.53089600489929,79.70199099752779,376300
2013-01-25,79.09945678710938,79.32262498553806,79.04738363992128,79.24823558606182,570600
2013-01-28,78.93577575683594,78.95809200320231,78.77211571608802,78.77211571608802,1328000
2013-01-29,78.81672668457031,79.09197355752815,78.80185108290377,78.96551107895738,480600
2013-01-30,78.8614273071289,78.8763029205785,78.64569402104264,78.75728098633537,453200
2013-01-31,78.9283218383789,78.93576247776461,78.80185934654651,78.93576247776461,902500
2013-02-01,78.66014099121094,79.27839915406238,78.63034480086412,79.26350390041009,2587800
2013-02-04,79.11456298828125,79.15925445489856,78.87619902791377,78.90599523334035,693400
2013-02-05,78.83148193359375,78.8687229159863,78.75699428576542,78.81658099420214,797700
2013-02-06,79.0698471069336,79.10708808993392,78.92086612580222,79.00280424466364,816800
2013-02-07,79.10710906982422,79.29333108334362,79.06241760515391,79.06986807694724,970000
2013-02-08,79.16666412353516,79.1964603136044,78.93575075430121,79.12197267995238,952800
2013-02-11,79.08475494384766,79.18903880570679,79.08475494384766,79.10710067381115,558800
2013-02-12,79.00279998779297,79.08473810223936,78.94321328159444,78.96555900679927,531500
2013-02-13,78.7271957397461,78.86127577505165,78.68994907542225,78.74954146512317,610700
2013-02-14,79.0623779296875,79.069828397742,78.81656363126685,78.92084745186192,988000
2013-02-15,78.98789978027344,79.0325912278814,78.846369285458,78.98789978027344,681700
2013-02-19,78.86134338378906,79.11460273257555,78.8538929079283,79.09970746390198,498800
2013-02-20,79.0326156616211,79.04751660412565,78.80170220020048,78.83149840216515,869900
2013-02-21,79.18903350830078,79.33056403266079,79.16668777983212,79.20393444930913,681000
2013-02-22,79.285888671875,79.31568487689688,79.20395052882607,79.21139531779778,412800
2013-02-25,79.896728515625,79.896728515625,79.07735244156125,79.0847972335006,2909000
2013-02-26,79.7477035522461,79.98606747323987,79.68811683428076,79.7477035522461,860900
2013-02-27,79.71045684814453,79.97861695041425,79.64341398105523,79.95626553935531,398800
2013-02-28,79.82218170166016,79.82962648808618,79.69554645285774,79.79238550682682,534400
2013-03-01,80.02130889892578,80.04368114045823,79.87961044950463,79.93927355344898,876500
2013-03-04,79.8348617553711,79.99147312762415,79.8348617553711,79.96164157722549,572600
2013-03-05,79.75289154052734,79.80509537390807,79.6633968162499,79.77526379914893,224700
2013-03-06,79.4992446899414,79.63348379416529,79.4992446899414,79.51416330695811,1091700
2013-03-07,79.19351959228516,79.37250325449033,79.17860096805836,79.35759032005157,804500
2013-03-08,78.7907943725586,78.93248715011526,78.73113126106763,78.78333506117535,1651900
2013-03-11,78.8281021118164,78.90268386742038,78.79081692380352,78.86539298961839,1465800
2013-03-12,79.04436492919922,79.0891151138637,78.93995731462921,78.947416627038,525300
2013-03-13,78.97722625732422,79.05926160167742,78.84298712018142,78.9026502233086,1116500
2013-03-14,78.99958801269531,79.05925110790322,78.79823217860103,78.82060441685752,557400
2013-03-15,79.27557373046875,79.29048666843924,79.04438051850595,79.04438051850595,1184700
2013-03-18,79.53658294677734,79.56641450880518,79.41725669866602,79.55895519585106,1442000
2013-03-19,79.78267669677734,79.87962499099557,79.6036873523606,79.62605959796575,545300
2013-03-20,79.4769058227539,79.67080809688431,79.46944651111374,79.57385411492528,742800
2013-03-21,79.68575286865234,79.69321218327285,79.55897296905337,79.68575286865234,669700
2013-03-22,79.7155532836914,79.76029777434798,79.55894187660567,79.73792552901969,297000
2013-03-25,79.77519226074219,79.88705914332458,79.55891780502583,79.58129004358511,319500
2013-03-26,79.85729217529297,79.88712374742524,79.59627303137388,79.61118597254472,546300
2013-03-27,80.2003173828125,80.2898120664721,80.14065426037277,80.14065426037277,623700
2013-03-28,80.05110931396484,80.22263926083116,80.03619638761275,80.11823170701165,378400
2013-04-01,80.26396179199219,80.31623619332584,80.06979728811758,80.06979728811758,2471100
2013-04-02,80.10716247558594,80.16690629845532,80.06982685940598,80.14450378925044,984900
2013-04-03,80.44318389892578,80.51786079785056,80.21168380301432,80.21168380301432,1234000
2013-04-04,80.7642593383789,80.77172873378397,80.56262554479743,80.58503373101263,584800
2013-04-05,81.01820373535156,81.17502693514005,80.97339873469265,81.0480756349516,663800
2013-04-08,80.75685119628906,81.03316206106241,80.74938179521853,80.97341824746542,858200
2013-04-09,80.78673553466797,80.93608939415958,80.7419305163174,80.89128437580901,507800
2013-04-10,80.4506607055664,80.62988641898453,80.43572190591665,80.6074839169926,340900
2013-04-11,80.540283203125,80.62989892247235,80.49547819219312,80.540283203125,1132200
2013-04-12,80.98838806152344,80.98838806152344,80.74941839630195,80.83903415731734,827700
2013-04-15,81.16759490966797,81.16759490966797,80.92115591490453,80.95102782616233,587300
2013-04-16,80.9360580444336,81.03314314323434,80.89872244276451,80.91365554393568,1226700
2013-04-17,81.08541870117188,81.25717500576286,80.95099799878298,80.98086989903412,988300
2013-04-18,81.1302490234375,81.21986475215984,81.07797460605386,81.14518782696665,705600
2013-04-19,81.08541870117188,81.08541870117188,81.01820550123622,81.08541870117188,750500
2013-04-22,81.1302490234375,81.21239535039525,81.08544400781844,81.12277962167293,379900
2013-04-23,81.0779800415039,81.42896788067462,81.05557753219252,81.22733390190292,449800
2013-04-24,81.11530303955078,81.16757744863536,81.0630286304662,81.07049233356166,279400
2013-04-25,81.02568817138672,81.05556007653038,80.94354185661246,81.0032856668998,293300
2013-04-26,81.31694030761719,81.33934281435847,81.21239147783524,81.23479398457653,433300
2013-04-29,81.28702545166016,81.39157422620401,81.27209235421714,81.36917173129903,810000
2013-04-30,81.27216339111328,81.5036636374515,81.24229147263642,81.40658417551614,752700
2013-05-01,81.53761291503906,81.6273342826972,81.44040716065867,81.44040716065867,803600
2013-05-02,81.53761291503906,81.5450858926352,81.44788584281785,81.49274652664694,921300
2013-05-03,80.84222412109375,81.12635122381145,80.7898847678415,81.103920887355,879500
2013-05-06,80.73753356933594,80.89455160605608,80.67023686527826,80.86464259364833,434000
2013-05-07,80.6253662109375,80.70761455872959,80.61040885430614,80.61040885430614,544000
2013-05-08,80.7225570678711,80.81975705672518,80.67769641217835,80.70012674002473,1114400
2013-05-09,80.70758056640625,80.9318894803613,80.68515024546652,80.78235020439126,587300
2013-05-10,80.25149536132812,80.56553133013334,80.06456837448327,80.56553133013334,529700
2013-05-13,80.10944366455078,80.13187399434152,80.05710432685242,80.07953465664316,417600
2013-05-14,79.78790283203125,80.24400507028244,79.75799383391795,80.21409607216914,876900
2013-05-15,79.9972915649414,80.101970247213,79.80289155761436,80.02720057481334,768200
2013-05-16,80.37858581542969,80.4683128020737,80.16922855115128,80.18418019664648,697900
2013-05-17,79.9449462890625,80.28141834672336,79.92999463751664,80.25150933907173,365800
2013-05-20,79.8851547241211,80.09451784700363,79.80291205654808,80.07208180541629,1440000
2013-05-21,80.094482421875,80.10943407175843,79.69071942031103,79.85521609182516,530600
2013-05-22,79.45895385742188,80.3262981725965,79.42157186735756,80.15432276370454,1797400
2013-05-23,79.54117584228516,79.73558152165373,79.35424884027367,79.71315119414186,950100
2013-05-24,79.5710678100586,79.76547344780265,79.52620716464004,79.6308858069888,349800
2013-05-28,78.63648986816406,79.36924659907586,78.62153821039792,79.3169072400509,1157000
2013-05-29,78.95797729492188,78.95797729492188,78.65141992835107,78.6962805906394,1588400
2013-05-30,78.96549987792969,79.07017861784355,78.81596045078516,78.93559085158809,578000
2013-05-31,78.74861907958984,79.07013379981879,78.38224369755785,79.04022479043003,1639400
2013-06-03,78.86245727539062,79.24429928912707,78.03137995470554,78.6004071545134,3269200
2013-06-04,78.66026306152344,78.85493122169582,78.62283061181513,78.68272367380074,1235100
2013-06-05,79.04207611083984,79.07202548489265,78.80248683067636,78.83243620472918,1298900
2013-06-06,79.13943481445312,79.61113047950164,78.83995239429275,78.97472176826932,2471900
2013-06-07,78.52549743652344,79.02714255454214,78.52549743652344,78.8773956117523,652300
2013-06-10,78.33082580566406,78.47307824432743,78.21851703979004,78.37574702710921,694600
2013-06-11,78.52549743652344,78.52549743652344,78.00888619261845,78.0538074193245,756100
2013-06-12,78.17362213134766,78.57792468496332,78.17362213134766,78.23351520934733,528700
2013-06-13,78.76509857177734,78.8549467508421,78.36079604664253,78.36827911070095,1180100
2013-06-14,78.86995697021484,79.09457467104689,78.81754693498942,78.92237271770568,599700
2013-06-17,78.68276977539062,78.97477504287087,78.63035974528184,78.95979748440273,478400
2013-06-18,78.63783264160156,78.70522021656787,78.45814196213094,78.50306320393267,429000
2013-06-19,77.55965423583984,80.55452466648858,77.47730055427806,78.68273064733312,1281500
2013-06-20,77.207763671875,77.43986430807827,76.97565732340956,77.28263429204424,1982500
2013-06-21,76.39169311523438,77.11795045581951,76.38420433614435,77.05056858080344,1777200
2013-06-24,76.20443725585938,76.51889711532912,75.80761804572958,75.81510681731478,2731500
2013-06-25,76.11466217041016,76.45907170859695,76.03978581284706,76.41414475160627,772000
2013-06-26,76.42162322998047,76.60131389693288,76.18952254715597,76.5489038810608,1015300
2013-06-27,76.8333969116211,76.86334629904346,76.5339087496591,76.73605997443305,949000
2013-06-28,76.7435073852539,76.7884285860445,76.34668821224761,76.4664799851087,1017700
2013-07-01,76.77278900146484,76.8327691147829,76.4953852673826,76.63033766233904,1127100
2013-07-02,76.80279541015625,76.90025882503515,76.68283515797947,76.78779751862433,385400
2013-07-03,76.65282440185547,76.9602181750602,76.64533117813203,76.81026790031956,1233200
2013-07-05,75.36331939697266,75.67071332826373,75.31083820382797,75.64072325789232,924100
2013-07-08,75.80561828613281,75.86559838929288,75.60318686797196,75.6181847537707,1137200
2013-07-09,75.93310546875,76.01557671725044,75.87312533892785,75.93310546875,558400
2013-07-10,75.6632080078125,76.0080852080042,75.64821583390007,75.90312283055545,1005500
2013-07-11,76.42044830322266,76.42044830322266,76.15054338857405,76.21802247724675,818700
2013-07-12,76.36041259765625,76.70528957763776,76.23295918070987,76.63031731590559,1919500
2013-07-15,76.60037994384766,76.60037994384766,76.42794419528454,76.45043531726922,563700
2013-07-16,76.63782501220703,76.71279728250308,76.54785485584124,76.59284279403292,713300
2013-07-17,76.97520446777344,77.11015684473139,76.86274320030554,77.0801667920721,696300
2013-07-18,76.6153793334961,76.95275760989118,76.6153793334961,76.95275760989118,717800
2013-07-19,77.03522491455078,77.04272386164705,76.80280903475291,76.8103022618285,459500
2013-07-22,77.02767944335938,77.11764959411119,76.97519828542512,77.02767944335938,450300
2013-07-23,76.93773651123047,76.96022762519877,76.76529510410874,76.8552652800008,13316500
2013-07-24,76.42044830322266,76.55540076054695,76.21052352961176,76.47292949662537,837400
2013-07-25,76.5329360961914,76.54042932639582,76.17306084557224,76.1880587460272,712300
2013-07-26,76.60037994384766,76.6528611351522,76.51790868322327,76.60787889118284,544900
2013-07-29,76.44294738769531,76.54041083701667,76.36047611518428,76.50292753497999,420300
2013-07-30,76.42044830322266,76.54790181291197,76.3304780916661,76.51791174239311,306800
2013-07-31,76.472900390625,76.53288050883395,75.82812841992606,75.88810853813501,930500
2013-08-01,75.79794311523438,76.22588294126228,75.7228670581645,76.19585137284713,1177300
2013-08-02,76.44359588623047,76.44359588623047,76.14328597570396,76.18833618544076,4360000
2013-08-05,76.20336151123047,76.31597846200668,76.13579477752636,76.28594689327062,390400
2013-08-06,76.22588348388672,76.2709279728621,76.12077585765346,76.15831675042364,257000
2013-08-07,76.50369262695312,76.54873712854577,76.3009809139109,76.31599956640021,493200
2013-08-08,76.61631774902344,76.69139383563358,76.52622300832832,76.60880842198095,804900
2013-08-09,76.66888427734375,76.67638787769044,76.48869476611758,76.50371342268936,557600
2013-08-12,76.5186996459961,76.78146876490283,76.48866807127287,76.78146876490283,400400
2013-08-13,75.82799530029297,76.05322926067679,75.76793214713229,76.05322926067679,566500
2013-08-14,75.89554595947266,75.94059617875993,75.80545697677078,75.82797922244626,1672300
2013-08-15,75.47514343261719,75.7228996828342,75.30246899975452,75.47514343261719,15452300
2013-08-16,75.18231201171875,75.4976348954261,74.96458743165334,75.4976348954261,1066900
2013-08-19,74.8594970703125,75.01715854853126,74.7844209941994,74.97211404845088,892200
2013-08-20,75.26496124267578,75.27997417599624,75.11480899770719,75.12982193102765,1221100
2013-08-21,74.79195404052734,75.2649386251911,74.76192245497006,75.07724551141257,945100
2013-08-22,74.76189422607422,74.8895241205472,74.57420118316558,74.73186265185639,755100
2013-08-23,75.18231201171875,75.23486582566997,74.63425162736112,74.70181836189721,991100
2013-08-26,75.33246612548828,75.37000701984941,75.18982332837582,75.34748477440725,512600
2013-08-27,75.76039123535156,75.80543571406795,75.47509426232183,75.58771118704753,532500
2013-08-28,75.45260620117188,75.56522317691034,75.30245405214546,75.54270092735011,761700
2013-08-29,75.52767181396484,75.62527585245597,75.19733598627577,75.23487115436453,470900
2013-08-30,75.38505554199219,75.61779314103771,75.38505554199219,75.58025223180006,1038200
2013-09-03,74.9572525024414,75.13018707362632,74.64144871161339,75.06251852052816,796000
2013-09-04,74.70904541015625,75.03236376893665,74.65641245577626,75.0022869754964,824400
2013-09-05,74.13760375976562,74.52107573621207,74.13760375976562,74.46092214450239,1722700
2013-09-06,74.58875274658203,74.8819943689682,74.4684512859799,74.67146251049228,1033900
2013-09-09,74.73916625976562,74.91210075328374,74.70156881166247,74.88202394211424,764300
2013-09-10,74.39327239990234,74.6413959892365,74.39327239990234,74.47598217520162,1895300
2013-09-11,74.76921081542969,74.78424634624551,74.43837177185472,74.63386809183653,885300
2013-09-12,74.7767562866211,75.05496248124717,74.74668521269426,74.9797733233,796800
2013-09-13,74.87448120117188,74.95719096699271,74.7767301670765,74.79177143535104,1166500
2013-09-16,75.03988647460938,75.56621603295042,75.00980968033818,75.5511805040958,1855200
2013-09-17,75.1902847290039,75.235397064141,75.03990645417129,75.2278821659938,943300
2013-09-18,76.12265014648438,76.31062587681014,74.88200917902151,75.115102985489,1341800
2013-09-19,75.85948944091797,76.11513943122597,75.1902962631015,76.11513943122597,1592800
2013-09-20,75.93466186523438,76.05496906630853,75.81436040072332,75.91210569917375,300600
2013-09-23,76.22040557861328,76.22792047793214,76.00986792983345,76.00986792983345,2003200
2013-09-24,76.49862670898438,76.5437447999309,76.25050302332505,76.28809473978693,1149800
2013-09-25,76.70912170410156,76.7241629726891,76.44595686945118,76.46851303576933,569900
2013-09-26,76.54366302490234,76.59629596097159,76.44591204608821,76.52110113524999,568100
2013-09-27,76.64900207519531,76.80690103415193,76.57380717768383,76.57380717768383,2349400
2013-09-30,76.77682495117188,76.77682495117188,76.57380790446841,76.73922750205928,3785200
2013-10-01,76.6058578491211,76.72633984001982,76.55314590088325,76.69621790600226,1937000
2013-10-02,76.73387908935547,76.92213688606873,76.70375715246071,76.71128907297741,799900
2013-10-03,76.83932495117188,77.02005087900719,76.643535177999,76.68118904616928,651800
2013-10-04,76.62843322753906,76.77903712369043,76.53806744274601,76.74891519542608,1160900
2013-10-07,76.69622802734375,76.86942773450836,76.66610608935112,76.85436389292593,454400
2013-10-08,76.65855407714844,76.80915797118067,76.58324638496202,76.65855407714844,818100
2013-10-09,76.52300262451172,76.68113842512098,76.4627587732787,76.65101649950446,506500
2013-10-10,76.35740661621094,76.41765052402118,76.19927066709047,76.25950882972546,649100
2013-10-11,76.47028350830078,76.68113122264204,76.43262966852441,76.5757073654714,850100
2013-10-14,76.21427917480469,76.57573664127149,76.1540353061983,76.47031274379607,183200
2013-10-15,76.2293701171875,76.40256411954398,76.18418432708155,76.36491599715819,368100
2013-10-16,76.59839630126953,76.60592822798647,76.05621248118528,76.15410454779843,2339600
2013-10-17,77.03511047363281,77.11794438289783,76.8393207112634,76.88450075443582,2950500
2013-10-18,77.04267120361328,77.15562710737734,77.02008117189565,77.13303707565971,582600
2013-10-21,76.98989868164062,77.02755253501547,76.89200670610599,77.02002061530622,321700
2013-10-22,77.52458953857422,77.53965338566042,77.35139551330333,77.37398553875829,484700
2013-10-23,77.66014099121094,77.79568689881008,77.57730706183509,77.57730706183509,280800
2013-10-24,77.50198364257812,77.73542726321581,77.49445746575054,77.72036341921434,591200
2013-10-25,77.63752746582031,77.66764940785595,77.5471673848864,77.56975740511987,552800
2013-10-28,77.56220245361328,77.65256825288887,77.53208052052142,77.56220245361328,600800
2013-10-29,77.66767120361328,77.66767120361328,77.47188139802394,77.49447716977143,274700
2013-10-30,77.46437072753906,77.86347659735941,77.38153678340551,77.71286681476397,1753100
2013-10-31,77.37399291992188,77.66014284493941,77.23091508482567,77.64508474159106,893000
2013-11-01,76.94479370117188,77.24647999701237,76.92216823596664,77.21631079200957,680100
2013-11-04,77.09561920166016,77.17103931699494,77.05790626689979,77.0880754638709,437000
2013-11-05,76.74868774414062,76.92215344682162,76.68080560738855,76.87690252511116,656900
2013-11-06,76.98250579833984,77.01267500301046,76.8693727193719,76.8693727193719,692700
2013-11-07,77.1861801147461,77.24651855486982,77.02779602506406,77.05042725575323,415000
2013-11-08,76.31884765625,76.47723176287259,76.2962221773312,76.42443706066507,2497700
2013-11-11,76.28108978271484,76.37159739930014,76.28108978271484,76.36405365937114,144000
2013-11-12,76.21321105957031,76.36405132842062,76.16041639005395,76.24337450999045,1052100
2013-11-13,76.52999877929688,76.56770597912345,76.41686567143934,76.44703488381394,1122700
2013-11-14,76.8996353149414,76.92226080737508,76.59041066135717,76.59041066135717,694100
2013-11-15,76.83921813964844,76.92218202973643,76.77134173186109,76.90710030162431,359200
2013-11-18,77.11073303222656,77.13335850082971,76.88447259200659,76.88447259200659,2853000
2013-11-19,76.82415008544922,77.00515962595519,76.80152461215967,76.95990867937608,559100
2013-11-20,76.40177154541016,77.01268217285012,76.37160233793081,76.83921066839085,1562700
2013-11-21,76.46965026855469,76.507363217596,76.14533847103908,76.2433840826831,804800
2013-11-22,76.6883773803711,76.71100284949742,76.51490586008848,76.54507507031974,807900
2013-11-25,76.74868774414062,76.8090203883591,76.6355546856781,76.65063640818612,487400
2013-11-26,76.91468048095703,76.99010066562488,76.78645983741133,76.81662906211672,425400
2013-11-27,76.74118041992188,76.89202073332224,76.55262715107686,76.8844827455846,476900
2013-11-29,76.69593048095703,76.75626315459367,76.59034110935642,76.59787909719275,652100
2013-12-02,76.3665542602539,76.54786193836688,76.30612413103353,76.52519991947375,2912200
2013-12-03,76.50252532958984,76.63095303102949,76.47231314941003,76.56296121691634,477200
2013-12-04,76.15504455566406,76.24569840681058,76.079502561451,76.1248266052819,943600
2013-12-05,75.9661865234375,76.1323823684362,75.92841840815534,76.03417835252093,374100
2013-12-06,76.03413391113281,76.15499987826907,75.89060017189476,75.92081810454916,415600
2013-12-09,76.12480163574219,76.18523751668307,76.03415357781368,76.07947760677793,540900
2013-12-10,76.44210815429688,76.47232610307874,76.27591231773877,76.37411632866656,334700
2013-12-11,76.14747619628906,76.38165805144044,76.14747619628906,76.32122216511642,371700
2013-12-12,75.92839813232422,76.064375990695,75.90573611650962,76.00394010620062,1156200
2013-12-13,76.04170227050781,76.08702629516071,75.9586043829893,76.04170227050781,434000
2013-12-16,76.00396728515625,76.20038109825883,75.93597544991546,76.19282516912425,572400
2013-12-17,76.24565124511719,76.24565124511719,75.99635763127822,75.99635763127822,694800
2013-12-18,75.9586181640625,76.3287778806775,75.65644449676148,76.03416014001692,1997700
2013-12-19,75.641357421875,75.70934925694489,75.54315339731316,75.62625132712903,978700
2013-12-20,75.87545776367188,75.8905638410267,75.67904417718746,75.73948001356398,510500
2013-12-23,75.63378143310547,75.83018941517085,75.61866958003382,75.75464744026237,5238400
2013-12-24,75.33917236328125,75.47515023915223,75.31650458106616,75.42226451080093,770600
2013-12-26,75.27410888671875,75.33463856145617,75.23627278865207,75.28167148794965,787500
2013-12-27,75.22866821289062,75.36487001821834,75.19840050359834,75.26650429274981,640400
2013-12-30,75.43302917480469,75.44059177794723,75.31952662489213,75.32709500101417,1328000
2013-12-31,75.09242248535156,75.38752526212421,75.04702383445482,75.29672796033071,1553600
2014-01-02,75.38764953613281,75.42548565623294,75.198480481595,75.20604886021131,1161800
2014-01-03,75.34217834472656,75.47081179257441,75.27408032162212,75.29677966265693,637500
2014-01-06,75.55402374267578,75.64482685237031,75.41025936854372,75.41025936854372,666200
2014-01-07,75.67512512207031,75.70539283752747,75.55405426024168,75.6070213190476,1055700
2014-01-08,75.30437469482422,75.47084429807958,75.25897599320123,75.42544559645661,1216700
2014-01-09,75.50114440917969,75.53898052541393,75.28927601342187,75.41790957184901,806100
2014-01-10,76.13672637939453,76.17455670824359,75.88702196248063,75.8945903374419,713300
2014-01-13,76.35608673095703,76.40148538937915,76.19717988053397,76.21231661532323,581600
2014-01-14,76.06861114501953,76.25778007983675,76.05348017034437,76.19724463518058,366700
2014-01-15,76.00042724609375,76.03825752653579,75.8415262131062,75.86422553596567,997300
2014-01-16,76.21238708496094,76.25021741096815,76.12915228557561,76.18211936036826,333300
2014-01-17,76.3939437866211,76.3939437866211,76.1291085647523,76.19720657624362,754400
2014-01-21,76.31072235107422,76.36368940469059,76.25775529745783,76.27289204019158,1927100
2014-01-22,76.098876953125,76.21994783939186,76.08374597883045,76.13671304832779,1150900
2014-01-23,76.61341857910156,76.71178434690644,76.3485832250286,76.3485832250286,1080200
2014-01-24,76.92363739013672,76.99173541702002,76.76473044812334,76.87823293257168,564300
2014-01-27,76.6890640258789,76.9463367087477,76.673933055346,76.79499813853778,758600
2014-01-28,76.80256652832031,76.81013490007663,76.65879632983118,76.794998156564,452700
2014-01-29,77.16580200195312,77.27929875559711,76.89339824725093,77.03716272619275,1420200
2014-01-30,77.09010314941406,77.11280826527121,76.90850263339117,76.98416903398602,685400
2014-01-31,77.39278411865234,77.39278411865234,77.21875195300818,77.33981705437233,670500
2014-02-03,77.81344604492188,77.82102160493241,77.2070658376055,77.28286191780249,4629800
2014-02-04,77.57843780517578,77.60875738098088,77.4950604174287,77.55569956903891,2617300
2014-02-05,77.29804992675781,77.502699988621,77.29804992675781,77.47238039003533,817600
2014-02-06,77.154052734375,77.22226751123974,77.09341352191285,77.20711059956099,885900
2014-02-07,77.358642578125,77.47233956719242,77.20705044794784,77.22220734781793,1065800
2014-02-10,77.3965835571289,77.4193218101363,77.27530516392675,77.27530516392675,589300
2014-02-11,77.05550384521484,77.17677646443542,77.01760289884263,77.12371860923783,625800
2014-02-12,76.87354278564453,76.94933885266911,76.76742713523626,76.94933885266911,743500
2014-02-13,77.23741912841797,77.2525760379229,77.10856515757128,77.15404166895887,941400
2014-02-14,77.184326171875,77.2373840053238,77.10094875033113,77.19948307448746,463400
2014-02-18,77.37385559082031,77.44207035891148,77.26015852779551,77.29805947642805,1003600
2014-02-19,77.22222900390625,77.54815737977219,77.18433385216923,77.53300047565153,907200
2014-02-20,77.13885498046875,77.26771469410292,76.98726280108508,77.13127941950924,842900
2014-02-21,77.23741912841797,77.24500047460681,77.04034460761713,77.05550729999484,405000
2014-02-24,77.1615982055664,77.24497563821735,77.0479011807814,77.23739429446611,1531100
2014-02-25,77.4268569946289,77.44201389330681,77.27525909350673,77.30557867373118,402600
2014-02-26,77.654296875,77.654296875,77.3965889458108,77.42690854622232,486000
2014-02-27,77.74526977539062,77.79832764001473,77.67705499924827,77.69979325796238,559400
2014-02-28,77.66943359375,77.73764833471034,77.43446399772586,77.60121306991911,609900
2014-03-03,78.0536117553711,78.06879904992603,77.76511687364045,77.89417991607871,2540500
2014-03-04,77.45384979248047,77.77271929931254,77.4386682884677,77.77271929931254,1080200
2014-03-05,77.53736877441406,77.54496242315871,77.29442414489723,77.34756810159601,614700
2014-03-06,77.20330047607422,77.29440106477985,77.14256288876706,77.20330047607422,534700
2014-03-07,76.86924743652344,76.96035381499333,76.79332835059269,76.80850985087685,645100
2014-03-10,76.95272064208984,77.00586455416959,76.86920795278567,76.891983087641,1013900
2014-03-11,77.02863311767578,77.08937066694308,76.85401990384666,76.92234530258375,1571000
2014-03-12,77.33232879638672,77.37787907029552,77.20326582547676,77.26399759327099,819000
2014-03-13,77.78788757324219,77.79548122008525,77.11979145743798,77.12737931202564,1638900
2014-03-14,77.79548645019531,77.90177434412216,77.65882975910995,77.89418069676859,1314400
2014-03-17,77.48420715332031,77.6891950768957,77.46902565154888,77.63605113231236,1085400
2014-03-18,77.67402648925781,77.67402648925781,77.48422581399933,77.4994131116839,861200
2014-03-19,76.95272064208984,77.60563487178503,76.83883917556125,77.56008460207438,1355500
2014-03-20,76.96794128417969,77.02867886952261,76.8540655519804,76.92239099129998,1748100
2014-03-21,77.11217498779297,77.13495012932601,76.95274320480796,76.96033684940355,466500
2014-03-24,77.14253997802734,77.21845904348636,76.91477698939688,76.92237063361881,1222600
2014-03-25,77.09696197509766,77.21843127770413,77.02103714468586,77.08177469211476,739400
2014-03-26,77.42346954345703,77.42346954345703,77.11978740051939,77.12737525470787,830000
2014-03-27,77.49939727783203,77.58291002126388,77.31718449638667,77.31718449638667,303600
2014-03-28,77.2260971069336,77.46144808290272,77.16535950272971,77.42349142446785,661600
2014-03-31,77.23368072509766,77.2564558756521,76.96795518927992,77.02109913799227,1982900
2014-04-01,77.07395935058594,77.1424126611844,77.02071595242208,77.1272027487498,2562600
2014-04-02,76.73924255371094,76.88376275913348,76.71642479561098,76.86094500103351,806800
2014-04-03,76.79249572753906,76.91419819039908,76.75446806021493,76.80010358224102,298000
2014-04-04,77.26406860351562,77.30209626322923,77.01306167642085,77.01306167642085,731900
2014-04-07,77.44664001464844,77.52270116030236,77.37057886899451,77.38578877688792,1751700
2014-04-08,77.5531234741211,77.58354909170471,77.32494004688375,77.43142680687981,666100
2014-04-09,77.53032684326172,77.63681363228167,77.30213755073625,77.3705966597318,1350500
2014-04-10,77.85739135742188,78.03233144400618,77.58356654067781,77.58356654067781,1056600
2014-04-11,78.01712036132812,78.077971609267,77.91824143574826,78.05515384206352,918500
2014-04-14,77.89544677734375,77.98671787323454,77.81177773737978,77.91826455131644,1468600
2014-04-15,77.98668670654297,78.14641686361321,77.78132101976516,77.83456440545524,614300
2014-04-16,77.864990234375,77.91062576420451,77.77371337162215,77.79653113653691,1405500
2014-04-17,77.42379760742188,77.8193189207847,77.31731087678222,77.8193189207847,584600
2014-04-21,77.40856170654297,77.5530818617472,77.36292620620061,77.49223065923067,1021100
2014-04-22,77.37818145751953,77.39339136437763,77.21844551849772,77.28690460709178,482800
2014-04-23,77.57592010498047,77.63677132357192,77.46182552089438,77.49225113019011,306400
2014-04-24,77.5531234741211,77.61397470928833,77.393393334127,77.4010011892962,345700
2014-04-25,77.6595687866211,77.84211659160246,77.64435888749352,77.6823865368575,388900
2014-04-28,77.54547882080078,77.71281673655615,77.43899211133653,77.63675563023746,574900
2014-04-29,77.61398315429688,77.61398315429688,77.40100961113156,77.42382737602873,760100
2014-04-30,77.8193359375,77.85736940808447,77.58354466853632,77.72045703831039,544700
2014-05-01,78.04339599609375,78.19580728865823,77.81477324312891,77.86811777693829,21829500
2014-05-02,78.15766143798828,78.2948338565292,77.73090538657881,77.81473329869355,1343700
2014-05-05,78.11195373535156,78.27198728433493,78.05098691265803,78.27198728433493,929400
2014-05-06,78.20340728759766,78.2262683935487,78.07385133034772,78.12719584893895,566300
2014-05-07,78.26431274414062,78.31765722486615,78.05093482123851,78.15762378268957,1107600
2014-05-08,78.34825134277344,78.47780739115743,78.22632342056096,78.34063484484304,1444300
2014-05-09,78.28728485107422,78.3406294034846,78.2186956756208,78.2186956756208,354500
2014-05-12,78.08155059814453,78.19586205468727,78.04345065537842,78.14251748351695,759600
2014-05-13,78.38634490966797,78.38634490966797,78.24917238466669,78.27965581401361,603700
2014-05-14,78.74449920654297,78.85881058587367,78.54635986997764,78.57684329207372,635400
2014-05-15,79.02648162841797,79.1712764682157,78.74452007401584,78.87407029166654,1347300
2014-05-16,78.85879516601562,79.00358412501244,78.84355055088935,78.89689507559704,452600
2014-05-19,78.7597427368164,79.05694885244029,78.7597427368164,78.95788208527186,325400
2014-05-20,78.98836517333984,79.07219313524847,78.79022582572688,78.79022582572688,34764400
2014-05-21,78.86643981933594,78.88168443990543,78.7064061880716,78.80547877941562,881700
2014-05-22,78.78263092041016,78.8588424134686,78.70642524147233,78.82073666693937,678800
2014-05-23,78.94263458251953,78.9655015102172,78.85119012820252,78.89691235536102,486800
2014-05-27,78.9654769897461,78.98071578936083,78.75209309632372,78.87402674970794,997000
2014-05-28,79.39986419677734,79.45320872247677,79.20934720297693,79.22458600426938,968200
2014-05-29,79.30079650878906,79.65896940938782,79.30079650878906,79.49131351428903,753100
2014-05-30,79.23989868164062,79.33134319617473,79.07985915296148,79.18655411012166,902400
2014-06-02,78.87724304199219,79.14441534643782,78.80090892985335,79.02991126626985,2032800
2014-06-03,78.48031616210938,78.76275885467007,78.47268682571219,78.76275885467007,1563600
2014-06-04,78.41925048828125,78.56428358735411,78.37344535138176,78.55665425113817,1566600
2014-06-05,78.53373718261719,78.62534161897862,78.38106894593471,78.38106894593471,1585800
2014-06-06,78.47268676757812,78.77802329302509,78.44978128664079,78.70168916166335,940600
2014-06-09,78.3581771850586,78.40397649589225,78.28184305902897,78.38871200025453,816500
2014-06-10,78.22077178955078,78.28947075436173,78.16733732005771,78.26657109942475,1207100
2014-06-11,78.32763671875,78.39633568004406,78.22076778523473,78.29710190575705,814800
2014-06-12,78.63296508789062,78.67112922942755,78.28945287054398,78.35815764358094,1319500
2014-06-13,78.48031616210938,78.57955577448197,78.26657826456979,78.27421342488789,752900
2014-06-16,78.48031616210938,78.58718511087916,78.42688168772447,78.48795132242748,1401000
2014-06-17,78.15202331542969,78.36576689784407,78.13675882864436,78.33523210035631,33268500
2014-06-18,78.56427001953125,78.56427001953125,78.18259361350097,78.34289700516332,1472200
2014-06-19,78.36579132080078,78.7474676724729,78.2894513913312,78.68639805846482,1055000
2014-06-20,78.4573745727539,78.46500972899132,78.26653643424305,78.29707123527493,577000
2014-06-23,78.40394592285156,78.5947840754699,78.40394592285156,78.56424927218079,764200
2014-06-24,78.72455596923828,78.72455596923828,78.46501886612137,78.61005773193287,443800
2014-06-25,78.80091094970703,78.98411398832006,78.77800547395076,78.93067952606127,977500
2014-06-26,79.0070571899414,79.09866167170136,78.9307230337695,78.94598753543475,822300
2014-06-27,79.0070571899414,79.1826309906673,79.0070571899414,79.09866167170136,933200
2014-06-30,79.06808471679688,79.14441883229779,78.95358063158565,79.09098436905518,1268900
2014-07-01,78.80957794189453,78.97017899696836,78.79427926918231,78.87840446489729,17393000
2014-07-02,78.48837280273438,78.65662320017876,78.46543062758,78.64897386354922,1779100
2014-07-03,78.32781219482422,78.35840372240733,78.15956171048579,78.17486039164598,1079900
2014-07-07,78.51898956298828,78.5725232671408,78.41957149377251,78.41957149377251,1031000
2014-07-08,78.87843322753906,78.91667408852987,78.73312495745742,78.76371647930283,491500
2014-07-09,78.89372253417969,78.98549125407867,78.61840470501171,78.80959731778194,1113900
2014-07-10,79.06198120117188,79.26082318756241,79.03138967751667,79.16904861659681,728600
2014-07-11,79.19198608398438,79.26846196556458,79.12315370624714,79.15374522582638,688600
2014-07-14,79.01606750488281,79.1307842173266,78.99312532934094,79.1307842173266,974800
2014-07-15,78.9472427368164,79.19961250813306,78.870761036994,78.99312708892225,933500
2014-07-16,79.06198120117188,79.09257272482706,78.92432226209174,78.9702124649428,15784300
2014-07-17,79.52088928222656,79.57442301758141,79.18438818300206,79.30674850606762,1367400
2014-07-18,79.3602066040039,79.48257264518317,79.25313923533905,79.44433179863115,386900
2014-07-21,79.38317108154297,79.56671434665562,79.38317108154297,79.41375676344909,339600
2014-07-22,79.48262023925781,79.48262023925781,79.29142756147982,79.41378784119425,484200
2014-07-23,79.47494506835938,79.57436896272228,79.45200288804043,79.55907028601925,523600
2014-07-24,79.15377044677734,79.26848722306802,79.14612110576127,79.23789569374134,600900
2014-07-25,79.45964813232422,79.48259031146111,79.30669054685288,79.36022424308402,781400
2014-07-28,79.36787414550781,79.45964869744333,79.26080675228404,79.36787414550781,1448000
2014-07-29,79.47494506835938,79.49788724867832,79.32199330974265,79.45965222639194,465700
2014-07-30,78.91667938232422,79.15375639910923,78.84784699487066,79.1461070594507,1067500
2014-07-31,78.89372253417969,79.00078993055217,78.67958190669921,78.71782276314745,1506500
2014-08-01,79.3580322265625,79.4346536628403,78.95959725041341,79.12816207188823,3466800
2014-08-04,79.40404510498047,79.51131634057772,79.37339534540355,79.43469486455739,1672600
2014-08-05,79.44233703613281,79.51129459193606,79.19714487242855,79.30441607868401,1013000
2014-08-06,79.51128387451172,79.67985456043198,79.48829802567559,79.67985456043198,1139100
2014-08-07,79.87141418457031,79.87141418457031,79.44999329931085,79.54960059673398,1386100
2014-08-08,79.80247497558594,80.12428863738144,79.77182522029449,80.00169546205876,913900
2014-08-11,79.76411437988281,79.86372748741977,79.69515685543998,79.82541385439175,419800
2014-08-12,79.64923858642578,79.84079520240645,79.64923858642578,79.79482348524118,416300
2014-08-13,79.90971374511719,79.94802153929251,79.73347918522045,79.77179282523647,732400
2014-08-14,80.07063293457031,80.10894658053115,79.92504809492905,80.06296903620982,638800
2014-08-15,80.3924560546875,80.62999016531475,80.032328784954,80.06297853619115,1570700
2014-08-18,80.1396255493164,80.25456069164997,80.10131773243467,80.21625287476823,13822300
2014-08-19,80.0553207397461,80.30817095804011,80.0170070891161,80.30817095804011,769900
2014-08-20,79.81778717041016,80.03999348472,79.77947936536233,80.00168567967219,1052200
2014-08-21,79.9863510131836,80.02466466078408,79.83310811446535,79.83310811446535,630300
2014-08-22,79.9939956665039,80.0399673558909,79.74113968319453,79.96334592496576,1393400
2014-08-25,80.0553207397461,80.07064269249268,79.91739978165738,79.99402123707503,837500
2014-08-26,80.03998565673828,80.17024270367786,80.01699980678916,80.15492075232571,590200
2014-08-27,80.26216888427734,80.26983278067193,80.10126213503163,80.1778835614572,881300
2014-08-28,80.3695068359375,80.48444199400478,80.30820730552229,80.46911418847849,938400
2014-08-29,80.37714385986328,80.48441507929496,80.30818044974691,80.3541580051055,1407100
2014-09-02,79.86363983154297,80.06319876516257,79.86363983154297,80.05552747567839,2058600
2014-09-03,79.9787826538086,80.00948538531159,79.7254953668166,79.77154653609746,1456900
2014-09-04,79.69475555419922,79.94804857928396,79.64869855040092,79.88664314484926,1994400
2014-09-05,79.71776580810547,80.00943278170145,79.67938595497343,79.96338164269771,1098400
2014-09-08,79.63338470458984,79.9634317380853,79.57197924348672,79.92505186090908,1340900
2014-09-09,79.44913482666016,79.55659140239464,79.4107549684932,79.46448325636044,1205900
2014-09-10,79.2496109008789,79.34939038515549,79.23426246327759,79.31101636317858,1311800
2014-09-11,79.14985656738281,79.41082108116014,79.13450226895529,79.36476989777569,1224800
2014-09-12,78.85047149658203,79.01165641124602,78.81209162625659,78.96559939566629,2178400
2014-09-15,78.99630737304688,79.03468724592412,78.92723062900355,78.95793335611606,1505400
2014-09-16,78.97332000732422,79.17288490215289,78.95797156431398,79.08845382572342,24978400
2014-09-17,78.77371978759766,79.26495172692933,78.76604849750724,79.0960955057407,2704700
2014-09-18,78.7199478149414,78.78903037906468,78.63551682320372,78.7736760955069,556800
2014-09-19,79.0193099975586,79.04234142816166,78.73532010217937,78.85045383141583,920600
2014-09-22,79.18814849853516,79.23420549011634,79.04998923567756,79.09604622725874,1932600
2014-09-23,79.35702514648438,79.35702514648438,79.18816314332487,79.25724571550107,963700
2014-09-24,79.1344223022461,79.37236683983316,79.1113967338216,79.31096142007242,485300
2014-09-25,79.51823425292969,79.52591139794434,79.24959273687521,79.24959273687521,399000
2014-09-26,79.3493881225586,79.43381916682635,79.2572857876825,79.42614787621802,716100
2014-09-29,79.60265350341797,79.65638179868002,79.54892520815592,79.61800779117569,2344500
2014-09-30,79.53357696533203,79.64870484406356,79.4721715260452,79.51822267753782,1544600
2014-10-01,80.20182800292969,80.20951331160444,79.84810433786458,79.84810433786458,3346000
2014-10-02,79.96341705322266,80.26330823973672,79.94804057527256,80.16334646644721,2084100
2014-10-03,79.94037628173828,79.94806745662214,79.67124382727818,79.763520325942,1159100
2014-10-06,80.07107543945312,80.17104308618075,79.87883718546425,79.94804600755613,1201700
2014-10-07,80.5401382446289,80.57089706964506,80.23255586111338,80.32483233616183,1429800
2014-10-08,80.8246841430664,80.84006062818085,80.34793097144296,80.5939957998119,2701900
2014-10-09,80.68623352050781,80.8784717585852,80.67085704278563,80.7708188145935,5848000
2014-10-10,81.0015640258789,81.04001404998426,80.76319030304572,80.8170168168032,4675300
2014-10-13,81.4244613647461,81.46291137494008,81.0784347395917,81.13994654259506,2074300
2014-10-14,81.58589935302734,81.60896700075239,81.3321434947621,81.43980229522045,2196700
2014-10-15,82.04731750488281,83.72363598956152,81.85507917345933,82.66248251209727,2196800
2014-10-16,81.82427978515625,82.52402386392424,81.70124450685046,82.46250622477135,1786700
2014-10-17,81.58589935302734,81.70893462975408,81.4167287808505,81.61665817220903,1143300
2014-10-20,81.70122528076172,81.83194583321648,81.59357237089974,81.80887819062372,1562200
2014-10-21,81.47825622558594,81.66280329624246,81.43981209696553,81.50901504846962,1973200
2014-10-22,81.45520782470703,81.47827548065978,81.2937283663908,81.38599899020178,951800
2014-10-23,81.11682891845703,81.26293182722326,80.97841718032173,81.2244818407129,1281700
2014-10-24,81.18602752685547,81.37057453231544,81.13988637550783,81.20140399954232,678800
2014-10-27,81.27064514160156,81.3475392689293,81.16299219001358,81.16299219001358,872500
2014-10-28,81.07074737548828,81.20915920538657,81.0246120544049,81.18609154484487,771500
2014-10-29,80.80159759521484,81.00921236229667,80.5401504761948,80.9630770510889,1453100
2014-10-30,80.88617706298828,81.07841533465303,80.84772706199674,80.95538002479728,1363500
2014-10-31,80.75550079345703,80.86315968984646,80.6555389420277,80.83240084325664,886900
2014-11-03,80.72538757324219,80.76389806684561,80.4557847341531,80.6483548324893,2348900
2014-11-04,80.71772766113281,80.91800231940371,80.68691572318527,80.78705011393258,3854700
2014-11-05,80.74082946777344,80.74853392091262,80.58677566564492,80.60217869514743,1079700
2014-11-06,80.49430847167969,80.71769051140723,80.48660402154465,80.58674424297942,1026100
2014-11-07,81.0103759765625,81.01808042489098,80.69456411636095,80.70226268791724,994200
2014-11-10,80.67919158935547,81.00271392049943,80.6714930143287,81.00271392049943,1427900
2014-11-11,80.68690490722656,80.70230793574746,80.58677052990211,80.67920045457839,1220800
2014-11-12,80.65608978271484,80.92568684698136,80.6329823024599,80.87176743412806,658300
2014-11-13,80.7870101928711,80.84092958844086,80.66376837875738,80.75619827014933,743400
2014-11-14,80.95650482177734,81.00272566251219,80.64839134957299,80.68690773738942,629800
2014-11-17,80.8640365600586,81.07200967606033,80.81011716874163,81.07200967606033,496500
2014-11-18,80.95650482177734,80.97961230375692,80.86407489385901,80.8871823758386,510100
2014-11-19,80.74082946777344,80.96421159460287,80.70231307885338,80.74082946777344,560000
2014-11-20,80.8871841430664,81.04894239723326,80.79474833635285,81.04894239723326,811500
2014-11-21,81.0489273071289,81.0489273071289,80.88716908307902,80.91027656126118,855800
2014-11-24,81.14134979248047,81.14905424342753,80.87175277707523,80.91026915503635,13802400
2014-11-25,81.34163665771484,81.36474413726977,81.07203960161556,81.10285153328049,1244600
2014-11-26,81.48025512695312,81.57269088532215,81.44944320749678,81.51106704640947,523300
2014-11-28,81.79608154296875,81.80378011606734,81.64972637926863,81.70364577482552,367300
2014-12-01,81.59549713134766,82.07388419829954,81.59549713134766,82.02758487778546,2063400
2014-12-02,81.23282623291016,81.40257662367402,81.21739705500087,81.348565670863,990600
2014-12-03,81.26371765136719,81.28686436934791,81.13254899164015,81.1865599625133,851900
2014-12-04,81.5491943359375,81.5491943359375,81.21741102965238,81.27913363866215,968300
2014-12-05,81.09400939941406,81.256042396344,80.96284067143611,81.23289566631935,1035900
2014-12-08,81.36400604248047,81.50289220978078,81.08623370787986,81.0939512412724,858300
2014-12-09,81.66493225097656,81.88098199763965,81.58777457054515,81.72666075002316,945900
2014-12-10,82.0352783203125,82.07386009495124,81.61861987857375,81.62633741085196,996800
2014-12-11,81.8964614868164,81.98133675345468,81.71899930148713,81.86559721833365,15223600
2014-12-12,82.56768798828125,82.57539963490822,82.15102948705174,82.26676894074102,7233700
2014-12-15,82.26678466796875,82.52140445065793,82.17419190996542,82.27449631606999,1248100
2014-12-16,82.68340301513672,82.77598984133306,82.37476652539563,82.77598984133306,10633800
2014-12-17,82.11241912841797,82.71425701403419,82.08927242308675,82.54451254602151,2086100
2014-12-18,81.64949798583984,81.74980237548004,81.58005784380124,81.68036223344144,4833300
2014-12-19,81.95042419433594,81.95042419433594,81.71895114725044,81.78067376108761,847800
2014-12-22,81.95042419433594,82.01987022918925,81.82697307990777,81.88098404623643,2366700
2014-12-23,81.27145385742188,81.77298778032498,81.26373632073718,81.71897679704347,1360300
2014-12-24,81.33014678955078,81.35332783585693,81.09060145040748,81.16014458932592,1098200
2014-12-26,81.43839263916016,81.47703167688474,81.33021040811869,81.47703167688474,373600
2014-12-29,81.7165298461914,81.77834991252834,81.56970866251271,81.58516662683995,2447300
2014-12-30,81.80923461914062,81.97150782142391,81.76286663599956,81.91741675399615,1194700
2014-12-31,81.90199279785156,81.97154185369588,81.85563069094644,81.86335967392617,1010400
2015-01-02,82.3192367553711,82.41969580775284,81.9560513408802,81.97923238512698,2028600
2015-01-05,82.8215560913086,82.87564718698644,82.4197373656285,82.45837049369139,1521700
2015-01-06,83.37792205810547,83.81837979171169,83.09200862224326,83.16928077111527,1890200
2015-01-07,83.36244201660156,83.4629010894719,83.03789553998703,83.13834871737187,1558000
2015-01-08,83.02251434326172,83.12296760639678,82.92205518463614,83.09205754954972,1671000
2015-01-09,83.4319839477539,83.53243711657669,83.03788846232067,83.12288956497264,1107800
2015-01-12,83.7256088256836,83.79515785257607,83.4706055528848,83.51697353597451,2700900
2015-01-13,83.80289459228516,83.94971575427232,83.54789717341949,83.63289827820309,1038800
2015-01-14,84.1892318725586,84.49832615576078,84.13514081515945,84.38241506262457,1545800
2015-01-15,84.90792846679688,84.92338643346596,84.18156321149588,84.2356543038639,1374100
2015-01-16,84.28201293945312,84.79974278727981,84.2742839564371,84.72247064357961,1689100
2015-01-20,84.47518157958984,84.73791389713809,84.35154735023264,84.45200053005321,1346200
2015-01-21,84.0733642578125,84.63745612349786,84.03472524433346,84.52927396033941,2298200
2015-01-22,83.86469268798828,84.30515016312278,83.76423954295184,84.28196912161312,1330800
2015-01-23,84.41336059570312,84.44427062657643,84.17381522579205,84.17381522579205,1248200
2015-01-26,84.22015380859375,84.4365180688085,84.1506106801607,84.35152287699607,1546200
2015-01-27,84.3360824584961,84.77654004996435,84.24335237248192,84.6838099639502,863300
2015-01-28,84.98514556884766,85.10105075831918,84.3669570460804,84.3669570460804,3346300
2015-01-29,84.6838150024414,84.84609413649272,84.55245179438606,84.74563506346233,1393400
2015-01-30,85.42565155029297,85.45655568806973,85.0547370466255,85.40246460373135,2219800
2015-02-02,85.31884765625,85.45042751142901,85.0866430487036,85.10212060010942,11544700
2015-02-03,84.59901428222656,84.93957353516508,84.59127255448468,84.93183771263124,1465200
2015-02-04,84.73829650878906,84.78473504326139,84.27388754324467,84.3358095260113,1655500
2015-02-05,84.4287109375,84.57576829717814,84.34356966890428,84.54481320424024,1392700
2015-02-06,83.48445892333984,83.95660402448885,83.47671719400039,83.87920444672214,2016700
2015-02-09,83.44570922851562,83.75531327058336,83.43797340873823,83.74757154560004,1599900
2015-02-10,83.23680114746094,83.39160034840208,83.17487910500007,83.30645901632116,1244500
2015-02-11,83.20576477050781,83.39926654904387,83.06644325375362,83.32186701867057,1286100
2015-02-12,83.23680114746094,83.44578065925259,83.17487910500007,83.19036256822079,1845200
2015-02-13,82.95808410644531,83.24446886930379,82.95034238171786,83.20576615087224,1302400
2015-02-17,82.36982727050781,82.93485500450619,82.23824749177018,82.86519130063007,2170100
2015-02-18,82.76461791992188,82.98133906385166,82.35439491102503,82.4317944759702,8204600
2015-02-19,82.55561828613281,82.86521647009273,82.478212834936,82.68719810483645,1459500
2015-02-20,82.5091781616211,82.9813230936908,82.34663733495553,82.8420015415193,1893000
2015-02-23,82.888427734375,82.91165291061404,82.70266766090653,82.73362865735231,818200
2015-02-24,83.43794250488281,83.445678321795,82.59427195035819,82.77229612780224,1180900
2015-02-25,83.51538848876953,83.55408531047743,83.30640321176011,83.4225054872979,595300
2015-02-26,83.02001190185547,83.48441502949444,83.01227017658641,83.39153204188419,865900
2015-02-27,83.31416320800781,83.34512421528775,82.99682321750309,83.21354436325429,2901700
2015-03-02,82.69397735595703,83.26765316495135,82.67847532185829,83.24439124197906,10270800
2015-03-03,82.51567840576172,82.8025103993851,82.48466842261739,82.67072240693385,1224400
2015-03-04,82.57769012451172,82.73274003585288,82.46141008419254,82.66296609711202,1871100
2015-03-05,82.62422180175781,82.75600981241196,82.4536698281817,82.5932118143303,2253200
2015-03-06,81.77918243408203,82.06602026446022,81.74042440157552,82.05051231981928,1734000
2015-03-09,82.1590576171875,82.1590576171875,81.98075172498244,82.09703766211196,1218100
2015-03-10,82.5079345703125,82.6319686035822,82.39940257324518,82.52343660651488,1309200
2015-03-11,82.65521240234375,82.72498042177874,82.43039448213828,82.47690649509495,945700
2015-03-12,82.73271942138672,82.99629533316761,82.60093146549627,82.95753730090165,916800
2015-03-13,82.60868072509766,82.8955185578688,82.56216871988265,82.64744467247547,846900
2015-03-16,82.89553833007812,83.02732631931997,82.75599636660165,82.91879433823264,639400
2015-03-17,83.06607055664062,83.10482858951414,82.96528665916394,83.08157258688044,768500
2015-03-18,84.01962280273438,84.09715071663261,83.05058302450071,83.29865697114656,1963600
2015-03-19,83.62422180175781,83.94981760357426,83.515689867819,83.82577772790314,985600
2015-03-20,83.96525573730469,83.96525573730469,83.81796589020914,83.90324176120555,1194800
2015-03-23,84.07386779785156,84.1126317451201,83.88005989060474,84.04286373749426,795100
2015-03-24,84.32969665527344,84.32969665527344,84.01185475918318,84.08162276763665,584500
2015-03-25,83.96525573730469,84.37612716235525,83.96525573730469,84.33736916661107,1240200
2015-03-26,83.49243927001953,83.8412970317112,83.42267126640976,83.83354305979425,928300
2015-03-27,83.81803131103516,83.88004533553686,83.65523340694266,83.65523340694266,2492500
2015-03-30,83.81034088134766,83.911118922797,83.70180886300177,83.84910485127892,2017700
2015-03-31,84.02735137939453,84.03510535135057,83.74051356249757,83.80253350905058,2137200
2015-04-01,84.4272232055664,84.52039762136322,84.2719226390536,84.28745565776032,2570100
2015-04-02,84.18657684326172,84.42729143486056,84.16328322048794,84.41175840360094,1126400
2015-04-06,84.29520416259766,84.6679195447034,84.24085045313537,84.59803281876044,1268500
2015-04-07,84.36514282226562,84.39620295023701,84.10890120958689,84.1943150804798,750700
2015-04-08,84.2874984741211,84.39620596384584,84.11667072623538,84.38067293724866,886400
2015-04-09,83.94585418701172,84.24091656650296,83.86820681599978,84.23315597628203,890600
2015-04-10,83.92255401611328,84.15549611096283,83.90702098865479,84.10890887681576,789700
2015-04-13,84.09336853027344,84.14772226959,83.9536009257289,83.96912802662796,624800
2015-04-14,84.34184265136719,84.61361134485001,84.27195588783549,84.48161025431739,825400
2015-04-15,84.38843536376953,84.52043646288361,84.34960872327076,84.47384923357596,566400
2015-04-16,84.45059204101562,84.55929957235956,84.1943503210837,84.43505900847154,903300
2015-04-17,84.6213607788086,84.73006823426216,84.32629260762432,84.38064633535112,1945700
2015-04-20,84.46607208251953,84.60583967695295,84.36513112369484,84.58254606523286,878100
2015-04-21,84.2874984741211,84.41949957962774,84.24867183174203,84.40396655303056,811000
2015-04-22,83.79826354980469,84.23309919777085,83.78273645571443,84.23309919777085,725100
2015-04-23,84.05455017089844,84.15549114696772,83.80607506324694,83.85266229464601,918700
2015-04-24,84.34964752197266,84.37294707145728,84.17882562789966,84.18658622027822,739100
2015-04-27,84.21761322021484,84.34185373877553,84.09337862576815,84.25643986329355,854400
2015-04-28,83.82935333251953,84.20206888782161,83.79829320923496,84.01570814811419,1101100
2015-04-29,83.51874542236328,83.65075240743352,83.32462412420858,83.43333157724626,1118000
2015-04-30,83.49546813964844,83.56535490118672,83.05287173028283,83.22369945391746,2650600
2015-05-01,83.03900146484375,83.33451772614036,82.97678689055937,83.24897416977643,1854300
2015-05-04,82.86787414550781,83.22559887441622,82.8601017773246,83.10895402061331,2784900
2015-05-05,82.72791290283203,82.91455657689961,82.52572448891902,82.91455657689961,2050800
2015-05-06,82.32352447509766,82.64236368007867,82.23020264448775,82.58792742883281,1802100
2015-05-07,82.67346954345703,82.75901307011029,82.40906659424245,82.47128114691868,2201300
2015-05-08,82.99229431152344,83.24114652805899,82.89897250540828,83.17893199064889,1004300
2015-05-11,82.17579650878906,82.73571583143335,82.15246752586364,82.73571583143335,1324400
2015-05-12,82.23799133300781,82.40907841084645,81.96581004240416,82.04357527784704,1431000
2015-05-13,82.12914276123047,82.54908227478249,82.0902571656185,82.54908227478249,1221200
2015-05-14,82.40907287597656,82.49461640915048,82.23798580962871,82.23798580962871,617500
2015-05-15,83.00012969970703,83.05456597410608,82.61129747311124,82.65017713590547,854900
2015-05-18,82.4401626586914,82.73567284405463,82.4246060560849,82.66568593164183,1000400
2015-05-19,82.07463836669922,82.41681233813766,81.9813165745513,82.0668600674109,1240400
2015-05-20,82.2535400390625,82.48684167291691,82.13689515524231,82.27687494893355,1682600
2015-05-21,82.74347686767578,82.75902754201101,82.45573896106174,82.51017522089604,836700
2015-05-22,82.55682373046875,82.65013962531081,82.38573667911668,82.58792507334529,852300
2015-05-26,83.07007598876953,83.07007598876953,82.56459315501333,82.59570042988666,1925600
2015-05-27,83.0234146118164,83.0856232258861,82.79011302646128,82.96120006464093,1015000
2015-05-28,83.1011962890625,83.17118321866786,82.94566582342374,83.01565275302909,1068200
2015-05-29,83.14789581298828,83.35786857299684,83.1401234389953,83.24899600599608,1148500
2015-06-01,82.78097534179688,83.19378881925341,82.67972111190136,83.13148172373991,2161700
2015-06-02,82.20455932617188,82.49275254645234,82.15003692692918,82.4693807103519,1484500
2015-06-03,81.50360107421875,81.8930487115927,81.45686925933367,81.8930487115927,1703400
2015-06-04,81.90084075927734,82.01767624103084,81.67496041255377,81.67496041255377,1594800
2015-06-05,81.30886840820312,81.55811463130165,81.16866703630403,81.32444963980231,1384900
2015-06-08,81.42572021484375,81.58149690710292,81.41792959748082,81.51918979569919,877800
2015-06-09,81.1609115600586,81.3867919760546,81.06744789999217,81.35563544186536,822400
2015-06-10,80.84932708740234,81.07520147424617,80.8181705651655,81.02846966214041,967000
2015-06-11,81.48802947998047,81.49581415448155,81.02068753993214,81.12973835044313,3069700
2015-06-12,81.44131469726562,81.77624001279193,81.33226979848975,81.34785103688704,1578100
2015-06-15,81.63602447509766,81.90085199958457,81.55813612407219,81.85411423496907,1478800
2015-06-16,81.94756317138672,81.97092907655626,81.69831694541367,81.81515241376015,779000
2015-06-17,81.99433135986328,82.08001034516367,81.45689747502614,81.83076400860837,1994000
2015-06-18,81.9320297241211,82.0099180952961,81.62047029691925,81.88529194741464,1481600
2015-06-19,82.36825561523438,82.39162154545915,82.18132223093103,82.23584471562388,1849600
2015-06-22,81.67500305175781,82.03329435835161,81.64384651085801,82.00213781745182,860300
2015-06-23,81.42572021484375,81.71391363227309,81.34004125135124,81.37898839566598,925000
2015-06-24,81.66717529296875,81.70612243700802,81.41792902161706,81.56592103796645,1176500
2015-06-25,81.46463012695312,81.60483147313647,81.34001000951105,81.46463012695312,919800
2015-06-26,81.07522583007812,81.23100848806102,80.98176217778916,81.15312013031996,1441500
2015-06-29,82.0176773071289,82.09556564847718,81.48023764957664,81.58928251596413,1500900
2015-06-30,81.79176330566406,82.07216597315063,81.66713725678244,81.66713725678244,1599400
2015-07-01,81.3642807006836,81.5281006810861,81.24726472848765,81.44228936492104,3738800
2015-07-02,81.65294647216797,81.8011671605135,81.5905371347928,81.64514976875756,1924600
2015-07-06,82.23026275634766,82.34727287959265,81.92601858085627,82.26926414686771,1723300
2015-07-07,82.44857025146484,82.93222726531853,82.40956296571966,82.67479941509933,2083900
2015-07-08,82.77629089355469,82.87770160321817,82.52665949526748,82.61247084639889,1991200
2015-07-09,82.19903564453125,82.47206911041246,82.18343033123337,82.37065242902574,1206900
2015-07-10,81.62950134277344,81.88693525971077,81.48908338368753,81.6685086459502,3719900
2015-07-13,81.41104888916016,81.59046814279633,81.27063097464286,81.27063097464286,1322300
2015-07-14,81.66854858398438,81.69195059666308,81.55153256890911,81.62954126173203,1321600
2015-07-15,81.98058319091797,82.04299252572389,81.56713176327179,81.57493441804296,1239500
2015-07-16,81.9493637084961,82.04297173530212,81.71533173812055,81.76993840431747,811400
2015-07-17,81.95719146728516,82.03520612142748,81.86358340500637,81.8713801090746,881300
2015-07-20,81.79338073730469,81.84798743042414,81.65296267618561,81.816782755544,842500
2015-07-21,82.01954650878906,82.05855381003539,81.6763013031927,81.70750595385405,676600
2015-07-22,82.12100219726562,82.2458208683653,82.03519680048687,82.04299350366924,523800
2015-07-23,82.45650482177734,82.45650482177734,82.01965105901915,82.04305308892604,1064800
2015-07-24,82.5344467163086,82.57344808118647,82.38622605540236,82.51884140901274,1098400
2015-07-27,82.80748748779297,82.86989681919978,82.69047147932557,82.83088949915016,1392600
2015-07-28,82.57347869873047,82.68269208357333,82.53447731939121,82.60468337321173,6205200
2015-07-29,82.45650482177734,82.76074311393911,82.33949467224294,82.49551217274625,2107300
2015-07-30,82.55003356933594,82.57343557505449,82.3472062669751,82.4018129308784,683200
2015-07-31,83.03376770019531,83.0961711181365,82.87774427612968,82.96355567144451,1113000
2015-08-03,83.28682708740234,83.36495612813727,83.02118715673086,83.05243996519756,2627700
2015-08-04,82.85714721679688,83.20873101985829,82.81026500508689,83.16966350357765,1036000
2015-08-05,82.53680419921875,82.67743890226618,82.41960761986829,82.66181547342342,1283300
2015-08-06,82.8259048461914,82.86496640653442,82.62276446546056,82.6618319866704,731700
2015-08-07,83.15406036376953,83.17749849491057,82.84935273720119,82.89622899948323,1533700
2015-08-10,82.81026458740234,82.96652869087063,82.71651208618741,82.88058492417959,1123900
2015-08-11,83.3572006225586,83.54471163222615,83.24781870351356,83.25562743996855,2263800
2015-08-12,83.32593536376953,83.77127767083707,83.3181206676128,83.49000821786109,1765700
2015-08-13,83.10717010498047,83.31811921059018,83.03684976253288,83.13842292819423,1626500
2015-08-14,83.02120971679688,83.1618444126811,82.88057502091266,82.95870408287826,612500
2015-08-17,83.16966247558594,83.36498813284271,83.15403904578643,83.3024884527787,905300
2015-08-18,83.03681182861328,83.20088460488184,83.00555901967682,83.02899713616321,690400
2015-08-19,83.5447006225586,83.60720627116652,82.8649651058976,82.87277980219027,1444500
2015-08-20,83.771240234375,83.84155458576295,83.6071674536058,83.66966711232932,1933300
2015-08-21,84.10723114013672,84.15410739147866,83.79470888916939,83.88846735271943,2123600
2015-08-24,84.2478256225586,84.97443697569697,84.05250005408982,84.77129671544772,3074800
2015-08-25,83.78689575195312,83.92753046946069,83.48218819083111,83.91972173466924,2925500
2015-08-26,83.27119445800781,83.77904210793808,83.20087415651565,83.40401440866037,3512900
2015-08-27,83.22435760498047,83.37280701943547,83.07591415139176,83.15404322604891,1414100
2015-08-28,83.23993682861328,83.62277323630836,83.17743122221249,83.56026762990757,1998000
2015-08-31,83.09932708740234,83.56029266075127,83.07588896819674,83.53685454154567,5431600
2015-09-01,83.47259521484375,83.49607019378976,83.24566046796761,83.33173937092887,3749700
2015-09-02,83.24567413330078,83.47260891742978,83.20655115204805,83.28480308479328,2441700
2015-09-03,83.44912719726562,83.48825614559901,83.23784639888754,83.44912719726562,1791300
2015-09-04,83.70734405517578,83.79342294488225,83.43345939258151,83.60561120175657,1421300
2015-09-08,83.33959197998047,83.44131891010603,83.27698803671522,83.35523998067647,1583500
2015-09-09,83.37084197998047,83.48039582728077,82.99522452478165,83.01869949631215,1397200
2015-09-10,83.18306732177734,83.3082692068051,83.0813344468132,83.30044222329113,1601600
2015-09-11,83.40214538574219,83.50387225422638,83.32389348919766,83.35518947162586,1069000
2015-09-14,83.48043060302734,83.58215751211526,83.3865247075497,83.574336498505,897500
2015-09-15,82.82310485839844,83.34740533469927,82.80745686026154,83.31610336818582,1903000
2015-09-16,82.79959869384766,82.9639294784768,82.71351981091276,82.77612372036312,1305300
2015-09-17,83.48829650878906,83.49611752604545,82.76054189771928,82.76054189771928,2394300
2015-09-18,83.87952423095703,83.89517222861002,83.61346050894055,83.70736640557686,2074200
2015-09-21,83.40214538574219,83.87948971597196,83.32389348919766,83.57430314028237,1591700
2015-09-22,83.81690979003906,83.96559261517665,83.66040595217541,83.72300390517763,1395500
2015-09-23,83.72298431396484,83.82471715798555,83.61343045904819,83.75428626826064,1364300
2015-09-24,83.84823608398438,84.15342283554922,83.82476109851638,84.06734390867294,1393000
2015-09-25,83.629150390625,83.699575365666,83.50394247467383,83.5978484116372,1564000
2015-09-28,84.10643005371094,84.10643005371094,83.70733759317517,83.74646055896109,1926000
2015-09-29,84.39601135253906,84.4586152981806,84.10647855186838,84.17690351303449,2460900
2015-09-30,84.41167449951172,84.43514948911879,84.19256066594889,84.21604162579746,2676000
2015-10-01,84.47746276855469,84.68123232599599,84.44611314592302,84.5636727359595,10101300
2015-10-02,84.88496398925781,85.40222359920864,84.74389373011913,85.22980372922503,3320200
2015-10-05,84.41477966308594,84.70475924337508,84.38343003446033,84.70475924337508,3034900
2015-10-06,84.58721160888672,84.62640014505061,84.32074271750072,84.35209235056561,2104000
2015-10-07,84.37560272216797,84.49315636316761,84.26587602501719,84.3834356453475,2338000
2015-10-08,84.15617370605469,84.47750300658694,84.07780260181063,84.40696482723489,2176800
2015-10-09,84.20317840576172,84.2737105867285,84.07777988938027,84.11696842058207,1069400
2015-10-12,84.48528289794922,84.5009547161185,84.29718520395107,84.36772333403233,1336300
2015-10-13,84.5636978149414,84.59504744687041,84.34425637076929,84.54802000931146,1849700
2015-10-14,85.0261001586914,85.04177796593038,84.68909905503156,84.86151905867123,1359600
2015-10-15,84.73612976074219,84.90854379169028,84.68126939195604,84.88503305925788,1075500
2015-10-16,84.6655502319336,84.82229833714382,84.61852879003493,84.82229833714382,1773000
2015-10-19,84.62641906738281,84.68127944268029,84.44616013178687,84.66560163297675,1744500
2015-10-20,84.3364028930664,84.43045177260004,84.29721436509493,84.38342434316829,1134500
2015-10-21,84.62641906738281,84.68127944268029,84.49318160223257,84.49318160223257,6576500
2015-10-22,84.71258544921875,84.79879542627106,84.5244936717091,84.66556399967378,2411400
2015-10-23,84.23453521728516,84.3442559388093,84.21101850896066,84.3442559388093,2029600
2015-10-26,84.4540023803711,84.48535202168692,84.3521145512615,84.37563126674789,3131500
2015-10-27,84.6655502319336,84.79094871610178,84.59501806908561,84.64203951098426,1373100
2015-10-28,84.22667694091797,84.64204900247816,84.1169562446315,84.62637717986415,2058200
2015-10-29,83.70947265625,84.03080203670878,83.6938008232358,84.02296313053495,1772400
2015-10-30,83.8740005493164,83.92102797716315,83.74076912563157,83.77211875108618,3424800
2015-11-02,83.6330795288086,83.7508125284728,83.60952694042206,83.6958684658116,5313500
2015-11-03,83.41325378417969,83.60948333254493,83.37401146757698,83.56239015724145,1941700
2015-11-04,83.32691192626953,83.5702346313489,83.24841532215994,83.4367999858828,1933200
2015-11-05,83.27198028564453,83.35047690707785,83.14639647056381,83.32693031602842,1554600
2015-11-06,82.7068099975586,82.824542904211,82.59692195905038,82.7617540168127,2968600
2015-11-09,82.56553649902344,82.6911202804876,82.43209587137736,82.44779758684152,3223900
2015-11-10,82.72254180908203,82.87167820716613,82.61265372263637,82.69899521747962,1467900
2015-11-11,82.68328094482422,82.72252925050412,82.61264118074119,82.64403862759498,1638100
2015-11-12,82.73037719726562,82.87166270890918,82.69112889296724,82.69112889296724,2399100
2015-11-13,83.04434967041016,83.06789625874434,82.9030641519543,82.9030641519543,2665300
2015-11-16,83.15422058105469,83.27195349842904,83.06002825870569,83.1934628906963,1412800
2015-11-17,83.13069915771484,83.24843211072198,82.84027723391084,82.90307213448219,1180000
2015-11-18,83.09146881103516,83.17781032087385,82.95018324843119,83.03652475826988,941500
2015-11-19,83.27198028564453,83.35832177846004,83.2248871035457,83.29553286514539,1967200
2015-11-20,83.16206359863281,83.38184567922121,83.16206359863281,83.3190507990531,1287900
2015-11-23,83.27198028564453,83.34262604724422,83.08360156879773,83.11499901968078,1377100
2015-11-24,83.35047149658203,83.45250871398983,83.29552745821613,83.31907404773708,1094500
2015-11-25,83.39755249023438,83.45249652057228,83.27196271320476,83.39755249023438,752400
2015-11-27,83.4839096069336,83.54670450721407,83.46820788763783,83.47605874728572,759600
2015-11-30,83.5152816772461,83.53097740332072,83.46818252212326,83.47603337938531,2266900
2015-12-01,83.95945739746094,83.96731445127108,83.51921647630222,83.51921647630222,2805800
2015-12-02,83.72361755371094,83.82581323754378,83.61355881796747,83.77078386967206,1579000
2015-12-03,82.8431167602539,83.36197007081944,82.67802870627837,83.35410702127314,2750500
2015-12-04,83.14970397949219,83.23617952528579,82.92958658938088,83.00819908617076,2231500
2015-12-07,83.41703796386719,83.6057092559052,83.1733372950784,83.19692045686412,1954000
2015-12-08,83.46418762207031,83.62141866550105,83.3698549937629,83.62141866550105,1519900
2015-12-09,83.58995819091797,83.69215385339344,83.22833584937014,83.41700707153639,3711100
2015-12-10,83.40914916992188,83.62926660899484,83.40128611916916,83.62140955599251,1545000
2015-12-11,84.07742309570312,84.1874818918928,83.78655599052526,83.81013916145811,3352900
2015-12-14,83.45633697509766,83.83367951279772,83.45633697509766,83.72362077282257,2204400
2015-12-15,83.24409484863281,83.32270739478861,83.1104529203927,83.14189913840558,1591000
2015-12-16,83.02397155761719,83.31484455573225,82.85888342282293,83.08686398927759,1911800
2015-12-17,83.369873046875,83.41703937124221,83.14189248284623,83.14189248284623,1202600
2015-12-18,83.6685791015625,83.75505466993636,83.49562796481479,83.56638342882549,4396700
2015-12-21,83.70792388916016,83.81011960527442,83.63716839511707,83.63716839511707,1603200
2015-12-22,83.47205352783203,83.61355847288264,83.39344100230417,83.56639215711618,1411800
2015-12-23,83.28336334228516,83.32266659724246,83.1733046320049,83.25191713966939,1380800
2015-12-24,83.4361572265625,83.4361572265625,83.28655759089216,83.34954754349572,654200
2015-12-28,83.45191192626953,83.58576709370003,83.36530223260114,83.41254770636324,2198300
2015-12-29,83.01097869873047,83.36528664691315,82.94798875019289,83.36528664691315,1752500
2015-12-30,83.04243469238281,83.13691356378811,82.89283513659203,82.94794981392822,1358100
2015-12-31,83.13690948486328,83.29438427456147,83.06605033478584,83.17627968405007,1906000
2016-01-04,83.49129486083984,83.77474371834116,83.45192462788805,83.53065908673749,6183700
2016-01-05,83.4676513671875,83.6172449943076,83.32592697877467,83.43615639120105,2122800
2016-01-06,83.97154235839844,83.98728683975101,83.7510835771548,83.82194275381828,1906100
2016-01-07,84.15259552001953,84.15259552001953,83.79041253077952,84.08173637316874,3106000
2016-01-08,84.36518859863281,84.40455279066903,84.00300559383498,84.07386474372959,1783200
2016-01-11,84.0975341796875,84.28650403855868,84.01092449613468,84.07391444909175,4816100
2016-01-12,84.4754638671875,84.66442771000662,84.01092049506902,84.06603519951844,8962500
2016-01-13,84.80610656738281,84.92421115838722,84.34943868592526,84.42030384334753,2664100
2016-01-14,84.6329345703125,84.87701912992632,84.43609547771717,84.71954425161863,2597300
2016-01-15,85.02659606933594,85.18407091673974,84.94786164915963,85.16832042847376,4334300
2016-01-19,84.91634368896484,85.10530744763713,84.81398957115267,84.892723970012,4896500
2016-01-20,85.33369445800781,85.64863825628338,85.27071050399535,85.32582521816457,4949100
2016-01-21,85.12110900878906,85.5305317327625,85.06599429581085,85.44392203993199,2385700
2016-01-22,84.93205261230469,85.00291173448899,84.73521370795275,84.83756777567896,1735600
2016-01-25,85.21556854248047,85.22343777980755,85.03447396408397,85.12108363109299,1190900
2016-01-26,85.27854919433594,85.37303410208709,85.1368248362348,85.21556526288633,1288000
2016-01-27,85.34150695800781,85.36512667427787,84.91633404399995,85.21553313555117,1802300
2016-01-28,85.4518051147461,85.49904458532546,85.1762315246102,85.21560175479551,2222900
2016-01-29,85.90846252441406,85.9635772354936,85.64863345487358,85.75099363763054,3805500
2016-02-01,85.71050262451172,85.90762890103159,85.60011239092591,85.79723866744578,6813000
2016-02-02,86.31768035888672,86.38076222975637,86.11266728646955,86.12055402428282,4141600
2016-02-03,86.22308349609375,86.79080847310567,86.19942929135493,86.23885697646637,12145000
2016-02-04,86.42803192138672,86.4595728426971,86.17571056671929,86.32552843898969,2431100
2016-02-05,86.53846740722656,86.59366254443897,86.19152310713787,86.26249172116454,1440200
2016-02-08,87.18498992919922,87.24807176743809,86.79862419766278,86.84593256843432,2824800
2016-02-09,87.20083618164062,87.46104448765702,87.12198682049583,87.46104448765702,2679600
2016-02-10,87.46100616455078,87.49254709835242,86.98001745175729,87.18503051355894,2027200
2016-02-11,87.8631362915039,88.32047075970559,87.76063277931418,88.10757098293494,3743000
2016-02-12,87.19295501708984,87.59508856164746,87.03525027977456,87.47681752843675,3258700
2016-02-16,86.93269348144531,87.05097045805284,86.82230324082947,87.03519698606948,2816800
2016-02-17,86.71978759765625,86.76709597535053,86.47534694266494,86.75132250557505,4856500
2016-02-18,87.12195587158203,87.16138354605859,86.64096711889681,86.64096711889681,3125700
2016-02-19,87.12195587158203,87.2323461411342,86.96425720531279,87.04310653844742,1340000
2016-02-22,87.03524017333984,87.10620880084608,86.97216430155864,87.03524017333984,1012200
2016-02-23,87.20869445800781,87.28754379341656,86.76713336706386,86.8065550268589,2257800
2016-02-24,87.20869445800781,87.8316144346287,87.12195838431258,87.53986527621578,2947700
2016-02-25,87.4688720703125,87.65023089252489,87.28751324810011,87.46098533478589,1983600
2016-02-26,87.04310607910156,87.12984214983747,86.91694834991564,87.01156514285046,2957900
2016-02-29,87.18498992919922,87.23229829997076,87.00363114821629,87.05094553480303,3861600
2016-03-01,86.50358581542969,87.28531436659384,86.46410208052991,87.28531436659384,5901200
2016-03-02,86.35352325439453,86.38510902588236,86.1956004213253,86.28245376245442,3011200
2016-03-03,86.4561767578125,86.55883202630379,86.26666814390812,86.33773161498344,2093000
2016-03-04,86.16404724121094,86.41672748431944,86.01401627598732,86.28248639862727,1781200
2016-03-07,85.9903335571289,86.053505127755,85.91926403408142,86.0298112704908,2349400
2016-03-08,86.48778533935547,86.66150412473506,86.43251172804122,86.49568329079231,1747600
2016-03-09,86.14824676513672,86.32196555262378,86.05349544423242,86.21931628018683,1537800
2016-03-10,85.84032440185547,86.25882562097588,85.70608929843459,86.15617631089653,2798700
2016-03-11,85.59549713134766,85.85607527143779,85.52442762751811,85.85607527143779,1785000
2016-03-14,85.65867614746094,85.8244969716816,85.61919241696349,85.7060518045607,2661800
2016-03-15,85.64289855957031,85.91137473074726,85.61921072595497,85.8403052055285,2960800
2016-03-16,86.09293365478516,87.61691228532298,85.43754253881359,85.52440189270713,2052300
2016-03-17,86.1877670288086,86.28251838987292,86.12459543851608,86.1877670288086,2745500
2016-03-18,86.33771514892578,86.44037039783899,86.23506592438164,86.30613540627303,2434600
2016-03-21,86.09293365478516,86.21137877594626,86.06134788751758,86.14820724141113,1725000
2016-03-22,85.9113540649414,86.30616726188623,85.88766021265283,86.29037136036051,1437700
2016-03-23,86.30620574951172,86.38516721923872,86.00614373042555,86.00614373042555,1405400
2016-03-24,86.21932220458984,86.52727606743306,86.0771891890951,86.44831461979649,1548200
2016-03-28,86.34566497802734,86.47990005024917,86.25091364439909,86.31407919202704,1291400
2016-03-29,86.92998504638672,86.92998504638672,86.48779610085205,86.54306971904388,2981000
2016-03-30,86.81155395507812,86.8747195071911,86.55097572035281,86.73258647228394,2808800
2016-03-31,87.12743377685547,87.20640129045458,86.79579190749085,86.91423715351405,3759100
2016-04-01,87.10205841064453,87.23649812848758,86.92017080028207,87.13369235017649,5489100
2016-04-04,87.20490264892578,87.26026055913194,87.07837286855157,87.18908868896389,3035600
2016-04-05,87.55286407470703,87.59240802222827,87.42633430304579,87.529140119618,1951500
2016-04-06,87.36306762695312,87.51332738937222,87.25235181261043,87.44214948954657,1646000
2016-04-07,87.8138656616211,87.85340358729569,87.57661397332924,87.60824793400556,2069600
2016-04-08,87.67939758300781,87.69521154146646,87.52913782663458,87.63194364051363,1309500
2016-04-11,87.66357421875,87.71893212156445,87.44214260749217,87.46586656104711,879600
2016-04-12,87.31559753417969,87.5133051572167,87.25232964675396,87.41840332607812,1363200
2016-04-13,87.37883758544922,87.43419546474449,87.16531606061216,87.1890400040878,1466400
2016-04-14,87.17327880859375,87.32353255272231,87.10210090153497,87.20490672999767,1403900
2016-04-15,87.4342269897461,87.51331487458899,87.23651934475585,87.2681532919813,1657800
2016-04-18,87.34725952148438,87.37098951369528,87.21281973342353,87.37098951369528,1297800
2016-04-19,87.20490264892578,87.29980450937622,87.09418682851346,87.22863263920816,1219600
2016-04-20,86.76203155517578,87.34724455802797,86.73830760058921,87.21280479299799,1939800
2016-04-21,86.61967468261719,86.72248652213031,86.51686887666271,86.57222677733952,1636600
2016-04-22,86.5247573852539,86.66710106573848,86.46939346476702,86.61965317224362,952100
2016-04-25,86.42987823486328,86.59595193921281,86.42196823935366,86.48523613631312,1416300
2016-04-26,86.24797821044922,86.3982379463119,86.20053030799082,86.39032795138273,1127100
2016-04-27,86.72247314453125,86.80155498564793,86.35078185436939,86.47731159344453,1734000
2016-04-28,87.02301788330078,87.04674184082086,86.69877437436668,86.73831832594007,2807300
2016-04-29,86.9913330078125,87.07041483110832,86.76990148916163,86.84898331245746,2858500
2016-05-02,86.73871612548828,86.95255674509663,86.73080057839343,86.84960025124225,2226800
2016-05-03,87.25348663330078,87.3326843792397,87.18221047467595,87.22972791375916,2330900
2016-05-04,87.41187286376953,87.42770999322433,87.11883460845903,87.26931452907789,1176900
2016-05-05,87.6495132446289,87.6495132446289,87.22975960051387,87.3802396021411,1257500
2016-05-06,87.44358825683594,87.62574250946422,87.34854731476766,87.58614060633525,1675600
2016-05-09,87.60987091064453,87.61778645423495,87.4831497044017,87.55443189351321,1459900
2016-05-10,87.59405517578125,87.63365707573656,87.49902028373099,87.57029645276869,1506900
2016-05-11,87.72870635986328,87.82374730990678,87.50695018549769,87.55447368172072,1606800
2016-05-12,87.49108123779297,87.59403769777126,87.4039619091958,87.46732251952108,1261500
2016-05-13,87.82378387451172,87.84754261131367,87.50698661820708,87.54658854114706,5007300
2016-05-16,87.50695037841797,87.60991291845939,87.47527006166696,87.60991291845939,1708100
2016-05-17,87.38813018798828,87.5702904559462,87.38021464246054,87.44357526108948,1158700
2016-05-18,86.6832504272461,87.21388799713715,86.58029396505256,87.19804482301475,2946500
2016-05-19,86.7703857421875,86.90502857742914,86.73078988438834,86.77830733070797,1345000
2016-05-20,86.8258285522461,86.91294790255448,86.70703493128183,86.7862326927253,1059400
2016-05-23,86.88127136230469,86.96047516958944,86.77831487219748,86.8971145407225,892300
2016-05-24,86.73871612548828,86.82583548275059,86.6120009055446,86.73080057839343,965200
2016-05-25,86.69910430908203,86.82581950570852,86.65950241128554,86.71494144275988,890300
2016-05-26,86.96843719482422,87.03971945099536,86.78628284248589,86.84172191177217,998200
2016-05-27,86.8021469116211,87.03182485345111,86.69919033455545,87.00014451226001,1995300
2016-05-31,86.90501403808594,86.99212732763054,86.58821701668528,86.58821701668528,1734700
2016-06-01,86.87566375732422,87.16913800693247,86.83600900017052,87.129477198389,2786400
2016-06-02,87.14539337158203,87.20884222929435,87.01055017688451,87.01055017688451,5038500
2016-06-03,87.95445251464844,87.97031927307516,87.79582123875284,87.81961532499766,1971300
2016-06-06,87.72438049316406,87.89094504871247,87.70058642114168,87.77197468860051,1715700
2016-06-07,87.85127258300781,87.95438222479905,87.8433392101345,87.89092734459346,2672900
2016-06-08,87.95445251464844,87.99411335931998,87.87513687670064,87.91479166997689,1284200
2016-06-09,88.08924102783203,88.23994489263342,88.08131370439445,88.20821744470723,1328400
2016-06-10,88.39857482910156,88.50169054624946,88.25580434115143,88.35098668358214,1878900
2016-06-13,88.57306671142578,88.63652160204308,88.42236891044902,88.55720601446718,1026200
2016-06-14,88.54927062988281,88.80308413519798,88.5254765592894,88.80308413519798,1390600
2016-06-15,88.81892395019531,88.91410020370817,88.54924377866676,88.54924377866676,2377600
2016-06-16,88.91411590576172,89.25517832765586,88.82686695704062,89.05688636263346,3088700
2016-06-17,88.61270904541016,88.83479506484986,88.54925416803019,88.83479506484986,3140900
2016-06-20,88.23198699951172,88.28750850510599,88.16853817268273,88.224059678277,1956500
2016-06-21,88.03370666503906,88.32718097700221,88.0178459690856,88.21613795115476,1494500
2016-06-22,88.208251953125,88.22411870899137,88.00995986455541,88.03375394696067,1378700
2016-06-23,87.787841796875,88.02579463725878,87.76404772311504,87.8433633194456,1715000
2016-06-24,89.00137329101562,89.21553202231883,88.90619096028185,89.20759864857658,4390000
2016-06-27,89.77069854736328,89.81828666126657,89.54861261396415,89.59620072786744,4493700
2016-06-28,89.75489044189453,89.81041195777107,89.58831984287357,89.74695706780035,1799700
2016-06-29,89.39002990722656,89.75489250725838,89.38210258434134,89.68350424155075,2670900
2016-06-30,89.58837127685547,89.78666338331278,89.40594592769585,89.53284972910322,5690800
2016-07-01,89.8250503540039,90.00773727404254,89.65031398423862,89.99185435310775,5292300
2016-07-05,90.3174819946289,90.47634146156223,90.12685669417796,90.15862858756462,2926300
2016-07-06,90.33335876464844,90.42072388481995,90.19038829366235,90.40484097020737,1921600
2016-07-07,90.21419525146484,90.36510411562462,90.00768104909157,90.16653439869141,1323000
2016-07-08,90.38895416259766,90.4127815634244,90.08712425914432,90.22215023707452,2097900
2016-07-11,89.9123306274414,90.21416035875404,89.9123306274414,90.13473371467448,2728800
2016-07-12,89.38018798828125,89.61847404048109,89.26104496218133,89.54698580087472,4116200
2016-07-13,89.61053466796875,89.76938800525312,89.5787627885386,89.64230654739889,3077200
2016-07-14,89.23725891113281,89.34845750437833,89.10223291360167,89.11811582983582,2761900
2016-07-15,88.89574432373047,89.03871485061474,88.80043467905469,88.98311553793033,2811600
2016-07-18,88.87188720703125,89.11811178663696,88.78451602203532,89.03868508933208,4173500
2016-07-19,89.11019134521484,89.18961805855157,89.0069311639943,89.08636393720082,4171900
2016-07-20,88.92748260498047,88.98308189664479,88.84011142381249,88.98308189664479,2213700
2016-07-21,89.12606048583984,89.15783237823683,88.68921060008606,88.70509351635012,1944700
2016-07-22,89.05458068847656,89.21343409490163,88.89572122218247,88.9274931154413,1140000
2016-07-25,88.98306274414062,89.14192215746638,88.96717983274155,89.03071753820485,889100
2016-07-26,89.03868103027344,89.11810772395745,88.87188315557653,89.11810772395745,1694100
2016-07-27,89.41992950439453,89.41992950439453,89.046617412205,89.14987149860876,1962700
2016-07-28,89.46756744384766,89.5469941153337,89.24517033974006,89.2769422203078,1220200
2016-07-29,89.80912017822266,89.8329475770229,89.56289564413011,89.63437784053087,2386800
2016-08-01,89.4973373413086,89.6961849684224,89.46552706111662,89.52915368984857,2479100
2016-08-02,89.28260040283203,89.46554292228336,89.0996578833807,89.0996578833807,2920500
2016-08-03,89.33031463623047,89.36213098782402,89.09965063843866,89.338270241216,1148600
2016-08-04,89.54505157470703,89.72003843146622,89.51323523090107,89.52119083393934,1065000
2016-08-05,88.9883041381836,89.37009432197671,88.98035460085913,89.29055647028831,2368100
2016-08-08,88.9405517578125,89.07576666556673,88.79738124714714,88.88487467412858,1304000
2016-08-09,89.25873565673828,89.29055200949398,88.99625529776537,89.04397679272452,1817000
2016-08-10,89.4973373413086,89.56097003838853,89.2905401783208,89.30644531841678,1262500
2016-08-11,89.0677719116211,89.48137202781166,88.98027852905972,89.42569497239478,1823600
2016-08-12,89.38594055175781,89.64046515041603,89.36207981881253,89.51320588525948,1377100
2016-08-15,89.12348175048828,89.30641811343108,89.10757054689125,89.25074103753377,1031800
2016-08-16,88.97238159179688,89.12350772828829,88.90079329143592,89.0439638238099,1433500
2016-08-17,89.11553192138672,89.23484168270845,88.8848680010571,88.99622216006497,1733900
2016-08-18,89.27459716796875,89.3382298423811,89.0439332744834,89.17915422469608,1245600
2016-08-19,88.97238159179688,89.11555212417086,88.86102740754464,89.02805868392298,1396700
2016-08-22,89.17121887207031,89.24280109577953,89.07576983877749,89.17121887207031,1084600
2016-08-23,89.16329956054688,89.32238134745181,89.08376170126925,89.23488788174151,939900
2016-08-24,89.1314468383789,89.25871221597978,89.05986461473881,89.23485147476642,1345600
2016-08-25,88.9883041381836,89.14738590990952,88.97239899518556,89.05193684687397,1037700
2016-08-26,88.64622497558594,89.3382165531066,88.58259837898403,89.12346389434222,1988300
2016-08-29,89.01214599609375,89.06782308349862,88.79738718156966,88.80534278501247,1497400
2016-08-30,89.00421905517578,89.08375691017571,88.95649148749634,89.05194055450586,2498400
2016-08-31,88.90081787109375,89.12353236952313,88.90081787109375,89.01217815448324,2008100
2016-09-01,89.04021453857422,89.06410842642298,88.62603355993835,88.67382741241306,1775900
2016-09-02,88.80919647216797,88.94459916979822,88.6578604708313,88.87291753344392,1550100
2016-09-06,89.22335052490234,89.28707157140059,88.7454548297124,88.78528200296718,1284000
2016-09-07,89.27115631103516,89.41452564648183,89.22336248137007,89.35080459144459,836800
2016-09-08,88.83309936523438,89.18355916103994,88.72955718773522,89.10391086475018,1287300
2016-09-09,88.41096496582031,88.53044045815635,88.37113777611631,88.51450715156436,1700700
2016-09-12,88.4906005859375,88.56228830177518,88.28351016735374,88.31537069919548,1446600
2016-09-13,88.16404724121094,88.56229480330617,87.96492346016332,88.55432815056712,1993700
2016-09-14,88.36317443847656,88.48264385030352,88.17997787904893,88.17997787904893,1062100
2016-09-15,88.38705444335938,88.45077550417956,88.14810350367114,88.31536673074298,994100
2016-09-16,88.48261260986328,88.54633365819026,88.37110381367786,88.49057926009756,833600
2016-09-19,88.33128356933594,88.4746528910698,88.33128356933594,88.40296519181602,490400
2016-09-20,88.46668243408203,88.5861578765149,88.40296138788139,88.43482191098171,1177800
2016-09-21,88.6100845336914,88.64991172149547,88.2755580325297,88.37113356041837,1108300
2016-09-22,88.87294006347656,88.97648225671765,88.73753733152058,88.76143121636265,1012300
2016-09-23,88.91272735595703,88.96848175830443,88.80918520210446,88.83307907785705,952500
2016-09-26,89.16764068603516,89.24729507234849,89.01631072094813,89.03223795214488,764000
2016-09-27,89.31895446777344,89.42249663668883,89.23133952608542,89.42249663668883,1583700
2016-09-28,89.27912902832031,89.44639833973721,89.24727457324339,89.35878339633791,594800
2016-09-29,89.33489227294922,89.47029497991666,89.06408078223905,89.11983519550654,1123900
2016-09-30,89.11186218261719,89.3667403503299,88.98442613714825,89.34284647160291,1774600
2016-10-03,88.90449523925781,89.11186366510839,88.8885405453824,89.08793162429527,3112000
2016-10-04,88.49774932861328,88.87260558814032,88.48977198045019,88.79285036131054,3949600
2016-10-05,88.2983627319336,88.48977650309479,88.20265280388597,88.45787927867966,1490600
2016-10-06,88.11489868164062,88.34618695326924,88.09894398950145,88.20262514867746,1577400
2016-10-07,88.2425308227539,88.30633743954408,88.03516236065279,88.19467890262823,1601100
2016-10-10,88.01121520996094,88.05109585708612,87.87563074562718,88.05109585708612,1067000
2016-10-11,87.98733520507812,88.1388744413729,87.89162525295474,87.99531255565564,1942600
2016-10-12,87.98733520507812,87.98733520507812,87.81187000198639,87.91555730468728,1037800
2016-10-13,88.17073822021484,88.28239673848645,88.13883491714682,88.13883491714682,1188400
2016-10-14,87.89956665039062,88.18669030438434,87.87564069338,87.94741856441188,2105300
2016-10-17,88.09097290039062,88.17073419688751,87.98729173385031,87.98729173385031,1490800
2016-10-18,88.26648712158203,88.26648712158203,87.97139206613237,87.97936333227058,1484400
2016-10-19,88.30633544921875,88.37014206457079,88.13884764761995,88.13884764761995,1264200
2016-10-20,88.22657775878906,88.43394012549201,88.19467445200394,88.43394012549201,979900
2016-10-21,88.32225036621094,88.35415366171605,88.20261452929961,88.35415366171605,571100
2016-10-24,88.20263671875,88.3781018457048,88.09895554597351,88.3781018457048,900800
2016-10-25,88.18663787841797,88.32222227749685,88.074979422126,88.09092802234079,735100
2016-10-26,87.99525451660156,88.09893566598186,87.96335122026956,88.05906110926556,1136600
2016-10-27,87.69223022460938,87.73211089080661,87.50879376394694,87.69223022460938,3668500
2016-10-28,87.70814514160156,87.7799230062765,87.57256067392716,87.61243523710239,1313200
2016-10-31,87.77989959716797,87.84370618315151,87.70014440715403,87.81180289015974,4413900
2016-11-01,87.78312683105469,87.9508492917266,87.47962382211202,87.52754278417284,2004000
2016-11-02,88.0467300415039,88.19848161978673,87.87900749925227,87.94290354205157,1455900
2016-11-03,87.99079895019531,88.03872401618423,87.86301299229912,87.91892049140253,686600
2016-11-04,88.26234436035156,88.30227480193847,88.07864482998069,88.09462188138323,1699800
2016-11-07,87.89497375488281,87.99081171384178,87.86302573740939,87.93490420662863,2617900
2016-11-08,87.58344268798828,87.94284703423997,87.54350616353449,87.91089903336857,1182200
2016-11-09,86.2496566772461,87.18411913130133,86.18576675627338,87.18411913130133,6381300
2016-11-10,85.73052215576172,86.2816146805304,85.71455119703307,85.99408867573457,5445300
2016-11-11,85.55479431152344,85.97010615524582,85.52284630916658,85.89822772003667,2482900
2016-11-14,85.05963897705078,85.3791130181919,84.88392794975013,85.05963897705078,3753800
2016-11-15,85.05963897705078,85.21139051762142,84.99574295013045,85.05165045032061,1391700
2016-11-16,85.13947296142578,85.19538043994457,84.87590652264086,84.87590652264086,2765700
2016-11-17,84.7640609741211,85.04360435928552,84.70017108848482,84.9956793282384,2499200
2016-11-18,84.38873291015625,84.82800430132569,84.30885984498057,84.74014880439994,4093700
2016-11-21,84.46060180664062,84.57241677309234,84.36475779534258,84.45261328233445,1364300
2016-11-22,84.54048156738281,84.72418109348186,84.46061459260655,84.57242957598524,1744700
2016-11-23,84.23699188232422,84.33282982292774,83.86161036573351,84.0612808666043,4607100
2016-11-25,84.16508483886719,84.30884780480947,84.0532698757408,84.26891737138347,948200
2016-11-28,84.54846954345703,84.58041755185184,84.35678758654772,84.44464308626856,2474800
2016-11-29,84.63636016845703,84.66031966133178,84.34883406703592,84.40474158156435,1745000
2016-11-30,84.06922912597656,84.28487048250834,83.99734461149451,84.09318859965151,3362500
2016-12-01,83.74851989746094,83.82850007388028,83.42859308968721,83.67653956931241,3467600
2016-12-02,84.1244125366211,84.23638597620551,83.92445909420681,83.92445909420681,1660400
2016-12-05,84.09249114990234,84.30044461639312,83.74857069082529,83.84455062199795,2281600
2016-12-06,84.1244125366211,84.20439269316785,84.04443238007434,84.11641269033798,989400
2016-12-07,84.40435791015625,84.44435104505615,84.26839101484964,84.27639086224875,1237600
2016-12-08,84.08444213867188,84.18842186217783,84.00446196050329,84.13243512725019,1357500
2016-12-09,83.65253448486328,84.14042146143768,83.61254745034978,84.04444769692856,3261000
2016-12-12,83.66852569580078,83.756505705743,83.476572084152,83.59653927762294,1538200
2016-12-13,83.71656799316406,83.86853467495553,83.56460741347193,83.81254791357435,1993500
2016-12-14,83.02070617675781,84.06046084745215,83.00470647755326,83.99647425482863,3941000
2016-12-15,82.78873443603516,83.03667478020074,82.7247478626713,83.00468149351882,1999200
2016-12-16,82.89275360107422,83.14869393310525,82.74878678292558,82.93274675693172,1811800
2016-12-19,83.2766342163086,83.31662125425336,83.08467446662654,83.18065434146757,1691800
2016-12-20,83.10071563720703,83.14870254752853,82.92475549656223,82.98074225930381,969400
2016-12-21,83.2366714477539,83.28465835163571,83.13269778864377,83.18068469252557,1870500
2016-12-22,83.20061492919922,83.272709581711,83.08045106322483,83.14453927331625,1872100
2016-12-23,83.28073120117188,83.37686352677318,83.26471220279937,83.2887437562525,830400
2016-12-27,83.16053771972656,83.16053771972656,83.07241798057359,83.08043053280203,1148800
2016-12-28,83.4649429321289,83.55306266003328,83.14450811354808,83.2005837484158,1369800
2016-12-29,83.72129821777344,83.84146205113419,83.60113438441269,83.60113438441269,1328600
2016-12-30,83.96966552734375,84.08181685301669,83.73735032079584,83.76138187461306,2439500
2017-01-03,83.92959594726562,84.02572825952966,83.54507892178538,83.59314202202343,3230500
2017-01-04,84.02571868896484,84.06577534245936,83.80942865074121,83.89754839899938,1523000
2017-01-05,84.5704574584961,84.65857720809387,84.13787126368537,84.19394691235783,3344400
2017-01-06,84.18592071533203,84.4182358255492,84.1458701795068,84.25802145867559,1601400
2017-01-09,84.50637817382812,84.53842227813476,84.40223941867255,84.49035917756879,1275000
2017-01-10,84.46635437011719,84.59452471613568,84.4262976991046,84.46635437011719,1352700
2017-01-11,84.56243896484375,84.8588422937402,84.36216793196999,84.51437587272585,1833700
2017-01-12,84.61052703857422,84.93896842760694,84.5864893753675,84.77074145588946,1544700
2017-01-13,84.42627716064453,84.56246003009417,84.15391142174524,84.41025816321039,1833200
2017-01-17,84.85083770751953,84.93895745920024,84.69863586426078,84.89089436256984,1656800
2017-01-18,84.2500228881836,84.66659009004292,84.21797878713386,84.59448933473415,3640400
2017-01-19,83.92959594726562,84.02572825952966,83.76136898464453,83.9776651592916,1840000
2017-01-20,83.96966552734375,84.04977274399744,83.69729976836344,83.82547009265156,1306400
2017-01-23,84.41024017333984,84.57045456068933,83.98566043446817,84.12184938668106,1720200
2017-01-24,84.08979797363281,84.33813208596324,83.97764668988445,84.22598080221488,1344000
2017-01-25,83.67322540283203,83.85747742093069,83.56107412634978,83.75333869613608,1816000
2017-01-26,83.78536224365234,83.80939989457373,83.45692102248147,83.64117300883474,2212900
2017-01-27,83.8895492553711,83.9536374664917,83.82546104425049,83.83347359858762,2285200
2017-01-30,83.86550903320312,84.07378653012873,83.86550903320312,83.90555957717147,1909300
2017-01-31,84.15386199951172,84.29004478898337,83.945578484459,83.945578484459,1411700
2017-02-01,83.99263763427734,84.12100222005775,83.75194561949232,83.8883349047128,2055100
2017-02-02,84.02473449707031,84.32158105956815,84.01670979723045,84.26542040279404,1423500
2017-02-03,84.08893585205078,84.41788130043653,83.9365032413111,84.24137458384457,1711100
2017-02-06,84.49008178710938,84.57031656121563,84.24137112633078,84.4339211178673,1500500
2017-02-07,84.64250183105469,84.79494052294694,84.38576652531918,84.44192718216593,1540600
2017-02-08,84.98748016357422,85.04364081360906,84.64249156448827,84.64249156448827,3182200
2017-02-09,84.48200988769531,84.98745559187367,84.46596049458172,84.98745559187367,1530200
2017-02-10,84.42583465576172,84.49001385396883,84.2974640172496,84.2974640172496,1646400
2017-02-13,84.29747772216797,84.30550241864185,84.14503909441389,84.24131708895067,1045200
2017-02-14,83.99263763427734,84.32157685869453,83.80810627346852,84.25739150527822,2318100
2017-02-15,83.8321533203125,83.88831396026704,83.6957640691444,83.70378876658096,2750900
2017-02-16,84.16912841796875,84.24935703407868,83.92041175066159,83.92041175066159,2459800
2017-02-17,84.3937759399414,84.49807253489466,84.33761529326635,84.40179451728683,2237700
2017-02-21,84.3536605834961,84.4659818795286,84.17715394085889,84.19320333803584,2832700
2017-02-22,84.49008178710938,84.57833514178317,84.20927844089904,84.5301991741625,2812800
2017-02-23,84.71467590332031,84.71467590332031,84.5863113562293,84.64247199327856,1842700
2017-02-24,85.10784149169922,85.1720268521717,84.89924213069008,84.99552017139881,2677000
2017-02-27,84.80297088623047,85.0436629467653,84.75483492254484,85.0356382457999,3292600
2017-02-28,84.76284790039062,84.97144724926693,84.74679850067955,84.84307653578843,2482500
2017-03-01,84.17233276367188,84.19643994605559,84.07592855199348,84.12413065783268,2249000
2017-03-02,83.93134307861328,84.03578305131751,83.81886737586531,84.00364626060865,2023300
2017-03-03,84.01165008544922,84.01968581244122,83.76259771387109,83.95541225543275,2509000
2017-03-06,83.99562072753906,84.03578712077064,83.89921035074379,84.02775139033777,1401700
2017-03-07,83.87506103515625,83.93933458270953,83.83488853556973,83.89916208312302,1596300
2017-03-08,83.59386444091797,83.6742033034341,83.47335308241263,83.48941840313093,2392800
2017-03-09,83.36088562011719,83.53763481265518,83.31267739431225,83.50549803860619,2322900
2017-03-10,83.53763580322266,83.56173685167946,83.35285088261556,83.53763580322266,1333000
2017-03-13,83.32874298095703,83.48942071042974,83.30464193448238,83.40104612038101,1342600
2017-03-14,83.4171371459961,83.50551175678315,83.35286358733933,83.36892891227156,864600
2017-03-15,84.14826202392578,84.14826202392578,83.48947311245995,83.54571096601923,3701900
2017-03-16,83.91522979736328,84.05181262217314,83.89112874870949,83.94736657205601,2749900
2017-03-17,84.1402359008789,84.21253908867243,84.00365299704684,84.01972445842311,1186700
2017-03-20,84.34104919433594,84.36515024634149,84.15626424652028,84.15626424652028,1362700
2017-03-21,84.62228393554688,84.65442073202074,84.28485676677205,84.28485676677205,1407000
2017-03-22,84.78289794921875,84.94358181059748,84.71862440466725,84.78289794921875,2231300
2017-03-23,84.69452667236328,84.87127586206572,84.54991425619427,84.83110336278322,2584700
2017-03-24,84.74275970458984,84.84719965204962,84.63831362766545,84.67045041060645,2540000
2017-03-27,84.95164489746094,85.12839414992695,84.89540705617311,85.09625736498177,2614000
2017-03-28,84.66238403320312,85.04801915942363,84.65435443747319,85.04801915942363,1356800
2017-03-29,84.90342712402344,84.93556390304087,84.80701678697113,84.80701678697113,1860400
2017-03-30,84.66238403320312,84.87126998196683,84.64631871228086,84.8632342567745,1487800
2017-03-31,84.8310775756836,84.86321433944802,84.71860196723854,84.78287549476741,1698500
2017-04-03,85.24871063232422,85.2889437216382,84.91077478143396,84.93491217953932,4175500
2017-04-04,85.12805938720703,85.30506909387557,85.12805938720703,85.22460902016985,1319600
2017-04-05,85.28895568847656,85.36941573968626,84.98320503839629,85.02343199464694,2551100
2017-04-06,85.23261260986328,85.36939527800601,85.12801518223183,85.313072641788,1496300
2017-04-07,84.97516632080078,85.5464407260844,84.97516632080078,85.4418432621454,1185400
2017-04-10,85.12805938720703,85.22460902016985,85.04759317479117,85.0878262809991,1752500
2017-04-11,85.52228546142578,85.61079335039358,85.31308443852849,85.32918013036326,2219200
2017-04-12,85.78782653808594,85.8361013459715,85.52230281729727,85.58667332028405,2273600
2017-04-13,86.04530334472656,86.1016260007737,85.77977962105756,85.93265803263228,1868200
2017-04-17,85.90851593017578,86.12576484907825,85.83610371634776,86.05334649654102,1110500
2017-04-18,86.3993148803711,86.47173321999537,86.09356424532263,86.1418390459334,1678400
2017-04-19,86.17401885986328,86.23034150326113,86.08551097185129,86.19011455152423,1750000
2017-04-20,85.98094940185547,86.10164258483442,85.86830406806453,86.03727206875094,1694700
2017-04-21,86.02117919921875,86.19014719340372,85.99703565258372,86.06140616619038,2792500
2017-04-24,85.84416961669922,85.84416961669922,85.5866936822051,85.63496850157571,3558000
2017-04-25,85.40158081054688,85.66710444164268,85.36134772509347,85.57054871977866,1985700
2017-04-26,85.6269302368164,85.6269302368164,85.38554997423375,85.40163953625479,1314400
2017-04-27,85.68319702148438,85.78780059187818,85.55446219315525,85.5946891413237,1988200
2017-04-28,85.77172088623047,85.81195398060403,85.50619719626494,85.5464302906385,5489800
2017-05-01,85.58641815185547,85.8120474976184,85.4574897319646,85.67505913025356,2044400
2017-05-02,85.76363372802734,85.81198107957348,85.52994461566463,85.54606449813589,1585300
2017-05-03,85.58641815185547,85.8120474976184,85.53807076288871,85.77981385566105,1861300
2017-05-04,85.39299774169922,85.40911148404649,85.27212315631583,85.29629684380515,1237100
2017-05-05,85.40909576416016,85.43326944720022,85.25599372226127,85.40104196843726,980000
2017-05-08,85.19962310791016,85.32855152229833,85.15126957306856,85.32855152229833,4887400
2017-05-09,85.10285186767578,85.14314542209377,84.9900372928253,85.0867319867353,1457900
2017-05-10,85.0706558227539,85.30434501612727,85.01424851041799,85.28822512806791,995500
2017-05-11,85.13514709472656,85.17543453036771,84.94175141901107,84.94175141901107,1088800
2017-05-12,85.57028198242188,85.64280304686893,85.46552113652685,85.46552113652685,2005600
2017-05-15,85.51386260986328,85.55415003512189,85.45745529615236,85.52997635037951,672200
2017-05-16,85.62670135498047,85.74757596067413,85.50582674928681,85.50582674928681,1314500
2017-05-17,86.31159210205078,86.35993945313801,86.00538196527536,86.06178925752171,5644700
2017-05-18,86.28743743896484,86.424425729185,86.19879651048471,86.3841321624449,1715200
2017-05-19,86.26327514648438,86.27938888654667,86.06181958205815,86.19880789036337,3503100
2017-05-22,86.16658020019531,86.23104746075889,86.126286625359,86.16658020019531,1425800
2017-05-23,85.94096374511719,86.26329394803996,85.90067016427537,86.26329394803996,2984700
2017-05-24,86.11820983886719,86.16655719741502,85.8603470133876,85.94092799361222,1776300
2017-05-25,86.16658020019531,86.20687377503162,86.06182551273177,86.16658020019531,1361000
2017-05-26,86.22296905517578,86.2874363019364,86.17462169407284,86.24714273572725,1016600
2017-05-30,86.44055938720703,86.44055938720703,86.30357106541814,86.36803832788462,2335200
2017-05-31,86.48087310791016,86.54534038539352,86.35194470088139,86.40029208502493,1752300
2017-06-01,86.43563079833984,86.4517753542078,86.2742221837241,86.30650513811604,1769300
2017-06-02,86.81497955322266,86.9118284518041,86.68585384579362,86.75848590172004,1803200
2017-06-05,86.669677734375,86.7503820418083,86.65353933582593,86.67775001232151,1414900
2017-06-06,86.94408416748047,87.02478847899708,86.88759053368442,86.98443324456663,2078900
2017-06-07,86.78271484375,86.92798514350997,86.70201048996057,86.85535307230374,1795800
2017-06-08,86.64549255371094,86.70198620127216,86.49215001432513,86.70198620127216,3863000
2017-06-09,86.56478118896484,86.6293409542565,86.44372162335691,86.47600458467538,1203400
2017-06-12,86.54862976074219,86.71811067620442,86.45178704181794,86.45178704181794,766700
2017-06-13,86.5809326171875,86.613215583363,86.46794531424639,86.46794531424639,682300
2017-06-14,87.03284454345703,87.29917428229761,86.92792956634267,87.09741044814751,3712100
2017-06-15,86.8795166015625,86.9360102342832,86.81495069064052,86.9117995570235,2000400
2017-06-16,86.92797088623047,87.02481978930184,86.89568791854,86.89568791854,3460300
2017-06-19,86.68586730957031,86.86341441519303,86.68586730957031,86.83113144398513,1105900
2017-06-20,86.90373229980469,86.96829821445705,86.75846207050913,86.75846207050913,1252000
2017-06-21,86.89566802978516,86.95216167097652,86.79075302681407,86.80689142829229,1159800
2017-06-22,86.9763412475586,87.04897942159653,86.87142628210698,87.02476874936485,1160100
2017-06-23,87.0006103515625,87.03288716236972,86.89568916572598,86.93604441525488,1581000
2017-06-26,87.0732192993164,87.17006817807041,87.065147020084,87.08129157854881,3625000
2017-06-27,86.64549255371094,86.79883509309674,86.56478822253001,86.77461825213126,1755200
2017-06-28,86.56478118896484,86.60513027260397,86.42757706402503,86.60513027260397,1530900
2017-06-29,86.2419662475586,86.33074286061273,86.0644130214503,86.11283438953588,1997200
2017-06-30,86.04022216796875,86.2258415599756,85.98372850639961,86.2258415599756,1909600
2017-07-03,85.72412109375,86.04742658150644,85.6837117618675,86.03934224851423,1255300
2017-07-05,85.78883361816406,85.88582717120202,85.659515047323,85.70800874057053,10477800
2017-07-06,85.62720489501953,85.6514517475989,85.45747076041961,85.62720489501953,1794300
2017-07-07,85.4897689819336,85.58676252838434,85.44935962915262,85.52210016408384,1799900
2017-07-10,85.60291290283203,85.68373775765797,85.53825055235482,85.54632872125862,1247700
2017-07-11,85.71607208251953,85.74031892320414,85.5463318646445,85.57058487187048,1112600
2017-07-12,85.96666717529297,86.08790759628788,85.93433598525806,86.03940772796354,2451700
2017-07-13,85.87776947021484,85.95859437287785,85.71611966488884,85.95859437287785,2095900
2017-07-14,85.99903106689453,86.27383703687165,85.98286238245687,86.23342765887013,1260400
2017-07-17,86.10407257080078,86.16873495272007,85.99900082509002,86.04749452825742,1289200
2017-07-18,86.41925048828125,86.45966599827975,86.3060944601347,86.3788411448238,1776100
2017-07-19,86.41925048828125,86.49199717297034,86.36267247420797,86.42733482358916,2466000
2017-07-20,86.4434814453125,86.61322162288684,86.41115644310206,86.56472178649136,2317200
2017-07-21,86.59707641601562,86.70214811801524,86.58091391053168,86.6051607520284,1664200
2017-07-24,86.54046630859375,86.6051286396365,86.475803977551,86.54855064160891,2342700
2017-07-25,86.0555419921875,86.24143855236724,86.03129515099376,86.24143855236724,2513600
2017-07-26,86.330322265625,86.4192314347864,86.00702292308138,86.05551659115498,3010400
2017-07-27,86.19293975830078,86.26568644410928,86.0959462327365,86.16060858311269,1853000
2017-07-28,86.33845520019531,86.36270204788099,86.16063676177619,86.18488360946186,1001600
2017-07-31,86.36272430419922,86.37080864435889,86.23340569436822,86.28998374239642,921800
2017-08-01,86.57716369628906,86.60954486422203,86.18860203324591,86.22907386110492,1958300
2017-08-02,86.49628448486328,86.6581904567172,86.48818764225025,86.5367625218471,516100
2017-08-03,86.79579162597656,86.82007597374043,86.60151066778536,86.67436371107695,1576200
2017-08-04,86.56099700927734,86.59337818499463,86.37480679292243,86.59337818499463,1266100
2017-08-07,86.60956573486328,86.61766257281671,86.47195037004363,86.52051904560874,554100
2017-08-08,86.53673553466797,86.58530422303694,86.39912013356962,86.57720738294898,1277800
2017-08-09,86.64196014404297,86.87671907192698,86.64196014404297,86.85243473043532,1268000
2017-08-10,86.96581268310547,86.9981938812533,86.79581602489088,86.81200353592378,1412000
2017-08-11,87.06294250488281,87.11960804865697,86.8767521890071,86.91723022430911,911000
2017-08-14,86.85244750976562,86.98196607547126,86.8200663243193,86.8929193595138,1386100
2017-08-15,86.5933609008789,86.66621389964294,86.48002989652828,86.50431422944962,1146300
2017-08-16,86.75528717041016,86.88481188713855,86.49624391303178,86.51243759066203,2160100
2017-08-17,87.06294250488281,87.09531752182714,86.75532425918219,86.78770545220756,1637300
2017-08-18,87.07908630371094,87.27336718826223,86.94956777270272,87.21670167293152,1235700
2017-08-21,87.13577270507812,87.1924382339913,87.0710103360118,87.10339152054496,718800
2017-08-22,86.96581268310547,87.05485943399151,86.91724397392474,87.05485943399151,984500
2017-08-23,87.26530456542969,87.26530456542969,87.0791142831878,87.15197349835374,1246100
2017-08-24,87.12770080566406,87.22484438707139,87.07913210300102,87.12770080566406,2520900
2017-08-25,87.27342987060547,87.32200475868967,87.07914884651582,87.1358144025454,1007500
2017-08-28,87.35435485839844,87.36244552346332,87.20054575704269,87.23292694554286,921700
2017-08-29,87.5567398071289,87.77530512725977,87.45959623369258,87.7591176197274,1590200
2017-08-30,87.48384857177734,87.53241725268337,87.41908621318369,87.41908621318369,1299900
2017-08-31,87.6214828491211,87.62957968971116,87.48386743948878,87.49196428007885,1023600
2017-09-01,87.36366271972656,87.55012586717805,87.3150150498962,87.52580512493101,3460000
2017-09-05,87.97171783447266,87.97982062608594,87.66363856372918,87.68796549458034,3054800
2017-09-06,87.76090240478516,88.00412216041062,87.66361326546792,87.94737170880938,1601500
2017-09-07,88.14196014404297,88.21492237305695,87.84198988120039,87.84198988120039,4292500
2017-09-08,88.07709503173828,88.10952474876747,87.96359411480412,88.10952474876747,1249100
2017-09-11,87.57447814941406,87.75283857057731,87.57447814941406,87.72040884078959,2206200
2017-09-12,87.36366271972656,87.43662494646767,87.28259151712433,87.43662494646767,3167800
2017-09-13,87.18531799316406,87.37989015135906,87.16910003853434,87.37989015135906,1590900
2017-09-14,87.20152282714844,87.21774078048833,87.07181012711388,87.0961308717868,1377700
2017-09-15,87.30694580078125,87.30694580078125,87.05561693522216,87.20965660908044,1477000
2017-09-18,86.9664306640625,87.0393990990895,86.88535943596224,86.95832787098924,3032500
2017-09-19,86.86913299560547,87.03127542442634,86.84481224981606,86.99074290988972,673300
2017-09-20,86.69888305664062,86.96641745018788,86.56105518594002,86.95020568116637,2397500
2017-09-21,86.58538055419922,86.8529149429162,86.58538055419922,86.73941400580303,2390000
2017-09-22,86.73941040039062,86.87723826287383,86.71508965563974,86.86102030948196,826600
2017-09-25,86.99883270263672,87.06369213860894,86.74751011991466,86.83669029804241,1927000
2017-09-26,86.92587280273438,86.9745142883473,86.84480159826735,86.91776382668674,1061000
2017-09-27,86.47998046875,86.60969935701915,86.4556597235338,86.49619842245217,4039100
2017-09-28,86.46376037597656,86.52861981386671,86.32593870946233,86.37458019521172,1873300
2017-09-29,86.35838317871094,86.5610643322508,86.30974168116951,86.55296153955251,2037800
2017-10-02,86.26009368896484,86.44684172658538,86.26009368896484,86.40624244179534,3221600
2017-10-03,86.3819351196289,86.41441332725775,86.26014338966695,86.2845004967424,2521700
2017-10-04,86.3575439453125,86.4630934325294,86.2763515555624,86.4630934325294,2198300
2017-10-05,86.26827239990234,86.4387783596484,86.21955818128498,86.39006414103103,1779900
2017-10-06,86.16272735595703,86.260155798274,85.94350097157263,86.04093560847521,2350600
2017-10-09,86.26009368896484,86.29257187788063,86.17890131396592,86.23573659592329,893100
2017-10-10,86.2926254272461,86.4956095879969,86.2682683190896,86.30886762907376,1123100
2017-10-11,86.39005279541016,86.42253100175145,86.29261817638626,86.41440990152002,2841200
2017-10-12,86.47123718261719,86.50371538594194,86.35756656827247,86.44688007876958,1349300
2017-10-13,86.76356506347656,86.81227928815339,86.62553729716818,86.73108684882999,1521700
2017-10-16,86.61739349365234,86.70670701187606,86.52807997542861,86.60927239347261,1666100
2017-10-17,86.58489990234375,86.61737810270722,86.47122929836327,86.48746530125335,673800
2017-10-18,86.36573028564453,86.39820850499594,86.28453163997254,86.31700985932395,1788500
2017-10-19,86.45499420166016,86.63361501365648,86.39815889907419,86.60114300753598,1518700
2017-10-20,86.09779357910156,86.23582137174878,86.06531535825741,86.17898603391832,2651400
2017-10-23,86.17892456054688,86.23575985783543,86.13832526480527,86.13832526480527,709800
2017-10-24,85.91912841796875,86.0327990432979,85.87041420556612,85.9678426303714,1605600
2017-10-25,85.78109741210938,85.85416872792415,85.63494858589557,85.63494858589557,1838800
2017-10-26,85.66741943359375,85.87851845754018,85.65929833433928,85.86228245361497,2062400
2017-10-27,85.94351959228516,85.95164069576632,85.69182113565196,85.75677757432729,1315000
2017-10-30,86.2519760131836,86.26009091421565,86.08958507382829,86.1382992583444,1692700
2017-10-31,86.1951904296875,86.26826174859163,86.17894822909692,86.26014064829633,1178000
2017-11-01,86.24722290039062,86.37733672113819,86.13337640932073,86.13337640932073,1321500
2017-11-02,86.3610610961914,86.48304124038353,86.29601039623441,86.34479997224412,1997900
2017-11-03,86.49931335449219,86.5237081438468,86.32040996033408,86.47491236096937,2532400
2017-11-06,86.60501098632812,86.65380055647991,86.52369296801946,86.58061620125224,858400
2017-11-07,86.63752746582031,86.70258435314672,86.5724705784939,86.6212601419056,734800
2017-11-08,86.53182983398438,86.7107269992183,86.5074288438382,86.6781985498574,947800
2017-11-09,86.49931335449219,86.57249772255602,86.38546686805851,86.41798911775254,925900
2017-11-10,86.06018829345703,86.2228243581461,86.02765983968558,86.19842956885955,1862000
2017-11-13,86.01954650878906,86.1659214832771,86.01141284238149,86.12526555957854,868300
2017-11-14,86.14148712158203,86.19841035194966,86.02764066084677,86.04390178202317,1629200
2017-11-15,86.45050811767578,86.48303656798079,86.27160474308195,86.4261133309889,1933100
2017-11-16,86.23098754882812,86.36109520429567,86.21472021428823,86.31230560901662,1749200
2017-11-17,86.34478759765625,86.4261056140742,86.27973070285509,86.38544970794871,941200
2017-11-20,86.20655822753906,86.32040470704426,86.15776244763126,86.23908667942166,1153400
2017-11-21,86.22282409667969,86.38546636504374,86.15776718933408,86.34480424691068,835600
2017-11-22,86.49931335449219,86.53996926869381,86.27974784196425,86.31227629582648,1657900
2017-11-24,86.4261703491211,86.47495995468294,86.393641877356,86.41803668013692,614400
2017-11-27,86.4830322265625,86.53995546069687,86.35292463604132,86.46677110431006,1927500
2017-11-28,86.49931335449219,86.64568829478807,86.42612278226014,86.61315984092585,1388000
2017-11-29,86.22282409667969,86.26348621481274,86.1008439464487,86.21469043221946,3193600
2017-11-30,85.95447540283203,86.20656938651244,85.8650236996178,86.16590726535374,3306400
2017-12-01,86.27207946777344,86.6059906375454,85.92187631104335,86.08475889918981,4341500
2017-12-04,86.23138427734375,86.23138427734375,86.03592386410895,86.0440698602863,2356200
2017-12-05,86.29653930664062,86.32097108145294,86.0766471197554,86.09293289843878,1586000
2017-12-06,86.4756851196289,86.58155817972194,86.4593993463732,86.4919708928846,1459000
2017-12-07,86.32097625732422,86.54901445401171,86.21510315559783,86.47571912517995,1953400
2017-12-08,86.25580596923828,86.34538705596619,86.1906504392786,86.30466950992138,2519500
2017-12-11,86.19879913330078,86.34539598408152,86.174367360433,86.30467843382652,702200
2017-12-12,86.12553405761719,86.13368005595824,86.00336893680604,86.11738805927614,2557500
2017-12-13,86.4756851196289,86.5082628797127,86.15805972577739,86.24764701261472,1477800
2017-12-14,86.44313049316406,86.51643202636241,86.21509232512308,86.32096541354952,982100
2017-12-15,86.42683410644531,86.46755165226928,86.26394528242957,86.31281503642094,1845200
2017-12-18,86.23138427734375,86.37798114066346,86.19880650620887,86.35354936570593,1610300
2017-12-19,85.84044647216797,86.02776085217579,85.71828140796927,86.01962107118295,4535100
2017-12-20,85.5879898071289,85.75087866761675,85.54727225218797,85.59613580354697,3027000
2017-12-21,85.64830017089844,85.65645889438622,85.54226165868764,85.59936027653693,2098800
2017-12-22,85.68098449707031,85.68098449707031,85.6075683845568,85.64019707641985,696900
2017-12-26,85.71357727050781,85.8114570817936,85.67278986694937,85.68910731768636,2584800
2017-12-27,86.08067321777344,86.11330190892998,85.83596736902905,85.83596736902905,2291500
2017-12-28,85.97461700439453,86.03987437332245,85.92567086605598,85.9990869619212,1540500
2017-12-29,86.11327362060547,86.17037225555083,86.02354630522213,86.03170503115274,1849600
2018-01-02,85.82776641845703,86.03169097040231,85.72172166854408,86.00722101989423,3902000
2018-01-03,85.91751098632812,85.98276834965365,85.8277836675767,85.93382221551715,2135900
2018-01-04,85.87671661376953,85.88487533934472,85.66463331180402,85.72989066983713,2430000
2018-01-05,85.7707290649414,85.90939636573603,85.69731293768737,85.87676766732179,2163600
2018-01-08,85.72989654541016,85.82778258916854,85.65648668005484,85.81146513689983,2450600
2018-01-09,85.32203674316406,85.58305993740768,85.30572551621052,85.58305993740768,5924200
2018-01-10,85.29759216308594,85.33837957752789,85.02025765939489,85.06919757809668,2142500
2018-01-11,85.35466003417969,85.42807610904744,85.17520543259569,85.25677400878384,1798700
2018-01-12,85.29759216308594,85.33022084998237,85.15892491124042,85.17523614304578,1430700
2018-01-16,85.33836364746094,85.45256091863843,85.22416637628345,85.43624346659334,5927500
2018-01-17,85.15077209472656,85.34653800640916,85.09367344451555,85.20787074493758,2186100
2018-01-18,84.88157653808594,85.0039325471042,84.81632539345664,84.92236394885373,3326100
2018-01-19,84.66136932373047,84.83266530495563,84.61242939289107,84.83266530495563,2921600
2018-01-22,84.62869262695312,84.79182978607714,84.56343527399004,84.72657865639776,8047400
2018-01-23,84.87345886230469,84.9223987966804,84.75110280307773,84.82451270464128,1780100
2018-01-24,84.71028137207031,84.79184997104998,84.61240154260878,84.72659882583736,1952200
2018-01-25,84.89789581298828,84.90604831668863,84.52267527435858,84.62055510504486,3342000
2018-01-26,84.64500427246094,84.79998893069437,84.5552831907973,84.79998893069437,3324500
2018-01-29,84.43295288085938,84.46558156742307,84.26980944804085,84.42479415339703,2328200
2018-01-30,84.23719787597656,84.40850007106094,84.19641667695063,84.35955391962817,2346900
2018-01-31,84.26163482666016,84.41661326805158,84.03323408066542,84.37583208801551,2966400
2018-02-01,83.82699584960938,84.23550948068294,83.80248602909269,84.23550948068294,8958300
2018-02-02,83.51652526855469,83.6390806009435,83.42665177369778,83.57371692587972,5753500
2018-02-05,84.20279693603516,84.40705367708583,83.41027978341117,83.54100708972571,6902000
2018-02-06,83.83513641357422,84.18645825382234,83.83513641357422,84.11292258643874,5382900
2018-02-07,83.59010314941406,83.96593514860538,83.49206381345,83.94959733708696,4773700
2018-02-08,83.66358184814453,83.76979313417289,83.24689625408756,83.36127955701731,5685300
2018-02-09,83.51652526855469,83.99856834694802,83.42665177369778,83.42665177369778,4376900
2018-02-12,83.4919662475586,83.63085930015312,83.40209280566343,83.51647605290827,2836300
2018-02-13,83.63091278076172,83.65542260178503,83.48384762119836,83.55737708426832,2698100
2018-02-14,83.12433624267578,83.38578466796216,83.03446276210026,83.38578466796216,4141900
2018-02-15,83.14884185791016,83.30407899532025,83.12433204324999,83.14067607530465,3057300
2018-02-16,83.34492492675781,83.48381801892255,83.30407108392288,83.41028234850394,2277800
2018-02-20,83.25507354736328,83.30409318503342,83.10800840092998,83.18153785743517,2138300
2018-02-21,83.00997161865234,83.33678378212971,82.90376031472721,83.33678378212971,2253900
2018-02-22,83.12433624267578,83.23055375613166,83.09165441033721,83.14068027555614,4411800
2018-02-23,83.44300079345703,83.508364477308,83.32045167801641,83.34496150110454,4484700
2018-02-26,83.54105377197266,83.7044567627534,83.5001999075652,83.63092728692942,2725600
2018-02-27,83.2795639038086,83.60637595655379,83.1243267762348,83.57369412793713,3308900
2018-02-28,83.47564697265625,83.49199100334843,83.31224406626227,83.37760772218839,2521400
2018-03-01,83.83485412597656,83.96578515645125,83.49116953568324,83.59755255872771,5352600
2018-03-02,83.52391052246094,83.7366703463768,83.47481450276334,83.72848559538194,2140800
2018-03-05,83.41754913330078,83.75304906840337,83.31935083263966,83.75304906840337,2059300
2018-03-06,83.40938568115234,83.58941282343638,83.4012009265562,83.44211845639839,2331300
2018-03-07,83.40938568115234,83.64669361933234,83.4012009265562,83.59759757803252,1258100
2018-03-08,83.58123016357422,83.66305898217091,83.48303183537499,83.52394936624266,1636700
2018-03-09,83.40121459960938,83.4666801608341,83.27846823309788,83.37666657493499,1604500
2018-03-12,83.59761047363281,83.60578898635204,83.41758330357814,83.46667935245142,1885700
2018-03-13,83.73668670654297,83.7775979832388,83.57302287034867,83.728501953949,1742100
2018-03-14,83.90036010742188,84.00674318177624,83.67123693671732,83.6876002018513,2598900
2018-03-15,83.86761474609375,83.9739978044808,83.7857859464295,83.88398425190894,2758000
2018-03-16,83.76942443847656,83.78578770149728,83.6630413778611,83.76123968539753,3595300
2018-03-19,83.6876220703125,83.84310122383529,83.58124521129889,83.58942996757372,2825000
2018-03-20,83.52391052246094,83.5975607951431,83.49936251261214,83.54027378131488,2600600
2018-03-21,83.58123016357422,83.64669571570704,83.20481260351852,83.41757252638084,3365600
2018-03-22,83.92489624023438,84.0967385939244,83.78578665531444,83.89216347146429,5026500
2018-03-23,84.03947448730469,84.08039201717186,83.84308407884701,83.84308407884701,2519000
2018-03-26,83.81036376953125,83.99857569452094,83.78581574521507,83.89219259829828,4184900
2018-03-27,84.28496551513672,84.32588304419554,83.89217846284257,83.900363217282,3495900
2018-03-28,84.26859283447266,84.49771598807109,84.19494253902305,84.45679846358378,2762500
2018-03-29,84.4404525756836,84.53864466563861,84.29315819761209,84.29315819761209,2572100
2018-04-02,84.52648162841797,84.70680827464405,84.33795007288553,84.37893709696618,2748800
2018-04-03,84.25602722167969,84.42816155790172,84.2232388356738,84.39537317189583,4229600
2018-04-04,84.20679473876953,84.42810838775146,84.16580771863819,84.42810838775146,2216900
2018-04-05,83.99371337890625,84.10846958528147,83.96092499797844,84.07568120435366,1789300
2018-04-06,84.3625717163086,84.39536009723486,84.14945662090422,84.26421282727402,2651200
2018-04-09,84.37894439697266,84.37894439697266,84.14123339497145,84.21500254020852,2071100
2018-04-10,84.2314224243164,84.32158890626306,84.16584566403809,84.2724032091823,1622400
2018-04-11,84.31339263916016,84.42814884602997,84.23142481335945,84.39536046496085,2520600
2018-04-12,84.01007080078125,84.20680100756776,83.98548108836836,84.1986023521829,2188600
2018-04-13,84.08387756347656,84.12485834820741,83.9363329802086,83.9363329802086,2937700
2018-04-16,84.04289245605469,84.05928977331902,83.86255948861212,83.87895680587646,1637400
2018-04-17,84.09204864501953,84.1494329858311,83.96910006825892,84.0018884399759,1301800
2018-04-18,83.76416778564453,84.01826982000034,83.76416778564453,83.91990471618112,2127600
2018-04-19,83.53466033935547,83.62482053927484,83.43629522979512,83.56744245546682,3181500
2018-04-20,83.25599670410156,83.47731047482908,83.25599670410156,83.42813102661069,2309400
2018-04-23,83.17401885986328,83.22319830216138,83.06745506322547,83.18221751816094,5022800
2018-04-24,83.07563018798828,83.1575979865134,83.00186104543833,83.05923912978012,3178800
2018-04-25,82.89530944824219,82.99367457315788,82.83793135547714,82.94449513757158,3295800
2018-04-26,83.13304138183594,83.16582976505309,83.04287489142494,83.092060593123,1989500
2018-04-27,83.27239227294922,83.32157797757267,83.1986230966316,83.20682175635967,2409300
2018-04-30,83.36254119873047,83.45270767550022,83.29697069596095,83.3133617582174,3504400
2018-05-01,83.23196411132812,83.35515031563561,83.19911403914541,83.35515031563561,1894000
2018-05-02,83.24840545654297,83.36337759462465,83.19091938750212,83.26482736247823,3852600
2018-05-03,83.4619369506836,83.57690910996483,83.40445087104297,83.42087904551902,6026900
2018-05-04,83.47013854980469,83.59332477789384,83.34695232171553,83.56047469936928,2370500
2018-05-07,83.42909240722656,83.48658475619764,83.38803449933559,83.46194249284724,1854900
2018-05-08,83.2894515991211,83.3715736482304,83.2073295500118,83.29766568368524,1654600
2018-05-09,83.1006088256836,83.19094499991884,83.07597282644008,83.1006088256836,2838400
2018-05-10,83.27303314208984,83.33873329030084,83.1909110895816,83.29766913129122,4183700
2018-05-11,83.28125,83.33052198004336,83.19091385957972,83.33052198004336,2816300
2018-05-14,83.1006088256836,83.17451682341414,83.09239473743123,83.14988082417062,4762000
2018-05-15,82.6407241821289,82.78033863779251,82.5257519942984,82.78033863779251,6812500
2018-05-16,82.46824645996094,82.69819078141666,82.46824645996094,82.53394662766624,4784200
2018-05-17,82.41895294189453,82.55034697747661,82.39431695181734,82.50107499732223,1702300
2018-05-18,82.7392349243164,82.78850690541192,82.57499081032378,82.57499081032378,2642300
2018-05-21,82.79674530029297,82.8049593880577,82.64892304809374,82.69819504365576,2845100
2018-05-22,82.76387023925781,82.80493440017644,82.68996226821785,82.79672031489045,1977000
2018-05-23,83.14160919189453,83.19088742178862,83.00200111579788,83.01842301542311,5102500
2018-05-24,83.35516357421875,83.47013571239053,83.29767750513285,83.33052758254074,2994100
2018-05-25,83.68363189697266,83.69184598013221,83.56865979477729,83.60971767955583,2838400
2018-05-29,84.58699035644531,84.75123443345774,83.96285158588022,84.05318770789003,11256200
2018-05-30,84.22566223144531,84.35706253099113,84.07784002721182,84.23387631654471,4512200
2018-05-31,84.1845932006836,84.37347327440597,84.04497883450713,84.23386517373982,5321700
2018-06-01,83.87358856201172,84.00524206323121,83.74192878290845,83.80775867246008,7891000
2018-06-04,83.57733154296875,83.79127547136201,83.57733154296875,83.78304516853261,3131800
2018-06-05,83.79126739501953,83.90646651200112,83.70075290626527,83.79949141917461,4305500
2018-06-06,83.45391845703125,83.59380224312021,83.40454918614877,83.56911760767896,3910500
2018-06-07,83.80770874023438,84.03810693851119,83.42919651765389,83.45388114205782,4400400
2018-06-08,83.6925277709961,83.81595719763374,83.66784314124484,83.71721240074733,7342800
2018-06-11,83.61023712158203,83.63492174942677,83.52795293613927,83.54440726207545,1875800
2018-06-12,83.56088256835938,83.60202152937865,83.47859209055675,83.49505269727008,1664800
2018-06-13,83.46212768554688,83.64315667024623,83.23995974479486,83.58555710946746,3294700
2018-06-14,83.72542572021484,83.73365602108962,83.55262706912562,83.61845692036346,3626400
2018-06-15,83.79126739501953,84.01343532694659,83.76658276679218,83.90646651200112,5826500
2018-06-18,83.83240509033203,83.91469555369525,83.76658150867476,83.89823494987023,4600500
2018-06-19,84.05459594726562,84.16156478179407,84.00522040389065,84.07928058001202,4172800
2018-06-20,83.78303527832031,84.03811813498598,83.77480497646245,84.02166380915115,3059000
2018-06-21,84.00521850585938,84.07104837695051,83.91471028046162,83.91471028046162,2680500
2018-06-22,84.02165222167969,84.06279744741374,83.88999252163472,83.89822282235754,2309500
2018-06-25,84.13687133789062,84.26030076657875,84.10395640504836,84.11218670772931,8110800
2018-06-26,84.1780014038086,84.22737065523447,84.1039412487894,84.15331050021527,3873200
2018-06-27,84.49894714355469,84.53186208333928,84.3261484180977,84.39197201978403,3044200
2018-06-28,84.41666412353516,84.51540895162495,84.35084051602537,84.49072431407335,3705600
2018-06-29,84.35079956054688,84.49068329067606,84.34256925939799,84.40839911282832,2721200
2018-07-02,84.29310607910156,84.45798005439423,84.26837561176157,84.43324958705423,3911500
2018-07-03,84.5074234008789,84.5074234008789,84.3178127222821,84.32605830557863,1463800
2018-07-05,84.51567840576172,84.61460655509873,84.46621747586241,84.48270864552111,1682300
2018-07-06,84.58991241455078,84.67234942962901,84.51571469830162,84.61464289012014,3206500
2018-07-09,84.37554168701172,84.44973937735742,84.35905680556762,84.39203285799472,2258800
2018-07-10,84.30958557128906,84.38378325810494,84.26012463977086,84.2931006906292,4461100
2018-07-11,84.48269653320312,84.50742699460716,84.35079235299827,84.46620536590878,2198700
2018-07-12,84.44976043701172,84.48273649766222,84.35907784260796,84.37556272816298,1385900
2018-07-13,84.58991241455078,84.61464289012014,84.4827449239032,84.54045146341207,2891800
2018-07-16,84.44976043701172,84.48273649766222,84.3013713088547,84.40853878881347,1782600
2018-07-17,84.4002914428711,84.49921962276153,84.37556097028357,84.49921962276153,1034700
2018-07-18,84.33431243896484,84.45796475326293,84.30957568656737,84.4414798745358,1355300
2018-07-19,84.56517028808594,84.63936170457235,84.37555951894251,84.39205069341075,4201700
2018-07-20,84.26837158203125,84.46622160082903,84.23539553064184,84.46622160082903,3362700
2018-07-23,83.8561782836914,84.17768691480056,83.83968711363842,84.16944132977407,5285700
2018-07-24,83.91388702392578,83.95510237107356,83.78198281816,83.83968933579786,3293800
2018-07-25,83.8561782836914,84.07051946761035,83.80671735260954,84.01281295150201,2403800
2018-07-26,83.76549530029297,83.9798364831456,83.74900413032204,83.93861484775677,2598200
2018-07-27,83.8974380493164,83.95514459597753,83.8232466134129,83.95514459597753,1435100
2018-07-30,83.79023742675781,83.8891655917357,83.72428531677255,83.73253090290555,3832700
2018-07-31,83.90567016601562,83.94689181681544,83.84796362862042,83.9221613421519,3053600
2018-08-01,83.70740509033203,83.7652315326,83.5835092909654,83.64132943131071,5366800
2018-08-02,83.8065414428711,83.8230650867126,83.69090114367515,83.76524493711463,3370800
2018-08-03,84.02131652832031,84.04609569564747,83.86437339934895,83.87263522243285,2174800
2018-08-06,84.0626220703125,84.21130339217204,84.0543665482663,84.07914571825536,3867200
2018-08-07,83.88911437988281,84.01301646204222,83.87259704315835,84.01301646204222,2181400
2018-08-08,83.9634780883789,84.01303641224239,83.90565794323045,83.91391346259225,2777900
2018-08-09,84.19476318359375,84.19476318359375,84.07912288709608,84.09564022862853,4318000
2018-08-10,84.5582275390625,84.66560603900433,84.39302257539237,84.41780174446164,4327800
2018-08-13,84.53340148925781,84.63252441987763,84.44254668025877,84.50862233208335,1764700
2018-08-14,84.45082092285156,84.52516471278075,84.409524419045,84.5169028912501,2487600
2018-08-15,84.65730285644531,84.81424591977695,84.60774454251823,84.63252369948178,4810700
2018-08-16,84.63250732421875,84.68206562855696,84.48382610928343,84.67381011244773,2594400
2018-08-17,84.66558837890625,84.78122867839184,84.5829890652628,84.70689118668983,3043400
2018-08-20,84.92992401123047,84.96296500253762,84.81428369261783,84.83080103730904,2901100
2018-08-21,84.81424713134766,84.85554992815818,84.75642699696614,84.85554992815818,2516700
2018-08-22,84.97119903564453,85.04553651532966,84.88859343343084,85.04553651532966,2396500
2018-08-23,84.96295166015625,85.03728915247999,84.93817249604834,85.00425446828525,871000
2018-08-24,84.9876937866211,85.00421742344119,84.78119243981679,84.81423341153601,1296600
2018-08-27,84.79773712158203,84.89685375941725,84.78121348066114,84.87207459995845,1851900
2018-08-28,84.60772705078125,84.6820645063034,84.57468608102009,84.64902983846285,1506300
2018-08-29,84.5829849243164,84.64080507122848,84.50038561471678,84.63254324969152,1420400
2018-08-30,84.73993682861328,84.81428063185261,84.67386115030824,84.6986403174132,2780900
2018-08-31,84.75643920898438,84.93816145805866,84.74817738804748,84.92989963712176,2132200
2018-09-04,84.56278228759766,84.68693366865897,84.52140270364492,84.63727564207507,3419500
2018-09-05,84.55448913574219,84.6124255905518,84.46344523324137,84.54621069516939,1332300
2018-09-06,84.72828674316406,84.7944953147593,84.59585697077537,84.60413541019943,1656700
2018-09-07,84.34759521484375,84.45518971309042,84.31448775816747,84.43036069923363,4405000
2018-09-10,84.397216796875,84.43032423925433,84.33100191211634,84.33100191211634,3110800
2018-09-11,84.09099578857422,84.2565330360972,84.09099578857422,84.2316977130185,3360500
2018-09-12,84.1903076171875,84.26479463331516,84.1903076171875,84.22341506255519,1398800
2018-09-13,84.18203735351562,84.306188707053,84.16548678652404,84.306188707053,1281600
2018-09-14,84.0247802734375,84.1075520538922,83.9751222568449,84.01650814707226,3749900
2018-09-17,84.04133605957031,84.07444350840046,83.90890626424972,83.93374158682248,3808400
2018-09-18,83.69371795654297,83.94201435276094,83.66888263378095,83.9337422264405,4972900
2018-09-19,83.55301666259766,83.65233901809873,83.42887161147227,83.64406057649012,5515900
2018-09-20,83.56127166748047,83.64403711655079,83.42884821188774,83.45367721514894,2973500
2018-09-21,83.59440612792969,83.64406415050168,83.51164065210938,83.51164065210938,1024100
2018-09-24,83.50335693359375,83.6026792870626,83.46197104099824,83.47024948243747,2389800
2018-09-25,83.42060852050781,83.43715909216984,83.3295645898619,83.40405163424387,2878300
2018-09-26,83.69371795654297,83.71026852378407,83.46196581296587,83.50335170296898,2502900
2018-09-27,83.69371795654297,83.71854696470474,83.58611716837497,83.63578149929876,6342800
2018-09-28,83.73509979248047,83.8427005835533,83.70199234250425,83.83442214240914,3931000
2018-10-01,83.52275848388672,83.67203980801435,83.52275848388672,83.62228147575733,6408000
2018-10-02,83.73841094970703,83.79646446204416,83.64718309784038,83.64718309784038,2915000
2018-10-03,83.11641693115234,83.5891402569215,83.00859873207715,83.58084508914052,6612700
2018-10-04,82.90081787109375,83.04180413931336,82.8344691587452,82.91740821286163,6427500
2018-10-05,82.70175170898438,82.85932826876102,82.60222867217395,82.78468440931333,5676600
2018-10-08,82.73489379882812,82.81782646682423,82.71830346881472,82.78465213415438,1947800
2018-10-09,82.89250183105469,82.89250183105469,82.73493158809883,82.75981076712554,3066300
2018-10-10,82.93399047851562,82.95886966328138,82.6603067913698,82.69348114684458,3001900
2018-10-11,83.27395629882812,83.39006328648124,83.00856166721381,83.11637981814619,5821500
2018-10-12,83.17449188232422,83.3735316688398,83.13302236009314,83.17449188232422,2647900
2018-10-15,83.22422790527344,83.29887175977882,83.14959037812707,83.25740224868038,1860000
2018-10-16,83.2159423828125,83.22423755146545,83.09983533111019,83.15788885696134,2703900
2018-10-17,82.9754638671875,83.28231559673063,82.9754638671875,83.19938286786389,3336200
2018-10-18,83.12472534179688,83.26571157973866,82.8925048984479,82.93397441660024,2587700
2018-10-19,83.02520751953125,83.13301941520794,82.95885881725613,83.11643540331941,5531900
2018-10-22,83.041748046875,83.14956621345355,83.03345920895141,83.11639187968763,1690100
2018-10-23,83.25739288330078,83.5891299526951,83.21592337686711,83.47302292751084,4420100
2018-10-24,83.70523834228516,83.73011751560756,83.43155478102189,83.4896082945603,4881200
2018-10-25,83.50623321533203,83.61404512016927,83.43158933709007,83.55599158258597,3559900
2018-10-26,83.87939453125,84.01209188522972,83.79646184869172,83.8213410207234,4220800
2018-10-29,83.8711166381836,83.96234450599366,83.63890254825229,83.77159992956126,3766900
2018-10-30,83.68865966796875,83.81305554250648,83.65548532563908,83.71353884287629,5746600
2018-10-31,83.48131561279297,83.54765796281315,83.3900877632373,83.43984610759199,3956700
2018-11-01,83.55281829833984,83.58606398885418,83.38659618673525,83.41152886937923,4834300
2018-11-02,83.08734893798828,83.37824065542321,83.05410326442946,83.35330798549506,5250900
2018-11-05,83.13722229003906,83.2785116605577,83.13722229003906,83.24527232475936,2446700
2018-11-06,83.04581451416016,83.19541691838404,83.03750784906741,83.19541691838404,2456700
2018-11-07,83.04581451416016,83.25359527886191,83.03750784906741,83.18710391232557,3297600
2018-11-08,82.92943572998047,83.12890343555573,82.90450305940406,83.11228376882613,2188900
2018-11-09,83.25357055664062,83.29512923362638,83.04578985363955,83.05410285722947,2772700
2018-11-12,83.5029296875,83.5361753687594,83.38657297357476,83.428125319425,3704900
2018-11-13,83.56944274902344,83.59437543120049,83.40321429956481,83.46139267163359,3265000
2018-11-14,83.74392700195312,83.91014900948704,83.4364093129559,83.46965498265531,4626400
2018-11-15,83.80216217041016,83.99331697461243,83.70242509367368,83.95176461503114,2621300
2018-11-16,84.05978393554688,84.09302961813283,83.92680754616862,83.99329257037495,7226700
2018-11-19,84.18445587158203,84.2093885489351,83.99329477693223,83.99329477693223,3447800
2018-11-20,84.1678466796875,84.29251643233293,84.13460733055128,84.20940537755833,3658600
2018-11-21,84.15122985839844,84.15122985839844,84.00162741834481,84.09305148398687,1897000
2018-11-23,84.20104217529297,84.33402485643143,84.20104217529297,84.32571185361947,531200
2018-11-26,84.1346206665039,84.1346206665039,84.05150325758756,84.10137497113097,2345600
2018-11-27,84.21768188476562,84.27586023198963,84.1013251903176,84.10963185351798,2334400
2018-11-28,84.20940399169922,84.32576073466217,84.08473424110551,84.15122562021774,3582500
2018-11-29,84.42546081542969,84.55013051140396,84.32572379045743,84.43376747845427,4313000
2018-11-30,84.5916976928711,84.62494337369552,84.49196699136306,84.5501453475645,3069700
2018-12-03,84.77657318115234,84.77657318115234,84.46008959068888,84.4850743012256,6008500
2018-12-04,85.16802215576172,85.33459113838587,84.90150797104344,84.92649268301713,7748800
2018-12-06,85.38455200195312,85.75934170658132,85.36789764704018,85.49282754858291,9429900
2018-12-07,85.63443756103516,85.66775263507986,85.25132374082193,85.35959296581676,7319100
2018-12-10,85.68440246582031,85.81766275495518,85.54281817426475,85.6510873935366,9045700
2018-12-11,85.46790313720703,85.65945694774261,85.36795787462114,85.48455750386972,5290100
2018-12-12,85.23465728759766,85.3679175748037,85.20967257229657,85.32627214650175,3727200
2018-12-13,85.2846450805664,85.36792959469662,85.23466928872739,85.33461451820432,4116000
2018-12-14,85.41785430908203,85.55111454527861,85.38453925003289,85.42618466239377,3530000
2018-12-17,85.66778564453125,85.72608545802338,85.49288620405487,85.50121656432606,7627000
2018-12-18,85.87891387939453,85.9206393653793,85.69530391237842,85.75372468666656,4461400
2018-12-19,86.17936706542969,86.36297703600478,85.7787629144125,85.97072052930108,7710900
2018-12-20,86.07084655761719,86.35460909108522,86.03746235559827,86.33791380638303,9245200
2018-12-21,86.14596557617188,86.15431321881098,86.012428763489,86.12927029089367,4918800
2018-12-24,86.36299133300781,86.3713326113152,86.17938133203691,86.27952761082975,6373000
2018-12-26,85.95403289794922,86.47982629096165,85.92064868510815,86.35463708465453,5477700
2018-12-27,86.17100524902344,86.4881456395212,86.15431633052816,86.32123098502468,4602100
2018-12-28,86.63837432861328,86.64672197183842,86.2878497217913,86.31288628408058,4543100
2018-12-31,86.96383666992188,87.34775173617359,86.48812302487042,86.53820250203349,7227500
2019-01-02,87.14749145507812,87.15583910013618,86.9471925453975,87.0556864616021,18668600
2019-01-03,87.84013366699219,87.89855440380937,87.16412137419587,87.18081028440817,10616700
2019-01-04,87.13078308105469,87.28935009743367,87.02228282168443,87.25597225942786,6616700
2019-01-07,86.88875579833984,87.27266462442654,86.85537159162973,87.23093277419231,5459200
2019-01-08,86.67178344726562,86.87208237054027,86.67178344726562,86.79697266208277,6879500
2019-01-09,86.72179412841797,86.78855613826639,86.60494628457168,86.66336702280337,3248700
2019-01-10,86.68009185791016,86.91377489052066,86.62167109975752,86.85535413236803,14413000
2019-01-11,86.93882751464844,87.01394357037447,86.85537018291994,86.91379095186852,3825700
2019-01-14,86.88875579833984,87.03898154484214,86.83868267196787,86.97221313142194,3090100
2019-01-15,86.80531311035156,87.03899622936109,86.77192889800914,87.03899622936109,4148000
2019-01-16,86.7552490234375,86.7969808881276,86.6384074431715,86.70517587972023,4820800
2019-01-17,86.59663391113281,86.75520090074401,86.52986551162019,86.7134754265874,5328100
2019-01-18,86.32121276855469,86.56324342366878,86.25444437389193,86.47143847285362,6617500
2019-01-22,86.62168884277344,86.72184146328615,86.52153622226074,86.5632680726543,5814400
2019-01-23,86.5799560546875,86.67176103064995,86.44642559616979,86.47146215918022,3507300
2019-01-24,86.85540771484375,86.9472127296317,86.7802979940476,86.84706006784783,6030700
2019-01-25,86.65508270263672,86.74688768982014,86.57162535993918,86.70515583477783,2763300
2019-01-28,86.68009185791016,86.78024445790827,86.62167109975752,86.62167109975752,3116100
2019-01-29,86.93048858642578,86.93048858642578,86.73853098761832,86.74687863123249,2836700
2019-01-30,87.13078308105469,87.1558196432521,86.7635631891297,86.83867924310805,5788300
2019-01-31,87.53137969970703,87.57311154776363,87.30604427540503,87.33108083728457,10206500
2019-02-01,87.06300354003906,87.38917567009933,87.05463835238483,87.37245167555949,9191900
2019-02-04,86.87069702148438,86.95432980205894,86.82051224852192,86.95432980205894,7283500
2019-02-05,87.0212631225586,87.12998512989259,86.97107833544187,86.97944353009031,3331100
2019-02-06,87.0881118774414,87.22192938626809,87.0379335020164,87.21356419677392,3489800
2019-02-07,87.37252044677734,87.43942923913811,87.27215725823619,87.33070085635845,6937400
2019-02-08,87.48957061767578,87.58993376374353,87.47284023627903,87.50629461830161,2602700
2019-02-11,87.35575866699219,87.43103262654175,87.28885627944645,87.35575866699219,2637200
2019-02-12,87.23866271972656,87.30557148129968,87.16339514853483,87.29720629091037,3305300
2019-02-13,87.0212631225586,87.12161993524414,86.97944353009031,87.03798713108154,3772100
2019-02-14,87.43101501464844,87.49792376948758,87.32229307361236,87.48955857994018,10568700
2019-02-15,87.34739685058594,87.3724860426486,87.26375770268224,87.27212289362683,6879000
2019-02-19,87.4979248046875,87.56482717954813,87.43938123870312,87.50628361356374,8557400
2019-02-20,87.48121643066406,87.56484920585466,87.41430765820289,87.49794681416523,4751100
2019-02-21,87.2219467163086,87.26375991054724,87.16340313975746,87.23031190746484,4140200
2019-02-22,87.48121643066406,87.58157958935583,87.36412926924287,87.39758365547345,3351000
2019-02-25,87.34739685058594,87.39757523471127,87.28048808457143,87.33903165964135,2849600
2019-02-26,87.60663604736328,87.64009042109278,87.48118374106998,87.60663604736328,2647700
2019-02-27,87.29720306396484,87.46447496171442,87.23030068563547,87.45610977163433,2530600
2019-02-28,87.07139587402344,87.27211577492332,87.02957630348277,87.26375058466107,4949900
2019-03-01,86.78564453125,87.02026724633008,86.78564453125,86.92809312355011,9003000
2019-03-04,87.05378723144531,87.10406170185547,86.86106416621328,86.91971984602168,3506600
2019-03-05,87.10407257080078,87.11245378124482,86.89458706063243,86.95324274775996,2112200
2019-03-06,87.34711456298828,87.38901424046234,87.13762896160439,87.13762896160439,2401600
2019-03-07,87.64037322998047,87.70741014152279,87.50630579988758,87.51468701207831,4822900
2019-03-08,87.76603698730469,87.84145508624363,87.6319696012872,87.7241437261072,5212000
2019-03-11,87.69898223876953,87.75763790261728,87.6235641606865,87.75763790261728,4654100
2019-03-12,87.94200897216797,87.98390862871098,87.73252347543294,87.76604192206935,4942800
2019-03-13,87.90850830078125,87.93364554076578,87.81633415884407,87.84984621682955,1715000
2019-03-14,87.78282928466797,87.90852189702153,87.69065512847482,87.86662222857306,2514700
2019-03-15,88.05931854248047,88.12635543438573,87.95876959761247,88.05094372573473,7846600
2019-03-18,87.94200897216797,88.05094552198379,87.93363415525138,87.97552741880438,4166200
2019-03-19,87.88336181640625,87.97553595535281,87.7744316490106,87.79956888817955,2138000
2019-03-20,88.49505615234375,88.52019338975532,87.99229222514174,88.00904825241939,8061700
2019-03-21,88.45318603515625,88.61239711592113,88.38615551066944,88.5956410830475,4633500
2019-03-22,89.10675048828125,89.24920548899514,88.85537172047302,88.89726498527929,4721900
2019-03-25,89.3330307006836,89.54251627940333,89.03137095588778,89.10678269559047,7828800
2019-03-26,89.25756072998047,89.4000156994508,89.10673094517979,89.14863059378673,7483700
2019-03-27,89.51734924316406,89.726834752171,89.45031234596415,89.50058682236889,3555900
2019-03-28,89.52572631835938,89.58438839963152,89.37490288534147,89.49221426190465,3769600
2019-03-29,89.38327026367188,89.39165147358327,89.1905471866399,89.21568442338406,2748900
2019-04-01,88.76869201660156,89.11294864860929,88.73510491000083,89.08775992018013,9430400
2019-04-02,88.91976928710938,88.93655962575302,88.80221769836051,88.85259512037256,7318600
2019-04-03,88.64274597167969,88.74350729603249,88.60076048501124,88.64274597167969,5207300
2019-04-04,88.73506927490234,88.76865636801485,88.62591602684898,88.6846918382751,2293700
2019-04-05,88.7770767211914,88.83585254716854,88.65951866315255,88.66791704003059,1749900
2019-04-08,88.63431549072266,88.80225097048621,88.63431549072266,88.76026549902444,3591500
2019-04-09,88.79383087158203,88.90298410216137,88.76864215730079,88.8526066735989,3210600
2019-04-10,89.00374603271484,89.0625218351724,88.92817988930454,88.9365718567399,2059800
2019-04-11,88.8022232055664,88.89458608903728,88.76863612011503,88.86099900358592,1547500
2019-04-12,88.39081573486328,88.54195446683227,88.39081573486328,88.4915770248705,6032100
2019-04-15,88.50836181640625,88.5167537848768,88.40760054001458,88.40760054001458,2410700
2019-04-16,88.2060775756836,88.37400661727399,88.18928082787517,88.32362918601333,5003600
2019-04-17,88.2228775024414,88.31524040717565,88.1641016908908,88.1641016908908,2348800
2019-04-18,88.43281555175781,88.55036720612557,88.4076268266911,88.44121392880828,4893200
2019-04-22,88.30684661865234,88.3908111529307,88.26486755455484,88.3824191837612,3630000
2019-04-23,88.46640014648438,88.49158887083716,88.39922594415393,88.43281304531915,2462100
2019-04-24,88.8022232055664,88.8106151723681,88.7014619492123,88.71825869497876,3266700
2019-04-25,88.69307708740234,88.82742544967378,88.65948999683448,88.77704801686325,1457600
2019-04-26,88.92818450927734,88.99535228265975,88.8778006716376,88.97856194083474,2156100
2019-04-29,88.7434310913086,88.81059884378044,88.67625693275642,88.76861979924558,2715000
2019-04-30,88.91976928710938,88.9449579981154,88.68466610961163,88.69305807589289,3621900
2019-05-01,88.87942504882812,89.27485706804144,88.80370730162599,88.92990354696289,6870700
2019-05-02,88.62699127197266,88.82050281759767,88.56809757007498,88.78684835666584,3126200
2019-05-03,88.74479675292969,88.86258417219855,88.70272706650526,88.72796631078674,2625200
2019-05-06,88.97193145751953,89.11495808102124,88.95510743902038,89.08130362509182,3370100
2019-05-07,89.27482604980469,89.34213496988754,89.14862342938233,89.19069310916709,3965800
2019-05-08,89.10655975341797,89.3926130340396,89.0644900738292,89.35895857415495,4226600
2019-05-09,89.3421630859375,89.54408349079864,89.22437564819067,89.43471127544342,4224100
2019-05-10,89.28324890136719,89.53564774485473,89.22435519599351,89.38420587118921,2855400
2019-05-13,89.72917938232422,89.80489712663555,89.61980074862932,89.66187044142488,5653400
2019-05-14,89.64503479003906,89.70392850095487,89.55248661303806,89.66185881361513,2573200
2019-05-15,89.93106842041016,89.99837733783386,89.80486580497363,89.97313809853289,5512300
2019-05-16,89.7544174194336,89.78807188942919,89.64504520614827,89.72917817167034,3898400
2019-05-17,89.79647064208984,89.94791251982716,89.70392247130967,89.94791251982716,2128400
2019-05-20,89.64503479003906,89.8890184360238,89.62820434752993,89.81330070153193,2439600
2019-05-21,89.54407501220703,89.61979274976031,89.46835085572043,89.58614470124773,2675300
2019-05-22,89.81329345703125,89.85536314097759,89.66185158133,89.68709082412478,3561900
2019-05-23,90.36013793945312,90.49474933033281,90.03201505170397,90.03201505170397,6184500
2019-05-24,90.33494567871094,90.33494567871094,90.21715824334322,90.30129120875819,2422800
2019-05-28,90.73035430908203,90.73035430908203,90.46954023933712,90.54526438731853,7039000
2019-05-29,90.6966781616211,91.06686430937704,90.67984772553682,90.94066171446747,5251800
2019-05-30,91.02484130859375,91.06690457954376,90.62940933184971,90.74719676080325,3461100
2019-05-31,91.6305923461914,91.66424038930037,91.27722370422428,91.33611740806342,6020600
2019-06-03,92.07147979736328,92.17263460311709,91.69212998125334,91.78485950753505,23830900
2019-06-04,91.73426818847656,91.87757509589535,91.5488091640475,91.68369079327229,5503200
2019-06-05,91.73426818847656,91.995593305712,91.68369079327229,91.85228639829322,7712300
2019-06-06,91.7174072265625,91.97030062313628,91.65839812421096,91.81013673475915,2392400
2019-06-07,92.07991790771484,92.2400818384598,92.00404536661544,92.22322484683298,2805900
2019-06-10,91.62467193603516,91.78483581430451,91.61624022722854,91.76797882820068,6071200
2019-06-11,91.62467193603516,91.69210631195992,91.53194243369055,91.56566283740763,2735800
2019-06-12,91.86071014404297,91.87756713047959,91.68368284466553,91.69210812212908,2062800
2019-06-13,92.08829498291016,92.16416748429306,91.92813113600513,91.94498811880793,1684700
2019-06-14,92.15579223632812,92.20636964723087,92.01248528442899,92.02091699675013,3880700
2019-06-17,92.13890838623047,92.20634277060742,92.0293154525363,92.13890838623047,3038800
2019-06-18,92.3159408569336,92.56040900453691,92.23164304812465,92.51825688437717,4564900
2019-06-19,92.56886291503906,92.64473546849199,92.06306947423226,92.12207860180118,4541500
2019-06-20,92.7205581665039,92.96502627522953,92.7037011800271,92.76271027996022,4575000
2019-06-21,92.34121704101562,92.53510133184714,92.26534452131352,92.50138735810141,4305200
2019-06-24,92.66156768798828,92.67843110936352,92.48454035261324,92.50982905316526,3046300
2019-06-25,92.80487060546875,92.92289525546747,92.68685238698058,92.75429320654825,5251000
2019-06-26,92.42554473876953,92.68686992465257,92.3918243226053,92.68686992465257,6675000
2019-06-27,92.70375061035156,92.75432802825976,92.45928237127366,92.53514849813595,2538400
2019-06-28,92.74586486816406,92.82173740081382,92.56883753399565,92.61942136626575,4341500
2019-07-01,92.62936401367188,92.78136796498555,92.46891360874179,92.73914213965982,8183600
2019-07-02,92.95867156982422,93.01778383847352,92.71377604463311,92.73066250306688,3117100
2019-07-03,93.13603210449219,93.22892375642955,93.06002691529083,93.06847336803669,2607000
2019-07-05,92.544921875,92.59559415915037,92.33380561218515,92.59559415915037,3664100
2019-07-08,92.45198822021484,92.73910309472849,92.45198822021484,92.6799908298137,3254100
2019-07-09,92.39291381835938,92.46891257178576,92.33379508646378,92.46046611826407,2061800
2019-07-10,92.44353485107422,92.57020582148321,92.33375033676826,92.4773142060335,4343700
2019-07-11,91.987548828125,92.38444830593261,91.94532301198399,92.32533602898818,4769800
2019-07-12,92.08887481689453,92.19020645390579,91.95375737720732,91.97909028646015,4141900
2019-07-15,92.28312683105469,92.28312683105469,92.10578996828683,92.16490225587611,1753200
2019-07-16,92.08047485351562,92.11425423049111,91.90313795646236,91.98758317752238,2766100
2019-07-17,92.51110076904297,92.51954077637551,92.2324259009807,92.24087235106693,2624400
2019-07-18,92.7391357421875,92.79824802791191,92.38446202784104,92.40979494418637,2386700
2019-07-19,92.57023620605469,92.66312785199447,92.4773445601149,92.54489684945314,1728100
2019-07-22,92.6124496459961,92.7222341893008,92.57867028211425,92.71378773764162,1629800
2019-07-23,92.46044921875,92.60401313135371,92.40133694041499,92.51112148786225,2329800
2019-07-24,92.59553527832031,92.67998044119678,92.51953012180442,92.58708882920678,2268500
2019-07-25,92.4351577758789,92.4942700807342,92.24093439253643,92.48582362496686,3172000
2019-07-26,92.41820526123047,92.47731752384168,92.31686719271693,92.46887107411054,3004100
2019-07-29,92.50265502929688,92.6039931028487,92.4857621289947,92.5702137449981,2505600
2019-07-30,92.544921875,92.61248062536245,92.42669728324424,92.57870125018123,2514800
2019-07-31,92.78134155273438,92.88267319625962,92.37599565036977,92.51955310720024,6669300
2019-08-01,93.8337173461914,93.8337173461914,92.87778654354486,92.92008059698952,16938700
2019-08-02,94.02825927734375,94.07055331667907,93.76600783520863,93.85060882217752,8503000
2019-08-05,94.84037780761719,94.91651095042675,94.54429371755369,94.5950491460934,7626200
2019-08-06,94.99266052246094,95.00112191282244,94.56968136248247,94.64581451328671,6462400
2019-08-07,94.99266052246094,95.82169606169485,94.89114320057219,95.65250697936338,9665300
2019-08-08,95.0011215209961,95.09417745213953,94.45970871478866,94.73887005406924,5178800
2019-08-09,94.85729217529297,95.25489356838158,94.79807535850205,95.0687817287104,2869000
2019-08-12,95.45796203613281,95.57640217387065,95.17880061290931,95.2041783373704,4739900
2019-08-13,95.11957550048828,95.50025424260781,94.87424676177638,95.47487652035333,5888000
2019-08-14,95.75406646728516,95.83866104570276,95.59333225038488,95.66946543471494,8124300
2019-08-15,96.3631362915039,96.58308085556162,95.83017830331127,95.88093374822441,5240200
2019-08-16,96.10932922363281,96.16008465960255,95.73710548212125,96.02473467896655,4957800
2019-08-19,95.65254974365234,95.81328396163305,95.60179428709114,95.62717201537174,3691400
2019-08-20,96.07551574707031,96.15165537548837,95.98245978686589,96.03321523637675,3161800
2019-08-21,95.82174682617188,96.07553703827192,95.77099136541314,95.82174682617188,4921700
2019-08-22,95.61022186279297,95.90631248573065,95.59330553349837,95.63560603796113,5860400
2019-08-23,96.25312805175781,96.38848446890489,95.60174304314785,95.70325390185894,8192600
2019-08-26,96.16010284423828,96.38005386528505,96.0839696758863,96.21086474395756,7581600
2019-08-27,96.5746078491211,96.59998556682969,96.27851726478767,96.27851726478767,3266900
2019-08-28,96.60846710205078,96.76920129732596,96.54079532091279,96.7353621796811,2505400
2019-08-29,96.4223403930664,96.52385126948502,96.1770116848042,96.52385126948502,4232400
2019-08-30,96.44775390625,96.48159302899816,96.2193414412381,96.25318056398626,3651100
2019-09-03,96.65959167480469,96.9731212136743,96.34606213593507,96.49858914607077,11754000
2019-09-04,96.81206512451172,96.85443622913492,96.55785142661824,96.55785142661824,3447000
2019-09-05,96.032470703125,96.2782088481378,95.82062814345073,96.25278231044251,4597800
2019-09-06,96.09184265136719,96.2019985195547,95.98168031825402,96.04099601111278,3111000
2019-09-09,95.4986801147461,95.70205374773725,95.49021106206574,95.6342625367402,4818700
2019-09-10,94.80381774902344,95.43934568124813,94.80381774902344,95.35460991660305,4797200
2019-09-11,94.71063995361328,94.88011800774724,94.69369538066324,94.71911547255166,4737000
2019-09-12,94.49876403808594,95.04108715587469,94.35471259137108,94.9902405250331,8612500
2019-09-13,93.63446807861328,94.23610053663047,93.63446807861328,94.14288923673371,24187700
2019-09-16,94.04119873046875,94.14287907215898,93.84630063402068,93.97340752605855,5388300
2019-09-17,94.28693389892578,94.38014519208623,94.00730648436974,94.09204226044507,8211700
2019-09-18,94.3208236694336,94.73603993689827,94.22761238203744,94.54114184554496,5170400
2019-09-19,94.36319732666016,94.55808895833316,94.32930172442896,94.54961990646918,7131900
2019-09-20,94.90552520751953,94.92246977816778,94.46489525648056,94.51573543335118,9915000
2019-09-23,95.04104614257812,95.31220435199671,94.95630394938597,95.02409511797103,13163900
2019-09-24,95.51561737060547,95.6003531396647,95.08345654400114,95.0919320603845,10459100
2019-09-25,94.8885498046875,95.49018207356254,94.8207586142702,95.40543985307905,8430900
2019-09-26,95.09193420410156,95.26988126261497,95.04109403450485,95.11735428889992,4233000
2019-09-27,95.22750091552734,95.32071219403753,95.066504905766,95.10040050385372,4545500
2019-09-30,95.30378723144531,95.33768283650537,95.0495734259577,95.08346903101776,2797900
2019-10-01,95.56771087646484,95.77987611569422,94.88877952102311,94.92272673627212,8555100
2019-10-02,95.8987045288086,96.05146378616388,95.65259203224893,95.66956888016084,3908600
2019-10-03,96.39938354492188,96.64549597018457,96.01748874955095,96.03446559254479,6128300
2019-10-04,96.5860824584961,96.65397687565485,96.3314881063028,96.3908941026247,4707600
2019-10-07,96.26362609863281,96.47579136760848,96.23816730231896,96.3739497075829,3193100
2019-10-08,96.46730041503906,96.6370365106321,96.30605921768819,96.59460086804134,4304900
2019-10-09,96.2211685180664,96.36544578890232,96.06840930023974,96.36544578890232,3336800
2019-10-10,95.61863708496094,95.9665912165653,95.52528385329975,95.94961437002517,3924400
2019-10-11,94.96514892578125,95.20277292410456,94.81238971617792,95.1603372923604,8685300
2019-10-14,95.22823333740234,95.29612775944365,95.18580417970287,95.262180548423,1932200
2019-10-15,94.7699966430664,95.25373327824853,94.7445378424944,95.1858453016469,6638500
2019-10-16,94.9566879272461,95.06701153696586,94.83787589377242,94.91425228324684,2755500
2019-10-17,94.92271423339844,95.12639102329568,94.81239065444751,94.88028507600274,3188700
2019-10-18,95.0075912475586,95.15186853061965,94.93970329203665,94.98213245489171,2406400
2019-10-21,94.65966033935547,94.87182561540527,94.63420154219276,94.76150200277671,1735300
2019-10-22,94.88028717041016,94.92271632874245,94.62568632134217,94.88876911721549,3334400
2019-10-23,94.91425323486328,95.10944813453861,94.87182406520884,95.0670124901139,3305600
2019-10-24,94.897216796875,95.10938192175398,94.86326959992248,94.95662277285048,2645400
2019-10-25,94.69358825683594,94.98212986555355,94.55779939995536,94.96515949582802,2381000
2019-10-28,94.3371353149414,94.38805288976292,94.24378211125669,94.36259410235216,5837600
2019-10-29,94.4220199584961,94.49839633679326,94.3286667351756,94.45596717377349,2199500
2019-10-30,94.88028717041016,94.88876911721549,94.46443868528121,94.49838589680819,5276700
2019-10-31,95.48284912109375,95.54225513098193,95.10943621621409,95.14338343254583,5540700
2019-11-01,95.3026351928711,95.54911563641947,95.09015272268633,95.3451342806882,8149400
2019-11-04,94.81819915771484,94.92869421992133,94.76720542712847,94.87769400488294,4145200
2019-11-05,94.30824279785156,94.48672734011166,94.21474996841265,94.45272935809278,6853500
2019-11-06,94.58021545410156,94.67370827887925,94.3252403283502,94.50372486171167,4129800
2019-11-07,93.8237533569336,94.09573064298743,93.47528549876304,94.09573064298743,5890100
2019-11-08,93.69629669189453,94.03627004432761,93.69629669189453,93.73879579261829,3037300
2019-11-11,93.79827880859375,93.93426424173852,93.69628487039652,93.90876737830209,1563000
2019-11-12,93.84078979492188,93.9172803949236,93.6453030097191,93.78978957713504,4446200
2019-11-13,94.09576416015625,94.22325497688,94.02776819330994,94.18925699345685,2475200
2019-11-14,94.57174682617188,94.68224192129576,94.46125821550193,94.50375732661941,3189600
2019-11-15,94.49520874023438,94.58870155016595,94.41021704514677,94.41871167554005,2104500
2019-11-18,94.65673828125,94.75872576551441,94.62274029167737,94.64823716274347,1893600
2019-11-19,94.83521270751953,94.86921069345141,94.6737238954563,94.6737238954563,8306500
2019-11-20,95.18363952636719,95.20913638366956,94.95416132619592,95.02215726863555,3838000
2019-11-21,94.94568634033203,95.04768028205913,94.82669665054297,94.9541874565889,3034700
2019-11-22,94.92870330810547,95.03069077904217,94.85220622045031,94.9966927939124,1879700
2019-11-25,94.9711685180664,95.00516649338456,94.92017479731453,94.93717054274823,3573100
2019-11-26,95.14966583251953,95.18366381241391,95.06467412500942,95.11567433707678,3579300
2019-11-27,94.90322875976562,94.9967151352929,94.86072964724528,94.95422250722672,2351800
2019-11-29,94.8266830444336,94.87767676575449,94.71619448675473,94.86918213516822,2882300
2019-12-02,94.48624420166016,94.57987130130884,94.31601015967858,94.36708361915542,6826400
2019-12-03,95.3288803100586,95.47357437345428,94.96288524197475,94.97139856739939,6561900
2019-12-04,94.96288299560547,95.20971747696399,94.80967561040931,95.13311053748367,2072200
2019-12-05,94.74158477783203,94.83521187674334,94.59689071361079,94.60540403908401,3062000
2019-12-06,94.45220184326172,94.63945605138133,94.33304125514287,94.37559489731959,2717400
2019-12-09,94.5287857055664,94.66497292166699,94.51176555043577,94.65645959721974,1928500
2019-12-10,94.41812133789062,94.63942227703409,94.401101185847,94.60537547918412,1707000
2019-12-11,94.8096923828125,94.87778600911574,94.54583769809449,94.56285785778748,2462600
2019-12-12,94.06063842773438,94.73304806520225,93.89040444078913,94.71602141962641,5490400
2019-12-13,94.61390686035156,94.67348714452,94.03512417395946,94.31599894574549,4162000
2019-12-16,94.17130279541016,94.37557712317562,94.11172251257173,94.37557712317562,3028500
2019-12-17,94.17984008789062,94.32453416964135,94.12025978988942,94.28197403088386,3471400
2019-12-18,93.92449951171875,94.1458005616064,93.82236556082134,94.12026707388206,2249500
2019-12-19,93.99778747558594,94.1171167557868,93.827318933287,93.8614139423384,1962500
2019-12-20,93.99778747558594,94.01483823159066,93.827318933287,93.85288856433604,4660500
2019-12-23,93.91256713867188,94.08303570626401,93.8358517311841,94.02337105731085,1809400
2019-12-24,94.0744857788086,94.10858078166508,93.79320688246013,93.79320688246013,857600
2019-12-26,94.21089172363281,94.21089172363281,93.98927738024325,94.10861318280617,1285100
2019-12-27,94.34724426269531,94.3813392673457,94.28757963029646,94.28757963029646,1771100
2019-12-30,94.28758239746094,94.28758239746094,93.96368309525515,94.02334772940505,2035400
2019-12-31,93.94664764404297,94.17678082504742,93.9381222660923,94.13416694121001,2801600
2020-01-02,94.38135528564453,94.56886808861024,94.29611450807302,94.34726027520759,4022300
2020-01-03,95.01206970214844,95.02911395104077,94.64555657287686,94.73931619917585,3839600
2020-01-06,94.90982055664062,95.1825741626589,94.83311165320998,95.17405528647255,2714300
2020-01-07,94.77344512939453,94.97800870411987,94.77344512939453,94.89277442323088,2038800
2020-01-08,94.55179595947266,94.96944833401747,94.4324667096027,94.85864445998293,5081100
2020-01-09,94.62003326416016,94.64560290149312,94.29613385005028,94.33875424757831,3680600
2020-01-10,94.82456970214844,94.88423433982024,94.68818967149414,94.68818967149414,2600000
2020-01-13,94.71378326416016,94.73082751965502,94.59445396681919,94.70525788493325,2672600
2020-01-14,94.90130615234375,94.91835691260611,94.74788832774047,94.76493258504317,2376300
2020-01-15,95.13995361328125,95.13995361328125,94.97800393565186,95.0802889693586,2734800
2020-01-16,94.94390106201172,95.04618608724813,94.86719217030286,94.99504032315096,2200500
2020-01-17,94.86717224121094,94.86717224121094,94.68817185891099,94.72226686016067,2627000
2020-01-21,95.2422103881836,95.27630539163097,95.07174187390368,95.08026725050476,2355600
2020-01-22,95.25927734375,95.3104166061407,95.19108732525702,95.2422265876477,1787600
2020-01-23,95.49791717529297,95.66838568513298,95.45529679635456,95.48939179891393,1891300
2020-01-24,95.8388900756836,95.98378900375954,95.60023148756818,95.61727574259407,7932600
2020-01-27,96.4866714477539,96.49519682636047,96.34177252623498,96.47815257210586,3824600
2020-01-28,96.16277313232422,96.41848245233156,96.12867812279269,96.3929063179643,1923600
2020-01-29,96.623046875,96.665667263037,96.2906286577776,96.2906286577776,2429500
2020-01-30,96.71681213378906,97.02366073716308,96.65714748885293,96.78500215741853,4405500
2020-01-31,97.2026138305664,97.27080382554463,96.90429073123146,96.92986035360933,9764500
2020-02-03,97.11984252929688,97.16251365600434,96.71869617042523,96.96621214742461,5722100
2020-02-04,96.55656433105469,96.65898679372208,96.4114707260477,96.65044996057586,2569600
2020-02-05,96.13832092285156,96.33462895429716,96.12125377353591,96.19806571299696,9027500
2020-02-06,96.20661926269531,96.27490089521169,96.07005599766258,96.11273364590902,1697100
2020-02-07,96.66754150390625,96.75289031606502,96.52244136036965,96.59925984950043,6177900
2020-02-10,96.85529327392578,96.97478288920117,96.76140764596717,96.87236042823841,1909100
2020-02-11,96.62483978271484,96.76140305752267,96.56509497791026,96.72726223882071,1657100
2020-02-12,96.37726593017578,96.4370106991494,96.30045401793461,96.41994355588184,1473800
2020-02-13,96.46266174316406,96.56508418782535,96.3943866250845,96.42852743997159,1868000
2020-02-14,96.70166015625,96.76140496223064,96.62484168473463,96.6760496579479,2043600
2020-02-18,96.85529327392578,97.00038687651795,96.74433397995888,96.82968277491335,8356600
2020-02-19,96.83820343017578,96.88088107637114,96.70164668340085,96.75285464947963,1681800
2020-02-20,97.11984252929688,97.24786893280599,96.97474897744345,96.98327929576892,3452900
2020-02-21,97.51246643066406,97.75144561286811,97.36737285742507,97.37590317700783,5381000
2020-02-24,98.27208709716797,98.40011352668006,98.16966465121936,98.32329506429492,6803600
2020-02-25,98.5451889038086,98.75856407634716,98.22086098575963,98.2464649645933,10014300
2020-02-26,98.49395751953125,98.82682218858467,98.229367940564,98.33179034323119,19649400
2020-02-27,98.971923828125,99.29625169564062,98.6475959606094,99.12555418888346,8629700
2020-02-28,100.08148956298828,100.24365026100091,99.65473923150391,99.76569197348026,13437000
2020-03-02,100.01315307617188,100.78222339121298,99.95333685830639,100.4489606746083,19402100
2020-03-03,101.17529296875,101.93581617676708,100.0045967908185,100.1156886990652,11462300
2020-03-04,100.95309448242188,101.61107919946284,100.87619073391093,101.32053871519783,7627100
2020-03-05,101.85035705566406,101.96144243535758,101.61963274159903,101.68799598424627,5284200
2020-03-06,102.88433837890625,103.66194916434442,102.61943241332494,103.37996216537098,11614800
2020-03-09,103.80722045898438,105.45644635319698,103.78157935101487,105.31971985527262,24791700
2020-03-10,101.90165710449219,104.0465072262339,101.90165710449219,103.29452436821597,15072900
2020-03-11,100.88475799560547,103.04669531439855,100.49167907577751,102.77324882584524,13316100
2020-03-12,100.93603515625,103.20051086637383,97.75721560610359,102.67071195433519,10671600
2020-03-13,100.27806091308594,101.67093463317674,99.98752683618315,100.66259936246115,8697200
2020-03-16,102.92705535888672,103.12359806417219,101.6880024743435,102.56815809129907,6971700
2020-03-17,100.34642791748047,102.79035914753041,100.33788087975874,102.46564342837985,5680300
2020-03-18,98.95352935791016,100.66257127069287,98.56044398082992,99.63714221133674,13256300
2020-03-19,99.27827453613281,100.51732768405857,99.05609719586025,99.2440929053617,6702900
2020-03-20,101.80765533447266,102.4399991975652,100.32933730810282,100.52587353336432,9641600
2020-03-23,103.01250457763672,103.44830557423603,102.07252630384787,102.07252630384787,12234700
2020-03-24,102.31179809570312,102.51688130202517,101.91017219869252,102.13234295575907,5235500
2020-03-25,102.37164306640625,102.76472203875122,102.02983328017777,102.33746143583546,5527600
2020-03-26,102.61943817138672,102.96979495993631,102.46563062848642,102.70489549896968,3384400
2020-03-27,103.37995147705078,103.7303016902409,103.12359257414856,103.23467795501807,5282300
2020-03-30,103.61921691894531,104.32846438478875,103.55085367517219,104.07211199985618,4649400
2020-03-31,103.80722045898438,104.08920745186641,103.66194692507018,103.78157935101487,6356500
2020-04-01,104.2298583984375,104.59773880758259,104.14430618107683,104.48651505051951,9256400
2020-04-02,104.24695587158203,104.56350622429699,104.09295928474977,104.52072685625993,4789400
2020-04-03,104.32395935058594,104.62339535071659,104.2212927817346,104.40951156102109,3441100
2020-04-06,103.85340881347656,104.03307040734633,103.75929942708548,103.97318320938975,4697500
2020-04-07,103.39139556884766,103.4256177495065,102.89518374011459,103.13473900472657,9340600
2020-04-08,103.2630844116211,103.4085303399417,103.05775781434149,103.17753220668916,3341000
2020-04-09,103.48551940917969,103.61385097279775,103.11763907465567,103.21174845282793,4543600
2020-04-13,103.2630844116211,103.53685538373219,103.237419402863,103.39141598262641,2103100
2020-04-14,103.40001678466797,103.56257061166879,103.34868674549617,103.3829024201323,2180100
2020-04-15,104.32395935058594,104.400954381813,103.93041396081205,103.96462962321391,3137400
2020-04-16,104.43517303466797,104.58916961912215,104.36672865775165,104.46939522312613,1901600
2020-04-17,104.161376953125,104.63192377201217,104.06726758934757,104.34959568067987,2375000
2020-04-20,104.43517303466797,104.44373021358626,104.19562424267592,104.35817800604839,4230700
2020-04-21,104.72606658935547,104.96561540014159,104.63195719551584,104.8629488267123,3287700
2020-04-22,104.40095520019531,104.58917398095721,104.21273641943341,104.48650741130109,3168700
2020-04-23,104.46936798095703,104.4950329838043,104.26404143096553,104.34959361619421,2345900
2020-04-24,104.49507141113281,104.50362859096653,104.27263042596647,104.28118760580018,2373500
2020-04-27,103.93895721435547,104.2726153803532,103.9132922057733,104.24695037177104,2508100
2020-04-28,104.39239501953125,104.45228221830502,104.15284622443623,104.16140340346537,2847600
2020-04-29,104.34107208251953,104.55495588226081,104.12718828277825,104.40095928535847,2600100
2020-04-30,104.09297943115234,104.59774865738044,104.09297943115234,104.41808702583985,5371500
2020-05-01,104.23686981201172,104.40816100647189,104.11696924293508,104.30538628979579,8357700
2020-05-04,104.25395965576172,104.33103576124826,104.09980091070035,104.21113524109923,3580500
2020-05-05,104.17691040039062,104.21116863628124,103.94567547574191,104.01418541343277,3487600
2020-05-06,103.79149627685547,103.86857239188915,103.50030459607589,103.62020513107657,3279500
2020-05-07,104.4252700805664,104.46809450582347,103.8514593730253,103.88571760641298,3252800
2020-05-08,104.08269500732422,104.46809523505829,104.00561888223137,104.15977766650701,3486800
2020-05-11,103.79149627685547,104.12550584351294,103.70584743692147,104.0655555760126,4569400
2020-05-12,104.13407135009766,104.16832958117793,103.72298564531324,103.74011149380866,4267700
2020-05-13,104.34818267822266,104.4766494140638,104.18546424464087,104.26254036569178,2615800
2020-05-14,104.51087188720703,104.66503061065262,104.46805401263664,104.52800426430508,2257600
2020-05-15,104.4424057006836,104.68221335683099,104.36532956891838,104.65651477881873,1828900
2020-05-18,103.80009460449219,104.20262077942307,103.68019402482233,104.19406111951204,3091200
2020-05-19,104.09123992919922,104.10836577546814,103.77435623347093,103.77435623347093,1941700
2020-05-20,104.11692810058594,104.23682862228326,103.86856086733053,103.94564350790073,2366700
2020-05-21,104.18547821044922,104.35676285847127,104.14265378139847,104.21973644687174,2063800
2020-05-22,104.38243103027344,104.38243103027344,104.2197126120929,104.23683845934228,1352400
2020-05-26,104.10836029052734,104.16831055044301,103.96276773560187,104.05697622033912,3484800
2020-05-27,104.1939926147461,104.34814480089221,104.03983389451273,104.04839354879601,2542900
2020-05-28,104.09977722167969,104.15116128031104,103.94561851169878,104.00556875813098,3873900
2020-05-29,104.43383026123047,104.47664814993301,104.16833060128069,104.27110529552797,2993800
2020-06-01,104.3927001953125,104.3927001953125,104.15265889262716,104.26411131218461,8531700
2020-06-02,104.22118377685547,104.36692212062329,104.15259871838902,104.27261930038972,4711800
2020-06-03,103.60397338867188,103.89545673516275,103.51824530110414,103.87830719326891,4226600
2020-06-04,103.19243621826172,103.44962038193718,103.14099415302158,103.44105215492324,4744100
2020-06-05,102.6780776977539,102.71237023534776,102.31801586396762,102.53233931845462,10611700
2020-06-08,102.78952026367188,102.88382309789083,102.58377159839057,102.59233982649619,3314700
2020-06-09,103.15814208984375,103.32959819630396,103.08955703100719,103.19243461926204,3238600
2020-06-10,103.92976379394531,103.92976379394531,103.34680356017668,103.39823911177444,4944600
2020-06-11,104.29838562011719,104.46126702380394,104.23836876430745,104.31552862132439,6365800
2020-06-12,104.0668716430664,104.29834458240697,104.01543611904904,104.10973894016836,3051000
2020-06-15,103.98118591308594,104.36696558150297,103.98118591308594,104.29838703510995,2658000
2020-06-16,103.76683807373047,103.96401197687553,103.50107909965132,103.59537539639524,5252000
2020-06-17,103.92976379394531,103.96404980125399,103.70686550263046,103.86975347020302,2308300
2020-06-18,104.16119384765625,104.2126293812453,104.09260877578255,104.16976861679858,1694600
2020-06-19,104.19547271728516,104.25548301214556,103.92971377442214,103.92971377442214,2033200
2020-06-22,104.1011734008789,104.3412145884138,104.04973787230195,104.29835382814362,2284900
2020-06-23,104.0668716430664,104.10116417262172,103.93827629239178,103.99828658395577,2010600
2020-06-24,104.2640380859375,104.29833061089909,103.98112966047718,103.98112966047718,2310700
2020-06-25,104.28125,104.44413796606638,104.25553222443892,104.4184201905053,1650900
2020-06-26,104.56412506103516,104.64985313227614,104.4012371472345,104.41838668586223,3413900
2020-06-29,104.66699981689453,104.7098671243412,104.52126143658835,104.52983620620425,28632400
2020-06-30,104.47840118408203,104.75273494744586,104.40981610808286,104.71844240944627,4126700
2020-07-01,104.31533813476562,104.3925676675812,104.12656210626092,104.28101462535204,8416500
2020-07-02,104.444091796875,104.46125028523444,104.1266041166125,104.2038336805867,3054100
2020-07-06,104.28962707519531,104.30678556155736,104.0751099896893,104.17808054748727,2821900
2020-07-07,104.624267578125,104.63285009411541,104.31536246788602,104.36684447074532,2920400
2020-07-08,104.46121978759766,104.57277284226531,104.34967327947076,104.44406130424765,2096700
2020-07-09,104.79589080810547,104.89027885535407,104.47840969148956,104.48698566193592,2769400
2020-07-10,104.5899429321289,104.93317155608435,104.5556194150792,104.89884803903466,1939000
2020-07-13,104.70149230957031,104.71865734183429,104.40975222649959,104.43549322835388,2051100
2020-07-14,104.69296264648438,104.88173880563514,104.67579760662818,104.8388327525392,1721500
2020-07-15,104.6585922241211,104.76155623095002,104.52988066904331,104.53846318512626,2085400
2020-07-16,104.73583221435547,104.898867313663,104.73583221435547,104.82164429601798,1907100
2020-07-17,104.71007537841797,104.81304593292029,104.65859337443766,104.78730493093013,2405200
2020-07-20,104.77873992919922,104.87312798330183,104.70151036377763,104.855962948078,2695900
2020-07-21,104.89030456542969,104.9246280952553,104.7873405224968,104.8216640523224,3228400
2020-07-22,104.92459869384766,105.01898673778318,104.89027517364,105.01898673778318,2431500
2020-07-23,105.02758026123047,105.07047975607928,104.9331922074032,105.05332126744831,2006500
2020-07-24,104.9760971069336,105.05332667610605,104.91603257381861,104.94178012790485,3395600
2020-07-27,104.81305694580078,105.07905605637028,104.78731594110599,105.06189756875455,1976500
2020-07-28,105.06189727783203,105.08763828245556,104.9074447035485,104.94176822522734,1870300
2020-07-29,105.19915771484375,105.19915771484375,104.95031715668951,105.07044617834457,1874200
2020-07-30,105.34503936767578,105.35362188346768,105.2592338493811,105.32788088263341,28331800
2020-07-31,105.37077331542969,105.44799630796574,105.19057323976446,105.23347926664486,4039200
2020-08-03,105.31925201416016,105.32784152420238,105.1646735927823,105.21619754928277,6595900
2020-08-04,105.6799545288086,105.70571651235247,105.44809012503593,105.48244162038704,3842000
2020-08-05,105.32782745361328,105.43946486174296,105.29347596990978,105.41370288693425,2423700
2020-08-06,105.44810485839844,105.67996929456754,105.3965808841117,105.53398033283594,2286500
2020-08-07,105.22479248046875,105.54253884963688,105.1904409904065,105.48242537999717,2363400
2020-08-10,105.11317443847656,105.3879798577821,105.11317443847656,105.37080083364413,1994900
2020-08-11,104.7524642944336,104.80398824869972,104.50342092902034,104.7352852750941,7166500
2020-08-12,104.44330596923828,104.56353289538814,104.3144895335417,104.46906794600238,5538100
2020-08-13,104.22862243652344,104.52060026572225,104.12556796934211,104.4261353087752,5748400
2020-08-14,104.28014373779297,104.41754313865808,104.27155422777751,104.32308473599382,2722800
2020-08-17,104.45193481445312,104.62369232146331,104.42617282637133,104.50346534249566,3357700
2020-08-18,104.63224792480469,104.70095090964506,104.50343801807557,104.56355149184158,1853600
2020-08-19,104.49484252929688,104.74388592118856,104.46908054942479,104.68377245086138,4493800
2020-08-20,104.79541778564453,104.83835878992163,104.7267147995521,104.81259680810632,2880300
2020-08-21,104.8726806640625,104.89844263860194,104.70092324734041,104.86409115525751,2103700
2020-08-24,104.72672271728516,104.95000416302777,104.70955024540244,104.84694967609784,1974900
2020-08-25,104.47766876220703,104.52919272131119,104.2457978424847,104.39178676119771,3562800
2020-08-26,104.4347152709961,104.48623922393784,104.23719586492606,104.37460180860539,3337400
2020-08-27,104.06548309326172,104.65803497657282,104.06548309326172,104.65803497657282,4672900
2020-08-28,104.23722076416016,104.36603722916102,104.13417283366152,104.26298929866239,2277200
2020-08-31,104.34884643554688,104.52059732413879,104.23720246127336,104.2543814812584,3273300
2020-09-01,104.69087219238281,104.69087219238281,104.24399235133775,104.32993002577439,4622900
2020-09-02,104.83698272705078,104.87995484907088,104.5877588439098,104.60495031536794,3013400
2020-09-03,104.97447967529297,105.18073141952279,104.86275478984057,104.91432264336657,5750500
2020-09-04,104.39010620117188,104.77682908538304,104.31275769035435,104.699487131191,7512800
2020-09-08,104.61355590820312,104.77683556268877,104.58776869858613,104.62214508811624,3442700
2020-09-09,104.56195831298828,104.69946383200848,104.4502399962524,104.63930680659315,3964300
2020-09-10,104.69087219238281,104.70805710462044,104.3643064068739,104.42446343464196,3164200
2020-09-11,104.85421752929688,104.85421752929688,104.70811618802762,104.74249258852461,4905000
2020-09-14,104.75968933105469,104.93156478554812,104.69953226631915,104.86281198109943,1797100
2020-09-15,104.70807647705078,104.75964433655295,104.63933025875704,104.699487297655,2897600
2020-09-16,104.64794158935547,104.84560421993181,104.55341469961455,104.84560421993181,4015700
2020-09-17,104.68228149414062,104.88853979066063,104.64790511138729,104.88853979066063,3426800
2020-09-18,104.58776092529297,104.74245138836842,104.58776092529297,104.71667073729341,5606900
2020-09-21,104.77684783935547,104.97451046315717,104.75966292088981,104.85419636401758,5838100
2020-09-22,104.77684783935547,104.87138128248324,104.74247144579749,104.77684783935547,3387900
2020-09-23,104.77684783935547,104.81122423291345,104.63934882175022,104.77684783935547,3172000
2020-09-24,104.82838439941406,104.86275422608031,104.76822736781108,104.81978866443515,2866900
2020-09-25,104.91432189941406,104.94869828264606,104.84556913295008,104.89713042948573,2187400
2020-09-28,104.89717102050781,104.91436249708858,104.84560970401999,104.87998610055428,4167200
2020-09-29,104.97447967529297,105.03463670721936,104.92291182176696,104.95728820524272,2577100
2020-09-30,104.69087219238281,104.87134327568704,104.55337322460906,104.87134327568704,4276400
2020-10-01,104.75020599365234,104.82760468261324,104.42342829584139,104.50942173622543,8733800
2020-10-02,104.64701843261719,104.85340400554682,104.56961974221915,104.8362079415023,7509700
2020-10-05,103.98486328125,104.36324232860261,103.98486328125,104.35464101546835,6132200
2020-10-06,104.22564697265625,104.39764042997112,103.94186924962592,104.01066007167232,8516400
2020-10-07,103.9247055053711,104.13969248678927,103.86450941300929,104.02790161836934,7116700
2020-10-08,104.11385345458984,104.13104951943701,104.00206263088477,104.0450560734424,3499000
2020-10-09,104.06224060058594,104.16543009348094,103.86444980440677,104.02784191599486,4358500
2020-10-12,104.17407989501953,104.17407989501953,104.04508640797962,104.10528249381407,3287900
2020-10-13,104.40626525878906,104.4234613279539,104.28586653111113,104.28586653111113,6583300
2020-10-14,104.44064331054688,104.52664332741476,104.39764986299308,104.46644725213532,5200600
2020-10-15,104.32882690429688,104.56961114640171,104.30302952991114,104.55241508377074,3839200
2020-10-16,104.26864624023438,104.44923444847893,104.23424754901453,104.32884230964923,2726200
2020-10-19,104.09667205810547,104.16546288806693,103.96767859049726,104.07086811587959,3635800
2020-10-20,103.87306213378906,104.03645426270846,103.83866344554924,103.96765688622882,6129700
2020-10-21,103.7354507446289,103.84724810369894,103.6752546900827,103.7440520555292,6425300
2020-10-22,103.37432861328125,103.68391035921665,103.36572729787157,103.64951165845925,6749000
2020-10-23,103.52050018310547,103.61509495353123,103.3485132700842,103.3571145839993,5049900
2020-10-26,103.79571533203125,103.90751276491741,103.70112053230399,103.744120554319,4817800
2020-10-27,104.02786254882812,104.06226124024182,103.89886909624664,103.94186910073365,3620100
2020-10-28,104.0192642211914,104.20845374895687,103.95046683638947,104.18265636987607,5586600
2020-10-29,103.58068084716797,104.00205987487018,103.51189002872283,103.9848572495995,7504800
2020-10-30,103.24529266357422,103.58067165692475,103.24529266357422,103.53767821932105,7246800
2020-11-02,103.42257690429688,103.62048646695509,103.37094289944359,103.5516455038411,7674300
2020-11-03,103.19023132324219,103.28488599803532,103.11279017024872,103.26767904127067,9203500
2020-11-04,104.0593490600586,104.17121071172593,103.93027388349708,104.0593490600586,14922300
2020-11-05,104.04214477539062,104.13679290459744,103.92166979314227,104.10237898399662,6250700
2020-11-06,103.68934631347656,103.76678748730633,103.56887788860577,103.71516003808648,10402200
2020-11-09,102.92350769042969,102.94071465168648,102.56210241870637,102.90629416413616,11195800
2020-11-10,102.63093566894531,102.82885182886386,102.57930822072163,102.58791498377113,4810500
2020-11-11,102.7944107055664,102.83743794713946,102.62231486934486,102.63952182695289,1699900
2020-11-12,103.37954711914062,103.38815388057714,103.06976935778027,103.10418983849091,6324000
2020-11-13,103.24187469482422,103.37094329486217,103.22466117146209,103.33652281317352,6766000
2020-11-16,103.16442108154297,103.25907575952536,103.15581432035314,103.17302784273281,3911400
2020-11-17,103.43116760253906,103.4741948417929,103.33651292820863,103.36233321078193,4707900
2020-11-18,103.3967514038086,103.50000627167957,103.25046273259998,103.50000627167957,7931200
2020-11-19,103.50862884521484,103.61189029389575,103.4742083623212,103.50862884521484,9323000
2020-11-20,103.68934631347656,103.70655327487093,103.54306416399584,103.5602711253902,16772200
2020-11-23,103.48284149169922,103.56888943834039,103.43120747168452,103.55167590998965,2511900
2020-11-24,103.31932830810547,103.42258976561772,103.26770086186754,103.40537624018081,4349300
2020-11-25,103.35371398925781,103.5430233150949,103.34510722943772,103.39674122332413,2125500
2020-11-27,103.66349792480469,103.66349792480469,103.51721582423927,103.52581601954223,2988100
2020-11-30,103.59468078613281,103.697942238817,103.56026030190475,103.62049450804483,2390900
2020-12-01,103.04359436035156,103.336359726959,102.92304584745476,103.30191635621688,13902200
2020-12-02,102.87139129638672,102.9661089302253,102.72501188750954,102.94888395894462,5578500
2020-12-03,103.14691162109375,103.24162923648304,102.98330727280309,103.02636312321656,4484900
2020-12-04,102.74221801757812,102.84554812471501,102.63888791044124,102.81971724028101,4709100
2020-12-07,103.06084442138672,103.12111869250936,102.97473268886621,102.99195766313144,4441600
2020-12-08,103.16414642333984,103.36219416957198,103.1555405074091,103.25025813785905,4735700
2020-12-09,103.01780700683594,103.12974308199769,102.87142754637735,102.97475113286387,3444100
2020-12-10,103.2502670288086,103.28470383429988,103.0177758906291,103.10388104316141,3557600
2020-12-11,103.45689392089844,103.56021744942306,103.37078879066114,103.3966196727923,4336600
2020-12-14,103.39663696289062,103.46552370635992,103.1383149595815,103.18997673248275,2870600
2020-12-15,103.29329681396484,103.35357106629517,103.1899667087982,103.26746593002338,2889200
2020-12-16,103.20721435546875,103.32776288661763,103.0177790724056,103.06083493470258,5058400
2020-12-17,103.13225555419922,103.45104602027378,103.06333339330696,103.38211728597562,3233200
2020-12-18,103.04609680175781,103.26149416404134,103.0288679050737,103.20980090058316,3189500
2020-12-21,103.11499786376953,103.24423756113856,103.02884025665821,103.20977320361321,2850500
2020-12-22,103.28733825683594,103.30457372650221,103.14086963170092,103.24426272948158,3688500
2020-12-23,103.07192993164062,103.09778313338893,102.89099695983238,103.08916539947283,3047100
2020-12-24,103.21842956542969,103.21842956542969,103.14088308862519,103.16672972309118,1529300
2020-12-28,103.22700500488281,103.22700500488281,102.9943788017858,103.05468978580386,3677500
2020-12-29,103.20978546142578,103.24424982304431,103.08054574870746,103.08054574870746,2157300
2020-12-30,103.27870178222656,103.27870178222656,103.15807981774924,103.16669097706615,2549100
2020-12-31,103.34766387939453,103.39074598625145,103.26150623908731,103.26150623908731,2626200
2021-01-04,103.37345886230469,103.44238099168602,103.08913289337193,103.11497951356529,5499000
2021-01-05,103.13225555419922,103.29595965480587,103.02886902615788,103.27873075793428,5004400
2021-01-06,102.52912902832031,102.63252211309394,102.33096059252208,102.63252211309394,10039300
2021-01-07,102.16725158691406,102.23618030233459,102.08109397934047,102.16725158691406,7751700
2021-01-08,101.87434387207031,102.03804798575487,101.77956849819044,101.96911924595017,8378700
2021-01-11,101.67616271972656,101.80540243905021,101.65892725133398,101.79678470485392,6061000
2021-01-12,101.65894317626953,101.70202528059465,101.2970771642009,101.46939243468894,6516600
2021-01-13,102.01216888427734,102.14140858692645,101.78815383791252,101.81400046376147,7562900
2021-01-14,101.77953338623047,102.07247714263735,101.69337577790051,102.00354842661172,8113000
2021-01-15,102.05525970458984,102.12418843279147,101.84848009339028,101.99494871076475,5978400
2021-01-19,102.11556243896484,102.11556243896484,101.86570732290238,101.90878284449032,4035700
2021-01-20,102.15865325927734,102.15865325927734,101.97772027698313,102.00356690682439,4277700
2021-01-21,102.01216888427734,102.08109760214411,101.92601127364605,101.98632225842839,4254500
2021-01-22,102.16725158691406,102.18448047906715,102.0466296216302,102.09832287149354,4706200
2021-01-25,102.58084869384766,102.58084869384766,102.27929366904411,102.3137580395083,5689200
2021-01-26,102.5463638305664,102.58082819414327,102.46020620832688,102.47744167681792,4257100
2021-01-27,102.66698455810547,102.82206432226363,102.63252019715763,102.71867781282485,5764700
2021-01-28,102.3998794555664,102.53773688865688,102.28787522123355,102.52911915573767,5394200
2021-01-29,102.21895599365234,102.3481957058209,102.07248738745022,102.10695174892216,7952100
2021-02-01,102.34654998779297,102.39827724899354,102.19136162646225,102.22584865983897,3640700
2021-02-02,102.08793640136719,102.13104027216131,101.99309867679683,102.02757914233976,3609800
2021-02-03,101.83790588378906,102.00171111011952,101.82065907402966,101.9499838363026,3844200
2021-02-04,101.80337524414062,101.84647909461837,101.6395635102328,101.71716096545728,2146000
2021-02-05,101.58786010742188,101.88961344251734,101.58786010742188,101.77753551169027,5498000
2021-02-08,101.63093566894531,101.76888377099417,101.51023436851634,101.57058501873082,2861300
2021-02-09,101.70857238769531,101.84651396527212,101.66546194472939,101.74305942652204,4458500
2021-02-10,101.96720886230469,101.96720886230469,101.81202048626601,101.82064388985972,6726800
2021-02-11,101.8896255493164,102.00170349346087,101.84651510586768,101.96721645424792,5949900
2021-02-12,101.55340576171875,101.75169805529795,101.51891871550248,101.63962008839368,8802400
2021-02-16,100.82051086425781,101.19985497917581,100.75153681509913,101.10501730601447,8909000
2021-02-17,100.88953399658203,101.01885876567137,100.76883263282691,100.88953399658203,4789700
2021-02-18,100.88090515136719,100.95849605693904,100.6481192791912,100.72571676249328,4469900
2021-02-19,100.47563934326172,100.6739314969357,100.3290744335502,100.57910040891348,5851800
2021-02-22,100.31185150146484,100.5877411644532,100.23426061705956,100.39806578782463,3828000
2021-02-23,100.38948059082031,100.51018194529607,100.15669470880957,100.24290902233075,7344900
2021-02-24,100.2514877319336,100.30321498143867,99.82903317961113,99.8893838299429,7133700
2021-02-25,98.9151840209961,99.76871681982729,98.3720214035973,99.67387911132052,35760600
2021-02-26,99.80319213867188,99.84629599710395,98.89792560112075,99.26865298782762,28188400
2021-03-01,99.69103240966797,99.80318472240322,99.42360443014574,99.61339457627447,9616500
2021-03-02,99.87222290039062,99.88085152272849,99.56166489504174,99.60479484331029,6271000
2021-03-03,99.33732604980469,99.41496387387645,99.14753592646343,99.3977132179853,8377300
2021-03-04,98.84561157226562,99.44085470444459,98.69895794417141,99.32870897385051,12327900
2021-03-05,98.70757293701172,98.83697589797396,98.36250056834842,98.44877359679523,8634600
2021-03-08,98.31939697265625,98.50055853384794,98.28488906837548,98.4746792510648,7416400
2021-03-09,98.78524017333984,98.87150664001292,98.59544999763335,98.75073227032871,7035000
2021-03-10,98.99224090576172,99.0871359551709,98.7334350288809,98.78520015328118,5683100
2021-03-11,98.95775604248047,99.09578763072295,98.81110241625413,98.98363531984884,7576500
2021-03-12,98.24173736572266,98.33663244240745,98.13822025058197,98.32801040395157,7332600
2021-03-15,98.36250305175781,98.45739812007878,98.27623660284097,98.30211587934521,4465500
2021-03-16,98.3452377319336,98.55227849480701,98.23309202323281,98.47464067686967,5479400
2021-03-17,98.1813735961914,98.3884210392541,97.7931711584419,97.97433273483902,8975900
2021-03-18,97.56886291503906,97.68101524713941,97.30143488934063,97.39632997879033,8281400
2021-03-19,97.50845336914062,97.6551069894933,97.33592047245607,97.36179974878793,8748100
2021-03-22,97.82763671875,97.87939526625568,97.68098311301226,97.75862093427078,4679800
2021-03-23,98.31075286865234,98.32801010892985,97.97430908203707,98.04332487972962,7544000
2021-03-24,98.44015502929688,98.4574056877229,98.08645400533102,98.11233986553306,14634800
2021-03-25,98.31075286865234,98.55230157886754,98.16409923483721,98.49191440131374,10573800
2021-03-26,97.98291778564453,98.25034572020841,97.97428916725968,98.04330495092371,6409700
2021-03-29,97.64652252197266,98.07786151135257,97.56024945872815,98.06923288868599,6298000
2021-03-30,97.56021881103516,97.6206125690184,97.2927908277772,97.37905728221119,5784900
2021-03-31,97.42218780517578,97.64648583826832,97.3014134600586,97.53433353086795,8620000
2021-04-01,97.85379791259766,97.90558857016886,97.65525608225698,97.72431468287901,8535300
2021-04-05,97.57759857177734,97.6552845808051,97.37042929524411,97.51717392504713,9944500
2021-04-06,98.05233764648438,98.06960559032582,97.75021448716856,97.7847437890605,8765200
2021-04-07,97.99190521240234,98.23361030640112,97.95738249905007,98.0350684827783,6316800
2021-04-08,98.32855987548828,98.33718726054884,98.14727941657443,98.16454735827581,6334700
2021-04-09,98.06961059570312,98.25088450054466,97.92286599451587,98.00918596075594,5887400
2021-04-12,98.0091552734375,98.0350505966224,97.9055673949087,97.99188733412143,5466000
2021-04-13,98.41487884521484,98.41487884521484,98.00916783454991,98.03506316105363,7663800
2021-04-14,98.29405212402344,98.32858142920493,98.16456887604076,98.25088884609869,4876900
2021-04-15,98.9241943359375,99.07093894436171,98.60480978651913,98.60480978651913,9958500
2021-04-16,98.6566162109375,98.81199481696888,98.60482553752459,98.63072087423105,7334900
2021-04-19,98.55300903320312,98.71702158137302,98.440793734124,98.49258439742339,5738600
2021-04-20,98.84648895263672,98.91554096401708,98.52709788006513,98.52709788006513,6468300
2021-04-21,98.8982925415039,98.95008320325991,98.69975069512058,98.83786790752484,7976500
2021-04-22,98.97600555419922,99.0019008904235,98.65661437391728,98.88967898572827,7681300
2021-04-23,98.84648895263672,98.96733820479024,98.69111040189789,98.95870423369632,5509900
2021-04-26,98.74292755126953,98.88104478267003,98.74292755126953,98.80335219355923,7145300
2021-04-27,98.35447692871094,98.69112942256282,98.35447692871094,98.60480945235827,7720500
2021-04-28,98.48394012451172,98.50120806766637,98.11276496196545,98.36309086559184,8692900
2021-04-29,98.311279296875,98.31991326661588,97.92283627379602,98.01779018357786,5547800
2021-04-30,98.39761352539062,98.43214282357893,98.20770567825011,98.35445684199793,5160000
2021-05-03,98.56520080566406,98.77250461347096,98.40108172152942,98.43563345450877,8593300
2021-05-04,98.69477081298828,98.95389893220351,98.6429399170897,98.76386769073736,11171000
2021-05-05,98.81573486328125,98.84164702570855,98.59115180545827,98.59115180545827,6810000
2021-05-06,98.85889434814453,98.9711891434036,98.72933356910737,98.74660614295561,6546200
2021-05-07,98.89341735839844,99.29075234218772,98.80704133410829,99.0920881453272,10657600
2021-05-10,98.69477081298828,99.01436281902734,98.65157949808437,98.9366263602836,5906800
2021-05-11,98.5306396484375,98.61701567758959,98.48744833882715,98.54791221824048,6591300
2021-05-12,98.05553436279297,98.23693254070842,98.0123496552481,98.16782910055652,14509800
2021-05-13,98.38379669189453,98.41834842049866,98.11602244272964,98.17649291033815,8242700
2021-05-14,98.5997543334961,98.6343060671044,98.42699566545451,98.53065086627946,7943100
2021-05-17,98.50473022460938,98.57383368587078,98.46153891380379,98.5306423750652,6711100
2021-05-18,98.50473022460938,98.54791494534616,98.40107503271726,98.4960906444345,4319600
2021-05-19,98.21106719970703,98.68614537144013,98.12469114759293,98.48747452051437,13156500
2021-05-20,98.61701202392578,98.62565160354148,98.35788394606995,98.38379609484869,8412700
2021-05-21,98.65158081054688,98.73795685143443,98.53929261639999,98.7120446981751,6648700
2021-05-24,98.74657440185547,98.84159000265433,98.66019838023868,98.70338309601306,4826000
2021-05-25,99.109375,99.12665416138962,98.85024688977825,98.85024688977825,5748200
2021-05-26,98.99711608886719,99.16986821343845,98.95392476268881,99.04030741504556,4501600
2021-05-27,98.8243408203125,98.8243408203125,98.64294256490246,98.78114950424924,5998100
2021-05-28,98.81573486328125,99.0230387527715,98.78118311668757,98.78118311668757,5575700
2021-06-01,98.79752349853516,98.81480800212655,98.58143093322307,98.7024422422281,9498100
2021-06-02,98.9099349975586,98.97908623314542,98.85807486818086,98.90128944445404,4269900
2021-06-03,98.65922546386719,98.82345793106207,98.61600431104053,98.82345793106207,3591200
2021-06-04,99.20379638671875,99.21244193795219,98.89262908317185,98.90991359101537,6326000
2021-06-07,99.12602233886719,99.16059795480359,99.05687110699438,99.08280117029057,3068500
2021-06-08,99.41127014160156,99.46313027023746,99.36804897132184,99.43720020591951,4760500
2021-06-09,99.7224349975586,99.87802196388519,99.5927780931824,99.76564956926792,5679300
2021-06-10,100.07682037353516,100.0854659254564,99.46311807960448,99.50633924458683,6494800
2021-06-11,99.92988586425781,100.0249671580853,99.84345012294854,100.00767605304885,3914200
2021-06-14,99.61869812011719,99.8347907407682,99.57547695813761,99.8261451894476,3730900
2021-06-15,99.635986328125,99.65327743140831,99.51497498363655,99.56684169886279,4212700
2021-06-16,98.95313262939453,99.7310607635054,98.80618464007243,99.6792006464642,13529000
2021-06-17,99.30752563476562,99.62734509195364,99.03957289161733,99.10872411392124,8838100
2021-06-18,99.869384765625,99.90396038265912,99.23839129534538,99.43719944463544,13435000
2021-06-21,99.54956817626953,99.70515516017797,99.47177798162774,99.62736496553617,6460000
2021-06-22,99.73107147216797,99.75700812809674,99.41125858990958,99.43718865121443,5459700
2021-06-23,99.53227996826172,99.72244256315722,99.48905879864924,99.61871571286206,5429800
2021-06-24,99.51497650146484,99.64463339957253,99.47176193184481,99.53226760501188,3631700
2021-06-25,99.30752563476562,99.61869954050977,99.13465417362934,99.5841239293578,6716800
2021-06-28,99.61869812011719,99.7137794007735,99.4890412288019,99.49768678012249,4968900
2021-06-29,99.6705551147461,99.67920066579572,99.48039255939386,99.48903811044347,3373200
2021-06-30,99.8261489868164,99.97309698636278,99.80021892649167,99.81751002979061,6572800
2021-07-01,99.75434875488281,99.8581381815607,99.6159540539489,99.79759214965775,11966200
2021-07-02,100.11763763427734,100.11763763427734,99.84950611601558,99.87545347597337,5071900
2021-07-06,100.64524841308594,100.7144457671403,100.23872220679516,100.23872220679516,9095300
2021-07-07,100.9393310546875,101.12097576564794,100.74039690309944,100.83554161873656,7456400
2021-07-08,101.19880676269531,101.36314881698857,101.04311602679181,101.1296094136221,7368000
2021-07-09,100.68848419189453,100.80092492708906,100.67983287410358,100.78362229150716,5531200
2021-07-12,100.63658142089844,100.8182194977356,100.55873935897759,100.77497610745353,3867700
2021-07-13,100.32521057128906,100.7922827892108,100.23871718256783,100.68849336235435,6926500
2021-07-14,100.75768280029297,100.78363015666879,100.51549867542195,100.60199206301553,6029200
2021-07-15,101.18153381347656,101.23342853761207,100.79230358538844,101.01719172168221,5704500
2021-07-16,101.1642074584961,101.18151009516791,100.90472729962025,100.91337201893379,3577900
2021-07-19,102.02919006347656,102.15893348762452,101.78700585788019,101.8389005879295,20557500
2021-07-20,101.8994369506836,102.51354872763429,101.81294354248368,102.47030532304635,8729000
2021-07-21,101.311279296875,101.55347009463003,101.21613456179878,101.48427272384288,7438300
2021-07-22,101.54479217529297,101.75237763425584,101.30260803999916,101.31125275981482,6363500
2021-07-23,101.38911437988281,101.41506174068911,101.17287757446557,101.18152889440887,6804600
2021-07-26,101.31988525390625,101.56206934420342,101.30258921846568,101.54477330876286,6179600
2021-07-27,101.75237274169922,101.81291877261144,101.63993199829723,101.73507670387677,8621200
2021-07-28,101.83885192871094,101.84750324592706,101.42368108863819,101.5620691689886,11533500
2021-07-29,101.5274887084961,101.65723209392188,101.44099531788648,101.46694267516709,6203800
2021-07-30,101.81293487548828,101.87348091597654,101.69184279451174,101.7004941143025,5656400
2021-08-02,102.25951385498047,102.45857649554857,101.87868918149664,101.97389534986759,19495800
2021-08-03,102.28550720214844,102.44995546783383,102.23357895121084,102.28550720214844,6627300
2021-08-04,102.25951385498047,102.67495295033979,101.93927432470676,102.58840368908037,7545000
2021-08-05,101.88735961914062,102.09507919440522,101.81811755962367,102.04315095141062,5164600
2021-08-06,101.29015350341797,101.48056585621978,101.2641893831788,101.38535967981888,7807600
2021-08-09,101.07378387451172,101.53250097189454,101.07378387451172,101.43729478904682,10842500
2021-08-10,100.88336944580078,101.16033108025232,100.87471914083615,101.15168077528769,7192400
2021-08-11,100.99589538574219,101.25554321896952,100.77951888974276,100.95261744522766,7254300
2021-08-12,100.89202117919922,101.00453456754458,100.770850883047,100.89202117919922,6932200
2021-08-13,101.47190856933594,101.47190856933594,101.03050532034703,101.04781253267986,6896500
2021-08-16,101.69694519042969,101.97390681958282,101.69694519042969,101.74022312756985,6928100
2021-08-17,101.64502716064453,101.87005396718043,101.62771334273454,101.67964819317777,7785500
2021-08-18,101.59306335449219,101.68826951600157,101.3766869152954,101.60172026097983,7025800
2021-08-19,101.81814575195312,101.88738783064244,101.72293954457733,101.80948884129494,6242600
2021-08-20,101.72290802001953,101.87869934714577,101.61905153745938,101.81811419789034,6510200
2021-08-23,101.74888610839844,101.76619992672592,101.61040857821318,101.69695785998982,3958500
2021-08-24,101.47190856933594,101.70559885718738,101.44594444919376,101.61904958895147,3649700
2021-08-25,101.07378387451172,101.47191581947202,101.0218556305171,101.43729478904682,5874700
2021-08-26,101.07378387451172,101.11706181336481,100.90933563081359,101.0218556305171,6850600
2021-08-27,101.40267944335938,101.40267944335938,100.9439557468455,101.0737829589424,6360700
2021-08-30,101.60171508789062,101.61037199393749,101.3507176388078,101.38533865971073,6546200
2021-08-31,101.41133880615234,101.68830046849608,101.36806746711272,101.54982293896767,7418400
2021-09-01,101.45462036132812,101.58453625633375,101.36801196725668,101.54989157714579,11908600
2021-09-02,101.57587432861328,101.57587432861328,101.45462125428665,101.56721150679081,2976200
2021-09-03,101.33340454101562,101.37671205787083,101.22947046524271,101.34206736594653,4988900
2021-09-07,100.93498992919922,101.05624303434122,100.84838151235475,100.97829083372214,7098600
2021-09-08,101.21212768554688,101.28141705314479,101.01292240565228,101.07354895035101,6046200
2021-09-09,101.4979476928711,101.6105379663821,101.16882648018041,101.25544149897156,7009500
2021-09-10,101.17748260498047,101.35936223836345,101.08221137685636,101.27275383310456,8147100
2021-09-13,101.29873657226562,101.38534497827548,101.2554356731596,101.27275471124244,4269300
2021-09-14,101.67984008789062,101.7837675509943,101.42000821453337,101.47197855388424,6991000
2021-09-15,101.50660705566406,101.63652298008054,101.33339022830768,101.61920394046426,5108900
2021-09-16,101.18618774414062,101.34208558192255,101.05627177802228,101.15154304598903,5682700
2021-09-17,100.89164733886719,100.96093669137171,100.79637613112257,100.93495483613161,7611700
2021-09-20,101.40267944335938,101.51526972018462,101.17749228191047,101.2554444795575,8781600
2021-09-21,101.342041015625,101.46329410193293,101.28141447247104,101.43731224169518,4867900
2021-09-22,101.43731689453125,101.52392530189562,101.15150320321074,101.34204566409107,10966400
2021-09-23,100.51927185058594,100.99562810977321,100.51927185058594,100.96964624250835,10650100
2021-09-24,100.21612548828125,100.38934892626641,100.15549893693607,100.38068610241753,10528000
2021-09-27,99.94761657714844,100.12083337121432,99.92163471881827,99.94761657714844,6742100
2021-09-28,99.56656646728516,99.79175366443887,99.36736774533333,99.58389211741975,10295500
2021-09-29,99.67048645019531,99.91299265539116,99.48860679629843,99.77441390510867,8364000
2021-09-30,99.79175567626953,99.82640036943774,99.53192378140776,99.57523129981791,7307900
2021-10-01,100.19908142089844,100.2424190199636,99.89573806461003,99.98240665035111,19830100
2021-10-04,100.07775115966797,100.25108834341509,99.89574513301656,100.02575132702177,7691800
2021-10-05,99.7657470703125,99.94775311179811,99.66174078415347,99.92175319335591,6861900
2021-10-06,99.791748046875,99.89575433413683,99.71374829072136,99.80041689057774,7473500
2021-10-07,99.39306640625,99.59241013548376,99.3843975626163,99.56640360458262,8160200
2021-10-08,99.1763916015625,99.34106656865072,99.06372308388599,99.34106656865072,9455100
2021-10-11,98.93368530273438,99.08102253553032,98.91634762100064,99.00302280489299,2261300
2021-10-12,99.3843994140625,99.41906817685293,99.04638724234384,99.10705592412948,7938400
2021-10-13,99.5750503540039,99.7137253718123,99.39304435242198,99.44504417790574,11662400
2021-10-14,99.80906677246094,99.8523977579619,99.5837231657331,99.68772282084667,9518200
2021-10-15,99.31503295898438,99.47103903990305,99.26303313614096,99.44503912848134,8689700
2021-10-18,99.1763916015625,99.25439135709465,98.8643793546534,99.02038547810795,8703300
2021-10-19,98.82102966308594,99.08104204117416,98.80369859032847,99.0377044406963,7445200
2021-10-20,98.77769470214844,98.98570062881932,98.75169478786322,98.82102568849406,6230000
2021-10-21,98.51765441894531,98.7603290333629,98.48298567225889,98.71699805929536,7103900
2021-10-22,98.76902770996094,98.8470340666669,98.51768417984734,98.61302160893834,10204600
2021-10-25,98.89038848876953,98.99439478489502,98.78638880503493,98.78638880503493,4835000
2021-10-26,99.01170349121094,99.01170349121094,98.71702897068558,98.90770383097346,5603100
2021-10-27,99.56640625,99.72241237760045,99.08105679186103,99.35840028399622,16140300
2021-10-28,99.306396484375,99.59240880896552,99.20239019932657,99.46240260575254,9940400
2021-10-29,99.34971618652344,99.54905989044748,98.96837307613089,99.03770397922717,11254300
2021-11-01,99.34191131591797,99.41996621504514,99.03835345753724,99.06437175724629,14479000
2021-11-02,99.5847396850586,99.7061628065641,99.44597323922252,99.45464159285588,12191100
2021-11-03,99.27250671386719,99.63677607766182,99.10771535626607,99.60208281200559,17031100
2021-11-04,99.81027221679688,99.88832712503859,99.44600274420398,99.44600274420398,12665400
2021-11-05,100.35668182373047,100.44341170990826,99.93170074951296,100.03577396609985,12955100
2021-11-08,99.9229965209961,100.19186107455076,99.8796348991354,100.19186107455076,7404300
2021-11-09,100.38269805908203,100.59085772209815,100.30464314825049,100.34800478191268,12345400
2021-11-10,99.5240249633789,100.23522034549349,99.34189028690533,100.20920205129207,19425100
2021-11-11,99.20311737060547,99.5673933411384,99.20311737060547,99.52402510603144,3746100
2021-11-12,99.4112777709961,99.68881727358308,99.32454130007342,99.56739415476775,10613400
2021-11-15,99.02100372314453,99.376604798763,98.98631045110382,99.35058649899872,8021400
2021-11-16,98.93429565429688,99.22051024890868,98.91695232298699,99.02970051916748,6573700
2021-11-17,99.28986358642578,99.29853194064708,98.91691922591673,98.93426255142363,10006200
2021-11-18,99.35055541992188,99.37657371154704,99.12505253073215,99.1423958527946,10183400
2021-11-19,99.61943054199219,99.83625848473254,99.55871898270743,99.6714671307895,10731600
2021-11-22,98.89090728759766,99.25518334168228,98.83019571476108,99.1597784962155,10876200
2021-11-23,98.48326873779297,98.76947663537618,98.48326873779297,98.71744003891826,11543700
2021-11-24,98.78681945800781,98.80416278322207,98.43989340014512,98.5006049639913,8322900
2021-11-26,100.0617904663086,100.07913379525812,99.67149608575568,99.72353930673543,13878500
2021-11-29,99.83628845214844,99.91434335877379,99.44600068489034,99.47201898709879,13908200
2021-11-30,100.43475341796875,100.73831135854415,99.93171076383418,100.45209675011584,19416800
2021-12-01,100.62394714355469,100.62394714355469,99.955611929989,100.07712742336459,24991000
2021-12-02,100.40695190429688,100.64130131545846,100.17260249313529,100.59790671003469,11448900
2021-12-03,100.99718475341797,101.24021576317256,100.15525116812647,100.24204701131049,19790900
2021-12-06,100.49375915527344,100.9277449914058,100.38092522183443,100.84963071950918,9863200
2021-12-07,100.11184692382812,100.42431724756925,100.04241422462867,100.21600590577455,7678400
2021-12-08,99.79068756103516,99.99031730395535,99.6604905075105,99.96427921766987,11126500
2021-12-09,100.04238891601562,100.198624038362,99.90351030855375,100.03370734752514,9198400
2021-12-10,100.11184692382812,100.3896042090186,100.059770743904,100.19864938649923,5051500
2021-12-13,100.58922576904297,100.67602160253078,100.34619478643805,100.36355130429656,5706900
2021-12-14,100.41561889648438,100.51977123205928,100.18994446591105,100.3808992439272,4749500
2021-12-15,100.26809692382812,100.45037682473352,100.05978555120656,100.1726261205384,8428000
2021-12-16,100.55998229980469,100.69898848062216,100.39491411712882,100.41229320382075,9085400
2021-12-17,100.78585815429688,101.07254678620643,100.7250446107792,100.8814232409931,7933100
2021-12-20,100.69898986816406,101.0812436143202,100.67292123776694,100.95092697505305,13772100
2021-12-21,100.29934692382812,100.37753955594489,100.10822337147697,100.33409846830453,7672800
2021-12-22,100.39490509033203,100.46440817449155,100.20377492298283,100.45571863192689,5538200
2021-12-23,100.18641662597656,100.33410572955512,100.06478952559658,100.32542281394215,7209700
2021-12-27,100.22115325927734,100.27327725791805,100.12558817631678,100.15165017563714,3471800
2021-12-28,100.20379638671875,100.41230568386015,100.15167237652356,100.38624367876257,8314500
2021-12-29,99.69120788574219,99.96921360339007,99.62170479928542,99.8823380594087,11879900
2021-12-30,100.0213394165039,100.03002895951323,99.72596123597921,99.89102941226022,10296000
2021-12-31,99.90841674804688,100.17773296782828,99.90841674804688,100.04742294417937,7584500
2022-01-03,98.97879028320312,99.39580205774803,98.97879028320312,99.36105052418785,27744600
2022-01-04,98.92668914794922,98.94406160465351,98.67474544257458,98.75293144001215,15911800
2022-01-05,98.50970458984375,98.95277858270629,98.44020148739851,98.94408903785546,13715700
2022-01-06,98.26643371582031,98.35330926507218,98.15349616461083,98.28380617439886,10957400
2022-01-07,97.9449691772461,98.17085086698927,97.71040457387387,98.13609932793814,13318200
2022-01-10,97.91893005371094,97.95368160087997,97.63223476070128,97.69304831120212,8430700
2022-01-11,98.15350341796875,98.16218633380991,97.7886154790591,97.87549766291094,8086500
2022-01-12,98.1708755493164,98.54444640281712,98.15350308951218,98.31856465628226,7996500
2022-01-13,98.4836196899414,98.51837123308567,98.15348997233959,98.23167597327983,8431100
2022-01-14,97.80599212646484,98.24905943778884,97.77993012323165,98.23168697836,10595700
2022-01-18,97.06752014160156,97.47583582244003,97.03276860166623,97.38896028669097,11594100
2022-01-19,97.30208587646484,97.49321603423076,97.1630797151156,97.22389988183983,10349700
2022-01-20,97.5105972290039,97.5105972290039,97.32815659701703,97.458473227916,8297300
2022-01-21,98.07527923583984,98.21428538275256,97.86677664364868,98.05790678156471,13250000
2022-01-24,97.98841857910156,98.42280291186032,97.97103949401102,98.37936182731288,22377400
2022-01-25,97.85811614990234,98.24905945482776,97.79730259962106,98.07530834778976,13534000
2022-01-26,97.16310119628906,97.96237354439609,97.16310119628906,97.87549798843534,12694700
2022-01-27,97.5714111328125,97.75385176547216,97.38028095721307,97.39766004309259,11609400
2022-01-28,97.79731750488281,97.87551015469313,97.40637414037383,97.43243614758364,6713500
2022-01-31,97.79731750488281,97.86682060956291,97.55406326668337,97.61487682623323,8258600
2022-02-01,97.66511535644531,97.86512697496191,97.50858654377201,97.8303420571962,16338700
2022-02-02,97.86515045166016,98.09994040972111,97.7434065275476,97.7434065275476,5997100
2022-02-03,97.4477310180664,97.53469664440831,97.3259871026427,97.4303418735255,8032600
2022-02-04,96.6998519897461,96.91725274209223,96.60419512795023,96.8911657133378,8616400
2022-02-07,96.72594451904297,96.8302926328373,96.60419399537562,96.72594451904297,10294700
2022-02-08,96.41289520263672,96.51724332540776,96.36071450670626,96.46506926402223,8111500
2022-02-09,96.54331970214844,96.84768605209575,96.50854142142597,96.63897656049573,10113400
2022-02-10,95.65633392333984,96.247664252975,95.62154900576782,96.18679230586011,16633900
2022-02-11,96.64767456054688,96.72594227862412,95.58675786458217,96.06504215687583,18315600
2022-02-14,95.97807312011719,96.37808965238162,95.83893347348076,96.12590401876074,11090000
2022-02-15,95.69109344482422,95.86501135198249,95.62152362814376,95.699791330545,8490500
2022-02-16,95.89111328125,95.95198522167246,95.60414935328347,95.93459608207058,9007700
2022-02-17,96.4041976928711,96.43898261211305,96.10852919658699,96.1172270850337,8749500
2022-02-18,96.71724700927734,96.72594489697565,96.49984625863054,96.56071820342987,8486800
2022-02-22,96.70855712890625,96.71725501732472,96.38680160287211,96.49985424867745,8392500
2022-02-23,96.20420837402344,96.4390049747158,96.09986022664593,96.35204597371906,7941800
2022-02-24,96.43025970458984,97.00420077135414,96.2911266982654,96.97810711278402,19162100
2022-02-25,96.4041976928711,96.42158683521959,96.07375091188999,96.28245379279674,8101900
2022-02-28,97.49989318847656,97.51728232971223,97.03030676057934,97.06509167759519,12291800
2022-03-01,98.44950866699219,98.78025345252782,97.96209390082849,98.00560928179131,28285600
2022-03-02,96.9698257446289,97.97076555329892,96.95241428469782,97.88372817522234,12303800
2022-03-03,97.38761138916016,97.57039188198581,97.0394552235523,97.21353662661949,12247400
2022-03-04,98.35374450683594,98.61486329890548,98.15355254751238,98.24929566190276,20102300
2022-03-07,97.93596649169922,98.42338784756696,97.86634056131307,97.8924511152738,13633200
2022-03-08,97.3005599975586,97.54426728623466,97.17870635322055,97.37019254875906,10819400
2022-03-09,96.70000457763672,96.98723391167717,96.59556237655039,96.90019653059639,7932300
2022-03-10,96.25614929199219,96.4650470706874,96.0559638880712,96.36930391558448,11100100
2022-03-11,96.22998809814453,96.35184175133837,96.04720761835377,96.15165645274537,5567600
2022-03-14,95.01145935058594,95.51627882352388,95.01145935058594,95.45535199193516,8622500
2022-03-15,94.96792602539062,95.5684951798792,94.89829347172004,95.51626744436336,9294400
2022-03-16,94.83735656738281,94.97662165992186,94.21938266042227,94.87217284051758,12847300
2022-03-17,94.65459442138672,95.08108222885753,94.48051966256944,94.89830173994147,7215900
2022-03-18,94.93312072753906,95.06368012063909,94.81126706478611,94.81126706478611,7509200
2022-03-21,93.69717407226562,94.39347977857041,93.62754150947714,94.2455155630399,11003600
2022-03-22,93.18365478515625,93.34032475228886,93.10532312185374,93.30550846620078,7710300
2022-03-23,93.81034851074219,93.81034851074219,93.2097791079337,93.40997112237937,11222700
2022-03-24,93.28809356689453,93.56661718498691,93.2271667329533,93.26198301528069,11112300
2022-03-25,92.33064270019531,92.87027832097965,92.23489961124487,92.86157923327504,9055600
2022-03-28,92.53953552246094,92.87028015594518,92.36546079757977,92.47860870470002,12858500
2022-03-29,93.00084686279297,93.11400141937249,92.56565337570407,92.76584530159623,7539900
2022-03-30,93.3664321899414,93.39254938403131,92.74845807369422,92.80938491218262,6430100
2022-03-31,93.54052734375,93.6710867712526,93.3664458935704,93.50571105371408,9147200
2022-04-01,92.93141174316406,93.24510479960769,92.53929209860391,92.63514312407342,10237000
2022-04-04,92.87042236328125,93.04469334034562,92.69614473820525,93.02726890184383,7372100
2022-04-05,91.76377868652344,92.61772240737167,91.66792765720338,92.60029132130722,9675600
2022-04-06,91.44140625,91.77252386402024,91.18870860455813,91.18870860455813,9054400
2022-04-07,91.21480560302734,91.46750312936867,91.02310357283665,91.21480560302734,5518900
2022-04-08,90.75298309326172,90.98824953996795,90.62227655708688,90.69198759611487,8091800
2022-04-11,90.31729125976562,90.5351332518789,90.20400916914032,90.43056670238093,7356400
2022-04-12,90.75298309326172,91.1363805118945,90.64841653471973,90.78783861277572,12211000
2022-04-13,90.95338439941406,91.41521499811418,90.89238890871931,91.00567099715947,6346100
2022-04-14,90.13432312011719,90.85755362857195,90.0297565493473,90.82270475299335,6158700
2022-04-18,89.8729019165039,90.23016601509049,89.8467619381704,90.21273493086098,4591500
2022-04-19,89.28038787841797,89.68993200942181,89.21939236835433,89.5243699186725,7004900
2022-04-20,89.9774398803711,90.11685526984304,89.54175598525715,89.64631586535897,7479300
2022-04-21,89.48078918457031,89.73348672248731,89.11480954289108,89.72477118034926,9137500
2022-04-22,89.52436065673828,89.76834267175114,89.21066759514709,89.25423866126137,5451600
2022-04-25,90.09945678710938,90.60485184651348,90.04717018399168,90.23016332288776,8617400
2022-04-26,90.70068359375,90.85753008525654,90.4131372326627,90.70939913439193,9575400
2022-04-27,90.19532775878906,90.73557180911743,90.15175668788618,90.6484363153237,7908900
2022-04-28,90.06464385986328,90.09078384977862,89.71609514896015,89.89037282841858,6943500
2022-04-29,89.58534240722656,89.93389093859729,89.35879151264434,89.40235592405925,10012500
2022-05-02,88.91795349121094,89.17968482836426,88.8307119308613,89.11861507050908,11327000
2022-05-03,89.02264404296875,89.51120208762119,89.00519173788594,89.44140617949823,8129100
2022-05-04,89.59844207763672,89.66823798453895,88.82198091763556,88.98774453250233,11934700
2022-05-05,88.6998291015625,89.01390398294079,88.24616908185115,88.89176449086068,11675700
2022-05-06,88.19383239746094,88.6474991430615,88.1065908405698,88.24618265647892,12538400
2022-05-09,88.84817504882812,88.89179916563204,88.19385323340374,88.23747735020766,7301200
2022-05-10,89.1447982788086,89.49377122096159,89.09245466712248,89.25821165616358,8054600
2022-05-11,89.69439697265625,89.72929492112215,88.80452258313655,88.92666207471567,7167900
2022-05-12,89.99105072021484,90.35746929476497,89.8689111953648,89.96487891576197,8132400
2022-05-13,89.51995086669922,89.80785406839705,89.467607250429,89.74678429737986,6016900
2022-05-16,89.89508056640625,90.14808576277687,89.74676924111803,89.8427369589174,3315600
2022-05-17,89.214599609375,89.55484641818138,89.18842780194461,89.29311503166618,4286800
2022-05-18,89.85145568847656,89.94742340545606,89.15351652220394,89.2145862824541,4465500
2022-05-19,90.17423248291016,90.6715165840397,90.10443658827022,90.64534478757544,5137600
2022-05-20,90.5929946899414,90.72386032858427,90.09571058798082,90.12188904059168,5908800
2022-05-23,90.04341125488281,90.5319694461189,90.03468509972326,90.3574862795649,5720600
2022-05-24,90.81983947753906,91.14264053943516,90.47959276780433,90.50576456761412,6786600
2022-05-25,91.00306701660156,91.14265885177213,90.79368591995078,91.14265885177213,4274500
2022-05-26,90.95941925048828,91.09028488832708,90.62789208048294,91.0553869411632,3478900
2022-05-27,91.09031677246094,91.24734760550925,90.9245531294364,91.1252080757349,2508200
2022-05-31,90.13932800292969,90.4097787549305,89.99101672964552,90.40105926080959,6773200
2022-06-01,89.6318359375,90.29571261990485,89.46586510079257,90.20835533884313,5555900
2022-06-02,89.76288604736328,89.90264573356465,89.5532365214216,89.89391533497023,3014300
2022-06-03,89.58815002441406,89.66677023810243,89.38724428890085,89.41344880532219,2687800
2022-06-06,88.91556549072266,89.45715006997708,88.86315644462339,89.36979277391029,4800600
2022-06-07,89.27367401123047,89.47458639206721,89.13391438212884,89.15138183660765,3230000
2022-06-08,88.94176483154297,89.24749535668516,88.93302776956016,89.10773568708828,2917900
2022-06-09,88.86312866210938,89.04656693053195,88.6709533339265,88.82818708749214,4178600
2022-06-10,87.9896011352539,88.49623725919011,87.87603936216657,88.40888666295444,4443400
2022-06-13,86.42598724365234,87.17721424937022,85.97175355142085,87.0549221009438,9200800
2022-06-14,85.73593139648438,86.74048005054232,85.59616509200625,86.61818786633604,7829800
2022-06-15,86.93267059326172,86.96761217817192,85.95433287347939,86.43476467103653,10256200
2022-06-16,87.50042724609375,87.54410587714491,85.98050552032572,86.08533023619447,9168800
2022-06-17,87.52664947509766,87.75376640657198,86.958867143049,87.57906517585313,7029700
2022-06-21,87.07239532470703,87.30824257961721,86.95884022633142,87.05492787281182,10342000
2022-06-22,88.17304992675781,88.33028368454684,87.97213753341802,88.08569265565627,9501900
2022-06-23,88.67096710205078,89.24748651169283,88.57487942303962,88.71463907878542,9247200
2022-06-24,88.35649871826172,88.88934614617675,88.28661555883107,88.55740447109368,5127000
2022-06-27,87.85856628417969,88.24291021589646,87.74500451836232,87.84982922578847,5439400
2022-06-28,87.97212982177734,87.99833433504106,87.64019487973087,87.76248705124397,3763300
2022-06-29,88.67967987060547,88.67967987060547,88.0420144887529,88.12062802990309,3559600
2022-06-30,89.36106872558594,89.57071158930562,89.10774721072919,89.18636078546413,5409500
2022-07-01,90.31903076171875,90.95767079480017,90.09157577967024,90.2140535929395,63222900
2022-07-05,90.65145874023438,91.00139146791611,90.49398634296203,90.76518620927705,6651400
2022-07-06,89.88158416748047,90.99264118793727,89.86409020218738,90.98389086802149,4754700
2022-07-07,89.33041381835938,89.9078079851254,89.26042462404321,89.9078079851254,4058100
2022-07-08,88.78802490234375,89.0942193440636,88.6830477649188,89.08547569897036,3664900
2022-07-11,89.48790740966797,89.63662947698865,89.21670756049043,89.2604458114173,2765700
2022-07-12,89.69786071777344,90.13528323696636,89.62787151281346,89.96031689910437,3669200
2022-07-13,90.08277893066406,90.15276812339508,89.0417113810349,89.15544548785698,6809400
2022-07-14,89.58412170410156,89.79408261734648,89.17294352119984,89.40914871428323,5370400
2022-07-15,89.89034271240234,90.10030368782314,89.61914284104468,89.64538712865489,3834000
2022-07-18,89.62785339355469,89.75908145769095,89.26042015360242,89.60160911563474,3150700
2022-07-19,89.21670532226562,89.59288897839946,89.12921547352975,89.51414944944486,2996100
2022-07-20,89.12922668457031,89.66288279120047,89.05924414113261,89.65413914485775,53057500
2022-07-21,90.14404296875,90.14404296875,89.40042594338371,89.48790912144939,5344300
2022-07-22,91.17634582519531,91.38630675369329,90.82640649467365,90.98387885968151,7747100
2022-07-25,90.8526382446289,90.89638315786173,90.59018878884189,90.61643306696692,2994500
2022-07-26,90.88762664794922,91.59624880719196,90.85263205465453,91.46502742550715,4736300
2022-07-27,91.07137298583984,91.51754585282376,91.00138377640347,91.10636759055804,7475300
2022-07-28,91.9724349975586,92.1386576518738,91.63999636346456,91.94619072046385,5768100
2022-07-29,92.00747680664062,92.36616657643188,91.6925319708131,91.78876548590151,5961100
2022-08-01,92.54554748535156,92.60689369912923,92.133648613029,92.27387235094129,9672400
2022-08-02,91.26603698730469,92.67700660623225,91.20469077283984,92.51049258715511,9269700
2022-08-03,91.64288330078125,91.6516489563804,90.64381252203586,91.12582328644642,7829500
2022-08-04,92.10736846923828,92.13365875143086,91.60783304886951,91.73929114606898,9873200
2022-08-05,90.77527618408203,90.94178353327128,90.5737062103436,90.90673428119523,10047200
2022-08-08,91.30986785888672,91.35368276725193,91.0644829760845,91.14335382288382,6681300
2022-08-09,91.03816986083984,91.21344952192241,90.95053337341626,91.0557011700658,3814700
2022-08-10,91.09076690673828,91.76557528739107,91.08200125118181,91.4500785497197,7260300
2022-08-11,90.4860610961914,91.3974953468694,90.38965894656536,91.30109319724335,8309300
2022-08-12,90.8453598022461,90.8804090434197,90.5473877623946,90.83659414883546,4128600
2022-08-15,91.13460540771484,91.43257759765741,91.09954946264878,91.29235381739318,3441100
2022-08-16,91.02940368652344,91.0644596159649,90.60873921946072,90.9592918276405,3241800
2022-08-17,90.41596221923828,90.58247626274557,90.23192354884245,90.53865466616885,6366700
2022-08-18,90.59124755859375,90.90674435212249,90.51237001709292,90.6613527567489,3709200
2022-08-19,89.81123352050781,89.99527212508296,89.70606573807866,89.93392592355792,6678000
2022-08-22,89.41690063476562,89.78497801385687,89.37308571986671,89.74116309895795,4125800
2022-08-23,89.1977767944336,89.82000454665013,89.1364305846724,89.26788865879935,7755000
2022-08-24,88.89981079101562,89.07508376449353,88.76835271778953,88.98744727775457,3504600
2022-08-25,89.4694595336914,89.50451546886099,88.85599738381357,88.96992415843776,6645300
2022-08-26,89.3642578125,89.59211794445794,89.05752687692178,89.26785570614214,5535900
2022-08-29,88.85596466064453,89.02247861981863,88.73327227585314,89.02247861981863,4416900
2022-08-30,88.82970428466797,89.14520100494485,88.53173218830169,88.85599456365175,4474200
2022-08-31,88.46161651611328,88.89980561050855,88.31262714248031,88.69823568514335,5797600
2022-09-01,87.75841522216797,88.06569124958257,87.55649384620196,87.87254440431768,10324200
2022-09-02,88.2500228881836,88.48706908814712,87.98664640813935,88.1095567717825,5741900
2022-09-06,87.26676177978516,87.74084760003458,87.22286233975471,87.71451061526197,6769400
2022-09-07,87.83743286132812,87.94278081463295,87.56526835302225,87.60916779897595,7169700
2022-09-08,87.51254272460938,88.02174652542327,87.51254272460938,87.82859979421033,5773600
2022-09-09,87.52133178710938,87.8725003864642,87.41597718843592,87.70569731120416,5780600
2022-09-12,87.3106689453125,87.83743552024245,87.15264031245657,87.76719908383643,4034200
2022-09-13,86.81900024414062,86.87167420598053,86.60829769866784,86.70487109411644,5100500
2022-09-14,86.86288452148438,87.07358703019274,86.64340078796384,86.68729351580076,3866600
2022-09-15,86.56439208984375,86.73120188792133,86.47659992700233,86.62584727364401,4622600
2022-09-16,86.63465118408203,86.906808969587,86.43272312837179,86.4941783282637,4718200
2022-09-19,86.3888168334961,86.5731824042521,86.24834399971245,86.30979918996445,3879000
2022-09-20,85.8532943725586,86.07277819904593,85.63381054607126,85.77427671200346,4869100
2022-09-21,86.1956787109375,86.2834708918311,85.42309814171414,86.00253189410314,5414900
2022-09-22,84.89631652832031,85.35284650457824,84.79974313711624,85.30017254505341,6662400
2022-09-23,85.00169372558594,85.1333853574938,84.52760786958645,84.86122756350163,7630600
2022-09-26,83.58821868896484,84.5451716441732,83.465308283432,84.53639041574522,8015500
2022-09-27,83.01756286621094,83.7111325823958,82.97367011847166,83.61455916000835,8668400
2022-09-28,84.88751220703125,84.98408556434043,83.8603234700255,84.19394295822467,8471700
2022-09-29,84.49249267578125,84.79099416532037,84.1852166557519,84.26423431696796,6056500
2022-09-30,84.27299499511719,85.05435675966213,83.98328147991957,84.86121664890165,8847200
2022-10-03,85.27318572998047,85.89773578438084,84.87733960906303,85.0796618545795,10579900
2022-10-04,85.44908905029297,85.94169026043178,85.29075198829291,85.61622447995641,7361400
2022-10-05,84.63980865478516,84.96527441579802,84.4286948218055,84.93888602557404,8603700
2022-10-06,84.17359924316406,84.61342366105299,84.0592405993526,84.49906501724153,11298400
2022-10-07,83.76018524169922,84.03287430491508,83.6282365393984,83.73379684347701,5085300
2022-10-10,83.2675552368164,83.68978288534854,82.9684711671843,83.63700610707889,3829100
2022-10-11,83.4786605834961,83.94487330736551,83.24995004890829,83.54903408816723,5498500
2022-10-12,83.7513656616211,83.86571759535397,83.311541239465,83.36431802254354,5847400
2022-10-13,83.39950561523438,83.77775489051673,82.66060379999712,82.66940216766083,6220100
2022-10-14,82.93330383300781,83.85693793615269,82.88932541121318,83.84813956731816,5886200
2022-10-17,83.021240234375,83.66338672549168,82.97726182696421,83.5314380808856,3215200
2022-10-18,83.23237609863281,83.3907131591208,82.74856654958948,83.2411677550241,4006600
2022-10-19,82.36153411865234,82.7485818293565,82.29995895660298,82.5814463704271,5762600
2022-10-20,81.74578094482422,82.3791292916909,81.68420578394492,82.16801541313174,5738400
2022-10-21,81.93047332763672,82.09760871586768,81.34990871834921,81.45546225939067,7528500
2022-10-24,81.82490539550781,82.18556452337945,81.53462647370223,81.9040772550445,6210800
2022-10-25,82.8453369140625,83.0740475161499,82.65181307469535,82.72218660013591,6301500
2022-10-26,83.2675552368164,83.40829554926462,83.03884467900215,83.04764304577624,6692700
2022-10-27,83.85691833496094,83.98006862510253,83.27634692898987,83.53144587605102,7238100
2022-10-28,83.42589569091797,83.73377816466932,83.19719181655013,83.32034212157537,5659800
2022-10-31,83.04764556884766,83.1795875185303,82.695784710256,83.06523559174278,4586900
2022-11-01,83.03265380859375,83.73788516257818,82.89160350240759,83.71143991158047,6066400
2022-11-02,82.89161682128906,83.6321175964512,82.68004805366411,83.13844817112648,7581400
2022-11-03,82.53019714355469,82.68005809191503,82.14231541777436,82.15113274581046,8403900
2022-11-04,82.35384368896484,82.82106096022429,82.33621576721711,82.54778445642665,5287000
2022-11-07,82.06297302246094,82.5037452657243,82.0453450920167,82.45967207678838,4289300
2022-11-08,82.6095199584961,82.75938088334507,82.26571820118393,82.29216345549261,4679200
2022-11-09,82.89161682128906,82.94450733178284,82.45966195907357,82.52136979653292,3658100
2022-11-10,84.75166320800781,84.7869257848989,84.12576760090113,84.12576760090113,9608300
2022-11-11,84.57537078857422,84.68115181078285,84.31972210882012,84.36379529285706,2840200
2022-11-14,84.37262725830078,84.49604295605637,84.21394897180772,84.48722562745922,4130800
2022-11-15,84.99849700927734,85.06020483923126,84.57535952549304,84.78692826738519,6841600
2022-11-16,85.62440490722656,85.71256472749583,85.19245003563717,85.39520820634648,6140100
2022-11-17,85.04257202148438,85.1836155994167,84.85744854227083,85.09546252250291,5986800
2022-11-18,84.74282836914062,85.14833783111081,84.72520044716255,85.04255684794747,3102100
2022-11-21,84.68994140625,85.16597602726182,84.6634961593573,85.10426820929628,4477700
2022-11-22,85.17479705810547,85.26295012679999,84.96322162246099,85.05138141680354,5532800
2022-11-23,85.63321685791016,85.6684794386739,85.201262013441,85.28941510252558,5236500
2022-11-25,85.60678100585938,85.61559833343111,85.37757756854661,85.39521222369007,1345400
2022-11-28,85.64204406738281,85.81835026589725,85.51862838329264,85.70375190942791,4218400
2022-11-29,85.2806167602539,85.58034540064362,85.25417150020651,85.29825141738623,3356600
2022-11-30,86.04752349853516,86.04752349853516,84.98085590296785,85.13071679166329,7127100
2022-12-01,86.98738861083984,87.00505164599456,86.18358236089192,86.21008028314616,17629100
2022-12-02,87.1640396118164,87.17287449827667,86.2189089318827,86.49272976075652,5783700
2022-12-05,86.28073120117188,86.67821344535011,86.236563512244,86.64288064201644,6295800
2022-12-06,86.81071472167969,86.92554802382091,86.43089548799536,86.50156109869094,5745500
2022-12-07,87.57037353515625,87.66753708767678,87.1110604370052,87.16405628781817,5386200
2022-12-08,87.0757064819336,87.34069241070642,86.9608731809929,87.111039286912,5325800
2022-12-09,86.43090057373047,86.89022033123534,86.43090057373047,86.81955471638167,4343100
2022-12-12,86.30723571777344,86.90787994228342,86.19240915244201,86.82838618298712,5192200
2022-12-13,87.08454895019531,87.6763651071051,87.00505518020354,87.57036667473814,7856600
2022-12-14,87.32302856445312,87.43785512528089,86.74888228222744,87.13753639432669,6533200
2022-12-15,87.4929428100586,87.62569695576077,87.2185891938554,87.44868917743908,4344200
2022-12-16,87.27168273925781,87.4309863537902,86.79377189566063,86.88227240325509,4432800
2022-12-19,86.56369018554688,86.78494489453941,86.49289381030924,86.77609956773337,3951100
2022-12-20,85.93529510498047,86.12114817994981,85.83794252968863,85.9175977059071,4199800
2022-12-21,86.04154205322266,86.32474784270553,85.92648527014113,86.28934627500036,4406600
2022-12-22,86.01497650146484,86.27163275527579,85.97072286205844,86.05922338871387,2143100
2022-12-23,85.62555694580078,85.8025579802266,85.57245798590436,85.60785954322085,3164900
2022-12-27,84.90868377685547,85.32464358515118,84.87328222379244,85.15648789614079,4780800
2022-12-28,84.70515441894531,85.10341695789182,84.68745701266589,85.03261382845804,3161200
2022-12-29,85.12110137939453,85.20074982373905,84.89099461991532,84.9352482571003,4021800
2022-12-30,84.76708221435547,85.2007394468923,84.62548274649203,84.8378853243653,5043800
2023-01-03,85.43083953857422,85.84679933735787,85.26268385340916,85.76715090890433,6808300
2023-01-04,86.08576965332031,86.21852381441936,85.83796548708587,86.14772069487891,7800100
2023-01-05,85.96186828613281,86.0415234843185,85.4662599495363,85.58130995562986,3177900
2023-01-06,87.06816101074219,87.11241465866884,85.91764043839463,85.99728890207219,6807700
2023-01-09,87.28941345214844,87.44871712747585,86.90885504731955,86.96196077386767,4988000
2023-01-10,86.74069213867188,87.02389787694577,86.58138848888298,86.92654527139936,4026900
2023-01-11,87.29825592041016,87.3159600780298,86.9442470417524,86.9973527624536,7118700
2023-01-12,88.07706451416016,88.07706451416016,87.15665094053898,87.58145616649378,5768000
2023-01-13,87.6080093383789,88.05937081810094,87.4929593248707,87.846968196179,5573500
2023-01-17,87.33365631103516,87.63455946495208,87.29825474842887,87.31595890581085,3709000
2023-01-18,88.51954650878906,88.55494805869166,88.10359348978287,88.38679913684838,7926400
2023-01-19,88.35142517089844,88.48417933644116,88.17441736612236,88.3425730926203,4234100
2023-01-20,87.76730346679688,88.01510762416932,87.66995086894958,87.90005762314836,8822700
2023-01-23,87.4841079711914,87.7407642362128,87.44870640855146,87.475255892492,4334900
2023-01-24,87.98856353759766,88.00626769401357,87.30710206304548,87.59915987449239,3540300
2023-01-25,88.08592224121094,88.26293005684109,87.80271648836047,88.05052067808491,2924700
2023-01-26,87.76730346679688,88.08591074117768,87.64340138811066,87.91775502632201,2875400
2023-01-27,87.63456726074219,87.63456726074219,87.4133125388888,87.43986877732415,5524100
2023-01-30,87.36021423339844,87.57261687739525,87.31596733998485,87.38676371987825,2584600
2023-01-31,87.80270385742188,87.83810541545517,87.38674399072652,87.75845697399782,4856400
2023-02-01,88.43418884277344,88.48740151427582,87.65370700540066,87.98186083515392,20159100
2023-02-02,88.39869689941406,88.87763116382726,88.37209056804922,88.7091153763628,5823000
2023-02-03,87.44971466064453,87.8044815961746,87.33441828240926,87.6359657793091,5267000
2023-02-06,86.69581604003906,86.95302183056593,86.6514676474392,86.82885445122395,5500400
2023-02-07,86.48297882080078,87.03286112429838,86.4386304178533,86.60714622911419,5678900
2023-02-08,86.80225372314453,86.81111798894472,86.38540316562184,86.57165424665249,6137600
2023-02-09,86.41206359863281,87.0417719620758,86.31450248082706,87.02403665275628,7358300
2023-02-10,85.99517059326172,86.36767280580654,85.93308689117092,86.34106647156992,5290000
2023-02-13,86.19918060302734,86.24352224654376,85.98631635432605,86.0040584250265,17262300
2023-02-14,85.80891418457031,86.13707474198131,85.57831469107569,85.93308158107921,7133600
2023-02-15,85.55171203613281,85.85326627391431,85.43641566773701,85.6581441376938,4964700
2023-02-16,85.26789855957031,85.52510439277557,85.18807955958374,85.34772432617268,27126400
2023-02-17,85.50736999511719,85.53397632872682,85.05504202390586,85.08164835751549,4540500
2023-02-21,84.57611846923828,84.9929691264158,84.55837640016615,84.92201438336075,11382100
2023-02-22,84.72688293457031,84.97521774142106,84.68254129998468,84.8244440039211,30136400
2023-02-23,85.0550537109375,85.14374375736139,84.70915779325257,84.75349943315611,7059800
2023-02-24,84.54065704345703,84.65595344770573,84.35440588277007,84.51405070144719,10757200
2023-02-27,84.79784393310547,84.93088237992073,84.65593445207146,84.84219233758272,3693200
2023-02-28,84.93087005615234,84.95747638833143,84.4341937112193,84.54062580655113,4690000
2023-03-01,84.25188446044922,84.69625092536616,84.20744510175986,84.55405040195555,8328600
2023-03-02,83.90528106689453,83.97637454972119,83.7275304085921,83.79863067191307,12952800
2023-03-03,84.58071899414062,84.58071899414062,84.10080235474217,84.3496532933336,5696900
2023-03-06,84.42963409423828,84.80290032291515,84.36742305612547,84.77623941808032,3766400
2023-03-07,84.43850708007812,84.6873511846617,84.23409554817403,84.58070080534303,5053300
2023-03-08,84.41188049316406,84.92734058483494,84.30523007049281,84.7673683410761,5163500
2023-03-09,84.93621063232422,85.06952193543088,84.50073337063735,84.5540551796822,12498800
2023-03-10,86.50037384033203,86.5803565458221,85.91380687809621,86.03822894029886,11041300
2023-03-13,87.5490951538086,88.35783870806783,87.22026148245324,87.94013308730418,23930600
2023-03-14,86.72257232666016,87.25581079859563,86.5448216490183,87.17582129853304,47886700
2023-03-15,87.97567749023438,88.67777737164937,87.55797189669049,88.21563919654433,25157400
2023-03-16,87.1847152709961,88.66001546346241,87.07807163910387,88.45560386817662,13961000
2023-03-17,88.21566009521484,88.54448704254762,87.78017594148268,87.86016545603408,12293700
2023-03-20,87.86012268066406,88.36670009120428,87.65571115899314,88.35781086491608,7982400
2023-03-21,87.09584045410156,87.50465685073691,86.97141836732104,87.25581267717584,9851600
2023-03-22,88.2423095703125,88.31340984503328,86.87365979416694,86.94476006888772,10705200
2023-03-23,88.74888610839844,88.81998638227526,87.96680343723932,88.10010797513922,7118800
2023-03-24,88.77552795410156,89.38875581875011,88.65999511923042,89.26433375642922,9135800
2023-03-27,87.68238830566406,88.10897628665866,87.6557206239199,87.93123242465987,8284400
2023-03-28,87.62907409667969,87.76238540529302,87.41578007119524,87.49576278806636,13324800
2023-03-29,87.47797393798828,87.64683534778162,87.26467995437646,87.30023008172735,13404700
2023-03-30,87.6113052368164,87.69128795625927,87.3713435174977,87.39800442397866,4157500
2023-03-31,88.09122467041016,88.15343571432412,87.61130799714728,87.7535017630241,6330100
2023-04-03,88.50619506835938,88.65757741260259,87.92737262950783,87.98970693560385,7226600
2023-04-04,89.07611083984375,89.17406572017666,88.114375720537,88.13218940455926,6763200
2023-04-05,89.45011901855469,89.73507682500117,89.31655035454072,89.40559839519337,6257100
2023-04-06,89.47682189941406,89.69053851361902,89.4590082184386,89.48572194597313,4264700
2023-04-10,88.5952377319336,88.83567489366787,88.48838281021116,88.77334059135332,6025100
2023-04-11,88.55961608886719,88.67538464457208,88.35480629542356,88.66647780322647,5459000
2023-04-12,88.81786346435547,89.00486637604399,88.41714390986999,88.96925259718581,5857200
2023-04-13,88.52401733398438,89.11173987787438,88.45277617898847,88.96035751895595,39858200
2023-04-14,88.087646484375,88.24793564271408,87.97188473432458,88.2301287557558,4968500
2023-04-17,87.52666473388672,87.80271572713757,87.49995099827285,87.74928825590985,5681000
2023-04-18,87.66911315917969,87.865022885039,87.53554452239254,87.55335140932128,5061300
2023-04-19,87.48213195800781,87.5444662686022,87.2506084009031,87.46432506666527,4648100
2023-04-20,87.98969268798828,88.06093382454235,87.87393093653448,87.96297896026269,4608000
2023-04-21,87.77598571777344,88.24794640993161,87.70474457339084,88.176705265549,5948100
2023-04-24,88.20340728759766,88.2212141729932,87.95406333456376,88.01639762434021,5143700
2023-04-25,89.07611083984375,89.11173141395842,88.68429131851215,88.7021050025344,13076800
2023-04-26,88.72879028320312,89.16513028681558,88.59521487158733,89.05827539266507,5903000
2023-04-27,88.14997863769531,88.40822265285155,88.05202377698335,88.36370203957333,5065800
2023-04-28,88.80895233154297,88.81785237818183,88.4883740103971,88.68427694538292,8525900
2023-05-01,87.76365661621094,88.52239313409758,87.6476168039099,88.46883734538137,17442000
2023-05-02,88.9062271118164,88.93300500665683,88.01359429581375,88.06715689574249,8540700
2023-05-03,89.48645782470703,89.51323572493988,88.9865855263625,89.14725973800886,9534800
2023-05-04,89.46861267089844,89.97741323171604,89.2275979361561,89.24545441071089,12014100
2023-05-05,88.9865951538086,89.02230129473186,88.76343688072572,88.95088901288533,11254400
2023-05-08,88.44208526611328,88.62953739158262,88.39745088898972,88.4331570286386,7022400
2023-05-09,88.33497619628906,88.5224283415978,88.31712652970036,88.43316638815324,7317200
2023-05-10,88.9955062866211,89.06691856020687,88.72772047604832,88.73664871280884,9930800
2023-05-11,89.32579040527344,89.62928918823832,89.22760022345389,89.5221707689125,5979600
2023-05-12,88.79020690917969,89.3257853550289,88.76342900842464,89.25437307951583,5107300
2023-05-15,88.59381866455078,88.59381866455078,88.47777883486613,88.54026286781153,4459100
2023-05-16,88.30817413330078,88.37065816464361,88.05823800792945,88.25461833793511,7194000
2023-05-17,88.02253723144531,88.38851320579896,87.91541882394594,88.36173530648638,5542600
2023-05-18,87.47803497314453,87.71012146259618,87.4423288355174,87.70119322562704,9448900
2023-05-19,87.14775085449219,87.5672894229183,86.99600489024198,87.16560732690328,12923500
2023-05-22,86.98709869384766,87.38878770188693,86.94247112201033,87.16562941194863,7034700
2023-05-23,87.1299057006836,87.23702410994633,86.7907076200587,86.86211308265135,8264200
2023-05-24,86.90675354003906,87.27272954603916,86.86211916382581,87.23703021736813,7415400
2023-05-25,86.36223602294922,86.81748072435846,86.29082375405193,86.74606845546117,11647700
2023-05-26,86.52291870117188,86.52291870117188,86.04089605425524,86.22834817079236,7408900
2023-05-30,87.20133972167969,87.20133972167969,86.71931697515389,86.78180102691182,7883000
2023-05-31,87.53157806396484,87.66547435806109,87.13882422759715,87.25486405034809,10817900
2023-06-01,87.77496337890625,88.0254922574098,87.65864835000102,87.79286219959933,18161600
2023-06-02,87.0770492553711,87.64968857463312,87.00546763386355,87.62284717316757,7585400
2023-06-05,87.05023193359375,87.29181144000808,86.6296983239086,86.7191719623435,6243100
2023-06-06,87.1038818359375,87.13072323468484,86.84440360404905,87.08598984557209,3986200
2023-06-07,86.46862030029297,87.07705043857612,86.37914668539234,86.98757682367551,8226600
2023-06-08,87.05023193359375,87.06812393072032,86.58495809149062,86.62074891214479,5841900
2023-06-09,86.737060546875,86.86232499117705,86.58494787045089,86.75495254188948,6421900
2023-06-12,86.88020324707031,86.89810206565453,86.4954605642995,86.8712538377782,5261700
2023-06-13,86.2628402709961,87.07705912210659,86.12862642206142,87.01442690279039,9173500
2023-06-14,86.379150390625,86.63862866344658,86.05703990204644,86.52230681532683,7704400
2023-06-15,87.05023193359375,87.11286416313828,86.77286160652525,86.88917665385053,5959100
2023-06-16,86.6744155883789,86.83547082544393,86.42387991018947,86.62072595842442,6538100
2023-06-20,86.93389129638672,87.13967992157089,86.83546827515984,86.83546827515984,5477300
2023-06-21,87.01443481445312,87.08601645058006,86.56705982826057,86.70127368939845,5119600
2023-06-22,86.5223159790039,86.90705872408796,86.45968375661349,86.75495287348271,4102100
2023-06-23,86.88020324707031,87.23810452836393,86.77283764116163,87.21126312688676,4112100
2023-06-26,87.09496307373047,87.17549412470748,86.93391462457815,87.10391248526143,2976600
2023-06-27,86.79073333740234,87.23810825151267,86.67441831723747,87.07705300937697,4752500
2023-06-28,87.13968658447266,87.17547739732808,86.74599446946256,86.91599912392593,5257300
2023-06-29,86.24493408203125,86.41493873125077,86.09282825188713,86.35230651728558,8268700
2023-06-30,86.43284606933594,86.4865357096949,86.17336775786933,86.27179080106013,7450600
2023-07-03,86.05792999267578,86.65886083084267,86.05792999267578,86.3897869126883,4687100
2023-07-05,85.64533996582031,86.10276280923756,85.53771589172175,86.05791488314131,10181200
2023-07-06,84.94578552246094,85.08032250449583,84.63187045960298,84.99063346408428,9285100
2023-07-07,84.83815002441406,85.16103602687025,84.79330892802751,84.82918591083762,6577600
2023-07-10,85.27763366699219,85.40319967913064,84.96371863664606,84.97268274977421,6622700
2023-07-11,85.45698547363281,85.58255144719267,85.32244854686658,85.43905041005242,6327100
2023-07-12,86.29109954833984,86.40769455969466,85.89645975170538,86.02203255840601,8255100
2023-07-13,87.00867462158203,87.06248668156366,86.62300555843036,86.71269460601165,9742600
2023-07-14,86.57811737060547,86.92790928356972,86.54224039968189,86.82028521363151,7491100
2023-07-17,86.7216567993164,86.80237488113129,86.53330776558002,86.64093187466652,3182400
2023-07-18,86.82032012939453,87.10732916937455,86.76650122994903,86.99969821331881,3626500
2023-07-19,87.11628723144531,87.17010612715191,86.81134314139204,86.9817570992658,5059300
2023-07-20,86.42567443847656,86.7037125030889,86.2732023929043,86.66783552010105,9486600
2023-07-21,86.49740600585938,86.69472593977896,86.47049998629453,86.61400103825137,4560100
2023-07-24,86.29109954833984,86.73955137439472,86.25522258111563,86.64986237775011,7451100
2023-07-25,86.12967681884766,86.18348886088961,85.94132782886743,85.95029878348555,4079300
2023-07-26,86.42567443847656,86.47052237792008,86.07588240788851,86.32701444596867,4880100
2023-07-27,85.4839096069336,86.19246451808883,85.36731456187024,86.09380454040684,8522800
2023-07-28,85.76193237304688,85.86955643526954,85.60048943688084,85.68120748354784,5794100
2023-07-31,85.86957550048828,86.02205436054463,85.7171034832655,85.72607443805317,6347000
2023-08-01,85.36785888671875,85.58365942643367,85.22398728679183,85.45777520658534,7714000
2023-08-02,85.19697570800781,85.23294359221342,84.84629741221873,85.11605311367454,8009200
2023-08-03,84.56755828857422,84.74739085666782,84.48662883081118,84.62150668696775,11057900
2023-08-04,85.46675872802734,85.53868765925743,84.88229242816945,84.88229242816945,10189900
2023-08-07,85.25994110107422,85.40381267723228,85.16103110750913,85.3588510946393,4007400
2023-08-08,85.6915512084961,85.90735171819772,85.59264121234648,85.70053803711005,5401400
2023-08-09,85.7454833984375,85.88934809096223,85.6555671080879,85.69153499626238,5317200
2023-08-10,85.08909606933594,85.90735023055409,85.0801092408776,85.745498136037,8462100
2023-08-11,84.63948822021484,85.02613442043337,84.60352033412791,84.7383981919107,5915000
2023-08-14,84.50464630126953,84.75641473034061,84.32480680895078,84.50464630126953,6218400
2023-08-15,84.34276580810547,84.68445043827622,84.29780423511093,84.41469472065472,9602600
2023-08-16,84.01908874511719,84.52262559596478,83.95614663876124,84.32480558736749,7199600
2023-08-17,83.91117095947266,84.04604883906298,83.67738309219438,83.99210043129642,9858300
2023-08-18,84.1629409790039,84.35176727003214,84.01907626877127,84.06403098939282,7510500
2023-08-21,83.64142608642578,83.80327819096482,83.54252294603926,83.76731715455598,10864000
2023-08-22,83.67738342285156,83.76730658304973,83.48855713474853,83.56948660689208,6330500
2023-08-23,84.58555603027344,84.58555603027344,84.16294186298256,84.18991606767361,8550500
2023-08-24,84.27084350585938,84.56757347063997,84.24386930182004,84.32479191393804,5735800
2023-08-25,84.24388885498047,84.4596893975568,83.92917144101119,84.15396567374607,7895700
2023-08-28,84.47764587402344,84.50462693681985,84.26184539286734,84.44168484397542,3301700
2023-08-29,85.08012390136719,85.11609180192146,84.26186959915242,84.27985697951735,7064200
2023-08-30,85.07112121582031,85.23297332111264,85.01717280078115,85.1880117351301,6346700
2023-08-31,85.2419662475586,85.3678504549734,85.08910097269082,85.1700304547002,6167300
2023-09-01,84.72090911865234,85.2617945664245,84.61272927800526,85.252777860271,7746600
2023-09-05,84.20706939697266,84.48652539639454,84.17100944902599,84.47750868997491,4993400
2023-09-06,83.9906997680664,84.36931886009491,83.94562999676644,84.35129232712113,7344100
2023-09-07,84.2791748046875,84.31523474937794,84.09888195896652,84.18902838182701,7137500
2023-09-08,84.29720306396484,84.61271896355899,84.26114312147826,84.48651260372134,4648500
2023-09-11,84.15296936035156,84.23410595622796,84.05380623079778,84.11690941526552,4321700
2023-09-12,84.27017974853516,84.28820628517465,84.08086328629228,84.1800264321405,4998400
2023-09-13,84.36930847167969,84.48650499363737,84.1259124789825,84.14393900973667,6675400
2023-09-14,84.18001556396484,84.50454820343569,84.12592908329688,84.43243518845557,6421000
2023-09-15,83.91858673095703,84.0988864640677,83.85548354380118,84.04479998300029,9367700
2023-09-18,83.99969482421875,84.06279798995996,83.81038532699515,83.81038532699515,4622200
2023-09-19,83.69320678710938,83.9636529141875,83.65715372271428,83.8104033184509,7536800
2023-09-20,83.63008880615234,84.0537844539773,83.61206227714531,83.92757811773959,10751800
2023-09-21,83.00809478759766,83.13430115570205,82.95400143145918,83.05316456035995,8702500
2023-09-22,83.33262634277344,83.40473935381279,83.02612025436443,83.08922343760582,8637800
2023-09-25,82.71961212158203,82.95399141820934,82.6835521810862,82.80074182939985,11712000
2023-09-26,82.69256591796875,82.92694520618466,82.59340280459658,82.87285873624715,8281800
2023-09-27,82.3229751586914,82.94499721336891,82.1066223526986,82.9089372660815,10586100
2023-09-28,82.5483169555664,82.5663434842919,81.8992518777781,82.13363801758597,11654600
2023-09-29,82.56636047363281,82.97202966958808,82.44015411339717,82.8908930793047,13488300
2023-10-02,81.89664459228516,82.24010005856468,81.79722200283351,82.14971776698869,21010000
2023-10-03,81.2187271118164,81.87852372193302,81.1735325403954,81.72487321225911,21364700
2023-10-04,81.73394012451172,81.77913471065153,81.28202184601629,81.47182669549728,14054000
2023-10-05,81.88760375976562,81.94183865093859,81.71587947561046,81.92375805530534,11315900
2023-10-06,81.4085693359375,81.67068280012295,81.06511388065653,81.1374155741659,12257100
2023-10-09,82.44795227050781,82.44795227050781,81.89661154989585,82.0231480861946,5816700
2023-10-10,82.2853012084961,82.51126040330334,81.93280541625496,82.03222801362836,11508300
2023-10-11,82.73719024658203,82.7914182274653,82.42988226488534,82.61065369403778,14815800
2023-10-12,81.9417953491211,82.60159193080531,81.84237281285802,82.55639736133186,12855900
2023-10-13,82.46603393554688,82.57449678959877,82.30334310233141,82.53834250491481,9872500
2023-10-16,81.97796630859375,82.0412345866201,81.86951034382005,81.98700660423326,7248000
2023-10-17,81.17356872558594,81.38145419277998,81.02895844487719,81.2549176112624,11191600
2023-10-18,80.79395294189453,81.06510667957934,80.65837607305214,80.94760350857713,13794200
2023-10-19,80.39625549316406,80.89336833620182,80.31491351651718,80.56798663816353,27116700
2023-10-20,80.86624908447266,80.98374534167358,80.66740396019037,80.68547765525015,12587100
2023-10-23,81.2458724975586,81.34529507653244,80.45049876149389,80.57703533551042,12365000
2023-10-24,81.39046478271484,81.39949818114998,80.99277458840136,81.18257939139897,10906000
2023-10-25,80.67644500732422,80.99278639175509,80.57702244425666,80.9656724010503,15170200
2023-10-26,81.29107666015625,81.32723095637976,80.73973571026984,80.75780941051813,15901300
2023-10-27,81.41761016845703,81.42664357037592,81.08318811283837,81.22780529226048,11628200
2023-10-30,81.14643859863281,81.28201545065924,80.87529179030508,81.01990204226817,11022500
2023-10-31,80.97471618652344,81.36336619316488,80.95664248897714,81.19164193143439,11574700
2023-11-01,81.90734100341797,81.9526546250143,81.1731884181498,81.20944346439269,22448900
2023-11-02,82.4149169921875,82.6777609523836,82.23364863374967,82.53274073367763,14046200
2023-11-03,83.04936981201172,83.6022473389479,83.04031123382568,83.42097896599465,23133700
2023-11-06,82.5689926147461,82.76839195033041,82.47835843901078,82.74120238910425,11246700
2023-11-07,83.04029846191406,83.22156680698757,82.83183364162983,82.83183364162983,13189400
2023-11-08,83.37562561035156,83.45720118654548,83.04933713546085,83.05840262502515,11117600
2023-11-09,82.55085754394531,83.23968271968882,82.50553700464539,83.23062414378357,17067900
2023-11-10,82.6415023803711,82.91341182139962,82.55086820500969,82.89528083736074,10674700
2023-11-13,82.59619903564453,82.62339551736645,82.19740719801823,82.32429645293739,8930200
2023-11-14,83.837890625,83.90133523860493,83.63849129225757,83.77444601139507,14313600
2023-11-15,83.18531036376953,83.43908880860583,83.11280026097516,83.43003023196454,12969400
2023-11-16,83.81069946289062,83.93758868767617,83.66567925459621,83.67474474635065,10375600
2023-11-17,83.86506652832031,83.95570068800403,83.70192227491239,83.91038706563374,8462000
2023-11-20,83.9828872680664,84.03726637448337,83.66565737412125,83.69284692732974,7481200
2023-11-21,84.09166717529297,84.20949782285136,83.874143778565,84.0826016835706,9153300
2023-11-22,84.0644760131836,84.28199940576656,83.85601119720629,84.21855479480719,7255100
2023-11-24,83.6294174194336,83.76537212494644,83.62035884335802,83.70192751769959,4125800
2023-11-27,84.26387023925781,84.27293573025892,83.82881656547069,83.88320259653379,9539800
2023-11-28,84.63548278808594,84.66267926443025,84.11886037665464,84.16418092228407,13563300
2023-11-29,85.07960510253906,85.1702392821507,84.82581971870394,84.94365037564927,19075400
2023-11-30,84.66267395019531,84.78956317205967,84.49046418554626,84.76236669742248,18446700
2023-12-01,85.46147918701172,85.5069139244229,84.61631541679772,84.64357764592954,21393200
2023-12-04,85.1070556640625,85.32516042880664,84.92529591558784,85.13431789297734,16402000
2023-12-05,85.70684814453125,85.79773148828508,85.41603947142578,85.47057086436321,25452100
2023-12-06,86.0613021850586,86.14309583739224,85.79776257963333,85.89772181381949,14023400
2023-12-07,85.93404388427734,86.20668005264439,85.84316747263024,85.87951942397424,13730100
2023-12-08,85.37967681884766,85.56143655014728,85.17975151455528,85.4523807113675,13825300
2023-12-11,85.38877868652344,85.42513063795494,85.02526610563422,85.1979361415774,10484600
2023-12-12,85.5705337524414,85.62505820988656,85.2978975983648,85.37968428453253,7248000
2023-12-13,86.84281158447266,86.95186742559125,85.76137062710272,85.82498480106567,16155200
2023-12-14,87.564697265625,87.74698801489643,87.24568497742682,87.29125418777151,32373200
2023-12-15,87.49179077148438,87.63762895503984,87.35506921288797,87.40064538373588,9407100
2023-12-18,87.3003921508789,87.33685170043452,87.16367057853233,87.32773507455862,8634100
2023-12-19,87.46443939208984,87.62850385574981,87.40063693144134,87.4462130978817,9047100
2023-12-20,87.8928451538086,87.94753099960761,87.48268740242037,87.66497819104895,12659100
2023-12-21,87.75611114501953,88.13892591924026,87.63762284460269,88.08424008119356,8939700
2023-12-22,87.6740951538086,87.93842166609997,87.54649021048833,87.92018841479829,4956400
2023-12-26,87.72876739501953,87.81079615131262,87.61938876601528,87.63762201448938,3342500
2023-12-27,88.41238403320312,88.44884358274213,88.03867886588938,88.10248829304366,7362400
2023-12-28,88.07512664794922,88.37591267599775,87.98398126325341,88.2300814512739,4858500
2023-12-29,87.85637664794922,88.08424358747683,87.7652312629276,87.81991710315114,7820500
2024-01-02,87.52825164794922,87.63763028727855,87.42798963371753,87.44622288391281,9444000
2024-01-03,87.73788452148438,87.81079665395778,87.0725100273067,87.14542911372693,11040500
2024-01-04,87.20926666259766,87.34598826615583,87.11812124487543,87.21838329055477,7354800
2024-01-05,86.89022827148438,87.51913633369222,86.82642580274018,86.89022827148438,10001000
2024-01-08,87.18191528320312,87.46446813694259,86.91758872966182,86.94493165693352,7044700
2024-01-09,87.14543151855469,87.27303644633801,87.0633958055814,87.0633958055814,7360800
2024-01-10,87.00871276855469,87.37330126851249,86.99048647283306,87.30949880256593,9212700
2024-01-11,87.47355651855469,87.53735897956963,87.02693929145009,87.13631096522045,10305400
2024-01-12,87.7105712890625,87.93843829578942,87.51915688393662,87.7105712890625,8469600
2024-01-16,86.99959564208984,87.46444615070445,86.88110733571433,87.35506751516361,9847100
2024-01-17,86.71702575683594,86.79906145579909,86.54384468987158,86.74436867184171,9170700
2024-01-18,86.52562713623047,86.7443774323145,86.43448175902434,86.68057497287555,8910100
2024-01-19,86.53475189208984,86.55297818766525,86.1701633950572,86.38891371169791,17711100
2024-01-22,86.79907989501953,86.94491112401204,86.72616080354963,86.84464911172775,9831500
2024-01-23,86.580322265625,86.60766518632728,86.47095058281587,86.58943889050819,6428600
2024-01-24,86.33421325683594,86.92666859498296,86.27952742541947,86.89931872532871,9718000
2024-01-25,86.70793151855469,86.735281394567,86.49829781342703,86.63501937769807,11588100
2024-01-26,86.55297088623047,86.63500659426737,86.44359226016348,86.63500659426737,9134600
2024-01-29,87.07252502441406,87.15456074925312,86.75351265881336,86.81731513193351,6947500
2024-01-30,87.1910171508789,87.26392929327812,86.72616660410155,87.21836007352209,7265800
2024-01-31,87.9201889038086,87.93842215521168,87.49179789715876,87.58294329233048,15778300
2024-02-01,88.46473693847656,88.72971168320811,88.02615636798947,88.26372113412839,33372900
2024-02-02,87.31346130371094,87.62412396590342,87.14899447572692,87.47792813169494,13809200
2024-02-05,86.4637451171875,86.79267887940786,86.37237617679368,86.71044892435442,12147700
2024-02-06,86.92971801757812,87.0119549268356,86.53682538024151,86.56423535966003,9327000
2024-02-07,86.77440643310547,87.12161118921499,86.74699644854462,86.77440643310547,8619800
2024-02-08,86.49114990234375,86.65560978930814,86.40891298785921,86.5825188298803,7808000
2024-02-09,86.33582305908203,86.40892099628697,86.25359310797872,86.28100309167982,8492500
2024-02-12,86.41805267333984,86.51856058574654,86.2535858140382,86.40891368921132,7023600
2024-02-13,85.46778869628906,85.86068130760401,85.44951073055269,85.77844440379317,11978400
2024-02-14,85.78758239746094,85.94291024942193,85.55915662540016,85.55915662540016,8979600
2024-02-15,86.0251693725586,86.25359520362169,85.91552246408719,86.16222626539708,6788300
2024-02-16,85.65055084228516,85.69623879859465,85.47695194451657,85.52263292982265,7147400
2024-02-20,85.7967300415039,85.99774585657038,85.7875910578185,85.82414002155805,8286300
2024-02-21,85.52262878417969,85.90638250296502,85.46780881606837,85.86070151987327,6433900
2024-02-22,85.5317611694336,85.69622803208009,85.3764332911015,85.49521220317854,8688500
2024-02-23,85.92464447021484,85.98860341143389,85.55916181853387,85.55916181853387,6426700
2024-02-26,85.7967300415039,85.94291892546003,85.59571422643744,85.93378691277668,6417200
2024-02-27,85.6048355102539,85.81498329455304,85.55000859047972,85.66879444082329,7540600
2024-02-28,85.91549682617188,85.91549682617188,85.65052210468903,85.7053490280655,5293600
2024-02-29,86.08912658691406,86.18963450823122,85.96120868178367,85.97947968065816,11919200
2024-03-01,86.48211669921875,86.53708190875373,85.76754101737505,85.97824564690731,11857200
2024-03-04,86.28973388671875,86.38134490166011,86.17979647510566,86.18895967344152,6641600
2024-03-05,86.82110595703125,86.97685241639395,86.62872067255616,86.72949491530137,7673100
2024-03-06,87.03182220458984,87.20588808563096,86.93104795656338,86.97685697456626,9499200
2024-03-07,87.17839050292969,87.23335572351627,86.95851564163608,87.20587311322298,8420900
2024-03-08,87.24254608154297,87.3891223785601,87.16925443829649,87.3249939380884,8103600
2024-03-11,87.13258361816406,87.29748627341982,87.0501287957993,87.27000366245616,5568200
2024-03-12,86.77528381347656,86.91270383895004,86.6745095940942,86.88521424227707,6556500
2024-03-13,86.5829086303711,86.71116547185085,86.5462628200235,86.64703705111097,9708400
2024-03-14,85.94161987304688,86.27142518606348,85.92330046208988,86.2622689753219,10055900
2024-03-15,85.7950439453125,85.95078340220141,85.77671754481153,85.87749177914526,6591400
2024-03-18,85.69427490234375,85.84085116786177,85.611820074042,85.76756652983991,5319700
2024-03-19,85.94161987304688,86.06072050742577,85.8133630279264,85.86833523974506,5470300
2024-03-20,86.14315032958984,86.436309769923,85.84082769095718,86.03321990788515,10190800
2024-03-21,86.15233612060547,86.37220401114571,86.07904449393398,86.30807558517672,8271200
2024-03-22,86.5737533569336,86.62871858275066,86.49130551820798,86.62871858275066,6119800
2024-03-25,86.34471893310547,86.49130218226304,86.28975370940839,86.49130218226304,4488900
2024-03-26,86.47296905517578,86.49129545463198,86.21645537857668,86.31722960716539,5477600
2024-03-27,86.8027572631836,86.83940306540866,86.56456304345672,86.573726241381,4838500
2024-03-28,86.7203369140625,86.82110416525366,86.55543424656211,86.6103994725708,7561400
2024-04-01,85.93565368652344,86.35830227558885,85.87133774927243,86.35830227558885,10854000
2024-04-02,85.75192260742188,85.78867558444138,85.46708878799913,85.54978473877142,7214900
2024-04-03,85.85298919677734,85.85298919677734,85.3200815594207,85.40277049802083,12908000
2024-04-04,86.1469955444336,86.16536852525587,85.79784581959734,86.03673662976227,6960500
2024-04-05,85.57730102539062,85.94482358514017,85.5681110336717,85.6783699045695,6334600
2024-04-08,85.38436889648438,85.50381077106651,85.2741100053932,85.36599591959137,7115100
2024-04-09,85.72433471679688,85.79783363956449,85.63244879599213,85.63244879599213,5151100
2024-04-10,84.58501434326172,85.05360590476694,84.4563824651876,84.99847995985277,14993700
2024-04-11,84.46556091308594,84.77795057144549,84.35530202841811,84.7412046198002,9371400
2024-04-12,84.81474304199219,85.0444439012847,84.81474304199219,84.90662899364033,11675600
2024-04-15,84.27263641357422,84.29100939447477,83.93267668265685,84.23588344186051,12315300
2024-04-16,83.94184875488281,84.09804359388106,83.77646392244021,83.90509579101655,12027200
2024-04-17,84.47478485107422,84.539100807164,84.10726209774107,84.24508400648018,10515400
2024-04-18,84.1807632446289,84.39208408403987,84.07050432194944,84.39208408403987,6964500
2024-04-19,84.29100036621094,84.40125926954242,84.19912145172395,84.38287928069792,6125800
2024-04-22,84.30018615722656,84.36450209515169,84.11642833741519,84.13480131543173,4002900
2024-04-23,84.41046905517578,84.62178990705178,84.10726225735701,84.18995119680932,8319800
2024-04-24,84.1531753540039,84.2450612749791,84.01536049236428,84.21749830265117,7567400
2024-04-25,83.83160400390625,83.91429993903215,83.62946617350102,83.69378211863793,5784300
2024-04-26,84.06132507324219,84.18995699452408,83.99700911260123,84.0245720943168,5432600
2024-04-29,84.40127563476562,84.41964861726078,84.18076479525791,84.2542637351517,4846500
2024-04-30,84.00618743896484,84.20832529001483,83.93268149132612,84.07969338660357,7516700
2024-05-01,84.33885192871094,84.65217738002049,84.03475082368476,84.25591718118154,12392500
2024-05-02,84.73513793945312,84.79043481873559,84.27437045303793,84.3388776199059,8661500
2024-05-03,85.20509338378906,85.42625973244661,84.98392703513152,85.34332498823183,8501100
2024-05-06,85.27883911132812,85.37099119368801,85.15904210733561,85.24197687223354,4043400
2024-05-07,85.49996948242188,85.7211357930289,85.42624503530278,85.58291124311842,7776200
2024-05-08,85.2603759765625,85.38939728564246,85.25116569293247,85.31567283209701,9024000
2024-05-09,85.51840209960938,85.58290923163489,85.21429403545336,85.2419389447857,9625200
2024-05-10,85.24195098876953,85.3709652710492,85.19587144620489,85.3341030431477,3205000
2024-05-13,85.34333038330078,85.49077228147603,85.33411306755485,85.46312736499016,3228700
2024-05-14,85.59214782714844,85.6290100620352,85.41706099987681,85.50921307171753,4688800
2024-05-15,86.2372055053711,86.30171264311157,85.97917695440921,86.08975660153533,11384500
2024-05-16,86.07135009765625,86.26487155830446,86.04370517909972,86.26487155830446,4278400
2024-05-17,85.8041000366211,86.00683880394628,85.78566540463585,85.93311433750947,3883900
2024-05-20,85.67508697509766,85.75802172797472,85.64744205747196,85.68430429122361,4575900
2024-05-21,85.8962631225586,85.96998759845235,85.85019059818974,85.93312536050547,2669700
2024-05-22,85.78565979003906,85.88702916706713,85.67508012837328,85.68429744376265,3616300
2024-05-23,85.4815444946289,85.83172508300557,85.35253022360854,85.82250776914684,6005500
2024-05-24,85.59214782714844,85.60136514355823,85.37098144858025,85.39862636705722,3926400
2024-05-28,85.11294555664062,85.6842996023972,85.09451092539749,85.66586497115406,8761400
2024-05-29,84.6982421875,84.91019119258121,84.52314837662817,84.9009738786536,10126800
2024-05-30,85.1221694946289,85.14059709655388,84.93785832161744,84.9839378725584,5069500
2024-05-31,85.51840209960938,85.5368296955809,85.34330829950437,85.38017052219755,4807400
2024-06-03,86.07852935791016,86.12474635872255,85.63487717769787,85.63487717769787,7675900
2024-06-04,86.54991149902344,86.63310068584387,86.30959580031582,86.36505760877074,8752000
2024-06-05,86.86418151855469,86.87341927791812,86.41127744765744,86.66083798496403,6466800
2024-06-06,86.82720184326172,86.91038398071224,86.68855789578674,86.71628527493692,5849400
2024-06-07,85.91217803955078,86.10628384679794,85.90294027861589,86.08779422147634,7125100
2024-06-10,85.72731018066406,85.81049232593062,85.6441280353975,85.75503756241959,3938900
2024-06-11,86.18023681640625,86.1987264450798,85.79203923498794,85.87522846056454,3954700
2024-06-12,86.66085052490234,87.1784471931393,86.6423609000506,86.95662105699857,9243200
2024-06-13,87.23389434814453,87.36329350390636,86.9566134651085,87.04904042612051,6529900
2024-06-14,87.43724060058594,87.52042980427998,87.30784144081773,87.35405844861722,5424600
2024-06-17,87.0305404663086,87.08599522149117,86.91037909444807,87.01205084676526,4957200
2024-06-18,87.40949249267578,87.51116424434906,87.14144942478472,87.17842161191352,5232600
2024-06-20,87.18766784667969,87.21539522454856,86.92886958427178,86.97507953014532,3573100
2024-06-21,87.20616149902344,87.43723241293273,87.04903496997903,87.35405026875323,6908700
2024-06-24,87.28010559082031,87.28010559082031,87.09525168100345,87.22465082822018,5276000
2024-06-25,87.35405731201172,87.3910295074252,87.18768595851371,87.22465815392718,3790100
2024-06-26,86.82720184326172,86.9658387390126,86.80871222267888,86.90113917042082,4196400
2024-06-27,87.02131652832031,87.10449868104516,86.9843443320897,86.9935891440787,4946600
2024-06-28,86.55917358398438,87.23389676461518,86.55917358398438,87.21541419259084,6032400
2024-07-01,85.91483306884766,86.32276160073762,85.83139700000707,86.07243924771386,13662800
2024-07-02,86.23933410644531,86.34131625792207,86.1095399269753,86.27641916818708,8195700
2024-07-03,86.81411743164062,86.85120248290717,86.40618894095897,86.45254702335471,3861000
2024-07-05,87.29622650146484,87.35185054841507,87.00881908796934,87.12007425512094,5111500
2024-07-08,87.32402038574219,87.38891745145389,87.13859514567326,87.26838927709667,5294600
2024-07-09,87.20348358154297,87.30546568517609,86.9902534181275,87.18494459599556,3006900
2024-07-10,87.28694152832031,87.33329253668761,87.1571473876916,87.27766849734678,4076600
2024-07-11,87.84318542480469,88.056422654688,87.80610038164025,87.90808248203027,9658400
2024-07-12,88.02861785888672,88.02861785888672,87.80611463702529,87.86173867417817,4304500
2024-07-15,87.75048828125,87.91736746154912,87.67631818483935,87.80611231693314,3754500
2024-07-16,88.13990020751953,88.14917324099008,87.8246878020415,87.90812388352025,4705800
2024-07-17,88.21405792236328,88.26968196885949,87.92665051121371,88.01009365420909,5113500
2024-07-18,87.96371459960938,88.21403689567767,87.9080905663717,88.01934570609643,8640600
2024-07-19,87.68560028076172,87.7968483636296,87.63924219739981,87.7319512908732,5274400
2024-07-22,87.6021499633789,87.85247227581009,87.4630827979449,87.7875752083742,3869800
2024-07-23,87.66704559326172,87.84319780480625,87.65777963610128,87.722676702473,5095600
2024-07-24,87.47236633300781,87.96373091306575,87.463093301332,87.82467080418196,4733500
2024-07-25,87.66704559326172,87.96371890713951,87.60214852689,87.64850660569111,4335600
2024-07-26,88.0842514038086,88.11206342315371,87.95445726469794,88.03789332273332,5217500
2024-07-29,88.23258209228516,88.3160252212639,88.14914603655629,88.30675219065517,6165600
2024-07-30,88.41802215576172,88.51073125763597,88.17697283228777,88.33457901279913,4419200
2024-07-31,89.06698608398438,89.0762591154331,88.49217837942237,88.67760364214425,10982900
2024-08-01,89.44732666015625,89.67050128094296,89.25204798014373,89.27064290912875,10492600
2024-08-02,90.83287048339844,90.8979633703147,90.32142130434735,90.37722027498457,18286500
2024-08-05,90.92586517333984,91.66979001001914,90.57250477794334,91.49310626502438,19098200
2024-08-06,90.11682891845703,90.73986171264659,90.05172895125801,90.70266477192901,9507000
2024-08-07,89.7913818359375,89.94947065055034,89.62399910456557,89.85647472621586,8419700
2024-08-08,89.5217056274414,89.58679851507594,89.33572797551206,89.41942288509513,4856100
2024-08-09,89.88438415527344,90.00526893307871,89.80999024835013,89.99596792106493,5174900
2024-08-12,90.13542938232422,90.18192733472726,89.71697618906265,89.77276805627314,4166400
2024-08-13,90.5353012084961,90.5353012084961,90.37721949800029,90.5074052707136,6458700
2024-08-14,90.65618896484375,90.78637474185717,90.4795123215214,90.49810724912642,4275700
2024-08-15,90.08894348144531,90.08894348144531,89.84717396146318,89.921560762831,5507000
2024-08-16,90.265625,90.28421992623845,90.02384839134683,90.27492601041534,4437000
2024-08-19,90.38651275634766,90.488802590534,90.21913003627843,90.23773205772638,4437600
2024-08-20,90.74919891357422,90.78639587203446,90.53532527067082,90.60971918759131,4886000
2024-08-21,90.9351577758789,91.13973744177753,90.62828827703098,90.84216895354109,5386000
2024-08-22,90.51669311523438,90.730573781541,90.38650735125367,90.71197885579748,4819500
2024-08-23,90.9351577758789,91.00025066097461,90.60039233978887,90.70268217273818,5475400
2024-08-26,90.82357025146484,91.10254382326576,90.82357025146484,91.09324281231436,3062400
2024-08-27,90.78638458251953,90.85147747808189,90.53531401237713,90.5818119783189,4433700
2024-08-28,90.7398910522461,90.87937785139053,90.70269409950136,90.80498394590106,8147000
2024-08-29,90.58180236816406,90.61899222345964,90.44231557973094,90.53530440715544,6199800
2024-08-30,90.265625,90.7119812702372,90.24703007376155,90.60039042902984,4802600
2024-09-03,90.86067962646484,91.00058150331284,90.70212748669947,90.75808539115664,8232700
2024-09-04,91.39228820800781,91.4389245322976,90.93528211592492,90.96326106421716,9914900
2024-09-05,91.60680389404297,91.68141916544909,91.31767861197422,91.63478284189428,33635000
2024-09-06,91.73738098144531,92.1943870858555,91.42026962226993,91.64411544605404,17777600
2024-09-09,91.86795043945312,91.93323702315757,91.56949646884651,91.68141937621297,8532500
2024-09-10,92.25967407226562,92.30631039801561,91.8586258642103,91.877283240792,7921400
2024-09-11,92.19439697265625,92.47420072454007,92.01719457112117,92.07315247521593,7286200
2024-09-12,92.045166015625,92.2223684027068,91.87728520132869,92.11977417643104,5929800
2024-09-13,92.22235870361328,92.33428160660795,92.11044291632228,92.29697397227639,5305500
2024-09-16,92.46484375,92.50215137988565,92.21302614290038,92.32494191685451,6666900
2024-09-17,92.29698181152344,92.46486262242256,92.23169522482401,92.40890472402428,7807000
2024-09-18,91.89593505859375,92.38092723807506,91.84930584775803,92.08247324904978,8584500
2024-09-19,91.8213119506836,91.83996932599004,91.60680194458587,91.64410957949498,16770800
2024-09-20,91.7933578491211,91.91460947432084,91.56951909478374,91.69076360427779,6580600
2024-09-23,91.73738098144531,91.82131782858619,91.39229067322296,91.6068078087567,7491700
2024-09-24,91.8399658203125,91.8679447665004,91.41093870878991,91.48554686005647,6580800
2024-09-25,91.4669189453125,91.65345004260121,91.4669189453125,91.65345004260121,10455100
2024-09-26,91.40160369873047,91.58813473754871,91.25237317511346,91.54150553569565,8026500
2024-09-27,91.76536560058594,91.8120019290153,91.54152687867526,91.61614215788038,6207700
2024-09-30,91.51354217529297,91.72805219489258,91.36431162626349,91.70007324587561,8902400
2024-10-01,91.84656524658203,92.1084750694991,91.74367108236356,91.8278533240837,11665600
2024-10-02,91.58464813232422,91.6220577013277,91.33208715425606,91.43498131028281,7742100
2024-10-03,91.116943359375,91.40691388525558,91.08887547991328,91.34143643952427,11556100
2024-10-04,90.23766326904297,90.52763377751856,90.19089060925391,90.33120145211517,8878300
2024-10-07,89.91027069091797,90.05057438889487,89.863498033922,89.90091473221767,10152600
2024-10-08,89.98509979248047,89.98509979248047,89.7325459916416,89.76996269111879,5975200
2024-10-09,89.64836883544922,89.87286906286835,89.60160330711692,89.82609639802936,6769200
2024-10-10,89.6390151977539,89.68578072357474,89.35839349680371,89.58288657566008,5959000
2024-10-11,89.66706848144531,89.75125070282375,89.49869690218273,89.545469560619,5394100
2024-10-14,89.50804901123047,89.50804901123047,89.24613926286636,89.29290478278544,3850900
2024-10-15,89.96639251708984,90.00380921552983,89.80737690109906,89.85414242176991,7736900
2024-10-16,90.1067123413086,90.2283112709903,90.05058371979638,90.1347730838116,5041100
2024-10-17,89.6390151977539,89.75125816892894,89.56418179263301,89.7138486028748,5460200
2024-10-18,89.74188232421875,89.8447764411518,89.72317041031957,89.7886478359584,5174700
2024-10-21,89.04969024658203,89.42385004825768,89.040341425506,89.39578931202031,6633600
2024-10-22,88.96552276611328,89.21807657056446,88.89068936608855,89.16195508879883,5433900
2024-10-23,88.7597427368164,88.86263688729062,88.61943188285096,88.70362124983282,6914300
2024-10-24,88.95616912841797,89.10583593237318,88.74103201836485,88.84392616195755,5486300
2024-10-25,88.7597427368164,89.16196337871388,88.6942652898334,89.15260741871445,6455300
2024-10-28,88.55393981933594,88.78778882517753,88.38556824966977,88.77844000322769,5447300
2024-10-29,88.59133911132812,88.61005102456214,88.1329971481494,88.17976265822664,8475400
2024-10-30,88.46041870117188,89.02165499610781,88.42300199664191,88.79716190543478,6341100
2024-10-31,88.41362762451172,88.5819991915803,88.13301310373421,88.32008945091921,8662900
2024-11-01,87.89006805419922,88.63132177028605,87.86192035690569,88.54687867840545,15659500
2024-11-04,88.35922241210938,88.61256602500607,88.1903290563854,88.49996806831626,8179300
2024-11-05,88.40613555908203,88.51872635147288,87.95575091365536,88.24662716411427,8118500
2024-11-06,87.49598693847656,87.73994558207546,87.27079819902733,87.29894589663085,15261400
2024-11-07,88.19969940185547,88.35920777844953,87.80561735663944,87.85252779519168,15674000
2024-11-08,88.38735961914062,88.6500881535616,88.2841466274161,88.38735961914062,12335300
2024-11-11,88.14341735839844,88.16218010493625,87.99328675161061,88.12464745323929,3980000
2024-11-12,87.58981323242188,87.97451751496908,87.48660023752485,87.7962392222159,8037600
2024-11-13,87.53352355957031,87.99328601140314,87.42092560542662,87.98390105890252,6661800
2024-11-14,87.52412414550781,87.88068069540522,87.42091116091858,87.67425472622674,7510000
2024-11-15,87.56166076660156,87.85252983167686,87.16757871225043,87.3552347880499,16761500
2024-11-18,87.75871276855469,87.81500816661054,87.42092606297697,87.52413906516024,4788200
2024-11-19,87.94637298583984,88.08711147611366,87.9088403355598,88.03081608000413,4951500
2024-11-20,87.81499481201172,87.97451034661358,87.67425633827513,87.70240403302245,5752900
2024-11-21,87.76807403564453,88.04018031718492,87.65547611129767,87.8806719599914,5098200
2024-11-22,87.82438659667969,87.94636949490311,87.73055855401452,87.89006694240737,5373900
2024-11-25,88.77206420898438,88.80021190526124,88.49995788060707,88.63131856897947,7716000
2024-11-26,88.58439636230469,88.61254405484297,88.4061180980693,88.58439636230469,5093100
2024-11-27,88.94095611572266,89.06293185050207,88.76267783067387,88.94095611572266,5587600
2024-11-29,89.31629180908203,89.32566960366289,89.13801349134037,89.25998924848783,5136200
2024-12-02,89.30874633789062,89.42169074639817,88.9416859860508,89.04521656535411,5950600
2024-12-03,89.05462646484375,89.44050727741651,88.99815067275821,89.40285914290864,5364800
2024-12-04,89.3934555053711,89.42168981204102,88.80050634271186,88.82874064938179,5908800
2024-12-05,89.38404846191406,89.44051707954077,89.1299253212974,89.1299253212974,5210300
2024-12-06,89.66641235351562,89.8075910996796,89.47817881239652,89.75112247347373,6880200
2024-12-09,89.35581970214844,89.5628808871693,89.35581970214844,89.55346705676416,4303100
2024-12-10,89.19579315185547,89.26167558850628,89.08285593510954,89.16755884766899,3543400
2024-12-11,88.93228149414062,89.41228630488527,88.90404718421127,89.32758337509719,6452800
2024-12-12,88.59344482421875,88.90403655761406,88.56521051766421,88.82874028637016,4518000
2024-12-13,88.1793212890625,88.48049916468432,88.13225932885875,88.45226486082086,5230100
2024-12-16,88.20756530761719,88.34874402313008,88.11344855749118,88.33933019392316,4607600
2024-12-17,88.20756530761719,88.34874402313008,88.1605033422303,88.18873764920333,4881100
2024-12-18,87.52579498291016,88.30954620114358,87.45969530897905,88.19623659116118,11553900
2024-12-19,87.12918853759766,87.28972249007342,86.98755152706615,87.23306048153678,9273800
2024-12-20,87.45024108886719,87.72408462424909,87.43135135300727,87.58244042259315,6070900
2024-12-23,87.0630874633789,87.42192042914775,86.99698779142,87.38414815883924,5954500
2024-12-24,87.11031341552734,87.11975828514102,86.8459147009418,86.88368697507184,3076100
2024-12-26,87.17639923095703,87.21417149908032,86.80812862215927,86.83645602217086,3703300
2024-12-27,86.94977569580078,87.24250177801163,86.93088595895404,87.11974730580276,3752500
2024-12-30,87.45970153808594,87.50691147749964,87.36526725060924,87.37471212022183,4797700
2024-12-31,87.29916381835938,87.64855193575642,87.23306414256257,87.5824522599596,5856000
2025-01-02,87.34638977050781,87.61078850036436,87.16697325910869,87.48803400559527,5034800
2025-01-03,87.2047348022461,87.50690577122305,87.17640739958016,87.44080609689448,2863700
2025-01-06,87.11975860595703,87.18585828484683,86.93089723461142,87.10086886666014,3894600
2025-01-07,86.72315979003906,87.07254794981786,86.63817756984501,87.00644826600296,5524400
2025-01-08,86.87422180175781,86.8931043322474,86.58149575107002,86.6003782815596,6402900
2025-01-10,86.24158477783203,86.52486606691559,86.14715768147084,86.36433928266901,8210900
2025-01-13,86.0904769897461,86.2226763368468,86.00549478274881,86.19434893451438,5094300
2025-01-14,86.11880493164062,86.1943494745498,86.005495321601,86.12824980058531,4365500
2025-01-15,87.02533721923828,87.09143690245504,86.85536557606301,86.99700260843811,7846600
2025-01-16,87.23304748535156,87.42190881179663,86.82700463889839,86.94976630216841,7550900
2025-01-17,87.29916381835938,87.42192550507083,87.21418160847391,87.36526349415618,3912800
2025-01-21,87.5918960571289,87.65799573211672,87.45025183806239,87.58245118803801,4431300
2025-01-22,87.36524963378906,87.56355583404283,87.26138490629292,87.55411096633475,3656400
2025-01-23,87.13862609863281,87.20472576611216,86.99698189565609,86.99698189565609,4860900
2025-01-24,87.31804656982422,87.42191850981114,87.06308555192042,87.11030268985039,4468700
2025-01-27,87.88463592529297,87.96018048120415,87.69578173984043,87.89408079586322,4297100
2025-01-28,87.8940658569336,87.91294839053933,87.61077742257856,87.66743222771991,3906600
2025-01-29,87.79019165039062,88.05459034000658,87.5352306251724,87.9884906676026,4918400
2025-01-30,87.97904205322266,88.12068626072193,87.8940598513173,87.97904205322266,4365600
2025-01-31,87.83739471435547,88.13956565089725,87.63909571265525,88.00736631643043,6277400
2025-02-03,87.8999252319336,88.36409998313722,87.77677889350217,88.0893822491084,8294000
2025-02-04,88.11780548095703,88.11780548095703,87.71994138410598,87.71994138410598,6742300
2025-02-05,88.62932586669922,88.79037225076794,88.44934390275974,88.477761727207,6576300
2025-02-06,88.52513885498047,88.64829242029494,88.39251749796635,88.53461387400202,5268500
2025-02-07,88.23149108886719,88.31675181776478,88.0799268991824,88.24096610926091,4565300
2025-02-10,88.21253204345703,88.44935691846138,88.1651641775275,88.32620335797328,3229100
2025-02-11,87.98517608642578,88.0609617819548,87.92834042843988,87.99465110519733,3379500
2025-02-12,87.37891387939453,87.45469958264493,87.22734970021618,87.39786391886835,7280200
2025-02-13,88.03256225585938,88.09887294640352,87.8146801427439,87.83363018422693,6121900
2025-02-14,88.4020004272461,88.58198966815159,88.36410757509111,88.44936829927046,5157900
2025-02-18,87.92835998535156,88.22202058668995,87.91888496447258,88.12729205987014,4484100
2025-02-19,88.07044219970703,88.10833504979448,87.88097794926976,87.88097794926976,4607000
2025-02-20,88.25040435791016,88.34513284040752,88.2030365030015,88.21251151944722,7545400
2025-02-21,88.77143859863281,88.88511714472128,88.35462449029701,88.36409950930152,6156500
2025-02-24,88.96089935302734,89.01773501018151,88.6577565753475,88.6861816312462,4109500
2025-02-25,89.66190338134766,89.70926402220533,89.44402130597202,89.51980700413067,7697100
2025-02-26,89.90819549560547,89.96503115063832,89.51032422841152,89.62400276579855,7379800
2025-02-27,89.80400085449219,89.832418684818,89.56717596534777,89.60506158756746,5907900
2025-02-28,90.29660034179688,90.33449319423333,89.89873623219805,90.07871824711793,11831500
2025-03-03,90.62435150146484,90.68135160497695,89.97832375147367,89.98782618480332,9637400
2025-03-04,90.33934020996094,90.99487042029352,90.1873375115876,90.76686274861692,12745500
2025-03-05,89.83582305908203,90.48185085807853,89.80732300516406,90.3583482083562,15590000
2025-03-06,89.78832244873047,89.95933001487882,89.45580975017344,89.78832244873047,9318900
2025-03-07,89.67431640625,90.27283927311493,89.58881624594072,90.23484403402192,9210200
2025-03-10,90.30135345458984,90.44385373262867,90.11134100348161,90.19684841853879,7698500
2025-03-11,89.97833251953125,90.54835535489764,89.85482986714251,90.30135005012015,10408600
2025-03-12,89.71231842041016,89.9308309093258,89.67431593328425,89.69332080096385,7610300
2025-03-13,90.07333374023438,90.11133622844225,89.49380847947286,89.57931588999895,6902300
2025-03-14,89.75983428955078,89.92133944336001,89.7313269845543,89.84533445983773,4390900
2025-03-17,89.83582305908203,90.1113356606781,89.74082046327767,89.92133046906937,6734000
2025-03-18,89.94033813476562,90.09234810361802,89.69333280773186,89.70282799460945,8993300
2025-03-19,90.2158432006836,90.24434325539454,89.72182533981535,89.86432561337008,5854500
2025-03-20,90.34884643554688,90.71936163565903,90.2443414049272,90.70036401565248,4409100
2025-03-21,90.27284240722656,90.57685506815876,90.2538447870205,90.49135490488108,4919600
2025-03-24,89.7503433227539,90.04485361124226,89.72184326234988,90.02585598705127,4823500
2025-03-25,89.90233612060547,90.00684116268863,89.73132852885432,89.75033339917906,6825800
2025-03-26,89.6933364868164,89.84533921366946,89.6173314992726,89.75033660335698,8281700
2025-03-27,89.61731719970703,89.6933221751233,89.50330973658264,89.58881714598428,5085100
2025-03-28,90.33934020996094,90.39634756405499,90.01632994577184,90.04482999870227,6224500
2025-03-31,90.60536193847656,90.78586469839047,90.33934451922586,90.71936215563618,13255800
2025-04-01,90.92369079589844,91.17149324309734,90.79978593659301,90.79978593659301,18128800
2025-04-02,90.83792114257812,91.30493490280934,90.552001918805,91.30493490280934,7635900
2025-04-03,91.77193450927734,92.11504336920422,91.66709528699901,91.88630655305707,18188000
2025-04-04,92.02925109863281,92.94420552109726,92.01972554972573,92.6392207136091,27006500
2025-04-07,90.93321990966797,92.12456799188408,90.72354148377208,91.96253912642985,68670600
2025-04-08,90.47574615478516,91.10477421047997,90.42808931918776,90.45668778339352,19508000
2025-04-09,90.1898193359375,90.23747617135096,89.21768242764757,89.8085937382785,24170800
2025-04-10,89.62750244140625,90.33277849091645,89.57984560814519,90.08497604650027,12093800
2025-04-11,89.12236785888672,89.33204628122644,88.43615021174276,89.084243848333,55446600
2025-04-14,89.83719635009766,89.93250276162672,89.39878103993344,89.51314582520308,12630900
2025-04-15,90.10403442382812,90.31371283901272,89.81810799013799,89.82764081030399,7708100
2025-04-16,90.49479675292969,90.61870160627495,90.02779034412102,90.21841039872466,8708400
2025-04-17,90.23747253417969,90.53292454188038,90.15169168817543,90.44715096728801,6987000
2025-04-21,89.75139617919922,90.3041834271108,89.73233780955916,89.9706074228233,4901300
2025-04-22,89.818115234375,90.00873529601323,89.80858968485198,89.98966965414347,5233000
2025-04-23,89.9134292602539,90.75214305981825,89.79906448497692,90.58058862549032,8041300
2025-04-24,90.39949798583984,90.42808917858893,90.18029399382193,90.27560039345634,7308900
2025-04-25,90.74259948730469,90.80931468878298,90.52339551305245,90.64729309539452,5341300
2025-04-28,91.10476684570312,91.13336530759702,90.60916924404975,90.63776043453203,4950500
2025-04-29,91.41928100585938,91.428813826128,91.04758100090747,91.0571138211761,5350200
2025-04-30,91.562255859375,91.64803670987048,91.3049278507131,91.40023425127632,13923200
2025-05-01,91.16352081298828,91.69899434530959,90.98184893691851,91.67986638245151,13703300
2025-05-02,90.55155181884766,90.82884890201694,90.39856460117007,90.69498235085658,9331600
2025-05-05,90.38899993896484,90.53243046989257,90.19776409451441,90.5228664891161,10089400
2025-05-06,90.61849212646484,90.63762008964632,90.26470505459268,90.35075900336791,6081200
2025-05-07,90.85753631591797,90.972282204055,90.69498511244227,90.71411307472184,9471100
2025-05-08,90.14994812011719,90.81928814106394,90.13082745445794,90.80016018022512,6409000
2025-05-09,90.21688842773438,90.4655008717686,90.18820377941891,90.31250635384596,3698700
2025-05-12,89.6431655883789,89.85352938418836,89.62404492293237,89.62404492293237,9483700
2025-05-13,89.57624816894531,89.8057326708134,89.43281761958495,89.75792735114715,13166800
2025-05-14,89.2415771484375,89.60492819892264,89.18420055454375,89.53799491869695,6994700
2025-05-15,89.82483673095703,89.87264203790151,89.49972708591187,89.61447295390055,9024900
2025-05-16,89.85353088378906,90.1977612290078,89.84396690331643,90.17863326806253,6819200
2025-05-19,89.80572509765625,89.82485306005435,89.298943521809,89.33719215142504,11704900
2025-05-20,89.69098663330078,89.7579199114303,89.43281020681532,89.56667676307438,8929600
2025-05-21,89.06946563720703,89.4615013532466,88.95471973985899,89.33719876917176,11383500
2025-05-22,89.40411376953125,89.44236239415898,88.98338619380552,89.09813206768868,10981200
2025-05-23,89.66230010986328,89.80573065600575,89.53799752730282,89.79617396939537,9860700
2025-05-27,90.03520965576172,90.1308275745445,89.75791258466599,89.8630944838809,10834400
2025-05-28,89.78660583496094,89.92047239312106,89.68142392566652,89.853539114041,8591500
2025-05-29,90.15951538085938,90.24556932222629,89.97783622217834,90.0256488308354,9679100
2025-05-30,90.42725372314453,90.47506633457338,90.1690845888974,90.22645388646782,10268600
2025-06-02,90.12025451660156,90.31211927506132,89.96675685449667,90.17781248030522,13341900
2025-06-03,90.03392791748047,90.36969497025177,89.95717907136908,90.24498358470038,8508900
2025-06-04,90.69587707519531,90.772625923988,90.30254471451258,90.37929356330527,10115900
2025-06-05,90.42725372314453,90.8109906067701,90.39847473772777,90.69586734593075,8762800
2025-06-06,89.70774841308594,90.04351543633632,89.67896942811764,89.96676659697276,7624200
2025-06-09,89.87084197998047,89.98596524898244,89.70775617160727,89.71734428797784,6061200
2025-06-10,90.02433776855469,90.19701902285951,89.92840536486828,90.15865191672354,5579900
2025-06-11,90.39848327636719,90.43685038109868,90.12027419243957,90.19701572107552,6594900
2025-06-12,90.79179382324219,90.8013892574802,90.58073818503681,90.74382397122395,7795400
2025-06-13,90.45603942871094,90.65749966076746,90.21620477352373,90.59034625008195,9195200
2025-06-16,90.19700622558594,90.5423686851951,90.17782267523974,90.35050390504432,7508400
2025-06-17,90.63831329345703,90.67668039622316,90.28335537990314,90.42725763238026,5285000
2025-06-18,90.69587707519531,90.98367427940829,90.54237937760993,90.79180947659964,6732400
2025-06-20,90.75343322753906,90.8877400506394,90.45604059341302,90.51359856926376,6261700
2025-06-23,91.07000732421875,91.36739992761984,90.94529594970233,91.01244935431458,9310300
2025-06-24,91.38658905029297,91.4345515845723,90.9452942113941,90.98366131114877,7694500
2025-06-25,91.42498016357422,91.46334727033478,91.1179920752762,91.21392448052433,6393300
2025-06-26,91.75113677978516,91.76073221449059,91.47292772670467,91.59764642035891,7131900
2025-06-27,91.51129150390625,91.78950052463198,91.45373354071172,91.51129150390625,8402400
2025-06-30,91.87584686279297,91.91422128190315,91.57845426365412,91.71276107095373,10542300
2025-07-01,91.70551300048828,91.91723851850143,91.54190958835176,91.83062019640401,10659800
2025-07-02,91.51302337646484,91.56114547784917,91.35904586835824,91.41678651609799,6026200
2025-07-03,91.1954574584961,91.29169433467845,91.07996880163546,91.23395367744963,7398900
2025-07-07,90.90674591064453,91.06073079733865,90.82975346729746,91.0511049063194,8518600
2025-07-08,90.77200317382812,90.78162906382595,90.61802564587666,90.6661404110603,5282800
2025-07-09,91.24356842041016,91.25319431034788,90.90673569661675,90.90673569661675,6900800
2025-07-10,91.1954574584961,91.21470189677136,91.0126022540675,91.17620567781782,4451900
2025-07-11,90.77200317382812,90.91636215418451,90.72388106624174,90.88749182659377,6004300
2025-07-14,90.73350524902344,90.90673455371112,90.62764248824749,90.77200146588766,5101600
2025-07-15,90.3774185180664,90.84898427549301,90.32929641648332,90.83935838669602,5628100
2025-07-16,90.62764739990234,90.69501394746507,90.396677428602,90.52178463338906,12786300
2025-07-17,90.59877014160156,90.7816253320298,90.52177770958941,90.67576257361371,4747200
2025-07-18,90.84898376464844,90.92597618978772,90.75274690442522,90.85860965339128,4035000
2025-07-21,91.16658782958984,91.33019125459582,91.11846571992781,91.23395437767483,5232300
2025-07-22,91.4264144897461,91.48415513880258,91.24355931119798,91.26281108915144,6098000
2025-07-23,91.0992202758789,91.27244224698268,91.05109816674809,91.21470158994809,5074000
2025-07-24,90.9644775390625,91.06072175489092,90.77200379221127,90.78162968227467,5867400
2025-07-25,91.17620086669922,91.17620086669922,90.89710880081519,90.9356050177374,3614000
2025-07-28,90.9740982055664,91.07996096297698,90.93560198992597,91.01259442120683,5073200
2025-07-29,91.57077026367188,91.57077026367188,91.08957862523155,91.10882306011241,7864000
2025-07-30,91.2531967163086,91.50341846446786,91.18583016977374,91.2531967163086,7425600
2025-07-31,91.3301773071289,91.55152135600436,91.29168109375884,91.39754384492603,10411800
2025-08-01,92.38164520263672,92.42992451045241,92.05336211554388,92.07267678522541,11870100
2025-08-04,92.50716400146484,92.5457859756553,92.23681754851994,92.46854202727438,8449500
2025-08-05,92.43956756591797,92.55543347617785,92.32370902204566,92.34301632389518,8218700
2025-08-06,92.3719711303711,92.42025042943878,91.97610887028593,92.30438453150842,10107500
2025-08-07,92.30438995361328,92.46852779386624,92.23680335078046,92.3719765564461,5725900
2025-08-08,92.09199523925781,92.17889653057067,92.04372329198536,92.17889653057067,5623800
2025-08-11,92.12096405029297,92.24647994851223,92.07268473830699,92.15957866021523,4920200
2025-08-12,92.10163116455078,92.10163116455078,91.89887135380805,92.00507992606195,6724600
2025-08-13,92.42993927001953,92.52649053468046,92.34303797535217,92.36235264811795,5925200
2025-08-14,92.13060760498047,92.30440280308521,92.06302099273908,92.2754381644658,5527500
2025-08-15,91.9471664428711,92.14992628842613,91.88922979672067,92.0919896422757,7428500
2025-08-18,91.86026000976562,92.02439787081967,91.77336609499166,92.01474790232578,9669600
2025-08-19,92.09199523925781,92.1306172169092,91.98578664231378,91.99544397832388,6499300
2025-08-20,92.22715759277344,92.31405887382981,92.07267706678944,92.09198437014189,6270700
2025-08-21,91.95680236816406,92.14991221519257,91.83128649238611,92.10163291183858,5351300
2025-08-22,92.46853637695312,92.5747449578899,92.08233139142436,92.11129602870024,10867700
2025-08-25,92.28509521484375,92.41061110393686,92.23681590636812,92.30440251840106,9936400
2025-08-26,92.52647399902344,92.55543863660644,92.30439950024045,92.36233614179444,5871200
2025-08-27,92.70027160644531,92.70027160644531,92.34302387870736,92.40095315538285,5222800
2025-08-28,92.91270446777344,92.91270446777344,92.63270063923949,92.67132261900859,6544700
2025-08-29,92.83543395996094,92.9126778974096,92.71956805378795,92.80646932501452,6818900
2025-09-02,92.55841064453125,92.63590029319649,92.44216508574677,92.47122462781178,8623200
2025-09-03,92.87806701660156,93.01368313118783,92.56808627032952,92.56808627032952,7586100
2025-09-04,93.29459381103516,93.29459381103516,92.99430207555027,93.11054761373302,6395300
2025-09-05,93.7498779296875,93.98236161139418,93.7498779296875,93.87581244144265,9566300
2025-09-08,94.0405044555664,94.05018604237016,93.88551038041497,93.98237798212249,7599600
2025-09-09,93.81769561767578,94.09861681592507,93.7305169995245,93.99206024450211,8223100
2025-09-10,94.0695571899414,94.1858027378932,93.92425210263261,94.01143811122739,8864500
2025-09-11,94.21487426757812,94.40860948162988,94.18581472452283,94.19549631185814,8554300
2025-09-12,93.94361877441406,94.0017378461487,93.80799528949515,93.99204887068531,36502700
2025-09-15,94.0986099243164,94.17610695067987,94.05986141113468,94.10829890024264,4990100
2025-09-16,94.15673828125,94.2439242921349,94.06955966088903,94.10830817789078,5847700
2025-09-17,93.95332336425781,94.46672833168428,93.8370851923271,94.25362255296973,10701700
2025-09-18,93.6433334350586,93.77894954940507,93.48834675745859,93.62396287180506,7589200
2025-09-19,93.60457611083984,93.67238416163308,93.47864898523049,93.59489452538598,5528800
2025-09-22,93.4495849609375,93.63363854304909,93.43989598542561,93.6045716165134,5282700
2025-09-23,93.71112823486328,93.72081721038131,93.4689555805729,93.58520111522051,7077500
2025-09-24,93.45928955078125,93.60458725512026,93.42054103278281,93.59490566851375,5419700
2025-09-25,93.255859375,93.30429687085176,93.0911837139428,93.24617778824904,6517500
2025-09-26,93.2074203491211,93.41084450928585,93.12023434303704,93.23647988764127,7295300
2025-09-29,93.47865295410156,93.52709044552037,93.31397730811533,93.32365889398024,6357500
2025-09-30,93.43990325927734,93.73051342307373,93.40115474473626,93.5561488029006,9257800
2025-10-01,93.75471496582031,93.89074567534949,93.60896565900542,93.82273032058491,8347000
2025-10-02,93.85187530517578,93.91017947366377,93.65754784519555,93.71584460056614,9420600
2025-10-03,93.66727447509766,93.90046892969632,93.64783727956222,93.86160195174352,5154300
2025-10-06,93.39521026611328,93.608967518822,93.38549166863449,93.4437884272716,6319600
2025-10-07,93.62840270996094,93.75471482201067,93.45350502467488,93.51180178206434,5119900
2025-10-08,93.6478271484375,93.82272482374502,93.58953039437408,93.80329504342963,5141900
2025-10-09,93.57981872558594,93.62840429964719,93.50209218545285,93.56038894383212,7130600
2025-10-10,94.16281127929688,94.26968619330489,93.83244570096802,93.91017965035333,10417700
2025-10-13,94.21139526367188,94.2405436432145,94.03649757329832,94.15309850458665,5607600
2025-10-14,94.45430755615234,94.4834559354621,94.23083170603226,94.30855824648569,7650600
2025-10-15,94.347412109375,94.57089534154969,94.26967816660843,94.45429442739983,7769300
2025-10-16,94.78466033935547,94.82351989777027,94.25024874719168,94.26967852639908,11627200
2025-10-17,94.62920379638672,94.71665634609498,94.51260286781495,94.69721915144082,12491000
2025-10-20,94.7555160522461,94.76523464958785,94.60977415770846,94.68750069708929,10437800
2025-10-21,94.93041229248047,94.99842764660102,94.86239693835992,94.9207011084044,7642000
2025-10-22,94.94985961914062,94.99843778405767,94.7943916999219,94.88184425776204,6523500
2025-10-23,94.6389389038086,94.81383662061891,94.61950170576355,94.7555324396028,6138300
2025-10-24,94.72637176513672,94.77495734082645,94.57091126654207,94.75552014530334,7555200
2025-10-27,94.72637176513672,94.72637176513672,94.45431033275754,94.58062245118558,7272300
2025-10-28,94.8138198852539,94.86239804555407,94.668070578118,94.668070578118,5539600
2025-10-29,94.2016830444336,94.76524313080857,94.15310487961268,94.76524313080857,11223300
2025-10-30,94.06564331054688,94.21139261728374,93.91018281964718,93.92961260109051,8958800
2025-10-31,94.10452270507812,94.20168645135239,94.0462259399373,94.12395990220418,9739900
2025-11-03,94.05968475341797,94.11816507929676,93.9329749018604,93.98170602793921,8012500
2025-11-04,94.17664337158203,94.22537449276061,94.10841385276417,94.12790481394363,6119000
2025-11-05,93.728271484375,94.03042970218732,93.69902388960595,94.01093130567462,11749200
2025-11-06,94.20587921142578,94.27410872711472,94.06942018004787,94.07916194196096,7665000
2025-11-07,94.24488067626953,94.41057988759331,94.10842162736049,94.11816339052511,11460300
2025-11-10,94.11815643310547,94.20588435032505,94.06942531150337,94.12790563200984,9097300
2025-11-11,94.41057586669922,94.43981602786863,94.28386602281174,94.36183730711012,4937700
2025-11-12,94.43006134033203,94.49829085791517,94.33259166327895,94.3618318227489,7188200
2025-11-13,94.15714263916016,94.35208942841989,94.15714263916016,94.20588119559,46965300
2025-11-14,94.00120544433594,94.47881212925354,93.98170704452505,94.43007356618698,11288500
2025-11-17,94.10840606689453,94.17663558006755,94.04991831527535,94.09865686888146,6648500
2025-11-18,94.26435852050781,94.47879626365363,94.12789949058946,94.39106835215789,8769000
2025-11-19,94.1961441040039,94.4105818815214,94.15715474114067,94.36184331882721,13075900
2025-11-20,94.42032623291016,94.49829751817225,94.25461959013522,94.29360895099637,9076400
2025-11-21,94.73222351074219,94.77121286741655,94.5470259256538,94.73222351074219,12551100
2025-11-24,94.8784408569336,94.89793925690253,94.72249083948562,94.82970972993266,6903900
2025-11-25,95.12211608886719,95.22933497625684,94.96616607586621,94.97591527557267,9193400
2025-11-26,95.20008850097656,95.20008850097656,94.86869009753637,95.01489833759645,7747100
2025-11-28,95.03439331054688,95.18060155677824,94.92717442574123,95.16110315783521,7798000
2025-12-01,94.52407836914062,94.670712296829,94.51430028779782,94.60228064441085,9898100
2025-12-02,94.60228729248047,94.65117024413894,94.43609719042766,94.49475822411608,7317200
2025-12-03,94.79779815673828,94.85645172359266,94.64137870047303,94.75869329267196,6855100
2025-12-04,94.50453186035156,94.66095134385215,94.45565636562624,94.65117326151048,8928900
2025-12-05,94.30901336669922,94.53385704730768,94.26013041431058,94.52408642362303,9118700
2025-12-08,94.11349487304688,94.26013628084806,93.93752667538384,94.25036565655532,14728300
2025-12-09,93.97662353515625,94.25035762034148,93.95707482974575,94.25035762034148,8509200
2025-12-10,94.27969360351562,94.30902039373743,93.9277572038702,93.93752782828285,13356900
2025-12-11,94.28943634033203,94.56317037125545,94.2601095587841,94.51428742968241,8672800
2025-12-12,94.03529357910156,94.11349586672829,94.01573741332595,94.03529357910156,8348700
2025-12-15,94.11349487304688,94.34812410892549,94.09394616596957,94.25036565655532,6117000
2025-12-16,94.37744140625,94.39699011136108,94.0743879968362,94.0841586201462,7456400
2025-12-17,94.3578872680664,94.40677021963002,94.24058011789971,94.26012882343042,5673200
2025-12-18,94.60228729248047,94.66094832616888,94.47520206005619,94.60228729248047,7357600
2025-12-19,94.38945770263672,94.53657494075553,94.35022594029213,94.44830908750038,5806600
2025-12-22,94.29138946533203,94.3404310427991,94.23254555852687,94.3110090893965,4672800
2025-12-23,94.25215911865234,94.2815810724978,94.03638814685995,94.08542972506523,5093900
2025-12-24,94.4973373413086,94.51695696261577,94.32079816300957,94.36983973358439,3967700
2025-12-26,94.58562469482422,94.65427841419154,94.47773920971926,94.63465878997562,3491500
2025-12-29,94.72293090820312,94.74254304947114,94.59542580053167,94.69350895495405,5034600
2025-12-30,94.62484741210938,94.70330345338813,94.54638388813713,94.58561565012324,4108600
2025-12-31,94.31100463867188,94.61504145307595,94.30119482710258,94.48753635075646,6802100
2026-01-02,94.23252868652344,94.43848980615903,94.2227188762476,94.43848980615903,6611800
2026-01-05,94.5169677734375,94.52677010251917,94.32080895139471,94.37966033935453,8693200
2026-01-06,94.44831085205078,94.46792299224269,94.25215203666306,94.39926927753042,12834100
2026-01-07,94.62484741210938,94.69350112491172,94.4875325038112,94.664071691402,7990900
2026-01-08,94.3404312133789,94.45811902720202,94.33062140132893,94.37966297888467,6931700
2026-01-09,94.44831085205078,94.52676689551215,94.22273008502833,94.31100342262623,10277300
2026-01-12,94.33061981201172,94.44831510654602,94.27177590609159,94.30119785905165,6360600
2026-01-13,94.44831085205078,94.51696456676305,94.35022770301006,94.48753513243462,7622500
2026-01-14,94.64446258544922,94.74253825221146,94.51696496692769,94.5267672957183,7331200
2026-01-15,94.44831085205078,94.6640743249367,94.42869122916515,94.6542719961876,6172500
2026-01-16,94.0854263305664,94.40908277657783,94.06581418960845,94.37966082379388,11979300
2026-01-20,93.71273040771484,93.87945978570919,93.69311078518987,93.76176449864012,13607700
2026-01-21,93.95792388916016,93.99714816906454,93.72253331357211,93.82061646141393,11969000
2026-01-22,93.9481201171875,94.01677383547394,93.81081268061463,93.85984677499403,10209500
2026-01-23,94.10502624511719,94.1246458662201,93.9088749302461,93.98733844927175,8147500
2026-01-26,94.24234008789062,94.31100128373943,94.19330599717603,94.25214989911096,6803800
2026-01-27,94.13446044921875,94.30118982358135,94.10503101607235,94.18349453907595,9857200
2026-01-28,94.05599975585938,94.10503384719175,93.88927037648078,94.0756118958536,17032400
2026-01-29,94.1540756225586,94.2423414767618,93.93830466869258,93.95792429142239,11049100
2026-01-30,94.09522247314453,94.21291026718377,94.06580052463472,94.14425655976325,8238500
2026-02-02,93.91024017333984,94.16606735225994,93.91024017333984,94.13654940908505,8987100
2026-02-03,93.9988021850586,94.03816194842008,93.84137063871991,93.86104676684702,7313800
2026-02-04,93.97911834716797,94.07751399394597,93.88072270038997,93.92007495341585,7268600
2026-02-05,94.5301513671875,94.55966931406762,94.17592099041103,94.26448233815893,12086800
2026-02-06,94.5301513671875,94.58918726094774,94.38255412567938,94.57935295005939,7759900
2026-02-09,94.54981994628906,94.5891797080222,94.39238840646348,94.47110792992974,8165100
2026-02-10,94.96309661865234,95.00245638159895,94.86470096483944,94.88437709275915,9752300
2026-02-11,94.69742584228516,94.90405897996402,94.61871381872248,94.63838994783625,9106600
2026-02-12,95.27796173095703,95.29763785774419,94.84501187057205,94.854853687519,13099900
2026-02-13,95.65186309814453,95.70106467314992,95.53378382239542,95.56330927166246,11681500
2026-02-17,95.64203643798828,95.75027391446729,95.59284236229352,95.69123802079056,8623800
2026-02-18,95.44523620605469,95.53379003829852,95.41571826197342,95.47475415013596,7778800
2026-02-19,95.5337905883789,95.58299216686889,95.38620086712272,95.40587699425458,4993000
2026-02-20,95.5337905883789,95.58299216686889,95.33699928863274,95.57315034974951,11200200
2026-02-23,95.87818145751953,95.96673528550181,95.61250495935973,95.61250495935973,9862900
2026-02-24,95.85850524902344,95.91754864602461,95.76995141418226,95.87818888372618,9493300
2026-02-25,95.77979278564453,95.85851231604488,95.71091507332113,95.71091507332113,8762700
2026-02-26,96.03561401367188,96.03561401367188,95.85849884870814,95.85849884870814,8177300
2026-02-27,96.41937255859375,96.47841595794289,96.26194101024657,96.3111350847456,9970300
2026-03-02,95.8401107788086,96.10654928220228,95.67234539490055,96.09667895871337,17709600
2026-03-03,95.73155975341797,95.86971416678196,95.36643307304118,95.39603651464049,13708500
2026-03-04,95.53418731689453,95.71181548862702,95.51445419952451,95.69208237125702,12535500
2026-03-05,95.23814392089844,95.30722112390873,95.11972263194488,95.17892951199643,12599700
2026-03-06,95.17892456054688,95.46510368065903,94.90261576288,94.95195984625626,12758200
2026-03-09,95.4749755859375,95.52431967013182,94.98156485939519,95.09011582154251,12134400
2026-03-10,95.16907501220703,95.49472040972212,95.13947156960121,95.42564320069151,10571300
2026-03-11,94.73486328125,95.04077553469688,94.71513016409396,94.99143897738153,12197600
2026-03-12,94.42894744873047,94.71512657417446,94.33025928013927,94.586834966546,11401400
2026-03-13,94.33026123046875,94.66578444714546,94.29079499683654,94.57696659934707,11839700
2026-03-16,94.75459289550781,94.79406665721113,94.60657570018319,94.71512666265473,9092100
2026-03-17,94.92236328125,95.01117360313808,94.86314887114067,94.90262263493001,7209700
2026-03-18,94.4881591796875,94.85328584721715,94.4684260622659,94.78420864296567,13048700
2026-03-19,94.47827911376953,94.61643350802576,94.22171096949356,94.231573762762,18464600
2026-03-20,93.62962341308594,94.08356041030679,93.60001997200534,94.05395696922619,20761500
2026-03-23,93.92566680908203,94.1723721739379,93.63948768238718,93.74803864523179,28336300
2026-03-24,93.6098861694336,93.82698809959011,93.37305112237667,93.54080896700656,19785600
2026-03-25,94.10330200195312,94.14277576674057,93.88620006004754,94.0342247957878,15939200
2026-03-26,93.34343719482422,93.87632168044802,93.34343719482422,93.7579079250984,12897300
2026-03-27,93.35331726074219,93.53094544115598,93.11648219647412,93.12635252006682,11401900
2026-03-30,94.01447296142578,94.13289424169623,93.87631856553521,93.9453957634805,15430000
2026-03-31,94.18224334716797,94.41907839149039,94.09342550001561,94.28092398823145,18649700
2026-04-01,94.10006713867188,94.34759466979614,94.0802607059751,94.13967245012465,13557600
2026-04-02,94.31788635253906,94.4465979408139,94.0703588377442,94.09015771519407,13171300
2026-04-06,94.07036590576172,94.23868281552312,93.9713564031927,94.06046268932256,6104900
2026-04-07,94.30799102783203,94.34759633998591,93.82283917334348,94.12977090010999,6737500
2026-04-08,94.51591491699219,94.78324889025737,94.42680862853115,94.77334567355913,12107400
2026-04-09,94.48621368408203,94.70403912978715,94.28819467195434,94.42680949123194,11065900
2026-04-10,94.3277816772461,94.51590500507889,94.31788601552665,94.48620291204008,4404800
2026-04-13,94.53571319580078,94.5456088577044,94.22877393616007,94.32778343277884,4300200
2026-04-14,94.8426513671875,94.85255458370662,94.46641223281071,94.49611432842718,5239800
2026-04-15,94.63471984863281,94.75352821942899,94.55550923214192,94.74363255782274,5592900
2026-04-16,94.4664077758789,94.7535330559188,94.43669812772323,94.72383096170367,6618900
2026-04-17,94.98126220703125,95.10007813846471,94.89214836997101,94.94165689655343,6912900
2026-04-20,94.89215087890625,94.97136150195621,94.76343928190565,94.96146583953055,3868800
2026-04-21,94.47630310058594,94.80304124366648,94.46640743850993,94.74363705544839,4872900
2026-04-22,94.57530975341797,94.76343308236918,94.55551087592113,94.73373098915378,4121400
2026-04-23,94.42680358886719,94.68422677775413,94.24858346751589,94.61491937244755,6795600
2026-04-24,94.61492156982422,94.64462366508248,94.26838453524319,94.34759515855909,5490000
2026-04-27,94.3970947265625,94.58521806565031,94.33769053693085,94.47630534869849,4055500
2026-04-28,94.30799102783203,94.32778990693852,94.16937621226387,94.24858683657165,4867700
2026-04-29,93.86243438720703,94.09015546516615,93.76341734050472,94.09015546516615,7200300
2026-04-30,94.04066467285156,94.14956983891769,93.93175195284454,94.10006886414962,10382400
2026-05-01,94.11217498779297,94.41018997977663,93.99297505406837,94.06251087501974,5359200
2026-05-04,93.7645034790039,93.97311095875757,93.59563183998952,93.96317510386358,6593900
2026-05-05,93.90357208251953,94.0128437462946,93.84397211276456,93.87377209764205,11281600
2026-05-06,94.3704605102539,94.40026049569592,94.23138885896677,94.30092468461034,9031100
2026-05-07,94.08238220214844,94.54926885518523,94.06251807128665,94.54926885518523,5610100
2026-05-08,94.33072662353516,94.45986242273702,94.29099078251072,94.41019830558403,3215100
2026-05-11,94.0128402709961,94.25124772003939,94.0128402709961,94.23138359046752,4025400
2026-05-12,93.69496154785156,93.80423320805593,93.67509741819448,93.79429735380931,5686700
2026-05-13,93.69496154785156,93.75456151565898,93.48635408168944,93.67509741819448,3459200
2026-05-14,93.63536071777344,93.93336813290239,93.6254248636183,93.91350400342823,5167300
2026-05-15,92.89034271240234,93.12875019081645,92.87047100154619,93.09895020336931,12498700
2026-05-18,92.85060119628906,93.12874450058361,92.72145782012615,92.99960870325732,8422900
2026-05-19,92.49298858642578,92.65192437346005,92.33404522055469,92.51285271774125,10069800
2026-05-20,93.11880493164062,93.18834075494077,92.53271836080175,92.5525824908148,14892500
2026-05-21,93.17842102050781,93.21814928417557,92.69166263395202,92.85060600397114,7762000
2026-05-22,93.25788116455078,93.36715283208719,93.00953784357472,93.33735284618393,6321900
2026-05-26,93.65523529052734,93.72477111969482,93.50622777692932,93.71483526443177,5494400
2026-05-27,93.69496154785156,93.8539049004529,93.66516156394786,93.72476153175526,5958800
2026-05-28,93.91351318359375,94.0426489848892,93.66516985729236,93.7247698303769,5938300
2026-05-29,94.02278137207031,94.11218132838688,93.9035738514783,94.01284551731183,9639700
2026-06-01,93.86031341552734,93.89021354169955,93.50149669285142,93.60117391916508,8054100
2026-06-02,93.93008422851562,94.01979221259492,93.85035309237328,94.01979221259492,15426600
2026-06-03,93.69087219238281,93.79054181215209,93.60117181588181,93.68090294911451,7056500
2026-06-04,93.81048583984375,93.96995572003318,93.78057810827228,93.89021697778597,4417900
2026-06-05,93.31212615966797,93.4815652765464,93.28221842936176,93.40182653767255,9880800
2026-06-08,93.21244812011719,93.55133395522003,93.21244812011719,93.49153370373908,5352200
2026-06-09,93.47159576416016,93.54136525939786,93.30215664776927,93.40182626892246,8007300
2026-06-10,93.38189697265625,93.5912054619248,93.29218898908128,93.5114667219259,5804900
2026-06-11,94.02975463867188,94.06962400922905,93.44169853263948,93.5014987863228,11281600
2026-06-12,93.87028503417969,93.95998541496596,93.71080755148644,93.85035415099549,8861800
2026-06-15,93.96995544433594,94.15933305554123,93.95002456098511,94.07959431352795,3787600
2026-06-16,94.20915985107422,94.30883707628365,94.03972073510559,94.06962086094656,4675000
2026-06-17,93.71080780029297,94.2689713868964,93.70084616082687,94.2191327723462,11508300
2026-06-18,94.04969024658203,94.28889885829636,94.01979012065583,94.11945974184474,6836500
2026-06-22,93.69087219238281,93.82044193765242,93.66097206688248,93.80051105542039,4572200
2026-06-23,93.81048583984375,93.95002483662388,93.78057810827228,93.85035521096735,6504600
2026-06-24,94.4184799194336,94.46831092983359,94.24903319201972,94.2590024358217,5179800
2026-06-25,94.47827911376953,94.7075184885088,94.46830987007938,94.54804861099082,5630500
2026-06-26,94.71748352050781,94.76732213243756,94.5181442813979,94.5181442813979,5584100
2026-06-29,94.74738311767578,94.75735236086706,94.61781337340722,94.66765198505908,5901500
2026-06-30,94.25900268554688,94.5879192931391,94.23907180219506,94.5679808054823,8034000
2026-07-01,94.02999877929688,94.19999694824219,94.0,94.04000091552734,7890500
2026-07-02,94.12000274658203,94.26000213623047,94.02999877929688,94.08999633789062,7605500
2026-07-06,94.18000030517578,94.19000244140625,94.02999877929688,94.13999938964844,4600500
2026-07-07,93.69999694824219,94.0199966430664,93.69000244140625,94.0,5813600
2026-07-08,93.51000213623047,93.58999633789062,93.36000061035156,93.52999877929688,5509600
2026-07-09,93.70999908447266,93.8499984741211,93.58999633789062,93.58999633789062,3223100
2026-07-10,93.62999725341797,93.77799987792969,93.58499908447266,93.73999786376953,6502091
