date,close,high,low,open,volume
1999-03-10,43.02705001831055,43.10604705016791,42.36874141949919,43.079714706215455,5232000
1999-03-11,43.23771667480469,43.59320338315418,42.39508151427256,43.34304606987121,9688600
1999-03-12,42.184410095214844,43.10604202613402,41.84208966373058,43.07970968525061,8743600
1999-03-15,43.39570999145508,43.44837468804665,42.05276022837,42.50041014939836,6369000
1999-03-16,43.76435089111328,43.948677278741314,43.1060423638703,43.58002450348525,4905800
1999-03-17,43.4483757019043,43.81702858664772,43.316713957353066,43.76436388882723,3965000
1999-03-18,44.291019439697266,44.31735179370422,43.38255322645734,43.39571940346082,4848400
1999-03-19,43.15872573852539,44.87032865066947,43.13239338603086,44.87032865066947,7160400
1999-03-22,42.6320686340332,43.44837136884174,42.55307159518076,43.343041983705156,5024800
1999-03-23,41.13113021850586,42.55307710186009,41.05213316943062,42.39508300370962,10962400
1999-03-24,42.5267333984375,42.55306574109907,40.86779581075851,41.49977203463622,8447000
1999-03-25,44.08034133911133,44.08034133911133,42.90196901239374,43.185041694230925,8133800
1999-03-26,43.60636520385742,44.2120091650221,43.422038780894255,43.7116945884078,8256200
1999-03-29,45.18629837036133,45.212630712069,43.869681284977844,44.133004702054535,5113800
1999-03-30,44.870304107666016,45.5022802218585,44.68597774102655,45.13362748857955,4940600
1999-03-31,44.21201705932617,45.66029635549231,44.08035530512925,45.60763165381354,8256600
1999-04-01,45.13364028930664,45.55495781826166,44.396334613635354,45.50229312714229,8715800
1999-04-05,46.76624298095703,46.832073841009056,45.58128750002062,45.86436019824432,5697200
1999-04-06,46.8584098815918,47.371890630505,46.318596786580486,46.713581978052176,7522400
1999-04-07,46.371253967285156,47.39821529875825,45.3706249776447,47.292885931427676,11923600
1999-04-08,46.73991012573242,46.96373504746128,45.344295907893645,46.292260282274704,7952400
1999-04-09,47.02957534790039,47.134904743976314,46.52926071653975,46.660922461634655,4946800
1999-04-12,46.713584899902344,47.02957307284419,45.870949772057436,45.92361446754774,10934000
1999-04-13,46.081600189208984,47.10856156485421,45.712947387695316,47.00323219299317,9962200
1999-04-14,44.501651763916016,46.713568182950894,44.24491146527804,46.66090350630721,21253800
1999-04-15,45.10731506347656,45.17972902519551,43.07972413534598,44.65966511830487,17650600
1999-04-16,43.79069137573242,45.001979291116484,43.55370026185293,45.001979291116484,17274000
1999-04-19,41.73678970336914,44.44902272510228,41.29572268284458,44.08036969302205,19460600
1999-04-20,42.68473815917969,43.02705869962962,41.15746190178769,41.55244714076838,17413600
1999-04-21,44.79130935668945,44.81764169611137,42.500395826982235,43.079707294264516,10940400
1999-04-22,46.00261306762695,46.134274810808485,44.91640368637932,45.21264260853776,13630600
1999-04-23,46.608253479003906,46.950573984781904,45.29163614908854,45.765618387858076,7064400
1999-04-26,47.68130874633789,48.030212427624086,46.77284255732855,46.92425358883011,5421000
1999-04-27,46.95058822631836,48.267205955603785,46.351527159493486,48.030214764332406,16482800
1999-04-28,45.344322204589844,46.71360487278884,45.140246422310184,46.55561071876588,7676800
1999-04-29,44.97563552856445,45.396952957403464,44.02767131367668,45.13362956437908,19148200
1999-04-30,45.26530456542969,45.844616200356654,43.659031395859465,45.60762507697744,15295200
1999-05-03,45.0283088684082,45.3179646564506,44.27125396784286,45.13363824587817,11109800
1999-05-04,44.317352294921875,45.81829649029356,44.05402875187421,45.10732292406487,15428400
1999-05-05,45.66029739379883,45.66029739379883,43.00072989854296,44.34367982188998,12642600
1999-05-06,44.001365661621094,45.63397168856335,43.5800479772489,45.23898635946442,15173400
1999-05-07,44.63331985473633,44.76498156522228,43.4483644603628,44.39632877586162,16430400
1999-05-10,45.080963134765625,45.383785024981634,44.39632233949465,44.92296910508771,10604200
1999-05-11,45.791954040527344,46.02894517702231,45.18631002504021,45.449633510034616,8800800
1999-05-12,46.73991012573242,46.89790418812926,44.65965497084067,46.002604501213824,12507400
1999-05-13,45.87095260620117,47.18757007480625,45.660293811224356,47.10857302668995,9864000
1999-05-14,45.00200271606445,45.50231755023954,44.65968204004992,44.975670356371026,12205400
1999-05-17,45.81170654296875,45.9499513823713,44.16593464531935,44.607001513889394,9906800
1999-05-18,45.60762405395508,46.02894159717868,45.080977124925575,45.76561813266393,9267800
1999-05-19,46.2396125793457,46.2659449327508,45.080989029521554,45.791962571459095,7985600
1999-05-20,44.96908187866211,46.33836441866529,44.89666789818117,46.33836441866529,5997200
1999-05-21,44.5543327331543,45.238973779881256,44.31734160159496,45.10731204012607,10958600
1999-05-24,43.42204666137695,44.712331856287484,43.132390801294996,44.63333480353786,9569800
1999-05-25,42.00008773803711,44.001345837153615,41.81576133417112,43.36936959532735,17771200
1999-05-26,43.171875,43.34303522415371,41.23644784995426,42.55306495882891,26772000
1999-05-27,43.13237762451172,43.75777076772427,42.44773670983693,43.000715910151186,23334800
1999-05-28,43.843360900878906,44.08035204088366,42.84273164308107,43.395710969758824,12969800
1999-06-01,42.869075775146484,43.975034732490556,42.632084570001325,43.76437588347264,6960200
1999-06-02,43.59319305419922,43.817017965682574,41.769678334173065,42.84272129216679,11996600
1999-06-03,42.97438049316406,43.92234476874856,42.71105708327948,43.92234476874856,11147800
1999-06-04,44.291019439697266,44.44243047523725,43.290389987433,43.290389987433,12987200
1999-06-07,45.2126350402832,45.495707740739256,44.501661746114515,44.600408036971274,11491800
1999-06-08,44.08034133911133,45.52862017641785,43.84993334226711,45.31796143644599,8134800
1999-06-09,44.81765365600586,44.942732301638074,44.21200968768145,44.23834203413034,8384400
1999-06-10,44.30416488647461,44.6069868158621,43.77093496733576,44.34366339900341,9392400
1999-06-11,43.6327018737793,44.65308038772555,43.23771664257429,44.606998777418305,16567600
1999-06-14,42.809818267822266,43.790698311172335,42.711071954733335,43.790698311172335,14136800
1999-06-15,43.4483757019043,43.70511610377918,42.79006697914817,42.915145636471834,9147800
1999-06-16,45.680030822753906,45.680030822753906,44.47532616205871,44.527990846679266,15060200
1999-06-17,46.18693161010742,46.39759036317518,45.080973156501656,45.080973156501656,16278200
1999-06-18,46.397613525390625,46.529275311785035,45.6866398788608,45.76563695069745,5392800
1999-06-21,47.78661346435547,47.81294580405204,46.63457360263041,46.71357062172013,10565200
1999-06-22,46.34491729736328,48.109184035387905,46.34491729736328,47.503540229797366,10862800
1999-06-23,47.075660705566406,47.1875731978045,46.05528209986611,46.35152104990813,9607000
1999-06-24,46.14086151123047,47.082243048697435,45.92361961796886,47.05591069799906,14988800
1999-06-25,46.081600189208984,46.81890579223633,45.66028270176479,46.45025299072266,8635600
1999-06-28,47.17441177368164,47.240242658099284,46.094785269232325,46.47660439885465,7666200
1999-06-29,47.81954574584961,48.00387218870256,46.89791353158489,47.13490467239582,9000400
1999-06-30,48.556854248046875,50.50544818207913,47.299484513586876,47.86563004847462,19467600
1999-07-01,48.88600158691406,49.16249122691546,47.87220624024227,48.71484133357986,6822600
1999-07-02,49.50482177734375,49.5574864813622,48.87284532912234,48.87284532912234,3302000
1999-07-06,49.18882369995117,50.268449916063595,48.92550023260668,49.76813532810906,8794800
1999-07-07,49.26781463623047,49.47847338400698,48.82016479720539,49.162485262342216,10520000
1999-07-08,49.92612075805664,50.130196409889415,49.03082112420963,49.267812203757366,11225000
1999-07-09,50.426448822021484,50.47911352053013,49.74180774140918,50.110460630969655,4206800
1999-07-12,50.16311264038086,50.87408589040201,49.873456871853726,50.61076246446825,7816200
1999-07-13,49.92612075805664,50.11044715326043,49.53113562547708,49.92612075805664,6230000
1999-07-14,50.77534484863281,50.87409114355431,49.71546794980877,50.42644127324353,6909400
1999-07-15,51.24275207519531,51.24275207519531,50.670023474149325,50.953096230988145,6539800
1999-07-16,51.716739654541016,52.006395528369914,51.24934040358984,51.26908966771454,4913800
1999-07-19,51.190093994140625,51.927399874714666,50.98601825933888,51.927399874714666,6833000
1999-07-20,49.21516418457031,50.63711114335405,49.08350242912738,50.56469717786043,14837400
1999-07-21,49.452152252197266,49.88005293063081,48.92550526335597,49.32049050498694,10980400
1999-07-22,48.19477844238281,49.45214802065014,48.05653361964138,49.45214802065014,15148400
1999-07-23,48.26717758178711,48.760908940029616,47.76686313876804,48.55683331195605,12115000
1999-07-26,47.082237243652344,48.135531141720634,47.003240201297224,47.60888419268649,10720000
1999-07-27,48.030189514160156,48.7674950549477,47.62203823265276,48.030189514160156,13732800
1999-07-28,48.97158432006836,49.2414908877687,47.984121267506154,48.609514534128884,10161800
1999-07-29,47.92487716674805,48.45152416858044,47.45089486509889,48.05653891720615,13033800
1999-07-30,47.68788528442383,48.662182222868715,47.61547132278266,48.13553522911472,10947400
1999-08-02,47.55621337890625,48.71483651770574,47.37188697046088,47.76687213141525,9642400
1999-08-03,47.246822357177734,48.2145362886958,46.55559812037912,48.20795320072629,13005000
1999-08-04,46.391021728515625,47.60230993598644,46.35152320001114,47.246823179446096,13227600
1999-08-05,47.12831497192383,47.12831497192383,45.29163388836932,46.39759239029461,18695200
1999-08-06,46.62140655517578,47.661533953610935,46.29225231516465,46.79256675998157,12392200
1999-08-09,46.022361755371094,46.92424468492135,45.93019853629296,46.79258294338116,7983400
1999-08-10,45.60762405395508,46.23301728217761,44.60699488879902,45.8972798649213,16767200
1999-08-11,47.10856246948242,47.18755949989519,45.72611443725893,46.42392153923841,13101400
1999-08-12,46.55560302734375,47.60889721348275,46.45027360872985,47.292908957641046,12715000
1999-08-13,48.58317184448242,48.63583652940869,47.45088111856766,47.52987814595706,14342600
1999-08-16,48.97158432006836,49.136161495495394,48.24086166117233,48.55684983799223,11470600
1999-08-17,49.21516418457031,49.452155344367604,48.319864247558336,49.39949064219043,11408400
1999-08-18,48.66217041015625,49.583802425500124,48.47784400708748,48.978158529702725,7035200
1999-08-19,48.082855224609375,48.55683736811593,47.77345021426482,48.214516931138974,10157800
1999-08-20,48.846500396728516,48.846500396728516,47.87220362331668,48.13552707559015,6920800
1999-08-23,50.40009689331055,50.40009689331055,49.18222621341733,49.29413865427239,9652000
1999-08-24,50.74241256713867,51.295391635073244,49.93269321766306,50.03143947979423,13891400
1999-08-25,51.82204818725586,52.03270691972438,50.50543110932762,51.05841028205748,11352000
1999-08-26,50.95966339111328,52.006373955534805,50.880666367383355,51.82204756683164,9753000
1999-08-27,50.45277404785156,51.3480737960911,50.32111232016928,51.34149070970698,9635400
1999-08-30,49.74181365966797,50.82144010754853,49.61015189773132,50.66344599322455,10141600
1999-08-31,50.294769287109375,50.610757366400115,48.97815229006463,50.084110567582215,14590400
1999-09-01,50.6568489074707,51.08474951552601,50.29477916219314,50.61076730352629,10752000
1999-09-02,50.479103088378906,50.742426526502946,49.61013574256957,49.715465117819186,14583200
1999-09-03,52.79636001586914,52.816109277720464,51.743066050465266,51.927392494410945,14195400
1999-09-07,52.55937576293945,53.217684577605525,52.480378705179525,52.691037525872666,9009000
1999-09-08,51.84838104248047,52.77001300616092,51.4270635733694,52.243366169772095,14303400
1999-09-09,52.58570098876953,52.71736273385909,51.6114040751068,51.874727565285916,12677600
1999-09-10,53.191349029541016,53.7114129618843,52.69103436045127,53.296678433559904,10251000
1999-09-13,52.55278015136719,53.24400424204658,52.269707428517535,53.13867485680019,7240800
1999-09-14,52.842411041259766,53.211063715772106,52.243350445177214,52.34867978075217,10022600
1999-09-15,51.82204818725586,53.50073496161438,51.76938350413873,53.50073496161438,16096000
1999-09-16,51.79573440551758,52.2697167234125,50.72269110250546,51.79573440551758,15371000
1999-09-17,53.349327087402344,53.454656459736796,52.19070399172332,52.26970102097416,14506400
1999-09-20,53.47440719604492,53.71798137630513,53.112337468631104,53.50732262580982,6187200
1999-09-21,52.19071960449219,53.11235188812348,52.039308586467044,53.0070224842799,12265800
1999-09-22,52.74370574951172,53.020195470115745,51.63774686709559,52.26972337133338,12441800
1999-09-23,50.55809783935547,53.40199084281922,50.24869281351567,53.29666147232056,19766000
1999-09-24,50.62393569946289,50.8214282964699,49.39948159801944,50.242116678582676,23570800
1999-09-27,50.97941970825195,51.716725365189475,50.821425638908195,51.348072536720714,12608800
1999-09-28,51.21641159057617,51.400738007611665,49.63647087312909,50.72268011637396,20622000
1999-09-29,50.189456939697266,51.585071429625884,50.189456939697266,51.216418545493795,15557000
1999-09-30,50.716094970703125,51.2427418551341,50.03145402094285,50.66343028226002,17604200
1999-10-01,50.73585510253906,50.73585510253906,49.50481774634667,50.03146474364823,19607400
1999-10-04,51.87471389770508,52.05904029226546,50.71609084618273,51.00574660906332,12434200
1999-10-05,52.24336624145508,52.87534244598881,51.13740788352105,52.05903984846607,19526400
1999-10-06,53.29008483886719,53.369081876305906,51.76280878171868,52.55936224255907,19098200
1999-10-07,53.165008544921875,53.84306647955869,52.77002334027907,53.586326096540866,22013600
1999-10-08,53.724571228027344,53.8759822240137,52.24337670207389,52.95435007453155,22523200
1999-10-11,54.48163986206055,54.50797221578798,53.7443339576924,53.87599572632957,13016000
1999-10-12,53.244014739990234,54.73179259993556,53.08602063096949,54.29730880012852,20182800
1999-10-13,51.664066314697266,53.27033952835503,51.45340753257822,52.638363181997875,22570600
1999-10-14,51.98664474487305,52.348714576577244,51.00576465534714,51.84839990004054,22130400
1999-10-15,50.45277404785156,51.40073848716401,50.14336898779819,50.66343281214321,33703000
1999-10-18,49.814208984375,50.68975937355458,48.37909631639644,50.50543297583256,24714800
1999-10-19,50.0841178894043,50.61076476521296,49.241482888110426,50.354024413256234,26657200
1999-10-20,51.611385345458984,52.026119691984995,50.347433051284476,50.84774750106189,22486400
1999-10-21,52.45404815673828,52.45404815673828,50.40012458433588,50.76877753322862,22454800
1999-10-22,52.21704864501953,53.29667496597052,52.03272219997912,52.763444892817894,16589400
1999-10-25,52.24336624145508,52.81609467681377,51.76938408805478,51.98004282289936,13855400
1999-10-26,51.82204818725586,53.16499760674267,51.7167188210216,52.87534184959846,13542400
1999-10-27,51.74308395385742,51.92741046158109,50.93336393778561,51.69041923736495,15225200
1999-10-28,53.53366470336914,53.71799114356766,52.0853855303808,52.55936780517698,14103800
1999-10-29,55.40327453613281,55.82459221321367,54.586971536788646,54.77129802051152,19000000
1999-11-01,55.11360168457031,56.06156616648361,55.04118773109082,55.40325749848826,9681800
1999-11-02,55.14651870727539,56.08790012963905,54.93585992744576,55.40325909519275,12834800
1999-11-03,56.245887756347656,56.56187588981028,55.77190555615371,55.929899622885024,18752600
1999-11-04,56.87785720825195,57.14118062125312,56.27221335834927,57.029268170727626,20048600
1999-11-05,57.45716094970703,58.32612809514256,57.45716094970703,58.036472379997385,15134600
1999-11-08,58.61579895019531,58.819874620394785,57.48350813489505,57.66783454668811,10890800
1999-11-09,58.220794677734375,59.19509110608181,57.72048029561002,59.089761762476684,14629800
1999-11-10,58.98447036743164,59.4847850714411,57.98384095941271,58.247164487838745,16561000
1999-11-11,60.037757873535156,60.11675492336876,59.08979327553197,59.61644027442263,18501400
1999-11-12,60.82771682739258,60.88038151728642,58.45780578216949,60.35373461834796,28646600
1999-11-15,60.70924377441406,61.091062917649374,60.40642169529641,60.88040408000231,10909400
1999-11-16,62.24966812133789,62.53932393746933,60.66972730607551,60.933050775285906,19126400
1999-11-17,61.40703582763672,62.51957753592045,61.09104765013602,62.2496709676386,21683600
1999-11-18,63.289798736572266,63.289798736572266,61.459700541360384,61.828353415216014,17738400
1999-11-19,63.855934143066406,63.961263518972494,62.776308040028994,63.0132991358177,17939400
1999-11-22,62.881614685058594,65.30418945516972,62.881614685058594,63.98757273228324,18841800
1999-11-23,63.171260833740234,64.46154502750983,62.56561723258307,64.40888036653965,24047600
1999-11-24,65.25157928466797,65.50831976006164,62.69734070895659,63.35564962022241,18617800
1999-11-26,65.46219635009766,66.38382823756886,65.19887295367731,66.06784016186445,8045200
1999-11-29,64.38260650634766,65.88355070710914,64.30360944314968,65.33057126472333,20485200
1999-11-30,61.93365478515625,64.61955307941048,61.93365478515625,64.51422373453777,23702400
1999-12-01,63.27660369873047,63.592591732182306,62.144313245528046,62.618295295705806,23205800
1999-12-02,65.28446960449219,65.40954824949424,63.474120795251956,63.51361931472629,17229200
1999-12-03,66.67352294921875,67.56882302041679,66.48919646397209,66.83151707943017,21444600
1999-12-06,67.27914428710938,67.83212355522261,66.30484748138608,66.93024070127603,16018400
1999-12-07,67.27914428710938,67.75312651692072,66.42992612536406,67.48980305591442,23397000
1999-12-08,66.46282196044922,67.82552046934512,66.30482793043231,67.29887370262206,19563000
1999-12-09,66.77884674072266,67.77947614772087,65.09357616051514,67.41082320830047,28445400
1999-12-10,67.33180236816406,67.56879345980015,65.83085878780217,67.33180236816406,20428400
1999-12-13,68.24687194824219,68.53652781452199,66.80517570471319,67.10141465886299,16209200
1999-12-14,67.01581573486328,68.43776231627099,66.56816588516085,68.04277715476884,27760200
1999-12-15,68.30611419677734,68.30611419677734,65.67287926243743,66.2521909479922,31797200
1999-12-16,69.99140167236328,70.14939580706388,68.88544272945913,69.20143099886032,27219600
1999-12-17,70.59701538085938,71.51864743543977,70.30077650617281,71.20265930244078,23892400
1999-12-20,71.51866912841797,71.83465735726223,70.51803973707781,71.12368384236265,15392000
1999-12-21,75.36315155029297,75.36315155029297,71.3211376568723,71.72928889692454,26003800
1999-12-22,75.12613677978516,75.25779842854048,73.67785864347665,75.15246910953623,22313600
1999-12-23,76.02144622802734,76.46909589407392,74.99448522944991,75.7252074784377,17543600
1999-12-27,75.5738296508789,76.1268088922268,74.07288599579176,76.1004765474007,19281800
1999-12-28,75.0998306274414,76.25845354034723,74.6258485267072,75.62647740603497,15346400
1999-12-29,77.94373321533203,77.94373321533203,75.73181646192396,75.83714583113387,16512600
1999-12-30,77.10110473632812,78.99703354131981,77.10110473632812,78.8917041632647,21887000
1999-12-31,76.99581146240234,78.52308816035696,76.99581146240234,78.0491057368538,14464400
2000-01-03,79.83969116210938,81.05097935256354,76.46915011041082,81.05097935256354,36345200
2000-01-04,74.36254119873047,78.78637509440566,74.09921775255933,77.52242255278418,33786600
2000-01-05,72.46661376953125,75.52116580342137,70.99200244282567,73.73056633527888,42496600
2000-01-06,67.48983001708984,74.15191624195279,67.20017409426971,73.20395140363237,37134800
2000-01-07,75.83718872070312,75.83718872070312,69.51742299397786,69.8860759947035,28138200
2000-01-10,77.94373321533203,79.15502096124598,75.78448114652892,76.67978078481313,29675600
2000-01-11,74.15184020996094,78.25968363068321,73.30920566212048,77.31171976436268,32546600
2000-01-12,72.51925659179688,75.19857189979082,72.46659191743827,74.99449628665123,29050000
2000-01-13,76.8904800415039,77.10113889093269,73.37511049166118,74.57323269778735,25165200
2000-01-14,78.68108367919922,78.89174253777807,77.52245995701557,78.36509539133095,21898600
2000-01-18,79.10237884521484,79.57636114189056,77.04845555962005,77.5751025559264,16752400
2000-01-19,80.89297485351562,80.89297485351562,77.88450402766466,78.77980387955904,19006000
2000-01-20,80.10299682617188,81.63027289978068,79.21428014540814,80.47164967152573,25958000
2000-01-21,81.1036148071289,81.36693823182738,80.10298579327473,81.31427354688769,18698200
2000-01-24,77.2064208984375,82.26223017964486,76.65344175830543,82.10423613960714,28340400
2000-01-25,78.3650131225586,79.30639390855707,75.3367952095565,77.41704925414055,33276200
2000-01-26,75.20521545410156,78.6284220398975,74.99455658728336,78.57575732319295,23095600
2000-01-27,76.31110382080078,77.94370852642179,73.83586442840766,77.31173251134268,30739200
2000-01-28,72.46661376953125,76.23213912165441,71.41331996474155,75.83715394485829,35313800
2000-01-31,75.5738296508789,75.83715309913981,70.36002537531304,72.3612835820959,36014600
2000-02-01,77.60144805908203,77.94376866470404,74.52056260848393,75.4421950082355,26417600
2000-02-02,78.25970458984375,79.81331245350485,77.6013961730382,77.73305785639931,26169200
2000-02-03,81.31430053710938,81.41962994195019,77.75943312373187,79.47103595239511,30579800
2000-02-04,81.86727905273438,82.78232824767889,81.07730852472471,81.73561729806609,26640000
2000-02-07,82.99954223632812,83.10487160464834,81.1036136065643,81.946248553126,17761000
2000-02-08,86.47543334960938,86.68609213974241,83.73686907787997,83.73686907787997,21999400
2000-02-09,83.42086791992188,86.11335016260243,83.21020916254834,86.00143769774775,27258200
2000-02-10,86.159423828125,86.159423828125,83.04562435756394,84.10550113295575,26341600
2000-02-11,84.15821075439453,86.0014756958237,82.57826937602667,86.0014756958237,24876000
2000-02-14,84.0528564453125,84.26351523339599,82.36758614064458,84.25693214626838,22814600
2000-02-15,84.65847778320312,84.7901394904865,80.78762358907223,83.36819305182615,30572800
2000-02-16,84.26350402832031,85.68545065879822,83.6841924381256,84.18450699329377,25310600
2000-02-17,86.0541000366211,87.00206441890946,83.94751252042474,85.26412971804746,30080200
2000-02-18,82.94686126708984,86.79138245597719,82.94686126708984,86.47539441305494,25271200
2000-02-22,83.2102279663086,84.21085728995408,81.10363991652864,83.42088677128659,37226200
2000-02-23,87.84471893310547,88.47669532830767,83.55254591569054,83.99361277484208,32170800
2000-02-24,89.74060821533203,89.99734851172273,85.94875153017716,88.37132663458166,48868200
2000-02-25,87.68672180175781,90.58328017959366,87.52872770842131,89.47732152623816,32617600
2000-02-28,87.63402557373047,89.05597190215038,84.68480355922992,87.00204942776607,38216200
2000-02-29,89.9512710571289,90.24092678945573,88.42399537758749,89.10863619945088,23978600
2000-03-01,90.68864440917969,91.4786151792945,89.74067948504192,90.37265610113377,24468400
2000-03-02,88.58861541748047,91.1626028313346,88.26604410474684,91.05727342309504,32739200
2000-03-03,93.58516693115234,93.63783162835614,90.16196161290536,91.00459676816615,32017200
2000-03-06,94.32247161865234,95.40209789904452,92.90052481033095,94.16447752883886,23268400
2000-03-07,92.90052032470703,95.9550725802813,91.63656766722802,95.90240788621968,39471000
2000-03-08,93.74311828613281,94.37509436446629,89.5562767671735,93.53245959335499,43512600
2000-03-09,96.90303802490234,97.32435558153236,91.92622438721035,93.71682400288789,30101400
2000-03-10,96.48170471191406,98.11430997723576,95.64565282201143,96.79769282778278,29750600
2000-03-13,93.95377349853516,96.16568969076525,92.29483635436259,92.6898213886894,37544200
2000-03-14,90.47793579101562,95.53374593998973,88.47667760704671,95.00709904947159,39106800
2000-03-15,86.68610382080078,90.1619743263736,85.84346854672252,89.74065668933447,51202600
2000-03-16,91.63656616210938,92.0578837076823,85.10614420572917,88.7926727294922,55282200
2000-03-17,93.37451171875,93.58517051563382,90.95193555458616,91.00460025380711,31422400
2000-03-20,90.74128723144531,93.95383425472922,89.52999900955139,93.53251661233134,21167200
2000-03-21,94.16447448730469,94.32246857201494,87.26539945495743,89.42465194599741,33435100
2000-03-22,96.06037902832031,97.7193164950923,93.63780368001838,95.63906157644172,24370200
2000-03-23,97.7457046508789,99.2203165744913,95.69178090013307,96.46858539560746,19227400
2000-03-24,99.06229400634766,101.53753473909532,96.916207626359,98.99646313579586,22063000
2000-03-27,99.22026824951172,100.69487945491848,98.69362139043788,99.43092699314126,11752600
2000-03-28,96.69237518310547,99.27294510901623,95.32309318160179,98.57513793517302,18336300
2000-03-29,92.68983459472656,97.2716616457159,92.68983459472656,97.21899696696889,27189500
2000-03-30,90.37259674072266,95.00708888127254,87.21271573580229,90.37259674072266,42328700
2000-03-31,92.2685775756836,93.21654241378994,87.63408281160817,91.12312006297176,31349900
2000-04-03,86.73873138427734,91.95253491010823,84.89546751150885,90.80707807488781,31551300
2000-04-04,85.89612579345703,87.58139619529065,74.41522118096553,87.31807269500415,66213000
2000-04-05,84.36882019042969,87.5813657782051,81.10360992088746,82.15690355622367,37631500
2000-04-06,86.3700942993164,87.52871751552675,84.05284786689573,86.26476491602456,30499900
2000-04-07,89.84595489501953,90.47793113109235,86.47541496929782,87.73936744144346,20645500
2000-04-10,84.36882019042969,90.7412466842137,83.63151464569435,90.68858200244689,26988200
2000-04-11,82.36759185791016,85.52747389849495,80.10300972882439,81.84094485114602,34497100
2000-04-12,77.5224380493164,83.21022562358691,76.04782645598702,82.26226102787516,34824400
2000-04-13,74.15184020996094,80.89291659268466,74.15184020996094,78.20701897144318,46330500
2000-04-14,67.72682189941406,74.57323468862388,65.72556277641426,72.51931085186094,60851300
2000-04-17,75.52116394042969,75.83715207407165,65.72553179752877,65.73869796976385,55398500
2000-04-18,77.5224380493164,78.36507324550463,73.62525026694588,75.40268388390541,36260900
2000-04-19,75.15250396728516,78.89169652627412,75.04717459942631,77.94373221554451,28082500
2000-04-20,73.51993560791016,76.65348587200089,72.51930611181396,76.15317112395279,21255600
2000-04-24,71.41332244873047,71.83463998530115,67.30547646716633,70.30736391523243,31190900
2000-04-25,76.23212432861328,76.25845666862317,72.46659970719992,72.88791714735805,28663200
2000-04-26,73.625244140625,77.87791829252448,73.41458535910677,76.36380830036212,25688300
2000-04-27,76.8904800415039,77.9306081105585,69.30676146206791,70.78137340806936,37010400
2000-04-28,79.83969116210938,79.83969116210938,77.6277735969322,78.83906178738637,24828400
2000-05-01,80.57701873779297,81.6303131003785,79.4183949389489,80.68234817405153,23205700
2000-05-02,75.9424819946289,80.5769746544953,75.62649385872892,79.94499838269535,20307900
2000-05-03,75.0998306274414,76.0477948289098,72.0584454810636,75.41581869459753,26589700
2000-05-04,75.25784301757812,76.46913090379526,73.8358963685406,74.99451956405265,17750700
2000-05-05,77.0484619140625,77.78576776969946,74.17823554747575,74.25723260343686,20571200
2000-05-08,74.04653930664062,76.46911456133869,73.94120994774072,76.25845584353885,13903000
2000-05-09,72.46661376953125,75.09984828150549,71.04466713306516,74.57320137911064,19825800
2000-05-10,67.20014953613281,71.61081765811645,66.98949076015748,71.09733689167656,34847500
2000-05-11,71.30796813964844,71.83461487627804,68.1480877198708,69.72802792975962,24709700
2000-05-12,71.30796813964844,73.78320780180758,70.78132140301884,71.93994422360396,17832000
2000-05-15,74.41522979736328,74.67855332813951,69.62274153723585,71.46600625266947,17950800
2000-05-16,76.52179718017578,77.10110878993623,74.20455074113399,75.83715618682253,23758800
2000-05-17,74.9418716430664,76.25848920531283,73.94124229575912,75.2051951555157,20339400
2000-05-18,72.25598907470703,75.29737636994342,71.94000078429286,74.99455425829652,19063000
2000-05-19,68.83277130126953,71.62400074194841,68.51678306270212,70.57070661339034,28178100
2000-05-22,68.78009796142578,69.30674495959903,63.68478825409964,68.78009796142578,43879800
2000-05-23,63.039649963378906,69.62273788770837,62.565667632827186,68.56944381981566,31898500
2000-05-24,66.98949432373047,67.30548250450278,60.88038949546574,63.19763615446271,49476000
2000-05-25,65.51483154296875,69.30668674481261,64.46153843134546,67.62141776621534,29632700
2000-05-26,65.51483154296875,66.7787832769167,63.829562564371486,65.51483154296875,18203200
2000-05-30,72.09794616699219,72.41393424369194,67.41078969594595,67.41078969594595,31590400
2000-05-31,70.04407501220703,73.03279776178805,69.72808670388129,71.17636645037429,29675400
2000-06-01,73.625244140625,74.46787926669796,70.78135059012877,71.7819798023404,28993500
2000-06-02,78.8917236328125,79.15504714293537,69.51740667243826,78.04908840041931,31677200
2000-06-05,79.08918762207031,80.31364150068735,77.41708393836748,77.7330720360751,23784300
2000-06-06,76.8904800415039,80.05036278293558,76.57449176736074,78.52308612457693,23200500
2000-06-07,78.94438171386719,79.20770520190544,75.4685116717623,77.1537819952071,22524400
2000-06-08,78.57573699951172,79.94501927966407,77.20645471935937,79.73436046733295,19313800
2000-06-09,78.99706268310547,79.83969801839193,78.36508618164062,79.83969801839193,17014600
2000-06-12,76.46915435791016,79.47104264881986,75.83717787561338,79.47104264881986,16484700
2000-06-13,79.41831970214844,79.73430771157344,75.29730941256415,76.2584396078985,25187900
2000-06-14,77.62779235839844,79.94503989148495,77.10114519178786,79.94503989148495,20274500
2000-06-15,78.99706268310547,79.10239210001627,76.5744860941569,77.41712142944336,18807800
2000-06-16,79.41831970214844,80.31361906218592,78.41769100563596,79.83963704804843,21203400
2000-06-19,82.57826232910156,82.78892116157375,78.10176213906736,79.22088718657591,20042500
2000-06-20,82.26226043701172,84.00019551666689,81.89360754132728,82.78890743084662,20988300
2000-06-21,83.31550598144531,84.02647900973197,81.47224257477616,81.57757191230012,20880600
2000-06-22,80.26101684570312,83.42089939868356,79.62904033510704,83.10491114338551,21526700
2000-06-23,77.10110473632812,80.47164483409111,76.99577535827304,80.05032732187074,24888100
2000-06-26,79.20771026611328,79.56319699769324,77.52243983491938,78.41773975149114,22169200
2000-06-27,78.25970458984375,80.10296815689928,77.83838720308819,79.01017618500208,14786000
2000-06-28,79.20771026611328,80.4716630895087,77.94375744271785,78.35190887527263,19259800
2000-06-29,77.21961212158203,78.68105746608256,76.36381079372137,78.31240458638874,21355800
2000-06-30,78.7337417602539,79.16822561946601,76.94314161319797,77.3644592948582,15153100
2000-07-03,80.26101684570312,80.26101684570312,78.57574615078022,78.78640498764558,5212000
2000-07-05,77.15377044677734,79.18136100118072,76.57445885980496,78.89170520769451,16489000
2000-07-06,79.20771026611328,79.83968667781099,75.88983410470028,77.15378692809571,23594700
2000-07-07,80.84030151367188,81.73560126984935,79.57634891671545,80.0503311405741,16603200
2000-07-10,79.6158447265625,80.78763407345585,79.20769338101537,79.78700496824355,12659400
2000-07-11,80.05033874511719,80.68231510363127,78.20707436611778,79.26036829697459,14374600
2000-07-12,81.9462661743164,82.36758373819464,79.73434896395568,80.41899000525781,18252600
2000-07-13,82.99954223632812,84.05283591953027,81.84091918480578,82.52556007888717,19566700
2000-07-14,84.7901611328125,85.21147870365877,83.26288493849476,84.4741729546778,17219400
2000-07-17,85.73815155029297,86.00147511156537,84.15821018265858,85.05351029098473,13140500
2000-07-18,83.84217071533203,84.92179665733222,82.88104030355137,84.57947623669801,20684000
2000-07-19,81.9462661743164,83.36821295240544,80.60331643945453,82.84156599755765,21828500
2000-07-20,84.57949829101562,84.68482767867567,81.95942977297202,82.47291053781474,19521200
2000-07-21,81.735595703125,83.85534939323503,81.735595703125,82.94688352604503,14411400
2000-07-24,80.05033874511719,83.42087932385897,79.4183623866031,82.52557948263068,18579200
2000-07-25,80.68229675292969,81.7355904442212,79.04969153142785,80.57696738380054,19065700
2000-07-26,80.57701873779297,80.99833648282718,78.57575944888046,80.47168930153441,20318700
2000-07-27,77.4171142578125,80.1030141402264,77.15379073992878,79.15504947584502,26141800
2000-07-28,73.20391082763672,78.25972049630803,72.46660525095548,77.68040897177278,36485600
2000-07-31,75.36315155029297,75.94246298778648,72.2296033202144,73.83587594235551,27609900
2000-08-01,74.36254119873047,75.82398632498031,73.88855899562242,75.67915842958618,15751800
2000-08-02,73.04594421386719,76.16632791586548,72.88795010237361,74.04657358665989,23578200
2000-08-03,76.20580291748047,76.89044385592362,70.20202853420972,70.99199884779797,35874700
2000-08-04,75.9424819946289,78.16756511825794,75.09984696556229,77.52242267412882,22283400
2000-08-07,77.73310089111328,78.39140967237272,76.04783041108915,76.57447743609669,15103300
2000-08-08,79.31298828125,79.41831761495683,77.10107227340637,77.57505427508715,14832300
2000-08-09,77.2064208984375,79.57633149900344,76.9957621783872,78.94435533885253,18649800
2000-08-10,75.67916107177734,77.71991785085275,75.41583761641277,77.36443118611058,15336200
2000-08-11,76.73246002197266,76.77195854291739,74.04656059773065,75.20518387877621,21050600
2000-08-14,78.3650131225586,78.3650131225586,76.00826961635262,76.99573197928808,12539300
2000-08-15,78.3650131225586,79.19448150742438,77.52237857285367,78.15435448513236,14090300
2000-08-16,79.155029296875,79.78700557868638,77.52242390219561,78.73371177566742,15245300
2000-08-17,80.68229675292969,80.78762612205884,78.25972126295922,78.3123859475238,14492400
2000-08-18,80.26101684570312,81.41964044846262,79.78703446275605,80.84032864708287,14706700
2000-08-21,80.47164154052734,81.61709847999492,79.52367717683003,80.89295903550392,13560100
2000-08-22,80.47164154052734,82.03841597497151,80.27414896475707,80.89295903550392,14878200
2000-08-23,81.78827667236328,82.10426486298412,79.06287852825845,79.78701813176457,21396400
2000-08-24,83.0522232055664,83.15755259453985,80.94563542609738,82.10425870480535,13567700
2000-08-25,82.60456848144531,84.2240077423981,81.73560107312919,82.98638749419028,11764700
2000-08-28,82.99954223632812,84.13183294577043,82.52556007888717,82.7888834996877,12314200
2000-08-29,83.42086791992188,83.56569581561618,82.4597373394051,83.10487978386156,11162800
2000-08-30,83.31550598144531,83.84215266906506,82.38070811092024,82.84152396258753,10545300
2000-08-31,85.6327896118164,85.94877776536555,83.31554315245606,83.94751945955433,15588700
2000-09-01,86.47543334960938,87.22590528945831,85.26414530634445,86.79142153480893,14071900
2000-09-05,83.84217071533203,85.73809919884457,83.77633986521008,85.63276983864942,16348300
2000-09-06,80.89297485351562,83.82903172075748,80.47165727615356,83.63153910636902,20964900
2000-09-07,82.68354797363281,83.77634008857095,81.36693096768325,81.57758968863517,16669700
2000-09-08,80.15567779541016,82.57825412825436,79.85285575380463,82.38076149242467,23475200
2000-09-11,78.20706939697266,80.99829813639323,77.52242838541667,79.62901611328125,27262100
2000-09-12,76.99581146240234,79.78704128969873,76.54816139576046,78.78641172896984,24256000
2000-09-13,78.78639221191406,79.10238041597255,75.83716897403492,76.04782777674058,34093100
2000-09-14,78.3650131225586,80.84025211231683,78.06219133125839,80.2609408593947,28615300
2000-09-15,76.9431381225586,78.89173231183626,76.41649104437545,78.47041464928974,24994600
2000-09-18,75.73182678222656,78.3650613713165,74.1518860287726,77.36443222746232,29218500
2000-09-19,78.52305603027344,79.02337060591904,75.7318273450927,76.4691330355178,27568700
2000-09-20,79.73434448242188,80.24782523453787,76.94311577861185,78.68105063192753,33123200
2000-09-21,73.94122314453125,79.61584336805208,73.30924687833868,78.99703327407185,25031400
2000-09-22,78.31239318847656,78.57571663564696,73.73056520771162,73.83589458657978,33710100
2000-09-25,76.23212432861328,79.41833746980922,75.83713922846503,78.89169066961153,20560800
2000-09-26,75.36315155029297,77.9437206809459,74.92866797217283,76.48227591817817,26011200
2000-09-27,75.4684829711914,76.83776458825419,74.15186603170795,76.36378249004015,28482900
2000-09-28,77.15377044677734,78.36505831044688,74.75752706430065,74.75752706430065,29050000
2000-09-29,74.78389739990234,77.9042818512715,74.73123268342354,77.52246265680017,27198800
2000-10-02,73.09861755371094,76.04784131668487,72.46664103307367,76.04784131668487,24968200
2000-10-03,70.78136444091797,74.8365467786789,70.16255414911679,74.2045703104564,35731200
2000-10-04,72.15060424804688,73.1907315720607,69.20138246856467,70.3600053105041,37672100
2000-10-05,72.36129760742188,73.46725630447854,71.25533891036521,71.83465060882347,23443100
2000-10-06,69.93875122070312,72.94064039207366,68.46413899617023,72.09800483519773,36335800
2000-10-09,69.62269592285156,70.62332468422386,66.88413299699053,69.57003125120039,28834600
2000-10-10,65.98887634277344,70.2020528052011,65.62022340231101,68.93809986647281,35283200
2000-10-11,64.93556213378906,67.79262153829681,64.09292710204484,64.77756806533702,48462600
2000-10-12,63.30298614501953,67.04218083411803,62.69734193481344,66.7788572644632,53223600
2000-10-13,68.464111328125,68.7800995342548,62.881653019831724,62.934317720853365,42410200
2000-10-16,69.09609985351562,69.35942340478664,67.20017028436428,68.35879390995677,27644900
2000-10-17,65.93620300292969,70.08354804005485,65.72554420739317,70.04404951589176,52101400
2000-10-18,65.7255859375,68.41148728590746,62.82902565980569,64.6722912910657,64354400
2000-10-19,71.67662811279297,71.71612662203955,68.62207673105749,69.42521308573794,44278900
2000-10-20,72.7299575805664,74.04657520512409,71.11051790236046,71.20268113607949,40692200
2000-10-23,72.62462615966797,73.73058493367307,70.88669094337425,72.62462615966797,28989200
2000-10-24,69.51737976074219,73.30923683860085,69.41205039746833,72.83525470386851,31466200
2000-10-25,65.62020111083984,69.09607051157454,64.7907322765736,68.4640942568955,48635400
2000-10-26,67.30545806884766,67.41078742419796,62.03899030133219,65.88351177161849,69991300
2000-10-27,67.17382049560547,68.97758635368034,65.29105759265141,68.1349512083023,51046400
2000-10-30,64.68543243408203,67.30550185284497,63.79013233118816,65.88355463060176,35496700
2000-10-31,68.84590148925781,69.5700408241037,65.62018990676246,65.72551926455823,43863800
2000-11-01,68.2534408569336,69.78071692549153,66.72616478837567,67.67412924472197,45186400
2000-11-02,69.09609985351562,70.1493940585997,68.30612919970257,69.25409398427823,26594300
2000-11-03,69.99140167236328,70.7287076342994,68.79327948421711,69.8334075376627,29837100
2000-11-06,69.46472930908203,70.8866760045674,69.09607646210435,70.46535846516434,23485800
2000-11-07,69.201416015625,69.49107186652753,67.62147501070206,68.62210431381992,24334400
2000-11-08,63.79008102416992,69.30670516227667,63.72425018719968,69.20137582312428,40338200
2000-11-09,63.776954650878906,64.83024869961349,61.512372446099555,62.98698411432797,64955900
2000-11-10,60.45907211303711,63.77694802167939,60.45907211303711,62.565659991540144,49235500
2000-11-13,60.55123519897461,62.51299515649738,57.5230151303153,59.787597094704005,75023400
2000-11-14,63.908626556396484,64.04028833339771,61.30172337177215,61.51238221497412,44829500
2000-11-15,65.19886779785156,65.77817922416527,63.026449949175166,63.67159221938815,37760900
2000-11-16,61.40703582763672,64.88290578014445,61.40703582763672,63.51362367764141,33898700
2000-11-17,61.36754608154297,63.35563864929946,59.82710349593033,61.670368128287336,49913800
2000-11-20,58.865943908691406,60.722373810531145,58.35246329754424,59.77440960533638,46862300
2000-11-21,58.773799896240234,59.932423191685835,57.66784129604217,59.14245276297292,42128600
2000-11-22,56.140560150146484,59.08978282219921,56.03523076900174,57.66783617674522,56623700
2000-11-24,59.35314178466797,59.51113595090932,57.44404560925163,57.61520595601309,19987900
2000-11-27,58.61579895019531,61.45969216071692,57.93115799210678,61.14370402621452,35416600
2000-11-28,55.15312194824219,58.93181519224923,55.034626341287264,58.08917976501421,48812700
2000-11-29,53.033348083496094,56.245894491731704,52.66469521697725,55.45592406347705,66189300
2000-11-30,53.07284164428711,54.13930162275083,50.97942020508055,52.03271401097064,74792600
2000-12-01,53.928646087646484,56.259058772586286,52.348705284297466,53.98131078109145,57112500
2000-12-04,54.771278381347656,55.07410035316761,52.032714462280275,54.03397271082952,49106300
2000-12-05,59.56379318237305,59.827116759660285,55.19262179940491,55.66660423852194,76531800
2000-12-06,57.29917907714844,60.91987628445906,57.08852033054128,59.48476357319776,63352100
2000-12-07,56.03522491455078,58.12864614608593,55.19258995342972,56.45654239511131,41481100
2000-12-08,57.29917907714844,61.93367150250604,56.983190957237696,59.906081066412085,65856900
2000-12-11,62.670982360839844,63.01330285272679,59.78759052533062,60.722388791637265,51829800
2000-12-12,60.380096435546875,62.24969383935142,60.09044049974617,61.933705545750655,31054500
2000-12-13,57.91800308227539,61.93368640577937,57.56251636183406,61.88102170645473,51661600
2000-12-14,55.0872688293457,58.721132643136194,54.981939443438726,57.73366965025834,41562700
2000-12-15,53.82333755493164,55.29794954273799,52.71737856407688,54.139325838033,59026100
2000-12-18,53.928646087646484,55.58758393116295,52.71735813841224,54.90294291637838,42950000
2000-12-19,49.82081604003906,55.49543858582575,49.50482777762866,53.467847235359045,80489200
2000-12-20,46.963741302490234,49.188824644267875,46.13427236443111,48.29352483810882,81432100
2000-12-21,47.24022674560547,49.50480840676604,45.71295074156694,46.35809319154873,85875600
2000-12-22,50.97941970825195,51.190078467376956,48.45151459875186,48.556843978314355,57240000
2000-12-26,51.29540252685547,52.17753598920129,48.87282704817441,51.058411447419275,37082800
2000-12-27,51.87471389770508,52.40136073930615,49.6627971629806,50.29477337290188,33955500
2000-12-28,51.76939392089844,52.65152754060856,50.76876474033174,51.21641463690105,30996900
2000-12-29,49.18882369995117,52.44086852165566,48.87283553913778,51.874723066864995,49191000
2001-01-02,45.0283088684082,49.452142722146554,44.18567384864852,49.34681334467659,62514100
2001-01-03,52.61201858520508,54.98192933228639,43.94867818754118,43.975010529175414,118175700
2001-01-04,51.664066314697266,53.61266004929849,50.75560031680886,51.927389792346084,58465400
2001-01-05,47.71422576904297,51.664078895619376,47.18757868549945,51.664078895619376,68782000
2001-01-08,48.24085235595703,48.45151109986951,45.09413736876442,47.450882066285246,55576500
2001-01-09,48.24085235595703,49.8207929353006,47.71420549617584,48.66216984378199,53318900
2001-01-10,50.716094970703125,50.874089036032416,46.97690209124318,47.29289022190177,74258300
2001-01-11,52.19071960449219,53.66533125830226,49.8734727199335,49.93930359733574,65451700
2001-01-12,52.862205505371094,54.45531306854666,51.82207742693415,52.875371683579154,60793900
2001-01-16,52.23021697998047,53.020187491399376,51.03209503766178,52.71736546202213,32203300
2001-01-17,53.82333755493164,55.284783364275434,53.20452716719148,54.34998469343391,61388800
2001-01-18,56.087886810302734,56.2458808576557,52.822676498341444,54.03396419471418,54934700
2001-01-19,55.87723159790039,57.56250154241765,55.24525536870642,57.417673656560694,56292500
2001-01-22,55.92992401123047,56.45657112998029,54.56064150248095,55.50860631623062,35777100
2001-01-23,57.101715087890625,57.64152839630739,55.03462510200203,55.5349398756566,49859500
2001-01-24,56.561866760253906,58.24713653337134,56.24587867779439,57.35183696640271,53905400
2001-01-25,54.34994888305664,57.02268134993176,54.257785694543706,56.35120669076609,57151900
2001-01-26,55.23210144042969,55.56125579943106,53.08601501974076,53.55999729670273,45681400
2001-01-29,56.456539154052734,56.6671978822395,54.13929314399833,54.56061060037186,31514100
2001-01-30,56.245887756347656,57.080094628626384,55.6139114894224,56.58294305113346,42439300
2001-01-31,54.18143844604492,57.29075753289328,54.18143844604492,56.66720937110299,59322200
2001-02-01,54.897701263427734,55.28531280186798,53.59161373464999,54.392121275409956,45142600
2001-02-02,51.864192962646484,55.02407799703999,50.55810911992795,54.72072882801674,47471000
2001-02-05,51.82204818725586,52.15910344496436,50.65921108399843,51.56083020181192,36016300
2001-02-06,51.90631866455078,53.18712434775368,51.53556039351745,51.813631507590706,42417700
2001-02-07,51.06367874145508,51.569261660461954,49.36155890255096,50.987841464323914,61972200
2001-02-08,49.538516998291016,51.82205728781063,49.36156440339785,51.31647752685937,48269500
2001-02-09,47.52461624145508,49.37841070721601,47.1875609489181,49.08348973704427,55385200
2001-02-12,48.09761428833008,48.82227779287951,46.86736456773681,47.39822559442578,50540400
2001-02-13,46.55560302734375,49.867160205716665,46.328091097409875,48.57792915049013,58914000
2001-02-14,48.409393310546875,48.662183229900485,45.603416526846665,46.68199177816599,63048200
2001-02-15,49.209896087646484,50.9710037527968,49.12563064051122,49.54694823299313,67801300
2001-02-16,46.454498291015625,47.920682332785965,45.94891503760556,47.15388411879356,66779700
2001-02-20,44.6512336730957,47.05274233142924,44.069813418890334,46.96848011037805,55298400
2001-02-21,43.39570999145508,45.56128205814867,42.90698006417426,43.43784110584874,72349000
2001-02-22,42.97438049316406,43.95183686207975,41.19642031531981,43.35356684627728,103855500
2001-02-23,43.12604904174805,43.47995411254478,40.640275754973466,42.20757698712275,93337900
2001-02-26,43.943416595458984,44.32259977445619,42.34240880752493,43.88443240253064,78342700
2001-02-27,41.28913116455078,43.88444952351963,41.20486891732138,43.429425673923994,66741700
2001-02-28,39.98303985595703,42.30871153388938,39.48588497215001,41.66831021267262,102187900
2001-03-01,41.120582580566406,41.457637827173144,38.55054677198045,39.578562381173654,101773000
2001-03-02,39.351070404052734,41.819992168704346,38.46630395380117,39.77238806744859,95927100
2001-03-05,40.06732177734375,40.74985776439895,39.67971017628016,40.025190640602,43888400
2001-03-06,41.626190185546875,42.68790937877675,41.37339699317879,41.54192471662452,60828600
2001-03-07,41.643009185791016,42.4940721116319,41.263826107208814,42.46879409689885,55215500
2001-03-08,40.8677978515625,41.9716508682414,40.53074256290403,41.58403632196492,48965200
2001-03-09,38.002838134765625,39.91562001682572,37.87644481034252,39.81450471440773,79990900
2001-03-12,35.64345169067383,37.876435214822955,35.222134287203936,37.075931505350816,80674000
2001-03-13,37.45512771606445,37.699492646152564,35.50021470415464,36.04792554486527,80024400
2001-03-14,36.865291595458984,38.07868517878898,35.65189801212899,35.98052524004763,97190000
2001-03-15,35.51706314086914,38.17978935777721,35.43279772028517,38.0870990023334,74135500
2001-03-16,34.716552734375,36.06476706382011,34.177267002596956,35.289544627988306,77784500
2001-03-19,36.45240020751953,36.45240020751953,34.33738710334224,34.91880427993318,53248200
2001-03-20,34.00032424926758,36.915844073899876,33.873930915694224,36.60406677941059,104796200
2001-03-21,34.00032424926758,35.22214576019641,33.4610383114667,34.143573884594666,96200700
2001-03-22,36.064781188964844,36.064781188964844,33.27566109983818,34.21098334912133,130208100
2001-03-23,36.064781188964844,36.93269751697028,34.9693562154566,36.69675750611165,95277500
2001-03-26,35.2305793762207,36.65463172753227,35.011492421004625,36.62935369977589,57666200
2001-03-27,36.443973541259766,36.84001312626935,34.90194953405944,35.22215182011821,69945300
2001-03-28,33.45262908935547,35.55921778245847,33.43577599408273,35.30642778216596,77863500
2001-03-29,32.820640563964844,34.21941481970218,32.357191862644285,33.1829739447641,79654700
2001-03-30,32.989166259765625,33.68855173843007,32.02013458524255,33.11555959922653,63661300
2001-04-02,31.514551162719727,33.57900439864967,31.4302857317364,33.00601232555313,69713600
2001-04-03,29.205730438232422,31.809472847576867,29.172024265084204,31.34602421718043,89015700
2001-04-04,28.691730499267578,30.17477038479855,28.31254398226259,29.24786965274207,76473900
2001-04-05,31.438705444335938,31.986416133941027,30.090487840022654,30.334852702693997,87035800
2001-04-06,30.29273223876953,31.26176066716211,29.91354580400818,31.09323622006621,86123600
2001-04-09,31.219629287719727,31.506125345483323,30.208466541824812,31.000545579734744,51638700
2001-04-10,33.53688430786133,34.093023477463504,31.83476061558835,31.93587916598771,94265100
2001-04-11,34.54804992675781,35.81200297285871,34.08460111940058,35.525506820499885,92829500
2001-04-12,36.064781188964844,36.064781188964844,33.70540358116299,33.95819346514216,79531500
2001-04-16,33.916046142578125,35.752990016893065,33.75594670927407,35.34009760604038,65229800
2001-04-17,34.758689880371094,35.98051113722719,33.621134042772326,33.66326514520245,94694300
2001-04-18,38.38203811645508,40.44649528974908,36.401846403653906,36.84001715502069,128891400
2001-04-19,40.69928741455078,41.078473971009096,38.40732141160055,38.845488971953685,110467600
2001-04-20,40.78353500366211,41.659872954658496,36.27543585620586,40.5981542763372,80598100
2001-04-23,38.04496765136719,40.21053912311051,37.8258807736734,39.59541602164228,79317600
2001-04-24,37.328731536865234,39.11511691721899,36.86528290889013,38.00283892431971,88888300
2001-04-25,38.002838134765625,38.40730577323259,36.31756809394413,36.99167868179074,68418400
2001-04-26,37.03380584716797,38.97186554489977,36.966393509801286,38.676944604913444,71110200
2001-04-27,38.04496765136719,38.31461056668484,37.27817000823313,38.04496765136719,55580000
2001-04-30,38.88761901855469,40.084159559729436,38.17137711000497,38.97188125984361,73859100
2001-05-01,40.488616943359375,40.513898182793795,38.255635800124374,38.92974325441423,54498300
2001-05-02,41.272281646728516,41.62619018742038,40.0251816362123,41.12060701706042,77566500
2001-05-03,39.435325622558594,40.36222624547057,38.92974580235068,40.36222624547057,67124900
2001-05-04,40.61502456665039,40.61502456665039,38.01128120312732,38.17138076265572,72673400
2001-05-07,39.772361755371094,40.9520485037986,39.68809634979992,40.446468927957746,45561600
2001-05-08,40.61502456665039,40.74141794067847,39.59543656325626,40.69928681600244,56970700
2001-05-09,39.22465133666992,40.404341403768484,39.13196098954687,39.645968758577,60984600
2001-05-10,38.567405700683594,40.48861254007068,38.525274592072,40.3790690861625,61130300
2001-05-11,38.38203811645508,39.11512994355016,37.99442664138399,38.62640313028632,48760400
2001-05-14,37.766910552978516,38.221934346242904,36.52823574278044,38.171375075525205,43108000
2001-05-15,38.04496765136719,39.01399587379093,37.56466600755778,37.834308922875444,69007600
2001-05-16,39.73023986816406,40.04201390504671,37.12649769887488,37.33715644003291,80110500
2001-05-17,40.362213134765625,41.112157684044895,39.8229240968148,39.98302678558031,73810700
2001-05-18,40.48020553588867,40.76670170151515,39.67970126007359,40.14315008889317,41095100
2001-05-21,43.01653289794922,43.10079835947938,40.151574708296195,40.58974225065828,85426900
2001-05-22,42.890159606933594,43.7749264736259,42.28346085747593,43.2356401249525,77233900
2001-05-23,40.99419403076172,42.51093638769734,40.985765880700185,42.50250823763581,65618000
2001-05-24,42.04749298095703,42.12333026890304,40.67399686122278,41.26384207698087,61792500
2001-05-25,41.28069305419922,42.14860613845296,40.46333601639277,42.098046877608,36191100
2001-05-29,38.86233139038086,40.86780390470502,38.84547830201199,40.86780390470502,66609600
2001-05-30,37.438270568847656,38.634810638419744,37.14334962617769,38.280905507215785,81397400
2001-05-31,37.69105911254883,38.634809311066036,37.32872584434723,37.53095963694232,68018300
2001-06-01,38.803348541259766,38.955023127470135,37.35401824938009,38.37360602326242,61874300
2001-06-04,38.61796188354492,39.31734723110102,38.16293823223047,39.03927936489594,41696000
2001-06-05,40.32008361816406,40.74982926986719,38.92973779149484,39.014000006057536,68146400
2001-06-06,40.00831985473633,41.19643538620788,39.66283954315661,40.51390291531039,61169500
2001-06-07,41.03633117675781,41.70201369609347,39.662835024771134,39.71339428938831,65400200
2001-06-08,39.89877700805664,41.095320710741625,39.56172484340046,41.053189591959395,56391400
2001-06-11,38.803348541259766,39.603852587503816,38.33147490807021,39.519590357119405,48809400
2001-06-12,38.59267807006836,39.4353129764646,37.26974152417803,37.80902734996809,78450500
2001-06-13,37.539371490478516,39.39316828809142,37.51409348061158,38.98870405824067,68535400
2001-06-14,35.60133361816406,37.41300040165227,35.39067483935836,37.0927981578362,91050300
2001-06-15,35.896270751953125,36.29231046266713,34.78399215723228,35.222162999758574,84589400
2001-06-18,35.41594696044922,36.37655031736916,34.885089240718095,35.92995480935485,63539100
2001-06-19,35.23899459838867,36.70518087758818,34.76711785251355,36.502947068099594,73386900
2001-06-20,36.03950119018555,36.208028841736834,34.78397356124592,34.80082664784081,83588600
2001-06-21,36.52825164794922,37.26977186935746,35.6434849187324,35.95525918791553,67212600
2001-06-22,36.443973541259766,37.24447764920755,35.88783442041994,36.75574767499162,51870400
2001-06-25,36.53666687011719,36.90742524237462,35.93839658270228,36.74732569366316,39212100
2001-06-26,36.66306686401367,36.98326923372534,35.795153382699546,35.8457126666748,55155100
2001-06-27,36.89900207519531,37.20235130996831,36.23331938937665,36.806311674081485,53289400
2001-06-28,37.370845794677734,39.064543257235094,37.370845794677734,37.412980099092536,89963700
2001-06-29,38.50841522216797,39.199375576723355,37.66578032984218,37.99440742354572,59719600
2001-07-02,38.297760009765625,39.16567299981399,38.07867311761533,38.466287646558776,50884300
2001-07-03,38.457862854003906,38.49999396328073,37.750049289201485,38.12923570148807,24758400
2001-07-05,36.61250686645508,38.07026564682125,36.61250686645508,37.80904752923933,44409800
2001-07-06,35.095733642578125,36.32597943153021,34.960912230287434,36.24171403985101,53434800
2001-07-09,35.39909362792969,35.97208566391365,34.969351208140374,35.297978331696434,45547500
2001-07-10,34.1267204284668,36.13219280059077,34.0424582069951,36.03107427754749,58620000
2001-07-11,34.54804992675781,34.63231217740501,33.59587106533014,34.05931987268737,77840200
2001-07-12,36.738895416259766,36.93270435138593,35.64347024004254,35.921541413955275,70363300
2001-07-13,36.359710693359375,37.43828273640265,36.149051890302594,36.553516406443826,62474200
2001-07-16,35.685585021972656,36.95796546016182,35.30640190663116,36.54507296458071,53390800
2001-07-17,36.4860954284668,36.57036085842479,35.003059219578375,35.2389959946658,59813000
2001-07-18,35.095733642578125,36.10689262756031,34.66598818100427,35.61816621340506,64797200
2001-07-19,35.9299430847168,36.52821295011217,35.179998716207635,35.778268581603,76590200
2001-07-20,35.095733642578125,35.50862281142012,34.85136882830248,34.960912230287434,49012800
2001-07-23,34.21942138671875,35.72773940421292,34.16886210955627,35.59291787951169,55329400
2001-07-24,33.8317985534668,34.46377484115748,33.123984982677335,34.02560422929756,70422900
2001-07-25,34.1267204284668,34.312101172981784,33.19982313468728,33.82337128813235,68859600
2001-07-26,34.6323127746582,35.29799549520712,33.68856205065904,34.08460170720819,69199300
2001-07-27,35.34853744506836,35.60975222715513,34.80082343174275,35.087319448584296,47452900
2001-07-30,35.137874603271484,35.643454237806125,34.885084786004164,35.50020785330018,39459400
2001-07-31,35.188453674316406,36.047942187209635,34.96936987976669,35.2558660507311,55732500
2001-08-01,36.317569732666016,36.654625041797935,35.736152699531,35.921533440993315,53864800
2001-08-02,37.00010299682617,37.075940275966545,36.08163071141383,36.898987696104825,53187300
2001-08-03,36.38497543334961,36.679896364164875,35.8625426925924,36.679896364164875,51513700
2001-08-06,35.81198501586914,36.106905959652714,35.685588488877784,35.837263035508535,31105700
2001-08-07,35.62663650512695,36.08166055634213,35.340140237443336,35.47496182138856,38407500
2001-08-08,34.1267204284668,35.9383871196877,33.958192771125695,35.264276490323276,76045200
2001-08-09,34.26997375488281,34.44692959867476,33.688556594990295,34.050890006261945,66861400
2001-08-10,33.941349029541016,34.33738865118059,33.056582602881114,34.059317457842525,68491900
2001-08-13,34.6323127746582,34.83454667985746,33.87394286255845,34.20257014590823,48425700
2001-08-14,34.21099090576172,35.13789163761936,34.16043484643755,34.96093900118782,51267600
2001-08-15,32.94704055786133,34.48906477529513,32.92176252623085,34.22784666231817,58935300
2001-08-16,33.33466339111328,33.35994142891135,32.05385697415246,32.5594370165109,68227300
2001-08-17,31.817903518676758,32.69424489210087,31.775772401846368,32.39089570788497,56649300
2001-08-20,32.25608444213867,32.56786187730484,31.61568290564445,31.893750936490893,49921300
2001-08-21,30.916278839111328,32.56784598068359,30.882575880040665,32.264496848264244,56445600
2001-08-22,31.7589168548584,31.885313409967694,30.789888385146188,31.556686223961034,65221400
2001-08-23,31.447153091430664,32.40775693986488,31.430299997584576,31.742074197739772,54711800
2001-08-24,33.115562438964844,33.191399734903776,31.809478532814985,31.90216891834014,58450600
2001-08-27,33.157718658447266,33.62117093693888,32.71955085507436,33.09873440743935,50927500
2001-08-28,32.121246337890625,33.23352431667946,32.02855597059197,33.132409013443436,65275500
2001-08-29,31.649377822875977,32.39932260230143,31.287044446281964,32.33191024647089,59060500
2001-08-30,30.47811508178711,31.43872195528941,30.124209823969167,31.00897618291237,76105800
2001-08-31,30.865707397460938,31.202759320829117,30.2842874455375,30.360124690814644,54309000
2001-09-04,29.888275146484375,31.59882377841503,29.787156596026474,30.7646134163295,74073600
2001-09-05,29.77029800415039,30.259024664039757,28.77598838316437,29.905119484229974,95461200
2001-09-06,28.565324783325195,29.930392439814877,28.464206279587373,29.273138237504494,88701800
2001-09-07,28.396799087524414,29.576486115043384,28.10187491984669,28.329386747119,95528800
2001-09-10,28.733858108520508,28.91923887515551,28.093456791487558,28.21985335317471,80371300
2001-09-17,26.290218353271484,27.638433360352842,26.197527968834994,26.33234946954313,97700900
2001-09-18,25.700368881225586,27.385638971797757,25.590827032505867,26.56828355646182,66285300
2001-09-19,25.253774642944336,26.121689418338843,23.812869320678576,25.818340252725424,116632800
2001-09-20,24.4111385345459,25.35489056400248,24.267890501696208,24.689208056289537,90840200
2001-09-21,23.753883361816406,24.41113769579177,22.91967482524846,23.096627420642175,112341900
2001-09-24,24.950429916381836,25.279057144962614,24.090941587725307,24.503832661562463,85696500
2001-09-25,25.026262283325195,25.64138550020775,24.394285979273537,25.034687219710893,83860600
2001-09-26,24.158353805541992,25.279058675884922,23.93926843748708,25.23692755430482,59759800
2001-09-27,23.998245239257812,24.259463255420755,23.10505255856825,23.93083450122839,70050700
2001-09-28,24.419559478759766,25.211636749776677,23.854994020779394,24.301591104829065,84810800
2001-10-01,24.208906173706055,24.419564949893264,23.46738798869461,24.310023093443437,53460800
2001-10-02,24.28473472595215,24.781889387492324,23.930828044977762,24.141486745386366,74133400
2001-10-03,26.12168312072754,26.63569094805186,23.871847768299514,23.947685041419447,136198600
2001-10-04,26.37448501586914,27.975493418293876,26.071137391922846,26.669407700905243,127371500
2001-10-05,26.762088775634766,26.88005716566327,25.498136229219263,26.121685959253725,96443400
2001-10-08,26.84634780883789,27.259237100248335,26.08797513057813,26.231223124560696,67789600
2001-10-09,26.197519302368164,26.981170020492165,26.012140202019967,26.846348564384652,57564800
2001-10-10,27.385639190673828,27.419345364210088,25.911027849637545,26.012144763047512,73840600
2001-10-11,29.239437103271484,29.70288574146445,27.924925257955437,27.96705636790068,117232200
2001-10-12,29.1130428314209,29.32370161198747,27.924927437601337,28.927665290312884,111901600
2001-10-15,28.986652374267578,29.11304572653784,28.36310090744701,28.750712330779628,78322000
2001-10-16,29.458526611328125,29.576495028191154,28.708581777500342,29.20573668742188,81346800
2001-10-17,27.34351348876953,30.33486787217367,27.217116920209502,30.22532439371486,141530300
2001-10-18,28.085023880004883,28.261976444606862,27.301373134599356,27.554162971801777,94448200
2001-10-19,28.270402908325195,28.43893054703897,26.964319333488802,27.68898592987989,73434200
2001-10-22,29.028785705566406,29.07091682620295,27.99234470879481,28.177722282475298,74104900
2001-10-23,29.180442810058594,29.82927196479343,28.64958200811254,29.340542258215294,104062200
2001-10-24,29.812429428100586,30.06521930411367,28.919235104163512,29.155171893189365,90171400
2001-10-25,31.008975982666016,31.02582907308161,28.843403687436023,29.239443276206703,118551900
2001-10-26,30.34326934814453,31.228038215151372,30.343269348144535,30.756161700374108,93823900
2001-10-29,28.683307647705078,30.461268723374506,28.683307647705078,30.334872137044,92146800
2001-10-30,28.127161026000977,28.72543118592471,27.672137292651435,28.40522894233823,96092200
2001-10-31,28.565324783325195,29.45851573222965,28.379944074202946,28.683293156622227,106175500
2001-11-01,29.778724670410156,29.964105421688753,28.464212752466853,29.020351791904822,92716000
2001-11-02,29.997800827026367,30.20845954972851,29.399530826007563,29.719732984545985,64917700
2001-11-05,30.975255966186523,31.312311195150077,30.469676337138075,30.55393853718052,64473000
2001-11-06,32.18025207519531,32.188680231172306,30.663508653705453,30.840461356426005,107214900
2001-11-07,32.13810729980469,32.72795260628886,31.598821264527153,31.691511654540164,92562100
2001-11-08,31.80948257446289,33.199832105198844,31.388164924470004,32.48359017157179,105916300
2001-11-09,31.792631149291992,32.08755544838596,31.278623075052806,31.6746627154139,74121900
2001-11-12,32.0201416015625,32.31506267265956,30.58766093966551,31.177506296258223,112994400
2001-11-13,33.1661262512207,33.28409468008685,32.5510028618482,32.888055056551686,97931800
2001-11-14,33.40205001831055,33.907632933820004,32.64368046664238,33.671692954156654,88660100
2001-11-15,33.26725387573242,33.798115216106815,32.82065802595702,32.99761073461522,86349700
2001-11-16,33.174522399902344,33.43574027598195,32.795336197333825,33.26721271768529,64035500
2001-11-19,34.11831283569336,34.11831283569336,33.275677335042396,33.528467342357814,69196300
2001-11-20,32.54257583618164,33.899219243942284,32.424607403228315,33.77282587194889,85176500
2001-11-21,32.374046325683594,32.82064521554423,32.0032879549602,32.41618066173729,60867900
2001-11-23,33.098697662353516,33.22509418242098,32.50042765808116,32.660527131022526,27046000
2001-11-26,33.916046142578125,34.008736472426456,32.87117771664634,33.351482445350996,75267500
2001-11-27,33.87392807006836,34.522757413978525,33.031293059441765,33.74753153271538,100289700
2001-11-28,32.65211486816406,34.017183028427404,32.60155559763643,33.47789700039242,101568200
2001-11-29,33.663272857666016,33.705403969748644,32.68581627111922,32.88804689487494,83774700
2001-11-30,33.41048812866211,33.73911535379677,33.166123140701046,33.47789727552133,66018200
2001-12-03,32.83749008178711,33.36834786758762,32.75322464518547,33.10713305011688,60449800
2001-12-04,34.404815673828125,34.413240616124746,32.39091373854015,33.149287121234366,79378700
2001-12-05,36.1069221496582,36.359715316991014,34.64916343285926,34.716575801320985,115773700
2001-12-06,36.15746307373047,36.43553413089788,35.6940145261818,35.9805105179314,77702100
2001-12-07,35.16317367553711,35.896265548889104,34.66601867765499,35.79515020431614,81632600
2001-12-10,34.54804992675781,35.58449103883269,34.44693458310141,34.81769298610743,69088000
2001-12-11,34.741817474365234,35.6097299164329,34.65755531636857,34.935623009273776,66056500
2001-12-12,35.019901275634766,35.34010016543225,34.210969474808124,34.969342033584205,76093400
2001-12-13,33.50318145751953,34.54805074814026,33.50318145751953,34.303685715295245,79582600
2001-12-14,33.79811096191406,34.09303210588912,33.34308701315306,33.5958770243316,70006300
2001-12-17,34.37950134277344,34.750262735126825,33.7222471863606,33.7222471863606,62295500
2001-12-18,34.767127990722656,34.9693618591833,33.84023052840723,34.68286575392972,50850400
2001-12-19,34.13514709472656,34.81768269506803,33.97504758005787,34.17728142199537,79596200
2001-12-20,32.68581008911133,33.9581874339841,32.593119731421794,33.78965980313015,83048800
2001-12-21,33.26725387573242,33.461059682510424,32.98918579275522,33.21669458137303,56205000
2001-12-24,33.132415771484375,33.393633840388915,32.9891693305484,33.317796543893934,13660400
2001-12-26,33.44418716430664,33.95819510809151,32.99759157385654,33.17454417976342,37672900
2001-12-27,33.71382522583008,33.87392793442239,33.36834500143253,33.57900375324561,34255200
2001-12-28,33.98347473144531,34.37951103805778,33.89920929378474,33.94976855638109,38240400
2001-12-31,32.78694534301758,34.08460471190987,32.78694534301758,33.96663626281042,46176900
2002-01-02,33.79811096191406,33.83181715391104,32.80380079879901,33.34308701315306,61708800
2002-01-03,34.96937561035156,35.01150674531545,33.92450610548959,33.966640454853035,85769100
2002-01-04,35.11258316040039,35.63501894047351,34.48903534010098,35.34852304038038,86876900
2002-01-07,34.724998474121094,35.57606189121971,33.79810096904974,35.483371497832884,75166200
2002-01-08,34.9609489440918,35.19688585976772,34.41323457338768,34.63231839302969,66956800
2002-01-09,34.640750885009766,35.89627615992403,34.46379817609967,35.42440226949711,85123000
2002-01-10,34.86822509765625,35.00304652228533,34.27838015950542,34.69126936613358,75548000
2002-01-11,34.421653747558594,35.05363027815807,34.101454619755366,34.84297143462491,60832900
2002-01-14,33.67170333862305,34.278401738583284,33.45261959108093,34.1183022005486,71310700
2002-01-15,33.99189758300781,34.33737782023054,33.33464328155909,33.73067956387937,66916100
2002-01-16,32.67739486694336,33.654851655304995,32.66896992854647,33.30937132185989,90942000
2002-01-17,33.41048812866211,33.68013114489559,32.87119888179684,33.26723846818903,75285900
2002-01-18,32.51728057861328,33.24194709931826,32.20550656891359,32.71951436682745,81985600
2002-01-22,31.514551162719727,32.87961900067442,31.45556696823016,32.862765914477755,81773800
2002-01-23,32.38248825073242,32.601572105153444,31.472440206829916,31.725233473069437,74968800
2002-01-24,32.81220245361328,33.29250409831446,32.66895606088354,32.81220245361328,77251200
2002-01-25,32.71950912475586,32.9891519895766,32.323469760751934,32.416160098233405,58832100
2002-01-28,32.90489196777344,33.19138796030891,32.37403108452303,32.98915738581153,47795900
2002-01-29,32.00327682495117,33.19982019309828,31.607237347449338,32.97230835800558,83339800
2002-01-30,32.24766159057617,32.73638851848258,31.05111748608915,32.02014961547513,101385500
2002-01-31,32.44987106323242,32.652104869014025,32.036981730757695,32.50043031827715,69655500
2002-02-01,32.13810729980469,32.76165878709328,31.767348954150965,32.35719426063513,61207100
2002-02-04,31.11009979248047,32.07913186198069,30.84888485581807,31.986441446623378,82763300
2002-02-05,30.596094131469727,31.45558267015195,30.49497556381361,30.83203102720241,86853800
2002-02-06,30.385398864746094,31.084783773883903,30.082049954027905,31.042652695038658,98507600
2002-02-07,29.65233612060547,30.798320684292406,29.492236565007527,30.32644695646745,97725900
2002-02-08,30.47811508178711,30.537102505821778,29.46695536550822,29.879844832962487,80483100
2002-02-11,30.865707397460938,31.00895374165331,30.317993602193127,30.4528150144196,57641200
2002-02-12,30.612934112548828,31.160644987936184,30.368569166989463,30.59608102515876,51477700
2002-02-13,31.135366439819336,31.303894096484743,30.848870387807445,30.941560759693306,60984700
2002-02-14,31.076396942138672,31.657814257543183,30.33487683069003,31.303908904096755,77482300
2002-02-15,30.14948272705078,31.101661286218377,30.03151432783313,31.034252149978776,79719900
2002-02-19,29.222583770751953,29.879838080685893,28.919234638660097,29.80400079766293,72437200
2002-02-20,29.618629455566406,29.635479331402202,28.59061345207518,29.407970649237765,106552700
2002-02-21,28.21141815185547,29.450092575033903,28.21141815185547,29.31527110964285,109307800
2002-02-22,28.35465431213379,28.818102678601043,27.88277779998043,28.320948158180887,99824200
2002-02-25,29.50066375732422,29.702897666409775,28.607472296060266,28.649603422920066,88994700
2002-02-26,29.391109466552734,29.854558069991683,28.961363819904008,29.686030428450955,94683300
2002-02-27,28.986652374267578,29.921974752901104,28.70015627563081,29.82085942820525,95159300
2002-02-28,28.46420669555664,29.46694431202939,28.438928676451326,29.07932980416408,95711200
2002-03-01,30.11577796936035,30.12420290548848,28.72542885719415,28.77598811715573,86081600
2002-03-04,31.30390739440918,31.37131655707219,29.829295397366465,30.08208538255112,105734600
2002-03-05,31.531394958496094,31.910581288858985,31.017390393334065,31.11850567663187,91452600
2002-03-06,31.683080673217773,31.978004907325793,30.84044551473434,31.24491321947666,86943400
2002-03-07,31.750497817993164,32.2982120393828,31.18593050516401,32.12125618646708,85496000
2002-03-08,32.58470916748047,32.88805842385156,32.12968849732277,32.21395075102632,84443700
2002-03-11,32.46673583984375,33.02287498801782,32.07069944976727,32.315061234487324,71035200
2002-03-12,32.0201416015625,32.0201416015625,31.447149336803705,31.657808163129776,82652100
2002-03-13,31.24492073059082,31.733647568511586,31.067964861827537,31.522988728249455,71376200
2002-03-14,31.059532165527344,31.514555918308442,30.949988695917522,31.22805983852753,70700500
2002-03-15,31.371294021606445,31.455559432402254,30.83200825010026,31.08479805369419,63966500
2002-03-18,31.548261642456055,31.969579254630723,31.219634419263535,31.70836439229733,78938300
2002-03-19,31.497699737548828,31.919017271491008,31.362878255263237,31.68307726669296,58947600
2002-03-20,30.385398864746094,31.24488637364921,30.368545790328945,31.06793069946675,61816500
2002-03-21,31.19437026977539,31.295485641652864,30.250619298652985,30.46127819846422,89198800
2002-03-22,30.90785789489746,31.29546929665248,30.73090528293078,31.1269416219422,58930100
2002-03-25,29.964111328125,31.093242717360717,29.930405145903407,30.91628686789658,87421900
2002-03-26,30.2421932220459,30.68878909174568,29.829303550089485,29.84615343456123,92457500
2002-03-27,30.00623893737793,30.334866139586424,29.829286323019215,30.023092026516583,64531800
2002-03-28,30.385398864746094,30.64661348222377,30.250577483804154,30.351692715911792,59539400
2002-04-01,30.966827392578125,31.09322389218399,29.745006349175334,30.166323728666192,70730500
2002-04-02,29.56806755065918,30.461261967101745,29.492230258561246,30.318012320073198,77759800
2002-04-03,29.517507553100586,29.87141597892143,28.902384294390806,29.745019423757288,85766400
2002-04-04,29.289995193481445,29.62705052536046,28.885530723865347,29.070911477838592,90521500
2002-04-05,28.96136474609375,29.635472119417333,28.80126524942862,29.500650644752618,68426000
2002-04-08,29.323701858520508,29.323701858520508,28.160864479985293,28.20299880797116,74950700
2002-04-09,28.304115295410156,29.47537765940059,28.21985306474534,29.3068499836729,80910200
2002-04-10,28.51477813720703,28.860258475047722,27.916507857063145,28.447365771580305,85748700
2002-04-11,27.806964874267578,28.523203592845345,27.70584953839275,28.363104043176985,90665600
2002-04-12,28.24513053894043,28.481067351708354,27.76482876186401,28.076602866507056,78360100
2002-04-15,28.472646713256836,28.615893167093308,27.975491772438733,28.48107165167137,69306800
2002-04-16,29.660757064819336,29.67761015305955,28.99507454412144,29.011927632361655,72064700
2002-04-17,29.509061813354492,29.91352600459049,29.197287935309262,29.829263836814697,69130100
2002-04-18,28.94451141357422,29.618621995557024,28.649590444754853,29.306844726350857,91086100
2002-04-19,29.037200927734375,29.5427838493941,28.96979180015151,29.53435569944788,62286800
2002-04-22,28.304115295410156,28.658020521480047,28.017619210992507,28.658020521480047,64625600
2002-04-23,27.815385818481445,28.59903679137154,27.554170970450155,28.304115764756176,73070300
2002-04-24,27.385639190673828,28.06817473999377,27.132849317947134,27.98390930615312,68953900
2002-04-25,27.318227767944336,27.579445800092515,26.96432257703171,27.217112458311835,103073700
2002-04-26,26.1554012298584,27.62158489363602,26.130121591545244,27.520469554782068,100193400
2002-04-29,26.222808837890625,26.58514063360848,25.750931955989866,26.32392416458426,85326800
2002-04-30,26.73680877685547,27.12442011428088,26.071127947346984,26.146965227660434,95357900
2002-05-01,26.593555450439453,26.829493787336574,25.767773682097182,26.686245798363043,109975700
2002-05-02,25.70879364013672,26.95589303487327,25.666660926477498,26.450311721353437,85852200
2002-05-03,25.059967041015625,25.708796437169955,24.84088172774797,25.675090262575456,92103200
2002-05-06,24.4111385345459,25.262200187688293,24.310023221474896,24.96727757803318,96491200
2002-05-07,24.183629989624023,24.73134252795369,23.947691563747057,24.663931778731563,101954400
2002-05-08,26.77051544189453,26.863204202829337,25.279051044539024,25.388592891897893,129741500
2002-05-09,26.07955551147461,26.871631303450734,25.953158967870994,26.601988343867472,106477200
2002-05-10,24.90829086303711,26.197523028535656,24.857733211605428,26.13011229089383,112282800
2002-05-13,25.919456481933594,26.104835629726736,25.000984072633166,25.169511739498894,93971200
2002-05-14,27.444629669189453,27.51204203169254,26.854785962080072,27.006458956114475,107284700
2002-05-15,27.646862030029297,28.33782263589889,26.83793140343139,27.03173872062823,150522100
2002-05-16,27.68899154663086,27.849091067966814,27.149705564869738,27.419348555750297,89916300
2002-05-17,27.747974395751953,28.15243886233299,27.36036301707819,28.05132354928719,82695000
2002-05-20,27.141281127929688,27.554173822323953,26.91377082773596,27.469908367142242,78144200
2002-05-21,26.399749755859375,27.46146985850249,26.12168031996702,27.26766422895294,104180000
2002-05-22,26.4587459564209,26.618847100474675,25.624537269823584,26.09641254960406,89543100
2002-05-23,26.989599227905273,27.04858342339024,25.953158517301095,26.65254553427775,94445800
2002-05-24,26.323911666870117,26.703097979944097,26.130106043387137,26.61883417623895,55874600
2002-05-28,26.205944061279297,26.55985076128211,25.69193629034229,26.517718054616047,68829400
2002-05-29,25.51498794555664,26.037420736658746,25.481281774673313,25.83518853295483,73470200
2002-05-30,25.734079360961914,25.885752344448132,25.19479174883655,25.28748213363291,92080500
2002-05-31,25.312761306762695,26.15539647771167,25.279055128469196,25.919458051254303,79907400
2002-06-03,24.419559478759766,25.489706207755155,24.259460001910544,25.279047478765442,77043700
2002-06-04,24.73977279663086,25.00941583410924,24.107796324841168,24.22576475193814,98366200
2002-06-05,24.99256134033203,25.110529760810728,24.411142568888526,24.790329073568895,95347100
2002-06-06,24.33530616760254,24.86616729378042,23.509523979324996,24.86616729378042,91129700
2002-06-07,23.84658432006836,24.259477134822625,23.189329650050734,23.28201846337135,106049200
2002-06-10,23.80445098876953,24.22576870538492,23.711760576810292,23.89714140072877,73142900
2002-06-11,23.13875961303711,24.175202031628693,23.054497386835255,24.09936474228787,84609500
2002-06-12,23.475814819335938,23.560077045080853,22.60790007225246,22.953380340843207,152974400
2002-06-13,23.324140548706055,23.7707361369529,23.046071021367823,23.39155129450929,97556300
2002-06-14,23.273591995239258,23.357854255055518,22.07704958377309,22.63318885599825,122106800
2002-06-17,24.065658569335938,24.22575969209943,23.517946062954348,23.593783352305532,87618100
2002-06-18,24.453271865844727,24.562813725610855,23.82972206231692,23.855000087617356,100513400
2002-06-19,23.037649154663086,23.863431360214168,22.96181184933704,23.678052173416766,93507600
2002-06-20,22.29612159729004,23.130331671680025,21.630440775009614,22.978657112700027,99913200
2002-06-21,21.756837844848633,22.565768369899587,21.6135898147458,22.211861566539586,168755100
2002-06-24,22.186580657958984,22.582618550292448,21.24282870092761,21.445062525947677,219672100
2002-06-25,21.45348358154297,22.515203738459338,21.31866212738202,22.39723536786813,136336400
2002-06-26,21.61359405517578,21.723137538792525,20.551873436793915,20.58557961858344,149080300
2002-06-27,22.085466384887695,22.119172562152205,21.082731719253403,21.908513775845996,121371100
2002-06-28,21.992780685424805,22.540493284927116,21.782121869677823,21.95064795795588,87842000
2002-07-01,20.93949317932129,22.026492174026806,20.880508949549636,21.883244070067196,64753900
2002-07-02,20.181106567382812,20.855213846825016,19.456440036583544,20.72881893282942,111629600
2002-07-03,20.85521697998047,20.85521697998047,19.903040103819528,20.09684577487548,101067000
2002-07-05,22.195003509521484,22.237134611860267,21.108003711436734,21.284957877096396,56768300
2002-07-08,21.386077880859375,22.37196100062375,21.133287996693696,22.077040004830085,97288500
2002-07-09,20.779380798339844,21.470341301937047,20.72039660030577,21.276535620625413,91039600
2002-07-10,20.138978958129883,21.091157539580273,20.079994757140714,21.057451363472783,115365200
2002-07-11,20.897354125976562,20.9731914291169,19.827208550817037,20.021014277864904,170271200
2002-07-12,20.897354125976562,21.504052551099257,20.686695307742124,21.276540641678245,130027800
2002-07-15,21.54618263244629,21.605166841554567,20.012586766834424,20.796237790013908,140207200
2002-07-16,21.225976943969727,21.92536395748971,20.981612012798287,21.27653459596428,148281700
2002-07-17,21.61359405517578,22.279276680725996,20.97319106596771,21.967500927969738,157954700
2002-07-18,20.838361740112305,21.546175220313977,20.66140917366119,21.386074131240154,114052300
2002-07-19,20.214811325073242,20.821507882493215,20.054710241943518,20.50130732343231,124116400
2002-07-22,19.717662811279297,20.644561826992227,19.456446356545335,20.096849283634285,150034800
2002-07-23,18.87502670288086,20.012584456589977,18.773911386710566,19.75979455896527,150786800
2002-07-24,19.903034210205078,19.936738765661012,18.2346161243815,18.377864101265384,186493600
2002-07-25,18.748634338378906,19.71766455577663,18.369447832475835,19.591269589542,153915500
2002-07-26,19.102540969848633,19.245789025047287,18.546401839594832,19.009850579073273,96034200
2002-07-29,20.07999610900879,20.324361080642934,19.448019729236545,19.608120862127915,96735200
2002-07-30,20.484458923339844,20.80466116281488,19.877762227196115,19.995730627424336,117394300
2002-07-31,20.096851348876953,20.38334746694256,19.68396026277045,20.223246316917844,93831300
2002-08-01,19.153099060058594,20.13898237782523,19.09411484905362,20.00416086489981,85149700
2002-08-02,18.748634338378906,19.24578926514107,18.386300923226905,19.19523160008706,86706000
2002-08-05,18.06610870361328,18.8076273650631,17.948138620255392,18.630674650826194,84897800
2002-08-06,18.95929718017578,19.389041442457042,18.361026796168233,18.36945173613494,115364600
2002-08-07,19.212081909179688,19.69238532302841,18.50426821289631,19.549137274799655,125677100
2002-08-08,19.860916137695312,19.88619577830857,18.790768793059673,19.169955366261114,111697900
2002-08-09,19.658672332763672,19.978872890529,19.279485981411334,19.54913050192774,93576900
2002-08-12,19.717662811279297,19.78507356112029,19.296345222973333,19.42274017802531,62870900
2002-08-13,19.04355239868164,20.113699294944627,19.001419681979076,19.574411771543474,88434400
2002-08-14,20.25695037841797,20.391771877841794,18.93401180362322,19.10253948150253,102613500
2002-08-15,20.669845581054688,20.686697066474697,19.98730979476413,20.425480559671787,120307800
2002-08-16,20.813095092773438,21.065885070742553,19.995737723420955,20.33279156311294,95853000
2002-08-19,21.318666458129883,21.563031397936818,20.79623361892701,20.872070903198207,76015900
2002-08-20,21.225976943969727,21.42820915914672,20.93948090400262,21.217550400770836,89981300
2002-08-21,21.69785499572754,21.782118831713852,21.06587863662868,21.39450582905641,101365500
2002-08-22,22.0433292388916,22.085460341745108,21.419779594908107,21.68942251044707,80345500
2002-08-23,21.192270278930664,21.748409259549376,21.023744240463664,21.739982716546212,75211200
2002-08-26,21.276535034179688,21.39450342699627,20.737249115933803,21.318666143843092,83335400
2002-08-27,20.535015106201172,21.495618466124043,20.349634382567867,21.42820773222066,92340400
2002-08-28,19.785062789916992,20.29907048212259,19.70922553673262,20.24008630902323,115562300
2002-08-29,20.046289443969727,20.408621180479255,19.397460042780207,19.54913461523478,97028200
2002-08-30,19.793502807617188,20.223246999214407,19.700812411233688,19.90304629556119,59474900
2002-09-03,19.07725715637207,19.742939622166453,18.824467282414023,19.43116394423263,81828100
2002-09-04,19.153099060058594,19.397464056735423,18.740207975824596,18.959293336128205,82717600
2002-09-05,18.68121910095215,18.95928860283917,18.47898688205239,18.875024776497902,91576600
2002-09-06,19.254207611083984,19.56598162121336,19.043548888002537,19.094106531526503,86008800
2002-09-09,19.448013305664062,19.692378196585818,18.866594778297227,19.10253312740804,72679500
2002-09-10,19.928314208984375,19.945167291989318,19.40588149341877,19.574407501872837,74615800
2002-09-11,19.759801864624023,20.51817344508474,19.734522222635494,20.3243676781047,73902800
2002-09-12,19.22050666809082,19.59969311558013,19.136242834515535,19.57441348334786,70763500
2002-09-13,19.372177124023438,19.44801439738053,18.976139279868654,19.04355001094178,79716100
2002-09-16,19.094118118286133,19.380614284105388,18.849754686969405,19.262645841897278,58853600
2002-09-17,18.689640045166016,19.557552857030444,18.689640045166016,19.42273141815445,89139700
2002-09-18,18.478994369506836,19.0014274115481,18.35259938238069,18.546405136454077,92358300
2002-09-19,18.184059143066406,18.6475076458796,18.158779520164497,18.28517602747569,86247700
2002-09-20,18.259902954101562,18.453708644269394,18.099801832693863,18.39472444353996,78116900
2002-09-23,17.71219253540039,18.133510141244173,17.53523830520246,18.074525933577902,72757500
2002-09-24,17.720605850219727,18.074512439190666,17.400403808809017,17.425683424877626,91507300
2002-09-25,18.42842674255371,18.571674745845574,17.779597456631834,17.990256190461125,98051900
2002-09-26,18.200912475585938,18.816035509882717,18.00710685226477,18.672787525863072,104453500
2002-09-27,17.956554412841797,18.7149257186461,17.956554412841797,18.15878665390968,92249700
2002-09-30,17.45940399169922,17.897574762395767,17.265598245613997,17.754326687637256,91502500
2002-10-01,18.5211124420166,18.529538982845708,17.248733706391484,17.619493466880513,102096000
2002-10-02,17.90599250793457,18.512689087258973,17.670054145709113,18.125077785601366,94829700
2002-10-03,17.476255416870117,18.032394569992558,17.425697750367867,17.745898447814422,74354800
2002-10-04,17.147624969482422,17.712190562723134,16.94539273406471,17.644779817583895,81837100
2002-10-07,16.987520217895508,17.349853498310313,16.726303837186602,17.07178403311733,79861800
2002-10-08,17.021230697631836,17.36671098105831,16.650470781076958,17.088641445441905,94103100
2002-10-09,16.90326499938965,17.29930465019172,16.717885797379783,16.80214965545678,103301000
2002-10-10,17.762746810913086,17.872288660376356,16.776863736948417,16.936964846655176,109610500
2002-10-11,18.723352432250977,18.85817392751551,18.049244955928323,18.158786818131126,124777400
2002-10-14,18.942434310913086,18.959287396548817,18.35259077845079,18.428428056612884,78890300
2002-10-15,19.85248565673828,19.91146986594774,19.532284975087297,19.75137032872183,118176000
2002-10-16,19.195226669311523,19.515427275334297,18.59695495892324,19.136240866834765,97441900
2002-10-17,19.844053268432617,20.063138557557227,19.026697910974345,19.886185982032746,95754500
2002-10-18,20.063142776489258,20.09684895445719,19.32162454038407,19.61654716880736,84941900
2002-10-21,20.46759796142578,20.602419387003707,19.633388180764882,19.818768846333157,85311500
2002-10-22,20.341203689575195,20.509731293547148,19.92831282776209,19.9957235479112,89947000
2002-10-23,20.72882652282715,20.754104550562868,19.945175519037477,20.096850114248266,88093500
2002-10-24,20.206378936767578,20.94789834404603,20.155821306743437,20.796223846775526,88674800
2002-10-25,20.813095092773438,20.855226220035128,20.21482312102062,20.21482312102062,71557300
2002-10-28,20.636140823364258,21.099591259261143,20.366497751598533,21.065885071690683,90272000
2002-10-29,20.155824661254883,20.619273162536572,19.692376159973193,20.48445172190196,90293800
2002-10-30,20.695112228393555,20.88891947250423,20.0968422343085,20.2737947878722,103531100
2002-10-31,20.68669319152832,21.099585847364924,20.52659366323151,20.779383576373156,81493100
2002-11-01,21.276535034179688,21.402929970368714,20.34120961342302,20.535016896591596,86658400
2002-11-04,21.824241638183594,22.599465741191736,21.73997783427433,21.9506365404483,110562400
2002-11-05,21.992780685424805,22.051764896682087,21.5377568719557,21.664151839964045,79603300
2002-11-06,22.30455207824707,22.4225220933924,21.605164960624332,22.152879099687105,116251700
2002-11-07,21.520902633666992,21.99277787052826,21.32709532651412,21.900087489159453,82711600
2002-11-08,21.12486457824707,21.798973714418125,21.032174190313757,21.478771432757114,76937600
2002-11-11,20.484458923339844,21.08273068278062,20.349637435307905,21.02374648266651,74384300
2002-11-12,21.00689697265625,21.402934960301486,20.560299712988837,20.560299712988837,88748800
2002-11-13,21.25968360900879,21.65572314247248,20.63613381550306,20.8130880257568,119341800
2002-11-14,21.992780685424805,22.26242371242907,21.504052297179776,21.55460996294327,85720100
2002-11-15,22.279272079467773,22.28769862317485,21.697853421270473,21.824248362478876,69291300
2002-11-18,21.950651168823242,22.557349675527867,21.900093495664343,22.506790395169514,76238000
2002-11-19,21.61359405517578,21.950647837074975,21.318671393314286,21.73998902248808,88139200
2002-11-20,22.53205680847168,22.54048335025148,21.52089590287296,21.53774737923406,75104700
2002-11-21,23.366268157958984,23.458958522237527,22.540486243909793,22.692160801020606,105472900
2002-11-22,23.35784149169922,23.543222219276952,23.020787815010667,23.062920529095926,73808600
2002-11-25,23.585355758666992,23.762309961678053,23.20617093598421,23.391550075482535,72666100
2002-11-26,22.79327964782715,23.484241805208086,22.666884699632707,23.40840451485163,80017900
2002-11-27,23.5179386138916,23.762303492667364,23.155605370023224,23.197738076983754,73643900
2002-11-29,23.35784149169922,23.838144789078953,22.936523994038854,23.770732446542535,34652100
2002-12-02,23.593793869018555,24.259476681778843,23.23146034887811,23.94770084134182,85136000
2002-12-03,22.894397735595703,23.23987802826513,22.692165486754995,23.2145983944604,76595500
2002-12-04,22.38881492614746,22.709017172421014,22.085465768035455,22.38038838206669,130115900
2002-12-05,22.077028274536133,22.751135345600645,22.018042499519712,22.709004256358373,84933200
2002-12-06,22.30455207824707,22.515210867979206,21.689428797956992,21.748413001930146,81727900
2002-12-09,21.251253128051758,22.371957561378228,21.234401650310478,22.093888088664098,75855200
2002-12-10,21.57145118713379,21.86637368837787,21.360792487273496,21.419776666082644,69578300
2002-12-11,21.672569274902344,21.967491814410593,21.33551563283515,21.436632529054577,64237600
2002-12-12,21.79054069519043,22.48992765140272,21.537749241533806,21.908509075911,62296400
2002-12-13,21.099580764770508,21.546176277555404,21.07430113666622,21.504045171246947,72647800
2002-12-16,21.78211784362793,21.87480661252921,21.12486188138809,21.251256826034503,60278500
2002-12-17,21.849529266357422,22.077041138104672,21.622017394610175,21.74841234318121,62562700
2002-12-18,21.386077880859375,21.571458629299837,21.108008365397573,21.529325910472963,67130700
2002-12-19,21.11642837524414,21.72312648103335,20.905769667889196,21.2091187207838,95969700
2002-12-20,21.335525512695312,21.44506900159264,21.124866687953535,21.3439520585489,65578600
2002-12-23,21.630443572998047,21.706280862297916,21.175419837198827,21.217552557475948,45941700
2002-12-24,21.360801696777344,21.681002351449152,21.33552206330364,21.487196649747823,16772700
2002-12-26,21.30181884765625,21.83267832678257,21.209128459555174,21.512477651741143,33795400
2002-12-27,20.914199829101562,21.782114432223338,20.855215637984305,21.21754893450309,42490200
2002-12-30,20.754108428955078,21.04060458295863,20.526598100822365,20.931062692168762,57396400
2002-12-31,20.535015106201172,20.821509519891546,20.45917782966003,20.678263116645695,46015400
2003-01-02,21.40294075012207,21.529335749970897,20.602438012946415,20.829948369794455,65903200
2003-01-03,21.638877868652344,21.66415590267491,21.301824021688812,21.453497047422765,39059500
2003-01-06,22.17814826965332,22.405660057441622,21.234398168543773,21.66414051365717,67223400
2003-01-07,22.45622444152832,22.692162841269294,22.11917073275469,22.25399221626414,88726100
2003-01-08,21.824241638183594,22.725860643456443,21.773683998717388,22.237132509420768,74989900
2003-01-09,22.498353958129883,22.734290717098418,22.09388795795779,22.11074104279801,75391100
2003-01-10,22.83540916442871,22.970230637877837,22.093889453259766,22.203432904936395,82594300
2003-01-13,22.700597763061523,23.147193489313345,22.523643496147074,23.02922504950335,72870300
2003-01-14,22.818557739257812,23.020789964150634,22.624752057968717,22.675309712392206,46993800
2003-01-15,22.53205680847168,23.046064606650095,22.39723535439185,22.953374254270773,55131000
2003-01-16,22.279272079467773,22.7342941892578,22.119170963431063,22.574194680419964,68740300
2003-01-17,21.327091217041016,21.857952162518583,21.293386653073465,21.824245991352328,77289400
2003-01-21,21.09115219116211,21.52932111905346,21.08272564927209,21.411352746990236,67729600
2003-01-22,21.00689697265625,21.512478442483676,20.956339307833264,21.03217500146815,80020200
2003-01-23,21.49562644958496,21.7736960311111,21.1585726548865,21.402936053343158,78471100
2003-01-24,20.914199829101562,21.512471497288058,20.7625252764008,21.512471497288058,74519700
2003-01-27,20.669845581054688,21.091163253342966,20.535024054498386,20.602434817776537,76561000
2003-01-28,20.880504608154297,21.10801493179906,20.577155367028762,20.872078061767546,65217200
2003-01-29,21.192270278930664,21.44506174742928,20.509736367662015,20.86364313780108,95717500
2003-01-30,20.64456558227539,21.41979015006105,20.63613903611258,21.335526295632302,70333800
2003-01-31,20.594003677368164,20.863646670328954,20.23167030287747,20.27380141782796,90505600
2003-02-03,20.636140823364258,20.888932408544235,20.54345041474498,20.6614204640421,53158800
2003-02-04,20.383342742919922,20.47603150749554,20.071567060623263,20.37491619937689,68235700
2003-02-05,20.290647506713867,20.947903280711518,20.231663323252242,20.501306223190216,80107700
2003-02-06,20.40019416809082,20.518164170177954,20.105273180870082,20.256947749840084,103552000
2003-02-07,20.063142776489258,20.602430373582965,19.928321279015588,20.52659308035415,72312400
2003-02-10,20.240102767944336,20.43390852492711,19.903048928148323,20.130559265510954,67572600
2003-02-11,20.34964370727539,20.737256810232708,20.155837959396436,20.43390756506606,77823300
2003-02-12,20.071563720703125,20.50130772669483,20.037859159338314,20.282222452628552,51753000
2003-02-13,20.172685623168945,20.206390192894407,19.650251131233016,20.09684833228794,77387400
2003-02-14,20.636140823364258,20.644567370256873,19.90304892290113,20.080001586047583,67510400
2003-02-18,21.276535034179688,21.352372317332865,20.796233312342093,20.81308639908698,73976800
2003-02-19,21.133291244506836,21.26811275107473,20.82151550606912,21.234408178032325,45541400
2003-02-20,21.049028396606445,21.293393393317345,20.931059974580055,21.192276455009576,59759800
2003-02-21,21.209125518798828,21.377653181579152,20.65298648170223,21.006893287781782,70228500
2003-02-24,20.8467960357666,21.24283402740352,20.821516399500723,21.17542327122704,56646600
2003-02-25,20.872074127197266,21.023748719168033,20.29065539370902,20.602431122448827,74440700
2003-02-26,20.408626556396484,21.015325006027634,20.39177507172841,20.796239633349643,60005600
2003-02-27,20.872074127197266,20.998469084773213,20.45075653047806,20.577151488054007,66424000
2003-02-28,21.20070457458496,21.25126224389306,20.829944582860453,20.90578189042227,50185800
2003-03-03,20.770950317382812,21.470337232008568,20.69511304651508,21.293384671449566,60414400
2003-03-04,20.64456558227539,20.872077507073207,20.57715482017226,20.77938710648165,56043500
2003-03-05,20.68669319152832,20.88050050594926,20.49288748430645,20.560298234957497,69096500
2003-03-06,20.636140823364258,20.796241999924963,20.417055425754736,20.585583149208055,59108600
2003-03-07,20.678266525268555,20.804661471272613,20.18953661490804,20.29065353603065,73291000
2003-03-10,20.231679916381836,20.60244001147682,20.1474160392421,20.501323037469177,55948000
2003-03-11,20.05472183227539,20.42548185746218,20.03787034578468,20.273807228649428,54934200
2003-03-12,20.417049407958984,20.42547595236793,19.83563230853295,20.021011463932684,77859800
2003-03-13,21.588308334350586,21.613586354487236,20.560292656829976,20.762524853916332,128537600
2003-03-14,21.672569274902344,21.891654544045654,21.36922180064114,21.68099581685384,89794400
2003-03-17,22.414093017578125,22.582619066011745,21.360799187872377,21.42820992868559,141040800
2003-03-18,22.69216537475586,22.72586994579677,22.262421245390748,22.582621902675065,96548700
2003-03-19,22.498353958129883,22.70901269703672,22.186578317380363,22.624748880034257,91315100
2003-03-20,22.58262062072754,22.869116690707425,22.051761201175953,22.363536903400753,92789700
2003-03-21,22.894397735595703,23.071350350631683,22.077042195631286,22.928102306802966,93304600
2003-03-24,21.942218780517578,22.414093986610748,21.88323297345689,22.304550523554088,85244500
2003-03-25,22.253986358642578,22.548908878890536,21.916932738587096,22.034901103806906,78731500
2003-03-26,22.380382537841797,22.557336702931796,22.21185652183066,22.32982489375831,67880200
2003-03-27,22.22028350830078,22.456220256876765,21.992771694575172,22.136019695009974,64113100
2003-03-28,21.97592544555664,22.27084808020372,21.86638357924724,22.026483106376435,45374700
2003-03-31,21.276535034179688,21.6809994728641,21.24282886068991,21.57145762341996,89345300
2003-04-01,21.445079803466797,21.630459084023254,21.276552015906315,21.436653253368764,73159500
2003-04-02,22.034910202026367,22.380390506131935,21.9337948778584,21.959072905300843,75843800
2003-04-03,22.3129825592041,22.624758330179375,22.16973449262616,22.447804079842246,70138200
2003-04-04,21.950651168823242,22.414101595578103,21.88324040221156,22.388821955398928,65665700
2003-04-07,21.984352111816406,22.9196776817505,21.967499022383578,22.84384038650184,83842700
2003-04-08,21.959062576293945,22.152869802985375,21.807388054186887,22.034899837347474,54250600
2003-04-09,21.45348358154297,22.144445543115978,21.411352479817115,21.99277100538528,76457100
2003-04-10,21.714710235595703,21.714710235595703,21.31867064938491,21.4534921574399,57017500
2003-04-11,21.49562644958496,22.04333906686987,21.369231477472947,21.925370640525227,67974500
2003-04-14,21.933795928955078,22.0264847126843,21.478772126796585,21.571462517724985,52476200
2003-04-15,22.14444923400879,22.29612218982084,21.78211591286043,21.88323121673513,64655700
2003-04-16,22.093891143798828,22.607899055152735,22.009628921844758,22.456224484117232,70711600
2003-04-17,22.599470138549805,22.734291608158557,22.034904631863643,22.04333117461403,70179900
2003-04-21,22.683740615844727,22.83541521546614,22.430950687941813,22.700593706291365,52729600
2003-04-22,23.113475799560547,23.138753818210947,22.456219992274985,22.523630720673616,70757200
2003-04-23,23.28200912475586,23.383126052691836,22.97023501075143,23.17246725942434,70327100
2003-04-24,23.15560531616211,23.383117111624458,22.978652768934793,23.05449003408891,72383900
2003-04-25,22.709007263183594,23.1050450189723,22.633170006747722,23.020781222132637,63277900
2003-04-28,23.15560531616211,23.282000222352828,22.709009873808352,22.793272073136542,59666200
2003-04-29,23.366268157958984,23.644337643595904,23.096625215183632,23.290430879403576,79903800
2003-04-30,23.13033103942871,23.41682706362671,23.113477953958547,23.29885707253426,60202100
2003-05-01,23.332561492919922,23.48423603637443,22.911244030967875,23.1219027619439,66022600
2003-05-02,23.829723358154297,23.83814990277899,23.231451547393483,23.265157725892255,85004100
2003-05-05,23.80445098876953,24.192062516599908,23.73704021839905,23.87186175914001,80520300
2003-05-06,24.1077880859375,24.35215140244071,23.770732797079823,23.77915934002114,77338300
2003-05-07,23.838151931762695,24.175205709443496,23.69490387534846,23.939267261467343,70353200
2003-05-08,23.399972915649414,23.753879658459763,23.391546373296954,23.4673836472705,80249100
2003-05-09,23.939260482788086,23.99824467628027,23.5937802575921,23.62748642941548,58528200
2003-05-12,24.301593780517578,24.40270908153459,23.737028260376615,23.89712936205207,67487300
2003-05-13,24.149919509887695,24.42798900179978,24.04880420766444,24.124639880732506,64934300
2003-05-14,24.0993595123291,24.411133538893313,23.89712732037428,24.32687133097775,62181200
2003-05-15,24.369007110595703,24.419564766485212,24.065657960860836,24.22575907957634,62232100
2003-05-16,24.183629989624023,24.385862237290407,23.998249223863894,24.208908016082923,70590400
2003-05-19,23.332561492919922,24.166769874721147,23.265150763295537,24.031948415472378,91334800
2003-05-20,23.399972915649414,23.560072398750354,23.096623819755226,23.391546373296954,71817800
2003-05-21,23.332561492919922,23.383119138338568,23.1219027619439,23.298855324508445,63648500
2003-05-22,23.66961669921875,23.863422358747307,23.273578837504036,23.391547220312955,62401400
2003-05-23,23.67806053161621,23.80445554937647,23.55166551385595,23.627502845952076,37922500
2003-05-27,24.520681381225586,24.621796691750028,23.509518632787856,23.534798264018406,101422100
2003-05-28,24.596513748168945,24.773466309793875,24.402706495229204,24.57123412199457,76290400
2003-05-29,24.697629928588867,25.11052086112647,24.571235007558762,24.630219196892902,97336000
2003-05-30,25.10211181640625,25.169522590775397,24.815615623537457,24.883026397906605,78093700
2003-06-02,24.92514991760254,25.447584464823308,24.697638020883854,25.346467530548626,102937000
2003-06-03,25.161081314086914,25.177932792414822,24.714484190824077,24.807174554021707,81672600
2003-06-04,25.632965087890625,25.76778660309432,25.043119753475036,25.11895705667702,87046100
2003-06-05,25.81834602355957,25.852052208250065,25.253780287588555,25.38860181195184,88747900
2003-06-06,25.388599395751953,26.517730760236027,25.312763701814216,26.29864540219592,157178100
2003-06-09,25.051538467407227,25.46442942953955,24.883012429687216,25.279050305887914,94941800
2003-06-10,25.430728912353516,25.447582000967422,25.009411340199744,25.16108592332694,69660100
2003-06-11,25.717222213745117,25.818337520114895,25.11052394673117,25.3380357968614,87338200
2003-06-12,25.826757431030273,25.9110212361648,25.498130358923866,25.818330889796982,79450500
2003-06-13,25.245349884033203,25.89417937539271,25.161087649580573,25.835195168396226,83353600
2003-06-16,26.02056884765625,26.037421933872828,25.279050733313184,25.422298751756575,71211800
2003-06-17,25.919456481933594,26.214379095349145,25.750928815067866,26.13854180597946,67571200
2003-06-18,26.054279327392578,26.315495778138892,25.658241379022417,25.835193991954075,80215700
2003-06-19,25.632965087890625,26.323925755109364,25.599258905490082,26.10484039110355,79467200
2003-06-20,25.59925651550293,25.936311879243377,25.489714647326643,25.860474583121686,71512400
2003-06-23,25.203218460083008,25.590831484084074,24.908295821490714,25.557125304953946,86509400
2003-06-24,25.009418487548828,25.388603446533693,24.88302350122054,25.051549613925108,83004400
2003-06-25,24.874589920043945,25.430728988373467,24.832457198383224,25.00098487062811,94255300
2003-06-26,25.46443748474121,25.514996758529563,24.950431058820246,25.03469330073568,79187500
2003-06-27,25.135807037353516,25.75935686980692,25.085249377208385,25.489713872767506,82451900
2003-06-30,25.23691177368164,25.56553881667412,25.110515273578443,25.413864302308895,72043000
2003-07-01,25.573970794677734,25.599248814314358,24.65549857991307,25.02625840417002,105852500
2003-07-02,26.096405029296875,26.11325811480363,25.59925025723844,25.62452988549858,81972500
2003-07-03,25.767770767211914,26.2059412259408,25.675080429773583,25.868887645071755,50050400
2003-07-07,26.871633529663086,26.88006007374802,26.087982608952487,26.09640915303742,88554600
2003-07-08,27.20026397705078,27.225545219538322,26.64412646549827,26.778947972638118,81874500
2003-07-09,27.132854461669922,27.377219444536962,26.90534256876594,27.116001371706858,89588400
2003-07-10,26.62726402282715,26.95589113015465,26.39975220673953,26.83792275464192,102928700
2003-07-11,26.829500198364258,26.95589513479096,26.63569452203006,26.669399088384402,67728100
2003-07-14,27.149702072143555,27.596297615636708,27.023305530129694,27.25081737711609,84524600
2003-07-15,27.183408737182617,27.512039148346147,26.913767351425424,27.41092061518905,75059000
2003-07-16,27.09914779663086,27.385643892077756,26.7368144049069,27.351937712755017,80138700
2003-07-17,26.273357391357422,26.829496316937266,26.15538901538551,26.694674856626914,116260400
2003-07-18,26.35762596130371,26.5851362121258,26.054276817275763,26.458741271180447,80519000
2003-07-21,26.02056884765625,26.374475622210586,25.79305861252749,26.32391797075961,111325300
2003-07-22,26.40818214416504,26.543003621284548,26.003717712806505,26.214376471705588,91471500
2003-07-23,26.62726402282715,26.660968584174253,26.113256202895553,26.450309852359478,69050400
2003-07-24,26.273357391357422,26.981170861586058,26.189093576863808,26.837922859106488,82999700
2003-07-25,26.79578971862793,26.829495886764377,25.927876782695616,26.23122425993087,82709600
2003-07-28,26.871633529663086,26.955897363313493,26.62727017999574,26.846355504607224,56180800
2003-07-29,26.669397354125977,26.981173010423245,26.323917133666107,26.905335732059008,80560100
2003-07-30,26.475589752197266,26.745232674553158,26.399752479384844,26.71995304788282,56617300
2003-07-31,26.79578971862793,27.24238841044309,26.559852970467016,26.787364783792373,85544100
2003-08-01,26.509292602539062,26.78736365636564,26.37447115006475,26.703099846769568,73545400
2003-08-04,26.50088119506836,26.795802268395274,25.98687314064264,26.47560155712635,96344600
2003-08-05,25.456005096435547,26.526152038013045,25.36331633016269,26.467167839330628,111041800
2003-08-06,25.439146041870117,25.927874180406814,25.363308778373185,25.58239402767562,96816000
2003-08-07,25.540266036987305,25.70879367747155,25.295902726203707,25.464428759489262,67326600
2003-08-08,25.338031768798828,25.74249614437667,25.220063394388262,25.64138085408149,66677100
2003-08-11,25.616106033325195,25.784633691696616,25.30433195469659,25.346463065690013,63712200
2003-08-12,26.00371551513672,26.037420077968708,25.557118405422667,25.708792956163236,59676100
2003-08-13,26.012149810791016,26.180675889578914,25.826769034765462,26.10483859160467,57969700
2003-08-14,26.03742027282715,26.2817851857821,25.84361461529653,26.020567187685707,50271500
2003-08-15,26.264938354492188,26.36605528221878,26.062706106238043,26.121690311078954,28116300
2003-08-18,26.939044952392578,26.972749522380706,26.315495139221788,26.382905886397037,67224100
2003-08-19,27.276094436645508,27.28452258682755,26.837925451904873,27.057010747874557,68205000
2003-08-20,27.20868682861328,27.40249250647015,26.98117497693844,27.048584110176733,58233500
2003-08-21,27.50361442565918,27.655289029906438,27.19184027888356,27.461483305456813,77161400
2003-08-22,27.335079193115234,28.118730027510487,27.28452314857202,28.026039659984537,92989800
2003-08-25,27.394071578979492,27.41935282320786,27.141281637485324,27.26767821543166,43044700
2003-08-26,27.419355392456055,27.461486517586437,26.80423035803644,27.200268398739986,79838500
2003-08-27,27.638425827026367,27.66370706141702,27.276092539933746,27.377211048701863,47532100
2003-08-28,27.882797241210938,27.90807526710279,27.402495462877678,27.756400682955658,55311000
2003-08-29,28.135587692260742,28.19457189675788,27.790107402606914,27.840666669775057,53148800
2003-09-02,28.540048599243164,28.556901686180964,27.916500454532805,28.219849590617915,80303100
2003-09-03,28.523189544677734,28.81811368278868,28.35466513935375,28.7338482657297,85234800
2003-09-04,28.784420013427734,28.834979285614672,28.396808569856365,28.50635205239554,63736100
2003-09-05,28.59903907775879,28.93609446174963,28.37152717572473,28.624320320917043,91024100
2003-09-08,29.070926666259766,29.096204704318225,28.607477753590608,28.649608888487887,69296000
2003-09-09,28.725427627563477,28.978217487755156,28.582178004336463,28.919233294190345,87817500
2003-09-10,28.03447914123535,28.55691217052182,27.899657610632428,28.438943733044116,111624500
2003-09-11,28.34624671936035,28.464215129334686,27.815385660077744,28.042897542627433,96914900
2003-09-12,28.49791145324707,28.514764536615395,27.84908220835305,28.09344709559826,104963000
2003-09-15,28.2198543548584,28.573759597107596,28.177720023201697,28.514775390066063,54594200
2003-09-16,28.986652374267578,29.011930401841987,28.245132492902144,28.245132492902144,87463800
2003-09-17,28.868682861328125,29.070916739941296,28.674877135456327,28.927670287322407,79794700
2003-09-18,29.306838989257812,29.374251320018477,28.64958483632557,28.79283121759671,91469900
2003-09-19,29.138309478759766,29.37424616623271,28.952928816090292,29.315261994364473,69796000
2003-09-22,28.582191467285156,28.81813156707573,28.455798084853512,28.759147345727833,97477500
2003-09-23,29.087772369384766,29.121478554494757,28.573764296852964,28.62432357451795,77826500
2003-09-24,27.99234390258789,29.087769079581022,27.950209568766397,29.079340927057373,115057400
2003-09-25,27.630002975463867,28.430506884394237,27.604721739166703,28.127157764008203,117604800
2003-09-26,27.453060150146484,27.95021190098029,27.402500873980955,27.71427504100511,106581000
2003-09-29,27.9249267578125,27.95020478225781,27.34350969478569,27.604724519114722,96862800
2003-09-30,27.318227767944336,27.773251482887204,27.267671720326952,27.739545308210456,119122500
2003-10-01,27.9333553314209,28.000764469093976,27.318228869166067,27.47833159813563,106653600
2003-10-02,28.02604103088379,28.169290664357582,27.747973129101737,27.89121954817783,83911100
2003-10-03,28.809696197509766,29.045636238208807,28.497922074983887,28.5232001022595,112862800
2003-10-06,29.02034568786621,29.02877383718676,28.70014673042267,28.885524228311787,49162900
2003-10-07,29.197307586669922,29.197307586669922,28.658018420988945,28.784414972119983,80104600
2003-10-08,29.011938095092773,29.35741849261486,28.83498542635199,29.33214045833734,71387400
2003-10-09,29.23099708557129,29.71972676283718,29.011913474160046,29.4163777513475,118216100
2003-10-10,29.50066375732422,29.517516850947924,29.188889561282966,29.2984330626376,68356200
2003-10-13,29.69447898864746,29.804019298702567,29.424832648205157,29.61021350275936,60919800
2003-10-14,29.77029800415039,29.854560223801016,29.45852071976828,29.57648911303821,62274900
2003-10-15,29.643901824951172,30.208465775230326,29.51750527952269,30.166334664886726,97045200
2003-10-16,29.879844665527344,29.938828874833142,29.542792500122538,29.576495466584188,73955000
2003-10-17,29.163597106933594,29.905116787707826,29.15516895708991,29.83770444654774,97794400
2003-10-20,29.52593994140625,29.55964612287322,29.070916134797287,29.19731270809924,75544300
2003-10-21,29.702884674072266,29.871412322194733,29.44166665876256,29.61019430688503,73455600
2003-10-22,29.129905700683594,29.433254960860175,29.02036219797561,29.399548773196337,88141400
2003-10-23,28.792850494384766,29.07934666313283,28.69173514494398,28.77600061481047,95409600
2003-10-24,28.81812286376953,28.843400889741893,28.21985267683816,28.472642579755835,101778600
2003-10-27,28.82654571533203,29.028779551673164,28.683299292655306,28.885529914598656,63604500
2003-10-28,29.79556655883789,29.837697655274933,28.96135670603932,29.011915950401743,107375700
2003-10-29,29.76186752319336,29.837704800699917,29.551208776163737,29.66075222465041,74075200
2003-10-30,29.820852279663086,30.334860146448158,29.610193528646082,30.174760652858318,95062600
2003-10-31,29.643901824951172,29.90511985211779,29.542786517246995,29.86298552737651,55473200
2003-11-03,30.13264274597168,30.318023576460508,29.795590489372863,29.854574714637636,71141200
2003-11-04,29.930391311645508,30.22531223377161,29.87140712722029,30.07363769827905,60033900
2003-11-05,30.200037002563477,30.2421681075551,29.618620039125638,29.93039407334037,67412700
2003-11-06,30.284305572509766,30.30958681233183,29.77872577763968,30.157912230991215,90567400
2003-11-07,30.023094177246094,30.48654291136525,29.99781293452803,30.402280674033882,63505200
2003-11-10,29.65233612060547,30.115788123860252,29.568073873322064,30.082081939187415,68896400
2003-11-11,29.542797088623047,29.74502777639614,29.365841218823054,29.618634400137662,75607100
2003-11-12,30.17476463317871,30.30115797182285,29.610197434495028,29.635475459344285,80364600
2003-11-13,30.14105987548828,30.250603345653047,29.955679112809143,30.090500609012693,64243000
2003-11-14,29.52593994140625,30.351722100956742,29.450102640304756,30.17476946985272,90932200
2003-11-17,29.222583770751953,29.416389446388944,28.868675378512247,29.35740525008193,108063100
2003-11-18,28.54847526550293,29.466947562271393,28.497916007318405,29.382682131963854,108588500
2003-11-19,28.82654571533203,28.986648439968114,28.548477806560477,28.658018054114052,86320300
2003-11-20,28.54847526550293,29.222582635975773,28.4894910714864,28.58217822322845,117324500
2003-11-21,28.843412399291992,28.86869043535119,28.422094654842386,28.717019004596686,81787500
2003-11-24,29.643901824951172,29.702886022311752,29.04563170063807,29.08776281098167,92057500
2003-11-25,29.643901824951172,29.871413678083837,29.56806454057362,29.736592196345704,72519800
2003-11-26,29.778724670410156,29.93039924611122,29.33212909440025,29.829283933776452,72842900
2003-11-28,29.812429428100586,29.91354473562628,29.66917979590798,29.711310906177214,24802600
2003-12-01,30.250595092773438,30.343282234428347,29.888261817877478,30.090492399811833,82767300
2003-12-02,30.08206558227539,30.376986501804808,29.980950297636298,30.183180866914487,62504500
2003-12-03,29.702884674072266,30.435976246847847,29.702884674072266,30.200039468114905,107568500
2003-12-04,30.023094177246094,30.090503324231527,29.559645443126936,29.812435369519356,102334800
2003-12-05,29.52593994140625,29.913551385081266,29.458527578472307,29.719745663243756,87490200
2003-12-08,29.69447898864746,29.770316318746943,29.306864182361434,29.509098134093257,86961200
2003-12-09,29.011938095092773,29.879851558877725,28.944525717820625,29.862998464559688,109949500
2003-12-10,29.121471405029297,29.239439809553705,28.75913804004836,29.07091213977686,103504200
2003-12-11,29.745010375976562,29.82084764312743,29.062478186015728,29.070903120411625,108374700
2003-12-12,29.69447898864746,29.778741260135945,29.407982765427153,29.753463221569323,72189400
2003-12-15,29.306838989257812,30.326429598433357,29.197298773367006,30.275870350362858,106091400
2003-12-16,29.365840911865234,29.509090594072727,29.003507451127145,29.31528484764983,89854700
2003-12-17,29.41638946533203,29.492226748403834,29.129893419771633,29.33212724609564,68539900
2003-12-18,29.964111328125,30.03152047816973,29.450103299640304,29.450103299640304,89978100
2003-12-19,29.879844665527344,30.039947417413078,29.660760918734137,30.006241236553098,89762300
2003-12-22,29.972522735595703,30.065213087661444,29.73658599535345,29.787142031464217,63580000
2003-12-23,30.200037002563477,30.351711552051132,29.938819008579785,29.99780319844751,66999800
2003-12-24,30.26241683959961,30.36357164580166,30.178118488053478,30.211837828671932,44840300
2003-12-26,30.220279693603516,30.42259261295933,30.194991784554578,30.31300631432265,25497600
2003-12-29,30.717620849609375,30.793487772435643,30.363577353522736,30.372005582435026,63296200
2003-12-30,30.81879234313965,30.835652023977534,30.59961970790246,30.793501214055162,48249400
2003-12-31,30.73448371887207,30.886217580301953,30.557461952421956,30.869357905070384,60494600
2004-01-02,30.650203704833984,31.012678862302117,30.532189135547775,30.90309252696956,55234100
2004-01-05,31.265546798706055,31.324554043931666,30.81877673752536,30.835636409826066,69717900
2004-01-06,31.47629737854004,31.54373287244121,31.147541708592016,31.25712800379291,60033000
2004-01-07,31.76290512084961,31.76290512084961,31.248696220814235,31.425718008010293,71830000
2004-01-08,32.015785217285156,32.03264488994779,31.695457868002624,31.906198952804914,76800900
2004-01-09,31.805055618286133,32.327692796953436,31.6870410826827,31.788195939534937,94296500
2004-01-12,32.31083297729492,32.327689438640085,31.76290472959407,31.906207160610073,77668400
2004-01-13,31.99049949645996,32.33611477046529,31.695460028235814,32.260247846139535,92973900
2004-01-14,32.10008239746094,32.243384786330886,31.8219026322612,32.10008239746094,68122400
2004-01-15,32.18437576293945,32.4204047271622,31.72074606222185,31.973634697553862,104427700
2004-01-16,32.51314163208008,32.563720661464714,32.17595453415811,32.352979529177105,77324100
2004-01-20,32.48785400390625,32.87561691888473,32.29397254641701,32.64801610818314,81998100
2004-01-21,32.35297775268555,32.58900677887796,32.0326503488142,32.36140598262629,112180300
2004-01-22,32.15911102294922,32.61430960808912,32.08324405614994,32.49629504099153,90061900
2004-01-23,32.04106521606445,32.42039971828287,31.847183851742365,32.209658685456304,88751300
2004-01-26,32.52998733520508,32.580566342863385,31.89776420991526,32.01577867879819,84538000
2004-01-27,31.8134765625,32.56371433314045,31.771325771710334,32.46255629402989,97191600
2004-01-28,31.273975372314453,32.08322357341433,31.18968022553396,31.982065538493266,127959700
2004-01-29,31.392000198364258,31.451007457622197,30.903079232336257,31.392000198364258,143925900
2004-01-30,31.248685836791992,31.560581722349013,31.16439069442098,31.358272094397158,84264700
2004-02-02,31.164392471313477,31.594302866963435,31.037946534893862,31.358273882344143,94507900
2004-02-03,31.13068389892578,31.392004090650854,31.054816953951075,31.113824220525306,73488700
2004-02-04,30.624897003173828,31.071667088770145,30.624897003173828,30.869354225759174,109933000
2004-02-05,30.742908477783203,30.94521810525154,30.624893992484417,30.776624605258892,96784500
2004-02-06,31.299270629882812,31.425713366782404,30.793490035322,30.852497289005974,107174100
2004-02-09,31.290836334228516,31.510008869935383,31.231829085919863,31.476289523572195,58817700
2004-02-10,31.341419219970703,31.535300661994967,31.214973263337622,31.240264384056793,65042700
2004-02-11,31.678611755371094,31.754475483644953,31.24869800122369,31.39200365782443,92503000
2004-02-12,31.400428771972656,31.7797634539596,31.39200054155272,31.62802958116482,70556400
2004-02-13,31.139095306396484,32.00735058881626,30.98736149842616,31.518429826322297,90570400
2004-02-17,31.560590744018555,31.71232461618271,31.375140734660288,31.42571654827869,69678600
2004-02-18,31.6533260345459,31.75448090516962,31.45944452599403,31.61960667245287,70972100
2004-02-19,31.172828674316406,31.948357732486507,31.03795447493742,31.923066609340434,100843800
2004-02-20,31.071670532226562,31.307699552185255,30.81035039180499,31.18968504220591,132347600
2004-02-23,30.726064682006836,31.21498254738459,30.439456548628428,31.189694634798474,125199800
2004-02-24,30.650203704833984,30.894664293015904,30.431031034168875,30.599624654144534,124521900
2004-02-25,30.83563804626465,30.91150175216334,30.624896954802438,30.70919210512578,74457100
2004-02-26,30.91149139404297,31.054796960357073,30.608027025174394,30.742901149889136,71327600
2004-02-27,30.82720375061035,31.13909963674387,30.574315107376314,30.98736580767274,99383900
2004-03-01,31.231830596923828,31.2486902709211,30.742912913619065,30.919934667109377,79700700
2004-03-02,30.86936378479004,31.341425134225272,30.860935553396043,31.172831565451627,91536000
2004-03-03,30.70075225830078,30.877777170576536,30.52373056167801,30.77661915908954,83938300
2004-03-04,30.987361907958984,31.046372359085662,30.675466061077096,30.717613627036297,65905600
2004-03-05,30.877769470214844,31.316111097051685,30.650168824608087,30.700744602085916,118107100
2004-03-08,30.15283966064453,31.037951716381563,30.119120309883012,30.92836543423377,112599500
2004-03-09,30.06012535095215,30.32987383608515,29.94211079066341,30.186571360207566,126140400
2004-03-10,29.663925170898438,30.3467277018253,29.613349349414584,30.13598653722929,134226100
2004-03-11,29.394168853759766,29.95052525044861,29.335161600751412,29.562762383349686,152132000
2004-03-12,29.93366241455078,30.001101105526015,29.630197952123556,29.655485853412383,118369600
2004-03-15,29.411020278930664,29.840933819583306,29.343584815401808,29.807214479992272,115813600
2004-03-16,29.46162223815918,29.71451105077935,29.191873742610234,29.59649648593365,123265100
2004-03-17,29.925235748291016,30.026390574381008,29.655487401615073,29.680775304224085,91684700
2004-03-18,29.790361404418945,29.891516229929877,29.47846548329544,29.815649306883195,111249700
2004-03-19,29.293020248413086,29.891524350796175,29.26773233907867,29.739790463480066,99976700
2004-03-22,28.922101974487305,29.124411575529905,28.686069819066766,29.1075519061675,133870400
2004-03-23,28.686086654663086,29.208727064671024,28.669226975405895,29.158148026899443,125945800
2004-03-24,29.01483154296875,29.191856501338673,28.669216286195198,28.787233996993088,118876800
2004-03-25,29.790361404418945,29.891516229929877,29.183426020045488,29.208717138163667,142122000
2004-03-26,29.689207077026367,29.992674774304604,29.672347403216023,29.756642556613766,78430800
2004-03-29,30.169694900512695,30.31299729669958,29.91680623828926,29.933662695537524,103864000
2004-03-30,30.27085304260254,30.296140946902504,29.942097424086338,30.068540161240332,95716500
2004-03-31,30.21183967590332,30.346713830970383,30.017958278972767,30.2792751456101,85993900
2004-04-01,30.481595993041992,30.55746292617453,30.161268584743013,30.186559706223427,93048600
2004-04-02,31.273975372314453,31.324554389774985,30.785057732810884,31.09695363468318,145964000
2004-04-05,31.56900978088379,31.611157347549877,31.164387352713536,31.19810347665448,67351600
2004-04-06,31.172828674316406,31.40042948870368,31.122249643678824,31.324562550574587,98611400
2004-04-07,31.139095306396484,31.282400887547624,30.90306636762181,31.18124608745178,91004900
2004-04-08,31.139095306396484,31.518429826322297,30.970505044787785,31.48471048773931,77176300
2004-04-12,31.332983016967773,31.391993479249617,31.172820949784956,31.20654029518779,55285700
2004-04-13,30.877769470214844,31.493132749528435,30.73446393083925,31.476273085151764,100624400
2004-04-14,31.02952766418457,31.14754219208451,30.650192956181392,30.692340542480697,113663200
2004-04-15,30.47316551208496,31.071669487225194,30.36357923550936,30.97894288517308,123565500
2004-04-16,30.42259979248047,30.61648131080481,30.169710995346783,30.51532643508244,110736600
2004-04-19,30.793493270874023,30.84407230034082,30.329863422219105,30.35515132912526,85838700
2004-04-20,30.07697105407715,31.012662083841768,30.04325170519368,30.860928229520255,119545100
2004-04-21,30.338300704956055,30.43945556769594,30.05169258081379,30.262433753987363,117850500
2004-04-22,31.122257232666016,31.198124189294834,30.32987152005249,30.34673120104282,137623300
2004-04-23,31.36669158935547,31.408839148806383,31.105374791368206,31.257108577913627,91855600
2004-04-26,31.139095306396484,31.434134695517947,30.894638140802623,31.34140812224129,74392200
2004-04-27,31.08010482788086,31.349853250667653,30.928370938106433,31.147543541404982,87548500
2004-04-28,30.51531410217285,30.953656007352517,30.3635802420855,30.945224561984208,111740700
2004-04-29,30.04324722290039,30.63332287770854,29.756639231459495,30.42258180210946,156917100
2004-04-30,29.309873580932617,30.17812591375551,29.26772600261527,30.0601114082053,150829200
2004-05-03,29.588045120239258,29.94209179211501,29.41102339212816,29.503749977992133,117007200
2004-05-04,29.714492797851562,30.135974965196972,29.529039615210383,29.68077345270703,126176000
2004-05-05,29.950544357299805,30.093850074351586,29.672367589320487,29.857817696087977,97528500
2004-05-06,29.722909927368164,29.874643708205337,29.377294807828505,29.69762203577948,102733300
2004-05-07,29.478458404541016,30.04324286164536,29.42787939610428,29.579613205761333,137686000
2004-05-10,29.225587844848633,29.41947257711533,29.014846646490085,29.225587844848633,156951400
2004-05-11,29.663925170898438,29.824090514010592,29.436324327256152,29.478475132699337,120493600
2004-05-12,29.722909927368164,29.748201034609387,28.888377348416267,29.604895479084263,197765400
2004-05-13,29.512191772460938,29.883098286419422,29.436324823301707,29.554342578614428,137841700
2004-05-14,29.293020248413086,29.765081588469283,29.200293626647156,29.672354966703352,133689900
2004-05-17,29.01483154296875,29.217144402968454,28.753514651050832,28.981115412680317,150652400
2004-05-18,29.276147842407227,29.41945343619423,29.166561590176386,29.217140602510636,96686400
2004-05-19,29.242420196533203,29.933650423870738,29.191844414214962,29.638614308172702,141646900
2004-05-20,29.377317428588867,29.520623094460454,29.13286011847501,29.318310159010863,94938500
2004-05-21,29.520593643188477,29.647036288000606,29.28456480035106,29.51216220414325,111329200
2004-05-24,29.722909927368164,29.89150337448197,29.503740697076996,29.756629259921436,99861800
2004-05-25,30.312986373901367,30.414144374863124,29.46159410088212,29.630187553499066,146321400
2004-05-26,30.506885528564453,30.506885528564453,30.18656131880791,30.228708902654347,93789700
2004-05-27,30.70075225830078,30.768190932625448,30.397287870798735,30.591169236002674,110183400
2004-05-28,30.810354232788086,30.810354232788086,30.523746151827773,30.66705180013524,56379500
2004-06-01,30.76818084716797,30.81032839697891,30.439425456729936,30.5742995455161,90592700
2004-06-02,30.70075225830078,30.903065065621796,30.490011224515676,30.81876993836895,103519800
2004-06-03,30.329849243164062,30.650176515393373,30.19497510996009,30.599597509572014,97301400
2004-06-04,30.506885528564453,30.869360537821954,30.490025851894973,30.633331495758288,91233200
2004-06-07,31.231830596923828,31.273978174089994,30.63332664046382,30.717621794796155,107532600
2004-06-08,31.273975372314453,31.34984229067839,31.063234289709495,31.105385078753468,72530900
2004-06-09,30.83563804626465,31.23182911156898,30.76819935348289,31.172821863211873,98215200
2004-06-10,31.0548095703125,31.0548095703125,30.81034911511119,30.92836362020035,57101300
2004-06-14,30.616458892822266,30.86091927783678,30.431005743410818,30.86091927783678,85129900
2004-06-15,31.012662887573242,31.181256420705797,30.818781449949768,30.818781449949768,91937700
2004-06-16,30.962085723876953,31.105391361131804,30.894650235963308,30.99580507566096,64743300
2004-06-17,30.675474166870117,30.903074941975614,30.557459664738527,30.894646712817934,77844200
2004-06-18,30.717620849609375,31.054807887871434,30.56588700395684,30.599606350913827,78641500
2004-06-21,30.47316551208496,30.877788053686277,30.39729858455633,30.785061451634164,65373100
2004-06-22,30.919937133789062,30.936796809131337,30.363580710111137,30.48159522185278,101524300
2004-06-23,31.290836334228516,31.349843582537165,30.776627556978394,30.827206576523178,94393900
2004-06-24,31.231830596923828,31.484719275574843,31.122244323768584,31.20654269375493,92343200
2004-06-25,31.467859268188477,31.518435068822175,31.172819829992747,31.18967950208853,81005400
2004-06-28,31.206560134887695,31.628042573421045,31.10540525002332,31.6027546561189,94033200
2004-06-29,31.501564025878906,31.687017136337467,31.257106907863754,31.27396335822136,68265900
2004-06-30,31.8134765625,31.94835073232689,31.484717758871458,31.569016124796928,97809500
2004-07-01,31.223398208618164,31.746035170299255,30.99579746345376,31.746035170299255,122141800
2004-07-02,31.03795051574707,31.231831951644505,30.877788429306797,31.223403722107292,74056400
2004-07-06,30.37200164794922,30.85249102505348,30.203411366311826,30.85249102505348,130232600
2004-07-07,30.431007385253906,30.591172646806335,30.27927356675863,30.312992907680542,95623100
2004-07-08,30.093822479248047,30.45629734124906,29.967376563423244,30.186549055432476,108755400
2004-07-09,30.13597297668457,30.380433389371166,30.034818163579388,30.21183989042684,86014700
2004-07-12,30.009523391723633,30.085390296221068,29.706058989387028,29.9842354954422,81844500
2004-07-13,29.9674015045166,30.186574178937587,29.849386933208024,30.076987841727092,81222000
2004-07-14,29.663925170898438,30.051691357652878,29.54591063322947,29.672356618249065,119489200
2004-07-15,29.562746047973633,29.916792586043698,29.554317823195642,29.77348703959914,90405700
2004-07-16,29.225587844848633,29.883102570373033,29.18344024830802,29.866242888625692,120387100
2004-07-19,29.16657066345215,29.47846984639367,29.056987592785084,29.31830453200359,106387900
2004-07-20,29.866239547729492,30.001113770965446,29.259303935340128,29.284595062959774,117453700
2004-07-21,28.99798011779785,30.051685743943786,28.94740109010727,29.984247040356344,136086800
2004-07-22,29.394168853759766,29.59648173239849,28.87153180611973,29.065413239669194,132135800
2004-07-23,28.837810516357422,29.21714512849292,28.686076671503223,29.183425781713343,107107100
2004-07-26,28.711362838745117,29.006399033058898,28.40789520136332,28.863096657436017,112962200
2004-07-27,29.107542037963867,29.259275795130744,28.69449153340562,28.82093418727666,103474700
2004-07-28,28.981124877929688,29.191866035416208,28.500635296112808,29.006412787818512,154299800
2004-07-29,29.31829261779785,29.436307086345483,29.08226368070259,29.259285383524034,98959800
2004-07-30,29.411020278930664,29.588041988303768,29.20871067269089,29.301434033086412,83007800
2004-08-02,29.47003936767578,29.520618397404252,29.048557100235378,29.175003066729303,81249000
2004-08-03,28.854684829711914,29.444760835125038,28.820965465824187,29.368893874205416,85746500
2004-08-04,28.86310386657715,29.048553856899957,28.66921921542625,28.787236938282405,86721000
2004-08-05,28.3236026763916,28.99797677183512,28.3236026763916,28.955825979129393,109722900
2004-08-06,27.581796646118164,28.163440933953524,27.53121762365916,28.155012704704045,148808600
2004-08-09,27.649227142333984,27.78410129558816,27.52278443246327,27.657658585717446,79281900
2004-08-10,27.994844436645508,28.222445190071937,27.750384010855598,27.784103355582555,105819800
2004-08-11,27.75039291381836,27.85155098045307,27.438496914164833,27.691385649442143,121217700
2004-08-12,27.371055603027344,27.699811210600522,27.286757232076496,27.556505587811106,113691800
2004-08-13,27.413198471069336,27.598651639646167,27.26989287289992,27.522784726651416,91416100
2004-08-16,27.725109100341797,27.977997872974026,27.472220327709564,27.489080007972408,77851300
2004-08-17,28.0369930267334,28.188726867854967,27.809395480704858,27.918978531561912,89573100
2004-08-18,28.53433609008789,28.584915098316255,27.8262460531565,27.868396834506704,106608500
2004-08-19,28.382614135742188,28.53434800814947,28.163444773184168,28.43319316509611,104690200
2004-08-20,28.669212341308594,28.77879859271493,28.247730221987865,28.298309233941566,91962400
2004-08-23,28.73665428161621,28.8883881190251,28.58492044420732,28.702934936491182,83390800
2004-08-24,28.728227615356445,28.922109036887708,28.500626846866545,28.87153001644976,86610500
2004-08-25,29.124420166015625,29.166567744026842,28.57649522056161,28.719797628930575,88394600
2004-08-26,28.99798011779785,29.124422863542737,28.92211318408917,29.048555929834055,57663400
2004-08-27,29.13285255432129,29.234007387954385,29.031694505034007,29.056985625182918,58597200
2004-08-30,28.643936157226562,29.02327086287655,28.61021680213441,29.006411185330474,62355700
2004-08-31,28.677658081054688,28.76195326068093,28.36576205765163,28.677658081054688,81262000
2004-09-01,28.888408660888672,29.057002290743018,28.492214113079363,28.601800454833093,96630600
2004-09-02,29.31829261779785,29.402590963655513,28.79565573609273,28.81251540526426,83054000
2004-09-03,28.778810501098633,29.225580703438563,28.702943559601785,29.03169923420322,90213700
2004-09-07,29.02327537536621,29.175009281217537,28.76195515625444,28.99798746294272,95556500
2004-09-08,28.913684844970703,29.234012290120166,28.812529994375243,28.922116291652245,101466100
2004-09-09,29.158143997192383,29.293018196955057,28.778809305467806,29.040129474356863,104397500
2004-09-10,29.604890823364258,29.663898038226623,29.056966225977703,29.174980655702438,108591600
2004-09-13,29.99267578125,30.110690286230536,29.621769376277932,29.714495977520947,109350500
2004-09-14,30.034828186035156,30.110695125093805,29.807227368859213,29.88309430791786,76466300
2004-09-15,29.714492797851562,29.883086307920475,29.604906533958705,29.857795191235205,90128700
2004-09-16,29.77349853515625,29.984239608148947,29.613336477317088,29.722919520002712,67121000
2004-09-17,29.866239547729492,29.94210649927816,29.63863869308348,29.697645964770764,83903400
2004-09-20,29.866239547729492,30.152847674062787,29.655498372944866,29.74822500435492,110678100
2004-09-21,29.984235763549805,30.22026470602869,29.857789849705735,29.958947867042255,93688400
2004-09-22,29.46162223815918,29.891532898047895,29.394183506444083,29.874673215119124,101393400
2004-09-23,29.436307907104492,29.63019250015656,29.40259178347443,29.486886916029363,92503200
2004-09-24,29.335161209106445,29.6639168188079,29.293013631185193,29.495326507122897,103247400
2004-09-27,29.082286834716797,29.28459981019462,28.981131954805715,29.183441714627882,86017600
2004-09-28,29.14129066467285,29.242445532603842,28.854682525822327,29.124430984075143,87070300
2004-09-29,29.571182250976562,29.604898371171,29.107549422208418,29.115980863996672,95096200
2004-09-30,29.621763229370117,29.731349482248913,29.411022166878126,29.52060841975692,74514600
2004-10-01,30.431007385253906,30.47315816923297,29.80721565646517,29.88308256571281,118252700
2004-10-04,30.608051300048828,30.8693683151263,30.55747225729738,30.65019889451403,108032600
2004-10-05,30.650203704833984,30.759790040166543,30.481610084858325,30.54061736950143,89754400
2004-10-06,30.894655227661133,30.928371369238338,30.439453551992482,30.608047122498082,87815500
2004-10-07,30.549036026000977,30.911507816019885,30.49002555041402,30.801924742233595,82374300
2004-10-08,29.99267578125,30.549032173054016,29.925237083744502,30.414157993697106,115073000
2004-10-11,30.13597297668457,30.22869956188663,30.009527048562944,30.11068507732166,51181600
2004-10-12,30.08539390563965,30.21183983352312,29.672343210440236,29.8662246083823,97884100
2004-10-13,30.01796531677246,30.464735457243638,29.86623145479088,30.388868526252846,132442500
2004-10-14,29.883098602294922,30.161275275049185,29.78194374089838,30.08540832508801,99383700
2004-10-15,30.034828186035156,30.228709649039565,29.739788660516147,29.916813662089396,129183400
2004-10-18,30.464733123779297,30.55745972296051,29.840941263994075,29.933664647521272,108933400
2004-10-19,30.245559692382812,30.827203896132136,30.16969277748911,30.66704183831369,129973500
2004-10-20,30.38886833190918,30.540602192920385,30.051684475170905,30.20341833618211,106524200
2004-10-21,30.852489471435547,31.012654732840634,30.43100735725936,30.549025050377494,122627600
2004-10-22,30.17811393737793,30.919923240857017,30.127538149730082,30.86091601149931,114321100
2004-10-25,30.034828186035156,30.18656206415245,29.916813662089396,30.119123355809386,102863000
2004-10-26,30.194978713989258,30.211838384608726,29.84936350542363,30.05167633720385,98164500
2004-10-27,30.962085723876953,31.096959915358614,30.102261547310963,30.211847832781803,152423400
2004-10-28,31.155961990356445,31.290836159401778,30.827206404286812,30.919932998440572,111113900
2004-10-29,31.105396270751953,31.392004374844994,30.91151157521867,31.113824502201066,100779200
2004-11-01,31.223398208618164,31.341412695224836,31.021085363254162,31.172819193363768,72356000
2004-11-02,31.324560165405273,31.653315800380458,31.206545651891545,31.26555290864841,108930700
2004-11-03,31.53529167175293,31.94834555876512,31.31612238714565,31.83032786558068,140980100
2004-11-04,31.712324142456055,31.847198336181133,31.28241365484937,31.408856402661016,112513700
2004-11-05,31.99890899658203,32.167502420367555,31.70387291669644,32.04948798841332,117017900
2004-11-08,32.03265380859375,32.11694897972292,31.906207836245333,31.99050622302916,66486000
2004-11-09,31.9652099609375,32.159094611547104,31.872486573862037,31.973641406087904,85038700
2004-11-10,31.855628967285156,32.08322976630981,31.737614452751114,31.9736434818192,95122300
2004-11-11,32.277122497558594,32.352989457089016,31.914647381541606,31.95679497780174,99338800
2004-11-12,32.5890007019043,32.673295848210145,32.17594676743674,32.31925237494113,102418100
2004-11-15,32.732295989990234,32.7575838827788,32.45411630670518,32.57213076058877,82696000
2004-11-16,32.52998733520508,32.60585423886598,32.30238662422237,32.58899456964655,97197500
2004-11-17,32.96834182739258,33.14536359912074,32.732312798421695,32.732312798421695,125242500
2004-11-18,33.12006759643555,33.17907483925268,32.782880595491726,32.85874750992141,94901100
2004-11-19,32.60586166381836,33.12007043732001,32.52999474288117,33.0779228625002,118448900
2004-11-22,32.91775131225586,32.93461098210628,32.437261976305294,32.546848222506384,79882600
2004-11-23,32.86717987060547,33.00205403161551,32.54685253233651,32.88403632703478,91925300
2004-11-24,33.15378952026367,33.204365323384444,32.93461698789431,32.95147666081917,74051700
2004-11-26,33.052635192871094,33.280235979424155,33.01891584323638,33.18750937575578,31248900
2004-11-29,33.04423141479492,33.41513488826907,32.850349834411396,33.26340091828952,94765400
2004-11-30,32.97676467895508,33.20436544076455,32.92618887565552,33.12849852016139,87663100
2004-12-01,33.65114212036133,33.68486147294392,33.10321711133919,33.10321711133919,102375000
2004-12-02,33.777587890625,34.04733627842682,33.51626773309317,33.56684676167643,122005600
2004-12-03,33.828163146972656,34.21592600924088,33.78601556901378,34.01361313312255,114227700
2004-12-06,33.94618606567383,34.08106027796562,33.64271828410358,33.81974008480127,70415100
2004-12-07,33.36453628540039,34.140062077978655,33.32238548808928,34.013616117354026,121439800
2004-12-08,33.55842208862305,33.70172452798411,33.297101903391095,33.381397077644095,10121300
2004-12-09,33.760719299316406,33.87873378585909,33.07792027984701,33.28866135314568,134346000
2004-12-10,33.65957260131836,33.77758711631952,33.499410504624535,33.58370566800984,86177300
2004-12-13,33.954612731933594,34.00519176508212,33.701723997500416,33.91246514547052,74296400
2004-12-14,34.123191833496094,34.21591841381415,33.92931044540078,33.954598343431755,91985000
2004-12-15,33.99675369262695,34.29178992811573,33.84501985276021,34.13162785965808,95179300
2004-12-16,33.676429748535156,34.097911965123444,33.56684347183904,34.005185362969364,86101300
2004-12-17,33.5904655456543,33.87981854939908,33.55642325193095,33.73514042430078,97947000
2004-12-20,33.36069107055664,33.845782482782326,33.26707636881968,33.67557422930171,106397600
2004-12-21,33.769187927246094,33.794718028250955,33.42877143040378,33.522386129358026,83184700
2004-12-22,33.811744689941406,33.98195296611099,33.60749735570018,33.65004861312937,75298000
2004-12-23,33.837276458740234,33.96493348375697,33.65005026755615,33.7096226801765,45782000
2004-12-27,33.69258499145508,34.05853148735424,33.53088898605019,34.02448919786329,67157700
2004-12-28,34.0159912109375,34.04152131305751,33.70961699968759,33.7606772039276,62563100
2004-12-29,34.058528900146484,34.17767365786273,33.95640528588273,33.973423182884055,46594800
2004-12-30,34.03300476074219,34.14363734285681,33.98194132145346,34.10108610000875,41717600
2004-12-31,33.97343826293945,34.14364652656483,33.85429345233747,34.06705297025604,44112300
2005-01-03,33.61600875854492,34.28832971286456,33.505372884003606,34.11812142429017,100970900
2005-01-04,33.00326919555664,33.82026855365704,32.80753074671139,33.760692876965564,136623200
2005-01-05,32.79898452758789,33.15641870292811,32.73941216503119,32.9181292527013,127925500
2005-01-06,32.63732147216797,32.94369581682796,32.62881251657358,32.875614432711224,102934600
2005-01-07,32.80752944946289,33.07986147591004,32.518176265556065,32.816041651419646,123104000
2005-01-10,32.79050064086914,33.07985375726008,32.671355812905766,32.71390707339939,88764200
2005-01-11,32.56071090698242,32.76496144573244,32.39901486337562,32.654325601974,106398800
2005-01-12,32.83305358886719,32.85007149509415,32.347958853622856,32.70539656699453,127754900
2005-01-13,32.3990364074707,33.06284541852404,32.34797292721493,32.83306787350892,101982400
2005-01-14,32.70541000366211,32.782003598962774,32.50115933404224,32.509671537105795,93460900
2005-01-18,32.95220184326172,33.01177426061952,32.52668272130411,32.57774293820894,91760400
2005-01-19,32.40752029418945,32.9777140497858,32.39049914897667,32.96069290457303,104981000
2005-01-20,31.7862606048584,32.177740461066065,31.760730509663915,32.04157454260953,120963900
2005-01-21,31.530977249145508,31.95649651902994,31.479917014490187,31.89692408096247,138569200
2005-01-24,31.088420867919922,31.658618085162278,31.028848460418104,31.590533478615782,137499000
2005-01-25,31.241580963134766,31.56497607159777,31.19902974407514,31.292644373876264,119171300
2005-01-26,31.616086959838867,31.735231850704242,31.335242648694944,31.45438753956032,107465800
2005-01-27,31.573514938354492,31.71819311600544,31.37777654802332,31.565005985058786,103654700
2005-01-28,31.420333862304688,31.71819922830283,31.16502301034458,31.675647960718415,111648600
2005-01-31,31.828813552856445,31.93944612431666,31.70966553932392,31.794771263275724,89139900
2005-02-01,31.930946350097656,32.041582199799095,31.80328935071505,31.905416248802076,76610300
2005-02-02,31.982006072998047,32.109659811055685,31.75222544875193,32.03306626964031,100160500
2005-02-03,31.616086959838867,31.837355579095306,31.48842986450894,31.81182545861124,90157900
2005-02-04,32.12669372558594,32.18626614297672,31.616072077535414,31.616072077535414,99302000
2005-02-07,32.0586051940918,32.26285577624949,31.930951420889492,32.16924106136275,71551400
2005-02-08,32.11817932128906,32.34795675140244,32.016052411846765,32.050094714994195,72821700
2005-02-09,31.582029342651367,32.16924455463479,31.539478080296607,32.143714446512575,93276600
2005-02-10,31.616086959838867,31.76076197118831,31.386306136117874,31.70969848376538,110373000
2005-02-11,32.08414077758789,32.21179455966947,31.42884097425254,31.513943495640262,108684100
2005-02-14,32.228816986083984,32.28838940269876,32.07562984437363,32.08414204472044,54908900
2005-02-15,32.44157028198242,32.74794450626153,32.18625951056736,32.25434411438609,131406500
2005-02-16,32.32242965698242,32.475616788957225,32.19477587797209,32.36498091665253,80273900
2005-02-17,31.88839340209961,32.45858727703895,31.854351104548915,32.381993730775974,115628300
2005-02-18,31.7862606048584,31.973489960155472,31.709667072823372,31.89689642812045,69158800
2005-02-22,31.394786834716797,31.95647170496006,31.3096843454034,31.513931618336297,121232000
2005-02-23,31.437347412109375,31.547983278222507,31.233100078542023,31.522453173139798,95010100
2005-02-24,31.837343215942383,31.862873326512535,31.284167012929792,31.360760591093786,99334600
2005-02-25,32.01606750488281,32.08415214327418,31.735226487654018,31.81182008261719,79988700
2005-02-28,31.675636291503906,31.999028403171618,31.420322287147133,31.87988359924642,95731300
2005-03-01,32.02457809448242,32.084150526846436,31.769267206286056,31.80330627731258,78460600
2005-03-02,32.007537841796875,32.35646327168804,31.79477835414489,31.837329602384855,107270600
2005-03-03,31.743709564208984,32.10965608107805,31.505420017020416,32.09263493535721,89793800
2005-03-04,31.930946350097656,32.126684701752595,31.828822698462982,31.99902770236999,86622300
2005-03-07,32.39052200317383,32.58626044155322,31.9650028119698,31.999041879961243,93563900
2005-03-08,32.067115783691406,32.518164936644666,32.041585679623175,32.34795666780012,89595200
2005-03-09,31.97348976135254,32.27986388758768,31.88838728026569,32.05859224243939,98063000
2005-03-10,31.930946350097656,32.05860010302791,31.55649079646895,32.007539900436754,97043600
2005-03-11,31.633081436157227,32.186257444084305,31.50542768187186,32.07562159320841,102857500
2005-03-14,31.777751922607422,31.794773068364126,31.513929033055913,31.692649440275503,65576200
2005-03-15,31.52243995666504,31.896895408841736,31.479888717216788,31.845831973632947,93856300
2005-03-16,31.165008544921875,31.64159096143819,31.088415000239827,31.411810327392043,159578000
2005-03-17,31.241580963134766,31.39476794890935,31.096906169042054,31.156478525015515,100429600
2005-03-18,31.071399688720703,31.309692564969325,30.935233722201225,31.275650261726273,108899400
2005-03-21,31.130970001220703,31.275644895501497,30.850125917331408,31.147987903469602,92752500
2005-03-22,30.748008728027344,31.275651462745785,30.730987575752188,31.15650664327254,114016300
2005-03-23,30.858638763427734,31.05438037497035,30.69694270003663,30.7139638508861,97444900
2005-03-24,30.867143630981445,31.190538927408262,30.867143630981445,30.969267265370828,77566800
2005-03-28,30.92672348022461,31.15650414785613,30.901193377083082,30.9862958851899,59739000
2005-03-29,30.6799259185791,31.130978364196874,30.58631119880083,30.86715535813565,119554300
2005-03-30,31.25864028930664,31.30119156035194,30.82461213031838,30.833121085945884,114711000
2005-03-31,31.12246322631836,31.275650344866577,31.011827363710704,31.258629193199802,86578900
2005-04-01,30.807586669921875,31.386292965384815,30.74801424948776,31.335229499389815,143814300
2005-04-04,31.02884864807129,31.14799346379548,30.662902001802557,30.850131424485,100090300
2005-04-05,31.11396026611328,31.207571748630563,30.994812181498517,31.05438784703258,66266600
2005-04-06,31.062877655029297,31.411803000200337,30.994793077214773,31.19904356420699,82168900
2005-04-07,31.437347412109375,31.445859611438834,31.071400755810636,31.08842190801672,88618000
2005-04-08,31.182018280029297,31.547964721070926,31.147975995641488,31.488392346617726,92332900
2005-04-11,31.045867919921875,31.301178687650246,30.97778656353883,31.275648584813176,70976000
2005-04-12,31.199054718017578,31.267139320172667,30.560776181849906,31.01182530854359,144848500
2005-04-13,30.688413619995117,31.147971405706848,30.620329061252374,31.11393237278592,108995500
2005-04-14,30.254405975341797,30.722476314617953,30.211854716580863,30.688437255480974,158057900
2005-04-15,29.5650691986084,30.10122093989575,29.51400573667253,29.99058830871446,170013300
2005-04-18,29.573585510253906,29.786345118241346,29.479970763306795,29.53954319382696,110084000
2005-04-19,29.77781867980957,29.871430125343437,29.57356814761733,29.803348778914074,96922100
2005-04-20,29.531005859375,30.03311818156589,29.437391202389282,29.9650336141396,140457400
2005-04-21,30.313966751098633,30.39056028604961,29.752281910275357,29.888447833915798,124505100
2005-04-22,29.86292839050293,30.186323791930505,29.633147703682244,30.17781159253741,114996800
2005-04-25,30.109725952148438,30.177807305356993,29.913987597801793,30.041641352487485,72170100
2005-04-26,29.828893661499023,30.382069890237794,29.82038470639776,30.033144294919797,104958800
2005-04-27,29.871444702148438,29.99910175286977,29.556561422543776,29.675706271775073,112539300
2005-04-28,29.573585510253906,29.9140021816154,29.548055396160688,29.718260485387454,98181900
2005-04-29,29.76930809020996,29.83739268676841,29.23315325489504,29.786329239349573,144435900
2005-05-02,29.888458251953125,30.007603070861627,29.69271987139589,29.871437099758648,67648800
2005-05-03,30.041624069213867,30.152259856786745,29.811843547231984,29.828864687354773,103428700
2005-05-04,30.4075927734375,30.492698536487005,29.990585897080134,30.033137155378427,90480600
2005-05-05,30.433130264282227,30.569296271751693,30.237391831448225,30.424621309138878,79341700
2005-05-06,30.51823616027832,30.654402168248822,30.399091309110847,30.611850899468113,77310200
2005-05-09,30.66289710998535,30.688430456747597,30.348013969170314,30.526731164244886,66298400
2005-05-10,30.441635131835938,30.603331212233094,30.313978110265136,30.518228695487835,77194700
2005-05-11,30.594816207885742,30.662897558525767,30.041640219093793,30.4841803608369,131952400
2005-05-12,30.509721755981445,30.807587108849265,30.348025647707015,30.66290890969553,116602200
2005-05-13,30.841629028320312,31.037367445257285,30.543763679235276,30.62886945602533,133273500
2005-05-16,31.045867919921875,31.09693137204857,30.74800589864753,30.841620604320195,79093200
2005-05-17,31.233095169067383,31.267137468128503,30.81608512169946,30.93522992196106,91665900
2005-05-18,31.658611297607422,31.794777235053928,31.241601288048223,31.318194830765137,128105900
2005-05-19,31.922435760498047,31.930947958993713,31.658616043277764,31.735209597476157,92619700
2005-05-20,32.05009460449219,32.075624708538385,31.786271625688265,31.871377383263418,66530100
2005-05-23,32.21179962158203,32.33094771528266,31.9990400382256,32.05010350695444,93068200
2005-05-24,32.31392288208008,32.33945299031266,32.08414216862715,32.13520238509231,100830000
2005-05-25,32.17774200439453,32.23731439367329,31.990512640117448,32.20327210081351,76470600
2005-05-26,32.50114440917969,32.5692290166059,32.32242718436502,32.32242718436502,84066800
2005-05-27,32.518150329589844,32.5521926173576,32.356454332369864,32.45857794922189,50076900
2005-05-31,32.40752029418945,32.54368620944019,32.27135113248722,32.50113172318249,75281500
2005-06-01,32.671348571777344,32.918150372974644,32.3564654181701,32.364974369801715,110875700
2005-06-02,32.901123046875,32.901123046875,32.59474890241365,32.62028224541993,75926500
2005-06-03,32.4245491027832,32.88411043880156,32.35646774547637,32.875601486557926,96998400
2005-06-06,32.43306350708008,32.50114486901676,32.30540648957617,32.44157245990236,52681400
2005-06-07,32.16072463989258,32.73943070075471,32.118173392039914,32.46709881875513,108953400
2005-06-08,32.09263610839844,32.29688661806263,31.964982380503567,32.237314229088014,79211900
2005-06-09,32.2968864440918,32.39050112524813,31.91391876956666,32.050084693125406,99383300
2005-06-10,31.95646858215332,32.25433375854636,31.811793715167898,32.25433375854636,85971700
2005-06-13,32.10966873168945,32.296898161932006,31.879888043606197,31.896909196033054,82331300
2005-06-14,31.982006072998047,32.20327450016914,31.913921482205726,32.07561751565952,62593600
2005-06-15,32.08414077758789,32.22881571323764,31.70117293843696,32.1947766525544,103952000
2005-06-16,32.25434494018555,32.33944745068523,32.05009436995257,32.118178975514454,90450100
2005-06-17,32.25858688354492,32.5482072894605,32.156368872472356,32.463026155142025,83915700
2005-06-20,32.25858688354492,32.437472464736885,32.01156029424056,32.13081518206722,67580000
2005-06-21,32.24155807495117,32.377849873637714,32.11378634149974,32.233041259168864,97845600
2005-06-22,32.207496643066406,32.45452336383457,32.05416792013239,32.36934218418399,75221100
2005-06-23,31.8497371673584,32.52267971703077,31.79862974550529,32.25861278945621,122163300
2005-06-24,31.491968154907227,31.866769947793365,31.483448086060854,31.84121624016259,142144100
2005-06-27,31.347152709960938,31.56862898274098,31.261971527786343,31.47492773267664,72780800
2005-06-28,31.645292282104492,31.738990279563534,31.43233608437688,31.474926674031664,73330300
2005-06-29,31.577131271362305,31.73897674280443,31.491950128382726,31.730459928287395,71513600
2005-06-30,31.330116271972656,31.69640120958185,31.304562566845366,31.636773731315596,87803700
2005-07-01,31.287521362304688,31.517514425070694,31.244930776485816,31.398259484996487,55254800
2005-07-05,31.611215591430664,31.679359878694726,31.17678316849035,31.17678316849035,79288700
2005-07-06,31.4578800201416,31.756017304602736,31.398252563249375,31.543061173001156,79101000
2005-07-07,31.56864356994629,31.594197286515737,31.13421089153376,31.15976785755852,119466300
2005-07-08,32.17341613769531,32.207489902205566,31.508993977010526,31.58565832243208,101320700
2005-07-11,32.471561431884766,32.505635204767046,32.19897774773419,32.258605225551264,96283700
2005-07-12,32.62488555908203,32.76117738193511,32.37785561470664,32.47155685219064,86059300
2005-07-13,32.7015380859375,32.73561184169126,32.514135678744026,32.64191063809452,72135400
2005-07-14,33.025245666503906,33.1189469081194,32.81228948081543,32.9400612425564,99135200
2005-07-15,33.12747573852539,33.221177014118986,32.92303954582544,33.07636831507775,67239200
2005-07-18,32.99117660522461,33.12746845353784,32.95710283078281,33.042287266887314,58644000
2005-07-19,33.374481201171875,33.39151807959069,33.08486076695659,33.144488216696296,77860900
2005-07-20,33.61301803588867,33.70671931783221,33.135998054292365,33.170068589081446,91433100
2005-07-21,33.62152099609375,33.80892021515515,33.40004476067583,33.69818534689945,127286000
2005-07-22,33.57893753051758,33.7237494598417,33.408575142306994,33.63004819665331,71666600
2005-07-25,33.451168060302734,33.75782557948544,33.39154057040104,33.613013640113834,51872700
2005-07-26,33.57893753051758,33.672638793705964,33.38301818451199,33.55338382217685,67324900
2005-07-27,33.83446502685547,33.86853553208258,33.4170696556654,33.60447205694896,78351100
2005-07-28,33.9963264465332,34.00484326447506,33.76633336865945,33.86003461328805,66163700
2005-07-29,33.7152214050293,34.004838668257605,33.664110755925556,33.962248085397746,74725700
2005-08-01,33.77485275268555,33.92818146816573,33.66411462496018,33.76633268546245,59748300
2005-08-02,34.14113235473633,34.1922397523244,33.774847507907594,33.81743808904867,79284100
2005-08-03,34.12409591674805,34.18372338101262,33.97076722308111,33.99632092220791,61916400
2005-08-04,33.791900634765625,34.02189380495018,33.706719423343905,33.970786377879115,72035500
2005-08-05,33.63004684448242,33.89411373471826,33.58745624914223,33.74078499193024,66029500
2005-08-08,33.38300323486328,33.74077123868846,33.340412656883636,33.66410689854398,63415400
2005-08-09,33.60447692871094,33.72373183792489,33.48522201949699,33.53632940947293,62143600
2005-08-10,33.31487274169922,33.80892949965977,33.19561777424165,33.6896745322022,102317500
2005-08-11,33.58744430541992,33.681145531520606,33.30634062711787,33.331897574797225,92446700
2005-08-12,33.40003967285156,33.49374089283539,33.19560360148026,33.32337533372413,86367300
2005-08-15,33.60447692871094,33.75780559754389,33.28930277586657,33.340410165842506,63061100
2005-08-16,33.05929946899414,33.50224845762917,32.999672032971304,33.47669152115399,94596000
2005-08-17,33.25523376464844,33.365968625042804,33.042277610801236,33.153012471195595,74470500
2005-08-18,33.08486557006836,33.306338522760825,33.0252381116722,33.1104192666802,72559400
2005-08-19,33.06782913208008,33.22115781271035,33.04227543512597,33.12745659127487,52024300
2005-08-22,33.08486557006836,33.374486046329444,32.880426248815276,33.11893933185267,88056300
2005-08-23,32.99117660522461,33.1530221596422,32.88895853135318,33.08487786021257,57482900
2005-08-24,32.795249938964844,33.37449097706386,32.761176172146484,32.92302493980704,95025700
2005-08-25,32.871917724609375,32.95709890110322,32.78673654811553,32.854880839419884,52328800
2005-08-26,32.76117706298828,32.880432000642045,32.59933154038007,32.82080453181516,63840700
2005-08-29,33.0167121887207,33.09337651440733,32.5907999903399,32.5907999903399,74940400
2005-08-30,32.8974723815918,32.9315461529588,32.641925595246605,32.84636497399497,87373600
2005-08-31,33.20412063598633,33.22967433271294,32.778208360127934,32.91450015842451,93426300
2005-09-01,33.15300750732422,33.3489299990476,33.033752598937845,33.22115502608931,74884400
2005-09-02,33.025245666503906,33.24671866986038,32.99969196404641,33.221164967402885,53244900
2005-09-06,33.510780334472656,33.57040779730021,33.13597867534901,33.178569256018264,78106600
2005-09-07,33.57041931152344,33.63004679480245,33.400053680960184,33.47671805224094,57440100
2005-09-08,33.561912536621094,33.706721253792864,33.45117435619526,33.468211249295784,73529700
2005-09-09,33.749290466308594,33.80891792963178,33.48522691429251,33.57040807633905,75342100
2005-09-12,33.842994689941406,33.95373280996664,33.71522293556152,33.757813520354816,51689900
2005-09-13,33.7578125,33.99632236719598,33.681148149907976,33.80040308350596,66145800
2005-09-14,33.374481201171875,33.8003934132854,33.3489275082698,33.774839720383326,98644000
2005-09-15,33.357460021972656,33.510788750451724,33.26375877129614,33.44264120470377,80421500
2005-09-16,33.561912536621094,33.613019966467554,33.3148824608462,33.43413746309474,71034100
2005-09-19,33.29782485961914,33.54485478176458,33.14449616652564,33.49374413424905,73387500
2005-09-20,33.16154098510742,33.6811546527812,33.059322915067064,33.35746030662389,115202800
2005-09-21,32.795249938964844,33.11042415840149,32.7696962385777,33.067833574605174,116404300
2005-09-22,32.91450119018555,32.991165532221345,32.573773308489805,32.74413562461123,118686100
2005-09-23,33.00821304321289,33.118951183914646,32.71859246330719,32.79525683003087,70154000
2005-09-26,33.0167121887207,33.2467051657806,32.83782984526929,33.19559778162431,69327600
2005-09-27,32.940059661865234,33.13598220281602,32.80376783954297,33.04228096569695,64089500
2005-09-28,32.94857406616211,33.17856708607771,32.84635602935055,33.01671834088555,72044500
2005-09-29,33.391536712646484,33.40005353188228,32.75266803797641,32.90599677985356,117634600
2005-09-30,33.61301803588867,33.63005492801067,33.33191743951298,33.36598797430206,79248500
2005-10-03,33.69817352294922,33.86001898477178,33.65557970453875,33.681136645475455,81685600
2005-10-04,33.47670364379883,33.970763434842496,33.46818682819068,33.74928723559784,85348600
2005-10-05,33.0167121887207,33.510771898579485,32.991158496642555,33.485218206501344,106152200
2005-10-06,32.5822868347168,33.10190029499985,32.30118319248397,32.99116220113972,162213700
2005-10-07,32.658966064453125,32.85488539713025,32.52267421348407,32.71007672711178,91119900
2005-10-10,32.480079650878906,32.76118013752127,32.42045217645617,32.59933459972437,64012000
2005-10-11,32.3182258605957,32.57377585365109,32.19897093021153,32.57377585365109,114736900
2005-10-12,31.934904098510742,32.420443836452314,31.883793455244806,32.130823356850954,146109500
2005-10-13,32.181941986083984,32.29268012709489,31.79862340084939,31.917878360651613,138569600
2005-10-14,32.42044448852539,32.42896130451461,32.06267647737365,32.26711580509649,131463200
2005-10-17,32.522674560546875,32.53119137968718,32.216017080230536,32.4289733027331,64080400
2005-10-18,32.29267120361328,32.52266424087209,32.29267120361328,32.488590476214554,88070400
2005-10-19,32.940059661865234,32.940059661865234,32.03712755752524,32.1308287946443,132879900
2005-10-20,32.63340377807617,33.09338662325206,32.45451813052941,32.97413169118967,132576900
2005-10-21,32.83785629272461,33.008221959179075,32.650456984134024,32.94007439281536,110032000
2005-10-24,33.357460021972656,33.37449690840965,32.7697020624388,32.991175087211985,110820900
2005-10-25,33.22968673706055,33.383015473562054,33.02525058802787,33.297834286374105,86665800
2005-10-26,33.05929946899414,33.45113783413036,33.016705658019355,33.20410802806344,89878100
2005-10-27,32.39491271972656,33.05081854207918,32.39491271972656,33.0337816474064,132231100
2005-10-28,32.64190673828125,32.70153417900038,32.301175720356085,32.50561498100155,95243900
2005-10-31,33.11039733886719,33.26372591589986,32.727075896285506,32.7526328254247,115279100
2005-11-01,33.08486557006836,33.22967418347252,32.97412746899574,33.0337549273919,73502300
2005-11-02,33.5192985534668,33.612999784531965,32.97413129940017,32.991168182271394,101409900
2005-11-03,34.02189254760742,34.14966760947276,33.800419456422944,33.851530131060045,137054000
2005-11-04,34.14113235473633,34.26890409815955,33.9366930160249,34.07298482534817,100944500
2005-11-07,34.183719635009766,34.320011431172354,34.03039095814527,34.25186390836469,65324500
2005-11-08,34.1922492980957,34.37113173850034,34.06447751900123,34.141141886239495,78859700
2005-11-09,34.20928192138672,34.35409381898932,34.09854379374397,34.175208151426865,72458800
2005-11-10,34.58409118652344,34.660755560929374,34.00484996866839,34.22632627226522,120763100
2005-11-11,34.677799224853516,34.856681716932066,34.6522455115437,34.72890990092806,80057200
2005-11-14,34.677799224853516,34.80557429031242,34.584097943444306,34.72890990092806,53652400
2005-11-15,34.51594924926758,34.83964365779565,34.39669426966631,34.69483171866948,79543500
2005-11-16,34.728885650634766,34.73740246597267,34.46481888282306,34.6096307391884,65895700
2005-11-17,35.18886947631836,35.19738629112635,34.79702775664986,34.84813839385508,94425500
2005-11-18,35.308128356933594,35.47849391735271,35.15479967750167,35.36775581566236,108820200
2005-11-21,35.393310546875,35.41886749382915,35.129247007487606,35.26553880991581,69731400
2005-11-22,35.5211067199707,35.66591542478667,35.231486060883945,35.32518734021419,88814000
2005-11-23,35.606258392333984,35.79366079553879,35.52959406824584,35.546630945760114,64101200
2005-11-25,35.68294143676758,35.725532028171486,35.54664959460277,35.64035084536367,22930200
2005-11-28,35.38481140136719,35.776650122843535,35.350737621381114,35.776650122843535,74716200
2005-11-29,35.21443557739258,35.64886477361708,35.21443557739258,35.58072048278641,77443000
2005-11-30,35.129241943359375,35.34219805704512,35.08664812106029,35.163312451965254,88044400
2005-12-01,35.78514099121094,35.81921474648623,35.35071198453345,35.3592287986262,91914100
2005-12-02,35.87034606933594,35.88738295680042,35.66590666921611,35.725534150614806,72929200
2005-12-05,35.606258392333984,35.82773455056733,35.4614498076409,35.82773455056733,61519900
2005-12-06,35.72553253173828,36.04071006136821,35.69146200780721,35.802196897127466,81509400
2005-12-07,35.657379150390625,35.80218777620455,35.46145987752016,35.77663407740281,83885500
2005-12-08,35.40183639526367,35.77663810080218,35.154806447555984,35.74256433226593,112043200
2005-12-09,35.538124084472656,35.5807146654601,35.24850358452377,35.401832275641006,56526900
2005-12-12,35.6659049987793,35.72553247738529,35.50405944962785,35.6659049987793,44863600
2005-12-13,35.81071090698242,35.95551954518986,35.572197783091745,35.623308434522606,76611600
2005-12-14,35.691463470458984,35.86182584545748,35.529614664974794,35.73405406420861,73581600
2005-12-15,35.75108337402344,35.83626454346822,35.44442596489691,35.7766370749662,72607200
2005-12-16,35.50431823730469,35.811712182337516,35.47869963224929,35.74340350253881,63743000
2005-12-19,34.940731048583984,35.6152963162463,34.92365633307757,35.58114037065296,75341700
2005-12-20,34.966365814208984,35.13714236389811,34.79558926451986,34.966365814208984,70257700
2005-12-21,35.12007141113281,35.35915667416626,34.96637281138491,35.02614412714327,68935000
2005-12-22,35.35062026977539,35.40185096621958,35.09445375838445,35.102994379320144,59149500
2005-12-23,35.35062026977539,35.51285623733615,35.265230346880905,35.44454429902057,38000400
2005-12-27,35.043212890625,35.58969520936284,34.98344159059377,35.453074629678376,55656300
2005-12-28,35.000511169433594,35.205440361127636,34.8980433162958,35.06028245511859,50302400
2005-12-29,34.76997756958008,35.11152744749604,34.71020625951248,35.03467815493883,47301700
2005-12-30,34.50527572631836,34.65043695724531,34.462582396266534,34.61628099028693,60026500
2006-01-03,35.27376937866211,35.42746797565524,34.29180648201623,34.710208942118065,109350400
2006-01-04,35.640933990478516,35.640933990478516,35.28230288427524,35.35915217436937,92769400
2006-01-05,35.79463577270508,35.86294771280133,35.61532181589129,35.64947778593942,77656900
2006-01-06,36.443580627441406,36.46065860986606,35.91417620144542,36.0849495111078,110053900
2006-01-09,36.58873748779297,36.64850879582921,36.306958929520995,36.44357952750268,80768800
2006-01-10,36.614349365234375,36.648502065488806,36.332567601418425,36.42649485602374,84369400
2006-01-11,36.896148681640625,36.98153862366616,36.605829393340265,36.716834689326845,100761400
2006-01-12,36.71683120727539,36.96445712972592,36.58874793503052,36.85345184426656,82429200
2006-01-13,36.69974136352539,36.75951266931729,36.4862714836138,36.665585400989485,64572100
2006-01-17,36.46065902709961,36.53750832024394,36.289882458190874,36.417965699195456,77962100
2006-01-18,36.04225540161133,36.255725291349314,35.880019458035584,35.88855682041662,121021900
2006-01-19,36.30693054199219,36.56309355575855,36.11053878952833,36.221540699210436,111094000
2006-01-20,35.222530364990234,36.28134240795837,35.137143715507015,36.2557238072799,188569400
2006-01-23,35.231056213378906,35.3932953545853,35.07736094599568,35.31644609224828,111381900
2006-01-24,35.3847770690918,35.60678763697037,35.273775042445386,35.31646838017807,77956900
2006-01-25,35.231056213378906,35.58114657351628,35.07736094599568,35.555531238500876,99826400
2006-01-26,35.47869110107422,35.598233704946175,35.20544993299786,35.43599777930447,112600600
2006-01-27,35.956878662109375,36.195963962199386,35.640944050234296,35.69217475322906,110830400
2006-01-30,36.02519607543945,36.1362013876298,35.92273138734498,36.016658708637294,53942600
2006-01-31,35.86293029785156,36.0934780977841,35.70069440484319,36.008088214128904,100988100
2006-02-01,35.99102783203125,36.00810255827315,35.606781345742384,35.6409373128108,89168700
2006-02-02,35.376243591308594,35.93126681469346,35.35916560288056,35.87149222654871,94047400
2006-02-03,34.940731048583984,35.205434740996985,34.82118849629755,35.11150751926043,121094200
2006-02-06,34.84681701660156,35.017590278663626,34.65896251958387,34.769967745757164,58162800
2006-02-07,34.69313430786133,34.94929757515116,34.530895074653394,34.787061599235884,87327000
2006-02-08,35.09442901611328,35.13712557610485,34.74433872229778,34.940730520556215,89907800
2006-02-09,34.761417388916016,35.32497746478111,34.69310875468796,35.188356939034726,78213400
2006-02-10,34.97491455078125,35.06030448204301,34.37719806112025,34.73582925783398,102575900
2006-02-13,34.573585510253906,34.787055404530555,34.411346305936725,34.752899439696186,70643100
2006-02-14,34.923675537109375,35.02614017294299,34.50527311674307,34.6418937169519,94340300
2006-02-15,35.14568328857422,35.23106994342917,34.77851480957219,34.82974875686041,92254300
2006-02-16,35.47016143798828,35.4786988012785,35.13714889569977,35.27376950938973,103859600
2006-02-17,35.188377380371094,35.40184727943759,35.17984001761699,35.40184727943759,81770200
2006-02-21,34.79559326171875,35.23961103900101,34.676050640391246,35.18837709102117,85101400
2006-02-22,35.231056213378906,35.470144616922326,34.735807945099836,34.821194566678386,91983900
2006-02-23,35.13715362548828,35.470166212603395,35.07738230253392,35.17130634053877,66517100
2006-02-24,35.231056213378906,35.25667480568513,35.01758640214171,35.17128492681576,57085400
2006-02-27,35.62385177612305,35.75193173953496,35.290839311043825,35.316454652267886,64945000
2006-02-28,35.09442901611328,35.62383639293883,34.983427080547784,35.52990917262171,117564600
2006-03-01,35.57262420654297,35.66655148424001,35.13714704129292,35.20545571588664,80962300
2006-03-02,35.59822463989258,35.726307829877214,35.35913949303148,35.47868206646203,69856500
2006-03-03,35.393306732177734,35.87147717839641,35.34207278838636,35.393306732177734,112066100
2006-03-06,35.08591842651367,35.547014264967736,34.97491314896895,35.470164958558726,99581000
2006-03-07,34.880977630615234,35.068832170265104,34.71020432979745,35.02613884506066,96441100
2006-03-08,34.898048400878906,35.085902901710824,34.58211395089989,34.80412115046295,103961900
2006-03-09,34.59920120239258,35.13714625340911,34.556507874567295,35.00906301264113,108556700
2006-03-10,34.63335037231445,34.829742247611286,34.31741264235342,34.56503845536348,124474900
2006-03-13,34.73583221435547,34.95783953994643,34.68459825123767,34.78706617747328,69169100
2006-03-14,35.32499313354492,35.3676864560358,34.70166150476128,34.70166150476128,118201000
2006-03-15,35.62385177612305,35.62385177612305,35.2822986924414,35.46161259559304,84375800
2006-03-16,35.32499313354492,35.794626195528025,35.29084042992724,35.734854892582455,101371200
2006-03-17,35.41813278198242,35.537759244725414,35.23014647791392,35.32413962994817,78219600
2006-03-20,35.50358581542969,35.61466894810541,35.37541597887515,35.52067577888574,60240100
2006-03-21,35.12760543823242,35.89663399635266,35.10197213083461,35.12760543823242,136566000
2006-03-22,35.21306610107422,35.27287934872433,34.91399986282369,34.93108982780622,112282800
2006-03-23,35.110530853271484,35.22161399992683,34.87982120694622,35.110530853271484,75158200
2006-03-24,35.28996658325195,35.460862960277176,35.050713611163005,35.23015334022972,81795500
2006-03-27,35.29851531982422,35.46940844755985,35.23870207320125,35.2728787430019,54400400
2006-03-28,35.153263092041016,35.60613588745898,35.025093206707986,35.36688282717454,100522800
2006-03-29,35.81974792480469,35.97355436181357,35.17888885712693,35.20452543634693,130669100
2006-03-30,35.93083190917969,36.144451603359805,35.708668861446625,35.89665197581218,115915600
2006-03-31,35.82829284667969,36.050455878774564,35.751389631805,35.999189241909846,71074600
2006-04-03,35.87100601196289,36.20425209589069,35.802649428899684,36.01626904778435,80730700
2006-04-04,36.067535400390625,36.15298520305132,35.828282472094045,35.930818975710196,89952600
2006-04-05,36.409324645996094,36.46059126316381,36.067531986854924,36.14443517218287,91628200
2006-04-06,36.511863708496094,36.69130340035932,36.264064176165014,36.392237247253945,91712800
2006-04-07,36.161537170410156,36.7853062103752,36.144447205805676,36.64004640060329,116604300
2006-04-10,36.11026382446289,36.31534012053397,35.96500402857778,36.22989356525768,58981900
2006-04-11,35.81974792480469,36.255533916189115,35.64030816815358,36.2213539836143,91481900
2006-04-12,35.82829284667969,35.95646595799671,35.71720970084344,35.836836199631264,58751200
2006-04-13,35.97356414794922,36.17009718392974,35.708677747379994,35.802670957741455,63476900
2006-04-17,35.597572326660156,36.06753482528189,35.36686275252004,35.92227505243994,104072100
2006-04-18,36.28114700317383,36.36659678695867,35.69155816315024,35.69155816315024,124291700
2006-04-19,36.443519592285156,36.443519592285156,36.14445007731323,36.349526409281914,79050300
2006-04-20,36.315345764160156,36.58877869502997,36.21280922997839,36.4349722639685,81408000
2006-04-21,35.88809585571289,36.50332139916108,35.73428946985084,36.45205151734817,130181200
2006-04-24,35.85392379760742,35.947916971756335,35.6488507445347,35.84538044521998,78556400
2006-04-25,35.77702331542969,35.97355303109827,35.58904021237754,35.947919712404264,77660800
2006-04-26,35.76846694946289,35.93936328426366,35.63175053353756,35.76846694946289,82537000
2006-04-27,36.11026382446289,36.306796768837195,35.460861529462576,35.60612132534769,173950100
2006-04-28,35.75993347167969,36.07609294801262,35.70012022147133,35.888106584741976,88876600
2006-05-01,35.409603118896484,35.93083574994469,35.298523212945184,35.819752584415184,92875500
2006-05-02,35.50358581542969,35.65739222695693,35.37541597887515,35.56339905773726,85148100
2006-05-03,35.452308654785156,35.5804784532714,35.27286572158239,35.52066522872923,74971600
2006-05-04,35.74283981323242,35.87955625277001,35.486493636969534,35.486493636969534,88696800
2006-05-05,36.02479934692383,36.06752260330723,35.836813107346195,35.97352948351842,80392200
2006-05-08,36.059024810791016,36.12738145544728,35.94794159619749,35.9564882140168,45079100
2006-05-09,35.922298431396484,36.041924971492655,35.862485161348395,35.97356508596413,48528800
2006-05-10,35.60612106323242,35.87101059796233,35.50358454574028,35.8282873206387,92424200
2006-05-11,34.81145095825195,35.58902616088007,34.71745781404805,35.57193620197241,140989700
2006-05-12,34.34149932861328,34.70892544695318,34.33295597544204,34.65765880877031,153920800
2006-05-15,34.31587219238281,34.46967865379892,33.999715914840046,34.19624566896546,127896500
2006-05-16,34.05952072143555,34.40131023784062,33.98261750981835,34.32440702622341,132397500
2006-05-17,33.59809494018555,34.0167908466391,33.52119174347273,33.905707727036834,207897100
2006-05-18,33.36737823486328,33.88861053926192,33.324654970150114,33.74335078732192,139690900
2006-05-19,33.623714447021484,33.72625417358808,33.11102885249055,33.49554467817651,194306300
2006-05-22,33.29902648925781,33.52973606363699,32.999957073769274,33.33320315023587,169591800
2006-05-23,32.974342346191406,33.64938148947724,32.957252376282824,33.54684167002576,142243900
2006-05-24,33.19648361206055,33.35883658966994,32.6667079314896,32.92305079243836,234981600
2006-05-25,33.63228988647461,33.64937985555335,33.17087050008362,33.41867016235785,123510900
2006-05-26,33.74335861206055,33.820261810207775,33.52119236871216,33.70917868853358,91319600
2006-05-30,33.01705551147461,33.60664788390789,32.991422194265326,33.58101130712114,105606200
2006-05-31,33.170867919921875,33.37594427333676,32.93161489058622,33.07687472708914,137066200
2006-06-01,33.95697784423828,33.95697784423828,33.18794587183627,33.26484906907647,119357400
2006-06-02,33.87152862548828,34.179141419798775,33.589552403754944,34.14496149608051,128864100
2006-06-05,33.136695861816406,33.80319172417343,33.136695861816406,33.80319172417343,103190600
2006-06-06,33.11103057861328,33.28192687222449,32.76923799139087,33.19647709563104,127271000
2006-06-07,32.86323928833008,33.469918184922676,32.854695938334004,33.153762081844015,130754700
2006-06-08,32.81197738647461,32.948693823102545,32.03440204198254,32.70089426309661,280562200
2006-06-09,32.598358154296875,33.102500631777595,32.56417822982228,32.94869423121894,144146200
2006-06-12,31.957500457763672,32.69234930454194,31.948953846530447,32.64108267545109,145607500
2006-06-13,31.82931900024414,32.29928144766135,31.75241581724305,32.03439524143914,207099500
2006-06-14,32.154022216796875,32.22237879192958,31.786596254176672,31.9233126640184,201876800
2006-06-15,33.025596618652344,33.14522309179209,32.299287909540126,32.342011184293334,200700400
2006-06-16,32.78276824951172,33.07348672010971,32.663061219578175,32.96232879441203,120006100
2006-06-19,32.517677307128906,32.95375633484944,32.41507182015862,32.9195534186028,129450100
2006-06-20,32.560447692871094,32.90246722874141,32.44073743045679,32.56899679501512,102871700
2006-06-21,33.073482513427734,33.33855037583173,32.60320355774514,32.611752660893615,129548100
2006-06-22,32.654502868652344,33.073480658401415,32.4834947211022,32.99652568729531,143100500
2006-06-23,32.62030029296875,32.9452183538131,32.4321874332802,32.628849394876845,88050200
2006-06-26,32.70579528808594,32.82550225222447,32.55188540225922,32.637389444709555,65157700
2006-06-27,32.090187072753906,32.77423312723564,32.05598737944848,32.722928694617515,128227500
2006-06-28,32.32958221435547,32.355232782099,31.961908855099825,32.16711992059023,91576300
2006-06-29,33.31288146972656,33.31288146972656,32.40652690459757,32.47492948414974,181997200
2006-06-30,33.15043640136719,33.46680539582675,33.0734814284693,33.44970392831929,82719200
2006-07-03,33.34709167480469,33.34709167480469,33.184632658831575,33.25303525332576,21598500
2006-07-05,32.62030029296875,33.073477714831846,32.56899589620704,33.039274783657376,93724000
2006-07-06,32.58609390258789,32.90246282793971,32.50058658372882,32.7229023509917,70615200
2006-07-07,32.22698211669922,32.637407620209636,32.12437655626461,32.406545924674745,108063300
2006-07-10,31.94481086730957,32.43219127812623,31.782348555856395,32.31248426659532,105109800
2006-07-11,32.18422317504883,32.26973050856465,31.70539515444529,31.87640329793441,136114200
2006-07-12,31.577136993408203,32.18422440663103,31.500182021184788,32.1158217989721,154458900
2006-07-13,31.047008514404297,31.671197474639204,31.047008514404297,31.329174607383898,177745500
2006-07-14,30.73061180114746,31.10683730852308,30.60235577417149,31.03843148472053,172448500
2006-07-17,30.807586669921875,30.99569954541258,30.67077819550263,30.73918406359791,134311000
2006-07-18,30.910194396972656,31.064104333062556,30.388611087087018,30.970047898588597,206964900
2006-07-19,31.312074661254883,31.491638469274637,30.858897112599404,30.88454768727139,192517600
2006-07-20,30.850317001342773,31.465953007112233,30.816114094975394,31.423201005037345,152292100
2006-07-21,30.525413513183594,30.747726009203866,30.45700766101086,30.67932341880169,119343000
2006-07-24,31.132505416870117,31.1496068824641,30.610922132452338,30.6451250636403,130269300
2006-07-25,31.312074661254883,31.41468348348673,30.987156509503237,31.200919996494985,108869600
2006-07-26,31.286422729492188,31.525836780771012,30.978602799692663,31.218016850971487,107170500
2006-07-27,31.081195831298828,31.67118487959797,30.995691779374273,31.4146694620538,99698700
2006-07-28,31.73103904724121,31.756689611013314,31.209455838737913,31.23510640251002,93556100
2006-07-31,31.72247314453125,31.910585896621715,31.542912751228087,31.705374950495006,78015300
2006-08-01,31.192363739013672,31.46598070728621,31.004250850161966,31.44033013581427,98552800
2006-08-02,31.542953491210938,31.74816796415601,31.303539324252846,31.303539324252846,87370600
2006-08-03,31.73958396911621,31.927696776733157,31.192350268888884,31.226553190595627,99205600
2006-08-04,31.594234466552734,32.17567123611836,31.312065183482222,32.02176131112917,123493800
2006-08-07,31.389013290405273,31.585675204545634,31.235103399031036,31.560024643240013,69634800
2006-08-08,31.192363739013672,31.5514880484786,31.004250850161966,31.474533072291226,124139900
2006-08-09,31.235111236572266,31.902055353800918,31.14960716958527,31.628438425317242,145342200
2006-08-10,31.457427978515625,31.534382945833773,31.047002573409237,31.14960810924304,102481300
2006-08-11,31.235111236572266,31.371919700814104,31.098302772330428,31.33772003108195,86903200
2006-08-14,31.440326690673828,31.867853564473954,31.380473189283506,31.50018019206415,109281100
2006-08-15,32.235557556152344,32.278309631786605,31.71397375280118,31.80803027626113,133712100
2006-08-16,32.99654006958008,33.013641544143425,32.355249451432066,32.47495651160272,135452100
2006-08-17,33.11622619628906,33.3299896005474,32.868259864524425,32.885361328277575,129492200
2006-08-18,33.16753005981445,33.20173298677655,32.73145089547439,33.03072161373673,97754500
2006-08-21,32.851158142089844,32.97086838741926,32.71434969491261,32.919563996563795,66668400
2006-08-22,32.85971450805664,33.18463583285146,32.66305254514087,32.79986100898537,102058600
2006-08-23,32.611751556396484,33.06492902866236,32.42363867578586,32.885368512682085,96056300
2006-08-24,32.70579528808594,32.791299330536276,32.42362607681357,32.70579528808594,78985300
2006-08-25,32.765655517578125,33.03927242388924,32.5433430043644,32.63739616572006,73572900
2006-08-28,33.013633728027344,33.16754370088586,32.69726467793906,32.740016723339316,80035000
2006-08-29,33.11622619628906,33.141876761033444,32.645947359274864,32.98797011079648,104842000
2006-08-30,33.270137786865234,33.37274331279017,33.00506997797406,33.10767876566985,75687200
2006-08-31,33.23594284057617,33.372751328593075,33.14188639348237,33.31289781894641,61207200
2006-09-01,33.415496826171875,33.52665144760148,33.261586914593224,33.415496826171875,69388500
2006-09-05,33.74041748046875,33.75751894550685,33.21883421300483,33.43259763332473,85582800
2006-09-06,33.06492233276367,33.509550612130006,33.01362120245612,33.43259565489793,97888600
2006-09-07,32.91102981567383,33.261601824356035,32.79987188264616,32.96233096801572,115877400
2006-09-08,33.10767364501953,33.193177693103884,32.88535790116765,32.95376374905142,96627000
2006-09-11,33.31288146972656,33.47534371198179,32.765647786229046,32.842602726831515,142377500
2006-09-12,33.92853927612305,34.03114483162285,33.30435031569387,33.30435031569387,124102400
2006-09-13,34.15937805175781,34.18502860553812,33.8857612722035,33.95416383620743,116054300
2006-09-14,34.193603515625,34.39026550176938,33.99693826770917,34.07389324157188,98116000
2006-09-15,34.31595993041992,34.615399806532714,34.2218493225988,34.47851253978831,137825600
2006-09-18,34.32448959350586,34.56404458801181,34.17049111976902,34.32448959350586,117806700
2006-09-19,34.0934944152832,34.43571399648378,33.81116603489336,34.41004867017046,159060800
2006-09-20,34.58970642089844,34.68381695242107,34.38437405542658,34.3929313384635,116635500
2006-09-21,34.375823974609375,34.795039509326685,34.29027071632149,34.675263642264596,121886900
2006-09-22,34.110618591308594,34.35872771811302,33.9651773357916,34.35017369399692,100996400
2006-09-25,34.7094841003418,34.78648333348885,33.948049052358364,34.25604598494658,136473400
2006-09-26,34.8806037902832,34.90626912074918,34.56405274782564,34.66671733333787,113375600
2006-09-27,34.83781814575195,35.03459324363583,34.64959706792934,34.79503825450319,113003800
2006-09-28,34.93193817138672,34.9832688329895,34.5897185303424,34.88060424613556,85943600
2006-09-29,34.77796173095703,35.017513673529585,34.7522931202168,34.99184832643979,85438200
2006-10-02,34.34159851074219,34.82070520280616,34.29026786549602,34.73514868798367,97068800
2006-10-03,34.487056732177734,34.63249797001078,34.11917173058414,34.23894763554045,116261400
2006-10-04,35.33404541015625,35.34260269689462,34.34161228566714,34.427168834807624,149209500
2006-10-05,35.50514602661133,35.55647994276783,35.23137166773892,35.334036236404124,91799900
2006-10-06,35.42815017700195,35.55648334785922,35.282708962768616,35.385373541265565,85450400
2006-10-09,35.547935485839844,35.710491313837,35.35116029837132,35.38538292149166,62786100
2006-10-10,35.60783386230469,35.71905578816166,35.3426166146495,35.59072254573824,98181800
2006-10-11,35.539371490478516,35.78748054301474,35.222817210905525,35.44526093512698,136561300
2006-10-12,36.104042053222656,36.14681870073041,35.67626905084715,35.727599722396846,95260200
2006-10-13,36.30081558227539,36.37781484972699,36.052706468970364,36.12970573642197,80470200
2006-10-16,36.33503723144531,36.4633671646632,36.27514927654721,36.30081461046103,62017400
2006-10-17,35.93291473388672,36.10402450439662,35.72758235654536,36.07835591744931,146149100
2006-10-18,35.7618408203125,36.19817133578588,35.63351081149439,36.12117202503473,120366100
2006-10-19,35.847381591796875,36.027045482987184,35.58216113552838,35.66771443695732,108198400
2006-10-20,35.93291473388672,36.001359947549645,35.62491779969839,35.96713734071818,105454300
2006-10-23,36.30081558227539,36.42914878257768,35.77893202106443,35.864485312166714,126960500
2006-10-24,36.052696228027344,36.31791657694547,35.8644751246888,36.17247210700717,103541700
2006-10-25,36.30081558227539,36.37781484972699,35.975707201518766,36.0698177799206,125399500
2006-10-26,36.634456634521484,36.72000987575961,36.12113065979886,36.429127550091216,130260700
2006-10-27,36.112579345703125,36.63446268898781,36.001360766442204,36.54890943361056,129375000
2006-10-30,36.34357833862305,36.48902279429194,35.98425073693686,36.069803995343776,103899900
2006-10-31,36.429141998291016,36.58313724086645,36.198144238955486,36.412030690527466,135811800
2006-11-01,35.93291473388672,36.591685228979,35.77891626679256,36.55746262214754,148960600
2006-11-02,35.96714782714844,36.05270110552323,35.71048472837569,35.770372675967714,100216400
2006-11-03,35.873043060302734,36.09548357821553,35.599268608879804,36.01848430977478,119263300
2006-11-06,36.39491653442383,36.54035774355909,35.98425497118262,35.992808992570815,101283300
2006-11-07,36.643035888671875,36.86547640745859,36.33503881369881,36.3949267712048,139706500
2006-11-08,36.81414031982422,36.95958482500691,36.33503668780766,36.43770128557568,180245700
2006-11-09,36.643035888671875,37.0879169262453,36.506145398773704,37.010917657502034,124278000
2006-11-10,36.81414031982422,36.82269760676664,36.50614326287145,36.651587768054135,82419400
2006-11-13,37.190589904785156,37.25047787052158,36.78848219456974,36.831258846717276,89146200
2006-11-14,37.584110260009766,37.618332859810295,36.99378509986106,37.21622547127098,121962800
2006-11-15,37.73813247680664,37.98624158624061,37.57557665714013,37.635467876355925,116565900
2006-11-16,37.90069580078125,38.00336043039999,37.661143910454285,37.86647316969176,113513200
2006-11-17,37.90069580078125,37.90069580078125,37.601255937872544,37.69536654154378,95162500
2006-11-20,37.977691650390625,38.05469093154556,37.652583211775394,37.78091643491677,107184100
2006-11-21,38.02900695800781,38.08033761119258,37.85789716554696,38.00333836776759,68092200
2006-11-22,38.26856994628906,38.28568125692443,37.866462305480006,38.14024001199703,69852700
2006-11-24,38.20012283325195,38.37978667530303,37.96912506619413,37.98623637452971,51762900
2006-11-27,37.33600616455078,38.16588636762852,37.33600616455078,38.08032985699582,159506300
2006-11-28,37.44724655151367,37.50713450680722,37.07936153262541,37.22480277729581,118268400
2006-11-29,37.70390319824219,37.79801375855903,37.35312955029193,37.64401525324933,139515500
2006-11-30,37.67824172973633,37.883570915425345,37.46435525751527,37.6867957526198,123457100
2006-12-01,37.35313415527344,37.94345965597183,37.010914487140425,37.64401989409191,144559600
2006-12-04,37.866458892822266,38.054680029199325,37.46435455190105,37.46435455190105,89782400
2006-12-05,38.003326416015625,38.114548235683955,37.80655135884662,37.97766109749478,84697500
2006-12-06,37.866458892822266,37.986238056474896,37.70390635190931,37.8835702019155,78207500
2006-12-07,37.38734817504883,38.05467278439796,37.38734817504883,37.93489690719662,124936100
2006-12-08,37.5584602355957,37.86645396827367,37.19057529705605,37.26757454613757,133798700
2006-12-11,37.69534683227539,37.96056392542405,37.43012647547871,37.49857170187064,72931300
2006-12-12,37.472896575927734,37.755228190091685,37.26756745985164,37.686782975634685,110985900
2006-12-13,37.54136657714844,37.73814180316238,37.318922746941645,37.72958451388156,79035500
2006-12-14,37.9605598449707,38.13166962890958,37.59267495177881,37.61834354074063,109104200
2006-12-15,38.05820846557617,38.34088083139865,37.989679851059094,38.27235548450576,99942300
2006-12-18,37.68132019042969,38.33232585092503,37.5185663245871,38.18670741056587,121588700
2006-12-19,37.5614013671875,37.74128742097265,37.15880702687203,37.39008629520247,136535200
2006-12-20,37.424339294433594,37.78410805694772,37.40720713739722,37.60422530950308,67213400
2006-12-21,37.15879821777344,37.50999926028568,37.013176519957504,37.46717050244268,102952300
2006-12-22,36.77333450317383,37.184496478541874,36.77333450317383,37.17593203364094,92858600
2006-12-26,36.927513122558594,36.93607756571316,36.730498253760956,36.77332700478231,50848600
2006-12-27,37.1159782409668,37.17593916965773,36.9189600265531,37.013185276674726,54129200
2006-12-28,36.93608856201172,37.15880336182632,36.87612763920591,37.00461719814705,69016000
2006-12-29,36.9703483581543,37.35581372020537,36.93608404427758,36.99604495974943,75152500
2007-01-03,37.03889846801758,37.741300971751166,36.42215353103131,37.22734576838704,167689500
2007-01-04,37.74127197265625,37.86975822405283,36.961776950736535,37.090263202133116,136853500
2007-01-05,37.5614013671875,37.647062170805555,37.24446456286454,37.647062170805555,138958800
2007-01-08,37.58711242675781,37.79269188136366,37.381529704525455,37.59567687585535,106401600
2007-01-09,37.77553939819336,37.93829325214886,37.37294515461211,37.69844632727359,121577500
2007-01-10,38.22095489501953,38.25521919857687,37.535685161992006,37.65560695681884,121070100
2007-01-11,38.61497497558594,38.75202887649461,38.246642004214614,38.298035174791146,174029800
2007-01-12,38.8120231628418,38.846284216843415,38.52078296426194,38.563611732483125,104217300
2007-01-16,38.78632354736328,38.88911651293269,38.6578372418399,38.84628447679931,95690500
2007-01-17,38.46937942504883,38.79488388554575,38.400854061990245,38.62356557646184,127142600
2007-01-18,37.75841522216797,38.40942091637338,37.64705782413442,38.36659215332206,189029800
2007-01-19,37.83551025390625,37.92973550619115,37.61279869474472,37.66419517807074,127544300
2007-01-22,37.424339294433594,37.88689773154111,37.27015314873109,37.86976557450474,123441700
2007-01-23,37.33012008666992,37.67275344980492,37.26159145346787,37.39864545224689,133103600
2007-01-24,37.94689178466797,37.964023956665095,37.492900663441056,37.569993803614274,117615300
2007-01-25,37.458614349365234,38.09249127096909,37.330128036187624,37.998266014063375,158337600
2007-01-26,37.321571350097656,37.544286253620044,37.08172754719054,37.527154086608576,146284300
2007-01-29,37.35580825805664,37.612784039307535,37.17592553794345,37.22731873361902,104191500
2007-01-30,37.37294387817383,37.50999785872528,37.278718653865084,37.415772634416534,69605900
2007-01-31,37.74984359741211,37.85263327160942,37.115970127633084,37.33011718832529,157772500
2007-02-01,37.68989562988281,38.032532351750305,37.56140604227601,37.92117492699948,147365600
2007-02-02,37.82695388793945,37.90404699558468,37.63850334311194,37.792689558402394,98189200
2007-02-05,37.79268264770508,37.998265319708665,37.6556286222446,37.80981480934086,96347800
2007-02-06,37.74127197265625,37.886890377763876,37.38150327997258,37.861193781009405,121110200
2007-02-07,38.08390808105469,38.24666191962188,37.79266798151937,37.929721953793376,117823800
2007-02-08,38.07533645629883,38.203822693034226,37.88688605460497,38.03250771072036,89521900
2007-02-09,37.58711242675781,38.30664705313131,37.458622816909276,38.178157443282764,133472000
2007-02-12,37.44146728515625,37.59565341370163,37.338677622000816,37.57852125857165,126940000
2007-02-13,37.56996536254883,37.689887208118265,37.43291135795159,37.501436726437596,93648000
2007-02-14,38.20384979248047,38.29807506016497,37.72416227354288,37.72416227354288,133370000
2007-02-15,38.426544189453125,38.426544189453125,38.16100069173838,38.22952931087421,110452500
2007-02-16,38.29805374145508,38.400846667687034,38.178131928475466,38.255224989337265,72342200
2007-02-20,38.589290618896484,38.64925152039598,38.05820694806205,38.23808965256054,93629000
2007-02-21,38.709228515625,38.72636067569401,38.40085943725909,38.4779492561315,95864000
2007-02-22,38.90624237060547,39.01759977413762,38.606437746817356,38.854849159456265,116344400
2007-02-23,38.76918411254883,38.94050242206279,38.59786907065983,38.90623810663501,113467100
2007-02-26,38.58073425292969,38.97476405030725,38.340887329096816,38.95763189377456,101623700
2007-02-27,36.996055603027344,38.101055536259395,36.884701452330106,38.00683027980345,317813200
2007-02-28,37.1159782409668,37.48430825965732,36.77334156191098,36.96179206215423,214978700
2007-03-01,36.94466018676758,37.29586131508067,36.18229700098737,36.44783732506217,231806500
2007-03-02,36.38787078857422,36.95321893892512,36.37930634328294,36.64484662643825,183359400
2007-03-05,36.105194091796875,36.661974463608445,36.02810102276147,36.105194091796875,171885400
2007-03-06,36.704811096191406,36.82473621524302,36.40500646762582,36.4307030736099,155551800
2007-03-07,36.55918502807617,36.81616083729725,36.533488427441476,36.71337116713376,119979300
2007-03-08,36.80759048461914,37.038869656080664,36.69623312036933,36.94464444537884,120900700
2007-03-09,36.77333450317383,37.12453556136059,36.5334908344487,37.115971116459654,128597600
2007-03-12,37.013187408447266,37.07314834059165,36.68768613898511,36.72194719476352,81310100
2007-03-13,36.29364776611328,37.03888198928995,36.285083320299584,36.83329934588339,171231800
2007-03-14,36.824737548828125,36.83330199525785,36.06237111156272,36.3450468581261,192586700
2007-03-15,36.73906707763672,36.88468876962218,36.5934486532759,36.74763478943714,111627400
2007-03-16,36.71079635620117,36.89079246396399,36.52222713682065,36.80507769620736,108328800
2007-03-19,37.087913513183594,37.19076791485527,36.813632928937466,36.907917492837534,95913200
2007-03-20,37.353633880615234,37.362203720594124,37.03649421677982,37.079349956040915,78755700
2007-03-21,38.0736083984375,38.090751343689035,37.15648208041649,37.40504988204003,173333500
2007-03-22,37.93647384643555,38.099330216126376,37.7907636942732,38.09075710736213,114856300
2007-03-23,37.816490173339844,38.030772194468874,37.77363442305087,37.936487582022636,68530300
2007-03-26,37.970787048339844,37.987930008513494,37.39651259610651,37.83364663663596,114237300
2007-03-27,37.70505142211914,37.9193333611022,37.670765527157954,37.91076025252045,76419200
2007-03-28,37.30220413208008,37.73933789349427,37.29363102262462,37.54219888190095,142795000
2007-03-29,37.3450813293457,37.585076217071204,36.942229965219234,37.55936341329636,124407000
2007-03-30,37.310768127441406,37.60219167929629,37.045060630241444,37.336484182096335,120418700
2007-04-02,37.36220169067383,37.507911850181664,37.11363383890773,37.43077021582953,89617700
2007-04-03,37.85077667236328,37.97934719492158,37.53364019165281,37.55935298829078,105814500
2007-04-04,38.00504684448242,38.039332741262015,37.82505079091417,37.87647636640048,85147200
2007-04-05,38.19362258911133,38.21076554045542,37.91076879645922,37.962197650491504,54220200
2007-04-09,38.09931945800781,38.35645706371643,38.03932079233187,38.32217117770673,63050200
2007-04-10,38.29648208618164,38.29648208618164,38.06505711699225,38.09076991256304,76364500
2007-04-11,37.89361572265625,38.27932385065571,37.77361836498592,38.26218090389098,114012300
2007-04-12,38.19362258911133,38.24504817345997,37.67077401700917,37.83362715025262,113801300
2007-04-13,38.27075958251953,38.33075827008765,37.96219303520733,38.20218778547982,94572000
2007-04-16,38.62220764160156,38.69934932990798,38.42506849808191,38.42506849808191,72803200
2007-04-17,38.70790100097656,38.742186906277986,38.53647474415332,38.69933115949315,81852300
2007-04-18,38.5793342590332,38.76790348692497,38.42505420947583,38.51076571141706,82002500
2007-04-19,38.69931411743164,38.78502557325646,38.33074897195649,38.40789059007181,95413000
2007-04-20,38.913612365722656,39.1450340475555,38.74218611241211,39.01646680983546,122377400
2007-04-23,38.97361755371094,39.08504185768562,38.86218998005189,38.96504444129174,85303300
2007-04-24,39.170745849609375,39.28217339259202,38.853609440779415,39.110747157930284,108143700
2007-04-25,39.6936149597168,39.702184804532465,39.1707661444617,39.299333434807686,106818100
2007-04-26,39.8993034362793,39.98501818883099,39.71073752003254,39.78787589280384,99308300
2007-04-27,39.916446685791016,40.02787423010114,39.67645191621552,39.745020449087015,96536500
2007-04-30,39.39360046386719,39.88216314205962,39.35931456056295,39.84788050843908,93290500
2007-05-01,39.35933303833008,39.547902325346065,39.13648110159911,39.40219207242298,135044400
2007-05-02,39.78788375854492,39.92502738973981,39.470747285617065,39.50503319341579,91971600
2007-05-03,39.933589935302734,40.04501748044681,39.79644959884984,39.86501813223452,98003600
2007-05-04,39.967872619628906,40.190724422295105,39.78787328590563,40.08786999565557,93591800
2007-05-07,39.967872619628906,40.0964398355075,39.916443771467506,39.99358540886797,47487900
2007-05-08,40.05358123779297,40.087867134119854,39.68501602648653,39.83072945103428,95138900
2007-05-09,40.13930892944336,40.25930633562124,39.82216919061999,39.847885256003885,116021000
2007-05-10,39.59074020385742,40.0964458426499,39.48788576180851,40.00216124173683,171196300
2007-05-11,40.09645080566406,40.09645080566406,39.58217526208032,39.633604124312356,104767900
2007-05-14,39.82215881347656,40.18215420788413,39.590733903432394,40.08786962197541,118899200
2007-05-15,39.51359558105469,40.027874291961474,39.41931425692111,39.787876252331564,179438500
2007-05-16,39.8993034362793,39.90787654637621,39.350742098682396,39.59930997655708,144420500
2007-05-17,39.71074295043945,39.916451845327046,39.67645704473021,39.847883303592496,109869100
2007-05-18,40.03642272949219,40.03642272949219,39.75357236893263,39.8392838067551,104961700
2007-05-21,40.2935905456543,40.49073288599263,40.00216686084295,40.062168835957365,112831400
2007-05-22,40.3278694152832,40.52500845152734,40.173586122625416,40.31929957443939,98029100
2007-05-23,40.13930892944336,40.60215560046033,40.11359286405946,40.44787228689331,119220600
2007-05-24,39.56501388549805,40.31928716527113,39.40216080211815,40.16500392009748,206268600
2007-05-25,39.813602447509766,39.9078870653265,39.58217745914625,39.650746009577475,87143200
2007-05-29,40.12215042114258,40.16500615392259,39.77929801953685,39.856439646414,99702400
2007-05-30,40.447879791259766,40.45645290453968,39.72789195092775,39.839319535773754,132036500
2007-05-31,40.63643264770508,40.73071723762586,40.46500641782032,40.55929100774111,109457700
2007-06-01,40.662139892578125,40.94499362376685,40.602141210753175,40.78214052591097,125089800
2007-06-04,40.782142639160156,40.83356821499893,40.49071905390242,40.516431841821806,64782700
2007-06-05,40.782142639160156,40.782142639160156,40.28500694149803,40.670715108704314,151160400
2007-06-06,40.345008850097656,40.61071966866695,40.250724260615534,40.602146558886744,183166500
2007-06-07,39.719322204589844,40.46502284721814,39.70217924767273,40.20788503283094,221373300
2007-06-08,40.207862854003906,40.22500580146489,39.56501703779002,39.702157347795,177587800
2007-06-11,40.130706787109375,40.44784302683158,40.0792779632294,40.18213561098935,97100400
2007-06-12,39.890743255615234,40.31930731310224,39.813601594480204,39.91645605276549,153967700
2007-06-13,40.3278694152832,40.36215531802574,39.890735599208575,40.06216184323763,147985300
2007-06-14,40.59357452392578,40.70500205726015,40.362149617623565,40.370719457257046,101531900
2007-06-15,40.968421936035156,41.0627802186248,40.87406692568447,40.968421936035156,100378400
2007-06-18,40.97701644897461,41.06279495179366,40.89123467391543,41.04563859678182,75713200
2007-06-19,40.968421936035156,41.05420368031618,40.75397248369104,40.85691057682826,109621300
2007-06-20,40.58243179321289,41.1056859178195,40.52238618428688,41.02848722540629,161889500
2007-06-21,40.95125961303711,40.99414883937418,40.38511331756831,40.565250031526965,143181300
2007-06-22,40.56528091430664,40.92555461650416,40.436609865098546,40.86550899947124,153328700
2007-06-25,40.39371109008789,40.81403358253873,40.16210521941987,40.573847898749705,136602600
2007-06-26,40.162086486816406,40.59098532009914,40.09346437505514,40.58240878321839,128211900
2007-06-27,40.77971649169922,40.79687284385739,40.059166062253816,40.11921165868763,141196200
2007-06-28,40.762569427490234,41.045641122000404,40.719680173442065,40.762569427490234,116546300
2007-06-29,40.83119583129883,41.07138156901187,40.4966550337507,40.985599779742685,124794700
2007-07-02,41.20003890991211,41.2171952634208,40.899810904109735,40.92554379825284,80863100
2007-07-03,41.44023132324219,41.448807865270794,41.208625421585275,41.25151467620906,34803300
2007-07-05,41.74044418334961,41.834802472517545,41.423059887980436,41.46594912699153,73588500
2007-07-06,41.91201400756836,41.954903256399135,41.60320618040285,41.78334298883608,65804300
2007-07-09,41.937747955322266,42.014949914051904,41.79192385118852,41.94632776864779,66768800
2007-07-10,41.5860481262207,41.94632500059756,41.543158879143405,41.706139326933055,104383100
2007-07-11,41.869136810302734,41.869136810302734,41.448814197400075,41.49170345857605,99637600
2007-07-12,42.51247787475586,42.606832923423546,41.96348430513133,42.00637683080971,107667100
2007-07-13,42.80413818359375,42.86418380520583,42.521063162644545,42.57253224070102,74232200
2007-07-16,42.76122283935547,42.958519230542784,42.68402089957237,42.79553553975668,77799500
2007-07-17,43.08719253540039,43.147238132768436,42.82127398117072,42.85558668602093,124833700
2007-07-18,43.03572463989258,43.03572463989258,42.581092741193046,42.8470113026013,144915900
2007-07-19,43.164405822753906,43.45605734610659,43.15582928040846,43.24160779282493,116563800
2007-07-20,42.93279266357422,43.198711242751166,42.666877356637215,43.13866563974991,163721300
2007-07-23,42.949947357177734,43.155820325394444,42.821276343012315,43.078618371343154,107464100
2007-07-24,42.31516647338867,42.975667890901164,42.07498086750889,42.63255073887685,175496200
2007-07-25,42.37522506713867,42.60682766154987,42.08357359864174,42.529628978239394,170258700
2007-07-26,42.01493835449219,42.435260741319226,41.217186091184686,42.083563753255426,318522000
2007-07-27,41.165740966796875,42.13505066882734,41.165740966796875,41.93775745676165,246387600
2007-07-30,41.646087646484375,41.800491531212394,41.1314102122172,41.36301603930922,166517200
2007-07-31,40.771141052246094,42.02352871619599,40.68536255449497,42.00637236219778,260224500
2007-08-01,41.08852767944336,41.114260573686025,40.299351776189624,40.651048843878826,301153900
2007-08-02,41.46596145629883,41.543163418369375,40.994173142418866,41.114264356253024,177369900
2007-08-03,40.67678451538086,41.440227576516975,40.44518190690415,41.38875851227766,166048400
2007-08-06,41.1485710144043,41.191460259859724,40.342238801987655,40.719672015370655,190869100
2007-08-07,41.44023132324219,41.70614666525391,40.72825726197385,41.07137784344492,167109700
2007-08-08,41.89486312866211,42.08357977486809,41.51743310849051,41.61178815935314,164831200
2007-08-09,40.92555618286133,42.00638387530217,40.9083998241609,41.33729897494899,242418200
2007-08-10,40.55669021606445,41.028481755065066,39.99912345434347,40.48806807454425,247006400
2007-08-13,40.83119583129883,41.07138156901187,40.728260956416484,40.89982126271418,116935100
2007-08-14,40.136375427246094,40.95128430802055,40.08490636126111,40.91697159736389,153529800
2007-08-15,39.3729362487793,40.393714865510525,39.29573428467423,40.04201775619638,214854100
2007-08-16,38.986915588378906,39.38150184087663,38.07764862753519,39.055537719481435,362468700
2007-08-17,39.724647521972656,39.964830041607954,39.107031588920286,39.724647521972656,223246600
2007-08-20,39.91333770751953,40.07632141282913,39.52733124644618,39.879028276300225,144715100
2007-08-21,40.33366012573242,40.42801842408098,39.793246499343084,39.87044844597013,115027200
2007-08-22,40.882667541503906,40.91698025942451,40.54812672238025,40.64248506054147,115814100
2007-08-23,40.771141052246094,41.04563617173759,40.51380228675281,40.9941703819829,118663400
2007-08-24,41.34586715698242,41.37160005167221,40.59100394776292,40.6424730093824,88189200
2007-08-27,41.071372985839844,41.345868109655385,41.037060277302906,41.22577690201609,72490400
2007-08-28,40.0934944152832,40.91698000684906,40.067758240881176,40.83119821257708,106024800
2007-08-29,41.24294662475586,41.277256072173856,40.35941209086109,40.35941209086109,113201000
2007-08-30,41.45738220214844,41.80907927918154,40.95985775197286,41.028483168096365,138930000
2007-08-31,41.920597076416016,42.08358082848911,41.69757098442184,41.91202053421027,94687200
2007-09-04,42.61543273925781,42.889928016785895,41.95492745513029,41.97208381900602,98480900
2007-09-05,42.18650436401367,42.58967045643432,41.92058581570054,42.51246850835887,114049300
2007-09-06,42.15219497680664,42.340911591894084,41.8691233264153,42.22939693095697,99222600
2007-09-07,41.371612548828125,41.68899701075439,41.13143006653159,41.62895139018026,152438000
2007-09-10,41.34586715698242,41.81765543565465,41.01132643705557,41.70614077159906,125199400
2007-09-11,41.97206497192383,42.02353404043942,41.54316588434826,41.611788036795375,103064500
2007-09-12,41.980628967285156,42.34948233414145,41.843381431169284,41.8948504843025,93993400
2007-09-13,42.18650436401367,42.332328448023105,41.98063141173261,42.28086266413251,80807500
2007-09-14,42.22080612182617,42.29800804988605,41.80048378633598,41.86052936680047,99801200
2007-09-17,41.869136810302734,42.11789583401974,41.680420134439395,42.03211731166779,84882300
2007-09-18,42.92420196533203,42.95851466208422,41.88626743036973,42.10929341478124,151452100
2007-09-19,43.03572463989258,43.396001506066334,42.87274419581381,43.138662757222065,127025800
2007-09-20,42.91564178466797,43.112934972876815,42.82128346155932,42.941377955123286,109970600
2007-09-21,43.221160888671875,43.358479773964746,42.92077357625964,43.1524998090552,86829500
2007-09-24,43.41857147216797,43.736120889448266,43.195429434767604,43.33274836715435,107226800
2007-09-25,43.83050537109375,43.83050537109375,43.22115313159091,43.27264565812136,101102200
2007-09-26,44.045101165771484,44.20816641878236,43.8734516355828,44.07943172659771,96124600
2007-09-27,44.26823425292969,44.32831108073326,44.07941949472329,44.302561530287754,73423200
2007-09-28,44.12232208251953,44.354048345799725,43.924926363564005,44.23389471460427,75546000
2007-10-01,44.62870788574219,44.76602685597138,44.09659728534685,44.15667413020072,100404100
2007-10-02,44.63727951049805,44.68019433975632,44.388391180085875,44.66302906284137,71046000
2007-10-03,44.32830810546875,44.688769048096454,44.199570183706655,44.4913733022849,106785000
2007-10-04,44.431304931640625,44.4828007649309,44.06225964458194,44.4141396538772,84129300
2007-10-05,45.33244705200195,45.401108142333335,44.680183063558765,44.774587151852934,115674700
2007-10-08,45.61569595336914,45.62427695773432,45.238066282443256,45.31530841750147,63022400
2007-10-09,45.81306076049805,45.87313757218836,45.51267342810575,45.718653406715916,93965600
2007-10-10,45.92463684082031,45.97613266150382,45.667164285285125,45.82164847339447,91777500
2007-10-11,45.195125579833984,46.29367677125028,44.86899196715447,46.16494214509788,239786700
2007-10-12,45.941810607910156,45.95039488324835,45.31529273983478,45.40111912350785,131676000
2007-10-15,45.58992004394531,46.096284131355944,45.229459137961996,46.01046104153354,121578700
2007-10-16,45.37537384033203,45.727253861641884,45.21230860692476,45.30671600087605,193676600
2007-10-17,45.95896530151367,46.05337266484364,45.212293942176395,46.01904211927983,183985200
2007-10-18,46.1563606262207,46.250767988729706,45.58991972510765,45.77015345077984,144491200
2007-10-19,45.006309509277344,46.14777548227349,44.9633979685202,46.14777548227349,245111500
2007-10-22,45.5470085144043,45.589920059329984,44.645852975200874,44.7660066105692,207052100
2007-10-23,46.499656677246094,46.52540294764447,45.77873164062442,46.010457896032186,162360600
2007-10-24,46.14778518676758,46.29368511081155,45.143637897394925,46.122038911687206,298293400
2007-10-25,45.52986145019531,46.32802894599637,45.27238880373034,46.25078682466265,233833100
2007-10-26,46.28511428833008,46.516840636833244,45.8645731505409,46.41385223992365,146690300
2007-10-29,46.47391891479492,46.62840311334808,46.20786206752196,46.50824619029677,101896600
2007-10-30,46.568321228027344,46.82579706503086,46.2593561167174,46.2936833909021,114616600
2007-10-31,47.22916793823242,47.263498485189196,46.37950818166973,46.74855337660218,148431900
2007-11-01,46.345184326171875,47.00603271776991,46.31943804920755,46.928790612935295,181974200
2007-11-02,46.705657958984375,46.81723064597424,46.00189782371141,46.705657958984375,217882900
2007-11-05,46.4052734375,46.6884956548368,45.993316527326684,46.22504290316339,150588900
2007-11-06,46.92877960205078,46.93736060104499,46.15635873493746,46.62839552814052,131884700
2007-11-07,45.78731155395508,46.84295445043328,45.75298428555131,46.53398611721437,197908200
2007-11-08,44.39696502685547,45.77015749328027,43.598797785617776,45.60708902583822,380626400
2007-11-09,42.912208557128906,43.87344111210492,42.912208557128906,43.538726409189984,309414900
2007-11-12,41.82223129272461,43.118181614644946,41.753573472603776,42.843540512338116,283216000
2007-11-13,43.547306060791016,43.59021761000378,42.354344039451334,42.38867458839809,255625900
2007-11-14,42.98945617675781,44.14808464681423,42.8263909419471,44.10517308754216,263284100
2007-11-15,42.75773620605469,43.37567322836382,42.37152556711148,42.912220461631975,251548800
2007-11-16,43.15250778198242,43.33274151230623,42.34575959107327,43.0495194174696,263623700
2007-11-19,42.65471649169922,43.29839932626025,42.405825009923305,43.04950784448434,198651100
2007-11-20,42.82637023925781,43.58162248438776,41.993872641260346,42.87786277591545,300763600
2007-11-21,42.32001876831055,43.05810596196636,41.925223984611904,42.440172421372154,212225400
2007-11-23,42.77488327026367,42.88645591265159,42.371507522051246,42.59465280682709,46463300
2007-11-26,42.03678894042969,43.22974752589459,41.96813112579721,42.88645190485037,150352100
2007-11-27,42.87786865234375,42.95511074185679,42.1397783023171,42.397254116654565,211369300
2007-11-28,44.182403564453125,44.371218304239655,43.427147879248274,43.45289742718178,216868100
2007-11-29,44.371212005615234,44.53427717432067,43.9420900389728,44.01074785118638,172087300
2007-11-30,44.03650665283203,44.84325494109598,43.72753824806753,44.80892439080181,171417400
2007-12-03,43.66746139526367,44.225318104465295,43.615965569853984,43.847691873285356,108625700
2007-12-04,43.487213134765625,43.718939360886736,43.23832491317515,43.332732257958604,113374100
2007-12-05,44.26823425292969,44.62869521975111,43.9077700121667,43.94210056346633,137614200
2007-12-06,44.90334701538086,44.946258580849694,44.29399427347264,44.31115955444869,99724500
2007-12-07,44.91191482543945,45.09214529869083,44.69735380282361,44.87758427607499,88992300
2007-12-10,45.0921516418457,45.2208863091596,44.90333686772177,45.02349053345815,75657900
2007-12-11,44.045101165771484,45.34963301168597,43.950693760470585,45.160818201084176,167064300
2007-12-12,44.43987274169922,44.99773264461444,43.676036114650465,44.84324846454379,162975200
2007-12-13,44.19957733154297,44.31114999685059,43.75328994425436,44.05367738562998,153476200
2007-12-14,43.74469757080078,44.28538893162442,43.70178275180184,43.847685933727995,128396700
2007-12-17,42.680484771728516,43.76187432497104,42.66331949441366,43.58164055013603,134377000
2007-12-18,42.817806243896484,43.14393998424702,42.20845359598681,43.118193703725844,154251700
2007-12-19,42.80921936035156,43.0838572279865,42.57749304567053,42.81780036136569,137970900
2007-12-20,43.684635162353516,43.73612772383148,43.08386351155441,43.44432453766861,167341700
2007-12-21,44.54634475708008,44.58930431827701,44.228464323819956,44.400292736544536,107573500
2007-12-24,44.88139343261719,45.01885545157079,44.63224249909096,44.683788707852905,34499800
2007-12-26,45.10478591918945,45.21647487817238,44.67521652948289,44.78690548846581,58492100
2007-12-27,44.56351852416992,45.10477676298478,44.42605647846259,44.95872477326297,65778900
2007-12-28,44.52056884765625,44.812676147745925,44.18550526642043,44.70958041752433,67545400
2007-12-31,44.00508117675781,44.40028415549713,43.99648795523745,44.30577838289561,70135600
2008-01-02,43.309200286865234,44.21988887879487,43.06864239657854,44.04806040972346,152344100
2008-01-03,43.489593505859375,43.609872381310794,43.085800606465845,43.309175192682254,114103700
2008-01-04,41.58231735229492,42.81088604297779,41.419078890163036,42.79370287447158,212617600
2008-01-07,41.38471221923828,41.754142145755424,40.74895137640943,41.582317016788224,235083600
2008-01-08,40.31077575683594,41.891590685183616,40.31077575683594,41.47061466688497,261669800
2008-01-09,41.169921875,41.2042882070141,39.91558025266947,40.47402167716033,254011800
2008-01-10,41.23006057739258,41.590897196320626,40.628662935159014,40.74894180813503,249958500
2008-01-11,40.422481536865234,41.04106254690418,40.12178425551551,41.006696206934336,211685200
2008-01-14,41.12697219848633,41.247251102483574,40.64585658249735,40.97232695696006,168048500
2008-01-15,39.992897033691406,40.82626243815848,39.82106867601166,40.69739035056034,241094900
2008-01-16,39.563331604003906,40.30219131932834,39.056439702375776,39.68361048280488,265625900
2008-01-17,39.01348114013672,40.01867494053625,38.83306283251616,39.726567704570535,254098800
2008-01-18,38.96192169189453,39.64064175458353,38.64404142959628,39.211072592479496,273063300
2008-01-22,37.956748962402344,38.46364093897243,36.710997161270356,36.79691299979739,325732000
2008-01-23,37.81069564819336,37.93097782840642,35.74876457628396,36.547763890822075,390129000
2008-01-24,38.583919525146484,38.60110269271365,37.85365292898938,37.965338602144826,250249100
2008-01-25,37.79351043701172,39.4086887299779,37.75055088287702,39.4086887299779,199299100
2008-01-28,38.08561706542969,38.18011956181305,37.43266987089325,37.819282910111696,163711200
2008-01-29,38.15435028076172,38.38631812757272,37.83646987321514,38.2832223992192,138520000
2008-01-30,38.119998931884766,38.93618168916038,37.956763691371805,38.01690316300055,220824400
2008-01-31,38.772911071777344,39.16811388970854,37.647438757388144,37.69039501544981,246824100
2008-02-01,39.168128967285156,39.41727994824564,38.5581413468815,39.090806362068236,161920300
2008-02-04,38.618289947509766,39.18532142782261,38.60969672413965,39.159548312421165,100209900
2008-02-05,37.518585205078125,38.317584452925566,37.4928120930037,37.94815455220668,188990400
2008-02-06,36.77973175048828,37.94815771921287,36.74536541328495,37.7333730277235,178285000
2008-02-07,37.03745651245117,37.621670879763286,36.21268444472331,36.36732961709139,286254800
2008-02-08,37.45844650268555,37.604501787834366,36.89141508430737,37.11479298456931,173781300
2008-02-11,37.862239837646484,37.991111945388006,37.40689740437311,37.60449889951729,119562300
2008-02-12,37.64745330810547,38.38631303080366,37.38111916142129,38.094205774791675,145412400
2008-02-13,38.47223663330078,38.55815248466678,37.93957146425008,38.137173006359944,148685900
2008-02-14,37.77631759643555,38.53235705075004,37.707584949305314,38.53235705075004,170868900
2008-02-15,37.64745330810547,37.78491535344325,37.32957294276567,37.57013070276837,100053300
2008-02-19,37.57872009277344,38.23166392221855,37.17492394192053,38.14575138164929,110507600
2008-02-20,37.75053405761719,37.87940610787584,37.14913989601651,37.16631977718877,137338800
2008-02-21,37.38972854614258,38.20591122700921,37.23508326861606,38.11140541548132,127857000
2008-02-22,37.52717971801758,37.53576966321981,36.599308323177524,37.5185864954612,157364700
2008-02-25,37.71619415283203,37.86224617385047,37.235075251083344,37.48422628649004,121444300
2008-02-26,37.862239837646484,38.21448655113895,37.26084213044246,37.50140317973638,148375900
2008-02-27,38.051246643066406,38.19729862142932,37.518578389693204,37.60449420992442,125682600
2008-02-28,37.90520095825195,38.257447716757135,37.75914894301153,37.90520095825195,129196700
2008-02-29,36.900001525878906,37.60449487751449,36.81408570412244,37.501399168760216,188724500
2008-03-03,36.65943908691406,36.93436642856648,36.29001253836182,36.874223716982286,132963800
2008-03-04,36.865638732910156,36.97732767322875,36.10100587138688,36.42747947066612,183851000
2008-03-05,37.046051025390625,37.40689089789078,36.728170699567904,36.93436538061846,183208300
2008-03-06,36.2298583984375,37.174912439042004,36.169718983177034,37.02026729198585,152752200
2008-03-07,36.143951416015625,36.633660030855594,35.5511471131443,36.01507934796181,242552400
2008-03-10,35.44804763793945,36.20409031978577,35.370725053689796,36.092401414235646,146801900
2008-03-11,36.79692077636719,36.81410067034922,35.66285440961838,35.96355499198115,196755300
2008-03-12,36.693809509277344,37.32098030578569,36.59930373712405,36.942960494526254,155566100
2008-03-13,36.977333068847656,37.22648409616227,35.92059278584747,36.2814294924237,208967900
2008-03-14,36.29861831665039,37.2694461857373,35.86045892220149,37.22648989645483,309589800
2008-03-17,35.63706588745117,36.09240826031787,35.26763605677892,35.47383074634036,193130600
2008-03-18,37.22649002075195,37.235079967695214,36.17833951651495,36.290028490906145,216300400
2008-03-19,36.30720520019531,37.45845135354671,36.28143208427136,37.38112872842033,216157200
2008-03-20,37.049217224121094,37.05781388193146,36.19800378462525,36.4129563089518,128397000
2008-03-24,38.33033752441406,38.4851003317239,37.21258172113965,37.21258172113965,125018000
2008-03-25,38.54528045654297,38.75163300149334,38.07238237454303,38.43350424807802,118107500
2008-03-26,38.43352508544922,38.56249467598755,38.072403016125925,38.40772854340848,124824600
2008-03-27,37.5822868347168,38.27013404186635,37.5822868347168,38.209947616235404,143868600
2008-03-28,37.393131256103516,38.12396830562322,37.255561813373426,37.848829420163035,111822300
2008-03-31,37.590885162353516,37.84882744401558,37.358736124883436,37.53069873929617,113644800
2008-04-01,39.198734283447266,39.2159308753929,38.1841583180566,38.19275497407215,137494400
2008-04-02,39.11275863647461,39.5684568903192,38.83761641688961,39.29331795064908,132486800
2008-04-03,39.198734283447266,39.473873194748336,38.811819164456836,38.94079196409183,140033800
2008-04-04,39.43088912963867,39.85219421430749,39.035377296708546,39.35350609450756,139261000
2008-04-07,39.34489822387695,39.90377595156769,39.25032189326694,39.671626892984506,102297100
2008-04-08,39.043975830078125,39.31051813720732,38.84621990411073,39.043975830078125,97435200
2008-04-09,38.60547637939453,39.11276449031905,38.37332724931904,39.095567894026566,127182300
2008-04-10,39.1557731628418,39.41371567138846,38.63128820351065,38.63128820351065,112773800
2008-04-11,38.072383880615234,38.77742778359591,37.934814418568145,38.70864469252971,120135400
2008-04-14,37.90042495727539,38.24434697646735,37.788648743078504,38.01219789155754,89274600
2008-04-15,37.95201110839844,38.13257041281313,37.556499313990635,38.03799407234451,124232300
2008-04-16,39.00957489013672,39.1041545054881,38.39051398223462,38.42490388606869,134027900
2008-04-17,38.92359161376953,39.095554236707,38.67424597450591,39.052561121036966,124953100
2008-04-18,40.1617317199707,40.35089100443068,39.740426579020436,39.95537911866479,133022500
2008-04-21,40.44547653198242,40.47986973050987,39.972581531935816,40.08435450727611,83303200
2008-04-22,39.84358215332031,40.21330059157688,39.4910603028796,40.19610400376103,104689600
2008-04-23,40.28211212158203,40.46267478125625,39.78342384226202,40.135945941753846,131086200
2008-04-24,40.643218994140625,41.0903205866364,39.88658527761586,40.299293683016224,166509000
2008-04-25,40.540061950683594,40.712021407932724,40.04137034089517,40.686228145328634,121945400
2008-04-28,40.61743927001953,40.9441648164861,40.52285961396807,40.63463258937803,71244000
2008-04-29,40.926963806152344,41.06453330560486,40.46266879544735,40.540051843884115,91270600
2008-04-30,40.59164047241211,41.32248114128622,40.4368743674701,41.0129489314022,132152700
2008-05-01,41.87274169921875,41.88993829036217,40.60022347383539,40.6088201294499,143596900
2008-05-02,41.932926177978516,42.294044735451614,41.5632076853765,42.268251489893316,124990000
2008-05-05,41.812583923339844,42.156506142146704,41.61482790954466,41.93295686391808,75624700
2008-05-06,42.07051467895508,42.242477380376855,41.3912638122927,41.69219935975974,139582600
2008-05-07,41.30527877807617,42.32845163579889,41.15910935273561,42.07910591486902,140008300
2008-05-08,41.61481857299805,41.872760999211344,41.3224829486454,41.477249060356556,128058700
2008-05-09,41.451438903808594,41.666391401687605,41.18489990558411,41.305272779609986,97062000
2008-05-12,42.20808792114258,42.29406763950811,41.44285727597494,41.51164039468416,89606500
2008-05-13,42.319847106933594,42.41442672693144,41.92433203422309,42.22526748693575,85448100
2008-05-14,42.22527313232422,42.9303171284971,42.16508668971788,42.483215497767816,143598200
2008-05-15,42.964717864990234,43.00770772012918,42.113504301609936,42.23387720796527,157248900
2008-05-16,42.999107360839844,43.08509035019297,42.51761574012502,43.05069715445172,146563200
2008-05-19,42.689571380615234,43.39461537716044,42.423029077564195,43.0334934414166,140048700
2008-05-20,42.362850189208984,42.53481289023219,42.03612138525647,42.53481289023219,137163700
2008-05-21,41.42564010620117,42.64656855629655,41.28807065717755,42.41442277599962,192806700
2008-05-22,41.57181930541992,41.86415488666641,41.365466706843236,41.52882945404273,153198200
2008-05-23,41.442848205566406,41.57181775488772,41.11611944343822,41.42565160967384,121698400
2008-05-27,42.17367172241211,42.22526149324655,41.52021769141371,41.528814346595674,106984300
2008-05-28,42.345645904541016,42.440225536931486,41.91574086997715,42.37143915704201,121363000
2008-05-29,42.72395706176758,42.96470608840488,42.34564184835868,42.371435098389,143993000
2008-05-30,42.999107360839844,43.1968665963942,42.775558148353056,42.88733439455429,94153600
2008-06-02,42.474609375,42.921707626180954,42.09629092873464,42.921707626180954,144359900
2008-06-03,42.24245834350586,42.904512313675056,41.846943324502774,42.637970082594705,167606900
2008-06-04,42.7841682434082,43.07650393918354,42.079123908876525,42.11351711541873,174870800
2008-06-05,43.46340560913086,43.51499540267808,42.73256824008136,42.89593099977407,126653700
2008-06-06,42.156494140625,43.17107046511154,42.14789748156678,43.08509075486653,189136000
2008-06-09,41.932926177978516,42.294044735451614,41.227882373461696,42.24245824433502,208897300
2008-06-10,41.73518371582031,42.0791057934306,41.40845495416254,41.50303459147784,162798500
2008-06-11,40.72919845581055,41.71798125986672,40.71200186235833,41.64919488605785,170366900
2008-06-12,40.77219009399414,41.36546111450547,40.41107145534809,41.02153579015354,189913200
2008-06-13,41.5889892578125,41.67497218539702,40.806562656316636,41.02151505540795,167855000
2008-06-16,41.9587287902832,42.147888046376046,41.33106786223828,41.374057707737116,136343900
2008-06-17,41.73518371582031,42.18228536863745,41.67499727024063,42.08770573132215,122932000
2008-06-18,41.28809356689453,41.65781228127702,41.12473078050635,41.49444621497263,169338100
2008-06-19,41.932926177978516,42.139278702273366,40.9355468974488,41.21068578311809,221304200
2008-06-20,40.80062484741211,41.60080610056756,40.61993960500988,41.58360079555988,197434200
2008-06-23,40.48229217529297,41.0759772100989,40.42206373440017,40.96412298463919,131488800
2008-06-24,40.275787353515625,40.757614781986476,39.931622091290855,40.292995944847185,178293800
2008-06-25,40.9296989440918,41.29967546605144,40.387639784582944,40.44786821539467,179023400
2008-06-26,39.27771759033203,40.18114742877242,39.26911165234674,40.172541490787125,190028300
2008-06-27,39.27771759033203,39.49282008911325,38.69263853107083,39.23469446481286,181351800
2008-06-30,38.86471176147461,39.43258541941586,38.84750645263075,39.15725124486716,132912400
2008-07-01,39.415382385253906,39.45840222783486,38.44311818834699,38.55497240482036,245494300
2008-07-02,38.46893310546875,39.690717100927394,38.408704663671905,39.53584302710582,199576400
2008-07-03,38.40010070800781,38.78728587946192,38.09895522700848,38.70124290680334,123118300
2008-07-07,38.632408142089844,39.114235614405146,38.064537705287165,38.75286501016867,181011300
2008-07-08,39.55305099487305,39.587464902351186,38.52055827984012,38.67543235120525,206151200
2008-07-09,38.50333023071289,39.60465348644869,38.486121644566744,39.54442507603828,168500300
2008-07-10,38.95935821533203,39.07981507306798,38.184991294656754,38.563570459284456,238811500
2008-07-11,38.339866638183594,38.95075688443548,37.728973109728386,38.55496911493736,265514700
2008-07-14,38.05592346191406,38.873313394027,37.918258030983665,38.83889621574371,177389800
2008-07-15,38.06453323364258,38.658214848946756,37.25574587349134,37.86663607967141,283891100
2008-07-16,39.01100540161133,39.0454226033417,37.789220997823286,38.167803652447326,186047800
2008-07-17,39.26911544799805,39.423989524666545,38.70124492761487,39.24330419595462,197555100
2008-07-18,38.365665435791016,38.86470131318156,38.365665435791016,38.83889007465168,160661000
2008-07-21,38.52915573120117,38.88192367227609,38.27963934522385,38.71844696667668,128107800
2008-07-22,38.52915573120117,38.55497026107728,37.73758016867342,37.883848281756556,152524500
2008-07-23,39.03679656982422,39.48421011542318,38.477532099478,38.58938302422525,169259100
2008-07-24,38.45170974731445,39.2432884076198,38.41729585250326,39.21747716596074,145561000
2008-07-25,38.950740814208984,39.131426032406566,38.51193010464119,38.70122125639216,111616700
2008-07-28,38.21942901611328,39.16588244087833,38.03874361689454,38.942173895193484,124028500
2008-07-29,39.01100540161133,39.183088128058166,38.34848903822426,38.38290623995462,142290900
2008-07-30,39.20888137817383,39.42398386687665,38.6151996909473,39.122841695574095,165679900
2008-07-31,39.114227294921875,39.70791213589745,38.735648178310605,38.8216878422941,180473100
2008-08-01,38.61518859863281,39.19166152730532,38.20219233282208,39.15724435127046,180350400
2008-08-04,38.228004455566406,38.64960338400975,38.116150271974185,38.606583554075094,116298000
2008-08-05,39.51863479614258,39.553051986687606,38.58078768811618,38.623807535195496,151657400
2008-08-06,40.12091827392578,40.275792332853854,39.217488451647775,39.53583922513165,133463700
2008-08-07,39.81117248535156,40.31020859604805,39.64769576123102,39.88000358101145,152805800
2008-08-08,40.714599609375,40.81784788699017,39.707921517669085,39.785358546431354,143121500
2008-08-11,41.08457565307617,41.54059188227115,40.559725051517816,40.69739051404103,157290100
2008-08-12,41.12760543823242,41.43735362434918,40.878085701393445,41.075982928682514,140549300
2008-08-13,41.04156494140625,41.40293563009256,40.65437971623931,41.058773538325255,169652100
2008-08-14,41.51477813720703,41.69546343048991,40.86086805009614,40.90388788913444,158069200
2008-08-15,41.437339782714844,41.790107703020176,41.26525714988714,41.58361116938952,123115900
2008-08-18,40.95552062988281,41.566414313000045,40.66298105614633,41.55780837371724,151399100
2008-08-19,40.447872161865234,40.94691153122854,40.22416700876683,40.74901762750973,155410600
2008-08-20,40.5167121887207,40.921105990501765,40.21556996326933,40.731814716101425,155466700
2008-08-21,40.32741928100586,40.508107891162645,39.90582018244927,40.21556833448494,118916200
2008-08-22,40.86088562011719,41.024362391638455,40.508117536788866,40.54253145349536,96515500
2008-08-25,40.00045394897461,40.6199467870585,39.89720240745814,40.57692695252813,128076500
2008-08-26,39.948814392089844,40.24135376102674,39.68208625852325,40.026251380402606,107225500
2008-08-27,40.20695495605469,40.51670305077647,39.828375774841035,39.966041230028125,108489900
2008-08-28,40.53390884399414,40.68017694406632,40.2929951346032,40.37042887073333,112808600
2008-08-29,39.68210983276367,40.54251986641026,39.51002716959359,40.10371219342017,133184300
2008-09-02,39.19169998168945,40.50813035796567,39.011014553524056,40.32744164759449,162277500
2008-09-03,38.82169723510742,39.26911081691832,38.537763649502644,39.105634102915786,161682900
2008-09-04,37.565494537353516,38.641006867536795,37.565494537353516,38.5979870307701,219004700
2008-09-05,37.384796142578125,37.668729591424004,36.83413454779654,37.23852481022564,247977500
2008-09-08,37.315975189208984,38.04732554893882,36.7222935597651,37.875242918284556,311065100
2008-09-09,36.52440643310547,37.67735600469352,36.43836346077574,37.298773490850294,214180600
2008-09-10,36.825531005859375,37.15248757982165,36.52438895234295,36.87715676454886,160658100
2008-09-11,37.51387023925781,37.59130726136458,36.28348382256323,36.309298351401004,203398200
2008-09-12,37.367584228515625,37.6084978342199,36.9115682513749,37.19550167492613,172094300
2008-09-15,36.20604705810547,37.2471421599681,36.16302394103763,36.48137793988396,616772300
2008-09-16,36.489990234375,36.85996681992314,35.64678877588507,35.689808622115436,349506500
2008-09-17,34.59706497192383,36.49856916626035,34.57985638817668,36.02534460091984,340088000
2008-09-18,35.76723861694336,36.111403883440424,33.98619041955797,35.36284492113978,423934000
2008-09-19,36.93646240234375,37.737183150233975,36.247667959639884,37.68552258170659,263394000
2008-09-22,35.1972770690918,36.88481691813444,35.12839628288598,36.798719219793824,164698200
2008-09-23,34.93033981323242,35.94630757141721,34.81841027121846,35.472764056700484,184011200
2008-09-24,35.17143249511719,35.52443818654699,34.88730756514466,35.13699539880403,159270800
2008-09-25,35.73108673095703,36.1788019467761,35.32642036034019,35.49861902556542,148586800
2008-09-26,35.36946487426758,35.72247058398337,34.62901307232331,34.70650229076901,182678600
2008-09-29,32.56263732910156,34.76677262664588,32.01160432581943,34.66345147521865,307954400
2008-09-30,33.501121520996094,33.83690710303062,32.373223413275774,32.47654458037584,195436700
2008-10-01,33.148109436035156,33.55277571912443,32.74344315294587,33.440846118275466,174033300
2008-10-02,31.64137840270996,32.93286323547363,31.546668989467435,32.93286323547363,192124000
2008-10-03,31.150623321533203,32.87260359012247,31.081742534269612,32.080490958674716,272116100
2008-10-06,30.01410675048828,30.590968374506293,28.33517588308552,30.358500720458313,394046600
2008-10-07,28.111316680908203,30.306839888840233,27.784139655926943,30.255179321396273,329365700
2008-10-08,27.887462615966797,29.376974763817408,27.413918823087375,27.50862823854643,452066500
2008-10-09,27.138402938842773,28.998141052916,26.66485749287104,28.541817441851123,352433900
2008-10-10,26.96619987487793,27.964947896746914,25.29587922773524,26.27740870193646,472339100
2008-10-13,30.246578216552734,30.349896092123473,27.896076019718205,28.292130613086066,276998700
2008-10-14,28.937875747680664,31.12479123586091,28.576258223261902,31.12479123586091,341595900
2008-10-15,26.34628677368164,28.714006952533175,26.294627848313034,28.610689101795955,312088500
2008-10-16,27.775531768798828,27.784143506774022,25.1839537045194,26.527097442275572,494783500
2008-10-17,27.809974670410156,28.97231307114787,27.043694142006775,27.267551725607223,326571300
2008-10-20,28.58485984802246,28.636517130077113,27.29337524601315,28.206022262740678,232783400
2008-10-21,27.103954315185547,28.636514870989203,27.103954315185547,28.11992238470469,239932400
2008-10-22,26.354900360107422,27.20728013155783,25.580008165872645,27.009252856234653,289993600
2008-10-23,26.251588821411133,26.76818322696286,24.88261438569281,26.251588821411133,377966900
2008-10-24,25.407812118530273,26.04494444677486,24.185206396166905,24.305744456529748,322129500
2008-10-27,24.701797485351562,26.001892262707717,24.675967200508623,25.11507218959244,239302300
2008-10-28,27.431135177612305,27.44835372529849,24.839555718060293,25.554177176579387,327239500
2008-10-29,27.36225700378418,28.48154475236768,26.905931809106935,27.474184957538654,341316000
2008-10-30,28.274900436401367,28.464319211747426,27.53444880668301,28.128530486975354,255292100
2008-10-31,28.317962646484375,28.78289806876302,27.629171252969584,27.87024741959565,224261000
2008-11-03,28.257692337036133,28.662358699502757,27.990784247091888,28.24908388193561,128455500
2008-11-04,29.05841064453125,29.282266585094234,28.39544799273351,28.8087227722147,182487600
2008-11-05,27.543062210083008,28.9292546062142,27.482793189669604,28.8689855858008,183893900
2008-11-06,26.311847686767578,27.439745501095196,26.174089450884583,27.1125684592173,220677200
2008-11-07,26.854265213012695,27.10395133496829,26.337671141322865,26.621797634421178,176946200
2008-11-10,26.49265480041504,27.525841507243292,26.174087872763238,27.525841507243292,142584500
2008-11-11,25.915794372558594,26.48404753251477,25.588617315488197,26.242969787421202,162869800
2008-11-12,24.719009399414062,25.657488148156165,24.66735048579913,25.528340043015206,184946400
2008-11-13,26.22574806213379,26.286018726536625,23.48780192536201,24.63291827369285,317943900
2008-11-14,24.951480865478516,26.19130648105355,24.856773116114855,25.64027360400132,259407000
2008-11-17,24.426284790039062,25.166735005661312,24.331575373188794,24.5296026609594,202835200
2008-11-18,24.400455474853516,24.753461225298523,23.58251436009088,24.58987267390439,252661800
2008-11-19,23.12618637084961,24.779286839481284,23.065917348078866,24.452109798429095,244180600
2008-11-20,22.00690269470215,23.634174819308267,21.929413467710997,22.84206399844942,342472400
2008-11-21,22.962596893310547,22.971206987948626,21.56779276388699,22.394343784858485,282746800
2008-11-24,24.366010665893555,24.65874732906325,23.22950439345014,23.43614174823915,225058200
2008-11-25,24.25408172607422,24.65874632410138,23.69443870771948,24.632917682185216,202968700
2008-11-26,25.270042419433594,25.27865251158908,23.944117787217497,24.004386790098746,164912000
2008-11-28,25.072023391723633,25.132292414232786,24.822335564519772,24.985924084335828,41238200
2008-12-01,23.18644905090332,24.546812486339327,23.152008680336895,24.53820239369772,149161500
2008-12-02,23.961345672607422,24.013004599936153,23.10896598174878,23.505020494948525,181743000
2008-12-03,24.641523361206055,24.719010915276655,23.306988480358093,23.358647397140945,230944900
2008-12-04,23.94412612915039,24.779287294917008,23.522241319793363,24.254082985905647,188868700
2008-12-05,24.91704559326172,25.028973546134257,23.203676066223238,23.677219805449127,212283700
2008-12-08,25.898571014404297,26.225746389254343,25.347538112674712,25.476686243741636,185782500
2008-12-09,25.838298797607422,26.544310026105318,25.459462903459507,25.55417228754833,178148300
2008-12-10,25.752208709716797,26.225752514973408,25.50252248362759,25.91579725645605,162335100
2008-12-11,25.046184539794922,26.06215240660216,24.917036443992185,25.66609638497234,167161400
2008-12-12,25.554176330566406,25.709154750065128,24.51237786738481,24.701796665531084,158600100
2008-12-15,25.10645866394043,25.623052794754702,24.744842936591187,25.597222513441373,107887000
2008-12-16,26.311847686767578,26.397946994746377,25.054803373783326,25.330319845549315,169300100
2008-12-17,25.993284225463867,26.34628993522387,25.67471725601303,26.044943157031526,159813500
2008-12-18,25.53695297241211,26.17408511846265,25.27865673343748,25.993278079621895,142656400
2008-12-19,25.74648666381836,26.186229256686843,25.574038007739333,25.80684320006834,118308900
2008-12-22,25.186025619506836,25.79821677768431,24.780773475778105,25.746482846368135,95379600
2008-12-23,25.05669403076172,25.53954961662655,24.91011316444423,25.28949922631166,68764800
2008-12-24,25.125667572021484,25.18602409567059,24.987709333797262,25.177403144799513,27194700
2008-12-26,25.11704444885254,25.203268757079098,24.9790862135268,25.177402615825454,20937000
2008-12-29,24.91011619567871,25.21190056241936,24.539352686076697,25.18603276712416,52688300
2008-12-30,25.427452087402344,25.513676398296838,24.953220844370545,24.979086986424534,77089500
2008-12-31,25.643009185791016,25.936170823419832,25.392960521102765,25.40158147109912,89189700
2009-01-02,26.75530433654785,26.84152700973818,25.59990275420308,25.65163668703569,107891500
2009-01-05,26.746681213378906,27.013975113105573,26.375917805433378,26.58285517727906,91751900
2009-01-06,27.01397705078125,27.27264837299448,26.824284857464356,26.94499792188491,136791700
2009-01-07,26.246583938598633,26.64321351712909,26.031023956025436,26.496632663195626,133879800
2009-01-08,26.522499084472656,26.55698782471667,25.936175698995836,26.19484700689817,131926600
2009-01-09,25.927555084228516,26.548368901985395,25.798219420393227,26.53112370824944,117137900
2009-01-12,25.45331573486328,25.996526009356142,25.177399300543627,25.962037277362022,102726200
2009-01-13,25.461944580078125,25.849951544376427,25.160160289229175,25.444699387551427,186266700
2009-01-14,24.68592643737793,25.24638366135224,24.547968191517427,25.168781942481708,136294000
2009-01-15,25.091182708740234,25.298120098026878,24.203074974033562,24.63419494619545,192567200
2009-01-16,25.367094039916992,25.522297461289075,24.746281999020496,25.436073155572156,175478100
2009-01-20,24.108230590820312,25.375724494894833,24.108230590820312,25.26363236936556,135105800
2009-01-21,25.134294509887695,25.16878489769855,24.22894320955146,24.51348233062218,149179600
2009-01-22,24.798017501831055,25.203269626506245,24.36689759041798,24.591080141703813,200602700
2009-01-23,24.918733596801758,25.30674222234014,24.263431053999234,24.392768358906796,170164100
2009-01-26,25.09979820251465,25.513672863965084,24.789391384130965,24.95321738767699,140398700
2009-01-27,25.28087043762207,25.496430385616243,25.108423465981865,25.108423465981865,110591300
2009-01-28,26.168983459472656,26.427654793041572,25.703373085537933,25.703373085537933,139722800
2009-01-29,25.505054473876953,26.212090881550946,25.41883016071359,25.849950081938413,130731800
2009-01-30,25.05669403076172,25.8068435571141,24.953226151356603,25.694751435734222,140334200
2009-02-02,25.358476638793945,25.530925285548612,24.780775810135655,24.81526619732346,126796100
2009-02-03,25.755104064941406,26.237957902116854,25.03082248688227,25.41020682236701,120541100
2009-02-04,25.789600372314453,26.61735169502931,25.68613248484536,25.815468166477938,175780900
2009-02-05,26.358673095703125,26.531121731026627,25.401586294382632,25.418831486833394,217578900
2009-02-06,27.048465728759766,27.169178785554365,26.36729543492268,26.45351975174399,164513200
2009-02-09,27.160568237304688,27.307149147543697,26.893274216725132,27.065721282269806,98856900
2009-02-10,26.16036605834961,27.315767981014183,25.953428621474355,26.988115805850615,232795200
2009-02-11,26.039648056030273,26.32418718367055,25.6343942128571,26.19484987098586,169117200
2009-02-12,26.358673095703125,26.393163480604652,25.556789737255368,25.73786096880425,201151400
2009-02-13,26.237953186035156,26.539737396748265,26.11724015958657,26.28106451131204,145066700
2009-02-17,25.19464683532715,25.58265541042337,25.056688596313364,25.42745198038488,157783300
2009-02-18,25.211885452270508,25.582648739664286,24.89285772446063,25.358466248575223,161271900
2009-02-19,24.823883056640625,25.530919384653348,24.76352489301239,25.367093372560316,155322400
2009-02-20,24.892866134643555,25.134292249236136,24.478989741099586,24.5479688659249,210752400
2009-02-23,24.02201271057129,25.04807737353272,23.909920562608747,25.03083381927075,169473500
2009-02-24,24.815265655517578,24.98771265391493,24.108227534934368,24.15134051797781,181337300
2009-02-25,24.651430130004883,25.151529028862488,24.263421654774195,24.668675316591028,220224700
2009-02-26,23.96164894104004,24.961847149015576,23.8840472141633,24.81526629209198,211218500
2009-02-27,23.737462997436523,24.125469932309485,23.616748303496355,23.71159521060821,204492600
2009-03-02,22.970073699951172,23.720223244022698,22.823492830171325,23.3839501611246,188180400
2009-03-03,22.95283317565918,23.41844199455448,22.780384490383856,23.15977061123404,158758800
2009-03-04,23.565019607543945,23.892670090504538,23.211501332010553,23.289103065136644,164911000
2009-03-05,22.85797119140625,23.487405682621326,22.78036949856149,23.306336162377864,199626900
2009-03-06,22.676916122436523,23.11665881248496,22.16819428363104,22.97870051497086,218421600
2009-03-09,22.194059371948242,23.116655990676325,22.099212437262857,22.495843727644303,181098800
2009-03-10,23.565019607543945,23.616753548097236,22.55619872149705,22.633800454623145,175068200
2009-03-11,23.927152633666992,24.13408997260715,23.50465536109019,23.806439597099843,173094900
2009-03-12,24.720420837402344,24.798022568880633,23.659866033322107,23.90991477784704,184395100
2009-03-13,24.780771255493164,24.86699556302269,24.418630479542664,24.71179213838792,156783500
2009-03-16,24.36688995361328,24.987701839426922,24.306533448066443,24.944590519633874,190269800
2009-03-17,25.289491653442383,25.289491653442383,24.401384124096364,24.487608427509187,169773800
2009-03-18,25.608531951904297,26.039652007359976,25.073942359518558,25.186032850316337,208033900
2009-03-19,25.591276168823242,25.97928307147381,25.401582370352827,25.962039526278893,146753400
2009-03-20,25.201766967773438,25.93588318820812,25.029033158031737,25.642236700034246,149410800
2009-03-23,26.687267303466797,26.721814718943833,25.219036739232966,25.823601684278152,179499000
2009-03-24,26.194982528686523,26.669998039462413,26.177708818069874,26.46271845399775,118757600
2009-03-25,26.315898895263672,26.816825042144796,25.616329990396157,26.419539526172017,190555200
2009-03-26,27.127750396728516,27.170933040141268,26.272721208120462,26.600913581069232,182459500
2009-03-27,26.61817741394043,26.929097602465742,26.523173656932887,26.773637508203088,156108100
2009-03-30,25.9617862701416,26.186339513399837,25.581774609838124,26.16906580684659,162919700
2009-03-31,26.186344146728516,26.73045446824967,26.14316152001613,26.16043522962573,150243800
2009-04-01,26.574993133544922,26.669995237331506,25.728601169997308,25.858150691387404,137950000
2009-04-02,27.430021286010742,27.870490965900025,26.97227789773878,27.05000793814933,212272400
2009-04-03,27.93958282470703,27.982768743469688,27.4904779327958,27.715031202407175,134577300
2009-04-06,27.870500564575195,27.922321707570568,27.335026951474134,27.628673505866317,160413700
2009-04-07,27.136377334594727,27.568210200105582,26.955006674478106,27.568210200105582,147531200
2009-04-08,27.594114303588867,27.76684806827027,27.196827303746144,27.404106832977067,126126000
2009-04-09,28.44914436340332,28.50960069329016,28.0086763464245,28.112315298427244,131871500
2009-04-13,28.405973434448242,28.561433573758098,28.09505315582853,28.362790794556446,119310500
2009-04-14,28.06050682067871,28.397335997900438,27.870499266502772,28.233237366703406,124069000
2009-04-15,27.982772827148438,28.008681746488634,27.50775565573316,27.861856849439317,124808200
2009-04-16,28.708250045776367,28.872345346874052,28.077771169516804,28.371417646749638,171168000
2009-04-17,28.768695831298828,28.93279107221161,28.440502054851205,28.64777990709661,129835400
2009-04-20,27.844581604003906,28.345505960574616,27.689121525676423,28.250502213305275,123080500
2009-04-21,28.233230590820312,28.27641651158599,27.7063972804849,27.740941404624973,145490200
2009-04-22,28.319595336914062,28.958706025142508,27.974127784893515,28.069131526430304,165040500
2009-04-23,28.595970153808594,28.621879068988616,28.06049837414251,28.500966405317854,181666600
2009-04-24,29.096893310546875,29.304174507262754,28.561421553079892,28.794611663901687,141170000
2009-04-27,29.131437301635742,29.41644850179176,28.803243484837974,28.86369980706092,120749100
2009-04-28,28.915531158447266,29.286907723335403,28.81189218289958,28.950078581837705,108968000
2009-04-29,29.31281852722168,29.710107332494424,29.10554056280653,29.148723197507703,141413600
2009-04-30,29.606470108032227,30.14194541250233,29.399192108244915,29.70147389736158,144120400
2009-05-01,29.684179306030273,29.83100413936321,29.37325923038132,29.597814082626492,100112000
2009-05-04,30.271480560302734,30.306027977225355,29.813738817258546,29.95192519032602,119317400
2009-05-05,30.245569229125977,30.2801166432892,29.908740177591408,30.219660315814934,113569500
2009-05-06,30.254209518432617,30.521947081246672,29.76192031507568,30.478764453598806,178840500
2009-05-07,29.54601287841797,30.461500018568525,29.26100481346382,30.461500018568525,216484700
2009-05-08,29.563282012939453,30.00375344683413,29.26100027957942,29.77056326911762,183507300
2009-05-11,29.66691017150879,29.986468795487493,29.08825583741469,29.18325957456389,142775900
2009-05-12,29.304168701171875,29.779184035194124,28.950066001851052,29.72736292262686,147842200
2009-05-13,28.518245697021484,29.06235608469024,28.466424561892772,29.04508237298067,175548300
2009-05-14,28.83779525756836,29.105532792637103,28.57006101712258,28.587331430693368,140021700
2009-05-15,28.820524215698242,29.20917444945618,28.699611541778722,28.794615298322135,121326400
2009-05-18,29.571914672851562,29.606458796535186,28.83779685963682,29.019165863812653,114333400
2009-05-19,29.710107803344727,30.003754336439812,29.321457495627133,29.502826541020713,129086400
2009-05-20,29.606470108032227,30.262858128149,29.520104823891582,29.82238661300825,131873700
2009-05-21,29.062353134155273,29.58918646200444,28.768706654152094,29.381908531780606,139253200
2009-05-22,28.96734619140625,29.33872267806194,28.777338697408563,29.174624098837416,83510600
2009-05-26,30.04693603515625,30.08148346023727,28.65643347457123,28.71688982115112,144857200
2009-05-27,29.83964729309082,30.39239277721858,29.736008338472605,29.960559955915897,121348800
2009-05-28,30.185104370117188,30.28874328869155,29.545990567228,30.02100584653414,118931300
2009-05-29,30.556495666503906,30.66013463573578,30.021020520455146,30.202392834890205,111535700
2009-06-01,31.42879295349121,31.523796703573172,30.75513479054354,30.884682663236454,119126200
2009-06-02,31.471967697143555,31.77425258031432,31.186959812886666,31.2560513354311,126858600
2009-06-03,31.376991271972656,31.411535412363445,31.03152351106685,31.376991271972656,93329800
2009-06-04,31.731067657470703,31.77425026774587,31.385600186025428,31.446056499335054,89280600
2009-06-05,31.76563262939453,32.024735050441926,31.454712359836975,31.92109276417331,121958800
2009-06-08,31.670608520507812,31.91243707196449,31.195593211173165,31.56696959538182,89194100
2009-06-09,31.91244888305664,32.1024531003396,31.67062024209695,31.817445127103536,109187800
2009-06-10,31.800174713134766,32.10245642738328,31.34243289023741,32.09382121895772,133404700
2009-06-11,31.800174713134766,32.154277561807426,31.73971837028506,31.756992081759776,147909800
2009-06-12,31.653345108032227,31.713801435603273,31.264694934630665,31.670615520518734,109452500
2009-06-15,31.005590438842773,31.376966839516374,30.72921776317249,31.35105463611954,112152900
2009-06-16,30.70331382751465,31.256059327697635,30.67740491176328,31.126511454317722,110550300
2009-06-17,30.996967315673828,31.273340128439962,30.61695552177635,30.83287198766388,153421800
2009-06-18,30.93650245666504,31.143783656518444,30.72058605018657,30.945140957913,126266700
2009-06-19,31.26854705810547,31.44149322220997,31.05236517764327,31.173426502914307,122044700
2009-06-22,30.33466339111328,31.035091042340294,30.282778517487756,30.983209467390694,137714900
2009-06-23,30.265480041503906,30.490307870394982,30.06659299707223,30.4211313456114,114903100
2009-06-24,30.77566146850586,31.01778418854774,30.50759467226331,30.524889623505537,103314600
2009-06-25,31.38095474243164,31.441485389988692,30.50757831566924,30.57675808354752,112538200
2009-06-26,31.450172424316406,31.562588045092934,31.173459587541274,31.23399031441851,87677300
2009-06-29,31.519336700439453,31.778754444331533,31.23397487308526,31.53663165652234,93817600
2009-06-30,31.458816528320312,31.761470114337317,31.2253394911029,31.605818756192377,97843000
2009-07-01,31.47608757019043,31.856566546137977,31.467438446490384,31.614443861323554,85976000
2009-07-02,30.784303665161133,31.21666749921494,30.697832217820082,31.20802167395054,113309800
2009-07-06,30.620023727416992,30.73243931079545,30.30007523483719,30.594082938435854,107632500
2009-07-07,29.859050750732422,30.689191969977163,29.84175579838619,30.628657987427918,149773000
2009-07-08,30.01470947265625,30.1530658270905,29.660171108251255,30.040653556952208,152776400
2009-07-09,30.06658935546875,30.27412220335909,29.96282293152358,30.12712004432636,97851500
2009-07-10,30.19630241394043,30.386543643611954,29.885003081763088,29.98012039792307,108482000
2009-07-13,30.77566146850586,30.784307294789645,29.815813115947464,30.222236223453187,127140300
2009-07-14,30.88808822631836,30.9486189283244,30.611375503240495,30.741082736678074,115631700
2009-07-15,31.925752639770508,31.93440176607062,31.25126593006907,31.406917216719428,160869700
2009-07-16,32.30624008178711,32.37541660963207,31.752814664324703,31.778755449932103,120142500
2009-07-17,32.47917938232422,32.48782520944684,32.14193274839217,32.29758402599928,104906500
2009-07-20,32.790496826171875,32.85967667622353,32.52243315391373,32.652140424745376,97168800
2009-07-21,33.01531219482422,33.01531219482422,32.54835832711539,32.92019159599369,130587600
2009-07-22,33.292022705078125,33.456319811424336,32.97207431959339,33.041250833279946,113808600
2009-07-23,34.027042388916016,34.148107068803824,33.19690437602245,33.25743506662874,160239300
2009-07-24,33.76762008666992,34.04433272005762,33.53414318374753,33.66385367381823,109312300
2009-07-27,34.027042388916016,34.07892725172508,33.61197338246923,34.00975073332157,94718600
2009-07-28,33.7935676574707,34.234577431688095,33.66385715399052,33.88003912734074,111564300
2009-07-29,34.018394470214844,34.09622011030735,33.72438686305149,34.00109951700817,126538200
2009-07-30,34.21726608276367,34.744750372781944,34.165381246497205,34.372917292889504,108969900
2009-07-31,34.113521575927734,34.459410810067766,34.07893166291103,34.21728801630218,78208300
2009-08-03,34.62370300292969,34.64099795531975,34.27781055247824,34.47669755695161,111722800
2009-08-04,34.62370300292969,34.753410197842825,34.3902260936762,34.459402604561554,100690800
2009-08-05,34.35563659667969,34.710174878196916,34.122159684654946,34.7015290512367,118093000
2009-08-06,34.052982330322266,34.52858196956346,33.9319209638254,34.43346138198025,116937500
2009-08-07,34.48537063598633,34.64966784980025,34.23459860015678,34.519957266115405,107442100
2009-08-10,34.24322509765625,34.459407082612856,34.01839728471852,34.36428978011921,87163200
2009-08-11,33.94921875,34.156754914823715,33.767626667451395,34.130814131224035,91922700
2009-08-12,34.47669982910156,34.77935656786157,33.897333729889,33.92327451084625,147240000
2009-08-13,34.66694641113281,34.72747710856436,34.27781814287602,34.68424136735263,110107000
2009-08-14,34.26918029785156,34.55453889526993,33.96652344150776,34.476713223487394,124480200
2009-08-17,33.274723052978516,33.73302769979025,33.25742810233049,33.68979197250746,131797200
2009-08-18,33.75032424926758,33.81950405513688,33.387140164477856,33.48226074821079,84496200
2009-08-19,33.983802795410156,34.07027755694369,33.326611101129636,33.352551880252264,88036300
2009-08-20,34.381561279296875,34.45074105728929,33.89731602804342,33.96649250736247,81473500
2009-08-21,34.83988571166992,34.900416397004,34.364286056041465,34.580468017570304,114660200
2009-08-24,34.805320739746094,35.08203358483871,34.675610150437606,34.900441398748676,109904900
2009-08-25,34.90906524658203,35.24630860797859,34.80529881969276,34.88312446452852,92900400
2009-08-26,34.84852600097656,35.10794365385244,34.65828814816062,34.831231050961584,96407500
2009-08-27,34.93501281738281,34.99554351400496,34.303758469165246,34.839892208783574,121957800
2009-08-28,34.96958541870117,35.52301389255448,34.72746272922889,35.367362649701086,114300900
2009-08-31,34.61506652832031,34.76207202802514,34.40753362114137,34.71018715189236,96415300
2009-09-01,33.96651840209961,35.09931339027353,33.862751954676895,34.494003066068565,162958900
2009-09-02,33.94058609008789,34.130827373430535,33.75899393708448,33.784934730748766,92757200
2009-09-03,34.16541290283203,34.217297787172996,33.74169789274893,34.10488218710587,76783100
2009-09-04,34.900421142578125,34.9177160976931,34.174049521126065,34.225934386470996,74866600
2009-09-08,35.22903060913086,35.26361723238483,34.98690445429396,35.177145726235125,71024400
2009-09-09,35.53168487548828,35.704631189852655,35.099320738915615,35.2549720919759,99280800
2009-09-10,35.86891174316406,35.912147477039234,35.45384276034734,35.54896335407774,99289100
2009-09-11,35.90351486206055,35.989986361632,35.644097064669936,35.89486573289764,93868400
2009-09-14,36.0418586730957,36.06779945418656,35.635435509738365,35.670025416976245,90435600
2009-09-15,36.154296875,36.27535832750935,35.94676060021457,36.01594045803544,91594600
2009-09-16,36.68177032470703,36.73365520658427,36.180229661266274,36.31858604759577,96888500
2009-09-17,36.67311096191406,36.88929294195333,36.5001647181476,36.58663948936845,102169600
2009-09-18,36.73457717895508,36.890379142118995,36.53549762643861,36.8211356595286,87444200
2009-09-21,36.84709548950195,36.95961984479721,36.49221403221804,36.52683741875009,71351400
2009-09-22,36.91632843017578,37.072130309323875,36.73455736992525,37.05481862254446,75638400
2009-09-23,36.74323272705078,37.36643724474875,36.68264344480053,37.07214833202942,143924100
2009-09-24,36.414306640625,36.95095582974514,36.15463789117121,36.89036656493483,111016400
2009-09-25,36.09405517578125,36.43162494151138,35.99018831752611,36.14598695397488,109216000
2009-09-28,36.70859146118164,36.92498259295042,36.25849751087858,36.293120884409575,84478500
2009-09-29,36.54415512084961,36.89037913749504,36.379695658714745,36.708611281116056,106686400
2009-09-30,36.57011795043945,36.873064352358554,36.007499430454665,36.69129651120709,173102700
2009-10-01,35.48816680908203,36.46625623346531,35.48816680908203,36.440287036870934,140119100
2009-10-02,35.3842887878418,35.7045468288137,35.245798556459285,35.245798556459285,145286400
2009-10-05,35.66990661621094,35.83436595841866,35.34099453552752,35.56603981714596,97054200
2009-10-06,36.30178451538086,36.47489812617903,35.85169044805262,35.869002139319186,124628000
2009-10-07,36.4056510925293,36.42296278209803,36.15463654658335,36.25850338212861,93787600
2009-10-08,36.561466217041016,36.89037853217693,36.47490773789865,36.622055501506495,107850400
2009-10-09,36.769195556640625,36.829784833844776,36.4056598934157,36.48356086437361,62828000
2009-10-12,36.84709548950195,37.10676428475665,36.596080889946336,36.91634226256607,53221900
2009-10-13,36.855743408203125,37.0028878099195,36.67397232708634,36.81246253535288,70939300
2009-10-14,37.35777282714844,37.40105040236258,37.08944657783302,37.3144952519343,91004900
2009-10-15,37.27121353149414,37.323145295228436,37.106754141356966,37.15868920695823,85772800
2009-10-16,37.02885818481445,37.21062928798536,36.76918942554269,37.13272833001709,111859300
2009-10-19,37.40103530883789,37.452970359256405,36.86438632864394,37.054811544979145,83512000
2009-10-20,37.409706115722656,37.617439787597675,37.16734576271223,37.617439787597675,89847900
2009-10-21,37.34046936035156,37.929053758119046,37.2712258851326,37.40105863936868,110397400
2009-10-22,37.48759460449219,37.64339645753198,37.03750072925125,37.271203508810935,85871800
2009-10-23,37.331817626953125,37.85115528189461,37.236604953111254,37.85115528189461,117020400
2009-10-26,37.21062088012695,37.87710266764607,37.03750731243887,37.39238864035944,107068600
2009-10-27,36.64801025390625,37.314495482294014,36.509520031245636,37.1586935690674,121438200
2009-10-28,35.82572937011719,36.63070496177392,35.747828399896605,36.51818060437353,143553600
2009-10-29,36.43163299560547,36.51818817964189,35.95557287966791,36.03347386604814,85207600
2009-10-30,35.45352554321289,36.48354953969476,35.41890216645266,36.4056485929177,162796500
2009-11-02,35.600669860839844,35.98151706341463,35.176541790493715,35.48814554799428,142456600
2009-11-03,35.713199615478516,35.765134688399414,35.349664010634555,35.41025327810855,95107000
2009-11-04,35.77378845214844,36.24119085219754,35.73050757829661,35.94689874008739,107970600
2009-11-05,36.65666580200195,36.699946680949004,36.16329415918637,36.1892633469281,135204800
2009-11-06,36.873046875,36.91632774207512,36.42295623459122,36.457576305638106,96312300
2009-11-09,37.66071319580078,37.669370690593986,37.1154098910343,37.15868745939987,101620800
2009-11-10,37.75593185424805,37.88576788193711,37.56550986266938,37.617441632251136,72846500
2009-11-11,37.998291015625,38.20602469110715,37.747276464372426,38.041568589528175,84676200
2009-11-12,37.781898498535156,38.22333501961218,37.69534005194458,38.02425554525453,92426100
2009-11-13,38.093502044677734,38.206026383303644,37.76458982695182,37.89442255441182,87959500
2009-11-16,38.483009338378906,38.64746875982557,38.18871718101223,38.257963948330314,87776100
2009-11-17,38.604190826416016,38.604190826416016,38.30124445094103,38.37914541918715,81884000
2009-11-18,38.387794494628906,38.50897633052341,38.12812573573265,38.483007143326596,100240800
2009-11-19,37.790557861328125,38.154096782999886,37.522231592995816,38.128127594537034,114558000
2009-11-20,37.6001091003418,37.695321694289255,37.46161895510882,37.5914549108309,70912100
2009-11-23,38.20602035522461,38.43106899696865,37.96366332737736,37.98962920839904,91621500
2009-11-24,38.07619857788086,38.21468881952766,37.85114987153742,38.18871962918477,60670000
2009-11-25,38.24065017700195,38.2752735587782,38.0935024553866,38.2060267952257,37630100
2009-11-27,37.66071319580078,37.937696897447445,37.13272157875389,37.19331083483905,61230000
2009-11-30,37.704010009765625,37.755941793017755,37.31450512603359,37.57417394789888,84819400
2009-12-01,38.093502044677734,38.34451660704808,37.980981007919205,37.98963520233625,81817800
2009-12-02,38.14543151855469,38.50897036619794,38.06753057276448,38.22333246434489,81653600
2009-12-03,37.989627838134766,38.517622745643386,37.980973645395316,38.283919919277274,72460400
2009-12-04,38.188716888427734,38.71671192864631,37.79055788500203,38.474354848625026,125062600
2009-12-07,38.0069465637207,38.33586208046407,37.92904560717273,38.162748476816645,67471900
2009-12-08,37.77323913574219,38.08484292433088,37.530882101002966,37.79055082420456,86621400
2009-12-09,38.154090881347656,38.18871095749716,37.496259906501216,37.73861694888303,78820500
2009-12-10,38.344505310058594,38.552242235405856,38.292573555121585,38.31853943259009,76722400
2009-12-11,38.19737243652344,38.595531419636565,38.04157052106745,38.552253843535986,66643700
2009-12-14,38.560890197753906,38.60416775383205,38.24928651100585,38.45702340279318,47965500
2009-12-15,38.344505310058594,38.664763239013645,38.23198100458439,38.43971792993165,61171100
2009-12-16,38.396446228027344,38.69073832443718,38.33585697010769,38.491658862434484,61629700
2009-12-17,37.92904281616211,38.26661250240745,37.87710774832932,38.22333493014701,90440900
2009-12-18,38.54721450805664,38.5645550827654,38.14839121188456,38.287112502178175,96442600
2009-12-21,38.98073196411133,39.12812524464249,38.72929850797893,38.7466390884754,82357400
2009-12-22,39.214813232421875,39.26683495851318,39.04141078616077,39.11077308761584,51569100
2009-12-23,39.50092697143555,39.50959560525502,39.197471869729725,39.292843378626515,73932200
2009-12-24,39.86508560180664,39.86508560180664,39.53562115509049,39.54429309987079,31770400
2009-12-28,40.07316207885742,40.14252108774559,39.83039727930563,39.960449968614704,49381400
2009-12-29,39.90841293334961,40.09915592258493,39.87373509588719,40.08181535016572,32410200
2009-12-30,40.029815673828125,40.107846638991404,39.84774452423975,39.865085106206905,57612700
2009-12-31,39.6656494140625,40.12516298279411,39.6656494140625,40.10782241130177,50079200
2010-01-04,40.246559143066406,40.30725282030277,40.11650976795818,40.16853150242773,62822800
2010-01-05,40.246559143066406,40.31592145569248,40.02113824178588,40.22054992952018,62935600
2010-01-06,40.0037956237793,40.35926918941906,39.94310525701472,40.22921982094223,96033000
2010-01-07,40.029815673828125,40.1165185836639,39.81306336030544,40.064496837762434,77094100
2010-01-08,40.35927200317383,40.35927200317383,39.82172729976398,39.94310804175551,88886600
2010-01-11,40.194541931152344,40.43730341792865,39.98645829436036,40.41129420359611,104673400
2010-01-12,39.691673278808594,40.00379706621044,39.47492101615477,39.95177863989483,90673900
2010-01-13,40.18587875366211,40.30726283090436,39.544293739414165,39.8130644991486,100661000
2010-01-14,40.220542907714844,40.33325499236609,40.07315298018181,40.107830823063594,75209000
2010-01-15,39.752349853515625,40.35925663982235,39.57895074946448,40.289897659677074,126849300
2010-01-19,40.393959045410156,40.43730884424061,39.839073682674,39.84774231948903,84388200
2010-01-20,39.813053131103516,40.40261953699764,39.38822055788324,40.10783633405058,145680000
2010-01-21,39.44025802612305,40.185883312356005,39.275524127724374,39.925781160658154,204939600
2010-01-22,38.28712844848633,39.431580396908586,38.183088264278254,39.31019963076953,171098700
2010-01-25,38.41716766357422,38.66859774480312,38.25243384678873,38.52120781123365,154218700
2010-01-26,38.45185470581055,38.92004044333607,38.19175262075552,38.373823749556294,140816500
2010-01-27,38.75532150268555,38.88537093047731,38.15708288975675,38.38250718973464,161632700
2010-01-28,37.75825119018555,38.5212202363308,37.55883946477737,38.49521101787078,221439800
2010-01-29,37.09932327270508,38.16574415764005,36.96060193744632,38.07037261951637,212099600
2010-02-01,37.50678634643555,37.52412691336293,37.17732549694019,37.19466606386757,136827100
2010-02-02,37.844947814941406,37.95765661447655,37.307399801899386,37.56750517283199,110727700
2010-02-03,38.05302047729492,38.12238277753827,37.64552523180654,37.66286580686738,93581600
2010-02-04,36.95193099975586,37.85362135717863,36.95193099975586,37.77559039725978,151652500
2010-02-05,37.26405715942383,37.29873832318641,36.518428675417276,37.04730484697438,213618600
2010-02-08,36.99527359008789,37.43745004593567,36.96926437764166,37.20335721178866,94354400
2010-02-09,37.37675476074219,37.72355634144326,37.07329965683015,37.43744512004929,118956000
2010-02-10,37.29872512817383,37.55015851543734,37.06463231665711,37.376756065346065,94102900
2010-02-11,37.862281799316406,37.96632526160837,37.073303734175255,37.307396563266835,93050800
2010-02-12,37.9403190612793,38.04436254089963,37.42011489268742,37.524155064930305,93938500
2010-02-16,38.42583465576172,38.45184386472096,38.018339409392084,38.217754369334706,83861400
2010-02-17,38.64259719848633,38.64259719848633,38.373823173781695,38.599247402857166,82691700
2010-02-18,38.88536071777344,38.9547230402814,38.53855902736632,38.616589986498994,65752600
2010-02-19,38.868011474609375,39.05875118801034,38.68593708778695,38.781308598175706,80416500
2010-02-22,38.789981842041016,39.041411923700075,38.633919966596544,39.02407134783106,72055000
2010-02-23,38.28712844848633,38.78999540235135,38.105057299277746,38.76398287576597,95814400
2010-02-24,38.67728805541992,38.833350004715925,38.42585454740101,38.486544937974095,86591000
2010-02-25,38.66860580444336,38.75530870171146,38.001011686054404,38.269782399142144,97961300
2010-02-26,38.807315826416016,38.89401869842376,38.49519540931731,38.65992590506744,66222400
2010-03-01,39.37088394165039,39.44024625867654,38.97206054088197,38.98072917682158,77290100
2010-03-02,39.49225997924805,39.75236202232188,39.405560400682404,39.50960055643656,76368500
2010-03-03,39.53562545776367,39.726368575154474,39.38823545423677,39.587647209973404,65735500
2010-03-04,39.6656494140625,39.71767112853952,39.36219768138613,39.56160929248429,54470900
2010-03-05,40.26390075683594,40.35060364984858,39.87374931409921,39.96044889973466,68136300
2010-03-08,40.34192657470703,40.43729809119953,40.26389563461106,40.28123621100758,58712400
2010-03-09,40.56736373901367,40.79278468953283,40.22923065954602,40.25523987877343,98002800
2010-03-10,40.896820068359375,40.9921916041573,40.57602760852972,40.59336818843638,102578900
2010-03-11,41.05287170410156,41.05287170410156,40.73207932457019,40.8014416268346,67510300
2010-03-12,41.06154251098633,41.208932438160694,40.83611834223238,41.18292322921852,64068300
2010-03-15,40.95751190185547,41.078892648342446,40.6713973073842,40.97484917360165,60150500
2010-03-16,41.21760177612305,41.27829213140599,40.94882784031551,41.087549124873135,74950600
2010-03-17,41.330326080322266,41.529741102490796,41.2089453241345,41.278307646171825,75643500
2010-03-18,41.46904373168945,41.51239352196416,41.26962874314722,41.365000266177766,77829400
2010-03-19,41.21822738647461,41.61747662191865,41.07067674064869,41.591436325061906,86337100
2010-03-22,41.59141159057617,41.756321232598296,41.00989717750602,41.05329323191463,71902800
2010-03-23,41.877838134765625,41.92123419603989,41.461229986899625,41.65217662959509,59182600
2010-03-24,41.67823791503906,41.8084261748005,41.58276453800184,41.8084261748005,62995700
2010-03-25,41.6174430847168,42.18159829472476,41.574047039470955,42.02536988311492,76294800
2010-03-26,41.66083526611328,41.947255097802554,41.43517386522035,41.791026700682174,78067900
2010-03-29,41.860477447509766,42.00802802328927,41.747645043785106,41.86915864597704,57993300
2010-03-30,41.99934768676758,42.138217066929805,41.71293103870489,41.990669799029334,49437300
2010-03-31,41.79973602294922,42.051437886609165,41.72162176563779,41.86917238985191,59947400
2010-04-01,41.79973602294922,42.26842156681777,41.47860110329478,41.973323629297745,83728600
2010-04-05,42.19028854370117,42.28576185027273,41.782358346861514,41.8951907374376,56220300
2010-04-06,42.311790466308594,42.441981915182744,41.999333637735496,42.09480692545573,54097100
2010-04-07,42.20766067504883,42.41596312568074,41.98199582413854,42.2510567430215,77211500
2010-04-08,42.303123474121094,42.372556503401185,41.869156280672975,42.08613987739704,68314300
2010-04-09,42.55482864379883,42.57218773158428,42.207656820812076,42.31180803661736,54227300
2010-04-12,42.58954620361328,42.70237861713369,42.47671379009287,42.5721871160788,44280600
2010-04-13,42.8065299987793,42.8325669747291,42.407280916647686,42.54615030655901,59376000
2010-04-14,43.31861114501953,43.32728903329691,42.96275812931403,43.03219447916262,69004800
2010-04-15,43.509552001953125,43.56162594649739,43.2838872059048,43.2838872059048,72254200
2010-04-16,42.9887809753418,43.50086229898642,42.70236440362534,43.35331507041565,127388000
2010-04-19,42.96276092529297,43.10163032312024,42.44200151116761,42.83256941630783,98251700
2010-04-20,43.17973327636719,43.29256566725882,42.901994553331434,43.197092360420264,69543700
2010-04-21,43.42276382446289,43.56163321793969,43.153706236987055,43.47484108860701,74748700
2010-04-22,43.665794372558594,43.70919044381034,42.75446032173195,43.006162170263266,110477200
2010-04-23,43.848045349121094,43.891441406013165,43.474833300216886,43.65709872570771,77205200
2010-04-26,43.7525749206543,43.960880642732974,43.657101602656034,43.89144429840437,67361000
2010-04-27,42.823890686035156,43.76993947480349,42.711058267858874,43.578992814952485,112608000
2010-04-28,42.84992599487305,43.075590822440816,42.51143206442882,43.04955053562458,130082100
2010-04-29,43.596343994140625,43.683139419648455,43.05822559961984,43.092943769822966,84180200
2010-04-30,42.737091064453125,43.64842151697597,42.7023728940372,43.578985176144116,110897000
2010-05-03,43.335968017578125,43.544270434662735,42.90200078592675,42.91935987250168,74169700
2010-05-04,42.0340690612793,42.80653025420192,41.73029330369426,42.80653025420192,141136500
2010-05-05,41.81707000732422,42.09480868636174,41.34838474485858,41.59140526128985,128560200
2010-05-06,40.41971206665039,41.938597541852566,37.008728991752335,41.5306672404507,274356800
2010-05-07,39.41291046142578,40.619339038165194,38.432143426222204,40.115938686627814,288200400
2010-05-10,41.46122741699219,41.48726438996144,41.06197838056415,41.166129583348194,136041600
2010-05-11,41.417823791503906,41.999338154289966,40.96649758068618,41.04461179622976,113016100
2010-05-12,42.198970794677734,42.233688966277526,41.57406026041691,41.64349329270941,85462400
2010-05-13,41.530677795410156,42.346538605563694,41.42652654912339,42.0167224629291,102844300
2010-05-14,40.73217010498047,41.24425163962567,40.254806748153705,41.21821466171568,147386100
2010-05-17,40.86235809326172,41.02726445731987,39.98574238891853,40.810280831024066,120969600
2010-05-18,40.29819107055664,41.29631687104546,40.11592565649035,41.20952145179482,153072100
2010-05-19,39.97705841064453,40.47178073836142,39.534410026325084,40.15064263651181,159000300
2010-05-20,38.492897033691406,39.30007645240823,38.40610490065186,39.19592523057924,189289800
2010-05-21,38.91819381713867,39.612540945941895,37.74648324421501,37.894030560563316,190631100
2010-05-24,38.7619514465332,39.343469235332286,38.744592360653385,38.900820822664656,113038000
2010-05-25,38.796688079833984,38.84876205134593,37.520822803252635,37.91139414413556,155643000
2010-05-26,38.36270523071289,39.551774558384814,38.293268882077314,39.06573005065778,140203200
2010-05-27,39.81214904785156,39.82950813274483,39.13516129154874,39.23063460300825,110671600
2010-05-28,39.57781982421875,39.916317128362785,39.230647941039166,39.88159894677242,128535300
2010-06-01,39.213279724121094,40.14196934462691,39.169883662686736,39.43026334220016,104242700
2010-06-02,40.141971588134766,40.16800856426912,39.169885851865374,39.43894343434021,97249300
2010-06-03,40.523860931396484,40.593297281177456,39.994423663399836,40.254803353263696,98928400
2010-06-04,39.135162353515625,40.176684299025816,39.00497086873673,39.66460286895288,112849900
2010-06-07,38.42346954345703,39.456310643915835,38.38007347066446,39.3348003157334,88436600
2010-06-08,38.35403060913086,38.60573244973895,37.83327114868672,38.49290001930982,133030100
2010-06-09,38.03288269042969,38.97893125785636,37.920050298652164,38.623078309241194,101949200
2010-06-10,39.11781692504883,39.16121299815666,38.39743284091599,38.50158407855641,76892300
2010-06-11,39.491024017333984,39.52574219570334,38.71856275860829,38.71856275860829,74346800
2010-06-14,39.48234939575195,40.13330039496528,39.41291303326669,39.85555825593224,68085000
2010-06-15,40.54122543334961,40.59330270264055,39.447629265502535,39.69064990037792,76332600
2010-06-16,40.706138610839844,40.91444108399685,40.35896340770068,40.428399772691755,78399700
2010-06-17,40.8363151550293,40.94914756043054,40.480462163447385,40.93178847414518,77111900
2010-06-18,40.870235443115234,41.16589259815698,40.748494847012594,40.9137137535544,75921400
2010-06-21,40.52239990234375,41.46154727415248,40.28761637657383,41.391979327863424,95488100
2010-06-22,40.2093620300293,40.99198167712054,40.13109973360188,40.696324481415076,94493400
2010-06-23,40.044132232666016,40.40935731951966,39.73108310598641,40.25283275617985,92397600
2010-06-24,39.4354248046875,39.99195841194079,39.304989883867066,39.87021450845333,114145900
2010-06-25,39.443275451660156,39.7830778195933,39.16446308188396,39.652383067139496,88740300
2010-06-28,39.303863525390625,39.687229646905614,39.04247738237108,39.44326968991472,71350000
2010-06-29,37.78782653808594,38.73753227262303,37.526440340004484,38.702679893223944,136384200
2010-06-30,37.212764739990234,38.04920165984198,37.151774755649264,37.665835569169474,101313200
2010-07-01,37.10823059082031,37.430606867729125,36.39377326161341,37.32605302835184,158695000
2010-07-02,37.00365447998047,37.30860437950117,36.67256364356898,37.1691982363339,78565300
2010-07-06,37.11692428588867,37.78781747167777,36.811974348577735,37.55256895273575,88591900
2010-07-07,38.30187225341797,38.34543604847132,37.204049329032784,37.23890169455727,72448400
2010-07-08,38.51099395751953,38.66782632279832,38.05792304934807,38.60683632782384,78264600
2010-07-09,38.87692642211914,38.88564117612192,38.406432740817706,38.493560338616724,47851200
2010-07-12,38.990196228027344,39.234156168773566,38.73752153299453,38.84207864220426,60927500
2010-07-13,39.495548248291016,39.64366584397796,39.03376262779112,39.33000114287015,93310500
2010-07-14,39.69593811035156,39.91376041562932,39.417125825492406,39.57395482748415,87687100
2010-07-15,39.73080062866211,39.85278395290256,39.199316815433086,39.61753538456886,95992500
2010-07-16,38.63297653198242,39.75694078377089,38.598124154321,39.59139365173195,98831900
2010-07-19,38.964054107666016,39.04247026865461,38.42385241032036,38.74623180755376,81800800
2010-07-20,39.43455505371094,39.43455505371094,38.21475194138083,38.336731920243324,89061200
2010-07-21,38.894344329833984,39.87018717708711,38.82464293116795,39.85276432019868,83577000
2010-07-22,39.87890625,40.061876180489705,39.417124047229464,39.44326165909815,82890300
2010-07-23,40.131587982177734,40.1664370295754,39.539110968251855,39.60881238675223,81056100
2010-07-26,40.46268081665039,40.48010700447575,40.000898472247606,40.183868458855635,64850900
2010-07-27,40.445255279541016,40.70664477742134,40.262285289989215,40.63694002499844,67655600
2010-07-28,40.12287521362305,40.584660844329626,39.97475761466231,40.40168754883578,51988200
2010-07-29,39.826637268066406,40.43654050655563,39.425844945864014,40.35812432841123,85669500
2010-07-30,39.91377639770508,40.157736413715945,39.26902065348301,39.49555780295533,98958100
2010-08-02,40.663082122802734,40.76763926295009,40.262289723355586,40.41912210987071,68706800
2010-08-03,40.488826751708984,40.689222950847245,40.29714198570461,40.636944380926266,60856600
2010-08-04,40.898319244384766,40.94188636909322,40.514953142367126,40.671785484943655,43820600
2010-08-05,40.802494049072266,40.88090692324784,40.532393073322936,40.69793690275931,39150200
2010-08-06,40.74148941040039,40.819905586517,40.12287475642775,40.35812328477759,71339200
2010-08-09,41.02030563354492,41.116144673497416,40.76763091548464,40.95060088771924,26927600
2010-08-10,40.663082122802734,40.90704545944066,40.323279726588595,40.689223069692524,86694500
2010-08-11,39.55652618408203,40.00959358795351,39.390979129105794,39.99217073093887,92219700
2010-08-12,39.24288558959961,39.41714417970456,38.72882457682838,38.79852601864667,66000200
2010-08-13,38.964054107666016,39.26029256876687,38.95533935438699,39.09474549351065,46387300
2010-08-16,39.033775329589844,39.303876315370566,38.59813050822454,38.772389101511905,55472900
2010-08-17,39.53038787841797,39.8876162976345,39.234149433918574,39.31256559051266,56927100
2010-08-18,39.687232971191406,39.92248151672545,39.30386681756487,39.451984425657365,61835400
2010-08-19,39.086036682128906,39.6088089079346,38.82465056922606,39.451976575451944,82969500
2010-08-20,39.13832092285156,39.2341632951833,38.80723332133077,39.0250556861918,65806700
2010-08-23,38.754947662353516,39.50425699209213,38.737521477510185,39.382277021893735,69612200
2010-08-24,38.03178405761719,38.44128781999982,37.874951697996494,38.310596402786125,79095800
2010-08-25,38.39772033691406,38.56326411234609,37.700689540746325,37.76167952767943,87247900
2010-08-26,37.93593215942383,38.615536664560324,37.90107979410798,38.52840907497521,91199000
2010-08-27,38.39772033691406,38.4761365092145,37.43930340764655,38.21475037611472,109568800
2010-08-30,37.99692916870117,38.55455382213241,37.98821441390718,38.21475150667932,49373200
2010-08-31,37.8662223815918,38.206024588867706,37.62226250430736,37.79652098395512,72066900
2010-09-01,38.9989128112793,39.129607553206846,38.39772431056435,38.42386192946771,83523100
2010-09-02,39.43455505371094,39.45198123979203,38.972772755530016,39.06861511712345,41816800
2010-09-03,40.0880126953125,40.09672744816655,39.68722048033992,39.870190405822484,64041100
2010-09-07,39.81791687011719,40.105440576096626,39.75692689237293,39.92247064286384,51195200
2010-09-08,40.29712677001953,40.471385280252434,39.92247213631541,39.931186889864605,66879800
2010-09-09,40.453956604003906,40.68920507976615,40.35811426309658,40.65435271512631,61476400
2010-09-10,40.602088928222656,40.66307892666181,40.29713893602687,40.49753511999919,66995700
2010-09-13,41.168434143066406,41.272987965807914,40.89833316696924,40.915759358043836,64523400
2010-09-14,41.342681884765625,41.560504230498104,41.02030574371902,41.116144783928924,91405800
2010-09-15,41.604061126708984,41.647624923880834,41.11613795675211,41.23812124201984,67108200
2010-09-16,41.76959991455078,41.80445227762244,41.42108625494703,41.52564002045773,66885800
2010-09-17,41.91107940673828,42.04207681795495,41.701478884709424,42.04207681795495,76372600
2010-09-20,42.64469909667969,42.73203075097238,42.01590052500731,42.0682981849873,84475000
2010-09-21,42.635948181152344,42.94161218974289,42.45254977599801,42.67088216255921,82272000
2010-09-22,42.52242660522461,42.81062703727217,42.286627160319,42.46129378597006,88315900
2010-09-23,42.50497055053711,42.93290372696025,42.19930637558462,42.242972210365025,85040000
2010-09-24,43.36956787109375,43.39576670514054,42.92417103485049,42.985303868619376,79495900
2010-09-27,43.133750915527344,43.44815012282105,43.09881692994177,43.343351497552554,43859800
2010-09-28,43.11628723144531,43.264755015833195,42.435091117693304,43.238552858889165,104922900
2010-09-29,43.04640579223633,43.2560029770852,42.88920623785607,43.05513762015203,81679200
2010-09-30,42.85429000854492,43.52675430707634,42.574824758699215,43.26475605178206,122458600
2010-10-01,42.801876068115234,43.25600779451411,42.601010688811655,43.21234198709813,77675400
2010-10-04,42.33902359008789,42.83682125414274,42.09449233939103,42.67962164112664,71359900
2010-10-05,43.36956787109375,43.456899538909425,42.7931702016374,42.81936903568419,99301300
2010-10-06,42.994022369384766,43.413220241578486,42.71455712125562,43.31715343787999,81831200
2010-10-07,43.15121841430664,43.264752203046925,42.79315338657645,43.238550047806385,75693300
2010-10-08,43.448143005371094,43.552941613472015,42.8630138343626,43.168677829443496,83223900
2010-10-11,43.465614318847656,43.683946717476694,43.33461354707503,43.47434614893809,46880000
2010-10-12,43.76254653930664,43.84987816621307,43.02021438464995,43.39574637702601,88571700
2010-10-13,44.120601654052734,44.32146701612072,43.91100113235856,44.04200187485333,71122900
2010-10-14,44.03327560424805,44.22540917696321,43.81494321034006,44.14680938189682,68464000
2010-10-15,44.967750549316406,44.976482381011124,44.21668642700309,44.574751493281696,104654000
2010-10-18,44.80179977416992,45.16859987272266,44.80179977416992,44.9764663291242,72399400
2010-10-19,44.38259506225586,44.80179272933717,44.03326200727798,44.38259506225586,105739800
2010-10-20,44.705753326416016,45.03761959855283,44.426288044034166,44.50488786292212,80861400
2010-10-21,44.79307174682617,45.15986854501862,44.3564069881279,44.985201975241765,85885400
2010-10-22,45.09873962402344,45.14240543735119,44.723207632726385,44.80180742931154,47406900
2010-10-25,45.31707763671875,45.614009868219135,45.2821436491332,45.2821436491332,51413900
2010-10-26,45.43934631347656,45.5441482832717,44.906614627228166,45.090016408625345,60498300
2010-10-27,45.57907485961914,45.614008846422145,45.11621119468859,45.203542830207745,57483400
2010-10-28,45.675140380859375,45.80614116196468,45.273409538319186,45.77120717613817,61220000
2010-10-29,45.57033920288086,45.84107258064263,45.56160404116928,45.675137823003325,46668700
2010-11-01,45.60527038574219,46.068133983385394,45.39566982688255,45.736267819977584,60555600
2010-11-02,46.094337463378906,46.22533824234437,45.91967420007589,45.98080700852958,48137500
2010-11-03,46.30393600463867,46.32140299649753,45.72753859924848,46.138004579211575,126225800
2010-11-04,46.87160110473633,47.03753587176363,46.72313666212059,46.810468295248874,84201000
2010-11-05,46.87160110473633,46.99387005519949,46.73186849283812,46.89780325986542,77937100
2010-11-08,46.932735443115234,47.01133524250712,46.67946905268712,46.79300283658388,39623500
2010-11-09,46.679481506347656,47.19474625505398,46.469880874887025,47.11614643469237,66828700
2010-11-10,46.915260314941406,46.95892612225602,46.37379364348004,46.7405937541954,83553700
2010-11-11,46.61834716796875,46.70567881820412,45.989548625509585,46.207881082586916,85163600
2010-11-12,45.858524322509766,46.60958812307758,45.509194569062615,46.37378879046997,99164300
2010-11-15,45.683868408203125,46.18166596827662,45.66640141801784,46.09433101735021,56723400
2010-11-16,44.93281936645508,45.63148254777881,44.40881948184566,45.3607491074895,101097000
2010-11-17,45.063804626464844,45.299604010912894,44.845472233252345,44.95900601053947,77836200
2010-11-18,45.78868103027344,46.103080286846854,45.526682760291834,45.55288158784337,71488300
2010-11-19,45.8236083984375,45.928407024985816,45.535408011069286,45.727541602648095,54506100
2010-11-22,46.207881927490234,46.207881927490234,45.56161637686936,45.64021619611394,69918900
2010-11-23,45.474281311035156,45.80614755976271,45.21228304371918,45.73627957835113,76818300
2010-11-24,46.39126968383789,46.504803470196855,45.90220721611597,45.91967420874721,53444200
2010-11-26,46.085609436035156,46.400008666307585,45.99827446568811,46.094341267325625,23640300
2010-11-29,46.05067825317383,46.19914604606382,45.50047956668053,46.024479426217994,89269100
2010-11-30,45.49173355102539,46.059399055660144,45.30833515653883,45.57033333887501,118862100
2010-12-01,46.4524040222168,46.68820343327231,46.14673996982352,46.16420696303004,81758800
2010-12-02,46.924007415771484,46.99387539540425,46.469875542624415,46.522276527348986,56844600
2010-12-03,47.046260833740234,47.10739363430232,46.7231298405567,46.7231298405567,38014200
2010-12-06,47.028804779052734,47.11613975122654,46.88034032359007,47.055006936449146,39312000
2010-12-07,47.05500030517578,47.613930722366156,47.00259932925616,47.59646373039295,59067300
2010-12-08,47.22965621948242,47.29078901182856,46.88905495021311,47.177255255405456,48066900
2010-12-09,47.27333068847656,47.544060723777726,47.11613109892005,47.51786190268095,51679800
2010-12-10,47.58774185180664,47.64013950719571,47.23840860226526,47.413075227035954,44696200
2010-12-13,47.42180252075195,47.806069724770154,47.395603695564695,47.77113573686151,53110200
2010-12-14,47.509151458740234,47.70128178574933,47.36068363222153,47.54408212543043,69884800
2010-12-15,47.29952621459961,47.7711249504167,47.18599244527601,47.48292461247702,76951900
2010-12-16,47.66633987426758,47.736204522655896,47.21220799953329,47.34320546456962,65519400
2010-12-17,47.70832824707031,47.84833787978724,47.612070998685,47.72582986842155,36844200
2010-12-20,47.74334716796875,47.918356762765704,47.39332130218674,47.795848711170215,48159600
2010-12-21,48.0321159362793,48.0321159362793,47.79584897628004,47.92710951119987,35775400
2010-12-22,48.023372650146484,48.0933758293745,47.94461698720592,48.014620166433936,35766500
2010-12-23,47.90084457397461,48.01460010996443,47.787085699891705,47.93584447992136,21664800
2010-12-27,47.92709732055664,48.0058529538576,47.43706189800701,47.76083691162939,29263700
2010-12-28,47.8395881652832,48.05835343767925,47.73458176919918,48.02335353104667,24160500
2010-12-29,47.944618225097656,48.04087551985413,47.89211333575015,47.97086900072413,24132700
2010-12-30,47.83085632324219,47.9533643859994,47.73459903447742,47.94461524070004,27553300
2010-12-31,47.65584182739258,47.79585151429785,47.437076482972195,47.76960074115756,38540100
2011-01-03,48.3996467590332,48.732167684330335,48.08462412404072,48.10212575243967,90994300
2011-01-04,48.36463165283203,48.60964771419943,48.05835823802929,48.574644465977386,43851500
2011-01-05,48.77592468261719,48.79342297337323,48.189631799458205,48.215882573686656,43787400
2011-01-06,48.93342590332031,48.9684291561836,48.723413062328426,48.82841948282437,46139600
2011-01-07,48.889671325683594,49.047182618449064,48.408388303608554,49.02093184901941,72261700
2011-01-10,49.073429107666016,49.16093388424287,48.635898548595215,48.784657336394524,55551800
2011-01-11,49.143428802490234,49.31844168141943,48.95966678175644,49.27468929621039,56663800
2011-01-12,49.493465423583984,49.493465423583984,49.178442839986275,49.37970652659731,51979300
2011-01-13,49.51095962524414,49.64221678999943,49.362197499476245,49.528457910070244,47364500
2011-01-14,49.87847900390625,49.89598062518053,49.40594524377957,49.528453254606575,43867400
2011-01-18,50.01849365234375,50.07974766390039,49.43220430227493,49.50220745629969,65805600
2011-01-19,49.44972229003906,50.106018393721605,49.28346181215354,50.106018393721605,67767200
2011-01-20,49.09968948364258,49.30970232377161,48.723412862143,49.23969915642657,92357800
2011-01-21,48.723392486572266,49.43219303630668,48.697141727057385,49.344684941102884,59673300
2011-01-24,49.397193908691406,49.405943049893565,48.72339654097012,48.819653784657845,64103300
2011-01-25,49.467220306396484,49.48472193512085,49.04719123129468,49.152197665546545,55305100
2011-01-26,49.7297248840332,49.86098204873422,49.39720072488945,49.53721037009315,60547700
2011-01-27,50.0360107421875,50.184769576781804,49.80849291056828,49.88724856949889,53656100
2011-01-28,48.767154693603516,50.07099720112856,48.53964027640569,50.02724147566193,123359900
2011-01-31,49.00343704223633,49.14344672883323,48.469649068931176,48.83717658255695,70571300
2011-02-01,49.922245025634766,50.03600392594738,49.318453948148814,49.37095548822091,76952900
2011-02-02,49.84347915649414,50.027241185251775,49.7384727597888,49.8172283918411,48661000
2011-02-03,49.93098831176758,50.000991465002286,49.353448110685,49.74722294107835,45341900
2011-02-04,50.21102523803711,50.24602515790193,49.79099615680959,49.92225336701509,47647800
2011-02-07,50.4472770690918,50.72729637246641,50.22851177969954,50.30726741740449,45627100
2011-02-08,50.77980422973633,50.81480748154087,50.368527704361384,50.46478163968313,38099900
2011-02-09,50.69229507446289,50.858555499081156,50.53478379299568,50.70104421761395,62540800
2011-02-10,50.77104568481445,50.84104883736757,50.30726436760874,50.35976589750028,70194700
2011-02-11,51.138572692871094,51.17357594021104,50.552283321347375,50.62228647793386,47853500
2011-02-14,51.26108169555664,51.33108484891616,51.08606880501798,51.13857033551431,48506100
2011-02-15,51.19109344482422,51.25234747762517,50.95482645912293,51.138588557525786,39723800
2011-02-16,51.52360534667969,51.663615007753805,51.304840042620526,51.32234166751649,53061700
2011-02-17,51.50609588623047,51.60235313946799,51.23482574875136,51.269828993218304,38361900
2011-02-18,51.392333984375,51.602350100716116,51.19981948923672,51.506092853146974,44334300
2011-02-22,49.90473937988281,50.86730870682944,49.82598373802439,50.692295798467,92598100
2011-02-23,49.493465423583984,50.079754857873475,49.11718881963047,49.904741940531,97842900
2011-02-24,49.755977630615234,49.90473642415188,49.12593253306386,49.59846635622739,98716100
2011-02-25,50.4472770690918,50.50853108307415,49.9834923856767,50.03599725684446,54094600
2011-02-28,50.552284240722656,50.79730030037146,50.25476330910905,50.64854150361139,51402800
2011-03-01,49.73847961425781,50.77105211542329,49.6159715782032,50.77105211542329,91993900
2011-03-02,50.00099563598633,50.324767340153365,49.69472555611123,49.71222718040317,61552900
2011-03-03,50.98982238769531,51.07732718251973,50.46478360446698,50.46478360446698,64146600
2011-03-04,50.727294921875,50.981060113362396,50.39477075684144,50.97231097079799,62328400
2011-03-07,50.044742584228516,50.98105768439488,49.58971041641324,50.93730529747081,98470000
2011-03-08,50.246002197265625,50.47351993193869,49.67721453676873,49.98348455872146,62399100
2011-03-09,49.90473937988281,50.11475553753645,49.63347254310993,50.06225066359965,84764200
2011-03-10,49.125938415527344,49.45846262772934,48.9246747270638,49.344703729695595,102894400
2011-03-11,49.43220520019531,49.58096399150838,48.845912501383395,48.845912501383395,81679400
2011-03-14,49.257205963134766,49.519723709951826,48.88092930206241,49.160948677079844,73565800
2011-03-15,48.55714416503906,48.8459126056546,47.66458140097528,47.81334019260591,101276500
2011-03-16,47.38456344604492,48.42588503125393,47.0520392684959,48.15461486824111,176507700
2011-03-17,47.82210159301758,48.33838789583851,47.367069314421684,48.13712085842031,94434500
2011-03-18,47.71431350708008,48.38906176653901,47.67926086801123,48.38906176653901,94887200
2011-03-21,48.63441467285156,48.87977641591853,47.758118912980365,48.44162853598293,57423000
2011-03-22,48.54679870605469,48.73082005987338,48.441640781469246,48.70453225012896,36162100
2011-03-23,48.81845474243164,48.958661984184424,48.03855175125651,48.371545203970996,60365100
2011-03-24,49.68598175048828,49.79113633002052,48.91484036737629,49.186493319205375,69502400
2011-03-25,49.80863952636719,50.14163277356239,49.71224648037892,49.84369215087242,74131100
2011-03-28,49.53702163696289,50.03651018862213,49.51073382144544,50.027748697717854,37824000
2011-03-29,50.01896667480469,50.01896667480469,49.27411322711642,49.423085253775376,47994800
2011-03-30,50.25557327270508,50.32567855586971,50.01897629903417,50.2643381045026,44935900
2011-03-31,50.32566833496094,50.369482456638444,50.080306579324336,50.16793482267935,50004300
2011-04-01,50.351959228515625,50.73753154566037,50.202990537112186,50.57979802370178,68031800
2011-04-04,50.18546676635742,50.544747952878225,49.96639279060563,50.4921689952885,48659100
2011-04-05,50.054019927978516,50.37825181168196,49.94886535794677,50.08907256559027,55349400
2011-04-06,50.176692962646484,50.588553033107246,49.88751710462307,50.43958436078067,49532100
2011-04-07,50.14165496826172,50.47464502004936,49.782373765056505,50.15918128827219,60697000
2011-04-08,49.905052185058594,50.44835470719877,49.64216408355874,50.36948794246845,42782200
2011-04-11,49.73855972290039,50.2029988781896,49.56330319631998,50.09784095087659,42451700
2011-04-12,49.39678955078125,49.63338979991169,49.20400676255873,49.510708932096556,50422800
2011-04-13,49.81742858886719,49.948874332126,49.42309804469895,49.764852965806945,49979800
2011-04-14,49.72978210449219,49.79988736662981,49.27410792900631,49.475655543447644,53544100
2011-04-15,49.64216613769531,49.834948970610434,49.31793423438569,49.5370082185012,68530000
2011-04-18,49.291622161865234,49.30914847310348,48.47666707469823,49.14265353054326,69065000
2011-04-19,49.598358154296875,49.598358154296875,49.16021010225254,49.42310160772262,38608400
2011-04-20,50.72001266479492,50.77258828462171,50.41330706365502,50.47464751532222,67397500
2011-04-21,51.12312316894531,51.23704261700782,50.96538957710642,51.21075145649807,43666800
2011-04-25,51.25454330444336,51.28083110899848,51.07051864414785,51.166911717920925,25376800
2011-04-26,51.54372024536133,51.72774156664659,51.27206733574739,51.38598672917301,49400000
2011-04-27,51.89424514770508,51.955585594320986,51.40351823197419,51.64011853012282,56465500
2011-04-28,51.81538391113281,51.903012174848605,51.59630990903934,51.736517136667004,48100000
2011-04-29,51.77156066894531,51.95558199604832,51.683929077846216,51.71898171428585,44831200
2011-05-02,51.67517852783203,51.99940712651722,51.54373278476296,51.85043506151866,48149400
2011-05-03,51.42980194091797,51.70145485628393,51.114338244664964,51.64887590217341,38100000
2011-05-04,51.35094451904297,51.58754484135973,50.92156134887121,51.4561024463864,53097200
2011-05-05,51.070518493652344,51.675164739064094,50.89526200673037,51.09680964093321,72200000
2011-05-06,51.23702621459961,51.87672186880398,51.09681899371651,51.578781106576926,72507000
2011-05-09,51.42980194091797,51.63134958413657,51.1230997322817,51.324647375500305,40022000
2011-05-10,51.867950439453125,51.94681720009308,51.508669272716304,51.57877454564222,38053600
2011-05-11,51.49114990234375,51.973115361733996,51.14063351882812,51.78909066687415,61900000
2011-05-12,51.79785919189453,51.86796113647456,51.035482577014676,51.33342336278903,66100000
2011-05-13,51.1844482421875,51.76280345735557,51.166921921387996,51.67517519616194,63506600
2011-05-16,50.29937744140625,51.10556792773088,50.18545805779846,50.947834425136406,73115300
2011-05-17,50.439598083496094,50.44835957250951,49.93134480781662,50.036499389997104,63136000
2011-05-18,50.860206604003906,50.947834842695464,50.30813934039861,50.369479776043306,42351100
2011-05-19,51.009185791015625,51.12310519903516,50.69371871822538,51.01795062237298,35015800
2011-05-20,50.623619079589844,51.009188106724324,50.553513796763276,50.95661248740827,44703300
2011-05-23,49.8787841796875,50.080335271924774,49.64218711851442,49.93136316150659,43700000
2011-05-24,49.57205581665039,50.01020374032084,49.56329432901047,50.00144225268092,39314800
2011-05-25,49.76485061645508,50.0014509374688,49.48443616402487,49.51072397431397,41369000
2011-05-26,50.07154083251953,50.21174802500234,49.6071051341958,49.6158666212496,40564100
2011-05-27,50.32566833496094,50.37824728665587,50.115355870984416,50.159173335465134,30127200
2011-05-31,51.14064025878906,51.14064025878906,50.53599381834019,50.79888531912889,47590100
2011-06-01,50.02772903442383,51.140625138904134,49.983914911514255,51.01794425763601,51795000
2011-06-02,50.13289260864258,50.308152474584645,49.852478160256844,50.124131119607235,50198100
2011-06-03,49.3792724609375,49.940104642996445,49.30917052743236,49.5545323089057,57773700
2011-06-06,48.9761848449707,49.53701377233505,48.94989703362678,49.26536414097024,50175600
2011-06-07,48.8885383605957,49.300395070325614,48.853485729996564,49.107612287636044,46311100
2011-06-08,48.53802490234375,48.87101824970496,48.39781770495007,48.783386662081874,46426400
2011-06-09,48.62566375732422,48.86226072225904,48.39782493825576,48.555558476748146,45307500
2011-06-10,47.88081741333008,48.49422533964578,47.83700327776558,48.39783223572134,53740600
2011-06-13,47.88081741333008,48.134944079530115,47.714322361063296,47.907105226107916,37736800
2011-06-14,48.49420166015625,48.608121031241055,48.22254880381637,48.24883994656064,40565300
2011-06-15,47.574092864990234,48.32770767823132,47.47769980616134,48.02976701585234,59022400
2011-06-16,47.39009475708008,47.75813751503519,46.98699600999986,47.60040394939604,66316200
2011-06-17,47.24165725708008,47.95304648167315,47.10113563923333,47.77739697208944,70337000
2011-06-20,47.487579345703125,47.62810099342213,47.109926789276976,47.109926789276976,37402900
2011-06-21,48.50634765625,48.559044514783935,47.45243393766681,47.65443353659786,55892800
2011-06-22,48.15504837036133,48.5853943496283,48.146263884898985,48.304351120225505,36833300
2011-06-23,48.60295867919922,48.62930543428726,47.47878579144974,47.63687302257694,80743300
2011-06-24,47.75983428955078,48.41853004191562,47.66322504315596,48.374617661817936,56298300
2011-06-27,48.523929595947266,48.76984165121519,47.70714644060683,47.812536842821586,49968900
2011-06-28,49.24409103393555,49.252875519574,48.55904856732038,48.62930770092981,47028800
2011-06-29,49.446102142333984,49.542711405013726,49.09479969203541,49.358277367334445,65407300
2011-06-30,50.10479736328125,50.139928612950776,49.59540764427464,49.621754406376596,50347200
2011-07-01,50.86009216308594,50.93035464817277,49.99061233678473,50.13113730695838,53203900
2011-07-05,51.11479949951172,51.1674930242158,50.78984381273506,50.91279983744512,43128800
2011-07-06,51.281654357910156,51.3694824597048,50.886436275583065,51.05330799384313,49282700
2011-07-07,51.98426818847656,52.13357430294336,51.58905341259951,51.6680970378349,54799800
2011-07-08,51.8437385559082,51.85252304085579,51.26408651044393,51.53634858872994,69519500
2011-07-11,50.90400314331055,51.56269884656342,50.72835028571652,51.29922123532219,52080800
2011-07-12,50.517574310302734,51.00061720160483,50.46487744295527,50.89522681720981,84000700
2011-07-13,50.728355407714844,51.237748411140515,50.54392139625379,50.886442660481435,82378100
2011-07-14,50.13991165161133,51.097216104316296,49.946693194091296,50.86008527471423,98774200
2011-07-15,50.80739974975586,50.80739974975586,50.33314133507575,50.70200936319361,68281500
2011-07-18,50.53512191772461,50.75468709461744,50.04329471537714,50.52633743448161,59512200
2011-07-19,51.68566131591797,51.72957704854204,51.01818439381228,51.01818439381228,73904600
2011-07-20,51.46609878540039,51.984272965044774,51.378274016091254,51.975491828233935,57085500
2011-07-21,51.808616638183594,52.09844101916956,51.23774566157219,51.518788906897875,70148800
2011-07-22,52.3443603515625,52.43218847196358,51.747142534036065,51.7822737821965,43620400
2011-07-25,52.23896026611328,52.52878798421824,51.834961038118124,51.93157027748644,48916100
2011-07-26,52.370704650878906,52.54635752188737,52.09844253330078,52.203832915785924,40918900
2011-07-27,51.018184661865234,52.07209859468,50.886444163900876,52.02818621212522,83969500
2011-07-28,51.10600280761719,51.755917376269664,50.842525196114686,51.04452480994326,61031900
2011-07-29,50.93913269042969,51.474872380635574,50.44730537558669,50.69322070815793,82860500
2011-08-01,50.702003479003906,51.65930803411988,50.087220153189136,51.55391765978865,85421100
2011-08-02,49.41974639892578,50.69322550679435,49.36704953332232,50.4648757728125,90853300
2011-08-03,49.89401626586914,49.95549427727097,48.611752463044304,49.48123246048509,103612300
2011-08-04,47.57538986206055,49.261652479660036,47.57538986206055,49.18260886711163,132830000
2011-08-05,47.27678298950195,48.330693325380516,45.95060723471927,48.0584346070749,214111800
2011-08-08,44.43122863769531,46.653228121328034,44.43122863769531,45.827663903568485,204804500
2011-08-09,46.574180603027344,46.61809633406409,43.85157279374352,45.09870182822969,193707100
2011-08-10,44.66835021972656,46.5829592630242,44.61565335925342,45.520264370728576,205917900
2011-08-11,46.635658264160156,47.15383239377526,45.089920361577725,45.30948561395193,143825300
2011-08-12,47.04842758178711,47.338255234179904,46.4424288771915,46.92547161421398,90483300
2011-08-15,47.74226379394531,47.74226379394531,47.013305627595976,47.241655341273876,73554300
2011-08-16,47.33826446533203,47.73347919522872,46.70591553701815,47.27678646955702,89219200
2011-08-17,47.057228088378906,47.79496414501734,46.56540070031997,47.39974935761818,84416600
2011-08-18,44.747406005859375,45.79253556225567,44.33462219563125,45.78375442493822,130019400
2011-08-19,43.93939971923828,45.379747320263796,43.90427182309868,44.281920996274835,96674600
2011-08-22,44.09748458862305,45.00209570878028,43.9657474470622,44.993311222496295,77107700
2011-08-23,45.91548156738281,45.91548156738281,44.21165652405326,44.396090520178184,75688400
2011-08-24,46.27557373046875,46.363401846051275,45.414878299560264,45.78374968440678,80197700
2011-08-25,45.5202751159668,46.460014239286984,45.36218784752973,46.24923009793747,93623700
2011-08-26,46.66200637817383,46.820093621150114,44.92305005573439,45.37096167730073,91573300
2011-08-29,47.96183776855469,48.01453128878214,47.10992345500962,47.12748907851881,45985800
2011-08-30,48.27799987792969,48.56782421556169,47.522695012738325,47.786172597030856,61617900
2011-08-31,48.3570442199707,48.9542618735636,47.95304167762305,48.56782495047449,60900400
2011-09-01,47.91791915893555,48.86643925308935,47.83009105280114,48.480005636997014,57158400
2011-09-02,46.79373550415039,47.96182400505688,46.539042412106134,47.05721643087759,58185700
2011-09-06,46.802513122558594,46.87277223582605,45.59051242843233,45.70468725657795,52992200
2011-09-07,47.98817443847656,47.99695892353415,47.33826325679013,47.47000037995929,48952200
2011-09-08,47.76861572265625,48.45365823728192,47.61052847308112,47.74226896449368,61422800
2011-09-09,46.70591354370117,47.63687127617633,46.41608584716008,47.43486832690865,63663500
2011-09-12,47.30313491821289,47.338266159998994,46.17017749785816,46.187743118751214,65973000
2011-09-13,47.93547821044922,48.03208408850739,47.25043247768733,47.478782172041036,59020000
2011-09-14,48.62052536010742,49.165046195703404,47.70713319373384,48.181394897462376,90757300
2011-09-15,49.3406982421875,49.428522993157344,48.64687131850741,49.147479769694435,83536100
2011-09-16,49.79296875,49.845763351469884,49.35302380729158,49.449812231729595,91902100
2011-09-19,49.81057357788086,50.07453990732442,48.77230310642405,49.177051702005116,73042900
2011-09-20,49.590599060058594,50.4616882474404,49.47621242456417,50.06574044763804,66570100
2011-09-21,48.72829055786133,50.092118866478586,48.71948978156957,49.84575083451262,79938000
2011-09-22,47.14449691772461,47.91879752212145,46.41418677534638,47.48765340139122,151885500
2011-09-23,47.64604568481445,47.84841998561002,46.71336105998295,46.74855746616845,85940600
2011-09-26,48.20036315917969,48.28835415489354,46.818936413348354,47.88360228763638,96261400
2011-09-27,48.701900482177734,49.44980884750515,48.376342186677704,49.018661356291624,81148600
2011-09-28,47.98038101196289,49.24742424217584,47.8659977754118,48.913065239034914,76757100
2011-09-29,47.4084587097168,48.77228709452659,46.60775920458231,48.71069508309416,116900200
2011-09-30,46.185420989990234,47.17089670961967,46.1590220113257,46.77494559478666,104870100
2011-10-03,44.997554779052734,46.50216522868179,44.97115916444917,45.77185858704526,99149500
2011-10-04,45.92143249511719,46.00942346036277,44.08246327788612,44.54000622762676,137013700
2011-10-05,47.10050964355469,47.232494483407514,45.45511631769607,45.80707365296099,108825700
2011-10-06,47.892398834228516,47.90119625476602,46.81893227695195,47.038904712032355,71939200
2011-10-07,47.575653076171875,48.0947883218319,47.2676929120151,47.86601839367459,72525200
2011-10-10,49.22102355957031,49.22102355957031,48.297140140663466,48.38513111554328,48230200
2011-10-11,49.555397033691406,49.678581078011284,49.00986625605474,49.08905647833373,66449100
2011-10-12,49.80176544189453,50.35609700140444,49.76657239794408,50.03053868839668,85627600
2011-10-13,50.259307861328125,50.320899883004536,49.652185066297704,49.70497966624039,63443700
2011-10-14,51.191993713378906,51.20079113535187,50.60246574578398,50.87523281813549,65643600
2011-10-17,50.40008544921875,51.11279737830153,50.127321765993585,50.954416949616466,65161300
2011-10-18,51.02480697631836,51.28877322430937,49.85455202299052,50.320892506325066,91434600
2011-10-19,50.039337158203125,50.90162884854733,49.87215928726851,50.7432483996562,67639400
2011-10-20,49.79296875,50.08333066680052,49.08905751296923,50.030539421844175,80378300
2011-10-21,50.41769027709961,50.73445117612127,49.960147129236496,50.32090185167481,60455800
2011-10-24,51.464759826660156,51.605542071198855,50.42648951449475,50.60246480278301,61449500
2011-10-25,50.45289611816406,51.31518797321677,50.347310250906276,51.29758976925478,65299200
2011-10-26,50.39129638671875,50.84003877141738,49.45861185825905,50.73445292028483,98193800
2011-10-27,51.78151321411133,52.08947665698868,51.06000384904687,51.59673716229284,104455500
2011-10-28,51.86068344116211,51.92227543469521,51.47353328802383,51.491131479963556,42950000
2011-10-31,50.98961639404297,51.59673916928214,50.95441999522853,51.411963110276304,60520200
2011-11-01,49.660972595214844,50.95441150578427,49.37940816463702,49.73136538111569,99933000
2011-11-02,50.083335876464844,50.29451094779726,49.608197839866214,50.18012431097078,65003800
2011-11-03,51.12160873413086,51.1920015467402,49.898562145412974,50.47928942338384,78994200
2011-11-04,50.85762405395508,51.077596479237336,50.34728977268692,50.8752222507592,61527800
2011-11-07,51.2183952331543,51.25359163812579,50.30330884297893,50.82244406850977,65559000
2011-11-08,51.80791091918945,51.89589855413068,51.00721135777704,51.58793847532326,62906900
2011-11-09,49.986549377441406,50.88403753119082,49.82816891757305,50.80484730125664,69539000
2011-11-10,49.96014404296875,50.5232730035475,49.476205302253476,50.47927918284854,66052400
2011-11-11,50.90162658691406,51.051209607115524,50.32970019711964,50.39129221822807,54471000
2011-11-14,50.58486557006836,51.04240530773466,50.40008616297688,50.76084084308778,44617600
2011-11-15,51.14799118041992,51.350365416470936,50.38248469510305,50.435279287491,52203900
2011-11-16,50.303306579589844,51.17439910261314,50.20652150504394,50.778447955784365,68342800
2011-11-17,49.124237060546875,50.188902651075594,48.81627369239804,50.17130445662317,101706900
2011-11-18,48.74589920043945,49.1858441269542,48.65790820122846,49.1330495274276,60417000
2011-11-21,47.813201904296875,48.15635831775753,47.32046251061523,48.08596889381016,52283700
2011-11-22,47.971588134765625,48.112370356284956,47.39965847180481,47.69002369172696,51940100
2011-11-23,46.88931655883789,47.663616973128185,46.86291758898973,47.61082574645662,48437300
2011-11-25,46.5285758972168,47.223686323126316,46.51977511912804,46.686956337680584,25448100
2011-11-28,48.1475830078125,48.209175040741684,47.6372451846689,47.66364081120596,46710700
2011-11-29,47.84841537475586,48.48193384247642,47.70763312009421,48.121179105123844,52056700
2011-11-30,49.61698913574219,49.66098295785391,48.98346735649021,49.15064857963363,66918600
2011-12-01,49.96014404296875,50.09212886157899,49.58179114323365,49.60819012086372,45362200
2011-12-02,49.81936264038086,50.452884409939315,49.775368818942276,50.452884409939315,36938900
2011-12-05,50.364891052246094,50.699246742451265,50.08332324265868,50.567265293111234,40492200
2011-12-06,50.2241096496582,50.549667924520186,50.056928445299896,50.408885695673405,38670000
2011-12-07,50.2241096496582,50.45287951284182,49.58178716424959,50.083324064298324,44576200
2011-12-08,49.37942886352539,50.28571790107709,49.2826404205963,49.89856412936073,51692600
2011-12-09,50.17131423950195,50.32089388674543,49.48500130459556,49.50259614596641,55757900
2011-12-12,49.60819625854492,50.162524509659086,49.1858494858568,49.643389305550265,55411700
2011-12-13,49.06265640258789,50.136123090247025,48.860282140515224,49.93374882817436,68557700
2011-12-14,48.29716110229492,48.91308476772298,48.02439735306551,48.877888362495334,63682800
2011-12-15,48.16516876220703,48.76349073366013,48.094775967616556,48.71069949423046,58732900
2011-12-16,48.413150787353516,49.07501485382354,48.333726964720526,48.421974160350636,60978900
2011-12-19,47.936607360839844,48.713195466811044,47.804233202335034,48.59847142053452,46733900
2011-12-20,49.3574104309082,49.419184141772234,48.686719618077596,48.713196470172726,81758800
2011-12-21,48.65141677856445,49.10148281187767,48.08662671071479,49.06618259103348,78552300
2011-12-22,49.06617736816406,49.09265421418604,48.6867084505176,48.757308884690886,40334100
2011-12-23,49.48977279663086,49.48977279663086,49.04853018624612,49.163250841128104,26594600
2011-12-27,49.67439270019531,49.83337591651535,49.40058172055671,49.45357837223622,21443500
2011-12-28,49.10027313232422,49.692053902302156,48.967783190415545,49.61256061102878,38180100
2011-12-29,49.45357131958008,49.48889904630236,49.020773815984164,49.17976037899011,28077900
2011-12-30,49.31222152709961,49.568363400811585,49.303387073555555,49.34754923320542,21832400
2012-01-03,50.257320404052734,50.51346235171217,50.124830517496854,50.2661514907895,39514100
2012-01-04,50.469303131103516,50.539965306561534,49.95701583646479,50.17783008073413,29403400
2012-01-05,50.88444519042969,50.92860737426611,50.16900568258852,50.36332333469915,41260600
2012-01-06,51.06109619140625,51.17591719302727,50.69896090080161,50.893275179353324,46325200
2012-01-09,50.89327621459961,51.21124932879049,50.725458568491604,51.1935837814067,39195500
2012-01-10,51.26425552368164,51.58222869712462,50.91095124888738,51.432073201061314,35949900
2012-01-11,51.3702278137207,51.48505216899284,51.061089206478165,51.25540345844856,37144100
2012-01-12,51.5733757019043,51.64403787921124,51.105250569999015,51.48505134962868,26188300
2012-01-13,51.38789749145508,51.405563037483795,50.94626894881237,51.29957313066989,35980400
2012-01-17,51.85603332519531,52.07684764189537,51.66171901766344,51.83836777553621,41790800
2012-01-18,52.54495620727539,52.54495620727539,51.82951688156405,51.953172312570445,48692700
2012-01-19,52.871768951416016,52.96892776858477,52.68628577465295,52.78344122246336,47774500
2012-01-20,52.79227066040039,52.818767291887646,52.60678750127359,52.64211522013724,41041700
2012-01-23,52.8099365234375,53.18090284393143,52.500794553667845,52.80110206664971,40958300
2012-01-24,52.71278381347656,52.85410481420873,52.474303992986314,52.57146281274439,38440200
2012-01-25,53.37522506713867,53.507714975524706,52.8452721723112,53.22506961301061,61591800
2012-01-26,53.189735412597656,53.70202269928866,52.9335900845732,53.604863894220216,37852700
2012-01-27,53.34873962402344,53.44589509194712,53.048432022130946,53.07492866162294,45532300
2012-01-30,53.39289855957031,53.472391842561585,52.69512456102011,52.8982733132514,42797800
2012-01-31,53.46356964111328,53.75504620202677,53.11909979229523,53.65788734838894,51449600
2012-02-01,53.896331787109375,54.090649366519955,53.57835879147658,53.772676370887154,46146700
2012-02-02,54.06416320800781,54.24081529183422,53.852183402902725,54.07299766534617,46373600
2012-02-03,54.806095123291016,54.86792284255465,54.479290982989255,54.5676153335493,36453800
2012-02-06,54.761932373046875,54.77959791684501,54.46162486719456,54.60294584822165,28541300
2012-02-07,54.876766204833984,54.98275611657808,54.470465365990954,54.71777965253857,37935700
2012-02-08,55.16824722290039,55.16824722290039,54.68245640754148,54.88560517144215,41171100
2012-02-09,55.56570816040039,55.62753589245179,55.044586297853776,55.38022496424618,46856400
2012-02-10,55.17708969116211,55.32724182869913,54.982771989069946,55.16825523050727,58090500
2012-02-13,55.689369201660156,55.760031399286234,55.33606832160685,55.592210364603815,36810200
2012-02-14,55.8306884765625,55.83952293566821,55.3713943144747,55.56571198249309,51648200
2012-02-15,55.44203567504883,56.404785824879546,55.35370796397951,56.09564389017344,105709100
2012-02-16,56.2016487121582,56.26347643795468,55.31839163579897,55.45971263324211,83642300
2012-02-17,56.02500915527344,56.25465456397865,55.77769819676643,56.210492374153695,76112300
2012-02-21,56.183998107910156,56.43130907686607,55.830693835665194,56.08683926457483,38141300
2012-02-22,55.927825927734375,56.245798946790885,55.84833267297025,56.07798135089223,43174700
2012-02-23,56.29882049560547,56.360648235641236,55.72470191600573,55.99851288570638,54250000
2012-02-24,56.493125915527344,56.59028474011032,56.35180490777717,56.45779482125015,41364900
2012-02-27,56.57261657714844,56.75809974844233,55.93667042487423,56.183981319932755,42678500
2012-02-28,57.14672088623047,57.14672088623047,56.55494035824014,56.62560253019243,43717500
2012-02-29,56.89058303833008,57.37637031464825,56.70509314988754,57.19088716492142,59784400
2012-03-01,57.34104919433594,57.39404920255216,56.93475173783488,57.102572742871985,67558900
2012-03-02,57.29688262939453,57.48236578626003,57.11139947252902,57.26155154160358,33358200
2012-03-05,56.7050895690918,57.33220789024925,56.51960980043543,57.261545721849075,45788800
2012-03-06,56.14865493774414,56.2811448536973,55.84834738169436,56.14865493774414,54638600
2012-03-07,56.581459045410156,56.71394898479087,56.325316995624775,56.413641375639166,42741800
2012-03-08,57.19090270996094,57.358723731445416,56.79343967232853,56.9170951390905,43711100
2012-03-09,57.429378509521484,57.53537179637866,57.25272977014363,57.288060865762695,43117200
2012-03-12,57.45587158203125,57.50886484659812,57.16439514948094,57.41170603574802,32687300
2012-03-13,58.52461242675781,58.52461242675781,57.65018311918453,57.7650108453374,61559100
2012-03-14,58.72776412963867,58.948578410043545,58.36563221390755,58.58644649431242,59926900
2012-03-15,58.895565032958984,59.019220448674005,58.60408866503869,58.90439948799998,65531200
2012-03-16,58.85401916503906,58.98673403461779,58.71246158760477,58.98673403461779,53023100
2012-03-19,59.269832611083984,59.411396882957355,58.792063318745384,58.95131974952492,60966200
2012-03-20,59.37601852416992,59.43795121883194,58.800925359361166,58.96018182422886,47290600
2012-03-21,59.38486099243164,59.712216589913005,59.305229394289775,59.38486099243164,39648100
2012-03-22,59.260982513427734,59.40254001748467,58.995552911857644,59.030943975410665,56953900
2012-03-23,59.22559356689453,59.3494589186801,58.88938182620049,59.33176001119335,45541700
2012-03-26,60.26077651977539,60.26077651977539,59.57066740652186,59.62375064595441,40855300
2012-03-27,60.349239349365234,60.59697008644369,60.2784572101553,60.30500557497627,37278200
2012-03-28,60.110347747802734,60.61465859032257,59.756443862665705,60.38462005246022,44421900
2012-03-29,59.88031005859375,60.1014991461698,59.455624040379426,59.809527930532155,53975300
2012-03-30,59.765316009521484,60.18114597603512,59.52642792753007,60.145761649225314,39480900
2012-04-02,60.3846549987793,60.46427987518485,59.597221942470945,59.70339519450409,40031600
2012-04-03,60.36692810058594,60.650049859625106,60.03071637099524,60.43770347772934,45539900
2012-04-04,59.54411697387695,59.95110416632405,59.19906246832057,59.915713095221264,54088100
2012-04-05,59.915687561035156,59.96877076998863,59.393677922428985,59.4379184299927,42979900
2012-04-09,59.464481353759766,59.70336938000433,59.06634364356036,59.17251009953025,36908200
2012-04-10,58.50893020629883,59.66796552003362,58.32313219802563,59.43792699781954,69254200
2012-04-11,58.79205322265625,59.18134815330017,58.6416462722365,59.022091749869006,62950000
2012-04-12,59.464481353759766,59.52641403646092,58.81861291275573,58.907087209449365,57407400
2012-04-13,58.562034606933594,59.45563380742461,58.535492992089196,59.26099304851359,55227500
2012-04-16,57.907310485839844,58.88939074527714,57.7215124300215,58.85399967509892,57588000
2012-04-17,59.084049224853516,59.269847315164405,58.06657770634923,58.155058773299096,47362400
2012-04-18,58.93363571166992,59.278690234214736,58.75668709760071,58.915936800168836,42536100
2012-04-19,58.270050048828125,59.42907863363963,58.057710428362576,58.72127764870287,81110900
2012-04-20,58.11081314086914,58.84516273110806,58.022338831840166,58.58858250981408,59906900
2012-04-23,57.57994079589844,57.66841507459499,57.057931076325666,57.56224189006626,70514400
2012-04-24,57.27029037475586,57.71266861826495,57.022552888259476,57.47378058668251,49661500
2012-04-25,58.79205322265625,58.82744428454705,58.367373980276376,58.45584825992595,57526900
2012-04-26,59.137123107910156,59.26983793717843,58.703594299113306,58.783225896736916,41799500
2012-04-27,59.49103546142578,59.676833548548586,59.07519875446436,59.38486898315993,46003800
2012-04-30,59.066349029541016,59.429095704108896,59.02210850208204,59.31407978293503,37787700
2012-05-01,59.163658142089844,59.83606809192502,58.91592069987388,59.004401732885704,37643800
2012-05-02,59.33177947998047,59.376020013058756,58.730144680966994,58.8717089866914,38299300
2012-05-03,58.703609466552734,59.4114175720911,58.553202437927304,59.367177034185566,51297600
2012-05-04,57.24374008178711,58.70358958622407,57.23489737732733,58.163887607310066,107554000
2012-05-07,57.296844482421875,57.57111689315022,56.88100776282873,56.89869992635794,50267800
2012-05-08,57.08449935913086,57.27914691331026,56.164354955462294,56.93409234004967,72659700
2012-05-09,56.90752029418945,57.22603307616558,56.190866534743165,56.42090504398244,85715300
2012-05-10,56.79251480102539,57.181803022292556,56.580171782515016,57.16411086457132,49448900
2012-05-11,56.78367233276367,57.38530702163367,56.54478767320545,56.59787427813335,47099900
2012-05-14,56.252811431884766,56.69518961536894,56.16433377014132,56.297048575217644,46360000
2012-05-15,56.067020416259766,56.86329926899648,55.96969665785144,56.40322884301259,66908600
2012-05-16,55.68657302856445,56.42976862535052,55.57155711334484,56.26166610497539,52825900
2012-05-17,54.509857177734375,55.79275498186385,54.501007721282605,55.704277292739796,62253900
2012-05-18,53.80205535888672,54.819523524029094,53.75781482446751,54.67796258909281,79496500
2012-05-21,55.30611801147461,55.35920460755823,53.83742260393725,53.90820473204875,61473000
2012-05-22,55.24418640136719,55.695414039078244,54.846048735840334,55.46537549336108,62954800
2012-05-23,55.350364685058594,55.48307612741116,54.297502350307,54.77527164296345,56951100
2012-05-24,54.98760223388672,55.483063573353924,54.58061179422506,55.42998035845515,83131200
2012-05-25,54.916839599609375,55.13802874037631,54.7575831482509,55.040704978426305,32078900
2012-05-29,55.61581039428711,55.87239066434015,55.102649854181024,55.43001228497112,44216700
2012-05-30,55.146881103515625,55.341525262599255,54.57178795717003,55.11149002910819,56431800
2012-05-31,54.907997131347656,55.2176605987624,54.49216043932329,55.07609967436157,55260100
2012-06-01,53.448143005371094,54.2532713301882,53.43044746937663,53.917062896450105,71430800
2012-06-04,53.85511779785156,53.934746003938265,53.120771786232076,53.598541022752286,74119500
2012-06-05,54.076324462890625,54.18249768890524,53.6427956027731,53.66933722173739,47916900
2012-06-06,55.31497573852539,55.35921288767284,54.43021925526378,54.483305859287604,58781800
2012-06-07,55.093788146972656,55.8989164340859,55.04955099659729,55.8989164340859,38414800
2012-06-08,55.62464141845703,55.69542356003235,54.81951312096826,55.005311179986066,39730800
2012-06-11,54.686805725097656,56.07587329331834,54.65141465168449,56.0493283007192,51008900
2012-06-12,55.350364685058594,55.376906298513504,54.57177806462712,54.94337415330791,48802600
2012-06-13,54.96991729736328,55.606939624452366,54.784115884179315,55.19110640227372,50840100
2012-06-14,55.173423767089844,55.394612923708976,54.677958841234656,54.96108069170085,65170600
2012-06-15,55.858890533447266,55.93870175010769,55.300212016824304,55.32681462809958,41536100
2012-06-18,56.38211441040039,56.52400068662931,55.53966316530059,55.628340819380284,32191200
2012-06-19,56.96738052368164,57.20681758227123,56.62153300853662,56.66587520921467,36476500
2012-06-20,57.01172637939453,57.26002648150236,56.586067611708884,57.09153422692761,51389700
2012-06-21,55.59285354614258,57.029452131850746,55.530778528310634,56.9673771140188,42492700
2012-06-22,56.17814636230469,56.2490911876006,55.62833749760324,55.77909355993932,29504200
2012-06-25,55.09626388549805,55.734750387931584,54.93664141418081,55.71701756475003,33136400
2012-06-26,55.442108154296875,55.601730616137765,55.03418558863023,55.28248569245598,30611100
2012-06-27,55.77908706665039,56.02738716061033,55.59285861334537,55.65493363683535,35705800
2012-06-28,55.15834426879883,55.397777999014075,54.57306294477346,55.36230558353721,49793400
2012-06-29,56.896461486816406,56.896461486816406,56.05400675211183,56.22249905218718,44761300
2012-07-02,57.06494903564453,57.091551659611895,56.63929013798559,56.97627136719583,33425600
2012-07-03,57.5438117980957,57.5438117980957,57.0117390657992,57.100416726903305,15895100
2012-07-05,57.57927703857422,57.86304957813902,57.18022423051063,57.490599388523535,37016200
2012-07-06,56.860984802246094,57.36645489888318,56.444192364275374,57.313242891146025,40684100
2012-07-09,56.754554748535156,56.98512202158872,56.47078224541929,56.79889695070051,35628300
2012-07-10,56.19588088989258,57.206824323146655,55.97418339171881,57.0649346767935,47365700
2012-07-11,55.88551330566406,56.2756997374128,55.42438204114146,56.12494704202209,43432000
2012-07-12,55.3623046875,55.59286861869649,54.856834615060734,55.44211592961334,57680400
2012-07-13,56.20475387573242,56.328903940505796,55.477586311057884,55.51305534182488,32357200
2012-07-16,56.04512405395508,56.32889655992264,55.82342657224073,56.0805964629098,27621400
2012-07-17,56.337764739990234,56.52399320143334,55.539655810455606,56.39983976619287,42467800
2012-07-18,57.10041046142578,57.268902735005675,56.21362041634612,56.23135662318798,44489700
2012-07-19,57.730018615722656,57.91624367470957,57.39304090408011,57.49945135740422,53017800
2012-07-20,56.96738052368164,57.730020368788594,56.94077790954278,57.712287547919324,40573100
2012-07-23,56.27567672729492,56.470771554816416,55.43322578816553,55.85888784509142,48657800
2012-07-24,55.8322868347168,56.45304039172558,55.46870314005711,56.373229171783954,57269700
2012-07-25,55.45984649658203,55.8234302552681,55.1139989435435,55.39777146823334,46264400
2012-07-26,56.19588088989258,56.51512582851646,55.84116692251577,56.257955918754405,41928200
2012-07-27,57.526065826416016,57.63247628915551,56.43531122364389,56.60380347720852,42621000
2012-07-30,57.48173141479492,57.91625664977842,57.28663651910035,57.667956515502134,37821300
2012-07-31,57.463993072509766,57.80097082728767,57.41078107336651,57.570403539455114,34588300
2012-08-01,57.29549789428711,57.88964552337461,57.064930618197096,57.87191270167703,30920200
2012-08-02,57.09152603149414,57.659070973604464,56.67473711747638,56.86096555015952,40534900
2012-08-03,58.17341995239258,58.4217200583845,57.809839587381674,58.01379748915913,42117400
2012-08-06,58.6168212890625,58.87399121692243,58.35078833193482,58.47493839839532,23523600
2012-08-07,59.10455322265625,59.3439835391561,58.77643849606625,58.8651161404858,28223300
2012-08-08,59.07795333862305,59.20210339968726,58.856255834483974,58.95380327755884,20723500
2012-08-09,59.255306243896484,59.3351208603138,58.96266392648404,59.06908115981692,20726200
2012-08-10,59.29077911376953,59.3085119366269,58.891726325607166,59.04247899974222,20312000
2012-08-13,59.43265914916992,59.44152894300944,58.971531354570494,59.273036688410436,19890300
2012-08-14,59.45927810668945,59.778523079623284,59.29078582495453,59.65436624288551,24218700
2012-08-15,59.610008239746094,59.698685861853676,59.40604361979667,59.41491341170809,29100400
2012-08-16,60.31947708129883,60.45249698792852,59.760801592262325,59.831746444554625,35699900
2012-08-17,60.585487365722656,60.59435715935451,60.31058465416703,60.45246752392567,22584800
2012-08-20,60.67417526245117,60.683045057582525,60.30172505499029,60.54115539816619,26924000
2012-08-21,60.43477249145508,61.082125752288164,60.19533527336931,60.833825500698794,41391000
2012-08-22,60.683040618896484,60.79832088448653,60.13322837738143,60.30172064419606,44555700
2012-08-23,60.186439514160156,60.60322512946296,60.02681704412072,60.40813701334432,28800400
2012-08-24,60.55888748168945,60.70077035784698,59.94700024122946,60.044547678568605,38384800
2012-08-27,60.65644073486328,60.895871071316904,60.52342087431298,60.816063214389416,20671400
2012-08-28,60.65644073486328,60.82492624360059,60.39927080864501,60.60322873124047,27337900
2012-08-29,60.65644073486328,60.80719341950709,60.39927080864501,60.65644073486328,26672400
2012-08-30,60.044551849365234,60.41700203652907,59.947004405250276,60.39039941825608,24425400
2012-08-31,60.44359588623047,60.700758973891446,59.83170876052515,60.47906152436566,42128000
2012-09-04,60.38151931762695,60.612086579424385,59.78737172536995,60.328314090162095,32017200
2012-09-05,60.31947708129883,60.612119522749445,60.1598545464779,60.35494950744498,26129300
2012-09-06,61.65852737426758,61.676266968727376,60.67418961761002,60.69192921206982,43100000
2012-09-07,61.569828033447266,61.676245265740526,61.39247274529573,61.51662280013592,32958600
2012-09-10,60.78059387207031,61.54323389438272,60.73625166108899,61.410214027110285,25490000
2012-09-11,60.683040618896484,61.02888818133747,60.585493176600735,60.789457855674804,29810100
2012-09-12,60.860382080078125,61.020004516125695,60.48793198452356,60.90472427674052,42203400
2012-09-13,61.68509292602539,61.95113255764245,60.8515151605851,60.9135901725399,45417800
2012-09-14,62.23494338989258,62.45664096441262,61.88909571489516,61.90682854396062,38880300
2012-09-17,62.26152038574219,62.288123001225664,62.03982290248616,62.2703901794601,31798400
2012-09-18,62.31473159790039,62.341340981608205,62.09303409336504,62.10190388793431,27169800
2012-09-19,62.43004608154297,62.58966862562324,62.1285338246474,62.30589596566652,36484600
2012-09-20,62.367950439453125,62.430025476903865,61.96002779825227,62.12851331952049,42520200
2012-09-21,62.3857307434082,62.73256461915267,62.3234786832737,62.679207649027575,23678500
2012-09-24,62.02111053466797,62.12783126650347,61.736528701406066,61.86992791995892,32341600
2012-09-25,61.14958190917969,62.32348282469776,61.12290342234434,62.181188514954414,41299600
2012-09-26,60.65155792236328,61.10511254832003,60.34029760453652,61.069538971287535,32770400
2012-09-27,61.48752212524414,61.629816438245584,60.696028667830895,60.80274940258198,25339500
2012-09-28,60.98060607910156,61.469734263304815,60.927249108085135,61.28297807978152,30112600
2012-10-01,60.89168930053711,61.65650438787737,60.69603798261742,61.274096844207236,37715300
2012-10-02,61.06953048706055,61.34522397451951,60.58929744128844,61.15846102480387,33254300
2012-10-03,61.460838317871094,61.576447348453165,60.998388625611405,61.23850856177547,38236000
2012-10-04,61.674259185791016,61.84323193380909,61.36299895388732,61.558650181073695,26128600
2012-10-05,61.3452262878418,62.07446758078089,61.18514859988125,61.98553025471863,25207900
2012-10-08,60.784934997558594,61.11398537651979,60.64264752622644,60.989481294742816,30911500
2012-10-09,59.81559371948242,60.776053016748826,59.673299432500706,60.62487042555453,67974000
2012-10-10,59.513221740722656,59.96677629918364,59.406507810471865,59.7978035296665,45134300
2012-10-11,59.32647705078125,60.00236147459196,59.29090347216317,59.957892805077776,30469400
2012-10-12,59.299774169921875,59.63771285033197,59.184165175694,59.31755755943248,24891200
2012-10-15,59.73554229736328,59.81558451771842,59.166378806924094,59.52210768468959,22220100
2012-10-16,60.580413818359375,60.65155418307236,59.80670383177701,59.82448722671385,33960600
2012-10-17,60.54486083984375,60.740512175534384,60.189131755403324,60.26916723729425,33439400
2012-10-18,59.842281341552734,60.54484422465358,59.61995157291194,60.34919294265511,61707600
2012-10-19,58.410491943359375,59.82450637473587,58.33934477090868,59.771149387881756,75362600
2012-10-22,58.71284103393555,58.86403042988082,58.25039811065581,58.38379732591767,38621500
2012-10-23,58.1525764465332,58.65059298025335,57.97471533733784,58.2326186951476,52591200
2012-10-24,57.94804000854492,58.57945580106699,57.85910266413234,58.48163015018657,39872400
2012-10-25,57.94804000854492,58.446056569414885,57.77906719612114,58.34823091853446,52688700
2012-10-26,58.11698913574219,58.35710903988313,57.49446861568198,57.94802315742002,54213100
2012-10-31,57.76128005981445,58.15258268397503,57.56563553270129,58.04586193603111,38524500
2012-11-01,58.57943344116211,58.69504244581676,57.95690619272797,58.12587894065446,26945000
2012-11-02,57.956932067871094,58.88182487292359,57.903575085741956,58.84625128984843,44083000
2012-11-05,58.339324951171875,58.45494076336781,57.8413084831448,57.965812600151565,28094700
2012-11-06,58.446041107177734,58.846231911294495,58.214816285817065,58.43714601809637,29608400
2012-11-07,57.067588806152344,57.894655605587786,56.82747570275176,57.823508469408225,70737800
2012-11-08,56.16938018798828,57.3610676199786,56.16938018798828,57.227668431311315,58585800
2012-11-09,56.409515380859375,57.01425268953431,56.16939879719579,56.204972378290414,51542100
2012-11-12,56.400611877441406,56.80080612386018,56.2494292690626,56.73855406247091,32663700
2012-11-13,56.00931167602539,56.542905125454034,55.831447192882514,55.96484640336038,43288300
2012-11-14,55.351219177246094,56.347255563576766,55.262285236736155,56.28500350146128,82655300
2012-11-15,55.16444396972656,55.573533195206934,54.95990105322737,55.38677366928855,55124200
2012-11-16,55.404571533203125,55.564649220301675,54.524147646643776,55.20892366534697,70873100
2012-11-19,56.720767974853516,56.765236641380206,55.9915266245907,56.009313412704785,55306400
2012-11-20,56.73855972290039,56.818598580169095,56.196074511688465,56.70298614356247,52012700
2012-11-21,56.85415267944336,56.93418811680609,56.560675839184995,56.80079232871945,19611700
2012-11-23,57.71681594848633,57.7345993466422,57.13875712640096,57.174330707679566,16462900
2012-11-26,57.96581268310547,58.00138625729624,57.39664906598414,57.57451015197249,26430900
2012-11-27,57.77016067504883,58.1614632011526,57.672335043522885,57.95691684842596,25828600
2012-11-28,58.2681884765625,58.31265714862455,57.1387561268338,57.49448514843001,37295800
2012-11-29,58.615020751953125,58.81956033006747,58.321543842520434,58.57944717641894,41136100
2012-11-30,58.51720428466797,58.668386915653066,58.34823147064531,58.623918243026,33497400
2012-12-03,58.40156936645508,59.02409665498208,58.37489088558306,58.97073290827344,28240000
2012-12-04,58.36600112915039,58.49050524123727,57.98359370346491,58.42825318519383,49584500
2012-12-05,57.71681594848633,58.285979679010325,57.40555559350709,58.27708458744896,54076200
2012-12-06,58.09030532836914,58.23259959703135,57.387742643018875,57.53892521474934,47512300
2012-12-07,57.743473052978516,58.437140668595255,57.5478218208888,58.374888620654374,30089400
2012-12-10,57.91246032714844,58.21482555440574,57.58340982839838,57.58340982839838,33219600
2012-12-11,58.66837692260742,58.99742061812078,58.26817929203038,58.31264795708306,40750800
2012-12-12,58.54387664794922,58.97964109723334,58.38379894219663,58.97964109723334,45917700
2012-12-13,58.081417083740234,58.83734360138745,57.83240886920632,58.42825092326461,45467700
2012-12-14,57.53005599975586,57.87688991349187,57.33440470791166,57.690133712631436,39630300
2012-12-17,58.29485321044922,58.31263660202797,57.50335997838973,57.58339541794066,42302900
2012-12-18,59.184165954589844,59.2730964732404,58.42823958365102,58.588317231207476,55596000
2012-12-19,58.92627716064453,59.37093664797365,58.89070358746237,59.3531464688999,34832500
2012-12-20,58.92627716064453,59.05967636383633,58.63280027061564,59.03299109522572,40754300
2012-12-21,58.306549072265625,58.37809249107842,57.769987076681524,58.020382219770376,51152900
2012-12-24,58.19026184082031,58.252860589701555,58.05611971528853,58.15449015249504,11418300
2012-12-26,57.6805534362793,58.288658768672754,57.49275710428713,58.23500462317642,21751300
2012-12-27,57.59113693237305,57.80576037194352,56.87571637012995,57.73421695116799,52933200
2012-12-28,57.03669357299805,57.61797200766573,57.00986649217228,57.15294994220729,33082100
2012-12-31,58.243919372558594,58.35123444381853,56.857802188234224,56.974055065034904,57544000
2013-01-02,60.09508514404297,60.121919039386235,59.45121493365917,59.674782968901525,70695900
2013-01-03,59.78208541870117,60.22027681459464,59.603233737082626,60.09507927291079,47366500
2013-01-04,59.58536148071289,59.80892955791875,59.4422814591344,59.80892955791875,33972500
2013-01-07,59.60325622558594,59.70162673441795,59.24554590462925,59.43334228801121,26766200
2013-01-08,59.486995697021484,59.755280140040476,59.174001728670525,59.59431083878044,28734900
2013-01-09,59.71054458618164,59.871513835666256,59.51381045703788,59.576409230573304,25600300
2013-01-10,60.06825637817383,60.157682225198926,59.51381203296536,60.12191734459272,37528000
2013-01-11,60.14875030517578,60.175577379634284,59.91623762194298,60.041435184586305,21158600
2013-01-14,59.88044357299805,60.05035741151237,59.62110391206935,59.844671879481716,36768500
2013-01-15,59.58536148071289,59.67479416980025,59.317083881719626,59.5853614807129,31675300
2013-01-16,59.82681655883789,60.03249536133348,59.5585321472499,59.665847276436295,33822300
2013-01-17,60.11296463012695,60.34547725933181,59.969877835922766,60.068248301249675,32024200
2013-01-18,59.97883987426758,60.04143865921186,59.71055546864588,59.93412353241201,31992000
2013-01-22,60.07720947265625,60.121925813845294,59.674789692977875,60.041437764256166,32123100
2013-01-23,60.443870544433594,60.6227291249036,60.327617584196005,60.417043463052394,31975700
2013-01-24,59.612186431884766,60.16663081355599,59.52275375622339,59.612186431884766,42596300
2013-01-25,59.916229248046875,60.08614312621084,59.68371659731006,59.79997633405572,39240100
2013-01-28,60.050384521484375,60.256063323616594,59.853643529701564,59.92518694903277,32926100
2013-01-29,60.059322357177734,60.19345772479753,59.58535237481863,59.97883431385063,35554700
2013-01-30,59.93410110473633,60.3454721921538,59.79996577487552,60.166613714417224,34445000
2013-01-31,59.79998016357422,60.22922696791809,59.74631919596503,59.90728845328272,34870500
2013-02-01,60.50646209716797,60.61377039774403,59.978837935898376,60.220288434950135,53120800
2013-02-04,59.451210021972656,60.327592826975696,59.43332075988844,60.157678950947705,48483700
2013-02-05,60.327606201171875,60.51540255816277,59.56747614018323,59.7105561548047,35120300
2013-02-06,60.130828857421875,60.40805773154533,59.95197724158567,60.130828857421875,43593200
2013-02-07,60.18455123901367,60.247150050734724,59.52278457480962,60.20243368975164,46017900
2013-02-08,60.80156707763672,60.92676464416103,60.479628528643985,60.48857316132592,39837200
2013-02-11,60.819454193115234,60.864163709433114,60.613768585235604,60.837336635091305,17650400
2013-02-12,60.569068908691406,60.85523578608584,60.50647011747252,60.738976014710374,22057900
2013-02-13,60.78367614746094,61.01618880543434,60.604817632575745,60.7479044444839,23494700
2013-02-14,60.76581573486328,60.85524844614392,60.470710985014236,60.5064827049749,24478800
2013-02-15,60.58693313598633,60.90887162909753,60.41701925830139,60.75684701367126,25333600
2013-02-19,61.02513122558594,61.043020489803645,60.68531025575695,60.703192697219436,23436500
2013-02-20,60.08613967895508,61.034065844318114,60.0771950483137,61.00723877514808,38200300
2013-02-21,59.442264556884766,59.925172285066644,59.227641174166486,59.86257351415905,45855600
2013-02-22,60.041439056396484,60.05038368937794,59.54958658375496,59.78209928198149,21968000
2013-02-25,59.29917526245117,60.64058328791639,59.245521124713854,60.42595991421309,40927600
2013-02-26,59.522762298583984,59.63007743112574,58.98620028138764,59.37968227795119,42088800
2013-02-27,60.130828857421875,60.497483539463424,59.44224263142553,59.52272381172627,36339500
2013-02-28,60.00568389892578,60.5780177580027,59.996739263477075,60.1398261396252,28557300
2013-03-01,60.25604248046875,60.36335757234423,59.50485730560133,59.799968691193655,31617200
2013-03-04,60.52432632446289,60.53327095440415,59.97881988485644,60.059307908820685,19380500
2013-03-05,61.41862869262695,61.49910993368752,60.88206661728565,60.88206661728565,35581900
2013-03-06,61.26658248901367,61.62429268777064,61.18609445348494,61.60640342531779,29071100
2013-03-07,61.42755126953125,61.52592174400917,61.21292105825879,61.33811860345714,21775900
2013-03-08,61.49908447265625,61.72265248005289,61.257634026679696,61.63322664164507,26159900
2013-03-11,61.677940368652344,61.695822806477395,61.23080437273374,61.418600672289095,23187900
2013-03-12,61.454383850097656,61.642180184732524,61.159272400204955,61.49909336438875,27575400
2013-03-13,61.373897552490234,61.60641023078038,61.159274138629115,61.5348668185749,34297300
2013-03-14,61.579566955566406,61.71370911247061,61.4454247986622,61.588511585427625,31530800
2013-03-15,61.408382415771484,61.65935704106519,61.25599910308975,61.623502546231,30752600
2013-03-18,61.27393341064453,61.52490805085102,60.70924047017993,60.843686285614794,36163000
2013-03-19,61.15739822387695,61.57867308555272,60.610629230639205,61.462151124477884,33125100
2013-03-20,61.58765411376953,61.72210677299618,61.30082496540764,61.58765411376953,28035400
2013-03-21,60.88848114013672,61.175310159651225,60.74506321110783,61.02293373896548,30050800
2013-03-22,61.48008346557617,61.52490329295245,61.067767040187405,61.139476028571245,28837200
2013-03-25,61.256004333496094,61.81173879305958,60.960216693312745,61.67728613558739,24909800
2013-03-26,61.58765411376953,61.605584782224454,61.354603293679766,61.48905595290641,19725200
2013-03-27,61.668338775634766,61.713151777186674,61.07674971135084,61.16638255300213,22539500
2013-03-28,61.8206787109375,61.9013461691284,61.52488435381736,61.668302286436855,23662800
2013-04-01,61.3994255065918,61.92826399122651,61.22911834239919,61.86552032629448,28112800
2013-04-02,61.8834228515625,62.089577583205205,61.64140679792901,61.695191942371714,29431900
2013-04-03,61.318756103515625,62.00893639629737,61.166372774666925,61.919303568975195,35131200
2013-04-04,61.336673736572266,61.489050211479636,61.00502478658649,61.291853908166246,32287400
2013-04-05,60.825775146484375,60.91540798832307,60.22522758376291,60.36863876299532,55610800
2013-04-08,61.1484375,61.166361326691245,60.67337744941361,60.85264307050637,17891600
2013-04-09,61.56077194213867,61.81174662064451,61.031926579389584,61.30979726363284,30931400
2013-04-10,62.76185607910156,62.8963087302042,61.74002687239503,61.775881368592124,55271300
2013-04-11,62.734962463378906,62.878380437986834,62.53776616756572,62.609475154869685,37233600
2013-04-12,62.69015121459961,62.73496420399888,62.215091127984515,62.58258773065925,32783700
2013-04-15,61.45317840576172,62.555681591657056,61.38147627447377,62.457083467774396,48795800
2013-04-16,62.26886749267578,62.34057647971451,61.67727860742438,61.80276591546945,27682600
2013-04-17,61.04985427856445,61.74899994567365,60.69131611020039,61.73107611460149,60204800
2013-04-18,60.207271575927734,61.24703125163931,59.947331656999836,61.21117676228257,56798200
2013-04-19,61.03190612792969,61.1574002636773,60.234162522049786,60.32380216737591,43062800
2013-04-22,61.65934753417969,61.883432963433776,61.02294573572343,61.24703116497752,34412100
2013-04-23,62.250911712646484,62.474997077830295,61.68621905425862,62.00890252720672,53078300
2013-04-24,62.224029541015625,62.44811493132917,61.95513117576541,62.09854226952351,44500700
2013-04-25,62.55569839477539,62.788749190056464,62.37642592204164,62.38539125531473,26437100
2013-04-26,62.358497619628906,62.537763240954206,62.08959234909586,62.40331744423278,24079800
2013-04-29,62.93216323852539,63.17417937826593,62.528812123685704,62.55570128620223,31664000
2013-04-30,63.38929748535156,63.398262818751704,62.77978474650988,63.01283554509379,30135800
2013-05-01,63.09349060058594,63.50580695467191,62.968003311887784,63.40720882233131,28537200
2013-05-02,63.8912353515625,64.02568797441813,63.14727009849988,63.20105525076882,31744200
2013-05-03,64.6441879272461,64.84137742416436,64.45595692663312,64.50973525865203,34061700
2013-05-06,64.8951416015625,64.99373973739915,64.70691066184104,64.760688976463,19244300
2013-05-07,64.85928344726562,65.04751437635063,64.61726736805333,65.0026945576686,25838100
2013-05-08,65.17298889160156,65.22676719264666,64.71585281708964,64.8234162577227,24252100
2013-05-09,65.08338928222656,65.52259492121709,64.9579019568007,65.04753478374113,29337200
2013-05-10,65.47776794433594,65.5046571028213,65.10129920990637,65.21782801473607,20663700
2013-05-13,65.5584716796875,65.71981355838147,65.30749694361882,65.37024062763598,29730100
2013-05-14,65.8990478515625,66.0962441468902,65.5494750874981,65.57637108657993,36009800
2013-05-15,66.03350830078125,66.09625196230037,65.61222649977586,65.77356832061736,27214400
2013-05-16,65.96178436279297,66.41892055804614,65.92593671165653,66.08727849594915,27253400
2013-05-17,66.59818267822266,66.62507183167727,66.08726824695418,66.3023883131347,31114500
2013-05-20,66.49962615966797,66.71474636043084,66.23072077980348,66.4727369893911,25132400
2013-05-21,66.5713119506836,66.8133281007098,66.23070448008863,66.46375529604634,25900000
2013-05-22,65.98870849609375,67.18083830321905,65.64809411816002,66.65199974165522,59843200
2013-05-23,65.83627319335938,66.06035854369557,65.28054590119258,65.40603315029749,48222100
2013-05-24,65.80047607421875,65.8183999070483,65.2178523483208,65.39711803080597,26430300
2013-05-28,66.230712890625,66.81333658523265,66.02455805069351,66.57132040447317,27057100
2013-05-29,65.91697692871094,66.15002771198473,65.54051501318459,65.97075524848749,32090300
2013-05-30,66.26656341552734,66.58028174347194,65.92595592212272,65.94387975291386,32390500
2013-05-31,65.65705108642578,66.51753858037995,65.58534208562625,66.01558925187669,38347600
2013-06-03,65.77355194091797,65.79148260462739,64.92203005542198,65.66599531283946,47613100
2013-06-04,65.43295288085938,66.16795289995187,65.1640475993555,65.90801295144355,35251900
2013-06-05,64.5814437866211,65.46882045115751,64.52765861644994,65.21784578551463,48654200
2013-06-06,64.8951416015625,64.90410693351436,64.06154353219911,64.67105617257819,62524100
2013-06-07,65.78252410888672,65.8542330940874,65.00270428155609,65.16404607898501,31969800
2013-06-10,65.80939483642578,66.1141545188972,65.66598374473705,65.90799295382448,25390000
2013-06-11,65.15505981445312,65.73767626488737,64.93097446011924,65.15505981445312,40278900
2013-06-12,64.40217590332031,65.55845798601457,64.30357772923844,65.53156881827357,42081900
2013-06-13,65.21783447265625,65.3612456116271,64.13326166223423,64.31252729558419,28221500
2013-06-14,64.78759765625,65.28954698009319,64.68899949070271,65.21784481850605,27690700
2013-06-17,65.41502380371094,65.79148569676815,65.07440956266836,65.29849499975644,32441900
2013-06-18,65.95282745361328,66.07831475123928,65.48672591510689,65.5046565796505,24853100
2013-06-19,65.21783447265625,66.04246732773895,65.14612548389805,65.97075833898073,43145100
2013-06-20,63.667179107666016,64.68005007068129,63.452058915625045,64.46492304009273,60908400
2013-06-21,63.32904815673828,63.81460465022023,62.798530060827915,63.643758793205095,51558900
2013-06-24,62.69965744018555,63.18520731012056,62.17813278263377,62.80755436231301,41492300
2013-06-25,63.15821838378906,63.40998695707867,62.77157182904313,63.3020900600569,28897400
2013-06-26,63.7247200012207,63.841610621425836,63.472944506640694,63.69773891023726,23742300
2013-06-27,63.99446105957031,64.39909505087435,63.95849313633129,64.05740321019361,23545000
2013-06-28,64.08436584472656,64.46202554032773,63.65276456429474,63.79662937104579,28301100
2013-07-01,64.48001098632812,65.01052922336937,64.4170688422906,64.51597890580373,24942800
2013-07-02,64.50696563720703,64.9026057712084,64.15628710395202,64.45301720445306,23067900
2013-07-03,64.76776885986328,65.07349284622673,64.21926991213067,64.27322523924272,18847500
2013-07-05,65.26229095458984,65.28926517632262,64.61488219228968,65.13640667971798,28795900
2013-07-08,65.32524108886719,65.63095811950105,65.08245934319507,65.60398389446621,20558500
2013-07-09,65.72088623046875,65.86475793659575,65.32525275898057,65.63096984422964,26108600
2013-07-10,66.09855651855469,66.19746661716853,65.62199342169615,65.65795449375426,25598900
2013-07-11,67.4113540649414,67.46530253232223,66.7639450156455,66.80890664525052,47768900
2013-07-12,67.70806884765625,67.75302360678307,67.27646062692315,67.45629338379031,31412600
2013-07-15,67.86090850830078,67.90586325492795,67.59115258782568,67.77997898808704,19783600
2013-07-16,67.7710189819336,67.9688322937177,67.60017304065836,67.91488383233846,31747100
2013-07-17,67.94185638427734,68.10370862459663,67.75302991393492,67.97782431103502,24631500
2013-07-18,67.7710189819336,68.10371030734652,67.66311519899438,67.93287122625203,36278800
2013-07-19,67.06963348388672,67.20451145488363,66.87182023462697,67.18653092683405,37732400
2013-07-22,67.26748657226562,67.42035200643538,67.06067952750139,67.32144190322398,21135900
2013-07-23,66.77294158935547,67.40236326984447,66.7189862594694,67.39336957149982,24739500
2013-07-24,66.98872375488281,67.45629303643774,66.83586522631485,67.42931880906455,24426900
2013-07-25,67.4113540649414,67.49227676601264,66.95277151165989,67.30345026999825,23162200
2013-07-26,67.7710189819336,67.78000581870964,67.03369361563418,67.14159053839263,20885600
2013-07-29,67.64512634277344,67.92386917251295,67.46528672666737,67.63613264692316,20958400
2013-07-30,68.00481414794922,68.29255076786478,67.75304546304588,67.88792350429614,24104600
2013-07-31,68.13066101074219,68.52630121804701,68.00477673754126,68.13965470459321,25007600
2013-08-01,68.82305145263672,68.92196153331992,68.52632121058711,68.59825706202588,16880000
2013-08-02,69.20970153808594,69.22768207175413,68.67918318243456,68.83204858942743,18105300
2013-08-05,69.25465393066406,69.30860925018234,69.03885323313244,69.17373124165739,15462800
2013-08-06,68.84101104736328,69.22765755602232,68.56226828304337,69.1647154202024,23675400
2013-08-07,68.71515655517578,68.85003457900794,68.2206129480329,68.64322069444113,20281200
2013-08-08,69.05685424804688,69.21870651816658,68.60726537106788,69.09281532124517,19994000
2013-08-09,68.778076171875,69.1827101107269,68.58025604979349,68.93992837537995,18558500
2013-08-12,68.93993377685547,69.06581807164697,68.50833244047877,68.51731927569276,20515900
2013-08-13,69.32659149169922,69.4794500370436,68.53531767446299,69.02986123766789,23917000
2013-08-14,69.06583404541016,69.3985322501235,68.96692395374352,69.29962215845686,29921000
2013-08-15,67.89688873291016,68.3284900517155,67.69906860338301,68.29252213178519,39406600
2013-08-16,67.86993408203125,68.2206128272653,67.75303659349906,67.90589515215365,23825000
2013-08-19,67.7530288696289,68.45438628014202,67.7350483366175,67.87891318125021,29586900
2013-08-20,68.04977416992188,68.36448501859677,67.82497972655666,67.87892819770609,18842800
2013-08-21,67.81595611572266,68.41840331177045,67.56418754783277,67.83394350495992,30705100
2013-08-22,68.48136138916016,68.52631614785284,68.07672739984683,68.1126953229089,17269500
2013-08-23,68.93993377685547,69.02985015025233,68.69715888266602,68.96690800285657,20697300
2013-08-26,68.97589111328125,69.48842190918836,68.83202630995955,68.99387850130802,27525500
2013-08-27,67.56419372558594,68.49933910623864,67.40234150854644,68.1576541414573,40068900
2013-08-28,67.82495880126953,68.11269532559753,67.48327382243623,67.48327382243623,20490400
2013-08-29,68.30152130126953,68.6432062777252,67.70806772530126,67.80697779799262,27287900
2013-08-30,67.86090850830078,68.37343926906105,67.61812680783758,68.37343926906105,26228500
2013-09-03,68.24757385253906,68.7331305274006,67.92386940263138,68.41841291319373,27241500
2013-09-04,68.97589111328125,69.09278169474129,68.27453390416399,68.4813477054009,27142900
2013-09-05,69.09278106689453,69.29060117232046,68.99387787436,69.02085209597655,17809700
2013-09-06,69.17369079589844,69.54234981945305,68.38241746081853,69.32654924809971,27715100
2013-09-09,69.98298645019531,70.09987705549506,69.44348132239509,69.47045554975811,25161900
2013-09-10,70.32469940185547,70.42360951498102,70.06393699999562,70.38764157746422,27619400
2013-09-11,70.1897964477539,70.2347580687431,69.76718190710412,69.85710514908253,28132900
2013-09-12,70.14482879638672,70.36062944508063,70.00095712380482,70.20777093809657,18332700
2013-09-13,70.1897964477539,70.26173229726454,69.81214352809332,70.21677067627535,16932500
2013-09-16,70.0009536743164,70.78324042002856,69.83910148072694,70.78324042002856,25704300
2013-09-17,70.4685287475586,70.55844510715221,70.11785014301854,70.15381119871319,27174300
2013-09-18,71.31375885009766,71.45763052991167,70.43256882186428,70.57643364149901,31714700
2013-09-19,71.48458862304688,71.65543448922675,71.3587043617073,71.53853706071305,26435700
2013-09-20,71.23929595947266,71.73533129612835,71.203220036736,71.65415874977619,26328900
2013-09-23,71.09498596191406,71.61807642339967,70.76128889908136,71.53690389210418,30319400
2013-09-24,71.09498596191406,71.47377275921988,70.86049594801061,71.24830344452202,21871300
2013-09-25,70.85147857666016,71.24830679101596,70.70718178648025,71.14909973742701,22746400
2013-09-26,71.40161895751953,71.57297783381175,71.11301851789841,71.14007373399144,22421700
2013-09-27,71.31145477294922,71.43771707447556,70.87855053858794,70.98677831737311,25151600
2013-09-30,71.14008331298828,71.32947673191856,70.34643371735974,70.57190305619744,28031900
2013-10-01,71.86161804199219,71.89769397700658,71.11305787220098,71.14913380721536,33129700
2013-10-02,71.83457946777344,71.93378659187168,71.30246790390264,71.37461979066184,25503800
2013-10-03,70.99578094482422,71.89765822942661,70.61699413667785,71.74434074243084,42998200
2013-10-04,71.60905456542969,71.70826161275359,70.93264663228163,70.99577776414435,22852700
2013-10-07,71.01383209228516,71.56397791518249,70.95070094281067,70.97775616675985,20227100
2013-10-08,69.64295196533203,71.07693327631759,69.6158967527891,71.01380215345866,43660700
2013-10-09,69.42652893066406,69.84139173078816,68.85834173508502,69.80531580719752,64526700
2013-10-10,70.89657592773438,71.0589141188529,70.15703680836731,70.17507132703477,48062700
2013-10-11,71.45576477050781,71.50987522427576,70.70720471641128,70.71622541896593,25214100
2013-10-14,71.9607925415039,71.9607925415039,70.95970816093076,71.01381859854727,31471900
2013-10-15,71.68122863769531,72.24940900075558,71.59103538066844,71.9066980187036,38684000
2013-10-16,72.49291229248047,72.52898821883066,71.96080786056882,72.01491830970441,46735900
2013-10-17,72.90774536132812,72.93480745562779,72.10507524985248,72.16820637499853,32193500
2013-10-18,74.08924102783203,74.1162962530126,73.36773624604558,73.57517110706254,39628200
2013-10-21,74.25154876708984,74.44094214635592,74.01705877718945,74.26056258459533,31176900
2013-10-22,74.35978698730469,74.76563593545424,73.89081377876953,74.54016659118616,43944800
2013-10-23,73.90885162353516,74.13432097794592,73.54810616110086,73.99904486992237,38021300
2013-10-24,74.23350524902344,74.38682959233229,73.84569780329213,73.95392553725547,23155100
2013-10-25,74.76565551757812,75.10836653354602,74.40490309610765,74.92799376320085,35824500
2013-10-28,74.78366088867188,74.90090933639028,74.44997070554092,74.77464707021466,28618400
2013-10-29,74.9099349975586,75.0903146068815,74.58525858155589,75.03619728369536,36878100
2013-10-30,74.83780670166016,75.29775932611744,74.47705428345007,75.17149701186092,33535500
2013-10-31,74.66642761230469,75.12638699346023,74.38684783198377,74.64838621183212,31309900
2013-11-01,74.6844711303711,75.00914757021393,74.31470494547062,74.9189611993196,30867800
2013-11-04,74.79269409179688,74.91895637908111,74.53114881648564,74.90993567833836,16834000
2013-11-05,74.87387084960938,75.05425048729698,74.28765594926861,74.50410463371412,27975600
2013-11-06,74.85582733154297,75.21657968279051,74.6123234508987,75.18952446058323,25576800
2013-11-07,73.44889068603516,74.97305866843081,73.38575954925875,74.86483779440145,52173200
2013-11-08,74.44098663330078,74.45902115986615,73.51205369761516,73.71948171663074,31470500
2013-11-11,74.3237533569336,74.5311813992481,74.08024249587376,74.33276718083833,24822900
2013-11-12,74.44098663330078,74.54921443503554,74.06219964840038,74.09827558231197,20108500
2013-11-13,75.34284210205078,75.35186280306152,73.95395001988629,73.95395001988629,31345900
2013-11-14,75.5772933959961,75.63140381274731,74.98205128863168,75.1443894196606,31101200
2013-11-15,75.72164154052734,75.72164154052734,75.40598576055926,75.59537922854011,20511300
2013-11-18,74.98211669921875,75.8569392306488,74.83781983507984,75.70362166225708,31679600
2013-11-19,74.76565551757812,75.29776000664249,74.63939320218047,74.93700758517201,25545300
2013-11-20,74.58526611328125,75.24363971243092,74.368817441015,74.96405989072122,32177400
2013-11-21,75.34284210205078,75.40597324756831,74.83779293791054,74.90092408342807,28125000
2013-11-22,75.74867248535156,75.77572770342175,75.41498228811552,75.46909272425592,25361300
2013-11-25,75.9290542602539,76.10040627322535,75.739660847531,76.0192406166775,21695100
2013-11-26,76.32588195800781,76.51527538649574,75.78475689364534,75.94709510103193,26621000
2013-11-27,76.85799407958984,76.87602860027037,76.4160760747417,76.47920721829142,21638100
2013-11-29,77.31796264648438,77.41716284314835,77.08347256518371,77.16463823903044,16708900
2013-12-02,77.09249114990234,77.52538849342233,76.97524267208213,77.40814689638134,26354600
2013-12-03,77.02935791015625,77.23678587473638,76.7317366940762,77.03837173068301,37147000
2013-12-04,77.10148620605469,77.35401074177958,76.46115416738728,76.70466488453452,37193200
2013-12-05,77.0022964477539,77.25482792096689,76.81290300342847,77.16463466871556,39829300
2013-12-06,77.56145477294922,77.7237929767749,77.19168174393248,77.65164113490162,36842900
2013-12-09,77.87710571289062,78.0394439067787,77.74182273785424,77.87710571289062,22590000
2013-12-10,77.82302856445312,77.96732542031197,77.6697110048591,77.75087669613326,26965900
2013-12-11,76.82191467285156,77.92220616547715,76.71368691134177,77.81397840396737,36830600
2013-12-12,76.62353515625,77.03839810823625,76.56942469144613,76.84900460064131,33662600
2013-12-13,76.52430725097656,77.02034264612776,76.39804494689798,76.98426671913681,34072000
2013-12-16,76.94815826416016,77.390076141625,76.84895122706732,76.9030616542901,24902500
2013-12-17,76.79486083984375,77.13757176964786,76.65055715522408,76.94817834416834,24454900
2013-12-18,77.68771362304688,77.75986546173198,75.8027932826507,76.88504333981487,68387200
2013-12-19,77.4712905883789,77.57049767915966,77.12857268176164,77.5614769761486,44964100
2013-12-20,78.26020812988281,78.42306201828164,77.56355960334307,77.61784193193071,40475400
2013-12-23,79.08352661132812,79.08352661132812,78.66733908503387,78.9025740123663,28181800
2013-12-24,79.11971282958984,79.1740020623811,78.95685893648822,79.10162102041681,13852500
2013-12-26,79.382080078125,79.44541175712284,79.11066155497791,79.26446607502479,15241100
2013-12-27,79.18304443359375,79.52685093124984,79.08352912929108,79.48161105441001,15827400
2013-12-30,79.06543731689453,79.17400888920261,78.83925171823019,79.06543731689453,18983700
2013-12-31,79.58113098144531,79.58113098144531,79.18304216509506,79.21019023200284,24890500
2014-01-02,78.95685577392578,79.23733057464419,78.73067020382413,79.21018941065371,29177500
2014-01-03,78.38687133789062,79.02923753452782,78.36877952927706,78.95685649480187,35723700
2014-01-06,78.09735870361328,78.49544754303005,77.80784143021097,78.40497468933614,32073100
2014-01-07,78.82117462158203,78.9387886698941,78.31451409219922,78.45927621563372,25860600
2014-01-08,78.9930419921875,79.21018509755916,78.66733423676546,78.83923746952583,27197400
2014-01-09,78.73065185546875,79.29159442354081,78.45923337618294,79.2825450701077,23674700
2014-01-10,78.98400115966797,79.07447400411063,78.33258563546389,78.92066947829454,38008900
2014-01-13,77.81684875488281,79.14682038399364,77.51828228658599,78.87539506688151,48842300
2014-01-14,79.3006591796875,79.36399086075197,78.07925852908093,78.07925852908093,37178900
2014-01-15,79.95208740234375,80.10589195184377,79.56304789896116,79.64447140070708,39835600
2014-01-16,79.96110534667969,80.07872623888616,79.76206788031972,79.8887312237463,31630100
2014-01-17,79.50872802734375,79.95205659704702,79.31873302717119,79.71682173379978,36895800
2014-01-21,80.11492919921875,80.15111281499007,79.44541496264421,80.01540699925863,26412700
2014-01-22,80.32304382324219,80.52208829198152,80.08780882358316,80.32304382324219,29376900
2014-01-23,80.05160522460938,80.08778884386426,79.49066248925098,80.07874639036866,35011900
2014-01-24,78.47735595703125,79.78018725696646,78.45021478872208,79.66257322674777,63974600
2014-01-27,77.71737670898438,78.61306978876257,77.12929274448146,78.47735704270237,63519300
2014-01-28,77.6721420288086,77.75357244295398,77.18358025184862,77.35548353521531,44378800
2014-01-29,76.83978271484375,77.57262194925153,76.68597814264615,77.00263664500523,51939300
2014-01-30,78.26020812988281,78.53163357809282,77.6992654248122,77.78069582032956,65833600
2014-01-31,78.05210876464844,78.42305639040607,77.31022041576854,77.39165080544221,45187000
2014-02-03,76.26071166992188,78.26019086248543,76.0616673055033,77.90734199924682,65596900
2014-02-04,76.82168579101562,77.12929491494721,76.41454754137787,76.64978251432609,37675500
2014-02-05,76.62264251708984,76.89406111836345,75.76313302313017,76.56835327472528,41721800
2014-02-06,77.59976959228516,77.69929183027492,76.83073976452286,76.84883848196003,32308600
2014-02-07,78.98400115966797,79.03828348580645,77.80783347400666,78.0340190364311,38359400
2014-02-10,79.43637084960938,79.47255446462438,78.90256934255959,78.95685166771754,30205400
2014-02-11,80.34111022949219,80.49491474706734,79.51779151311605,79.60826435271112,38635500
2014-02-12,80.49493408203125,80.67587980468474,80.2506497635485,80.50398343895499,32507200
2014-02-13,81.09204864501953,81.15538032896205,79.88874665011173,79.90683845867994,40454500
2014-02-14,81.2548828125,81.43583536744504,80.82061048590026,81.06488780678335,33212400
2014-02-18,81.65299987792969,81.80680442605312,81.1915793309228,81.39062375914682,29546600
2014-02-19,81.09204864501953,81.68918186730828,80.92919475736223,81.49918681548073,41749900
2014-02-20,81.47203826904297,81.62584278716186,80.80252406787507,81.14633052324108,41814800
2014-02-21,81.3635025024414,81.852064336009,81.26398026397551,81.73444338001934,31192200
2014-02-24,81.79778289794922,82.16872377965039,81.46302564642124,81.55349852713091,31500400
2014-02-25,81.70728302001953,82.07823071313048,81.44490689864179,81.915376806849,26771700
2014-02-26,81.63489532470703,82.18678174049542,81.30918756620652,81.92441256530354,42953700
2014-02-27,82.16455078125,82.24631226372598,81.5195181158806,81.64670726503577,28742400
2014-02-28,82.07367706298828,82.63694811970623,81.3468830779483,82.14635854087845,48609800
2014-03-03,81.46500396728516,81.68304845097013,80.73820981553503,81.30147407016584,38885700
2014-03-04,82.50067138671875,82.6551212587565,82.27354696869008,82.35531536344973,33189000
2014-03-05,82.72783660888672,82.87319963514082,82.46437132226912,82.63698818312321,27203300
2014-03-06,82.65513610839844,82.9821889523331,82.3553301592292,82.9185943811113,24063900
2014-03-07,82.2463150024414,83.00036993417679,81.82840679397444,82.91860151768923,31167800
2014-03-10,82.31900024414062,82.36442791439923,81.79206976681384,82.2008980052733,18131700
2014-03-11,81.96470642089844,82.72784156053791,81.71940803223504,82.51889086190421,27484300
2014-03-12,82.2735595703125,82.31898723339113,81.29238720192338,81.59218621186237,27977200
2014-03-13,81.11068725585938,82.60971010047314,80.73820674017429,82.58245627387284,48542000
2014-03-14,80.5565185546875,81.20155132341677,80.52017780177869,80.84723764666815,38732300
2014-03-17,81.26512145996094,81.68303652703965,81.02891703404944,81.07433776305344,28467200
2014-03-18,82.2463150024414,82.34625032743232,81.33781708891608,81.36507091731559,31250200
2014-03-19,81.80113220214844,82.36440326082416,81.26511496495445,82.27354794750205,40869400
2014-03-20,82.0282974243164,82.2735888709489,81.38326458035174,81.5467945218703,31634500
2014-03-21,81.04120635986328,82.54365708068173,80.88641021727568,82.49812553420837,62754000
2014-03-24,80.33096313476562,81.39633468857187,79.59339928169038,81.33259468827079,77735300
2014-03-25,80.59503173828125,81.26885559860577,79.92120093081766,80.74982789115569,41723300
2014-03-26,79.55696105957031,81.17778387196451,79.54785336199008,80.99566465604858,40930400
2014-03-27,79.11078643798828,79.8028256713272,78.67371414640282,79.44770182923696,64784500
2014-03-28,79.26559448242188,80.13974606732259,79.04705137584226,79.36575833615272,39895100
2014-03-31,79.83016204833984,80.36740527066515,79.78463743613163,79.88480130898651,33924300
2014-04-01,81.2324447631836,81.28707707362425,79.86658142504594,80.22170533719051,38683800
2014-04-02,81.44188690185547,81.66042310874577,81.07765525894445,81.57846768919894,34631600
2014-04-03,80.79537963867188,81.66042371829445,80.33098411681534,81.52383598279067,30319100
2014-04-04,78.64643096923828,81.41458211600785,78.43699548749069,81.33262668501385,131213200
2014-04-07,77.89972686767578,78.88314300241397,77.35337607965153,78.15468686361305,83995800
2014-04-08,78.61907958984375,78.72835114282842,77.71761185592267,77.99078726481474,51495700
2014-04-09,79.96672821044922,80.01225975751714,78.70102900991441,78.91046440043267,45685200
2014-04-10,77.48995208740234,80.02135016111984,77.27141597344183,80.02135016111984,73659600
2014-04-11,76.58848571777344,77.79955248157285,76.4063734445254,76.7979141372949,93657400
2014-04-14,77.18944549560547,77.59920844468898,76.47919805375778,77.26229316839407,46500700
2014-04-15,77.4444351196289,77.89061508915064,75.83271288422056,77.47175126817169,84631500
2014-04-16,78.47339630126953,78.47339630126953,77.48086540092342,78.11827241460487,46970900
2014-04-17,78.4916000366211,78.88314775314535,77.97257231445073,78.17290002250583,53719500
2014-04-21,79.07435607910156,79.07435607910156,78.30947615822895,78.67370766932278,25947900
2014-04-22,79.70266723632812,79.90299494488323,79.21095566454906,79.34754337012201,38593400
2014-04-23,79.00154113769531,79.72999745066961,78.95600957876044,79.7026812941649,34376700
2014-04-24,79.75727081298828,80.32182988401713,78.9013349308219,80.30362143849733,48926300
2014-04-25,78.4825210571289,79.37488134421403,78.29130099561067,79.28382516451123,44334000
2014-04-28,78.73744201660156,79.32020961370714,77.49905913596781,78.85581429668503,58623800
2014-04-29,79.36577606201172,79.51146455179752,78.5917812108356,78.9742282591975,36742700
2014-04-30,79.57520294189453,79.65715836027552,78.80121505368203,79.00154280179034,38689400
2014-05-01,79.81193542480469,80.26722312609034,79.50233617541815,79.70266387552608,37127200
2014-05-02,79.66624450683594,80.23080378915554,79.47502449519689,80.08510838192234,40074200
2014-05-05,80.0850830078125,80.10329840151499,79.00150328517864,79.19272323623167,27924400
2014-05-06,79.04703521728516,80.00314200849357,79.0106113736342,79.95761046714541,33698500
2014-05-07,78.81941986083984,79.2929230521123,77.88152812642063,79.210967637525,67489100
2014-05-08,78.74658966064453,79.70268997818421,78.35504183142125,78.53715419272177,46556900
2014-05-09,79.0379409790039,79.0925732754128,78.17289025207869,78.70102560782607,35081500
2014-05-12,80.34008026123047,80.36739641497354,79.43860550487017,79.5114532129449,38951100
2014-05-13,80.39470672607422,80.68609059005719,80.23991056802,80.41291517819971,30311900
2014-05-14,79.97586822509766,80.44936454909144,79.78464815499585,80.14887289015653,26483600
2014-05-15,79.34754943847656,80.09422107928827,78.83762937562169,79.95763336326934,59680300
2014-05-16,79.86656951904297,79.91210106904941,78.89225409430183,79.43859795868337,66804100
2014-05-19,80.4220199584961,80.54949996016488,79.49323609674646,79.62981685057798,32017000
2014-05-20,80.13065338134766,80.67699735588329,79.80284560719818,80.38561343965492,33716000
2014-05-21,80.89555358886719,80.94108515932895,80.23083712183606,80.27636869229782,36837700
2014-05-22,81.25064086914062,81.47828470476878,80.85909319397467,80.98657318615535,30617100
2014-05-23,81.84254455566406,81.86075996076217,81.15051199904964,81.33262436718154,22687300
2014-05-27,82.86236572265625,82.88057417486498,82.13390258579913,82.20675028891272,29725200
2014-05-28,82.60740661621094,82.95342278909187,82.5436666120713,82.83505048058667,30468100
2014-05-29,83.13556671142578,83.14466746676021,82.73491116818356,82.89881507704251,33036100
2014-05-30,83.14464569091797,83.27212570362737,82.70757334652566,83.15375339100854,29906400
2014-06-02,83.06269073486328,83.26301843834953,82.53455532515211,83.24480303959308,30409900
2014-06-03,83.02625274658203,83.16284042544046,82.68023664766021,82.7895012330366,21774500
2014-06-04,83.33587646484375,83.47246419527096,82.68936861777154,82.81684864693278,20118300
2014-06-05,84.0370101928711,84.19180635404464,83.12643473118278,83.40871090122154,35583100
2014-06-06,84.51962280273438,84.51962280273438,84.18270734615274,84.3466112240654,22680600
2014-06-09,84.45587158203125,84.66530698878726,84.22822772331958,84.53782003654062,23399500
2014-06-10,84.60157012939453,84.64709473454467,84.28286315764602,84.38302701497165,20626000
2014-06-11,84.58334350585938,84.70171580010977,84.22821967596961,84.31016812264944,22878200
2014-06-12,83.81846618652344,84.49229001994135,83.52708234392607,84.40123387171819,35275900
2014-06-13,84.06431579589844,84.27375118254594,83.70008426750286,84.18268809009311,39447100
2014-06-16,84.13719177246094,84.38304414216287,83.7365362618376,83.91865556082135,25212300
2014-06-17,84.18272399902344,84.41036793298201,83.93687160709045,84.0734593568939,19977900
2014-06-18,84.65618896484375,84.77456125596738,83.75472133948459,84.26464129772599,34514000
2014-06-19,84.60157012939453,84.83831474931007,84.21912315272422,84.7836824442741,38422200
2014-06-20,84.70111083984375,84.79241868036388,84.48198734737795,84.6371995309658,25897500
2014-06-23,84.71935272216797,84.74674228073474,84.46370755446694,84.6919631636012,20837900
2014-06-24,84.63719177246094,85.43152393782384,84.3906787367605,84.71023525185721,31945800
2014-06-25,85.17585754394531,85.32193750060064,84.43631165494702,84.44543686324508,32818600
2014-06-26,85.22148132324219,85.23974566649053,84.56411124822698,85.23061349486636,22563900
2014-06-27,85.59587097167969,85.61412835919732,85.08458053146799,85.11197009564935,22877800
2014-06-30,85.74193572998047,85.95192697819486,85.52280534165936,85.57759142164365,19751900
2014-07-01,86.68234252929688,86.91059811256062,86.00670098745474,86.04322271667384,31862500
2014-07-02,86.82841491699219,86.95623747522102,86.65494542557133,86.73711408480116,18777300
2014-07-03,87.376220703125,87.376220703125,86.87406267864655,87.11145039821821,15291700
2014-07-07,87.11145782470703,87.3853603252808,86.94711353803994,87.27579514556705,23266400
2014-07-08,86.06147766113281,87.01102161965996,85.70539954741098,86.94711034196135,40612400
2014-07-09,86.70060729980469,86.80104032226444,86.04323004945287,86.2897500012389,29919000
2014-07-10,86.42670440673828,86.78278258827173,85.48628547606955,85.58671849812342,44245300
2014-07-11,86.98365020751953,86.98365020751953,86.38105898183592,86.6458363418121,19566300
2014-07-14,87.50405883789062,87.70492486978135,87.23015631188233,87.3762362659252,19579000
2014-07-15,87.20275115966797,87.76882045832839,86.58189579295819,87.64099790922401,39467500
2014-07-16,87.54969024658203,87.92403265815905,87.4583894280383,87.83272487380938,22052600
2014-07-17,86.39020538330078,87.62278456382376,86.11629580282457,87.31235324156339,43111500
2014-07-18,87.75968933105469,87.80533625790865,86.73710204140272,86.83753503260988,36682200
2014-07-21,87.6501693725586,87.79625633176815,87.23931198994858,87.57712589295383,29750700
2014-07-22,88.20710754394531,88.34406231717134,87.96971973474082,88.06102059495512,25770400
2014-07-23,88.7731704711914,88.87359652603055,88.35317403986235,88.5175183494843,28947500
2014-07-24,88.67272186279297,89.02879997674434,88.54489930731334,88.92836697375222,24707200
2014-07-25,88.32579040527344,88.44448778262019,87.86015396829454,88.21623216871771,29898900
2014-07-28,88.35316467285156,88.58142024724911,87.66839794965888,88.41707595505058,25603400
2014-07-29,88.19795227050781,88.74576425413933,88.12490881514167,88.54490520059338,27022200
2014-07-30,88.54491424560547,88.85533851391101,88.19796128007808,88.69099420545278,35348500
2014-07-31,86.75538635253906,87.96057565537477,86.62756377237528,87.81449569196253,50047900
2014-08-01,86.43583679199219,87.04756018379518,85.86063513540547,86.57279155760105,60708000
2014-08-04,87.02924346923828,87.36706406533216,86.29882319447464,86.61838641831122,33230500
2014-08-05,86.3627700805664,86.92884637536942,85.96104503291262,86.6823334362593,50331100
2014-08-06,86.29885864257812,86.83754538379308,85.75104669438825,85.82409014502872,34431900
2014-08-07,86.02496337890625,86.8649422344233,85.72366434405532,86.70059793957802,33274700
2014-08-08,86.64582061767578,86.74625363136501,85.79670957108986,86.16191989670455,40236900
2014-08-11,87.15708923339844,87.4309986509882,86.91970153587437,86.98361280453786,28277500
2014-08-12,87.12062072753906,87.34887639301625,86.6732415736306,87.06584159688377,28152300
2014-08-13,88.04273986816406,88.07926159572932,87.43101660451255,87.47666353961365,27996500
2014-08-14,88.49925231933594,88.51750970048421,88.04274116674797,88.16143155873019,25006600
2014-08-15,88.92839050292969,89.13838177143253,88.08841149730091,89.0105591821329,55205500
2014-08-18,89.61314392089844,89.6953125877794,89.26619097413621,89.39402051007488,38938300
2014-08-19,90.11531066894531,90.17009675126047,89.76836465472138,89.82314377122825,21363400
2014-08-20,90.11531066894531,90.29791933364866,89.96009852830369,90.04227416887227,23435600
2014-08-21,90.29792022705078,90.34356716932203,90.02401071018986,90.16096546862032,19339500
2014-08-22,90.43487548828125,90.61747718999818,90.13357641122074,90.33444246259441,24692000
2014-08-25,90.75442504882812,91.01007019811765,90.53530163026682,90.86398327520484,24124700
2014-08-26,90.84573364257812,90.9461666691964,90.6357354144285,90.89138755133497,20100400
2014-08-27,90.86398315429688,90.97354834633569,90.67224929258487,90.87311532841875,15589100
2014-08-28,90.7635498046875,90.87310802210982,90.4622507751615,90.55355161161587,23563900
2014-08-29,91.10137939453125,91.22007677173247,90.63573599231472,90.96442463319597,17906300
2014-09-02,91.36615753173828,91.39354709108031,90.99182194438293,91.32050362229585,18326800
2014-09-03,90.82746124267578,91.61265401017687,90.66311695045292,91.61265401017687,25950700
2014-09-04,90.7452621459961,91.5030721289244,90.517006630594,91.03742892707857,24663500
2014-09-05,91.2018051147461,91.25658422856792,90.41660530952942,90.88224867443883,30798200
2014-09-08,91.37525939941406,91.6035149393012,90.95527004191847,91.22917251029928,25571300
2014-09-09,90.61747741699219,91.72223373650635,90.44400092386066,91.38441292509455,36449200
2014-09-10,91.36615753173828,91.40267926613052,90.48052462870027,90.73616980363731,31080100
2014-09-11,91.29309844970703,91.33875235134158,90.60833172003306,90.97354203568733,28691900
2014-09-12,90.82746124267578,91.23831849032928,90.54441959363193,91.21092893592669,30444400
2014-09-15,89.95095825195312,90.93702405511381,89.67705572828027,90.92789188124907,32972200
2014-09-16,90.7361831665039,90.90965968896303,89.52186840671885,89.61316927324117,38166900
2014-09-17,90.87310028076172,91.30222183792907,90.32528834289549,90.71788817543086,37196500
2014-09-18,91.55786895751953,91.56700113032998,91.0557109058546,91.1561369435421,30196700
2014-09-19,91.50116729736328,92.03197490584218,91.13508802841206,91.94045683419971,46918000
2014-09-22,90.65000915527344,91.29064244968798,90.2564752794533,91.28148855051656,48658000
2014-09-23,90.40290069580078,90.80558846162303,90.21986461081562,90.28392793879833,33989600
2014-09-24,91.37299346923828,91.4187559761423,90.18324509589465,90.49440779923155,35959000
2014-09-25,89.45111083984375,91.19913573260042,89.4145022209903,91.0801559757317,68642500
2014-09-26,90.40290069580078,90.56763596523905,89.58837824757238,89.74395961804768,56106200
2014-09-29,90.28392791748047,90.53102733039,89.46025157048358,89.50601408290859,33342700
2014-09-30,90.41204071044922,90.87879173257657,89.98189829617283,90.53101344918136,41834300
2014-10-01,88.966064453125,90.24733826403805,88.68235636714716,90.15582020234008,58164900
2014-10-02,88.966064453125,89.24062562059942,87.83122512683312,88.9294558319697,54501300
2014-10-03,89.84464263916016,90.2107218366545,89.1765545624344,89.48771734175764,41627800
2014-10-06,89.6524429321289,90.34799263387954,89.37788880049675,90.12834793209798,36038700
2014-10-07,88.38031768798828,89.48770200843785,88.37116378946493,89.23144870881366,45154000
2014-10-08,90.10088348388672,90.38459848833732,87.91356948481686,88.42608308316498,64931600
2014-10-09,88.6457290649414,90.21071063203073,88.50844851013447,89.98191203481218,62497100
2014-10-10,86.43096160888672,88.61827567233276,86.41265381070387,88.1240698570834,77579400
2014-10-13,85.07646179199219,86.9343051147713,85.00324457178945,86.27536409770359,80835900
2014-10-14,85.08563995361328,86.18387064031819,84.84768741128772,85.60730057715517,71814500
2014-10-15,84.53650665283203,84.89343189931131,82.58713817180634,83.80434836230181,108847800
2014-10-16,84.00569152832031,84.72869591392822,82.72441802195665,82.7518727357022,93165800
2014-10-17,85.11307525634766,85.92759767601703,84.61886946536083,85.11307525634766,69546700
2014-10-20,86.38522338867188,86.45844063723476,84.93006723098559,85.103949468346,41479300
2014-10-21,88.6549301147461,88.6549301147461,87.23637526458552,87.4560200796666,53609800
2014-10-22,88.1972885131836,89.04841960060952,88.14237210012499,88.92943985763193,39178000
2014-10-23,89.52428436279297,90.01849000242349,88.92940681606864,89.08498813344028,48123800
2014-10-24,90.25646209716797,90.32052541725274,89.35956863360295,89.71649384298642,43157600
2014-10-27,90.32054138183594,90.48527666008283,89.7073558013517,90.08258887272831,29545700
2014-10-28,91.6841812133789,91.70248203031815,90.67746870460934,90.74153203746614,34495100
2014-10-29,91.34555053710938,91.62926554821861,90.69576335307578,91.38215915087763,40552800
2014-10-30,91.5377426147461,91.7573943023759,90.73237404057465,90.93371792971234,35935800
2014-10-31,92.80072021484375,93.12103688135035,92.49870436540338,93.05697354804903,54254100
2014-11-03,93.07528686523438,93.32239331428305,92.82818739856629,92.96546798332882,33481000
2014-11-04,92.76410675048828,93.00205925419195,92.1326203678198,92.78240756659812,22773300
2014-11-05,92.77326202392578,93.37728671780762,92.45293838703486,93.37728671780762,25818600
2014-11-06,93.06611633300781,93.09357104651812,92.36141276847546,92.76410051963681,24671900
2014-11-07,92.98372650146484,93.26744144287088,92.4986747073666,93.23083283809663,20931700
2014-11-10,93.31321716308594,93.43218991757513,92.7824027525115,93.02950914263843,20360000
2014-11-11,93.60610961914062,93.60610961914062,93.07529503540016,93.33155540789573,15454000
2014-11-12,93.77081298828125,93.87148492615009,93.23085166914733,93.23085166914733,22050300
2014-11-13,94.17350006103516,94.52127140056182,93.73420370055732,93.94470147341474,28027800
2014-11-14,94.46640014648438,94.46640014648438,93.83491355511569,94.1460833908559,19251300
2014-11-17,94.18266296386719,94.45721710583295,93.73421266194472,94.24672629523047,23361600
2014-11-18,94.88736724853516,95.0154939215776,94.25588080112595,94.26503470130898,26336800
2014-11-19,94.45722198486328,94.786692558144,94.01793254207553,94.786692558144,23760200
2014-11-20,94.8781967163086,94.96056783875632,93.98131016223469,94.05452040372528,22874000
2014-11-21,95.06124114990234,95.8117002494627,94.7592253338603,95.7201752271138,34049100
2014-11-24,95.80253601074219,95.84829851697747,95.23511305236407,95.31748416711196,17928300
2014-11-25,95.948974609375,96.23268961271397,95.70187520118061,95.948974609375,17526000
2014-11-26,96.57131958007812,96.62623599753482,95.93984012955487,96.04051208211565,18973800
2014-11-28,97.01976013183594,97.23940483239119,96.7635068174583,96.82757014605271,17360400
2014-12-01,95.92155456542969,96.93742124412104,95.56462918993071,96.75438509651491,35969500
2014-12-02,96.30590057373047,96.47978274508289,95.82084172292211,96.02218558884663,26031300
2014-12-03,96.47976684570312,96.61704736642656,95.87574232984826,96.4523121380339,32974300
2014-12-04,96.43404388427734,96.80926998639951,96.03135608283723,96.38828136779381,31008800
2014-12-05,96.44320678710938,96.73606878695863,96.23271593410756,96.58964127822442,25622200
2014-12-08,95.75678253173828,96.61706745694028,95.25342982758849,96.19607889292492,32685800
2014-12-09,96.05882263183594,96.13203987427627,94.30165070755139,94.64027521705249,46035100
2014-12-10,94.5487289428711,96.12286438997953,94.37484675909445,95.88491189666851,39330100
2014-12-11,94.99722290039062,96.13206249574002,94.80502584816249,94.82333365427097,47576000
2014-12-12,93.96302032470703,95.17107681993828,93.95387340675914,94.09114699977852,46889400
2014-12-15,92.99291229248047,94.79584654730284,92.72750505362227,94.44806817385702,52968400
2014-12-16,91.50116729736328,93.78000009845313,91.482859493606,92.40720807667203,65348600
2014-12-17,93.16680145263672,93.43220170903943,91.44623135051279,91.56521110239656,79715300
2014-12-18,95.40901184082031,95.41816573946824,94.24671807817163,94.5029713812829,49840900
2014-12-19,95.82881927490234,96.21463147529911,95.26846998025161,95.50730910790503,51419900
2014-12-22,96.0676498413086,96.09520685196742,95.62671664558114,95.67264966894278,33869200
2014-12-23,95.72777557373047,96.42591696680017,95.61754050901538,96.41672895930819,30156900
2014-12-24,95.8104476928711,96.17788386904806,95.78288367210158,95.84718570377213,14291300
2014-12-26,96.49022674560547,96.69232087626932,96.05848146798664,96.08603848427775,13924300
2014-12-29,96.47184753417969,96.68312966607559,96.34324345681578,96.3983644959693,17073800
2014-12-30,95.82881927490234,96.41672558266771,95.70021520810342,96.19626246935469,18604000
2014-12-31,94.8459243774414,96.3708113682666,94.70813228659384,95.9941801205097,24367100
2015-01-02,94.56114959716797,95.71858622264641,94.10184734656333,95.31440500782371,31314600
2015-01-05,93.1740493774414,94.2580029056781,92.90765324669557,94.1477678489708,36521300
2015-01-06,91.92472839355469,93.46798383699765,91.511359278223,93.31182279417406,66205500
2015-01-07,93.1097412109375,93.33020430142881,92.31055287136299,92.53102297024958,37577400
2015-01-08,94.891845703125,95.07556379599073,93.79870412790466,93.89975118149961,40212600
2015-01-09,94.26720428466797,95.21336587833613,93.71603593134185,95.18580886234918,41410100
2015-01-12,93.28428649902344,94.55195814143683,93.0454473750687,94.45091108931737,34129800
2015-01-13,93.25672912597656,95.18580425239728,92.50347368909482,94.19370967453457,56162300
2015-01-14,92.74230194091797,93.21998016679423,91.92474456304055,92.31974474627086,51354200
2015-01-15,91.53895568847656,93.32104396156602,91.4287206063525,93.17407086046464,51005400
2015-01-16,92.61370849609375,92.73312456205078,91.27254672240595,91.41951980293796,35362200
2015-01-20,93.34858703613281,93.58741914786593,92.12684143163764,93.17404994737757,30964100
2015-01-21,93.82624816894531,94.2671813426158,92.74229475075023,93.07299287890433,40128800
2015-01-22,95.56244659423828,95.66349367272913,93.36698190411475,94.19372754249548,40887200
2015-01-23,95.77371215820312,96.06766533329287,95.27766486116485,95.55324202058844,34783000
2015-01-26,95.66346740722656,95.83800449640736,95.17660816729673,95.66346740722656,19960900
2015-01-27,93.18323516845703,94.21206763967753,92.8709060194111,94.15695361683231,45253200
2015-01-28,92.70555114746094,94.78159898173602,92.68718214379264,94.68055194057251,43591700
2015-01-29,93.5965805053711,93.77111754443112,91.82367413555195,92.6320433009993,46539700
2015-01-30,92.87091827392578,94.23045608679824,92.74231419805363,93.51394566168301,42927600
2015-02-02,93.67930603027344,93.76197708539542,91.63081456090622,93.08221160138004,43624700
2015-02-03,94.57950592041016,94.64380794653607,93.40369343788184,94.01915668914351,30750400
2015-02-04,94.49684143066406,95.12149273128955,93.98241817765764,94.1937002829203,34073200
2015-02-05,95.31438446044922,95.37868648133613,94.49682719128937,94.73565926407238,23605500
2015-02-06,94.73567962646484,95.6910291481227,94.39580044660703,95.46137802296637,34169300
2015-02-09,94.43255615234375,94.88267044622803,94.20290500120322,94.36825411036027,22604700
2015-02-10,95.90230560302734,96.03090966484791,94.80916406915676,94.95614414460641,23686500
2015-02-11,96.2513656616211,96.47182875011899,95.82880848850212,96.01252656085116,20303600
2015-02-12,97.3720932006836,97.40883822780474,96.72907274705688,96.87604584714414,22520300
2015-02-13,98.20802307128906,98.22639207995378,97.46394856502272,97.64767369365511,29030200
2015-02-17,98.29989624023438,98.36419829238562,97.9600099597789,98.20803716693231,17675300
2015-02-18,98.43765258789062,98.49276661016704,98.05183340676926,98.18043746434455,15149600
2015-02-19,98.92451477050781,98.98881680122173,98.34578948568681,98.37334649765053,19828100
2015-02-20,99.58592224121094,99.64103627130915,98.54789461838479,98.8602238085331,28336700
2015-02-23,99.68698120117188,99.71454522984554,99.31035691007253,99.53082008067697,17868000
2015-02-24,99.76045989990234,99.8798829853612,99.2552315661204,99.55836576303075,19745000
2015-02-25,99.51244354248047,99.99930288625318,99.29197338015534,99.61349061478016,19472300
2015-02-26,100.01766967773438,100.07279072129202,99.33790421329866,99.61348840589545,22255500
2015-02-27,99.57671356201172,100.04520374578087,99.42055250355368,99.98089471282104,27757600
2015-03-02,100.47694396972656,100.51368898571762,99.75124567279236,99.76962168498548,22988600
2015-03-03,100.00847625732422,100.2748724081779,99.37463689810697,100.17382535066801,20788900
2015-03-04,99.62266540527344,99.82475953727528,99.08069205890196,99.6777864466174,21007400
2015-03-05,99.79720306396484,100.10034426361753,99.38383379781803,99.87988112223236,15381000
2015-03-06,98.66732025146484,99.86150198771409,98.41929309280303,99.66859586897529,30990400
2015-03-09,98.95205688476562,99.20007696349423,98.46519772431697,98.86937885292632,26237100
2015-03-10,97.11488342285156,98.27232722875083,97.11488342285156,98.24476320256508,34234500
2015-03-11,96.55451965332031,97.38126510583565,96.5177746322756,97.26184203534135,25459700
2015-03-12,97.1883544921875,97.29858254181094,96.41672310284419,96.48102513458981,21473200
2015-03-13,96.76578521728516,97.48230254437367,96.15950995085083,97.09648336566586,42021100
2015-03-16,98.01509094238281,98.05183596098945,97.0230034735864,97.12405052265574,25674100
2015-03-17,98.1712417602539,98.3274028055746,97.51903356356652,97.74868463317735,19603800
2015-03-18,99.13579559326172,99.58591684265095,97.3996336553208,97.90486893182049,40622200
2015-03-19,99.28275299072266,99.55833007170197,99.08984693151878,99.23681997302884,31314000
2015-03-20,99.92543029785156,100.42261839747583,99.90701904579777,100.10036880267704,31761400
2015-03-23,99.73209381103516,100.14641377025977,99.69526427751282,99.87020280561512,17268500
2015-03-24,99.37300109863281,100.18322965217155,99.3545898466381,99.7228710826466,22445300
2015-03-25,97.09883880615234,99.62160206438313,97.0620092737931,99.52953174574252,41581400
2015-03-26,96.7673568725586,97.31978567666141,95.97553967768965,96.29778922804019,47846300
2015-03-27,97.15408325195312,97.38426256948236,96.60165429478603,96.74897242977208,33878400
2015-03-30,98.26815032958984,98.35101150622985,97.74334180399198,97.74334180399198,30570200
2015-03-31,97.22774505615234,98.1945010267929,97.20012466119384,97.99194209774322,30488100
2015-04-01,96.7213363647461,97.24614484270238,96.09524844152509,97.22772656655562,32970500
2015-04-02,96.78580474853516,97.09884525761532,96.47275721493948,96.813425143511,19164200
2015-04-06,97.57759857177734,97.84460034160628,96.06761610819778,96.21493421177192,24451100
2015-04-07,97.41189575195312,98.24053572447602,97.41189575195312,97.52237733521446,19379400
2015-04-08,98.18529510498047,98.32340410881498,97.4395163185961,97.44871843420687,25866900
2015-04-09,98.80216979980469,98.83899933421897,97.80780046868092,98.13925222937856,23114700
2015-04-10,99.20728302001953,99.2164921593218,98.5443654805573,98.76533565220635,17164300
2015-04-13,98.95865631103516,99.78729590819313,98.84816775330825,99.28090582376464,17783500
2015-04-14,98.67328643798828,99.14285429962922,98.11164823717688,98.85743414084581,23755700
2015-04-15,99.2901611328125,99.5019292257886,98.81139117517255,98.93108190845345,21128600
2015-04-16,99.15203094482422,99.32696242456109,98.8850221315777,99.02313110732787,16195300
2015-04-17,97.60521697998047,98.47068623512261,97.18168797756758,98.20368447071026,46514000
2015-04-20,99.06917572021484,99.24411424736986,98.05638813963806,98.09321767296098,28945900
2015-04-21,99.4926986694336,99.81495530996943,99.37300796191572,99.64001679362309,22759800
2015-04-22,100.0359115600586,100.20164091446694,99.10598534784998,99.75048449026359,21429200
2015-04-23,100.41340637207031,100.86456281633114,99.67683689435323,99.69524814587764,29473200
2015-04-24,101.77610778808594,101.91421681051932,101.3065399216191,101.47226934363583,32508100
2015-04-27,101.51828002929688,102.34692691085672,101.29730284453775,102.15357011806381,31121300
2015-04-28,101.31572723388672,101.78529499918228,100.45945990870783,101.59193819472544,36849200
2015-04-29,100.6804428100586,101.34336043910025,100.12801379402923,100.75410188540012,34043900
2015-04-30,99.0968017578125,100.51470726117826,98.5719931709739,100.10959642058492,44080500
2015-05-01,100.40422058105469,100.46867050863884,99.46508503681102,99.48350331584378,32874300
2015-05-04,100.56993865966797,101.19602661058208,100.5146908532981,100.72645889126788,23507300
2015-05-05,98.93106079101562,100.35817526746905,98.88502914551007,100.17403463641723,47843300
2015-05-06,98.24972534179688,99.39141263057034,97.59601701417196,99.10599256450556,42687200
2015-05-07,98.8389892578125,99.11520722550209,98.14845136310326,98.22211042442245,29335800
2015-05-08,100.07275390625,100.28451492680857,99.71367476311615,99.86098586117672,33023300
2015-05-11,99.68602752685547,100.33974278516614,99.61237550472627,100.13718391915587,19679300
2015-05-12,99.23489379882812,99.7412910436637,98.33259492104854,99.0967848207353,33665000
2015-05-13,99.43744659423828,100.18322519585058,99.2901284867764,99.66762586876197,20738400
2015-05-14,100.89218139648438,100.97504256362944,99.87939399246528,100.24767521246204,23904200
2015-05-15,100.89218139648438,101.28809003004349,100.64358384602116,101.1499810602877,23937400
2015-05-18,101.33412170410156,101.53668058987577,100.6527930174634,100.72645207129293,17631100
2015-05-19,101.22366333007812,101.6011537745077,101.05793393326339,101.44463351765923,14212900
2015-05-20,101.2881088256836,101.89577857105236,100.75409112327311,101.29731094073132,21131900
2015-05-21,101.81290435791016,101.95101333561828,100.96584626392143,101.11315735549954,16771800
2015-05-22,101.71160888671875,102.07989709441962,101.62874070334223,101.6931906128514,13543800
2015-05-26,100.54230499267578,101.62875145686996,100.13719424340125,101.49064951081844,25488400
2015-05-27,102.16278076171875,102.27326935572577,100.62518470715726,100.84615487065646,30572700
2015-05-28,101.93260955810547,102.20882755281195,101.61956905365251,101.96943909236737,17302400
2015-05-29,101.32490539550781,102.00623398669433,101.08551701635628,101.86812503624103,30383000
2015-06-01,101.66558074951172,101.94179869000578,100.83693395254357,101.86813963593883,24570200
2015-06-02,101.34334564208984,101.84053379127728,100.79091670671991,101.28810485590735,19449600
2015-06-03,101.64718627929688,102.02467670081077,101.39858868690817,101.80370652664374,20507200
2015-06-04,100.87377166748047,101.72083680897848,100.55152206042314,101.07633057034923,31374600
2015-06-05,100.63438415527344,100.99346327057427,100.01749834544904,100.75407485220232,22641700
2015-06-08,99.61239624023438,100.66201328758389,99.40983733205907,100.58835422560837,24549200
2015-06-09,99.44667053222656,99.80574969196233,98.70088479510875,99.37301146753332,27554600
2015-06-10,100.80934143066406,101.1039707038638,99.67686301551218,99.7873446026396,30297900
2015-06-11,100.95662689208984,101.41698542144319,100.7816884030912,101.1499766314766,17593500
2015-06-12,100.12799835205078,100.63439563628094,99.98988936321393,100.42262758346243,27201800
2015-06-15,99.63079833984375,99.78731856377529,98.80215153003836,99.3822078091592,31238800
2015-06-16,100.17403411865234,100.3397634955483,99.48349621900496,99.5295278642726,16456900
2015-06-17,100.45025634765625,100.77250599878793,99.83337744055909,100.33977476699141,23296700
2015-06-18,101.9141845703125,102.08911605384023,100.76328812164428,100.81852890333573,43032400
2015-06-19,101.41028594970703,102.04704402849173,101.33645749753835,101.96398525963478,27877600
2015-06-22,102.15782165527344,102.46235886513949,101.92711292792126,102.15782165527344,19120900
2015-06-23,102.24087524414062,102.33315732224094,101.81637205234225,102.2685591635036,18127900
2015-06-24,101.71485137939453,102.55462737466138,101.68716746228375,102.1209009388079,15815900
2015-06-25,101.51184844970703,102.21320501038413,101.34573787061699,102.11169259868065,18326700
2015-06-26,100.83816528320312,101.72409297296174,100.4598066396369,101.49338425057431,32311700
2015-06-29,98.4572525024414,100.2752382853493,98.4111079436247,99.72153174223354,50874900
2015-06-30,98.80792236328125,99.40776639511196,98.50338518764354,99.1955112919088,34809900
2015-07-01,99.59234619140625,99.98916550184059,99.13092871604873,99.78614068617577,21293000
2015-07-02,99.62001037597656,99.96146177473219,99.315480253487,99.87841002514517,20499400
2015-07-06,99.38928985595703,99.9614498785905,98.7802226427908,98.99247067136778,24311000
2015-07-07,99.63848114013672,99.73076321816866,97.66361509943408,99.5000545027532,44230800
2015-07-08,97.9035415649414,99.04786179805829,97.71897741930107,98.9278887667883,39691500
2015-07-09,97.84819030761719,99.29704092244957,97.83895998657003,99.20475883399422,28381000
2015-07-10,99.34319305419922,99.71232847681053,98.78949344061856,99.14939854147961,26415800
2015-07-13,101.08731842041016,101.17037016761651,100.19216759472211,100.20139791352403,25780700
2015-07-14,101.75177001953125,102.02861624329157,101.17037957235969,101.22575444964855,21977200
2015-07-15,101.86254119873047,102.2593605943758,101.57646455559318,101.94560002327987,28631500
2015-07-16,103.30213928222656,103.32059288203155,102.49927039761688,102.70229519882885,29838900
2015-07-17,104.8248062133789,104.8248062133789,103.95734625046454,104.13268008260441,35926800
2015-07-20,105.1847152709961,105.5630738838512,104.72329786367419,105.04628864066535,26539000
2015-07-21,105.12010955810547,105.38772543932184,104.81557240140636,105.22161490300145,35468900
2015-07-22,103.92964172363281,104.43719656115557,103.5143619031109,103.5143619031109,35575000
2015-07-23,103.54207611083984,104.37262895421837,103.27446017749675,104.03118453687013,25698300
2015-07-24,102.52693176269531,104.28031906664006,102.37005155651512,104.09575494650687,30844700
2015-07-27,101.67793273925781,102.38851239678466,101.45645437129326,101.94555566085556,35994800
2015-07-28,102.55464935302734,102.75767417624404,101.31805385259429,102.13014610478889,33553500
2015-07-29,102.94221496582031,103.16369332536851,102.37928522810479,102.77610443599163,26714100
2015-07-30,103.43135070800781,103.60668457411096,102.08401242399272,102.70231019749173,25438100
2015-07-31,103.31135559082031,103.80968723998691,103.09910752436308,103.7543194036365,22081700
2015-08-03,102.98832702636719,103.6158547572364,102.30543147946105,103.32977832015445,25001800
2015-08-04,102.79458618164062,103.12680733227353,102.37008294264793,102.94224315555392,22132300
2015-08-05,103.58821868896484,104.28034487174189,103.24676723748638,103.36674028186424,28989900
2015-08-06,101.9271011352539,103.818915296933,101.4656837339342,103.68048866840293,42125400
2015-08-07,101.79789733886719,102.03783634129366,100.95812139137996,101.6779313579891,30006800
2015-08-10,102.96067810058594,103.1821564806522,102.43466254750935,102.4438928668744,21500800
2015-08-11,101.6410140991211,102.81301812017139,101.07808436441253,102.41619891440422,36123300
2015-08-12,101.99171447753906,102.19473929085976,99.8691983398041,100.93968320912437,41889000
2015-08-13,101.82559204101562,102.5823233627283,101.6041136525981,102.09321498732768,22510500
2015-08-14,101.98250579833984,102.13015574873926,101.38266159328629,101.58568643567422,17924900
2015-08-17,102.83146667480469,102.85915058815928,101.47489859507154,101.73329117394077,21224900
2015-08-18,102.30548858642578,102.77613640746058,102.16706192839527,102.69307759637336,13984400
2015-08-19,101.63178253173828,102.53616363167659,101.0411688895757,101.99168749991016,42511400
2015-08-20,98.81713104248047,101.01347486439046,98.80790072505714,100.69048416126682,57747300
2015-08-21,94.498291015625,98.25422861195213,94.498291015625,97.42367583031455,97763400
2015-08-24,90.86231231689453,94.61824961975303,78.2010179080436,86.95872510920995,150829900
2015-08-25,90.52088928222656,94.81207379645896,90.44706782701154,94.19377598491174,75088300
2015-08-26,95.07966613769531,95.26423731786629,91.2960449525728,93.16939842711696,104103800
2015-08-27,97.48826599121094,97.55286414444603,95.31037533832706,96.45468849877889,69377700
2015-08-28,97.4698257446289,97.82050047584391,96.7592389210377,96.9714940482676,49919600
2015-08-31,96.26091003417969,97.46059826865715,96.02097801982165,96.9253523153874,39549400
2015-09-01,93.2524642944336,95.31961238451117,92.86486830699873,93.86153163353782,73155500
2015-09-02,95.8825454711914,95.90099907090197,93.85230451013096,94.94124995051054,43963600
2015-09-03,95.41190338134766,96.91612179099153,95.1442804052751,96.26090983191946,45131800
2015-09-04,94.27680206298828,94.91355325704335,93.75077949296603,94.1014612063142,49379600
2015-09-08,96.9345703125,97.0545363044273,95.68874471395782,96.08556396808157,37343500
2015-09-09,95.84561920166016,98.10656155835647,95.59644987247634,98.07887764192951,47146700
2015-09-10,96.88843536376953,97.5251937055668,95.62415604134746,95.73489172467107,47686700
2015-09-11,97.42367553710938,97.42367553710938,96.1686195687834,96.44547284205312,29106100
2015-09-14,97.12837219238281,97.80204476011616,96.75923682817294,97.78358411953636,19718800
2015-09-15,98.27267456054688,98.57721173021712,96.999165088295,97.35907009220685,30020200
2015-09-16,98.82637786865234,98.9186669835387,97.94968760259964,98.29113902193465,31329100
2015-09-17,98.86327362060547,100.33981469464584,98.41108661303215,98.72485405550012,56139800
2015-09-18,97.4571762084961,98.61352620398799,97.29066152683326,97.34617112592105,48384000
2015-09-21,97.76243591308594,98.5672578993778,96.88361290492963,97.99370586868486,35772600
2015-09-22,96.30082702636719,96.59685234540135,95.40349829303854,96.26382297926287,47359700
2015-09-23,96.37484741210938,96.8188889761933,95.8753032991904,96.55986061342696,21775100
2015-09-24,96.0233383178711,96.38411907157976,94.60795952508794,95.44053320972432,38284300
2015-09-25,95.20923614501953,97.14265710115517,94.61718548328437,97.05015050859666,44700000
2015-09-28,92.49877166748047,94.86698189260635,92.22125182882343,94.80222655780615,44077500
2015-09-29,92.01771545410156,93.67360962205393,91.3516566761765,92.73002400072649,49315500
2015-09-30,94.13613891601562,94.23789827646688,92.97053618762853,93.33131680821025,41411400
2015-10-01,94.56169128417969,94.57094406159226,93.05380616698598,94.30266997903755,39339100
2015-10-02,96.21757507324219,96.21757507324219,92.95204372453031,93.24806904928548,59370900
2015-10-05,97.59591674804688,97.85493795708774,96.71709378054409,96.92985817748541,32853500
2015-10-06,97.13341522216797,97.68846189759151,96.37484978560214,97.36468525841123,33051500
2015-10-07,97.7161865234375,97.92895800418665,96.47658285498424,97.74394484876959,37389300
2015-10-08,98.1047134399414,98.27122808256479,96.40256297559144,97.34614830305681,50188900
2015-10-09,98.54875946044922,98.73377967295616,97.88270081102311,98.1509748258086,23916200
2015-10-12,98.7892837524414,98.9742969100417,98.3822463363613,98.73378121672124,16162000
2015-10-13,98.15096282958984,99.2240587575757,98.05845626354244,98.2249709055472,26999600
2015-10-14,97.99369812011719,98.6412511214712,97.58666077195272,98.15095998361768,30902600
2015-10-15,99.60336303710938,99.61261581339852,98.2249957976423,98.35450643448885,38393800
2015-10-16,100.01966857910156,100.07517112972735,99.33510418497677,99.81614981640509,27091100
2015-10-19,100.59320068359375,100.65795600350893,99.66812065177677,99.89014494102923,23776300
2015-10-20,100.07515716552734,100.63020376773993,99.73287501622602,100.41743931482867,23404700
2015-10-21,99.464599609375,100.68570494074923,99.4276026198246,100.58395263278506,30195200
2015-10-22,101.49050903320312,101.57376988937855,100.06588522377143,100.35266477526554,42778700
2015-10-23,104.33052062988281,104.75605658033285,103.6737146808534,104.21951554755687,53170900
2015-10-26,104.395263671875,104.59878237594219,103.85871564438868,104.2565002774838,25918000
2015-10-27,104.6080551147461,104.75606425462372,104.09000548067247,104.11776381108776,31390500
2015-10-28,105.47761535644531,105.47761535644531,103.92348072037122,104.76530688306973,42221900
2015-10-29,105.31111145019531,105.48687892143936,104.88557546626834,104.99658761512786,24913300
2015-10-30,104.83930969238281,105.53311963678308,104.81155842385476,105.35735219237243,27199200
2015-11-02,106.0234375,106.15294815752885,104.89483857770439,105.11685583949651,22176900
2015-11-03,106.39342498779297,106.77270401867473,105.65335835796732,105.81062022302078,20418400
2015-11-04,106.4026870727539,106.81897726274734,105.95865267278701,106.74496917681968,28633000
2015-11-05,106.11590576171875,106.75421309876006,105.56085927889102,106.49519187729372,25004100
2015-11-06,106.18993377685547,106.3101916357415,105.23710250852692,105.9124069544412,29924900
2015-11-09,105.06135559082031,105.93093321711419,104.41380228898551,105.79216977877769,33479800
2015-11-10,104.79304504394531,104.89480439281229,104.1917417254948,104.50627254684704,35452100
2015-11-11,104.66355895996094,105.58863903353867,104.4877914874849,105.07984216995058,22748800
2015-11-12,103.64598083496094,104.74682847176648,103.57197272910142,104.23803156623414,31196900
2015-11-13,101.61077117919922,103.32217461266421,101.55526864459583,103.21116248565801,52836000
2015-11-16,103.07244110107422,103.09094665868402,101.27779019204917,101.50906025755569,33980600
2015-11-17,103.13716125488281,103.87722803517251,102.87813999912139,103.24817338926623,30579500
2015-11-18,105.1168441772461,105.21860354798638,103.45170431184295,103.55346368258321,32966500
2015-11-19,105.19084167480469,105.67188720760805,104.98732295383402,105.17234318098917,26188100
2015-11-20,105.9031753540039,105.98642917714656,105.58864444281768,105.69040382074841,22727600
2015-11-23,105.59786224365234,106.32867614409109,105.14457511070134,105.9401372580485,20696200
2015-11-24,105.50538635253906,105.75515486966644,104.38603324057301,104.9133356636881,26374400
2015-11-25,105.59786224365234,105.79212815777421,105.37584506434149,105.66261754835963,14159900
2015-11-27,105.74590301513672,105.95867454164286,105.38512234402711,105.82916389343946,8828000
2015-11-30,105.47761535644531,106.06042025609815,105.13534028362072,106.06042025609815,25041600
2015-12-01,106.5322265625,106.5322265625,105.77365411313733,105.90317181892681,28639400
2015-12-02,105.87540435791016,107.07801119444524,105.71814245002798,106.61547118928564,22395500
2015-12-03,104.08074188232422,106.34718482198143,103.46093298326977,106.16217166446638,42754300
2015-12-04,106.51371765136719,106.68948512144098,104.18251900324474,104.39528346489124,40037300
2015-12-07,106.03266906738281,106.65247095554538,105.52387225901049,106.58771563973437,25892100
2015-12-08,106.04188537597656,106.38416741193534,104.88553573019466,104.92253976579546,30792600
2015-12-09,104.43225860595703,106.16216038185173,103.79395128210841,105.57935558779906,48509200
2015-12-10,104.90406799316406,105.60713073303428,104.35826715129905,104.67279800510939,30154600
2015-12-11,102.48961639404297,103.96974301637917,102.42486107487203,103.69221618690344,56022200
2015-12-14,103.26665496826172,103.31291178112818,101.1852254296484,102.62835470905678,53098500
2015-12-15,103.89571380615234,104.79304237358653,103.76620319413081,104.21949739400519,48428000
2015-12-16,105.44063568115234,105.61639610547783,103.5072145511619,104.59880938023082,44944100
2015-12-17,103.90499114990234,105.90316744980466,103.88649265429615,105.90316744980466,45668800
2015-12-18,101.9118423461914,103.81404399247444,101.9118423461914,103.58206766395048,53746100
2015-12-21,103.04388427734375,103.06243926804564,102.11597899642882,102.87686104360485,26432800
2015-12-22,103.72125244140625,103.86972068626608,103.04388554246108,103.59134626683169,26540300
2015-12-23,104.49143981933594,104.56567395901962,104.07388517249038,104.25946344234237,25656900
2015-12-24,104.47286224365234,104.7605177224066,104.42647122275119,104.49142431549772,11468600
2015-12-28,104.41717529296875,104.43573736216649,103.47071506518371,104.22231604252346,19183600
2015-12-29,106.05956268310547,106.29153897324406,104.9739082649474,105.03886134301202,27725700
2015-12-30,105.10383605957031,106.00390538330862,105.08528106745518,105.96678831972233,19520100
2015-12-31,103.79548645019531,104.92753203826761,103.77692437993038,104.73267277661911,29886800
2016-01-04,101.60562896728516,101.6984180801513,100.32512221927914,101.55923087117432,50807600
2016-01-05,101.4293441772461,102.23662448086989,100.95611748693683,102.10671828203712,38795200
2016-01-06,100.45504760742188,101.03962550171205,99.66632937816651,99.66632937816651,41891100
2016-01-07,97.3094253540039,99.55495434237312,97.25374622547838,98.31155763584587,61386300
2016-01-08,96.511474609375,98.62709848956014,96.4094044152118,98.0146773245809,69344000
2016-01-11,96.808349609375,97.48571642970143,95.32370272987042,97.19806808786593,50024100
2016-01-12,97.93113708496094,98.43220685211811,96.57639604606472,97.7362777998481,46734200
2016-01-13,94.55358123779297,98.57141415007654,94.40511294498572,98.33015671394368,69870700
2016-01-14,96.56710815429688,97.41150540919658,93.41222859210686,94.92471882245337,78445700
2016-01-15,93.56997680664062,94.59067840651213,92.33586800932063,93.36584356602269,91443900
2016-01-19,93.77413940429688,94.98970057673348,92.67921049287956,94.84123227989681,56563800
2016-01-20,93.48644256591797,94.48858181306417,90.23877458596053,92.29872512308738,86675000
2016-01-21,93.57926177978516,94.97111993341416,92.62352031365697,93.88547227262913,61660100
2016-01-22,96.28873443603516,96.32585149931944,95.13813379164617,95.46289924618871,42229800
2016-01-25,94.85978698730469,96.49289564948845,94.77627180698259,95.94543477598943,38881500
2016-01-26,95.71342468261719,96.12169816470396,94.4236369955407,95.25875310787386,36143900
2016-01-27,93.32869720458984,95.56494482744543,92.92969772607482,95.15667139501095,54524700
2016-01-28,94.64631652832031,94.91540984640368,93.03176369917392,94.8782927943211,47641500
2016-01-29,96.62278747558594,96.65990454138611,94.5906794483604,94.61851547787143,54245100
2016-02-01,96.88257598876953,97.2444584155288,95.78764767516722,96.15880405589681,32750300
2016-02-02,94.78553771972656,96.47432525909775,94.49788223269331,96.43720819369487,44928100
2016-02-03,94.33082580566406,95.41647295785734,92.6791489571237,95.41647295785734,61572900
2016-02-04,94.32158660888672,95.07318772771637,93.19882190913701,94.0803292193852,49321600
2016-02-05,91.04607391357422,94.02464918596009,90.67491036413188,93.98753212308027,70749900
2016-02-08,89.65422058105469,90.05322017859417,88.00254305399982,89.34801010586843,91673100
2016-02-09,89.3758316040039,90.73057239230604,88.31802020657135,88.45720740715038,73778400
2016-02-10,89.71917724609375,91.57498808445759,89.65422414992527,90.40582527406853,59421700
2016-02-11,89.5892562866211,90.3037402267048,88.32730455819463,88.5778358651614,76839200
2016-02-12,90.9532699584961,91.04606614745819,89.75627840966416,90.60066851024807,49186500
2016-02-16,93.0039291381836,93.0039291381836,91.7234155989953,92.29871929626496,40565900
2016-02-17,95.11028289794922,95.24018905946144,93.44005070799939,93.68130804195988,41766500
2016-02-18,94.02465057373047,95.42578255150558,93.90401834775159,95.40722755946975,38991500
2016-02-19,94.3030014038086,94.59065682512234,93.36582226408579,93.5699554581296,28257900
2016-02-22,95.83406066894531,95.92684978541502,95.09174065783189,95.1845297743016,23979100
2016-02-23,94.25659942626953,95.53710588403773,94.19164635404987,95.27729359515901,29869700
2016-02-24,95.15669250488281,95.2773176467829,92.57710979282831,93.15241363439829,40739100
2016-02-25,96.09386444091797,96.09386444091797,94.49786629455896,95.35154449613006,29389300
2016-02-26,95.97322845458984,96.84546154741369,95.74125217069877,96.82689948026396,30925000
2016-02-29,95.11028289794922,96.59492980048526,95.11028289794922,95.88044591216801,27553900
2016-03-01,98.16310119628906,98.16310119628906,95.72271283917603,96.01964224794779,37699800
2016-03-02,98.20022583007812,98.2187808223392,97.43934371896486,98.04248361811275,29209800
2016-03-03,98.01463317871094,98.12598436201597,97.30943025584568,98.0981483360286,25474600
2016-03-04,98.05175018310547,98.682726062758,97.4022193125906,98.12598430526589,31655400
2016-03-07,97.4486083984375,98.11670132593169,96.75267944552363,97.55067854454664,25861200
2016-03-08,96.64134216308594,97.62491955388069,96.47431891942684,96.78052937936117,28898500
2016-03-09,97.26302337646484,97.28157836566233,96.46502433322951,97.00321105157053,31047400
2016-03-10,97.11458587646484,98.2280695627238,95.86190788022773,97.67132771959432,44236100
2016-03-11,98.81265258789062,98.81265258789062,97.85691107614025,98.16312158360114,31454000
2016-03-14,98.97966766357422,99.21164401438189,98.41364480125497,98.44148083065487,25374900
2016-03-15,98.94253540039062,99.05388658024312,98.31155953993711,98.62705100984152,26524600
2016-03-16,99.82405853271484,100.08387089614568,98.67345080986979,98.70129391682819,31693100
2016-03-17,99.76840209960938,100.00037848822203,99.16526915270255,99.53642571099674,29623700
2016-03-18,99.92472076416016,100.17599522141568,99.39424615408309,100.00847654979371,37682300
2016-03-21,100.31561279296875,100.4086771600215,99.69207372332362,99.74791092348406,17288600
2016-03-22,100.62273406982422,100.85539854335755,99.72930334349897,99.74791337722488,18840300
2016-03-23,99.7944107055664,100.50170532064445,99.57104778468053,100.42725811403601,20912900
2016-03-24,99.8223648071289,99.85028340708323,99.14298144003088,99.31050014011285,19017300
2016-03-28,99.68276977539062,100.120180131198,99.5059424995477,100.10156299671117,13892300
2016-03-29,101.28350067138672,101.34864644018614,99.32912050704805,99.49663921258315,29963900
2016-03-30,101.7767562866211,102.40960399097776,101.562701829113,101.88843779928057,23807200
2016-03-31,101.62782287597656,102.08385028311226,101.46961276347076,101.70227719963404,21447200
2016-04-01,102.70738983154297,102.74461699357599,100.87399292845893,101.01359301099396,26389000
2016-04-04,102.31654357910156,102.78187258268073,102.07457050914041,102.70741823802236,17163000
2016-04-05,101.33002471923828,101.9070351455972,101.19973318753723,101.52546201678986,20107900
2016-04-06,102.9958724975586,103.03309965273709,101.43236748183068,101.43236748183068,25056000
2016-04-07,101.51615142822266,102.58640928561273,101.07874113952238,102.40027347108318,28567200
2016-04-08,101.44170379638672,102.39097166188444,101.08805637597693,102.14900573756206,22898000
2016-04-11,101.0694351196289,102.39096748447889,101.06012655357912,101.87910995742851,25772100
2016-04-12,101.91635131835938,102.11178863049662,100.52966589834921,101.1439035368004,28564100
2016-04-13,103.21925354003906,103.37746365204272,102.5677888606365,102.698080376446,25356700
2016-04-14,103.22854614257812,103.61011919208556,102.3723427978088,103.23785470729536,17199700
2016-04-15,102.96795654296875,103.35883103182141,102.70737355040032,103.1447837595062,21353300
2016-04-18,103.51705932617188,103.55427938594275,102.6050116539804,102.67015740911158,17126100
2016-04-19,102.88424682617188,103.7125318949372,102.2607005572578,103.7125318949372,42481400
2016-04-20,102.96795654296875,103.44259390820642,102.53054633386286,102.88420076693777,18078300
2016-04-21,102.97727966308594,103.34954417666988,102.51195079619477,102.91213390573537,20216000
2016-04-22,101.42310333251953,102.11178820580886,100.62273695260635,101.63715067810303,39074000
2016-04-25,101.42310333251953,101.43240479947085,100.92984867019815,101.11598451457125,14351900
2016-04-26,100.92982482910156,101.80464534011863,100.62271318405399,101.63712666993142,19118300
2016-04-27,100.12017822265625,100.35284269681169,99.29189326269137,99.89681521521051,33059800
2016-04-28,98.91030883789062,100.81816014855023,98.71487155392906,100.23184119631007,29818200
2016-04-29,98.38916778564453,99.11507991090669,97.60741135049949,98.91033400883639,67502800
2016-05-02,99.31979370117188,99.45939378020809,98.23092586532843,98.64041043671834,24813800
2016-05-03,98.3984375,99.05920358645032,98.13784739094451,98.61248478556679,38569400
2016-05-04,97.76558685302734,98.16576991786532,97.52361388117423,97.80280690990853,27474500
2016-05-05,97.73767852783203,98.33330604908761,97.54224124288253,98.119251632035,20788100
2016-05-06,98.25885009765625,98.27746012909631,97.16067363345248,97.25373799136356,30758500
2016-05-09,98.53804016113281,98.99406757157003,98.2216199338304,98.26814856118685,19289600
2016-05-10,99.88751220703125,99.93404084093055,98.71488128728416,98.8917085570275,21178900
2016-05-11,98.9847640991211,100.03640485617602,98.95684550119967,99.73859464442162,20966300
2016-05-12,98.54734802246094,99.33840568541868,97.84935471390615,99.21742273473036,29196300
2016-05-13,98.18438720703125,99.06850918060195,97.9889499423584,98.4635873567666,21059300
2016-05-16,99.41287994384766,99.77583596904948,98.24024896223438,98.3333204356556,18311900
2016-05-17,98.16580963134766,99.61763384910081,97.90521942527661,99.32913213925426,29932700
2016-05-18,98.51943969726562,99.0499143830574,97.7563005510326,97.94242927924324,27524400
2016-05-19,98.007568359375,98.3798328907612,97.29096499424975,98.13785988030686,27334600
2016-05-20,99.08715057373047,99.48733376615273,98.34262139236368,98.39846569619792,29549600
2016-05-23,98.95684051513672,99.55246090863443,98.86377615996929,99.19880641850098,15729800
2016-05-24,100.93917083740234,101.06015382727799,99.47803798890301,99.50595659423144,29931300
2016-05-25,101.66505432128906,101.97217309404974,101.1438882344385,101.32071548548655,37951700
2016-05-26,101.96287536621094,102.09316690177286,101.52546502524329,101.76743806286807,21885900
2016-05-27,102.49335479736328,102.50266336471975,102.00941580017431,102.02802583453075,19870000
2016-05-31,102.68876647949219,102.84698368363655,102.16760044331232,102.63292929000283,24366100
2016-06-01,102.6980972290039,102.9307617026085,102.28861258370203,102.3723683860287,19571500
2016-06-02,102.9121322631836,102.92143372811735,101.93493881816686,102.49333202945289,15696600
2016-06-03,102.42817687988281,102.76321419600055,101.75810224764734,102.71668557453403,20269900
2016-06-06,102.80046844482422,103.07036008173108,102.4375124401044,102.6143397091983,12502400
2016-06-07,102.53986358642578,102.95865670277408,102.49332786222946,102.8562837898259,12184300
2016-06-08,102.71671295166016,102.93076028823567,102.3351398120208,102.71671295166016,14568700
2016-06-09,102.5491943359375,102.66086873759993,102.10247542821935,102.29791273148474,17571600
2016-06-10,101.3858871459961,101.8139889838925,101.03223255355675,101.61855165139788,32965000
2016-06-13,100.53897094726562,101.37656447022488,100.40867941040044,100.80886258801674,25154700
2016-06-14,100.53897094726562,100.90192695715527,99.80375036046564,100.26907930651453,24588500
2016-06-15,100.25045013427734,100.92052482472252,100.08293146166604,100.78092474748729,24605700
2016-06-16,100.54829406738281,100.64135844999124,99.11507985406983,99.7572361646753,32079900
2016-06-17,99.36972045898438,100.4801553572865,99.13643629509016,100.34018343509644,29208800
2016-06-20,99.99488830566406,101.00267008874698,99.92023569380166,100.52677570647015,20562800
2016-06-21,100.31217193603516,100.51746310140548,99.93891591893151,100.12554748711653,22804100
2016-06-22,100.06958770751953,100.95607193260436,99.98560881338209,100.36819119656725,22724200
2016-06-23,101.49726104736328,101.51592776545368,100.42415969297623,100.84406829953925,18714200
2016-06-24,97.31681823730469,99.3790492980028,97.10219368380788,97.88603214085342,68012700
2016-06-27,95.3852310180664,96.67295705259623,94.9466556465132,96.67295705259623,48222600
2016-06-28,97.47541809082031,97.52207775402755,96.39298367321003,96.43963621715221,28260600
2016-06-29,99.2017822265625,99.4070734850233,98.19399977844428,98.24065235219562,31356700
2016-06-30,100.34951782226562,100.41483710405393,99.03379170718546,99.36972147617325,36300800
2016-07-01,100.85337829589844,101.2266342593047,100.26549783977232,100.30282414803948,19902800
2016-07-05,100.23751831054688,100.4614761901386,99.69629744709965,100.32150429521035,21167900
2016-07-06,101.05870056152344,101.10535312177907,99.44437104820636,99.76164120657542,24579300
2016-07-07,101.3572998046875,101.58125059473973,100.88139814646766,101.1520086141116,19161700
2016-07-08,102.92497253417969,102.98095845348635,101.73055167458718,101.8985165517746,29457900
2016-07-11,103.5128402709961,103.89542256369778,103.26089652890151,103.27022276875412,20218500
2016-07-12,104.0353775024414,104.31532127622859,103.89540561554782,104.14735643580946,21906100
2016-07-13,103.783447265625,104.34332776656866,103.774113906817,104.27800849344635,21107800
2016-07-14,104.49262237548828,104.68858017487372,104.23133819037491,104.4739556597757,20871000
2016-07-15,104.3246841430664,104.79125248517445,104.09139997201238,104.7352594430193,17999300
2016-07-18,105.01520538330078,105.20182987614623,104.37133878022829,104.39000550107366,20713900
2016-07-19,104.6325912475586,104.95919471193336,104.4459667987156,104.65125796400271,18936700
2016-07-20,105.85501861572266,106.05097644821318,105.07118016649325,105.20181872148694,24997900
2016-07-21,105.61238861083984,106.1349427689937,105.32311857604273,105.92965160135712,18885400
2016-07-22,106.0510025024414,106.17230772780385,105.36048323936375,105.687079707085,20003400
2016-07-25,106.06031799316406,106.08831095435639,105.70572150001362,105.96699863016583,12968100
2016-07-26,106.18162536621094,106.5642077090978,105.64973773489253,106.0229938367034,21223800
2016-07-27,106.91879272460938,107.19872943144662,106.47088402669566,107.07742423707721,27646100
2016-07-28,107.29205322265625,107.41335842204141,106.75083226675162,107.08676202426018,16939700
2016-07-29,107.52531433105469,107.8145843471841,107.18938464555846,107.53464056951525,22385300
2016-08-01,108.09455108642578,108.36516158167427,107.46935121081786,107.59998977828018,13990100
2016-08-02,107.27339172363281,108.029230155176,106.58287257482462,107.93591791116428,21278400
2016-08-03,107.62797546386719,107.63730882356008,107.12408794873066,107.18940722804595,15011300
2016-08-04,107.93592834472656,108.038573958842,107.33872138220144,107.59067229658243,12835300
2016-08-05,108.97166442871094,109.2142818789269,108.36512436280384,108.48643664754458,23196600
2016-08-08,108.85038757324219,109.05567876764316,108.50512446272536,109.02767868900607,12358200
2016-08-09,109.10233306884766,109.44759618487721,108.8690489113522,108.93436819068023,13276500
2016-08-10,108.82238006591797,109.19562896663922,108.53310291281264,109.16763601101177,14688400
2016-08-11,109.2889633178711,109.52224747248802,108.97169316557303,109.1956439606104,12969800
2016-08-12,109.36361694335938,109.37295030363076,108.9810346034475,109.10233980990385,19379000
2016-08-15,109.8301773071289,110.0821281812747,109.4662545949338,109.50358091403938,11777800
2016-08-16,109.22364807128906,109.6342233574692,109.20498135144088,109.62489711681278,14161400
2016-08-17,109.41958618164062,109.45691249533797,108.64508119077001,109.25162132963575,15980300
2016-08-18,109.4476089477539,109.60624048472492,109.13033875454357,109.31697037386387,10036300
2016-08-19,109.41958618164062,109.6621965417738,108.95301793932336,109.25162132963575,18743000
2016-08-22,109.5035629272461,109.69019449211834,109.05566141008524,109.26094545254531,14500600
2016-08-23,109.69954681396484,110.11946259532026,109.65289425110399,109.93283098607297,11997900
2016-08-24,108.9903564453125,109.77418776284155,108.62643374513586,109.6248896106172,17728700
2016-08-25,108.81305694580078,109.14898668347055,108.57977280126717,108.71041135266462,24266300
2016-08-26,108.97166442871094,109.68085006512227,108.31847181574362,108.85035926323573,23896000
2016-08-29,109.12098693847656,109.41025698154175,108.98101503660847,108.99967463453311,11184900
2016-08-30,108.76640319824219,109.26096447253015,108.3931542420556,108.94370143591806,19843300
2016-08-31,108.6544189453125,108.76639077166868,108.19717692346916,108.59842591286773,16169800
2016-09-01,108.93437957763672,109.06501814994847,108.15988150443651,108.69176915435388,20944700
2016-09-02,109.2889633178711,109.69953858889504,108.87838092757974,109.47558779385767,18088200
2016-09-06,109.97013854980469,109.97013854980469,109.23295983737482,109.47557732837791,18525200
2016-09-07,110.03546142578125,110.22209300930616,109.61555282156739,110.07278774248624,17546900
2016-09-08,109.3916015625,109.73685753179493,109.10232438911743,109.70886457420526,20125300
2016-09-09,106.63883972167969,108.71973728117398,106.62018012386986,108.4771197940464,50813300
2016-09-12,108.55177307128906,108.70107121245812,106.03230019593644,106.04163355453035,39646000
2016-09-13,107.58134460449219,108.32784978735135,107.05879026456387,108.01058668647173,45863900
2016-09-14,108.09455108642578,108.68243175927417,107.66530906201133,107.69330914298295,28221800
2016-09-15,109.77418518066406,109.94215004750748,108.11320323036081,108.12253658942629,38521400
2016-09-16,109.7217788696289,109.83403835229107,109.17920207574862,109.6562959556849,27596500
2016-09-19,109.24469757080078,110.339200888671,109.02954245896467,110.00242953900276,16222900
2016-09-20,109.45051574707031,109.89954664430714,109.26342370319897,109.63760779094167,18078600
2016-09-21,110.52629089355469,110.68531981297545,109.27275160981429,109.91823116606658,31546800
2016-09-22,111.40563201904297,111.52724824694339,111.05951109250198,111.17176344182226,22614400
2016-09-23,110.69469451904297,111.32146069407953,110.53566557381346,111.32146069407953,22213400
2016-09-26,109.76856994628906,110.19889447946436,109.60954100065248,110.06792862575143,16403900
2016-09-27,110.8537368774414,110.90986306793626,109.59084763157502,109.69375040555198,20238400
2016-09-28,111.04081726074219,111.10630018846858,110.47017726036776,110.99404781928268,14794300
2016-09-29,110.2363052368164,111.05952731663936,109.75921840830478,110.85372179668363,27207500
2016-09-30,111.05951690673828,111.38693150456768,110.41403731594389,110.52629680824381,25543200
2016-10-03,110.90052795410156,111.04084344867601,110.47020331372151,110.91923430767632,19216400
2016-10-04,110.73213195800781,111.47115775504528,110.31116410199401,111.22793235848874,21239700
2016-10-05,111.12503051757812,111.48050830238509,111.01277099427361,111.05954757992671,14481300
2016-10-06,111.06890106201172,111.30276970919796,110.52632408763453,110.98470463773023,11987100
2016-10-07,110.82567596435547,111.3308331000695,110.28309898853986,111.17179699536167,19984200
2016-10-10,111.52728271484375,111.77050810871167,111.34954025735126,111.3963168420929,19687300
2016-10-11,109.93694305419922,111.4524140785863,109.45049952994697,111.43370773181246,27774400
2016-10-12,109.84345245361328,110.21764381176706,109.50668094498553,110.03990131079505,14267800
2016-10-13,109.45051574707031,109.74986729952687,108.458915067765,109.09503800887316,22821000
2016-10-14,109.58148956298828,110.43277483976225,109.51600662916755,109.99310065392115,21313300
2016-10-17,109.28214263916016,109.73117358811348,109.1418200215432,109.4879481933844,14182700
2016-10-18,110.25503540039062,110.76954927810864,110.19890920904128,110.58245007843632,19276700
2016-10-19,110.24565887451172,110.40468781286977,110.04921010293353,110.17081920807144,13702900
2016-10-20,110.11469268798828,110.35791803461913,109.47856979940993,110.13340617309248,18132200
2016-10-21,110.52629089355469,110.59177380961633,109.83404190417414,110.19887631324649,15707800
2016-10-24,111.85467529296875,111.92951495892429,111.21855240655337,111.23726589159395,19143000
2016-10-25,111.49921417236328,111.93888835388042,111.33082846746532,111.92017486605596,20341800
2016-10-26,110.74147033691406,111.34953019809969,110.41405568461539,110.77889017390594,20463700
2016-10-27,110.2363052368164,111.31210227661,110.0772762939792,111.21855625947657,19099800
2016-10-28,109.5440444946289,110.48887558252471,109.20727315908393,109.9182356604681,35369300
2016-10-31,109.44115447998047,109.94631154207715,109.38502829655985,109.94631154207715,18749400
2016-11-01,108.6179428100586,109.64696331410796,107.67311158368327,109.62825696477059,23498700
2016-11-02,107.74795532226562,108.79568935230375,107.47666685545832,108.5431072355399,26960100
2016-11-03,106.69087219238281,107.92569827713587,106.56925593665821,107.57021339068451,36205200
2016-11-04,106.31670379638672,107.14927572967149,106.12960456934726,106.42895619550464,26997500
2016-11-07,108.84248352050781,108.95474305758185,107.86023933525668,108.03797468090833,26591200
2016-11-08,109.55343627929688,110.04923669935658,108.47763900980789,108.73022116081142,20777900
2016-11-09,110.05857849121094,110.23631379643416,108.14085287410178,108.27181873567855,70234400
2016-11-10,108.28115844726562,110.74145347372976,106.83117031732063,110.5917812856578,72825400
2016-11-11,108.32796478271484,108.56183343972666,107.42990285913706,107.81345088244684,41115200
2016-11-14,107.2334213256836,108.45889756775155,106.67213814752948,108.35599481909463,35906000
2016-11-15,108.72085571289062,109.09504696846832,107.88828391621014,108.04731288027168,31796600
2016-11-16,109.36632537841797,109.44115791295827,108.20633187924439,108.20633187924439,16538100
2016-11-17,110.16149139404297,110.1801977458017,109.08569417174257,109.31020607837154,20598600
2016-11-18,109.74987030029297,110.47953928328731,109.64696753221898,110.29244723430051,16428700
2016-11-21,110.8911361694336,110.99403892434339,109.98372486001276,110.02114469244388,20268500
2016-11-22,111.2279052734375,111.49919370024601,110.95661684662899,111.33080802626498,18850600
2016-11-23,110.77888488769531,110.98469041277777,110.29244130422168,110.86308130118532,22926000
2016-11-25,111.13441467285156,111.1811841329352,110.77892966326117,110.90989557086606,7162800
2016-11-28,110.88177490234375,111.39628865589711,110.76952254673427,110.9940343950562,13479000
2016-11-29,111.2653579711914,111.79857824011927,110.66665476176733,110.98471271929033,18553000
2016-11-30,109.91825103759766,111.4430718656129,109.88083120206856,111.4056520300838,30405300
2016-12-01,108.01922607421875,109.89017480431804,107.8508404030257,109.8808180622787,39796600
2016-12-02,108.234375,108.6646994639971,107.78535132719816,108.08470282143358,32876800
2016-12-05,109.07633209228516,109.50664953273711,108.29988649583501,108.79569400700143,21419700
2016-12-06,109.33826446533203,109.52536366038511,108.87988392738491,109.38504104837143,27293300
2016-12-07,110.72276306152344,110.86308566479407,108.78633112028025,109.11374576984232,26622400
2016-12-08,110.91919708251953,111.19984225169325,110.55436264485557,110.76952489283585,18578400
2016-12-09,111.78919982910156,111.82661966457631,111.32146259132288,111.33081933446753,21863100
2016-12-12,111.2840576171875,111.51792626730862,110.82567706133942,111.29341436158168,23259300
2016-12-13,112.68726348876953,113.29532337397221,111.62082307224367,111.62082307224367,54477900
2016-12-14,112.4533920288086,113.19241776155555,112.12597737179519,112.82758326701143,28746000
2016-12-15,112.63111114501953,113.29529706514107,112.33175964387878,112.60304805695989,22762300
2016-12-16,112.21361541748047,113.13309469177646,111.98843959532627,112.90791171141194,26283900
2016-12-19,112.67335510253906,113.36765857703085,112.16671127593557,112.32621052350372,21138700
2016-12-20,113.1049575805664,113.31136459162448,112.89854341129744,113.02989658115753,11461800
2016-12-21,113.02052307128906,113.22693726047359,112.76720112160635,113.15187625382256,7079300
2016-12-22,112.70149993896484,113.0580289054455,112.26052556887481,113.0298828236457,16645000
2016-12-23,112.77658081054688,112.82349573026826,112.41066734299753,112.51387443981521,9007500
2016-12-27,113.3582763671875,114.01504219830366,112.9736012827368,113.0205090374104,16110600
2016-12-28,112.47632598876953,113.70542653887776,112.40127215068745,113.60221945852798,17975200
2016-12-29,112.31681060791016,112.71087004453092,111.96028166404511,112.4481637534504,13267500
2016-12-30,111.16281127929688,112.54201971567856,110.8438055755608,112.53264245837138,41749000
2017-01-03,112.15731811523438,112.57952365721482,111.5474600982104,111.90398906347811,22307600
2017-01-04,112.76718139648438,112.97359554956313,112.26991484127299,112.27929209680542,19749100
2017-01-05,113.40518188476562,113.48023571766754,112.6827323721801,112.6827323721801,20644300
2017-01-06,114.39974212646484,114.6999790039914,113.23632512082591,113.5271775826827,24074300
2017-01-09,114.77503967285156,114.98145386770418,114.41850346057457,114.49356446928675,18909200
2017-01-10,115.0283432006836,115.37549494170109,114.55922270870838,114.82192903890079,16176600
2017-01-11,115.33796691894531,115.33796691894531,114.48416416928347,115.07526058311421,20686000
2017-01-12,115.1596908569336,115.23475185002951,114.09009675905264,114.92513062216653,19622500
2017-01-13,115.55374908447266,115.75077880835686,115.21598179832553,115.21598179832553,16930800
2017-01-17,115.20659637451172,115.43177217723088,114.86882909132811,115.25350412271462,14538500
2017-01-18,115.44113159179688,115.55372304788004,115.08460271817908,115.37545503196706,12499700
2017-01-19,115.3848648071289,116.01348446914342,115.14092017776144,115.61004061058595,12710700
2017-01-20,115.63819122314453,116.18237266451797,115.32857000737586,115.89151311718527,22091000
2017-01-23,115.73201751708984,115.90090117115861,115.00019073552865,115.5631338630211,17434200
2017-01-24,116.51077270507812,116.68904079341515,115.76017700933276,115.95720676886843,17640900
2017-01-25,117.68354797363281,117.71169405331028,117.1393665725035,117.24257363679388,15036200
2017-01-26,117.8055191040039,118.04946372985886,117.59910497121967,117.84304959707464,16052200
2017-01-27,118.03069305419922,118.14327736660924,117.64601089824077,118.05883913230173,15053000
2017-01-30,117.11124420166016,117.63665688389978,116.46385560517854,117.63665688389978,25006700
2017-01-31,116.87665557861328,116.90480165715746,116.20112106071606,116.69838753688785,19091100
2017-02-01,117.68354797363281,117.91810818189101,117.1487509851325,117.70230964068129,22861900
2017-02-02,117.5803451538086,117.93687410627578,117.14875521401892,117.47713808579262,15101400
2017-02-03,117.91812896728516,118.0400977201234,117.5897460494816,117.70233038803669,16957200
2017-02-06,118.05885314941406,118.07761481764028,117.6084943716757,117.72108585566278,11630100
2017-02-07,118.49044799804688,118.73439264432972,118.19021118654885,118.30279551697922,17541100
2017-02-08,118.68749237060547,118.85637604528735,118.10578034487654,118.33096334992645,12569100
2017-02-09,119.11907196044922,119.38177828512168,118.74377414311262,118.80945072428074,17542700
2017-02-10,119.51313781738281,119.68202148627508,119.17537047959827,119.38178464804558,13915700
2017-02-13,120.18865966796875,120.33876732480951,119.83212356058081,119.87903130856733,19120200
2017-02-14,120.59209442138672,120.60147167590708,119.85088329633379,120.23555831974556,16333500
2017-02-15,121.30516052246094,121.36146700265323,120.44198060630688,120.50766434165452,17891400
2017-02-16,121.2676010131836,121.62413703261855,120.95797988837153,121.38018530714587,15098300
2017-02-17,121.79303741455078,121.80242898517096,121.07058798130997,121.08935680613169,15563700
2017-02-21,122.39350891113281,122.4685698927439,121.96192616239202,122.02759557354024,18479600
2017-02-22,122.44043731689453,122.52487556186195,122.07452393894911,122.28093808203832,12110900
2017-02-23,121.98068237304688,122.62807082161248,121.49280746039278,122.62807082161248,17489000
2017-02-24,122.21527099609375,122.21527099609375,121.38962862768315,121.42715196952922,18624500
2017-02-27,122.36537170410156,122.3747489588259,121.78366694996485,121.99008108525584,12008700
2017-02-28,121.99007415771484,122.39351083424278,121.65230689336695,122.33721867625457,16598600
2017-03-01,123.32241821289062,123.54758692485711,122.53429908816052,122.76885937407475,25813800
2017-03-02,122.70314025878906,123.31299109983605,122.55301828312778,123.29423659019307,19951400
2017-03-03,122.9283218383789,122.965845173662,122.2903106072109,122.61870063572053,13722700
2017-03-06,122.65623474121094,122.86264889444135,122.16835975759422,122.5248815815571,12026200
2017-03-07,122.4498291015625,122.98463334932123,122.23403767778942,122.41230576037566,15500900
2017-03-08,122.66561889648438,123.05028678022786,122.40291259306062,122.52487417338035,15776000
2017-03-09,122.75941467285156,122.92830545015833,122.10264901980861,122.63745311212627,20855300
2017-03-10,123.27546691894531,123.47250380020228,122.74067706939552,123.32238182557026,21922600
2017-03-13,123.48190307617188,123.51004916188239,123.16290456050466,123.22857398835518,10731600
2017-03-14,123.18165588378906,123.24733962636085,122.68438929388307,123.2004247125841,14019700
2017-03-15,123.94164276123047,124.23249518279638,123.04092509521257,123.43498460021364,22709100
2017-03-16,123.857177734375,124.17619052517944,123.57571691369488,124.17619052517944,18457300
2017-03-17,123.8139419555664,124.14300069450321,123.74812160006037,124.01137432968893,21234500
2017-03-20,123.92677307128906,124.20883369494818,123.59771429885281,123.77633882584429,10105200
2017-03-21,122.0463638305664,124.50966313971429,121.97114672276541,124.39684465111101,35841900
2017-03-22,122.87374877929688,122.99597838379893,121.92414526037673,122.08399059527835,29177900
2017-03-23,122.5634765625,123.05238060639202,122.35663309570711,122.71391078311245,20311700
2017-03-24,122.81731414794922,123.43783010932663,122.34721803849057,122.95833724230891,22967600
2017-03-27,123.01475524902344,123.2310098040501,121.6608760618816,121.9429366169021,18472400
2017-03-28,123.76695251464844,124.13362705250289,122.74214603015784,123.01479557012122,23721900
2017-03-29,124.34044647216797,124.3874589620019,123.71991603723454,123.85154240105093,13710000
2017-03-30,124.54727172851562,124.67889807307434,124.18059731537379,124.2934157975111,16092400
2017-03-31,124.46268463134766,124.80115449673967,124.22763651221985,124.36865964521706,19841400
2017-04-03,124.38741302490234,124.8669058132541,123.69166573241827,124.56605181258017,23700300
2017-04-04,124.58489990234375,124.60370776881028,123.98317729120292,124.0301897842699,13400000
2017-04-05,124.07720947265625,125.49689502993616,123.84216133988942,124.76354600339957,32011200
2017-04-06,124.14300537109375,124.47207846862487,123.8233433796739,124.19942896916638,18832200
2017-04-07,124.07720947265625,124.4532807466034,123.63531783535863,124.10541410089232,16743100
2017-04-10,124.12416076660156,124.64126927295803,123.78569104845845,124.19937785354362,15619300
2017-04-11,123.5882568359375,124.19939034900464,122.69507715120201,124.01134043963391,33778400
2017-04-12,123.08998107910156,123.67289574692232,122.9583547235873,123.56947401428992,15955200
2017-04-13,122.60110473632812,123.64471905731598,122.58231121429232,122.92078111153704,23683000
2017-04-17,123.61649322509766,123.63530109010752,122.90195216289622,122.94896465232209,13325500
2017-04-18,123.42845153808594,123.7857292246992,123.11818633858445,123.20280020766754,12841100
2017-04-19,123.62592315673828,124.37806571729985,123.4566810382721,123.96439304747088,17764800
2017-04-20,124.66008758544922,124.93275137313316,123.93614987871938,124.12418546038693,21977900
2017-04-21,124.63191223144531,124.8199478572672,124.31225023292825,124.77294971046072,22454900
2017-04-24,126.1362533569336,126.2584686498825,125.79778341837931,126.01402371778289,22469900
2017-04-25,127.04822540283203,127.27386243598241,126.43709163024982,126.54992449302499,19384400
2017-04-26,126.86959075927734,127.40549307711301,126.79437363031435,127.09522779996585,25398500
2017-04-27,127.63113403320312,127.63113403320312,127.10462851969193,127.17984564250771,16136500
2017-04-28,127.85675811767578,128.1858168203012,127.64991466062153,128.13880433529866,22771900
2017-05-01,128.99440002441406,129.16364212380194,128.2234496828861,128.27985893394936,24815500
2017-05-02,129.21060180664062,129.26702538710634,128.8251339237183,129.15419257236877,18345100
2017-05-03,128.79696655273438,128.96619430448808,128.44908559713286,128.9191818136016,23827600
2017-05-04,128.84393310546875,129.21060749055954,128.39264486524806,128.77812711132142,14630100
2017-05-05,129.31410217285156,129.31410217285156,128.69358587224139,129.1730790013953,19330700
2017-05-08,129.59608459472656,129.59608459472656,129.1165917551538,129.37984441368715,13279900
2017-05-09,130.04739379882812,130.3388510894905,129.68070506338165,129.79353788436313,28426100
2017-05-10,130.12258911132812,130.16960158853286,129.66190413482568,130.12258911132812,20499400
2017-05-11,130.01922607421875,130.05684181143508,129.16366172625166,129.76538440591,27232100
2017-05-12,130.31068420410156,130.33888883096532,129.96280322911724,130.07563608277107,19738600
2017-05-15,130.72434997558594,130.79956709200192,130.24485699790685,130.3670866053576,20481300
2017-05-16,131.2696533203125,131.28846118453473,130.67734188618346,131.06280985245888,21786000
2017-05-17,127.93196868896484,130.47048494126273,127.91316082668538,130.22602577021627,55642200
2017-05-18,129.05084228515625,129.4833372309318,127.74397503184997,127.88501254178195,41319900
2017-05-19,129.59608459472656,130.14139777202965,129.4268568911811,129.51147074295383,36730100
2017-05-22,130.686767578125,130.7525879443764,129.84060000135102,129.8875981530161,19509700
2017-05-23,130.818359375,131.08161207799913,130.47988956454452,131.0722153193907,19687500
2017-05-24,131.4200897216797,131.48591007445083,130.84657179606245,131.21324625039497,15891900
2017-05-25,132.53892517089844,132.87739501230934,131.6363341450702,131.91839473727887,23928600
2017-05-26,132.7740020751953,132.83041133663403,132.38851966042978,132.56715855245287,13851600
2017-05-30,132.8867645263672,133.0465954817363,132.62351185326577,132.70812570972092,20306400
2017-05-31,132.8397674560547,133.35687610470234,132.16284217969348,133.35687610470234,33229400
2017-06-01,133.35684204101562,133.41325127078727,132.54827627317238,133.11239726327426,20120700
2017-06-02,134.88002014160156,134.90822476844127,133.6107545490197,133.8269948035237,37222900
2017-06-05,134.8517303466797,135.08677834436645,134.66369481776852,134.87053820342817,15727500
2017-06-06,134.31591796875,135.13388095554913,134.11847120666013,134.69198927743446,22393000
2017-06-07,134.84239196777344,134.9552104647236,134.0714416616182,134.69195774104156,18842400
2017-06-08,134.9833984375,135.19963862239615,134.25003533714138,135.1432293868749,25417400
2017-06-09,131.60813903808594,135.2936918298703,129.84998369521549,135.14327193651894,109783700
2017-06-12,130.90298461914062,131.1380327205485,129.2482511498603,130.49870877089393,104454000
2017-06-13,131.96539306640625,132.1534286589689,130.94998365113256,131.6363200197745,51193000
2017-06-14,131.39187622070312,132.50129626791303,130.32945431235757,132.50129626791303,60093800
2017-06-15,130.80897521972656,130.949998343422,129.2670602337997,130.06621517840335,55145200
2017-06-16,130.2414093017578,130.83534869683277,129.7606101252031,130.74106757894572,48087400
2017-06-19,132.41917419433594,132.54172237776356,131.30671748944005,131.5047020707893,39626500
2017-06-20,131.3821258544922,132.4568642487866,131.334985303327,132.28717552692373,40935100
2017-06-21,132.68319702148438,132.74918231809428,131.5990213402985,131.68386574391857,35743400
2017-06-22,132.64544677734375,133.13568274424347,132.30605485953322,132.89057195343375,24099100
2017-06-23,133.15457153320312,133.3242603373,132.12695880679942,132.49463226762606,21654300
2017-06-26,132.53228759765625,134.14438801280852,132.24003631685537,133.91813638136352,34411100
2017-06-27,130.12828063964844,132.19291336309357,130.11885828217612,132.03264697439272,65957800
2017-06-28,132.00436401367188,132.1174898431659,129.8548869416145,130.6090783186127,57427200
2017-06-29,129.71348571777344,131.45758591890183,128.45019913834807,131.45758591890183,88769400
2017-06-30,129.76063537597656,130.73167066100066,129.33639903348828,130.08116822272046,68898300
2017-07-03,128.39364624023438,130.50540561007256,128.30880184811377,130.3545759302854,32797000
2017-07-05,129.65695190429688,130.00576626872504,128.36538357306063,128.79904234203335,42116600
2017-07-06,128.48793029785156,129.2138548716484,128.0259900661221,128.66705585108696,48430500
2017-07-07,129.87380981445312,130.22263864078246,128.91221091450632,128.92163327754173,36970400
2017-07-10,130.72225952148438,131.03337003542043,129.62866154254843,129.95863116240625,24853500
2017-07-11,131.08993530273438,131.25020174271663,130.04347787732303,130.53371394304017,31517700
2017-07-12,132.64544677734375,132.79629082643294,131.94781822454675,132.2117881178127,36045800
2017-07-13,132.9376983642578,133.25824556545328,132.55118026755088,132.80571341739392,31073600
2017-07-14,133.98419189453125,134.15389509236854,133.10743759243857,133.5316740091055,34544800
2017-07-17,134.05015563964844,134.5215325062987,133.7956081037788,134.1255776645461,25343200
2017-07-18,134.9457550048828,134.97403646316633,133.5316245495912,133.9558608091229,25748500
2017-07-19,135.7376708984375,135.93565550087706,135.28515315964935,135.34171607883792,33752300
2017-07-20,135.91680908203125,136.17135662741168,135.3040248866023,136.08651224071184,36139400
2017-07-21,135.8602294921875,135.8602294921875,135.1437418946979,135.4171341245108,39697100
2017-07-24,136.48245239257812,136.57671912810576,135.68110602155684,135.84137241870522,26712700
2017-07-25,136.13363647460938,136.4541836841385,135.76596308555244,136.02993298614302,28120900
2017-07-26,136.5767364501953,136.65215847935085,136.2562036152452,136.4730329582666,18610600
2017-07-27,135.7187957763672,137.60430271505635,134.15382156478887,137.47231780475914,80665900
2017-07-28,135.60569763183594,135.8319637133473,134.6912253321552,134.90806905475057,38013200
2017-07-31,135.0306396484375,136.16194147299072,134.73838823550025,135.99225267268517,33848600
2017-08-01,135.34176635742188,135.5303142865213,134.9269522822322,135.49261045481538,20149400
2017-08-02,135.7093963623047,136.24677289257048,134.44610981837917,136.21849143153338,41769700
2017-08-03,135.1814422607422,135.9167889403976,134.93633149594996,135.84136692385874,27112800
2017-08-04,135.4265594482422,135.7282475287054,134.8703382333275,135.48313675228863,29472900
2017-08-07,136.2845001220703,136.2845001220703,135.48316794623832,135.6717158472998,17933900
2017-08-08,136.04879760742188,137.14239546010086,135.6622650997072,136.0205161444458,30810400
2017-08-09,135.86964416503906,135.93564382194174,134.61578015139327,134.92689056548087,36169500
2017-08-10,132.95657348632812,135.19089549361752,132.82458852356172,135.09662874037411,63331700
2017-08-11,133.96530151367188,134.2575528480966,132.83398560776038,133.13567368541126,45862500
2017-08-14,135.6905059814453,135.89791290476109,134.99287758963504,135.03058140056655,34161000
2017-08-15,135.78480529785156,136.0393528079288,135.41713195453062,136.02991606497255,25509200
2017-08-16,136.0205078125,136.66158783301117,135.5679900473206,136.1242112988203,31913000
2017-08-17,133.23934936523438,135.6999364922466,133.23934936523438,135.49252957845428,70191000
2017-08-18,133.14511108398438,134.05958339290717,132.59831217043296,133.3148142431532,60751900
2017-08-21,132.9754180908203,133.42793585877735,132.15521255387762,133.13568450061175,37111500
2017-08-22,135.0023651123047,135.14378683843594,133.6447970990344,133.6919376744115,36294200
2017-08-23,134.5215301513672,134.8232038603965,134.22927880080502,134.32354554131663,25702300
2017-08-24,134.12557983398438,134.9740524535665,133.37137395808884,134.82320840133127,38160800
2017-08-25,133.8427276611328,134.983451443635,133.66360217827426,134.6440739627806,26380400
2017-08-28,134.25755310058594,134.56866353676875,133.82388008446705,134.24811635734204,15362100
2017-08-29,134.78553771972656,135.01180385370995,132.98487416481308,133.10743678554792,24498300
2017-08-30,136.36935424804688,136.59562037663164,134.8138159717175,134.89866037545536,33642700
2017-08-31,137.8306121826172,137.84004892784768,136.68045131652235,136.75587335195442,38480700
2017-09-01,137.64199829101562,138.1982193521913,137.2743250353753,138.00967154665597,22293600
2017-09-05,136.4070281982422,137.52890734567404,135.37943017011415,137.23665601522288,44794300
2017-09-06,136.82188415527344,137.1329946822527,135.83198963948195,136.7558844744217,30722700
2017-09-07,137.14236450195312,137.49117872343848,136.6427062551257,137.0763648463867,22721100
2017-09-08,135.95457458496094,137.02931367955293,135.81315283931525,136.9633139878611,27890100
2017-09-11,137.51956176757812,137.7552503368022,136.9821993100973,137.01990315164613,27126300
2017-09-12,137.84947204589844,138.0285975828744,137.19896957384154,137.90603497646296,30256700
2017-09-13,138.03797912597656,138.05683822568238,137.38747684626878,137.61374288690396,28450900
2017-09-14,137.22727966308594,137.91548610397666,137.14243524954162,137.50068639822044,35296400
2017-09-15,137.6986083984375,138.19826672776736,136.97268399373397,137.19895006910764,46422400
2017-09-18,137.51815795898438,138.2929006317054,137.10243604918733,137.8582927563849,24858200
2017-09-19,137.75436401367188,137.9527675715396,137.29139835070094,137.76380699655252,20871200
2017-09-20,137.32920837402344,137.85830378636416,136.27100313257327,137.70712954947575,34236200
2017-09-21,136.4883270263672,137.2441694078513,136.00646092888636,137.23472642395203,28841800
2017-09-22,136.3560028076172,136.55440631361122,135.91193764327858,136.05365443327432,21702400
2017-09-25,134.91993713378906,135.89309797118938,134.25856779042533,135.81751084383774,54947700
2017-09-26,135.26950073242188,135.86474028712573,134.79709204882045,135.60963556128564,29628800
2017-09-27,136.4883270263672,136.9985220755459,135.6474401227122,135.98756054431846,33249400
2017-09-28,136.44102478027344,136.5827415618546,135.8457854641064,136.15757680034804,24149400
2017-09-29,137.42367553710938,137.5276060183951,136.3560417749213,136.71506255109804,43102400
2017-10-02,137.54652404785156,138.10396287500583,136.93238406445676,137.63155415705748,27351300
2017-10-03,137.83937072753906,137.99998790987019,137.42364888302777,137.72599728513245,19715200
2017-10-04,137.97166442871094,138.26455547497233,137.4425690655591,137.57484290634704,26381100
2017-10-05,139.32273864746094,139.3983113301931,138.33067778961117,138.47239459069039,31562400
2017-10-06,139.5116729736328,139.5116729736328,138.85030399825897,138.85030399825897,23561100
2017-10-09,139.35107421875,139.84236871287408,139.1715566695736,139.6912089390936,13704800
2017-10-10,139.4550323486328,139.9652273220184,138.8408924839502,139.8235105007355,19223100
2017-10-11,139.87075805664062,139.8991158413597,139.209388776525,139.3889063847212,12439100
2017-10-12,139.61563110351562,140.16362676801182,139.47389988419326,139.66287484328976,14513500
2017-10-13,140.15419006347656,140.31480726901117,139.6250947001232,140.18253342817283,18409900
2017-10-16,140.63604736328125,140.67383370827392,140.20142510364988,140.50377353065718,21809400
2017-10-17,140.8155517578125,140.8344521388578,140.37150092899705,140.5888048523351,13138200
2017-10-18,140.64547729492188,140.9761690541806,140.43761637483328,140.95726867505476,17218200
2017-10-19,140.12586975097656,140.1447701361392,139.1432659740669,139.8235356722235,27680300
2017-10-20,140.50376892089844,140.81554590296676,140.33369433209515,140.6927294731952,30173300
2017-10-23,139.5872344970703,140.80604178443974,139.38881663241216,140.79659880679307,29297100
2017-10-24,139.8235626220703,140.11645377307931,139.30391005571278,139.8613489829088,20289500
2017-10-25,139.29441833496094,140.003031364475,138.25512787506838,139.5495230622813,36179100
2017-10-26,138.85035705566406,139.55897003221696,138.8125562901912,139.20937782704868,28230200
2017-10-27,142.8941650390625,143.15871271379393,140.96672978971415,141.18403371893632,60165100
2017-10-30,143.2153778076172,143.79171681552765,142.65793917840875,142.7902129957932,31733400
2017-10-31,143.75393676757812,143.96179771295064,143.26264218466753,143.6783640754126,26319300
2017-11-01,143.70672607421875,144.39643870961083,143.139829892097,144.33029457443016,29481600
2017-11-02,143.43272399902344,143.60279862396303,142.45012026824378,143.5460974711371,31017400
2017-11-03,144.8121795654297,144.83106553500298,143.46108306886495,143.9523921964131,26199200
2017-11-06,145.30343627929688,145.36013742350136,144.65152449699764,144.69875382535105,28693900
2017-11-07,145.38845825195312,145.57741878637844,144.87824895056363,145.1900403199095,21333100
2017-11-08,145.9742889404297,146.01207529321692,145.14284501141572,145.31291964088197,17373500
2017-11-09,145.20895385742188,145.28454096139473,143.7161409916811,144.77433161376936,40594500
2017-11-10,145.1995391845703,145.3129270822775,144.61375697736895,144.86886172624736,20150800
2017-11-13,145.37904357910156,145.56801858582853,144.65154458692456,144.65154458692456,12522400
2017-11-14,144.84988403320312,145.02940156005718,144.1507287182084,144.86878440886213,25173800
2017-11-15,144.16964721679688,144.55702571304516,143.40434762264562,144.22633393980573,24808000
2017-11-16,146.01206970214844,146.34276154764424,144.8688487602997,144.89719212799716,34790600
2017-11-17,145.45455932617188,146.1537290243909,145.31284255743375,146.04979858839567,28725800
2017-11-20,145.3412628173828,145.69084064308782,145.1334018354043,145.55856678335326,21143900
2017-11-21,146.91909790039062,146.9852420349285,145.9648375670872,146.03096728485642,20147800
2017-11-22,147.09861755371094,147.2403343914549,146.76792570994988,147.05137380220665,17299000
2017-11-24,147.63714599609375,147.68438974441153,147.16473734645172,147.24978186013087,8280600
2017-11-27,147.5709991455078,147.92057689228326,147.2308643805922,147.58989952599373,22653400
2017-11-28,147.94895935058594,148.04344686121794,147.108072406333,147.90171559526993,25227300
2017-11-29,145.36964416503906,147.81671841782952,144.67047391419612,147.77893205522028,71986300
2017-11-30,146.58840942382812,146.87185751863638,145.64359205231324,145.98372688272934,56595500
2017-12-01,145.9647979736328,146.67341079380046,143.85784547493043,145.69079294311308,59015800
2017-12-04,144.28306579589844,147.04193076486698,144.14133454143743,146.88131354322624,51319100
2017-12-05,144.37750244140625,146.02148942753934,143.706690356617,144.25467160189618,40604200
2017-12-06,145.02943420410156,145.25619551276256,143.66889518566722,143.83896977135439,28647800
2017-12-07,145.52078247070312,145.93650444048822,144.86885614688282,145.02003039349006,32666200
2017-12-08,146.16326904296875,146.94746932307083,145.93652206244764,146.58843404821724,28081700
2017-12-11,147.29701232910156,147.34425607778414,146.21992117627119,146.22937857606848,20821500
2017-12-12,147.09861755371094,147.533225467305,146.78682609390538,147.23089140786158,20310300
2017-12-13,147.38204956054688,147.85445819049275,147.16473121069933,147.6938409863232,24418500
2017-12-14,147.27809143066406,148.0150476016589,147.11747425665388,147.63711211860735,24594700
2017-12-15,148.95042419433594,149.1110558033444,147.6087855149303,147.85444721099066,49816200
2017-12-18,150.19927978515625,150.32236753000066,149.6596151479892,149.93417883235168,26844500
2017-12-19,149.3092803955078,150.06671782279815,148.89268908815228,149.91522744795662,31415000
2017-12-20,149.1483612060547,149.85845624681744,148.5613539287054,149.83005360094057,38972600
2017-12-21,149.167236328125,149.8299885222529,148.99680607996964,149.3565920340309,18638700
2017-12-22,148.99676513671875,149.05357038818943,148.59911392951375,148.93995988524807,23330400
2017-12-26,148.1920623779297,148.3814181115119,147.65238336795815,148.16365974023816,21918700
2017-12-27,148.2109832763672,148.60864908564062,148.06897009228095,148.2015205464001,22388200
2017-12-28,148.39085388183594,148.7127744620466,148.2109609111954,148.68435738260155,25393800
2017-12-29,147.47244262695312,148.55178585059014,147.4156373699583,148.52338322209272,33186000
2018-01-02,150.0572509765625,150.09511634577575,147.86068394235434,148.2299326915804,32573300
2018-01-03,151.51524353027344,151.64779393818745,150.17079955088548,150.19920217780196,29383600
2018-01-04,151.78041076660156,152.23486744305097,151.56265238264498,152.03604896763068,24776100
2018-01-05,153.3047637939453,153.408911631012,152.21595731754536,152.499998186538,26992300
2018-01-08,153.90121459960938,153.97695977794436,153.2479250775212,153.30473034954352,23159100
2018-01-09,153.91065979003906,154.36511636134475,153.4467404901132,154.20416329331803,24782400
2018-01-10,153.55093383789062,153.57935092868158,152.54733522931664,153.2290275760687,34004000
2018-01-11,154.60182189941406,154.6112990753957,153.57929817742095,153.81599642632787,20473500
2018-01-12,155.738037109375,155.89899023880287,154.27050458622523,154.46932309149284,37762700
2018-01-16,155.29298400878906,157.5652813144813,154.82905026148993,156.7699787021804,41231800
2018-01-17,156.96884155273438,157.20553985768248,155.27408804594995,156.03152551116744,33849900
2018-01-18,156.9971923828125,157.35696383059465,156.3533657526711,156.72261437467904,26432200
2018-01-19,157.48956298828125,157.74520117399135,156.73212560830981,157.4611603506375,38937600
2018-01-22,159.17483520507812,159.17483520507812,157.2528465627643,157.4327395450257,26081400
2018-01-23,160.49087524414062,160.63290286141776,159.59142478904369,159.6671699622086,37989700
2018-01-24,159.44944763183594,161.1820809361636,158.53105706429199,160.83175762528785,54287400
2018-01-25,159.39259338378906,160.60448716200943,158.8813171182475,160.5476818984856,28925000
2018-01-26,161.8353729248047,161.85431283606968,159.97020340240428,160.28263248022026,32038200
2018-01-29,161.0494842529297,161.81638421987188,160.70863821796496,161.4944780887701,37277800
2018-01-30,159.72402954101562,160.40572188437966,158.8908612467303,159.58201632236458,44987700
2018-01-31,160.38673400878906,160.94535287790538,159.38313570533205,160.62343226703516,42449200
2018-02-01,159.0233917236328,160.69920528053018,158.51211530698257,159.15594219333516,38037900
2018-02-02,155.85159301757812,158.77717985855438,155.7190425782531,158.3984684453155,68478100
2018-02-05,149.70689392089844,156.93092862163684,149.59328339196753,154.39353049608908,105372200
2018-02-06,153.67396545410156,153.86332115971052,146.84759619491862,147.51981111686754,118537900
2018-02-07,151.68572998046875,154.84801548957472,151.67625280337535,153.18165037576267,91028300
2018-02-08,145.285400390625,152.24433555425998,145.285400390625,152.0739052814177,94184800
2018-02-09,147.79437255859375,148.8737158508582,142.14201797762883,147.33990157991516,113836600
2018-02-12,150.41697692871094,151.4395149503486,148.13521711753137,149.30923101699824,63050600
2018-02-13,151.19338989257812,151.49635616705604,149.3282063613805,149.55544190242588,31785600
2018-02-14,154.02427673339844,154.26097498098252,149.5932924731433,150.30338721589555,52107400
2018-02-15,156.8836212158203,156.8836212158203,153.79708076442938,155.4066262213275,51633900
2018-02-16,156.18299865722656,157.88721470724101,155.91788329377826,156.37235439090412,62256300
2018-02-20,156.49539184570312,157.81143339681964,155.56753885025378,155.633821287671,36785600
2018-02-21,156.0504608154297,158.79615529303103,155.95577571747754,157.2623549452458,41161800
2018-02-22,156.031494140625,157.56529422530033,155.6338428018912,156.73211173638282,37074400
2018-02-23,159.22219848632812,159.22219848632812,156.6469200242878,157.29074686325617,50096900
2018-02-26,161.33349609375,161.33349609375,159.83757610187698,159.9701265231915,39266700
2018-02-27,159.33580017089844,161.64597758447402,159.26006943821488,161.3808766793341,42209900
2018-02-28,158.31326293945312,160.76545332752212,158.20911513219966,160.24471429125478,42936300
2018-03-01,155.7285614013672,159.12756040359994,154.32731133134888,158.39852550125303,76809900
2018-03-02,157.1581268310547,157.43269035978528,153.34255337285742,153.8538150786321,57445100
2018-03-05,158.90028381347656,159.30739790198226,155.83266904374514,156.41969057526578,38540200
2018-03-06,159.572509765625,160.11218879098223,158.56891134680296,159.67665758910184,29480900
2018-03-07,159.9417724609375,160.07433738139287,158.07660310006253,158.35116677849038,34609400
2018-03-08,160.82229614257812,160.93590670541016,159.96071084932066,160.60453774817742,25828400
2018-03-09,163.94671630859375,163.94671630859375,161.73122365637659,161.96792195973956,38310500
2018-03-12,164.81777954101562,165.19649108257738,164.06034201097285,164.4295908204173,37635000
2018-03-13,162.57386779785156,165.88764401964545,162.15727647560493,165.19647457731904,55638900
2018-03-14,162.54541015625,163.54902283986516,161.8353154287449,163.42593513075172,40536400
2018-03-15,162.4034423828125,163.35023561745697,161.80695802197263,162.6590806013036,28810400
2018-03-16,161.92054748535156,163.0377563224348,161.84480230957922,162.67798479616,31176700
2018-03-19,158.46578979492188,160.4762427472598,157.08122301713536,160.36244789195098,71395100
2018-03-20,158.9873809814453,159.35722878223228,158.0011250027983,158.53218702748168,34075700
2018-03-21,158.29510498046875,160.0400271986878,157.60282873080612,158.57012854605242,43863500
2018-03-22,154.38796997070312,157.2045083655402,154.18881450616752,156.1044432107827,66607300
2018-03-23,150.3196258544922,154.8621299063829,150.24375779740703,154.20778057558155,80110400
2018-03-26,155.90530395507812,156.09498135829975,150.93606855032337,153.36378881987596,57481500
2018-03-27,150.86021423339844,157.06228097261555,149.53254464160668,157.06228097261555,78889100
2018-03-28,149.12478637695312,151.52405841190765,147.97730152658667,149.9972476196314,89369700
2018-03-29,151.85597229003906,153.354334289406,148.5368198088779,149.9308650085941,68692600
2018-04-02,147.4746551513672,151.48609771795935,145.92888853703812,150.77485088321868,85549400
2018-04-03,149.1342315673828,149.7601322568049,146.45995098494458,148.7643837909705,64090000
2018-04-04,151.48614501953125,151.9508171689626,146.08065581135423,146.25136262957926,65768700
2018-04-05,152.3490753173828,153.23102896974905,151.23953192532576,152.99394667733458,43054900
2018-04-06,148.53680419921875,152.16890669763632,147.8255573137145,150.67054485573146,59870900
2018-04-09,149.57992553710938,152.56717049780107,149.32388713189292,149.81700778143323,41810400
2018-04-10,152.88011169433594,153.37323231451606,150.85068838256876,151.93178277350358,48296800
2018-04-11,151.99818420410156,153.62931138382976,151.82749191500028,151.92231614104986,41622100
2018-04-12,153.82850646972656,154.3595685774862,152.83275778249867,152.91810394902637,30467900
2018-04-13,153.03184509277344,154.8241863121685,152.36801769121084,154.59659661469107,44604900
2018-04-16,154.1983184814453,154.75782918130977,153.13618004248727,154.1034797826683,28180800
2018-04-17,157.51744079589844,157.85883978893762,155.44059812743944,155.7535484102546,35536100
2018-04-18,157.83987426757812,158.37093616941692,156.76825791328454,157.51744589436908,29573900
2018-04-19,156.38897705078125,157.4131743573175,155.8484224430167,157.04332653582017,34705700
2018-04-20,153.9138641357422,156.10450272910015,153.37330943329894,155.9907078318945,49197100
2018-04-23,153.52496337890625,155.26988506311773,152.69992187535692,154.66295515250718,33040600
2018-04-24,150.27224731445312,154.4923092456779,149.25752815226338,154.25522695212194,70256800
2018-04-25,150.45242309570312,151.07832384601252,148.38507236755763,150.53778372191283,52089300
2018-04-26,153.61985778808594,154.1319492073664,151.90336971985946,152.39650497312059,43005500
2018-04-27,153.7146759033203,155.91480658376165,152.84221477946244,155.8768653125236,51043400
2018-04-30,152.6240997314453,155.03284946885802,152.24475937925305,154.07504221148793,35615300
2018-05-01,154.3690185546875,154.38798918946975,151.86543016654926,152.2257998756392,36513500
2018-05-02,153.45864868164062,155.11822489618623,153.27846380594724,154.63456770977638,38646800
2018-05-03,153.43968200683594,154.00867089858772,150.9929907023404,152.68101568081028,60337100
2018-05-04,156.3510284423828,156.71139816398457,152.66202848347902,152.77583782576932,41543200
2018-05-07,157.6502227783203,158.16231408633664,156.95793216942724,157.0812195735443,32500200
2018-05-08,157.48902893066406,157.83041353322002,156.34154429188465,157.31832215903162,26040200
2018-05-09,159.20545959472656,159.31925443166557,157.2139631261905,157.77347370160805,29122700
2018-05-10,160.85557556152344,160.9693848921258,159.59429613580258,159.7175835479745,27067600
2018-05-11,160.703857421875,161.0831832779089,160.00208867082307,160.6659161540593,24688800
2018-05-14,160.97886657714844,161.9935856715931,160.71333558372166,161.07370527638108,21821700
2018-05-15,159.1959991455078,159.79345110061075,158.351986837203,159.70810495569702,49361600
2018-05-16,160.2486572265625,160.61850501973626,159.328776784759,159.40464485391703,22941200
2018-05-17,159.63223266601562,160.84609270716274,158.85459588978068,159.68913009445174,27480200
2018-05-18,158.80718994140625,159.56584160923921,158.5701076776202,159.0158090208132,26217900
2018-05-21,159.69857788085938,160.7417454388089,159.01577992844702,160.03997685706554,22954600
2018-05-22,159.49000549316406,160.69438768612574,159.20551829592233,160.42885665512952,19477700
2018-05-23,160.83660888671875,160.85556504861896,158.257152773736,158.27610893563622,26557800
2018-05-24,160.78919982910156,161.07370144968664,159.16755072101418,160.78919982910156,27696500
2018-05-25,160.95046997070312,161.52895149446195,160.4668271768819,160.77028506603682,27460500
2018-05-29,160.23916625976562,161.14007599425048,159.2813590955759,160.22019562641287,41220500
2018-05-30,161.38661193847656,161.67111351432655,160.47622426017816,160.81762325712788,22665800
2018-05-31,161.28233337402344,162.35393539320546,160.86506626410335,161.3866356811501,35670900
2018-06-01,163.81439208984375,163.90921632813567,162.04100663655672,162.08842599088032,45543300
2018-06-04,165.29376220703125,165.33168900342926,164.1273214856095,164.23162379329236,20459600
2018-06-05,165.80587768554688,166.08090126329938,165.07567460333357,165.6826047265406,24779300
2018-06-06,166.77316284179688,166.8016115583178,165.14203556627743,165.97656983850254,25036600
2018-06-07,165.41702270507812,166.8395162238322,164.58250301391533,166.80158943028712,39600300
2018-06-08,165.42657470703125,165.8438419377458,164.23167046082906,164.63945960733923,31780300
2018-06-11,165.87225341796875,166.28002800256507,165.2748014290116,165.30325014559486,22319700
2018-06-12,166.74468994140625,166.9059041350945,165.91964834125116,166.09981869630116,22511800
2018-06-13,166.7352294921875,167.9870163809881,166.36536725123887,167.00076048285288,37858600
2018-06-14,168.4232940673828,168.69830320493568,167.38012602075366,167.5034134636345,35916000
2018-06-15,167.83526611328125,168.1671870588284,167.01022449538445,167.78784676815272,49615700
2018-06-18,167.73834228515625,167.88089031659635,166.2557847528763,166.77848503703288,31633200
2018-06-19,167.26312255859375,167.30113052404803,165.08680762861198,165.61900615290506,38236000
2018-06-20,168.45111083984375,169.1448687592361,167.88088971348046,168.03295061402073,33038000
2018-06-21,166.9875946044922,169.04987199725568,166.66446150735655,168.8787998280276,43469400
2018-06-22,166.616943359375,167.61480868746378,166.01821256145996,167.5482910995439,30073200
2018-06-25,162.86300659179688,165.3529568706742,161.38044896848186,165.105854265904,77799700
2018-06-26,163.5282440185547,164.4690899401674,162.8629812642405,163.46171194259352,39008100
2018-06-27,161.30442810058594,164.96331603049703,161.19038966165343,164.22203717478075,52843500
2018-06-28,162.69192504882812,163.24313489216246,160.77219621532913,161.10482759536131,46407700
2018-06-29,163.12911987304688,164.33607988800907,162.89153011820625,163.4712497000705,36408500
2018-07-02,164.22201538085938,164.26953622455056,161.24738748196148,161.59901562289045,31770000
2018-07-03,162.32130432128906,164.8397496259443,162.15974504715328,164.8397496259443,25512700
2018-07-05,164.33607482910156,164.46912450766342,162.5398969178529,163.3762174695716,31626200
2018-07-06,166.89251708984375,167.01606837992483,164.41207992821478,164.71620171877586,37005600
2018-07-09,168.3940887451172,168.43209671893888,167.09210174717504,167.7573500489949,27362100
2018-07-10,168.5176544189453,168.89779219490532,167.93793488474398,168.70772330692532,23902500
2018-07-11,167.66229248046875,168.28003438182662,167.07307468343188,167.19661146264426,30280600
2018-07-12,170.55140686035156,170.55140686035156,168.28954814023365,168.40358656265124,27930100
2018-07-13,170.6939697265625,170.96956743847082,170.06672934608991,170.54190881590372,28049800
2018-07-16,170.28529357910156,171.01707396169388,170.0001975221536,170.73196340342054,21405300
2018-07-17,171.3212127685547,171.68233931032128,168.479634274446,168.479634274446,31034100
2018-07-18,170.99807739257812,171.48276973361803,170.47539157578655,171.34020719158946,23220800
2018-07-19,170.1427459716797,170.95055680523234,169.94317873132223,170.38033568727454,31094100
2018-07-20,170.10476684570312,171.22618353285483,169.91468343993083,170.6559768195215,35897300
2018-07-23,170.6464385986328,170.72246904938171,168.91679297340386,169.60105252881826,22184700
2018-07-24,171.34974670410156,173.01287511040613,170.64647575752866,172.40464587329646,36900300
2018-07-25,173.74462890625,173.8491544686982,171.34020743942833,171.42575076529988,35026600
2018-07-26,171.11212158203125,171.93892917850303,170.8840302272378,171.38771928041322,40873500
2018-07-27,168.80276489257812,172.309592004913,167.83340913083367,172.19555356266724,59456100
2018-07-30,166.41737365722656,168.90730972528303,165.6190755363528,168.8122825211761,60193000
2018-07-31,167.6908416748047,168.33709333173778,166.14176637471348,167.07311412892707,47285100
2018-08-01,168.32757568359375,168.83126477626385,167.3582199776968,168.08048757252087,37101900
2018-08-02,170.61795043945312,170.81753221042274,167.06360255210978,167.13963301241594,47178200
2018-08-03,171.140625,171.15012336810906,170.1902661413825,170.94104325910718,28934400
2018-08-06,172.1480255126953,172.1955463620865,170.81752873770537,171.02660887396482,24808800
2018-08-07,172.77523803710938,173.09835655869747,172.26203614863422,172.6326755119441,29895700
2018-08-08,172.9842987060547,173.2979188245954,172.0719479519978,172.5376289464352,22680700
2018-08-09,172.87979125976562,173.56405082898172,172.62319029597808,172.87979125976562,18852900
2018-08-10,171.5587921142578,172.2240404417664,170.91254052373094,171.71083851674123,33818500
2018-08-13,171.36871337890625,172.97480764104336,171.29268293137446,171.87240240514498,26089200
2018-08-14,172.44264221191406,172.64222398777835,171.10263250614386,172.02448192063872,20913000
2018-08-15,170.33282470703125,171.6158150460653,169.27792572865306,171.07410350250498,58528000
2018-08-16,170.8935546875,172.0054729275456,170.56092325186526,171.6443318832938,27711800
2018-08-17,170.9315643310547,171.35922296580512,169.42049705431717,170.44688647851444,36092600
2018-08-20,170.77952575683594,171.37825662460662,170.11427729338456,171.31172452759702,24939000
2018-08-21,171.40670776367188,172.43309697199612,171.18812930767402,171.29266935207716,26258700
2018-08-22,172.07200622558594,172.27158800545575,170.82703819787514,171.045616717673,18042400
2018-08-23,171.82492065429688,173.01286947726445,171.53981003651896,171.76790143100698,25776200
2018-08-24,173.42149353027344,173.5640560706057,172.35709616882636,172.3951041454524,23136100
2018-08-27,175.18914794921875,175.18914794921875,174.02021061728036,174.2958083048027,29343600
2018-08-28,175.44577026367188,175.83542092220546,175.07513084493502,175.65485039745442,20277000
2018-08-29,177.4700164794922,177.56504366348824,175.6833372049943,175.749854783659,29175600
2018-08-30,177.15643310546875,178.21133222574997,176.56720063651025,177.1279234942175,29315500
2018-08-31,177.38450622558594,177.88819534875773,176.74776741895988,176.93783632370486,28653200
2018-09-04,176.62423706054688,177.14692294236286,175.67387800076742,176.8428155839242,29063500
2018-09-05,174.3433837890625,176.33914381171266,173.74466738333132,176.31063419721738,42623300
2018-09-06,172.78480529785156,174.6285044817081,171.61586753230577,174.4194242958276,46091400
2018-09-07,172.11952209472656,173.60207984056728,171.4827832936964,171.53980251448598,46629500
2018-09-10,172.69923400878906,173.2029231051753,171.75837340354244,173.10788140719305,26132000
2018-09-11,174.0297088623047,174.31481941902902,171.55878454045302,172.0054543623452,30116500
2018-09-12,173.51657104492188,173.89670889496466,172.02450025577855,173.77317206943195,36204000
2018-09-13,175.3697509765625,175.70238243822106,174.5239320183203,174.59996248102306,31133200
2018-09-14,174.85655212402344,175.7688886145494,174.1627796349154,175.49329089381243,31224100
2018-09-17,172.3380889892578,174.68547676235534,172.17652970747025,174.5619254580891,33071200
2018-09-18,173.76361083984375,174.60942964693217,172.39509175841403,172.48063507699746,31877300
2018-09-19,173.63058471679688,174.20080591180093,172.49965519754616,173.79214400507163,31843400
2018-09-20,175.55032348632812,175.7879132469472,174.40989553562218,174.82805583452426,33295800
2018-09-21,174.5904083251953,176.27253283303114,174.37181537677276,176.02544478419395,38605400
2018-09-24,175.07601928710938,175.14267110986125,172.61016333892775,173.32421529880133,34945600
2018-09-25,175.31398010253906,175.4472691776588,174.39998749641833,174.9997955981669,25277500
2018-09-26,175.43777465820312,177.07533464937444,175.0950292059249,175.46633556860786,36210600
2018-09-27,176.92300415039062,177.55137324849142,176.05661777519907,176.15183049700406,33113300
2018-09-28,176.88487243652344,177.35139142184917,176.10418350206015,176.4278834376323,28076800
2018-10-01,177.2467041015625,178.5415186696014,176.79923045858732,177.9131495717101,27371300
2018-10-02,176.84683227539062,178.2082840917509,176.4374495426125,177.0943650072503,25618600
2018-10-03,177.03724670410156,178.00836125632804,176.76115305644254,177.58944852684127,29128700
2018-10-04,173.6383514404297,176.4374366662725,172.38161336865528,176.32317850593466,80557300
2018-10-05,171.5152587890625,174.20010087836258,169.87769861986308,173.61933809129275,83325600
2018-10-08,170.46798706054688,171.9817735477524,168.44959055018361,170.91546073071544,66864500
2018-10-09,171.02020263671875,172.34357830236922,170.18237705475053,170.5917598557608,49097900
2018-10-10,163.4988555908203,170.05861243735427,163.2798837211472,169.95388423404546,114471100
2018-10-11,161.47088623046875,165.08873631604672,159.7666748171022,162.82282228314375,143084500
2018-10-12,165.96470642089844,166.47881738600185,162.7371779545644,165.82188732745325,102078400
2018-10-15,163.95582580566406,165.69809947137276,163.33697217533367,165.38392945307362,64885300
2018-10-16,168.72572326660156,169.1351060942779,165.3744352478589,165.6791043983922,71979700
2018-10-17,168.7922821044922,169.71579006256616,167.05952433039636,169.54442464061492,66987600
2018-10-18,164.87928771972656,168.2115289220889,164.17476602020366,168.15440711157825,82486200
2018-10-19,164.72702026367188,167.63083428577764,164.12721200720088,166.2122459202444,82923700
2018-10-22,165.57432556152344,166.85009455254837,164.3175874910187,165.71713010252614,52909300
2018-10-23,164.9650115966797,165.78379157683545,160.72830714656826,162.46106529729448,77567000
2018-10-24,157.4150848388672,165.0506822800182,157.12946123362732,164.77458866231902,102997400
2018-10-25,162.86094665527344,163.83206125702893,159.14788277712347,159.86193464041557,83481100
2018-10-26,158.67184448242188,161.81367551274892,156.35830894532376,157.2818171623955,130970900
2018-10-29,155.40621948242188,161.71844162882027,152.41672339043583,161.09960258708008,111871900
2018-10-30,157.96734619140625,158.08158986563012,154.24475151374008,154.94928806878005,92584000
2018-10-31,161.68035888671875,163.04181053584207,160.46169724420298,160.53786450482394,73828600
2018-11-01,163.81300354003906,163.98438352865588,160.69021812060242,161.91839536885564,52706800
2018-11-02,161.261474609375,164.27953202168183,160.15707092705455,163.30841743706063,75966800
2018-11-05,160.86158752441406,161.52803293091299,159.0716931234567,161.47091111427312,39573500
2018-11-06,162.08026123046875,162.98472403927326,160.63311201992792,160.87112931316187,34410400
2018-11-07,167.16432189941406,167.16432189941406,163.63213856362262,164.02249044560256,51169600
2018-11-08,166.0979766845703,166.89771121842776,165.30775761156076,166.38358578421858,40296500
2018-11-09,163.29888916015625,164.9459645654844,162.0040746580836,164.54609730376765,50602700
2018-11-12,158.35765075683594,162.4610661397075,158.21483167934176,162.15641159041132,62578400
2018-11-13,158.49098205566406,161.35670550056335,158.04350830970162,159.10030584395386,64128100
2018-11-14,157.2818145751953,160.61405647097243,156.37735182325446,160.06185464209588,75270700
2018-11-15,160.03334045410156,160.46176877458643,155.62526905221483,156.99623677228118,73254300
2018-11-16,159.47157287597656,160.24274651594462,157.83401287589223,158.47189742410555,65390700
2018-11-19,154.2923126220703,158.90032347796026,153.79723263330044,158.70991256763992,67280500
2018-11-20,151.5313262939453,153.644920925807,149.59862712126255,150.77918354550894,102652800
2018-11-21,152.68331909179688,154.20663548445114,151.59796088344277,153.61635728282297,42965800
2018-11-23,151.57894897460938,153.13081194571666,151.46469078800388,151.46469078800388,23503700
2018-11-26,155.08251953125,155.15868679488534,153.05460790329147,153.70202238048194,42012600
2018-11-27,155.60617065429688,155.99652245839667,153.45448526505874,154.23518887325832,36608100
2018-11-28,160.6140899658203,160.6140899658203,155.6347715336953,156.7296454310953,70141000
2018-11-29,160.0904083251953,161.14720557409555,158.824169246102,159.93808831482045,44885700
2018-11-30,161.2519989013672,161.34721165781247,159.50971005589278,160.30945943872302,36722800
2018-12-03,164.07003784179688,165.0030613106863,161.3851965287195,164.81265043319726,50771700
2018-12-04,157.77682495117188,163.67013248466876,157.58641411807304,163.21312905233307,70594700
2018-12-06,158.89083862304688,158.90988407597388,154.01624864826684,154.59701147943588,71715500
2018-12-07,153.6448974609375,159.10976413774634,153.1498175210185,158.19578604742492,80432200
2018-12-10,155.25390625,155.92986713706762,151.76933005627959,153.35928361925218,73960800
2018-12-11,155.7680206298828,157.82449330114315,154.4541606686741,157.7864024031081,59058300
2018-12-12,157.13902282714844,159.56680216886593,157.0533400865688,158.04348565280944,53780000
2018-12-13,157.18666076660156,158.8242212657047,156.1679395547786,158.16729106778908,46378500
2018-12-14,153.35931396484375,155.95845890613484,152.99752300712734,155.3872260821561,56547400
2018-12-17,149.88421630859375,153.92099411494115,148.68461459356877,152.70234695216084,74834100
2018-12-18,150.8267822265625,152.28344675982314,149.5129222446328,151.04575404774369,63642100
2018-12-19,147.12322998046875,153.0165397582508,145.99026548006532,150.59827622198677,81856500
2018-12-20,144.99057006835938,148.39897856014474,143.18164492342171,146.76141884839492,99002100
2018-12-21,140.49685668945312,146.7043373197013,139.68759207073956,145.71419175876238,141129400
2018-12-24,137.01278686523438,141.29025515634567,136.97460155799425,139.4761543982672,56163300
2018-12-26,145.56773376464844,145.64410437689799,137.57610718480598,138.5213574124602,98982100
2018-12-27,146.13108825683594,146.25520145410403,140.43097223017398,143.57223514865748,85824300
2018-12-28,146.0546417236328,148.55619395678204,144.86115083850734,147.1812901260806,77856600
2018-12-31,147.2863311767578,147.97378315404575,145.80641400105085,147.4868440738759,53015300
2019-01-02,147.87831115722656,148.70897621784601,144.0591400184055,144.16416780748233,58576700
2019-01-03,143.04705810546875,146.33153295754255,142.73197474681135,145.70138080920907,74820200
2019-01-04,149.16732788085938,149.9025226764872,144.8803160150912,145.453183156539,74709300
2019-01-07,150.9432373046875,151.6784320691638,149.0527510507349,149.53969028568113,52059300
2019-01-08,152.30860900878906,152.87193347680324,150.09348188380213,152.32769438232393,49388700
2019-01-09,153.5498504638672,154.21820279462577,152.26087380748498,152.90058350756735,46491700
2019-01-10,153.98902893066406,154.0749568125092,151.52566100153157,152.3849835269423,38943400
2019-01-11,153.42568969726562,153.58800275919504,152.5663672547756,153.08196363406662,30176600
2019-01-14,152.0699005126953,152.7287100801181,151.4206336313995,152.1271857674301,30710200
2019-01-15,155.039306640625,155.2493622859769,152.6809665424357,152.76689442399248,40874200
2019-01-16,155.01063537597656,156.37598224953632,154.9533355632049,155.2970615949166,33812200
2019-01-17,156.23281860351562,156.92981357191172,154.2659469095011,154.51418790083702,39329000
2019-01-18,157.77952575683594,158.51472036464,156.41417891132602,157.3307719310709,57183200
2019-01-22,154.61917114257812,156.71971269824772,153.49250789671987,156.6433275147163,56711700
2019-01-23,154.8197021484375,156.11822140432312,153.07244351927793,155.41168380339158,38106100
2019-01-24,155.8221893310547,156.05134485860142,154.73372607092716,155.325692972528,32417800
2019-01-25,157.68405151367188,158.1614479936636,156.53830287548863,157.07298460204183,36515900
2019-01-28,155.73626708984375,155.74580977380063,154.43774819153273,155.6503392272823,33491200
2019-01-29,154.2659149169922,155.86041750883203,153.7121332182538,155.8222176294789,30784200
2019-01-30,158.1900634765625,158.76294498185808,155.52619798559638,156.01313706681032,41346500
2019-01-31,160.55799865722656,161.35047861663324,158.94439611316838,159.16399442970734,37258400
2019-02-01,159.8800506591797,160.97807111516374,159.44085413197155,159.7654801858179,32143700
2019-02-04,161.86607360839844,161.86607360839844,159.765531695306,159.90874483318115,26718800
2019-02-05,163.29824829101562,163.48920398033678,162.01882914668008,162.08565708189914,28156400
2019-02-06,162.81130981445312,163.62287513988616,162.07611510989648,163.33644888913645,27970000
2019-02-07,160.62484741210938,161.78969621966328,159.40271334664087,161.38868484527399,42036200
2019-02-08,160.93991088867188,160.9685535140678,159.03988208214375,159.22128051998942,29020700
2019-02-11,160.78713989257812,161.91380324012394,160.38612856958278,161.5223346025623,21434100
2019-02-12,163.16458129882812,163.40327955776894,161.6751064940751,161.9615473186012,29722100
2019-02-13,163.2791290283203,164.37714960769725,163.09773061477298,163.8901959032232,26094100
2019-02-14,163.47962951660156,164.06205372565546,162.1524680656732,162.69669240289727,30326800
2019-02-15,164.1671600341797,164.7591272098136,163.40332249107792,164.72094188870375,32521700
2019-02-19,164.49171447753906,164.98821084925265,163.6324067221351,163.66104934271635,19487700
2019-02-20,164.46310424804688,165.25558423450155,163.57515369717936,164.6063173791591,32593000
2019-02-21,163.86158752441406,164.47265452701384,162.99273687391116,164.0239006034967,25207400
2019-02-22,165.07412719726562,165.18869767159953,164.12887707706497,164.2148195017974,27735400
2019-02-25,165.67564392089844,166.76410708536952,165.56105888270375,166.33445325683803,32608800
2019-02-26,165.84756469726562,166.37270383550796,164.99779938955967,165.27469755744522,21939700
2019-02-27,165.74249267578125,165.9430055910949,163.99521995569972,165.08368325701474,25162000
2019-02-28,165.36058044433594,165.95254736509088,164.8927266904916,165.22691002452086,25085500
2019-03-01,166.50631713867188,166.7545580238204,165.35101143109554,166.55405969284945,31431200
2019-03-04,166.53500366210938,167.84306549133208,164.67316011019014,167.60436722649663,38063500
2019-03-05,166.65908813476562,167.17466984254196,165.83796573424618,166.65908813476562,22319900
2019-03-06,165.71388244628906,166.85008852752858,165.44654155293694,166.82144590102558,27194600
2019-03-07,163.68014526367188,165.3510328938963,163.06907837023488,165.2937476490403,39407400
2019-03-08,163.43191528320312,163.5178431562374,161.68464235324817,161.8469554141968,39303200
2019-03-11,166.83099365234375,166.94557873082096,164.08119944166066,164.10984206903333,30518400
2019-03-12,167.74758911132812,168.17724305933953,166.8691812754646,167.27019259820761,33953500
2019-03-13,169.00787353515625,169.8862811901753,168.37772134000028,168.61641954741793,42426100
2019-03-14,168.72149658203125,169.32300633336354,168.6737540128178,169.12250793924832,23751500
2019-03-15,170.287353515625,170.79339268806322,169.26571791569242,169.380288424475,38192000
2019-03-18,170.69290161132812,171.20943636618364,169.87028462013257,170.2146362582028,32935100
2019-03-19,171.26681518554688,172.17551638067835,170.53984255304218,171.39115424466002,36893300
2019-03-20,171.9459991455078,172.99818903377553,170.49208260327035,171.27643039638477,50105000
2019-03-21,174.63380432128906,174.88249703098901,171.41028616962532,171.42942086898657,42428500
2019-03-22,170.79811096191406,174.34684610443443,170.6163678026732,173.87814083036588,70794500
2019-03-25,170.47291564941406,171.06596005852316,169.23898277791127,170.1763934448595,46336500
2019-03-26,171.26681518554688,172.83552486208418,170.39636879425802,171.79290996025438,33248100
2019-03-27,170.16680908203125,171.90770199655512,168.9233308236576,171.52509554713254,37096700
2019-03-28,170.5589599609375,171.19983367769865,169.53547986254216,170.60678940751626,30368200
2019-03-29,171.85031127929688,172.01291974893215,170.82681641126857,171.87900603302663,35205500
2019-04-01,174.12681579589844,174.33725368562102,172.91203249990662,173.61985576942988,30969500
2019-04-02,174.786865234375,174.95904836432905,173.87816391303824,174.31817449358627,22645200
2019-04-03,175.79122924804688,176.88167377617523,175.24601428173355,175.7720945453073,31633500
2019-04-04,175.72427368164062,176.4799265657825,174.71033880808773,175.83905270315555,28530800
2019-04-05,176.6329803466797,176.73819931809214,176.02080122087122,176.23123916369616,25674700
2019-04-08,177.08250427246094,177.22597801585468,175.6477084565324,176.34597166687823,22697500
2019-04-09,176.46078491210938,177.06340394232524,176.08773851138068,176.4799196134418,25631900
2019-04-10,177.4077606201172,177.4651501302414,176.49905932031487,176.69036255256256,24563000
2019-04-11,176.98684692382812,177.7042448380507,176.66163003896673,177.7042448380507,20654100
2019-04-12,177.7520751953125,177.86685419161674,177.01554257953163,177.77120989319587,24989100
2019-04-15,177.78074645996094,177.98162427245586,176.59464347133928,177.7616117646052,21073000
2019-04-16,178.39300537109375,178.7851865265728,177.84777577511028,178.43126018346854,27195700
2019-04-17,179.0146942138672,179.76078690698398,178.48861406537347,179.58861840649482,29651600
2019-04-18,179.2442626953125,179.62686908461552,178.19207323148194,179.31122684096454,28580900
2019-04-22,179.75125122070312,179.81821537696936,178.3260151929698,178.45994350550225,17936000
2019-04-23,182.037353515625,182.2573514878714,179.95212361455012,180.21037639242633,33665600
2019-04-24,181.46343994140625,182.41997061200553,181.40603584095052,182.19039799668178,24977100
2019-04-25,182.19993591308594,182.90777377771232,181.21471060970615,182.8216895307369,29517500
2019-04-26,182.362548828125,182.4008182247179,180.39209817304214,181.91297828889756,26359500
2019-04-29,182.71652221679688,183.0034843833008,182.06607366635453,182.36259588672448,21716200
2019-04-30,181.3008270263672,181.59736381106268,180.0286540073373,181.2434375182005,31495300
2019-05-01,180.71734619140625,183.00346867787357,180.59300711981032,182.4869339033953,34797100
2019-05-02,179.93301391601562,181.59738280442977,178.74691043968005,180.6599720879943,44110100
2019-05-03,182.80255126953125,182.93646496071528,181.09992808354977,181.42514496278272,30386200
2019-05-06,181.6834716796875,181.9321644458897,178.64169599212576,178.91909811164209,38371800
2019-05-07,178.14430236816406,180.46866521835034,176.48949356684025,179.70343765529043,58818100
2019-05-08,177.6947021484375,179.03383921429318,176.91991466065676,177.5607884418519,37165300
2019-05-09,176.7381591796875,177.3503381664661,174.17464963814712,175.71466445425392,55351700
2019-05-10,176.95811462402344,177.80942605109757,173.16068796958723,176.10680319694927,58526400
2019-05-13,170.8172607421875,173.380756111166,170.31986067227348,172.45292012875942,67185800
2019-05-14,172.69204711914062,173.73467668053587,171.08508254001813,171.71639630845922,43360600
2019-05-15,175.1312255859375,175.57123618831167,171.51554022806627,171.55380963462164,40944500
2019-05-16,176.8911895751953,177.98164842601463,174.99726315184745,175.20770104283034,39281200
2019-05-17,175.08335876464844,177.51295471989218,174.930324957589,175.1407628622321,44702300
2019-05-20,172.12770080566406,173.3042295090404,171.54421648040417,172.64423556992722,38608300
2019-05-21,173.9259796142578,174.40424496613264,173.05553317092557,173.6103227305604,31613800
2019-05-22,173.1511993408203,174.15555954097664,172.89293195323705,172.95989611114788,24332600
2019-05-23,170.50157165527344,171.2381042703414,169.4398221539929,171.16158007437997,45351300
2019-05-24,170.41551208496094,172.0320512944195,170.2050741644693,171.41987223358018,25903300
2019-05-28,169.774658203125,171.85032830302978,169.75552350024287,170.89379749594914,24763800
2019-05-29,168.3780975341797,169.30593347850984,167.4789563431381,168.72244916914244,42178800
2019-05-30,169.08592224121094,169.5641875525038,168.12939161862525,168.8276548863731,30354800
2019-05-31,166.38851928710938,167.67026697565984,166.311995076457,167.09635728901824,45446200
2019-06-03,162.72496032714844,166.38847381115696,161.91191817774506,165.93890331863523,75842300
2019-06-04,167.30682373046875,167.36421324936268,163.92069616069443,164.55201005953415,47797800
2019-06-05,168.55026245117188,168.93286885070958,166.79980971206464,168.90417410051919,34412700
2019-06-06,169.88938903808594,170.30069016261885,168.09110696031976,168.83719961056366,29913200
2019-06-07,173.17030334472656,173.86858123157793,170.57811344337264,170.79811140726443,45888300
2019-06-10,175.1885528564453,176.81466636074836,174.2894264588797,174.32768125634118,41385300
2019-06-11,175.42770385742188,177.34076503185614,174.83465956390677,177.01554813512195,41260300
2019-06-12,174.4137725830078,175.31291361259898,174.08855570713368,174.9494273422117,27758100
2019-06-13,175.44688415527344,175.87732011229355,174.7964501927546,175.14080187747112,23715800
2019-06-14,174.70074462890625,175.1503151693559,174.03117614169346,174.54769623311523,22844100
2019-06-17,175.75294494628906,176.24077031802707,174.89205861348762,175.08336182227706,20379500
2019-06-18,178.30690002441406,179.55995296751576,177.3694893837342,177.8286346509859,48177300
2019-06-19,178.97647094726562,179.3782121146909,177.50342000003965,178.54603502470292,31672900
2019-06-20,180.64083862304688,181.51127051608543,179.02429931447367,181.47301570796876,40922000
2019-06-21,180.37298583984375,181.52081966360234,179.99036483492492,180.43037534170685,39980400
2019-06-24,180.3787841796875,180.91562344837783,180.28291375551868,180.73347841912081,19375200
2019-06-25,177.28228759765625,180.3595457817082,177.01386805467098,180.25409420212338,33921100
2019-06-26,178.10675048828125,179.58307282840747,177.81916852519063,178.4614592890434,22595700
2019-06-27,178.7874298095703,179.2092362739615,178.298525750084,178.7490904163407,19709200
2019-06-28,179.0174560546875,179.41048957088825,178.37516536047264,179.21876340702494,21179200
2019-07-01,181.43321228027344,182.68904996644386,180.5896143256401,182.44938863078622,31025600
2019-07-02,182.15223693847656,182.17141394538373,180.85807421376495,181.37573637809552,18035800
2019-07-03,183.5231170654297,183.5231170654297,182.4206658423936,182.61240666571888,15792100
2019-07-05,183.14920043945312,183.4847175415148,181.55784561827824,182.26724845642988,21415600
2019-07-08,181.86465454101562,182.018026712597,181.11689755111894,181.96051031978268,17598800
2019-07-09,182.7753448486328,183.00541039466066,180.84845813403743,181.00184491656844,19193500
2019-07-10,184.59683227539062,185.10491337742874,183.5519118676348,183.88744374759537,28374500
2019-07-11,184.4625701904297,185.34452231821808,183.8777958349888,184.87479537267646,23736100
2019-07-12,185.52670288085938,185.53628407195063,184.4913637598719,184.6639275939228,20211900
2019-07-15,186.12103271484375,186.15938672943233,185.44040254748813,185.9580647222689,15606100
2019-07-16,185.16238403320312,186.0635131999019,184.5967866635587,185.89096402045934,20190900
2019-07-17,184.2516632080078,185.48832410149578,184.2324862021248,185.16237351256254,16765100
2019-07-18,184.4625701904297,184.81726435384192,182.80411752772812,183.37929606614497,28877000
2019-07-19,183.1108856201172,185.81427315712082,182.91915943108452,185.72799856622171,29387900
2019-07-22,184.5679931640625,184.96104127908478,183.52307321436018,183.52307321436018,18954900
2019-07-23,185.7759246826172,185.7951016904235,184.33795628033505,185.57461729784944,23786700
2019-07-24,187.0796356201172,187.08923143546096,185.0473121435905,185.06648914651075,20422900
2019-07-25,185.3061981201172,186.47574692684879,184.9514892998651,186.44698872895958,23434700
2019-07-26,187.2138671875,187.46312437118914,186.3894314991254,186.48530189712415,20431200
2019-07-29,186.57159423828125,187.10843341152997,185.39246429505494,187.0413358287591,20451700
2019-07-30,185.7663116455078,186.49487691176398,185.0089881863579,185.1431979624516,18705000
2019-07-31,183.19715881347656,186.3894354196617,181.49077101314333,186.26482145296498,41627500
2019-08-01,182.28646850585938,186.91672885253652,181.40451624379307,183.51353379462745,63251600
2019-08-02,179.60227966308594,181.17445804275562,178.5094241385323,180.9156196052166,55214000
2019-08-05,173.2559814453125,175.92101452399396,171.7892551332241,175.84432113559984,75040000
2019-08-06,175.6813201904297,176.1989968079658,173.5818994168033,174.85688470467232,41897200
2019-08-07,176.63043212890625,176.87967469115088,172.4507371932824,173.7736726548356,49990600
2019-08-08,180.47459411621094,180.532125132757,176.93720455651518,177.42610848888714,38418100
2019-08-09,178.77781677246094,180.22536631033915,177.37818781064036,179.61183373354245,33608900
2019-08-12,176.726318359375,178.2122073047734,175.9114637660263,177.6753681209171,24642900
2019-08-13,180.59922790527344,181.8358741828538,176.40995168747628,176.57291966962129,40241900
2019-08-14,175.20204162597656,178.26012302959205,174.87610567536257,177.69452571039088,51000500
2019-08-15,175.0007781982422,175.99776330561897,173.6682612395074,175.43216584443624,36685000
2019-08-16,177.80958557128906,178.2601501830868,176.48666456205672,176.59211616540878,32781400
2019-08-19,180.63754272460938,181.0210096549524,179.74600953862628,180.3787190028665,22494100
2019-08-20,179.23793029785156,180.83886634881532,179.18999510264842,180.1869945029096,19902900
2019-08-21,180.82928466796875,181.40446312553513,180.18699401174734,180.8101076643862,20418500
2019-08-22,180.24453735351562,181.62498926257464,178.82573143155497,181.164828874375,24243700
2019-08-23,174.54061889648438,180.65676813982037,174.05170025774933,179.01749228509075,55372400
2019-08-26,177.17686462402344,177.22478519580514,175.5088162229292,176.52497809122357,27598900
2019-08-27,176.80300903320312,178.71071913002302,176.11279762734003,178.41354132094145,28012800
2019-08-28,177.4357452392578,177.7329230928411,175.34590444452772,176.22785681340432,21792400
2019-08-29,180.14866638183594,180.66634315998814,178.9599406577178,179.6405854207639,25358900
2019-08-30,179.7172393798828,181.15520736043698,178.70107768073387,181.11685335607285,26319800
2019-09-03,177.9725341796875,179.43926064882555,177.37817864070257,178.51896914509211,27964200
2019-09-04,180.5417022705078,180.6950890556503,179.17083164842148,179.6885083913351,21592100
2019-09-05,183.84901428222656,184.37627217961688,182.46856256097482,182.53567476053723,33932600
2019-09-06,183.6669158935547,184.2229321238309,183.2642864773764,184.15583453502038,19487800
2019-09-09,183.28343200683594,184.31877088251818,182.35354471926308,184.24207748864143,24407600
2019-09-10,182.75619506835938,182.85206547866488,181.0977422900243,182.29604927998884,23744700
2019-09-11,184.47213745117188,184.56800784755427,182.67947513541714,183.10128147506973,25063600
2019-09-12,185.2390594482422,186.65786527105584,184.98981689287876,185.60334940650097,28689900
2019-09-13,184.5775909423828,185.40202662537243,184.33792957672034,184.9706390927338,27669800
2019-09-16,183.75314331054688,184.13661024733258,183.20672303880815,183.38886800531037,20319000
2019-09-17,184.63519287109375,184.63519287109375,183.3793545453614,183.77240284667212,20953400
2019-09-18,184.55848693847656,184.63518035507792,182.24814713209668,184.25171327207119,29781300
2019-09-19,184.86517333984375,186.01554488131265,184.51047922673084,184.88435034340245,26039400
2019-09-20,182.9095916748047,185.31578697359,182.29605904817802,185.12406077047635,29086100
2019-09-23,182.990234375,183.537771245626,182.2409841942349,182.85575394915156,22485900
2019-09-24,180.5600128173828,184.22941650848793,179.77233110216358,183.82597513871852,40820700
2019-09-25,182.5868377685547,183.06712721512898,178.8694021423963,180.3775033828588,34704900
2019-09-26,181.91444396972656,182.50999822096284,180.56962466215663,182.34670156037456,26826000
2019-09-27,179.65701293945312,182.346635929259,178.42747351393035,182.25057220712569,40773500
2019-09-30,181.36688232421875,181.65505889796285,180.0124626877101,180.3870878363966,26307700
2019-10-01,179.88760375976562,183.07671789190752,179.58982666405052,182.0296904723706,32367600
2019-10-02,176.7945098876953,178.69645157976666,175.8051150148275,178.667635391801,48544300
2019-10-03,178.73487854003906,178.8693589663277,174.65241922959493,176.77528986295624,39392500
2019-10-04,181.36688232421875,181.62624270631537,179.51297226097438,179.70508509104732,31887600
2019-10-07,180.8193359375,182.26020395700343,180.50234321433715,180.84815212530867,21216000
2019-10-08,178.11050415039062,180.45431856770648,177.9664232055835,179.6858526617765,32379300
2019-10-09,179.84918212890625,180.66568005130287,179.08071608263955,179.61865257511573,20147400
2019-10-10,181.2419891357422,181.96242318878663,179.74348865057271,179.89718476629992,25177700
2019-10-11,183.576171875,185.03625541160645,183.201546817407,183.30721104684432,40976700
2019-10-14,183.5569610595703,184.14291459155234,183.13430413063034,183.31681640969683,14975000
2019-10-15,185.8912353515625,186.32349293096706,184.00849423284512,184.1237590120807,23234200
2019-10-16,185.4301300048828,185.90081890594303,184.84417633510162,185.25723285180132,20457100
2019-10-17,185.91998291015625,186.832529609185,185.20914950032318,186.5443531102113,19045200
2019-10-18,184.1333770751953,186.0353192488236,183.19201382968026,185.58384598002868,27700800
2019-10-21,185.7662811279297,185.89116102701843,184.56555796673842,185.11309476372892,15801200
2019-10-22,184.28704833984375,186.75572823000394,184.22940129983235,186.49636785039505,22392300
2019-10-23,184.64244079589844,184.68085749509788,183.61461454078156,183.91240625296584,14828400
2019-10-24,186.438720703125,186.55400011674928,185.14194822231366,185.9584313419501,18998500
2019-10-25,187.92758178710938,188.02364550238374,185.43968692851325,185.47810362026397,21507100
2019-10-28,189.78155517578125,190.03130038009007,188.80176072349929,188.80176072349929,18818700
2019-10-29,188.31185913085938,189.75272731271048,188.2830429398039,189.46456540215553,18569700
2019-10-30,189.22438049316406,189.54137318467957,187.5913851749449,188.67684366492838,21764300
2019-10-31,189.31089782714844,189.85842019704035,188.21583843009324,189.7719716108371,26801800
2019-11-01,191.0302734375,191.03988860475167,189.83916527966602,190.12732715187286,22131900
2019-11-04,192.21182250976562,192.6248643556265,191.03030004011185,192.2982710834664,19015900
2019-11-05,192.31748962402344,192.6440829010415,191.68350409291588,192.45197007087023,15048900
2019-11-06,191.88523864746094,192.1157828635147,190.9534759279912,192.09656718119248,19725500
2019-11-07,192.52879333496094,193.76794814023677,191.97167055399365,192.84578608381594,17832400
2019-11-08,193.2972412109375,193.3164568883277,191.67386091724669,192.18298109584964,15258800
2019-11-11,193.03787231445312,193.1147057002415,192.05807808709793,192.3174384002466,10147600
2019-11-12,193.5950164794922,194.23861707939673,192.90341332972,193.20119036883776,14778300
2019-11-13,193.64303588867188,193.82554816729953,192.79773669009057,192.92260194078352,15774600
2019-11-14,193.4893341064453,193.61421401073278,192.32704224609463,192.91299575943972,16945400
2019-11-15,194.91104125976562,194.91104125976562,194.03691106346787,194.66128139952696,18427900
2019-11-18,195.06475830078125,195.37213591761244,193.81600283746684,194.60366988962895,18365900
2019-11-19,195.3529052734375,195.80437848065034,194.6036549842905,195.80437848065034,16923300
2019-11-20,194.1809844970703,195.4297397781058,192.711300212067,194.84378616624207,36629000
2019-11-21,193.7487030029297,194.10412705611637,193.143548444642,193.9696319795342,17883600
2019-11-22,193.87362670898438,194.34431561155182,192.82659930369675,194.229036185192,17189600
2019-11-25,196.16937255859375,196.20778925529504,194.6804727235642,194.7092889104069,17752800
2019-11-26,196.54400634765625,196.7937515304405,196.0060846264178,196.29426116487198,14780600
2019-11-27,197.9176483154297,197.92726348402437,196.81298856496463,197.05313326352393,16963100
2019-11-29,197.0146942138672,197.71591255008678,196.91863048243215,197.41813550281276,9854600
2019-12-02,194.99746704101562,197.09152147424373,193.8255599088774,197.02428859014643,28007000
2019-12-03,193.4701690673828,193.54701712606126,191.37609977588366,192.31747750174318,31104100
2019-12-04,194.44998168945312,194.91107011942572,194.1714202547901,194.45959685920525,15300100
2019-12-05,194.83419799804688,195.14157558948258,193.883219718044,195.14157558948258,14962300
2019-12-06,196.9186248779297,197.062705813714,196.10212715577288,196.25582325878756,16555300
2019-12-09,196.02532958984375,197.48539886354445,195.93886635530282,196.5632513914461,13984100
2019-12-10,195.8619842529297,196.80336189941136,195.42012627437214,196.12134459694136,21799800
2019-12-11,196.8994140625,197.10114203484613,195.9964677565774,196.30385997019678,18780800
2019-12-12,198.36915588378906,199.14723715401038,196.4287969365452,196.69775787294083,32612000
2019-12-13,199.02232360839844,199.713941515907,197.84081579026684,198.26345814950494,32519400
2019-12-16,201.0203094482422,201.27005463461376,200.2614440641703,200.32869160892483,21296600
2019-12-17,201.1355743408203,201.44296656173643,200.7993659313518,201.27965528358234,15996100
2019-12-18,201.28927612304688,201.846413546205,201.07794762952935,201.30849180171253,15443300
2019-12-19,202.54762268066406,202.6148555670259,201.35649983126473,201.3757155090542,17865900
2019-12-20,203.36412048339844,204.1421868755069,202.94146351552035,203.5082014236898,27672600
2019-12-23,203.90122985839844,204.22853108233653,203.72795792421059,204.08413780384666,23774700
2019-12-24,204.00718688964844,204.170837552741,203.54511356509022,204.0842015585825,7089000
2019-12-26,205.807373046875,205.82663038769633,204.3056236218492,204.33450228855762,17067500
2019-12-27,205.6340789794922,206.54860426822833,205.08535499282314,206.52934692947355,18134100
2019-12-30,204.28636169433594,205.65333898272362,203.2755643877755,205.52818831276454,21815500
2019-12-31,204.6714324951172,204.81582582360997,203.31407645109846,203.63175646282923,18170900
2020-01-02,208.0888671875,208.0888671875,205.9902579449058,206.3945739224965,30969400
2020-01-03,206.18276977539062,207.4246109553394,205.31638056676368,205.3356379037904,27518900
2020-01-06,207.51124572753906,207.5401243883885,204.31521818483327,204.5655048085431,21655300
2020-01-07,207.48240661621094,208.06963064715757,206.82780392678688,207.5882999558586,22139300
2020-01-08,209.04188537597656,209.99492530524427,207.12619888200487,207.45350018290873,26397300
2020-01-09,210.8131866455078,211.21750259673692,209.58098145441585,210.7650506465186,23547000
2020-01-10,210.27410888671875,211.66034356288264,209.8986715526782,211.64110091224714,21898500
2020-01-13,212.7000274658203,212.7289061318919,210.80358338553634,211.1405207417673,22756900
2020-01-14,211.8625030517578,212.95031503349864,211.53520173144415,212.59412035993765,24418100
2020-01-15,211.9491424560547,212.940682447054,211.25602512597123,211.978021120721,25742100
2020-01-16,213.98037719726562,214.01889187956053,212.55564242234962,213.00809446050664,18805000
2020-01-17,215.03924560546875,215.21251755626315,213.82628319373603,214.94297361788767,24325200
2020-01-21,214.94302368164062,215.48211168395406,214.34617834894308,214.44243566990113,21146300
2020-01-22,215.510986328125,216.7431916501498,215.24144233199746,216.03083166997536,20736400
2020-01-23,216.2041015625,216.30037356977513,214.38467226174947,215.3858482568453,26496100
2020-01-24,214.3846893310547,217.44596019978124,213.39314927116754,217.2149161773528,37436500
2020-01-27,209.95639038085938,211.0923234205187,209.07072924842754,209.54243847232684,42264400
2020-01-28,213.18133544921875,213.67230209824288,210.88057559990997,211.43892089957654,26731900
2020-01-29,213.52789306640625,214.606068983858,212.58448913863594,214.36540366735215,28924500
2020-01-30,214.2883758544922,214.38463315516273,211.48702840891278,212.15126694642575,39568100
2020-01-31,210.89024353027344,215.21258388868912,210.13935411159767,215.18370522132247,52015800
2020-02-03,214.07662963867188,214.56758162518346,211.7758696650221,211.92026298780607,25408600
2020-02-04,218.97654724121094,219.35198452662482,216.26183557049177,217.00308881724794,30691200
2020-02-05,219.6985626220703,221.6527638820413,218.37972134420056,221.61426389329836,38534800
2020-02-06,221.5950164794922,221.65277380971636,219.467528452275,220.24728178839402,22467100
2020-02-07,220.64198303222656,221.83568841889965,220.00662300275312,220.60348304061307,25884900
2020-02-10,223.3085479736328,223.3181692987934,219.85259735404267,219.9103546830983,21478900
2020-02-11,223.34703063964844,225.2819891472045,222.7598066913871,224.54073587404466,30198000
2020-02-12,225.52267456054688,225.62856789472264,224.10756122612838,224.665906561869,24471300
2020-02-13,225.23385620117188,226.15800278500447,223.68397098484598,223.9535149625509,22773200
2020-02-14,225.87887573242188,226.09066242063125,224.82957830659663,225.5900743676775,23438500
2020-02-18,225.9654541015625,226.38902736994686,224.54071967166917,224.7813849660654,24394500
2020-02-19,228.13145446777344,228.6031637591401,227.0436572650157,227.31320123464104,22230500
2020-02-20,226.0135955810547,228.10256862440443,223.22188397395274,227.6308740369332,42604000
2020-02-21,221.6719970703125,225.27234053187954,220.75747187458455,224.88728193021853,66017200
2020-02-24,213.12362670898438,215.87683915827503,212.03581452465892,213.4027920779363,84522600
2020-02-25,207.32835388183594,215.6265040523048,206.72188726776398,214.9141294214852,97743000
2020-02-26,208.3969268798828,212.0550429818306,206.8759201700028,208.61834956856265,79537700
2020-02-27,197.96163940429688,208.33912548414438,197.82686743010575,203.0252317935276,121822600
2020-02-28,198.11570739746094,199.43454873734376,190.77059664727153,191.2230486537657,148173700
2020-03-02,208.3391571044922,208.48356511314225,198.25047077787218,201.0806973544826,112933900
2020-03-03,201.65829467773438,211.41005881468837,199.86774398634094,209.00340544932334,131953500
2020-03-04,210.0719757080078,210.17786905149774,203.47773912232438,205.35494063774132,73086200
2020-03-05,203.6895294189453,208.2814285748599,202.25517328240088,204.7484628726104,78705500
2020-03-06,200.25283813476562,201.34063558032835,195.33363755753174,197.02791641464526,89828400
2020-03-09,186.34234619140625,193.6489415918899,184.93685429584863,186.25569551477724,116424000
2020-03-10,196.48880004882812,196.67170804748878,186.44823497394106,193.6008161265127,100599200
2020-03-11,187.93077087402344,193.25428755790438,185.53373855722796,191.90656739326923,89168800
2020-03-12,170.69912719726562,183.65654146842257,170.33331116327355,175.2910115179422,137820700
2020-03-13,185.1582489013672,187.21834325086076,171.47884168071033,180.08503502968375,134882000
2020-03-16,162.97857666015625,177.78429888571935,162.8438046527912,167.64747559955362,92054400
2020-03-17,175.33917236328125,177.50516082896368,163.44067513757048,168.91822165214415,121257100
2020-03-18,170.0059814453125,172.5281492023074,160.5718983230018,165.202296553107,114156300
2020-03-19,171.02642822265625,176.63874595959146,165.22158114311028,169.12998408539326,120896500
2020-03-20,164.32627868652344,176.04186478188208,163.74869072798472,174.9540675165637,118983900
2020-03-23,164.4449462890625,168.06261919939575,159.11007109457017,164.88870592266807,124639800
2020-03-24,177.1791534423828,177.34315284922098,171.67063696878748,173.5614805023816,94881800
2020-03-25,175.8671417236328,182.82271258391634,173.6290010211754,177.91232809492413,88754900
2020-03-26,185.1283721923828,185.9194437189423,177.13090991327815,177.38172993078925,79887600
2020-03-27,178.7612762451172,183.78742144963604,178.14386067142345,180.33374802416697,58845000
2020-03-30,185.263427734375,185.69756024276714,179.76456807167224,180.45916242068188,49356900
2020-03-31,183.68130493164062,188.36016773929651,182.5236525554176,184.95473284972996,62659300
2020-04-01,175.87677001953125,181.03798885377915,174.4779395483002,178.24996973899405,53715400
2020-04-02,179.44625854492188,183.39194587411828,174.58411153671463,174.8445881665469,56465300
2020-04-03,176.8994140625,180.468863857324,174.89280930185006,179.0024960090891,47487600
2020-04-06,189.54678344726562,190.675495755822,182.51403299538356,183.75850613958147,64763500
2020-04-07,189.4695587158203,195.50866933043082,189.08367954366585,195.22889441832402,69904500
2020-04-08,193.49241638183594,194.07123511900366,189.24767204087456,191.1577988981167,45940400
2020-04-09,193.77223205566406,196.04895506935992,192.00680569704667,195.2096595639199,68252600
2020-04-13,195.86563110351562,196.24186849228946,191.73666165530844,192.9425526091154,42853900
2020-04-14,204.38401794433594,205.00143343740413,199.13597889308295,199.9173937664595,63959600
2020-04-15,202.0397491455078,204.35506817638338,199.8112654345451,201.12327513593752,47036000
2020-04-16,205.7249755859375,206.8054490590431,202.29060085755438,204.22002618544127,64657400
2020-04-17,207.69302368164062,208.86997454013388,204.59630366636645,208.54197570294068,62863200
2020-04-20,205.23300170898438,208.26219924335518,205.06900230315188,205.83111892088505,38249100
2020-04-21,197.6599884033203,203.7087412730322,196.44445567672878,203.16850450565815,72932800
2020-04-22,203.5254669189453,204.85677533483243,200.97862563660664,201.7214586373907,40089100
2020-04-23,203.09132385253906,206.8729959097003,202.68614628073763,204.31649839571924,43278500
2020-04-24,206.29421997070312,206.7379944181576,202.1073691732211,203.52549843048948,34231900
2020-04-27,207.95346069335938,208.98571031554658,206.93086761888986,208.56123438568818,36451700
2020-04-28,204.0367889404297,209.65142537562298,203.75702866186316,209.65142537562298,46862800
2020-04-29,211.2720947265625,212.20786728265963,207.54830287909775,208.56125422254138,48716400
2020-04-30,211.18528747558594,212.27540295501447,209.68033782796115,212.188582333886,43359500
2020-05-01,205.23300170898438,209.02431586108833,204.210393799122,206.93089089908722,48795000
2020-05-04,207.62548828125,207.8473681017223,203.67015994573165,203.99817348249172,32841000
2020-05-05,209.97940063476562,212.3718843602269,209.19798558832846,209.76716263198642,37783100
2020-05-06,211.2720947265625,213.2401022826785,210.41350095781186,211.65797394294648,36455200
2020-05-07,213.99261474609375,214.8704922656383,212.6420079030981,213.99261474609375,38624800
2020-05-08,216.92527770996094,217.0603368863208,214.62925699149707,215.66150654823375,31852300
2020-05-11,218.86439514160156,219.88698838665965,215.37213940575802,215.60367578440025,35714100
2020-05-12,214.28201293945312,220.05100636516602,214.25307273166106,219.4625309394779,41054100
2020-05-13,211.60011291503906,216.6841537545293,209.06292813022924,214.80296664173116,65521200
2020-05-14,214.0022735595703,214.04085560027218,208.36835351461633,210.2784810169111,51549300
2020-05-15,215.39141845703125,215.44929886641083,210.62573514680375,211.05985293749873,55747200
2020-05-18,219.40460205078125,220.6104929244377,217.5137734042826,218.29518833515635,42398100
2020-05-19,218.85476684570312,221.73926368654432,218.7100658003225,219.6651221405356,36237300
2020-05-20,223.22491455078125,223.58185360880555,221.38230940193867,221.40160778139554,37417000
2020-05-21,220.79383850097656,223.94845383122797,220.282541837463,223.27315773982804,43642900
2020-05-22,221.555908203125,221.75848961391858,219.4721253700253,220.38859943299562,28762400
2020-05-26,220.95779418945312,225.3279563394855,220.71661601024164,225.1253601919948,33055300
2020-05-27,222.16372680664062,222.2795023642407,216.03780873646346,220.62019500202894,55665600
2020-05-28,221.87429809570312,225.2314944563368,220.96746572510492,221.02534613678586,42784300
2020-05-29,225.12539672851562,225.35693311746087,220.68771162267484,222.2505564874424,50691800
2020-06-01,225.80067443847656,226.17691183970598,223.81336843606732,224.25714279871312,25776000
2020-06-02,227.31529235839844,227.37317277383752,223.8230218499596,226.22516213312986,33383400
2020-06-03,228.33786010742188,229.0903348647583,227.04514857254634,227.92302597587337,37228700
2020-06-04,226.7364501953125,229.39905224734326,225.43408201574843,227.9905797903836,38716100
2020-06-05,231.23202514648438,231.82050057322505,227.31529333455612,227.88447038261765,47365600
2020-06-08,233.0263671875,233.15176983488377,229.51481337413597,231.08728514329638,32937300
2020-06-09,234.71461486816406,235.56355207778137,231.98447602097755,232.16777379861546,35046300
2020-06-10,237.53155517578125,239.07510133845932,235.8818900304147,236.4028431164661,58084400
2020-06-11,225.76205444335938,234.99434668442186,225.7041740406484,233.61481468532207,72919400
2020-06-12,227.55642700195312,231.9169176274737,223.56251717747816,230.65314639784796,72034800
2020-06-15,230.32513427734375,231.00043015628663,223.3020276956455,224.23780009944713,45307400
2020-06-16,234.28048706054688,235.76613815413336,230.66281440501248,235.1776628133525,48890100
2020-06-17,235.02334594726562,236.83701086316572,234.16475207714595,235.77582081229858,34749300
2020-06-18,235.6600799560547,235.90125819530235,233.93325023999603,234.70500882930736,30578600
2020-06-19,235.62149047851562,238.28409285645162,233.89464609660467,238.02361624458638,49422100
2020-06-22,238.44717407226562,238.5727947977947,235.20010171844086,235.49000704346753,24068700
2020-06-23,240.47657775878906,242.70893716924127,239.49087019180166,240.04170503853615,32767400
2020-06-24,235.51901245117188,240.95012181687974,234.02110437194023,239.72280187178637,46032400
2020-06-25,237.7610321044922,238.06061077313754,233.03538357528126,235.60598561260514,36940800
2020-06-26,232.14633178710938,237.6934186778951,231.62447264881834,237.51946071648175,52824600
2020-06-29,234.6782684326172,234.68794177514607,229.3727939582953,231.9047323814369,34377800
2020-06-30,239.27830505371094,239.81948140004152,234.42702038461988,234.6106369476855,38909200
2020-07-01,242.07119750976562,243.0665786925282,238.77580187761524,239.3169782784239,34689200
2020-07-02,243.7139892578125,245.72408299270458,243.2501260100518,244.51609503274156,31956500
2020-07-06,249.70559692382812,250.2274264373528,246.84506048012912,246.86439241446365,34589000
2020-07-07,247.98541259765625,252.11191825099766,247.68583394966709,249.4543447987828,36578200
2020-07-08,251.25184631347656,251.2808368476071,247.87915304473862,249.30942154293714,30426300
2020-07-09,253.3682403564453,254.03505212433237,248.97117561865883,253.16530662027412,40312900
2020-07-10,255.0980682373047,255.34933917198305,250.54637783290883,253.22326855215178,32885300
2020-07-13,249.85061645507812,260.72250994243075,249.02917860432066,257.93930049096474,64108100
2020-07-14,251.61904907226562,252.02494599305538,244.26481796681819,247.32827358685552,72230500
2020-07-15,252.13121032714844,253.86105713238123,248.83581603561476,253.02994618159673,54523900
2020-07-16,250.4111328125,251.04895416092378,247.0287656414626,249.3480972317937,47594100
2020-07-17,250.70108032226562,251.5611526818651,248.52670131706898,250.86535022052607,35137900
2020-07-20,257.8136901855469,258.4418381944587,250.09223851639513,251.33886119054432,40610100
2020-07-21,255.1271514892578,259.38893812702736,254.2863962769184,259.37926478236454,43243800
2020-07-22,256.0257873535156,256.9535433200769,253.72577361074173,255.61991992355135,29865500
2020-07-23,249.33840942382812,256.32539350200807,247.92745813276528,255.61994734837268,51363500
2020-07-24,246.9707489013672,248.2946991412925,242.8732627003901,245.50183124176013,54054500
2020-07-27,251.37744140625,251.76399162985376,247.83080550252362,248.61357929018604,36445700
2020-07-28,248.17869567871094,251.11653050875375,247.88879037951583,250.59467147831046,31302400
2020-07-29,251.03921508789062,251.89931667086722,249.24174316088272,249.71526500343768,27556900
2020-07-30,252.3535614013672,252.91405492696524,247.92747630088294,249.07748337992373,41774500
2020-07-31,256.85693359375,257.01155960937103,252.08296226957665,256.97289573249157,53686300
2020-08-03,260.3262939453125,261.0704040599255,258.8670347613304,258.9926702529182,32081600
2020-08-04,261.2926025390625,261.38924746318963,259.07956059167935,259.82367047286675,24911300
2020-08-05,261.9400634765625,262.39426807028883,260.8867016510886,261.7757936507683,21612100
2020-08-06,265.40948486328125,265.7380540741825,261.10903560421986,261.74685683428555,28048200
2020-08-07,262.34600830078125,265.64140316954297,260.2006203903107,264.86827313898436,44969400
2020-08-10,261.2250061035156,262.8388911680453,257.70736012153776,262.6359279347779,35088400
2020-08-11,256.277099609375,261.3506497453629,255.73592328755478,260.0653338621166,43104300
2020-08-12,262.722900390625,263.6699736732556,258.3838165950634,258.4321538139539,38773400
2020-08-13,263.3221130371094,265.5931072822826,262.3847130048665,263.49605626159166,31895700
2020-08-14,263.0128479003906,264.2111627097795,261.62124318992045,263.9405745434047,30799500
2020-08-17,266.0666198730469,266.569132278823,263.0514864545993,264.72332302121924,24803000
2020-08-18,268.6275329589844,269.10105480398965,265.6703807791961,267.1296396787266,23529500
2020-08-19,266.82037353515625,269.64221675710843,266.3081878446853,268.58885484621123,31999400
2020-08-20,270.52166748046875,271.0048626981277,265.6220608953523,266.0279578546199,27723400
2020-08-21,272.3965148925781,272.8507196562372,270.0675099973816,270.71500467864485,34748900
2020-08-24,274.0972900390625,276.38763036922364,271.8165935575746,275.6628376322414,36418500
2020-08-25,276.2524108886719,276.4457008111197,272.87971703283785,273.3242484641861,34866600
2020-08-26,282.1473083496094,282.39857926912845,276.2233309949189,277.49897328985776,42216700
2020-08-27,281.2679443359375,283.97385544173255,279.00659409605953,283.12342707967974,49482700
2020-08-28,282.6981506347656,283.3262984255112,281.15192027085186,282.5048607798172,28021000
2020-08-31,284.9692077636719,286.7763531049731,282.78515600775756,283.2200434874042,36321000
2020-09-01,289.83984375,289.9558058881011,285.8486463762724,287.6171279661076,36216200
2020-09-02,292.5843811035156,293.2995005967237,286.9116738996399,293.086893518757,50836800
2020-09-03,277.7502136230469,288.58343961270634,274.85104299484306,288.0809273208976,110083300
2020-09-04,274.0489807128906,279.2191753278148,262.6649028120239,275.9624443503017,123959000
2020-09-08,260.87713623046875,268.86917532283803,260.59687471811304,263.07083212371873,99568600
2020-09-09,268.5405578613281,270.63760842633246,263.82456818747903,266.3758528930931,64837900
2020-09-10,263.1867370605469,272.71536098233287,261.46656346506194,271.4976997377912,69667500
2020-09-11,261.3602600097656,265.9699309751441,257.92955686018064,264.9358863094109,71809000
2020-09-14,265.9119567871094,267.90271843303157,263.7858863439443,265.1388268569169,38525200
2020-09-15,269.6809387207031,271.02423571240985,265.88303101898157,269.6519481845029,41849900
2020-09-16,265.3804626464844,270.93720763616034,265.03257624671886,270.47335910313967,42321000
2020-09-17,261.2347106933594,265.177571313958,257.7170347987162,258.55778989114464,81570800
2020-09-18,257.900634765625,262.94519448731836,253.8031483757999,262.6552891264905,86251100
2020-09-21,258.5191345214844,258.65441385696874,251.36782116077168,253.64851809798813,57168600
2020-09-22,263.3221130371094,263.9019237853836,257.5817506939973,260.9157804641727,41128900
2020-09-23,255.2816925048828,263.18675892675503,254.40227369874867,263.00314239075476,48837300
2020-09-24,256.4703063964844,259.6690555624947,252.44044633221165,252.60474564076068,70631700
2020-09-25,262.4329528808594,263.24471721044983,255.41694972183095,256.9728534724651,55242400
2020-09-28,267.8834228515625,267.8834228515625,262.53928527534697,267.28423604787406,58438300
2020-09-29,266.6755065917969,268.3763340489518,266.11498350999346,267.32297179951615,27050000
2020-09-30,268.5018615722656,271.6426298619708,266.59807161390717,266.86865970226773,49380800
2020-10-01,272.76373291015625,273.3725636757455,270.4347281441541,272.3192015146066,50020200
2020-10-02,265.0905456542969,272.75401437277986,264.2497907332789,266.74306496429404,75497400
2020-10-05,270.74395751953125,271.06285339808517,266.94605005181484,267.05233884736725,28184600
2020-10-06,265.9119567871094,271.7392890791808,265.03253808070434,270.0577794053356,49704200
2020-10-07,270.5119934082031,271.3044110627918,267.9607087878912,268.5502222233586,27539700
2020-10-08,271.951904296875,272.97627567976207,270.88886904334345,272.9086212791073,25443300
2020-10-09,276.1073303222656,276.1846580521934,273.2081597796176,273.59470995359305,30201100
2020-10-12,284.6309814453125,287.4624984194463,279.74104806948463,280.784736791468,79370700
2020-10-13,284.62127685546875,287.06624327495626,283.2586629153269,286.42845159325793,64240000
2020-10-14,282.2439880371094,286.389811260261,280.50449705117353,285.423420825431,36949100
2020-10-15,280.3498229980469,280.9393069061614,276.90947599898783,277.5472971156975,42514200
2020-10-16,278.8133239746094,283.4133225579384,278.4654080695763,281.99272738717144,40570700
2020-10-19,274.2615966796875,281.6834977161468,273.28556238406674,280.7267511204607,36756800
2020-10-20,274.85113525390625,277.95324060963674,273.4402133323062,274.99608793559486,32195400
2020-10-21,274.6385192871094,277.6633262788834,274.1553240358202,275.1023973454302,29306100
2020-10-22,274.6287536621094,276.36827367736413,271.38169682065427,275.46950839813303,32196200
2020-10-23,275.16998291015625,275.33428224853037,272.309475689384,275.1989734414113,24658500
2020-10-26,271.0435485839844,275.71120178918295,267.4582480355334,272.8893580043621,38421100
2020-10-27,273.15985107421875,273.9812886233602,270.78253949561895,272.0388349294439,30559100
2020-10-28,262.5103454589844,269.27507936827647,262.2590744763743,268.6662485977363,53413500
2020-10-29,267.1007385253906,270.0965260883668,263.3607817600461,263.8246599110409,43246300
2020-10-30,260.3262939453125,265.9893284745817,258.093934109574,265.1195828683809,65838300
2020-11-02,260.9061279296875,264.3271291982488,257.9972829744233,262.71327351609733,39987400
2020-11-03,265.4190979003906,267.5161778902707,261.73715310709935,262.81950555662746,43604100
2020-11-04,277.2671203613281,279.0645926549374,272.3965036591907,274.05869660957654,75728200
2020-11-05,284.4956359863281,285.4620262231915,282.1859491641176,283.664525046843,52054200
2020-11-06,284.708251953125,285.4330447285974,280.08890717712325,283.8385065209368,40959800
2020-11-09,278.890625,289.0860622560611,278.4364202948612,287.64612038680576,86537100
2020-11-10,273.8944396972656,277.0255358366532,271.18852829378295,275.58562326497946,69024900
2020-11-11,280.0213623046875,280.49488428260526,273.85578528030527,276.4167145872613,36102900
2020-11-12,278.7069396972656,282.2536048593282,277.5955968181297,280.9876360025549,34414600
2020-11-13,281.1520080566406,281.7705121920819,278.1948552023256,280.41757126067967,24806900
2020-11-16,283.3456726074219,283.6452512673449,280.24353823818916,280.85236889928893,30168400
2020-11-17,282.4469299316406,283.8675250915629,281.80910868719633,283.53895587325457,21843500
2020-11-18,280.3594970703125,283.5099391249952,280.27252547573397,281.8960837168814,28069600
2020-11-19,282.55328369140625,282.8625357563672,279.14192610928717,279.808737971653,22718400
2020-11-20,280.62042236328125,283.2200146512224,280.5334507745859,282.4758752392317,25907300
2020-11-23,280.6301574707031,282.9108249435132,278.3881243845555,281.6158651847637,26875600
2020-11-24,284.57293701171875,285.06580547474357,279.8956117585864,281.6930834606231,24516800
2020-11-25,286.3221740722656,286.9599953366419,284.6889717798242,285.63604508000066,23326800
2020-11-27,288.96038818359375,290.0814045293684,287.8876795585941,288.28390314138545,17163100
2020-11-30,289.5498046875,289.8880471298068,284.87248001904345,289.2792166320318,27836200
2020-12-01,293.2608337402344,294.88439208815726,290.7192221723429,291.82092142657996,27521300
2020-12-02,293.6377258300781,293.97596836487656,290.2553594658821,292.09149530806684,23620000
2020-12-03,294.0533447265625,295.5995756592862,293.3285517417141,293.94705591156435,22828700
2020-12-04,295.2516174316406,295.3965996013808,293.4251547070318,294.1016103675952,19332100
2020-12-07,296.9234924316406,297.2907255543282,295.251626185894,295.4352427472378,20851000
2020-12-08,297.92852783203125,298.2281065199663,294.7007871841629,296.44995158477576,18341500
2020-12-09,291.18310546875,297.9961463758119,290.1200700704839,297.7159143781888,48839300
2020-12-10,292.3524475097656,293.4734640443875,288.07134461326757,289.15369726962035,27519500
2020-12-11,291.7049560546875,291.83059152880014,288.43855169534044,290.6999017536818,26760400
2020-12-14,293.82135009765625,295.7637747777363,292.8259691496675,292.8935940648919,28804800
2020-12-15,296.9621276855469,296.9621276855469,293.8889836609134,296.07303550095884,25709000
2020-12-16,298.5953063964844,299.3780802348846,296.31460979317626,297.35832790563893,25461900
2020-12-17,300.54742431640625,300.77934858265223,298.9915498771804,300.18986457531184,23730500
2020-12-18,299.63909912109375,301.49458224796183,297.2714301011267,301.1853301448332,41173400
2020-12-21,299.0785217285156,299.6109881565229,293.92799778395926,296.6968704821686,37095500
2020-12-22,299.89166259765625,300.8113797312623,297.074365952245,299.9787918285022,26176300
2020-12-23,298.3813781738281,300.2982804373687,298.2264719073709,299.9400726222767,21201300
2020-12-24,299.69805908203125,300.14339616488587,298.56534939699964,298.6427877632281,16785000
2020-12-28,302.7186584472656,303.19306815724786,300.47256173105023,302.30236444379983,22497700
2020-12-29,302.9897766113281,304.66467326455717,302.0894114503533,304.0450480707538,25871900
2020-12-30,302.99945068359375,304.4710161192308,302.37982552415474,304.1515422088258,18138100
2020-12-31,303.7449035644531,304.22897463129027,301.8280010488041,302.902624635413,21611400
2021-01-04,299.4560546875,305.24555554776396,295.4576227654511,305.0712675012697,45305900
2021-01-05,301.9247131347656,302.1958212252537,298.4684690705339,298.4684690705339,29323400
2021-01-06,297.74237060546875,301.9441029399915,296.2320715928881,297.2195657025458,52809600
2021-01-07,304.9454650878906,305.77805326445394,300.36614148071965,300.39518456721936,30394800
2021-01-08,308.8664245605469,309.2149711383358,305.04225080878547,307.23026177468654,33955800
2021-01-11,304.40325927734375,307.08500232140716,303.7545910550558,305.9135586254156,32746400
2021-01-12,303.91912841796875,305.52621802584207,301.2857811800355,304.44190378881314,29266800
2021-01-13,305.97161865234375,306.7654726708281,303.5803066312761,304.1805499689339,22898400
2021-01-14,304.33544921875,307.4141337446142,303.861039539168,306.41694864804754,23500100
2021-01-15,301.9247131347656,305.0808651245545,300.68549270763583,304.1224141158977,35118700
2021-01-19,306.3298034667969,306.8332266535464,303.1446081211837,304.2386132716597,24537000
2021-01-20,313.4552917480469,314.39439057112713,306.4266016578569,309.94096147562493,30728100
2021-01-21,315.9627990722656,316.70828729801116,313.41661050986386,314.7913555615418,25130600
2021-01-22,315.0528564453125,316.05970308852847,314.3654541916279,314.9269932285715,21609400
2021-01-25,317.6571044921875,319.7967199017761,311.1705698585587,318.43163593412686,39080600
2021-01-26,318.121826171875,319.25456548964087,316.79547615092645,318.3735525859016,25498100
2021-01-27,309.2535705566406,315.8756578326906,307.24950966451644,315.8659965041969,55264000
2021-01-28,311.0834045410156,316.02093480896673,309.83449304813007,310.4541181298361,42836300
2021-01-29,304.5387878417969,310.50254694314407,302.79614381568024,309.39885072667784,55259000
2021-02-01,312.14837646484375,313.2326908464539,305.9522436350412,307.97565699810855,35646000
2021-02-02,317.2408752441406,318.39296699369066,314.9463826229667,315.11097982091366,33930800
2021-02-03,315.98223876953125,319.6805488631782,315.92415260432034,319.3126501199401,24824500
2021-02-04,319.71923828125,319.8063675249799,316.0596623178328,317.3763509400177,22350900
2021-02-05,320.8035888671875,321.8104650393647,319.0319016209477,320.66806432122735,22732000
2021-02-08,322.9528503417969,323.1077566336111,320.85199838952866,322.48816101170837,20462800
2021-02-09,322.8850402832031,324.1436130354733,322.01368886741005,322.02337974169393,17597500
2021-02-10,322.1492919921875,324.7729488774115,319.00283008692946,324.31792089699087,28068700
2021-02-11,323.92095947265625,324.32759214036884,321.5393382627716,323.6789239561336,22046100
2021-02-12,325.7314453125,325.89601293620257,322.03313512769773,323.07871567261896,20346800
2021-02-16,324.85040283203125,327.415973443144,323.68862051418506,326.5252697267484,27080800
2021-02-17,323.2917175292969,324.9666141704549,319.6515229506811,321.87823819098367,31360300
2021-02-18,321.8781433105469,323.2335360809982,317.89906468065965,319.7095148778247,32236200
2021-02-19,320.4744567871094,323.3498406293298,319.45791917985673,323.2239774017853,39157700
2021-02-22,312.167724609375,317.35695180968463,311.96442305180517,316.0983789642612,47256900
2021-02-23,311.23828125,312.90348656723603,301.0921430908701,306.90099472606374,97241900
2021-02-24,313.8038330078125,314.11364550100245,305.8941008302091,308.5855340809376,58206300
2021-02-25,302.8638916015625,313.70709534994387,301.32454914976546,311.15121547282814,110182600
2021-02-26,304.13214111328125,308.9437784747402,300.9759887486125,305.7876556554205,104739800
2021-03-01,313.2810363769531,313.6198919537279,307.8110405073471,309.0986562446758,49164500
2021-03-02,308.2564392089844,313.9975147800033,308.0047423534335,313.9200764118382,48370000
2021-03-03,299.31085205078125,308.10157040167365,299.25276588125433,307.16247126718065,86301100
2021-03-04,294.4119873046875,302.0990371273131,290.5490806444042,298.9428847614246,139131600
2021-03-05,298.8460693359375,299.7464343167037,287.97385344428346,297.0259576251309,121523700
2021-03-08,290.38458251953125,300.1821771494048,289.96828845196154,298.30397886158335,88409800
2021-03-09,301.837646484375,303.7352262391033,297.14218101960296,297.6746473469426,80391100
2021-03-10,300.97601318359375,306.38792384064425,300.2886405826303,306.08780216084256,76798100
2021-03-11,307.9079895019531,309.66998605715617,304.81961315982704,305.7102875423941,53484800
2021-03-12,305.41015625,308.09192928230254,301.469839613597,303.8611226884961,69315600
2021-03-15,308.67266845703125,308.83726557970624,304.0933761867674,305.72953835863865,42955700
2021-03-16,310.36700439453125,313.8717038740802,308.93417288948405,310.8607663565972,54925900
2021-03-17,311.64495849609375,313.53284754502164,305.62311301915645,307.3367435684353,78258700
2021-03-18,302.0989990234375,307.7529440294136,301.6439711602596,306.77511128090794,82718100
2021-03-19,303.1640319824219,304.70337437905994,299.7948868313532,301.93447260393606,78446200
2021-03-22,308.84930419921875,310.9140559529081,305.5534698013982,305.5534698013982,56194800
2021-03-23,307.5019226074219,311.25335988892084,306.68765967352556,309.9350378767081,53455400
2021-03-24,302.3158264160156,308.9075254809563,302.17042759765224,308.8687426018364,64803700
2021-03-25,301.7922668457031,303.30450283245915,297.9729975511133,300.4739451939925,78729000
2021-03-26,306.31927490234375,306.63915226798906,300.1832087727299,301.5790668600298,63519600
2021-03-29,306.2320251464844,307.2789260718177,302.89740800258596,305.7861256396447,54608000
2021-03-30,304.6907653808594,305.2626870898659,301.9959322932917,304.2739455970751,44635700
2021-03-31,309.3534240722656,310.91408735554086,306.1351255168878,306.47440914710774,55032500
2021-04-01,314.62677001953125,314.76246572139036,312.9206783435734,313.17272268188594,55685600
2021-04-05,320.9082336425781,321.6740401855826,316.86599863468905,317.1083398561629,42172500
2021-04-06,320.6852722167969,322.6336753606198,319.90976262240673,320.5980329341779,33537200
2021-04-07,321.4607238769531,322.29439291956294,319.27965325584194,320.2102351043702,32046400
2021-04-08,324.8147277832031,324.9989094525258,323.51578256664493,324.3106687623888,29940800
2021-04-09,326.7825927734375,326.98618070540704,322.72098098970895,323.4576782099701,36664900
2021-04-12,326.3560485839844,326.7728683332673,324.47547857249293,325.74534404855524,25833000
2021-04-13,330.1656799316406,330.6309561353368,327.6647020061011,327.8779634603512,30374000
2021-04-14,326.200927734375,330.53398916747386,325.38666492862893,330.40796702206137,42564300
2021-04-15,331.1446838378906,331.53245341080236,325.91982312701936,329.0702586196048,36342800
2021-04-16,331.532470703125,331.7457321462839,329.6615741225037,331.66816639458983,40860100
2021-04-19,328.4983825683594,331.1156500529259,326.57902941354195,329.96213303614445,34533100
2021-04-20,326.10406494140625,329.1187757229305,324.1362552848905,327.8392364774025,38081800
2021-04-21,328.8957824707031,329.07996414438594,323.7387547729154,324.8244385866254,36598100
2021-04-22,324.93115234375,329.4871499891358,323.77760565372427,328.50811147791865,45936100
2021-04-23,329.02191162109375,330.3305308254871,325.56127115250854,325.56127115250854,36381900
2021-04-26,331.16412353515625,331.4452476291295,328.5177468041697,329.264176683064,30812000
2021-04-27,329.72943115234375,331.6681607543951,328.7794725802449,331.4548993148628,33187200
2021-04-28,328.6145935058594,330.40792390022557,327.9651062191384,329.3997764511633,33615700
2021-04-29,329.79736328125,332.2983119785086,326.5790643638636,331.88149212607755,37708900
2021-04-30,327.6355895996094,329.8360665634626,326.7243843479342,327.35449511543897,38263400
2021-05-03,325.8907470703125,329.5840245077419,325.4448475555954,328.8376242784692,29729700
2021-05-04,320.0261535644531,323.66127206756664,316.21652689036085,323.34136507299735,65147000
2021-05-05,318.95013427734375,322.9342394294813,318.17465418454293,322.0714904622713,46219300
2021-05-06,321.3541564941406,321.5092584227656,316.4491726342146,318.6884031101518,46814300
2021-05-07,323.9617614746094,326.33668773045906,321.52864610869307,324.126536941346,53324500
2021-05-10,315.7802429199219,322.75965076237094,315.57665504063726,322.5851722224087,60700500
2021-05-11,315.3440246582031,316.1389108031387,309.2467124803538,309.905902951794,71963600
2021-05-12,307.1820068359375,312.73644786644485,306.3192580171597,310.4196815194903,91164900
2021-05-13,309.5569763183594,312.52323047581723,307.19172365150604,310.1192245133992,69877800
2021-05-14,316.3909912109375,317.30216690670983,312.2130017076869,312.7170903364963,44370000
2021-05-17,314.4716491699219,316.3715959603401,311.60233754605224,314.6849106165879,39395000
2021-05-18,312.3487548828125,316.64303422977486,312.07733389792406,315.4216545891111,36528500
2021-05-19,312.7073059082031,313.00780655139243,306.609994619722,306.9589812398937,66319100
2021-05-20,318.7562255859375,319.6092713737214,313.96759051845436,314.190525497534,46466100
2021-05-21,316.991943359375,320.7239735921718,316.6332831724443,320.3071538929097,50330400
2021-05-24,322.32354736328125,323.4480142495234,316.8853946382542,319.2797272359701,32475800
2021-05-25,322.7694091796875,324.5530369200139,321.59648601653095,323.8357164110421,31280300
2021-05-26,323.8939208984375,324.3591971493166,322.75007733813146,323.43831818100426,25444900
2021-05-27,322.6822204589844,324.2913698816061,322.4786620955859,323.4480270791408,27931700
2021-05-28,323.7000732421875,325.28984616903244,323.38019578297695,323.88425497353353,29927400
2021-06-01,322.62396240234375,325.50297670760335,321.27653128700416,325.0279678945049,31145400
2021-06-02,323.254150390625,324.0974932143302,321.5383849762825,323.040888905565,22047900
2021-06-03,319.890380859375,321.69338516999375,318.2230722364377,320.42351966107435,37057800
2021-06-04,325.31884765625,325.76474720147104,321.61586685126764,321.68372949020727,38736500
2021-06-07,326.2881774902344,326.3463370080372,324.0974037107796,324.7856443932228,32611900
2021-06-08,326.44329833984375,328.89579009171257,324.7662865921182,328.0330412231372,27282800
2021-06-09,326.5208435058594,328.5855953125596,326.3366618228329,327.81011528704465,21485300
2021-06-10,329.92333984375,330.0299557799059,326.4142437430809,326.8601433007051,33702100
2021-06-11,330.7861022949219,330.7958054113523,329.28359838179995,329.933056363857,21222800
2021-06-14,333.9558410644531,333.9655145952076,330.0298962939506,331.2125224070112,27827700
2021-06-15,331.77484130859375,333.91712946198913,331.05749116385306,333.60692559305636,35963800
2021-06-16,330.5631408691406,333.3064305766439,327.11220412020464,332.2401232480019,55399500
2021-06-17,334.76043701171875,335.76858468846024,329.5064963536992,329.5549527607095,59722700
2021-06-18,332.1334533691406,334.24666145193623,331.38702356897403,333.1028181318173,55414900
2021-06-21,334.1977233886719,334.5180014836792,330.1119712118141,332.3246859109161,32992600
2021-06-22,337.31298828125,337.75940508657436,333.69305236731316,333.99390169448657,28941600
2021-06-23,337.47796630859375,338.62316628177916,336.643359660952,337.2547727068681,27188500
2021-06-24,339.5645446777344,341.0881905012289,338.86579113679346,339.4092628223047,32581600
2021-06-25,339.1472473144531,340.3700735436353,338.54554857215356,340.12745117225717,28682800
2021-06-28,343.27178955078125,343.4076722798349,340.3700357884095,340.42826278172237,39130300
2021-06-29,344.51397705078125,344.5430905442502,342.26246444955655,343.09707100698824,29426000
2021-06-30,343.9705810546875,344.74699041286766,343.3882814402995,344.35877092528324,32724000
2021-07-01,344.1064453125,344.6110891554649,342.27220606826614,343.62120059607673,29290000
2021-07-02,348.0562744140625,348.3765228310219,345.7659044123315,345.9988123519383,32727200
2021-07-06,349.560546875,349.84199706760444,345.9697245818565,348.65799892493936,38842400
2021-07-07,350.29815673828125,352.05474016267107,348.34746358933484,351.7538908214984,35265200
2021-07-08,348.1824951171875,349.03653058613884,343.9608896329204,345.24191321935933,50890000
2021-07-09,350.3563537597656,350.83188404216685,347.01786817849813,347.60016768536724,35184500
2021-07-12,351.7247619628906,352.1808931403898,350.18165783912826,351.753875458604,25717700
2021-07-13,351.7247619628906,354.68474262269365,350.8707265993189,351.3462569016323,39723000
2021-07-14,352.3555603027344,354.7041278435109,351.5306384672121,354.06360134594,35336400
2021-07-15,349.8807678222656,352.47198710735233,347.8815623704829,352.2681926610586,53391600
2021-07-16,347.0469665527344,351.7150175408342,346.697575017042,350.7348139072601,47262000
2021-07-19,344.2034912109375,344.69842066924264,341.65109933033574,343.6017628999815,64404600
2021-07-20,348.2018737792969,349.6478933984783,343.3591119000733,345.13512395324045,42183700
2021-07-21,350.8901062011719,350.8901062011719,347.5516206658584,347.7748438652309,30259900
2021-07-22,353.2095947265625,353.2192794800728,351.09390553080846,351.09390553080846,30252200
2021-07-23,357.334228515625,357.61564913282234,353.18053484060164,354.52949977971826,31960800
2021-07-26,357.61553955078125,358.00375890669227,355.78133044710984,356.645050394961,28438100
2021-07-27,353.6753845214844,357.3535470119616,349.53140615344574,357.3535470119616,57933100
2021-07-28,355.0340270996094,356.6062443760131,352.5204637948886,354.8108335535045,42066200
2021-07-29,355.6649169921875,356.82948634161215,354.47120453246976,354.47120453246976,25672500
2021-07-30,353.81134033203125,354.39363991627397,351.71507959894967,351.74419309731246,36484600
2021-08-02,353.8403625488281,356.0530767045384,353.1318947821172,355.4707772705137,27334100
2021-08-03,355.9852600097656,356.10171401395365,351.31720776762677,354.50041222238866,35558500
2021-08-04,356.49957275390625,357.45066302831987,354.84004417214123,355.9463866876559,29602200
2021-08-05,358.7607421875,358.99365010936197,356.60625505934047,357.31469319399685,21443900
2021-08-06,357.1885986328125,358.46965170158194,356.0822561585007,357.49916233742056,33332100
2021-08-09,357.8485412597656,358.3725841736592,356.5480891117972,357.64471717626753,25960200
2021-08-10,356.01434326171875,358.6540757279893,354.83034495809034,358.36294074225583,35130800
2021-08-11,355.4029235839844,357.77092014732835,354.0733578121451,357.27599068075955,34249800
2021-08-12,356.6839904785156,357.04306684042984,353.5492988568263,354.89829342400446,25969200
2021-08-13,357.935791015625,358.26575375009867,356.5382843655151,357.0332432757138,19336200
2021-08-16,358.0911865234375,358.1299847748878,352.9670037183403,356.8198477892723,34856900
2021-08-17,354.93707275390625,356.3151510147856,352.5108494327965,355.34466168634174,44793900
2021-08-18,351.5209045410156,355.80076570692756,351.19094174855974,354.4032588112428,38541900
2021-08-19,353.2192077636719,354.88845021557,349.3372513282787,349.5895879740119,48499400
2021-08-20,356.8780212402344,357.2759253852955,353.9762382539555,354.28680192087853,39486000
2021-08-23,362.2156982421875,362.9047372880228,357.9067237836199,357.91640853616616,34034700
2021-08-24,363.3221130371094,363.9238117282097,362.341909262712,362.80775483823464,21732900
2021-08-25,363.73944091796875,364.31205576728763,362.8271784482925,363.5744742938503,20441900
2021-08-26,361.4296875,363.56474648140744,360.9929554085598,362.88542164881795,29133300
2021-08-27,364.94281005859375,365.4474538399385,361.5752109531415,362.0604556103134,27104700
2021-08-30,369.0382080078125,369.5234525753852,365.7094077653606,365.7288365029294,27295700
2021-08-31,368.7374267578125,369.3488101474605,367.19432268536974,369.28089840437747,29628200
2021-09-01,369.3487854003906,371.4159322397432,369.14499095082925,369.79523177921465,28138300
2021-09-02,369.1741027832031,371.0277407947319,367.96099122725343,370.6977780055514,25453400
2021-09-03,370.3095703125,370.7074744376355,368.00951565243156,368.02891477427477,24605400
2021-09-07,370.8336181640625,371.4838589668425,369.26143038110774,370.41631491144716,23970200
2021-09-08,369.5429992675781,370.65905629528083,367.28177171117153,370.65905629528083,32949200
2021-09-09,368.2716064453125,370.8725108772747,368.0289841001596,369.76616838421006,29399000
2021-09-10,365.4765930175781,370.69783063437353,365.146630181552,369.9796779687276,40249400
2021-09-13,365.2242736816406,368.232796834094,363.1765552031788,367.80577911609487,48741800
2021-09-14,364.18585205078125,367.4369677608617,363.2347618019217,366.7091007301896,41826600
2021-09-15,366.89349365234375,367.24288522558624,362.3516105190871,364.64198082794206,34097900
2021-09-16,367.1458740234375,367.7184592644922,363.6424212052076,365.5639714270887,35193100
2021-09-17,362.79803466796875,366.718820085904,361.7596335323379,366.6703074633272,60912300
2021-09-20,355.3014221191406,358.75046688054283,350.66703692248456,357.0113567892473,76203200
2021-09-21,355.73858642578125,358.32295337490024,354.6115672536215,357.12791752385976,41927500
2021-09-22,359.0613098144531,360.5186574185545,355.55394449601306,356.6518177684062,46972900
2021-09-23,362.3744201660156,363.40427696626887,359.5763074823771,360.2175441098625,44652000
2021-09-24,362.7144470214844,363.13224261893384,359.74145968515217,360.1106592295025,36056800
2021-09-27,359.8192138671875,360.69361670499325,357.2737175316514,359.6734850025232,43338100
2021-09-28,349.6371765136719,359.77059480277074,349.1319732652067,355.2722726687899,97701600
2021-09-29,349.06390380859375,353.03760146256184,348.44211756985976,350.9001760577603,58076600
2021-09-30,347.781494140625,352.36728337983305,346.945962244198,350.7059150777573,61384600
2021-10-01,349.9383850097656,350.97796700376824,344.3033180915017,348.40332487128245,56375500
2021-10-04,342.5933837890625,348.6559423473053,340.35879524735253,348.32561367199827,76766000
2021-10-05,347.2179870605469,349.4623003725709,343.4288885889361,343.6523296162224,47232900
2021-10-06,349.44287109375,349.71490816575323,343.10824696739064,344.0117954940638,56806500
2021-10-07,352.64910888671875,355.2917680690915,351.949580584037,352.4839297160224,39411200
2021-10-08,350.8905029296875,353.96065262238324,350.3561242619187,353.7274568047057,41822300
2021-10-11,348.19927978515625,352.8725062066949,348.11181282191984,349.35541514023294,34847200
2021-10-12,346.9848327636719,350.0840986793097,346.3435961311823,349.64691210021607,43905100
2021-10-13,349.7635192871094,350.4339017377287,347.266589269575,349.2874617626891,40120800
2021-10-14,356.2049560546875,356.41870158590115,352.687894754568,353.3485519783858,43433900
2021-10-15,358.4493103027344,358.56589339676304,356.3895965753738,357.41945343905405,40419900
2021-10-18,362.0538024902344,362.2675480418583,356.5547393437458,357.15710508473506,34513500
2021-10-19,364.7936096191406,364.8421760222479,362.10238452095024,363.1225161847525,29091000
2021-10-20,364.3175964355469,365.8623818299415,362.84079808380676,365.2502908972937,31390300
2021-10-21,366.5423889160156,366.73671381413243,363.2196525668617,363.52083540407114,25469300
2021-10-22,363.4626159667969,366.25100387400335,361.8012474626446,365.28916363209765,36275800
2021-10-25,367.1836242675781,368.0968979159917,362.9378891413452,364.8810195167244,32597800
2021-10-26,368.3398132324219,371.8277289256972,367.16422758060594,369.41826607898804,47191300
2021-10-27,369.1948547363281,372.2552798390462,368.5244722333737,368.78678421938156,45760500
2021-10-28,373.2948303222656,373.54744679468445,370.32184280003185,371.0893877086592,38007000
2021-10-29,375.1310119628906,375.2961910870078,369.87487050736155,370.2246197351638,37310100
2021-11-01,376.4135437011719,376.53985193637055,373.4891522584772,375.5682866192368,30765300
2021-11-02,377.9875183105469,378.4636055326598,375.75292968366983,375.80149609519265,25135300
2021-11-03,382.0,382.41776592199056,377.43366132861297,378.47321356359595,33748900
2021-11-04,386.896728515625,387.8488731677204,382.719009655053,383.2630838420163,40265300
2021-11-05,387.2659606933594,389.5879864994472,385.8669041947823,388.6650171919364,43383800
2021-11-08,386.7412414550781,388.2568807963275,386.1000048645777,387.2367491954232,29256300
2021-11-09,384.0791320800781,388.20828385863103,382.7189468359295,387.80993859966344,50490700
2021-11-10,378.43438720703125,384.11802015749754,376.51067735237274,381.31021202374023,54937400
2021-11-11,379.4836730957031,381.5822576249606,379.143619323171,381.40738299331053,32243000
2021-11-12,383.4767761230469,384.011125095005,379.03671627670747,380.63006770296744,34730600
2021-11-15,383.3893737792969,384.9730299828314,380.95076500650976,384.65242647558927,33716900
2021-11-16,386.1194763183594,386.6149544360584,382.4663814751148,382.66067673603766,27872900
2021-11-17,386.3234558105469,388.3540234185503,385.36161579881247,386.4400388847189,28703300
2021-11-18,390.32635498046875,390.83155825697514,386.1486360963617,388.36380376999676,45721500
2021-11-19,392.5026550292969,393.77540319697215,391.1327444019126,391.9585808347099,45191700
2021-11-22,387.9459228515625,397.08835377151127,387.83906492515007,394.03765485183817,61715400
2021-11-23,386.1778259277344,388.84963077816195,381.7474900750113,386.789887223981,70098700
2021-11-24,387.42138671875,387.7031193065727,381.37824939479043,383.7002750331125,46954400
2021-11-26,380.0762634277344,386.2359823517096,378.6869028577266,384.8466217817018,51533300
2021-11-29,388.3249206542969,389.33535682537865,383.90431058676927,384.63298453085525,54447100
2021-11-30,382.6217956542969,389.78222608763474,380.61064867171586,387.44075051102556,81332700
2021-12-01,376.1123352050781,389.09246237572006,375.6460028605043,386.9550069636954,77766500
2021-12-02,378.82293701171875,380.6008880298681,373.4113124985763,374.82978918763297,84416600
2021-12-03,372.2358703613281,381.18397972788637,368.126137891757,380.18326851446955,105349100
2021-12-06,375.2185363769531,376.57872188749616,368.5147119860262,372.7216064023511,67588800
2021-12-07,386.517822265625,387.1299131676193,381.8154496254589,381.8543205406165,56005300
2021-12-08,388.24713134765625,388.45118137491477,384.9535409410944,386.8481048239432,39204000
2021-12-09,382.5344543457031,388.8204836488228,382.3401294064192,387.02308173482663,49973700
2021-12-10,386.6927795410156,386.9550915421731,382.1749764167518,385.34228931509506,52545800
2021-12-13,381.1062316894531,387.0036107993027,380.73703211440903,386.6830072813978,50166400
2021-12-14,377.1616516113281,378.99789456315466,372.7215911886639,376.28721914398113,75199200
2021-12-15,385.760009765625,386.11951385042335,372.96451072965965,376.909063672621,73858000
2021-12-16,375.8403625488281,387.1493982404767,374.2567061743267,386.72190708478956,82591400
2021-12-17,373.9651794433594,378.1234774774166,370.91445036309227,372.43008976290076,80492500
2021-12-20,370.3376159667969,371.1255866591313,367.2051786350103,369.2480777101217,65336800
2021-12-21,378.62591552734375,378.9372206550842,369.86095132660364,373.6062316713703,48899500
2021-12-22,383.23699951171875,383.4412804932483,377.67254707587614,378.3340481411925,37042200
2021-12-23,386.1263122558594,387.59522966719413,383.4219117710974,383.58727222666715,29595500
2021-12-27,392.5079040527344,392.5079040527344,387.3909333176653,387.42011631971087,32820700
2021-12-28,390.6886901855469,393.5779258347806,389.8131705286223,393.40282784093364,33113700
2021-12-29,390.6302795410156,392.0894886983413,388.2566302700842,390.8248526370669,32248500
2021-12-30,389.46295166015625,392.5953886793781,388.87926202726817,390.4162826957751,23850100
2021-12-31,387.0309143066406,390.15361358706275,386.5347736936786,388.79169097937756,34752900
2022-01-03,390.7568054199219,391.00974454371743,386.0873473183604,388.19832024519195,40575900
2022-01-04,385.6885070800781,391.34050919275626,382.59499023423507,391.30158862899646,58027200
2022-01-05,373.8397521972656,385.1243115425501,373.5868130518578,384.00556051490355,75739800
2022-01-06,373.57708740234375,376.81654920384796,369.7928861023535,372.02062097765435,70814300
2022-01-07,369.5301818847656,375.26976272752074,367.75969700528685,373.58679716364645,72652300
2022-01-10,369.77337646484375,370.288992287326,359.267080640251,364.6272526796805,91770500
2022-01-11,375.32806396484375,375.49342437997234,366.9619254037455,369.0437150608484,68295700
2022-01-12,376.8164978027344,379.58900148602123,374.5401347950634,377.8962984641454,54576400
2022-01-13,367.3900451660156,378.87888564260544,366.456159394104,378.19790933093844,77994000
2022-01-14,369.6760559082031,370.0068064199914,364.6660807383496,364.8703913946755,80121200
2022-01-18,360.4732971191406,365.9891209009165,359.71450953046275,363.86841067713556,75450900
2022-01-19,356.51397705078125,364.50070652430776,356.2513004133618,362.0297708089985,81791500
2022-01-20,351.8834533691406,363.7030425438633,351.3484218440726,359.73400638356384,88610700
2022-01-21,342.126220703125,352.3309484155579,341.84409858774796,349.6946518810321,143388900
2022-01-24,343.6924133300781,344.35394409860754,325.06318082244553,336.5033910595923,198685800
2022-01-25,335.7251281738281,341.48415385021434,332.38841008513276,337.24273313473367,124398400
2022-01-26,335.1998291015625,347.17507067851926,331.51288540493397,343.3130289963466,146559500
2022-01-27,331.82415771484375,341.717578860409,330.8026935247298,339.89843625241,95255700
2022-01-28,342.2331848144531,342.44720335065784,328.7598436579798,333.7016857380433,108167900
2022-01-31,353.1772766113281,353.7609662648605,341.96082238980597,343.5951593572345,94326400
2022-02-01,355.580078125,356.2318712803387,349.37360008983933,354.51972302915703,74433000
2022-02-02,358.4693298339844,360.0355631779779,354.3835618038252,359.70481264846654,78777100
2022-02-03,343.9356384277344,352.0877595673493,342.87528317586026,348.78022424897017,95384800
2022-02-04,348.2744445800781,351.57224298823786,342.3986853446905,344.45129269181075,86318300
2022-02-07,345.4726867675781,351.23168311671714,344.21775839813677,348.8677710648343,58198100
2022-02-08,349.3541564941406,350.44369468405654,343.2060142079704,344.33447295829444,64720900
2022-02-09,356.7572021484375,356.8350135761256,352.2725504590075,353.8679667596408,55766400
2022-02-10,348.6828308105469,356.5236444212502,346.8442429959073,349.74318573740874,112468500
2022-02-11,337.62213134765625,350.2783500326764,336.39638598494747,348.68293354866245,101569100
2022-02-14,338.0404052734375,341.43551898191356,334.53832682443243,337.0675991070054,80254400
2022-02-15,346.4454345703125,346.6788985298237,342.2526427338725,343.31299780023323,55128800
2022-02-16,346.35797119140625,347.3794059544113,341.17289687012845,344.1983399690961,58947100
2022-02-17,336.055908203125,343.84806555084964,335.63757898128034,343.14764391072606,61801400
2022-02-18,332.2230529785156,337.3789139342087,329.9175070476172,336.98979739395264,80001500
2022-02-22,328.8863220214844,334.6842686128457,325.2577737302446,329.2851761441837,85967100
2022-02-23,320.4618835449219,332.87487248653105,320.15057838528617,332.03827326866593,86215400
2022-02-24,331.23077392578125,331.76583514902126,309.6053110745808,310.1695256086582,130614100
2022-02-25,336.3672180175781,336.57152871228726,328.21512629807074,332.0285103049562,78842100
2022-02-28,337.3692321777344,339.06193542376275,332.03827235026506,333.1959142882069,77515500
2022-03-01,332.20361328125,338.6144032240385,329.68404853136684,336.3477776117557,67407000
2022-03-02,337.7777404785156,339.1104801061964,330.9875431074301,333.75030891184065,70609000
2022-03-03,332.95263671875,340.5210672491219,331.0945734414268,340.41404313685024,71089400
2022-03-04,328.1275634765625,332.028526362809,325.8123093471127,330.5984998691438,76936300
2022-03-07,316.0257568359375,329.27540007745154,315.8214758794869,328.11775851142414,89933800
2022-03-08,314.55694580078125,324.14880236266123,311.23967251525295,315.23789244743244,116153900
2022-03-09,325.8803405761719,327.2325554489857,320.1407899136627,322.7284579772235,64723400
2022-03-10,322.26153564453125,323.46783565663105,317.82554124569333,321.8237906176218,69362700
2022-03-11,315.578369140625,325.5399261987879,315.0919659731186,325.2286210465374,66228400
2022-03-14,309.51776123046875,317.70877279649835,308.81733958006123,314.3428716623377,79802600
2022-03-15,319.2264404296875,320.004703426197,310.5490232544153,312.1541480086506,76471000
2022-03-16,331.0654296875,331.1821616873152,319.4695661402415,323.1370646980165,105243000
2022-03-17,335.0733642578125,335.13173025381406,327.8746044366326,329.16842359825154,67810000
2022-03-18,341.93170166015625,342.22356138391706,332.26200396256377,333.4196459184512,85446300
2022-03-21,340.9810485839844,343.31869390140747,336.5980082004085,341.0979546293715,73799100
2022-03-22,347.6822204589844,348.5491026772083,341.09794028339115,341.47778831063994,63345900
2022-03-23,342.68548583984375,348.36397350473,342.62704769272557,344.8088475078949,70615500
2022-03-24,350.3022766113281,350.3509948884147,342.4517676660401,344.60431889958267,53555300
2022-03-25,350.0100402832031,351.29573893041794,345.7146582511813,350.2437928647377,57584200
2022-03-28,355.4255676269531,355.5229744553533,348.7633507609772,350.00033128092554,56833900
2022-03-29,361.5423583984375,362.16570862470064,356.5456880901624,359.3118697413128,68073000
2022-03-30,357.5489807128906,361.33789020751715,356.0684976489149,359.6820629229621,68757700
2022-03-31,353.1172180175781,358.04570099587806,352.2795548521229,357.69504231226585,67011400
2022-04-01,352.4450988769531,354.1593341944505,349.2698205991994,353.38013902507805,54527800
2022-04-04,359.7014465332031,359.7111961332405,353.01976027347615,353.28273195497076,45950200
2022-04-05,351.7145690917969,358.9611966423126,350.5749657641546,358.2501595469128,62738700
2022-04-06,344.07843017578125,347.5069311681913,341.44859397590363,346.4062962380528,90077100
2022-04-07,344.8965759277344,347.0880960702405,339.6271839292701,343.0849038199109,63777400
2022-04-08,340.07525634765625,343.9128544106506,339.4421564054095,343.1628781374533,61956100
2022-04-11,332.0299072265625,336.76357619913693,331.68899816767185,335.8480054578386,66107400
2022-04-12,330.62738037109375,338.65320534532646,329.2540240583753,336.77337503281564,72790200
2022-04-13,337.3479919433594,338.39990848748874,330.2474586662088,330.9682157478457,61367800
2022-04-14,329.6337890625,337.95183248717245,329.4195059388165,337.43560901526075,73519400
2022-04-18,329.8871154785156,332.17604260732804,327.0624952815199,328.58194696609405,58560600
2022-04-19,337.2602844238281,337.8349460281546,328.221484275128,329.2441815884501,56515700
2022-04-20,332.3415222167969,338.5264838163348,331.1240112611551,338.068698508038,65500000
2022-04-21,325.4649963378906,338.8283966928681,324.5397059212321,336.2180605493968,75801000
2022-04-22,316.94256591796875,326.8385022756974,316.5139995215175,325.6209908595064,82562100
2022-04-25,321.0137939453125,321.3254838822718,314.04963725828924,315.31586648054065,101755900
2022-04-26,308.8971862792969,319.14374885707394,308.6244352611816,318.95868479443385,105819600
2022-04-27,308.52703857421875,314.48796770473507,306.8127735656662,308.99454377699504,111204200
2022-04-28,319.48468017578125,321.3158217288803,309.2673062384134,313.48478157123293,99450000
2022-04-29,305.1083068847656,318.72496285370096,304.47520700530265,315.28671241202,91977900
2022-05-02,310.2023620605469,310.436114682396,301.6018469141752,304.69918805124564,115511800
2022-05-03,310.53350830078125,312.8224350402843,307.7673267371829,310.22181833531886,78185500
2022-05-04,321.0333251953125,321.7053936845587,305.73165437547124,311.01076573447637,116083400
2022-05-05,304.8647766113281,316.79638528062134,301.57262187157147,316.71847764967674,154607400
2022-05-06,301.21221923828125,306.90042702253174,297.17980856751376,302.8680460761537,139572800
2022-05-09,289.4267578125,301.30967906735975,288.0339321273305,295.59225120251307,113387300
2022-05-10,292.9429016113281,297.8129457012923,288.8618022859869,296.5954346788012,124124600
2022-05-11,284.25469970703125,296.18630646109506,283.38784740770296,290.6831631683839,140326100
2022-05-12,283.5826721191406,288.0631187959251,277.53408545389686,279.9788571911552,120910900
2022-05-13,294.0921325683594,295.12457921339967,286.4364102053535,288.03379843315525,83684900
2022-05-16,290.68316650390625,294.4038869702922,289.40721745106714,292.3487131021855,59190400
2022-05-17,298.2123107910156,298.5921587961595,292.7383559367014,296.5370143344921,62715300
2022-05-18,283.57293701171875,294.3941605391823,282.3164573337348,293.70262261227504,79477100
2022-05-19,282.053466796875,286.738476663522,280.10544911695507,281.77102563484806,79920700
2022-05-20,281.1768798828125,286.1638006552641,272.9270233764225,285.51123134311183,91764200
2022-05-23,285.8520812988281,286.23192923158854,279.8229651243598,282.2190181810846,63648400
2022-05-24,279.7743225097656,281.35221225976335,274.9140273398157,280.6412047467661,73491100
2022-05-25,283.6897888183594,285.76443214434636,278.0794890888608,278.28402259688585,67144500
2022-05-26,291.5500183105469,293.0987183393502,282.60862535702614,282.8910962098479,59462200
2022-05-27,301.0661315917969,301.21222696962036,294.5597598213431,294.6766361236019,66985600
2022-05-31,300.2674255371094,303.23814042662764,296.42007896599904,301.03690079620924,60968300
2022-06-01,298.0467224121094,304.523875630762,295.8357329172192,302.40054336965414,65341700
2022-06-02,306.2088928222656,306.3842072732837,295.5142654443154,296.92659010109287,59291300
2022-06-03,298.2415466308594,302.4005540664085,296.9948163878671,300.997978827493,60914700
2022-06-06,299.2349853515625,304.23165526192764,297.6765653234213,302.67323523378644,51785000
2022-06-07,301.8161315917969,302.59535654257195,294.8227548582987,295.9136400649913,44900300
2022-06-08,299.6441345214844,303.6180780499389,298.7967217470481,301.01746101503045,38342100
2022-06-09,291.6182556152344,301.01743545544304,291.4526907496542,297.9590629986376,55900500
2022-06-10,281.33270263671875,287.20597460384334,280.8846669045221,286.01768266023385,85963500
2022-06-13,268.2518005371094,275.00167522673036,267.3946679306064,272.4789956879142,94442000
2022-06-14,268.7388610839844,271.41738617612276,266.23565050038457,270.4433770517088,64697500
2022-06-15,275.4496765136719,279.37493078532503,269.4205596688989,272.15755174098666,86051400
2022-06-16,264.3362731933594,268.88487782771375,262.28109908553523,268.4270924842186,81910300
2022-06-17,267.5505065917969,269.98552883699915,263.4791565316729,265.10573474580815,82703400
2022-06-21,274.3006591796875,276.6135225102179,271.9195365844866,272.026869215321,51633700
2022-06-22,273.9005126953125,278.30171542159985,271.2070718085702,271.8023448784973,67472900
2022-06-23,277.97979736328125,278.82880933870996,273.5492878730118,276.3793377182855,57457800
2022-06-24,287.5043640136719,287.92401558987484,280.56586254296246,280.80006451551657,58422300
2022-06-27,285.39642333984375,289.42678703662733,284.2643977545866,288.8607891347618,54151500
2022-06-28,276.70135498046875,288.5192616412146,276.5159351758475,285.9331824998259,61609800
2022-06-29,276.955078125,278.45794354155225,274.06647805469794,276.56473159358586,57302700
2022-06-30,273.5199279785156,277.09165604481103,269.12846343854136,273.9785932439517,79313600
2022-07-01,275.3253173828125,275.71566383513857,270.34831821646026,272.2220228817609,56675100
2022-07-05,280.038818359375,280.1559193205776,270.075081156703,271.5974532153894,61829300
2022-07-06,281.8344421386719,283.93261027210065,278.70187223129227,280.4194324508901,63194700
2022-07-07,287.86541748046875,288.56805306343966,282.64444764131935,282.64444764131935,56620100
2022-07-08,288.22650146484375,289.5927291083753,284.0985135096991,285.0353510679023,59895500
2022-07-11,282.06866455078125,286.0404777553998,281.19037756980873,285.81604417604984,55273900
2022-07-12,279.3362121582031,285.2305426707223,277.74552111118555,283.3178239465647,55797100
2022-07-13,278.7604675292969,281.10257652613404,273.2662514366693,273.8322792280034,73939400
2022-07-14,279.755859375,280.62437810279306,273.0515309298952,276.16459414754115,63741800
2022-07-15,284.8304138183594,284.9377762264799,281.13181608551673,282.74204373662945,63818100
2022-07-18,282.4200134277344,289.01697987225447,281.2489738562214,287.6117085612143,59519600
2022-07-19,291.10528564453125,291.3980678086759,284.44003162699636,286.0404609545284,55172600
2022-07-20,295.7212219238281,296.90202960971567,290.744222805503,291.52494548414666,67769400
2022-07-21,299.9663391113281,300.0248895951628,293.525517855766,296.1799156552056,55049400
2022-07-22,294.706298828125,301.1080759178699,292.8814060911661,299.03921292663256,57127700
2022-07-25,293.0278625488281,295.20408853441734,291.02731782839834,294.7356547965479,40582400
2022-07-26,287.2701416015625,291.5835495722376,286.4601733164211,291.32981093233593,50074100
2022-07-27,299.41009521484375,301.09838033677926,291.26148160253575,291.82750935090854,69304400
2022-07-28,302.3377685546875,302.9135349200694,295.44804929227706,299.19542972933493,55139900
2022-07-29,307.85150146484375,308.7590936927906,302.4548791564084,303.879687273535,57501000
2022-08-01,307.6660461425781,311.1206738276758,304.9921412634084,306.08512341017763,46358800
2022-08-02,306.7486877441406,310.86690710604597,304.3187533773326,305.3727216247262,48676500
2022-08-03,315.10223388671875,315.92197036204516,308.3686310866716,308.42718156480026,53735700
2022-08-04,316.57586669921875,316.8881558420076,313.0334130508828,315.1803636806415,38973700
2022-08-05,313.9897766113281,316.0195964067601,310.7108300691232,311.4915231177822,53894000
2022-08-08,312.97491455078125,318.5960009286301,311.5110924550112,314.90717043855096,43878500
2022-08-09,309.43243408203125,311.33541455782307,307.8124973077939,311.081675885975,39764200
2022-08-10,318.06890869140625,318.36169088012,314.29225373105913,316.76123163675936,51459600
2022-08-11,316.2635803222656,322.3921133408172,315.56094463561175,320.39156870404844,45897700
2022-08-12,322.42144775390625,322.6166061514939,317.25902716592583,318.3129659011966,40928400
2022-08-15,325.0270080566406,325.5247170262433,321.45527909341536,321.474815778675,38266600
2022-08-16,324.26580810546875,326.35420819540025,321.22106348744586,324.0511130474527,41186900
2022-08-17,320.56719970703125,323.43629276250306,318.48856802587005,321.13322746982783,47842200
2022-08-18,321.33819580078125,322.51900384424147,318.9082608747552,320.51845907611624,41937200
2022-08-19,315.072998046875,318.95701604420105,314.3118118825432,318.3031923010288,51770600
2022-08-22,306.7779235839844,311.0522869439846,305.96795549292,310.8180850442115,51098900
2022-08-23,306.5242919921875,309.35434152618393,305.7728444052722,306.5437988949074,39497100
2022-08-24,307.4123229980469,309.2274475970766,305.4410240635622,306.0460655965721,38057100
2022-08-25,312.8479309082031,312.8674675891927,308.1442069262223,309.1883770057598,38098300
2022-08-26,300.02490234375,313.7555572354442,299.9370766142662,312.5552127027734,69047700
2022-08-29,297.0679931640625,299.8102168935229,295.9652426671527,297.2729198727488,48321900
2022-08-30,293.7597351074219,299.33203795561866,291.24197482667506,298.7172280617715,51184500
2022-08-31,292.0519714355469,297.5559559895286,291.94463879300986,296.65813213421137,50044000
2022-09-01,292.1788330078125,292.5496726386103,285.8844169711918,289.5634784705977,57990700
2022-09-02,288.0509338378906,296.42398337553533,286.4407056585218,295.0479869900323,64666800
2022-09-06,285.98199462890625,289.44639101078417,283.85458060513645,288.5290602332811,57005400
2022-09-07,291.75921630859375,292.7546044547529,286.19668131283277,286.46018830853086,49260400
2022-09-08,293.27178955078125,294.58923504644343,288.32409480360485,289.69032244366866,55649800
2022-09-09,299.6833190917969,300.1810279756889,293.27177320994116,295.52605613582205,56125200
2022-09-12,303.2452697753906,303.5770657606081,300.747016654849,301.05930574029827,45905700
2022-09-13,286.6163330078125,295.71152355943633,285.7282775028178,294.52094725160663,79562200
2022-09-14,288.89007568359375,289.76836270160635,285.9917076770831,287.7580500540228,54907200
2022-09-15,284.07904052734375,289.37806861756616,282.4785809670192,286.97740905861184,65299400
2022-09-16,282.3419494628906,282.73229597764134,278.731177193004,280.7805336223577,79920400
2022-09-19,284.5406494140625,284.6970745912991,279.6427184448839,279.70137415696615,52613800
2022-09-20,282.2725524902344,284.5602147143925,279.97510436926854,282.0378998122083,51271100
2022-09-21,277.2181396484375,287.3757802061988,277.08128628170294,283.11327668494283,82931000
2022-09-22,273.80615234375,276.69994264649773,272.58410899216227,275.6929801181912,62757100
2022-09-23,269.3482360839844,271.6358984690643,265.93626954877664,271.34259005966226,74815200
2022-09-26,268.2337341308594,273.23922100426324,267.44185209694496,268.8789768686887,71176700
2022-09-27,268.3412780761719,273.94310779342754,266.02425795648827,271.59678965082986,69780100
2022-09-28,273.6791687011719,274.9598682786163,266.84550898877166,268.32171768262555,79652100
2022-09-29,265.7895812988281,270.0716267058167,262.82734890338435,269.69033479435024,81216000
2022-09-30,261.28271484375,269.0353524973825,261.12628967839305,264.9683877032516,78482400
2022-10-03,267.4124755859375,269.0060252619339,261.54666612929276,263.0522322436455,61267400
2022-10-04,275.82012939453125,276.52402769113763,272.7503415958443,272.7503415958443,66696900
2022-10-05,275.6735534667969,277.46261255438395,269.2602696620852,272.0562916991453,55766300
2022-10-06,273.5031433105469,277.82427276832533,273.1805070928327,274.6762872643789,53489400
2022-10-07,263.08154296875,268.9962218517526,261.75194406425254,268.86912454819236,71354700
2022-10-10,260.4517517089844,263.6681793088625,257.7437134187237,263.2771014291403,60393000
2022-10-11,256.87359619140625,261.6444597639264,255.19206279838772,258.7799963749924,66522500
2022-10-12,256.7855529785156,259.4251489637878,256.0914406437089,257.50899316310165,50580200
2022-10-13,262.8077697753906,264.1275826002605,248.57339587396288,249.45327606305003,112894100
2022-10-14,254.9085235595703,265.7309494570083,254.32196646625434,265.1346064671202,77244300
2022-10-17,263.32598876953125,264.1960683906086,260.77434594840025,260.8721154137595,64576500
2022-10-18,265.4083557128906,271.01018506656084,262.72961557378073,270.3454004390657,69781000
2022-10-19,264.4404602050781,267.55911798953014,262.0746004041456,263.89298703618215,53115400
2022-10-20,263.0912780761719,268.6931360370133,261.92792015057984,263.5507676104997,60605500
2022-10-21,269.2601623535156,269.797849504802,260.85249796175776,261.9865577946035,77897700
2022-10-24,272.22247314453125,273.1512084780125,265.8873877095541,269.52419104231006,63963600
2022-10-25,277.8536376953125,278.2349296698417,271.68476317219097,273.16100158374826,59014500
2022-10-26,271.7140197753906,277.62872793281883,271.2252023988285,272.2321650011446,63492400
2022-10-27,266.7672424316406,272.05625105959984,266.2490971046528,270.59958454005965,57760300
2022-10-28,274.930419921875,275.39969529868125,265.9752828676894,266.1414938870922,62651300
2022-10-31,271.733642578125,273.503159426672,269.81745662103884,272.68194966008537,47742000
2022-11-01,268.9571228027344,275.7614831825195,268.59540266363206,275.204224129554,45895900
2022-11-02,259.738037109375,271.9878014034031,259.6695955048992,268.9277993452256,79803100
2022-11-03,254.6641387939453,258.5844648018636,254.2828766474066,257.1277981579473,70038900
2022-11-04,258.7603759765625,260.64720401130904,253.28561503914713,259.5913715372942,78313200
2022-11-07,261.6053161621094,262.1430332516671,257.6752346520297,259.8064715479662,47333800
2022-11-08,263.5116882324219,266.747656983105,259.58157730334085,263.1206402855354,63213800
2022-11-09,257.4308166503906,262.55361373285587,257.14729418920933,261.77151778448103,64862100
2022-11-10,276.4263000488281,276.71957861883755,267.7253543962646,269.8370496054912,99256700
2022-11-11,281.51971435546875,282.18452870756767,274.90113736604735,276.24049229556425,66961800
2022-11-14,279.0561218261719,282.7417948379583,278.0784868785844,279.4667117965301,55290700
2022-11-15,282.9177551269531,286.70119711003974,279.5742309122213,285.67466264711777,73985400
2022-11-16,279.0561218261719,283.0057753682395,278.2349120504045,280.9625219079878,48859800
2022-11-17,278.4401550292969,279.9163930716426,274.4416324207033,274.5980575633067,55462100
2022-11-18,278.4499816894531,281.5490676405468,276.00589441916804,281.45132801777515,53588600
2022-11-21,275.5854797363281,278.2152898203425,274.7544842145169,277.061687951734,40083500
2022-11-22,279.5546875,279.71108281568,274.1874520736571,276.318718646645,41873400
2022-11-23,282.3605041503906,282.9861749393081,279.39827175235274,279.5742388647001,46390000
2022-11-25,280.50299072265625,281.47083963013006,280.0141733212983,280.7669413787728,15498800
2022-11-28,276.3870849609375,280.54203224468296,275.4583499397137,278.5281072421885,38714200
2022-11-29,274.2950134277344,277.0128370816902,272.92633062269323,276.6120032182411,35618900
2022-11-30,286.7989807128906,286.9065360739054,273.70846396811334,274.55900161910057,74718100
2022-12-01,287.15093994140625,289.13553770503285,284.3744602516807,287.12161208618227,51547300
2022-12-02,286.007080078125,286.88697536237026,281.9107874314308,282.0867843893096,53583200
2022-12-05,281.2069091796875,285.15653258522,279.75021293114065,283.88561918438853,41482100
2022-12-06,275.3802490234375,281.18740392988155,273.99202388293935,281.05055052950615,53937600
2022-12-07,274.2558898925781,276.25027324305955,272.54502898857334,274.19723419124455,45614300
2022-12-08,277.5016784667969,278.4695274919775,273.532483071853,275.60506433206405,42594900
2022-12-09,275.732177734375,279.2516696245524,275.2922300599584,276.4849459273226,47860500
2022-12-12,279.19293212890625,279.2516176649539,274.87180303489004,275.908093532643,35732500
2022-12-13,282.19427490234375,290.24021992861685,279.51556513695834,290.0153531873076,80667700
2022-12-14,280.1021728515625,284.8925776911261,276.856417960983,281.6077090523937,64984400
2022-12-15,270.69732666015625,276.68044714031987,269.5046109553816,276.01563277082005,60554100
2022-12-16,268.11639404296875,271.5576584419353,266.5130583502916,270.0227941935211,68300400
2022-12-19,264.348388671875,268.47407711477496,263.11360998326035,268.3858829093709,44167900
2022-12-20,264.1426086425781,265.8869638627262,261.6044756479317,263.18222187170676,51064200
2022-12-21,267.9743347167969,269.27768908130616,264.3386037768599,265.18139832829826,46394700
2022-12-22,261.41827392578125,265.0931820504398,257.2043613322855,264.96578045041497,60278400
2022-12-23,262.0061950683594,262.6726010348919,258.25290263889315,260.15405720930426,39373600
2022-12-27,258.3019104003906,261.50644919316005,257.7629358770659,261.39863634460903,38009000
2022-12-28,254.89158630371094,260.15404897861896,254.5290002209293,257.9001177088302,47139000
2022-12-29,261.10467529296875,262.04544340160635,256.99857554474977,257.69434977774887,45893600
2022-12-30,260.9478454589844,261.07524704462577,257.03775322586284,258.34110733474483,37858300
2023-01-03,259.18389892578125,264.7403425754029,256.8809508045334,263.2703795073479,42335300
2023-01-04,260.41864013671875,262.094419519153,257.2729276346424,261.30064187756807,47754900
2023-01-05,256.342041015625,258.9193819979213,256.02847150762574,258.7528028696851,45396700
2023-01-06,263.4173278808594,264.5345139897655,255.12674587120546,258.0764808613979,54659700
2023-01-09,265.12255859375,269.7774418403852,264.5149786181728,265.40672993298676,45568700
2023-01-10,267.36669921875,267.4745120737934,263.58400819036984,264.09358467777196,35247800
2023-01-11,271.9921569824219,272.09996982647135,267.6508731910464,268.4348714453479,44077000
2023-01-12,273.462158203125,274.4911504479409,268.25849055952096,272.55078814271513,60600000
2023-01-13,275.3436584472656,275.58865226978315,270.6299796945461,270.9631677043932,44802900
2023-01-17,275.90234375,277.18610941652383,273.98157000685694,275.1477433843072,36269700
2023-01-18,272.3155212402344,278.9891501528121,272.10973481609165,277.4407725443882,47754500
2023-01-19,269.6402587890625,271.8256149685803,268.4055099682429,270.6888397747378,44150400
2023-01-20,277.01947021484375,277.3526582997376,270.189039708322,271.2474300076123,60613600
2023-01-23,283.1736755371094,284.39864475391676,277.06844810068554,277.8622257606587,52799900
2023-01-24,282.59552001953125,283.7518838905232,281.03736261916526,281.55674841928726,44875100
2023-01-25,281.96832275390625,282.58568211289065,275.54946616435143,278.08759877286985,50872000
2023-01-26,287.4659729003906,287.64236129032844,282.7424844155557,285.388429890523,51596300
2023-01-27,290.32757568359375,292.28752684887775,286.0352778465848,286.1528701314648,56441900
2023-01-30,284.4574890136719,288.485204031386,284.08512343019765,287.06422753687195,49405800
2023-01-31,288.72039794921875,288.81840148761705,284.3889226729346,284.49670563063603,46705100
2023-02-01,294.8942565917969,297.35397489362185,286.44684220280044,288.5146061711699,67562200
2023-02-02,305.4779357910156,307.3986792194791,300.58786806855676,301.41104382361254,83070600
2023-02-03,300.0489501953125,306.1346207752266,298.44180561182435,298.83378990732257,76170800
2023-02-06,297.5107116699219,299.7842616499401,296.16815023108865,297.4323268010993,40802300
2023-02-07,303.6747741699219,304.8017398705444,296.26616272305125,297.383319099846,67584000
2023-02-08,298.27508544921875,303.30236366101053,297.58912066430577,302.36159572104424,56720900
2023-02-09,295.6390075683594,302.8026262239471,294.18866293953266,302.65563587730645,49137800
2023-02-10,293.6986389160156,295.5311881263179,291.2976872269125,293.4830431320697,50050100
2023-02-13,298.4025573730469,298.9905486890682,293.92406189600115,295.10004452804384,39636700
2023-02-14,300.6074523925781,301.5580297219123,294.88439967500585,296.8247617232843,64079100
2023-02-15,302.91046142578125,303.077040528768,298.10858700695474,298.794551977369,43100600
2023-02-16,297.2265625,302.2538416898936,297.0795721536685,298.2849528065457,59498600
2023-02-17,295.12945556640625,295.8840260127928,292.13073262006327,295.04126135109993,58230700
2023-02-21,288.1421203613281,292.74801597973624,288.00493937826445,291.30745117197637,46526700
2023-02-22,288.3577880859375,290.42552201582805,286.70162711443794,288.72037423239385,51389200
2023-02-23,290.87628173828125,292.1600470153091,286.6917679806115,292.00324737529,69294400
2023-02-24,286.0058288574219,287.1033965295427,284.24185517881966,285.9176346594632,74332000
2023-02-27,288.0540466308594,290.55297259031727,287.4660552561388,289.161423906845,48995000
2023-02-28,287.6815490722656,290.19028346864906,287.0935579060723,287.42674592207146,48243100
2023-03-01,285.3688049316406,288.0441182255839,284.3888296810601,287.38755155531885,58287000
2023-03-02,287.7305603027344,288.53414730120545,282.59549882206886,282.87970005937706,53565900
2023-03-03,293.6790466308594,293.914261084036,288.96536693308644,289.4749733262371,60511500
2023-03-06,294.0122375488281,297.91255078931,293.8162603935119,294.9138281640149,56736300
2023-03-07,290.40594482421875,294.9824437058501,289.7983647809635,294.06126431559863,65955800
2023-03-08,291.8562927246094,292.4540633879132,288.97516253842946,290.8273005687011,50876300
2023-03-09,286.7996520996094,294.95305596824016,285.98625563400026,292.35609679890285,71456700
2023-03-10,282.77191162109375,288.4557873254567,281.62535706186685,286.9662054618756,98593600
2023-03-13,284.8690490722656,288.573354857497,279.47918441665786,280.9883548940412,97123600
2023-03-14,291.415283203125,291.9640670408029,287.57379633938,288.4165608377867,73602500
2023-03-15,292.94403076171875,293.2772187994073,287.36796850276227,288.8085334957989,83631500
2023-03-16,300.666259765625,301.0288458902674,291.23890089901585,292.0326786060645,98198100
2023-03-17,299.24530029296875,302.9594157617402,297.2951586443175,300.5780825063804,89923700
2023-03-20,300.30731201171875,300.63119141205766,296.42060944375663,298.6289679407681,56359500
2023-03-21,304.59637451171875,305.04785266850337,300.7292917206466,302.2407985358672,49757000
2023-03-22,300.4544677734375,309.4154987468772,300.28763082839566,304.5276555015175,75791900
2023-03-23,304.017333984375,308.33589544993333,301.3280538352292,304.18420090621953,74576000
2023-03-24,305.13629150390625,305.23441681542005,301.26920772237486,303.5953407175395,57195200
2023-03-27,303.045654296875,306.9127374035687,302.19176055680384,305.833089590293,50287400
2023-03-28,301.43603515625,302.49606405257526,299.1295213059667,302.4666204694985,48585900
2023-03-29,306.9324035644531,307.5507487684189,304.3118048316413,305.1264605600593,53274300
2023-03-30,309.8375549316406,310.4657245286793,307.02067616071264,309.4056958218703,58354800
2023-03-31,314.9903869628906,315.22596553535897,309.7590450153617,310.0633053000576,62138100
2023-04-03,314.224853515625,314.48987569045227,311.54539785656647,312.8703889195931,47126800
2023-04-04,313.1648864746094,315.677505418444,311.9478151451285,314.66656912426663,45875400
2023-04-05,310.0731201171875,313.1549909553474,308.2573530230773,312.212766553252,62795700
2023-04-06,312.16363525390625,312.6543814372658,307.0304493457381,308.424151732928,46916500
2023-04-10,311.987060546875,312.03615315052036,307.4525693445177,309.23889313719735,45134700
2023-04-11,309.9847717285156,312.0066738913755,309.47440639730115,311.9477567831826,40113600
2023-04-12,307.2463684082031,312.52680195388945,306.78506581343356,311.9379005633457,62813300
2023-04-13,313.2629699707031,313.73406719426043,307.8254932108814,309.0032662225483,54613800
2023-04-14,312.67413330078125,314.4309836490865,309.7688933736916,311.71225968201486,56278300
2023-04-17,312.9391174316406,313.29247036616664,310.1909499532342,312.2618850971799,43007000
2023-04-18,312.9586486816406,315.4712967532463,311.7612567220938,315.0492322620022,46746900
2023-04-19,312.81146240234375,313.8714910627291,310.42644284563727,310.55404166149606,38960100
2023-04-20,310.42645263671875,313.3611056829367,309.14069983335924,309.8473756449807,62462100
2023-04-21,310.7503967285156,311.52578436665596,308.2868703610676,310.0633697939143,59002300
2023-04-24,310.10260009765625,311.85945029215236,307.93347987763684,310.52463472855015,44043100
2023-04-25,304.2529296875,309.1407743928103,304.1548043741771,308.473366507749,57121600
2023-04-26,306.09808349609375,309.11127287941105,305.5778936312846,307.63903402208973,55400500
2023-04-27,314.4211730957031,314.92171397402467,309.21924413400245,309.85723831198396,65430400
2023-04-28,316.5902404785156,316.6785712153417,313.0568612415905,314.1855717047368,59712600
2023-05-01,316.22711181640625,317.64046359518244,315.14746393639973,316.1289565631733,41013400
2023-05-02,313.4691162109375,316.48230572803664,311.7318551123893,316.1583963914901,56519400
2023-05-03,311.41778564453125,316.5019099639338,311.3098058864839,313.83224897780207,59882100
2023-05-04,310.3184814453125,312.3403534983685,309.28789639998797,311.1919941513549,50224500
2023-05-05,316.9141540527344,317.7680478062891,310.3577608434829,312.5759436628054,51806100
2023-05-08,317.6993408203125,318.0428692194948,315.3732081600549,316.4528560062947,36465800
2023-05-09,315.6872253417969,316.9042663152859,315.37314058968013,316.04054822335024,31768800
2023-05-10,319.1224670410156,319.9763606733042,315.6479754087776,318.1213255801761,60446600
2023-05-11,320.16290283203125,320.702711788897,318.1213814203093,319.67215652477967,44278500
2023-05-12,319.01458740234375,321.11499626512636,316.9632711487406,320.6929316184224,48432800
2023-05-15,320.741943359375,320.9774919751465,317.9643028030483,319.4856341539702,33375600
2023-05-16,321.1051025390625,322.8128899714254,319.9861866676694,320.0254547559925,40019200
2023-05-17,324.99176025390625,325.5708371783504,320.98728442192385,322.1650573359087,47486100
2023-05-18,331.02801513671875,331.2439447177348,325.36481333171304,325.3844324017041,64213500
2023-05-19,330.28204345703125,331.95056269847424,329.22201480691604,331.2438869159886,61554900
2023-05-22,331.3911437988281,332.40207988096876,330.0170303294707,330.02685483940945,43015900
2023-05-23,327.1903381347656,330.8218725069687,326.8370151983698,329.67354301090694,48216700
2023-05-24,325.511962890625,326.7486529543009,323.46064727807794,325.2371462045606,62891200
2023-05-25,333.43267822265625,334.6988121050236,330.43913767543575,332.8634256751795,66862800
2023-05-26,341.9519958496094,342.7862705013703,334.3552531548107,334.4534083996253,63007000
2023-05-30,343.5027770996094,347.37965474183784,342.0796009058038,346.18223261994183,72652200
2023-05-31,341.54962158203125,344.1113330031778,340.0970316132511,341.92259358572744,65105400
2023-06-01,345.4951171875,346.8201078420961,340.24412734514107,341.29433130416646,50488600
2023-06-02,348.08636474609375,349.2445188924592,345.4952397075679,347.2520899972519,53372100
2023-06-05,348.3316345214844,350.8835206623097,347.30107951882894,347.8703319115938,47266200
2023-06-06,348.2728271484375,349.23470066993315,346.3981727066274,347.7231936940905,41390400
2023-06-07,342.3642578125,350.5106344564043,341.73608816769587,348.55747375650026,69225900
2023-06-08,346.6140441894531,347.07534682770165,342.4329068233246,342.6586309114903,47153900
2023-06-09,347.93914794921875,351.04066834896696,346.49635254099377,348.06674678745577,53196900
2023-06-12,353.8182067871094,353.91636202351594,348.6261332475332,349.59780119658103,44606500
2023-06-13,356.5369873046875,357.3712319959438,353.3667556384782,356.5664308825815,57097800
2023-06-14,359.1280822753906,359.41272347330965,353.74952280701973,356.54675233361814,69525600
2023-06-15,363.407470703125,364.88950420626855,357.2436981859481,357.86201338240306,71138800
2023-06-16,361.1205749511719,365.9495318537329,360.67892124082596,365.82193301981806,80932000
2023-06-20,360.60357666015625,361.9992210577164,357.645252046979,359.6698977267216,49204700
2023-06-21,355.6893615722656,359.89591050570834,354.7654906855593,359.4634590270858,53378300
2023-06-22,359.88604736328125,360.0432751551769,354.03814530569144,354.4411127578313,47603000
2023-06-23,356.3184509277344,358.61829053341046,354.6279666884513,355.9940972689347,48922900
2023-06-26,351.5418395996094,358.5789703043157,351.45338769056457,355.78771119695153,52685500
2023-06-27,357.58624267578125,358.31356381466287,352.35756283184793,353.08485397686843,49428100
2023-06-28,358.2840881347656,360.23008989079324,355.689379134913,355.76802304065137,46498000
2023-06-29,357.566650390625,358.62813329590955,355.9253260746323,357.98926395760606,46151000
2023-06-30,363.080322265625,364.1319369850528,360.9279028966516,361.24238851694764,58712500
2023-07-03,363.9353942871094,364.5643955337729,362.63803984892405,363.7191685474118,19432900
2023-07-05,363.92559814453125,365.62592029282894,362.33340387544496,362.372725830964,34460900
2023-07-06,361.15399169921875,361.5962812236896,358.264442790466,360.2203126942512,49374700
2023-07-07,359.95489501953125,364.12215218790664,359.7288612774692,360.92792588819304,47133700
2023-07-10,360.07281494140625,360.75097612528987,357.1734584248159,359.67968541300456,48498800
2023-07-11,361.851806640625,362.3039041308839,358.3627105914411,360.4954841759857,38214100
2023-07-12,366.4219665527344,367.7684509021404,363.9451935946004,365.9501931335994,61975400
2023-07-13,372.6433410644531,373.46892209273324,369.0166633368068,369.5965346545085,46960000
2023-07-14,372.564697265625,376.2896345835833,371.68995636908795,373.0757626248382,55148500
2023-07-17,376.0439758300781,376.918716845104,372.80061946885183,373.28220093014846,40868900
2023-07-18,379.1202697753906,380.48643025096686,373.4787840563649,375.4051399126897,55262000
2023-07-19,379.0318298339844,381.32186135242125,377.70499127103625,380.18176458690317,54093000
2023-07-20,370.29443359375,377.50846830037983,369.27227262896486,376.04401778523453,71941700
2023-07-21,369.18377685546875,373.4001640896318,368.7513253445873,372.6728429155879,60499600
2023-07-24,369.77349853515625,371.10030708517195,367.9159185749525,370.1567901180446,40380100
2023-07-25,372.27972412109375,373.94072429184797,370.4614661242125,370.48114209864303,38894400
2023-07-26,371.0413513183594,372.73183551991457,368.7415117640106,371.23793110681225,47075700
2023-07-27,370.1567687988281,378.10793162303287,368.8692522842773,376.4960914801021,63940200
2023-07-28,376.8990478515625,377.9211786460314,373.69498364625855,374.206049043493,56902900
2023-07-31,377.0956115722656,378.27503021734213,375.77861108178536,377.20373944509765,44019900
2023-08-01,376.2209167480469,376.97769191496076,374.1569490273522,375.7491432709596,41060600
2023-08-02,367.9650573730469,372.75147785059374,366.72667080407234,372.75147785059374,72687100
2023-08-03,367.3753967285156,369.4983325592285,365.3900427604383,365.5571385870663,47666400
2023-08-04,365.6553955078125,371.6113968871545,365.1541380670017,369.30171945598914,61702800
2023-08-07,368.75128173828125,368.8495716143789,365.13444225121697,367.46376534482164,37230400
2023-08-08,365.61602783203125,366.26470502906085,362.4906076958643,366.24505905116035,44726500
2023-08-09,361.5963439941406,366.05844199420915,360.839568670045,365.90118413585105,51150900
2023-08-10,362.2645568847656,367.93552607556165,360.74116871206576,364.6037180742225,72035300
2023-08-11,359.95489501953125,361.6847010137196,358.4315067818279,359.70918530416867,48707200
2023-08-14,363.9943542480469,364.1122901045981,358.44132104712014,359.1587741724269,42130800
2023-08-15,360.1318359375,363.8174817408834,359.4634827031511,363.02135465299926,45539900
2023-08-16,356.3184509277344,361.12451792586296,356.2201610313143,359.5912915220789,53190500
2023-08-17,352.4263610839844,358.0580388030528,352.0135855407682,357.71403918779725,62604300
2023-08-18,351.9841003417969,353.2421329350638,348.6227781037681,349.1633574955248,61191400
2023-08-21,357.6550598144531,358.33322103619656,352.9865751686361,353.44851063860824,50696500
2023-08-22,357.14404296875,360.269463810785,356.4560436666771,360.2596258226832,44530200
2023-08-23,362.7756042480469,363.86657088030654,358.1071200873245,358.32334581662815,51770600
2023-08-24,355.0210876464844,366.34338158228024,354.81469986472706,366.24512168211504,66842500
2023-08-25,357.7729797363281,359.46346372196984,352.42633410703627,355.8564620160863,69960500
2023-08-28,360.4659729003906,361.3996517770629,357.99903788003854,360.6920066314646,40910000
2023-08-29,368.3385009765625,368.6923385554893,359.94507888520656,360.2694025048502,58492400
2023-08-30,370.39263916015625,370.97254048337203,367.44412257396607,368.44663740934226,41731500
2023-08-31,371.50323486328125,373.20355681458847,370.4024601871893,370.47126610291014,35730700
2023-09-01,371.1101379394531,374.2945263884665,369.6260415972673,373.8719128585272,39801200
2023-09-05,371.5818786621094,372.800589196893,369.380299316676,370.30417020396686,32344200
2023-09-06,368.3089904785156,371.14940891629277,366.30402098652354,370.80540934857504,42998700
2023-09-07,365.6750183105469,366.45146939646156,362.8149536720257,363.85676044832894,52060700
2023-09-08,366.1860656738281,368.4171289383869,365.22290284914124,365.6258703550477,35800100
2023-09-11,370.50079345703125,371.0118589039647,367.24759899108267,369.21327685540757,39936600
2023-09-12,366.39251708984375,370.4811304591035,366.10748541432696,368.8299383335772,41391000
2023-09-13,367.7881164550781,369.39014857434654,365.49811513938084,366.62837381440505,46300700
2023-09-14,370.795654296875,371.7784932851186,367.4736837114587,369.5376215916778,48039400
2023-09-15,364.4464416503906,369.8618928673542,363.5127328219973,369.45892537267173,69811200
2023-09-18,364.826416015625,365.93863645323245,363.22206476755633,363.5075090480625,36903500
2023-09-19,364.048828125,364.84607760693416,361.0271378460605,363.5074962674378,37621700
2023-09-20,358.802734375,365.46617463630355,358.7239766256181,365.11185487592627,45514200
2023-09-21,352.2278747558594,355.9090339100719,352.0605670890625,355.1216065339352,69734800
2023-09-22,352.2771301269531,356.1058927539744,351.9621591548039,353.9700615556488,51589700
2023-09-25,353.9503479003906,354.0389578892996,350.32827192663734,351.3125336610671,39168000
2023-09-26,348.6352844238281,351.91289229277817,347.6510228478301,351.37153040361153,53657700
2023-09-27,349.4522399902344,351.36170985960024,345.8301345452568,349.78688532316824,56066000
2023-09-28,352.37542724609375,354.5014354372815,347.68048122657655,348.53678382359516,56453300
2023-09-29,352.6314697265625,357.2378378501447,351.4011424575336,355.8500250862057,64829600
2023-10-02,355.5743408203125,356.9719754148044,352.2869108139904,352.8971481752992,51625100
2023-10-03,349.3341369628906,355.3282864453552,347.7199335363626,353.13337228482897,60478500
2023-10-04,354.088134765625,354.9345853814986,349.7081583317905,350.1707625168533,54786700
2023-10-05,353.0447692871094,354.48178270513296,349.5506528835014,354.0782318748588,45897400
2023-10-06,358.960205078125,360.1511531623578,349.2652226471083,350.0526198848716,75049100
2023-10-09,360.79095458984375,361.3322864922869,355.10192335075635,356.5979902725734,45304800
2023-10-10,362.7889709472656,365.436636991541,360.62361350091794,361.12556647967915,46968800
2023-10-11,365.3775939941406,365.5646061019628,362.39528253424044,364.11774034197475,38215100
2023-10-12,364.1078796386719,367.8579138612387,361.71613120455214,365.87956850775583,49587900
2023-10-13,359.5311279296875,365.31859177882905,358.1334630395901,364.7378809555015,52469900
2023-10-16,363.5960693359375,364.649236422345,360.7023379238582,360.84997115156034,44201100
2023-10-17,362.4051208496094,364.0980519457113,357.93656492665207,360.0527212874597,50999100
2023-10-18,357.65106201171875,362.1196172018905,356.32230310720615,359.91488126610767,54280500
2023-10-19,354.3046569824219,360.2594277757286,353.50740747223784,359.06847962452343,72274200
2023-10-20,349.0191650390625,354.373550479642,348.79277406044923,353.802661937845,72559700
2023-10-23,350.07232666015625,353.60582210048005,345.59391848351896,347.70025266627835,60665200
2023-10-24,353.47784423828125,354.2455670218574,350.1904143682358,351.88334538295214,47082100
2023-10-25,344.8262634277344,351.26334378654053,344.2455525903835,351.0861838776441,71190500
2023-10-26,338.2513122558594,344.5604321044559,336.9619320878897,343.6253716602287,78621400
2023-10-27,339.8753356933594,343.3497775820773,338.66468323660894,340.97770376587494,63476700
2023-10-30,343.70416259765625,345.02306953665595,340.9974431987372,342.3556989748793,55298500
2023-10-31,345.34783935546875,345.72186354405744,341.1647278392773,343.7336660603702,47671900
2023-11-01,351.342041015625,351.9030773823857,346.0860872469054,346.1845194223992,58992700
2023-11-02,357.7200012207031,357.9562143682843,354.6294056992231,355.84991038203907,58162400
2023-11-03,361.9228210449219,363.21220132553935,358.7830241681351,359.0094151473788,53280500
2023-11-06,363.39923095703125,363.9602672996411,361.1354412045345,362.6905613761771,38848700
2023-11-07,366.83428955078125,367.7004144783928,363.24171088450566,364.44251116996185,50777400
2023-11-08,367.0705261230469,367.90715449646547,364.7870319858255,367.20830712864307,35663400
2023-11-09,364.2457580566406,368.90129697450686,363.7536271748511,367.7595797615662,53859400
2023-11-10,372.4347229003906,372.58235611773597,365.43660802544855,365.96811764516906,58309800
2023-11-13,371.2732849121094,372.3264519626699,369.33428848820785,370.85991188861345,40733500
2023-11-14,379.2655334472656,380.1809196223346,377.14937687893797,377.67103435891903,67792600
2023-11-15,379.55096435546875,381.64744643002416,378.19267850224793,381.15531561580104,54141400
2023-11-16,379.87579345703125,380.11200663962404,377.52339371034566,378.78324741297644,45343500
2023-11-17,379.9643859863281,380.978174311578,378.2419280525446,379.14743197399827,46571900
2023-11-20,384.5903625488281,385.2498310279321,379.9741733069402,379.9741733069402,44429600
2023-11-21,382.3560791015625,383.104127478915,380.6139470007728,382.8875887400645,43337000
2023-11-22,383.92108154296875,386.8837186036944,382.9171455132762,384.4230645764553,44121000
2023-11-24,383.3797607421875,384.1081047433518,382.38564687454755,383.5175417523055,15718800
2023-11-27,383.0451354980469,384.9939544223412,382.16912817517203,382.8876500230149,34139700
2023-11-28,384.0490417480469,384.629752496103,381.9427074752137,382.29705727580426,35491100
2023-11-29,383.6750183105469,387.9368879307099,383.3305207373286,386.5096965719259,38811700
2023-11-30,382.71044921875,384.4033804806494,379.74784203838783,383.94077629753497,52834400
2023-12-01,383.8029479980469,384.39351093056035,379.9938606373886,381.64741281860364,40490100
2023-12-04,380.2399597167969,380.51555177142023,376.6375585502535,380.0135687287101,51186900
2023-12-05,381.19464111328125,382.38558910649584,378.1630989012916,378.34028879793397,42933000
2023-12-06,378.98992919921875,384.2262082878161,378.64546165801414,384.12777611720855,41994100
2023-12-07,384.28521728515625,385.1119933558489,380.8698286160153,381.96237452044045,49593500
2023-12-08,385.9978942871094,386.44079399552544,382.36596649169275,382.5529786032287,46687500
2023-12-11,389.2950744628906,389.560844275907,385.36788092389725,385.5745674161402,41198000
2023-12-12,392.3955993652344,392.5137059555065,388.20263518688597,389.3345300600356,39221200
2023-12-13,397.3857421875,397.9959795327111,392.5628666775999,393.3305894727491,55408100
2023-12-14,397.0412902832031,399.9054650273427,394.03927446369323,398.60626257953487,55447800
2023-12-15,398.9605712890625,400.14169715869406,397.2184391667707,397.818824291693,62896600
2023-12-18,401.4735107421875,402.3709814532671,399.0276856016672,399.3531274608477,46610000
2023-12-19,403.5248718261719,403.6432143177387,401.739802351394,401.92718799546697,35711900
2023-12-20,397.5285949707031,404.8168311468239,397.3510812317631,402.7260335176809,54042400
2023-12-21,402.154052734375,402.5189822599552,398.8995134090892,401.4538395044679,45568900
2023-12-22,402.7556457519531,404.3237440774188,400.8818192679094,403.3671020691094,34314000
2023-12-26,405.22125244140625,405.891880071022,403.5150676422282,403.61369643417913,22722500
2023-12-27,406.04608154296875,406.3322463869044,404.644888619348,405.5033831511548,31980500
2023-12-28,405.8487548828125,407.447309237934,405.49354065707996,407.20062265458364,27029200
2023-12-29,404.0923767089844,406.18430438142775,402.17808627530565,405.8290600170089,42662100
2024-01-02,397.25421142578125,400.7078236681065,394.9353514690267,400.461137079369,58026900
2024-01-03,393.0506591796875,395.68528517613936,392.61651849103555,394.62945935762554,47002800
2024-01-04,391.02783203125,394.29395995431605,390.8107466354673,391.1857150566472,39432800
2024-01-05,391.4915466308594,394.26430098559865,390.10023090449675,391.19553482231566,44922800
2024-01-08,399.58294677734375,399.86908153761993,392.56716456476687,392.7151704947561,42473800
2024-01-09,400.3723449707031,401.29988897993053,396.3858811510308,396.58324247290847,39132900
2024-01-10,403.0858459472656,404.0923162885945,399.7999941615258,400.68805977012255,33962800
2024-01-11,403.9245910644531,405.7500776839411,398.8823019732114,404.35876183167534,54536200
2024-01-12,404.13177490234375,405.79937840440965,402.7404591342418,404.96063810423556,39595000
2024-01-16,404.0923767089844,405.67117697872385,401.43802647196935,402.89842199127276,43903000
2024-01-17,401.8129577636719,402.1879261807825,397.57983776151127,400.78676327938865,54386000
2024-01-18,407.5163269042969,408.0985035821571,403.7371019910327,405.0790624458076,59562500
2024-01-19,415.5978088378906,415.7556918630463,409.13463247146666,409.71680918810495,70325100
2024-01-22,416.1405334472656,419.10077238644385,415.53860253748337,417.79826002605955,44880600
2024-01-23,417.8672790527344,418.08436441473145,414.99584408349705,416.8311775060242,33003800
2024-01-24,420.1861877441406,424.1529273697124,419.69281456588413,421.77486503694314,46948000
2024-01-25,420.6993103027344,423.3536603803969,418.360726282685,422.68264997969175,44367200
2024-01-26,418.19293212890625,420.5611171421055,417.54167598048286,418.81458709390614,37137000
2024-01-29,422.47540283203125,422.67276412816915,417.99556640503255,418.6468225465606,38694700
2024-01-30,419.6631774902344,422.0116384359929,418.75538778321743,421.43933884792625,36739000
2024-01-31,411.443603515625,417.2654006290457,411.2659964098067,415.2721839553905,64010600
2024-02-01,416.28851318359375,416.7818863090862,412.2724487149399,413.2394708816232,51008600
2024-02-02,423.3240051269531,424.53768370415844,417.1864424391243,418.1830356435856,59602400
2024-02-05,422.771484375,423.9160836378695,419.3671974329479,423.3832622919812,39889200
2024-02-06,421.9228515625,424.5179991788691,419.58426762321915,423.9160682702638,35846100
2024-02-07,426.2645568847656,427.0934202261627,423.4029984199902,424.70551086208974,37712700
2024-02-08,427.0539245605469,427.8137083440557,425.7020869952788,426.38291421422974,29889900
2024-02-09,431.2574462890625,432.0468613748132,427.39929486367424,428.1886798363185,36943900
2024-02-12,429.57012939453125,433.31978339162515,428.88927204043836,431.14892949261775,33203300
2024-02-13,422.8701171875,425.55406834305234,419.69279287918516,421.6169602202019,64491700
2024-02-14,427.4782409667969,427.90253465627023,423.1957655614689,425.5442266157376,45092700
2024-02-15,428.7511291503906,429.2149010993665,425.6132531423956,428.1689524677369,38796100
2024-02-16,424.8633728027344,429.2247747002088,424.15291424350715,429.12612415809764,53716500
2024-02-20,421.6564025878906,424.3798016822506,417.8870247947105,422.8700811679179,53999500
2024-02-21,419.9690856933594,420.05791936146005,416.04185462250535,418.9231370059664,49779000
2024-02-22,432.26397705078125,433.30004866411934,427.9617473429976,428.73140828484816,53887800
2024-02-23,430.9910583496094,434.75055943637386,430.01418912468716,433.82301548242646,39853900
2024-02-26,430.76409912109375,432.7869471692382,430.5766149089948,431.8002008373945,33043200
2024-02-27,431.8001708984375,432.184986282359,429.26422577428366,431.8692503640229,33713200
2024-02-28,429.5010681152344,430.88253708025496,428.5439229619259,429.6589511430398,32938800
2024-02-29,433.18157958984375,434.25712932878366,429.2543188931637,432.42179586043784,42495200
2024-03-01,439.7040100097656,440.66115513774344,434.01049462540504,434.0696969951267,43853000
2024-03-04,438.13507080078125,440.12831755147187,437.8883842316844,439.7039937666643,34325700
2024-03-05,430.270751953125,435.1058333617922,427.9025666362307,435.0959562616823,57917100
2024-03-06,432.9743957519531,436.13196568615194,431.0995838983498,434.48411631091494,46234500
2024-03-07,439.5461730957031,440.7993301178958,435.01698085540727,436.5563328635165,44526700
2024-03-08,433.20135498046875,442.6938797953184,432.53037471556775,439.901370869489,72096000
2024-03-11,431.59295654296875,432.8461134391734,429.66878931111285,431.7113612748173,45860000
2024-03-12,437.7799072265625,438.1351214728527,430.6753211696575,433.9020011390106,55300900
2024-03-13,434.4150695800781,436.8030089363392,433.30004141473387,436.78325473745014,37928700
2024-03-14,433.31976318359375,436.1714441905976,430.6062109929357,435.64846988201316,52195200
2024-03-15,428.16900634765625,433.0533829051464,427.00462272271886,430.29050506130005,73069800
2024-03-18,432.2525634765625,435.77002263361766,432.0154107319482,433.4876272298241,47323800
2024-03-19,433.32958984375,433.73469442402046,428.15218143620706,430.2468751531262,43004100
2024-03-20,438.4674072265625,438.80334096798737,432.8256441272629,434.5250931534227,43653500
2024-03-21,440.5423278808594,443.97086631640985,440.34473575766197,443.51637126483735,39345700
2024-03-22,441.0462951660156,442.1430175138809,439.1788639428772,440.0286036460882,28253900
2024-03-25,439.44561767578125,440.92769432844847,437.2521430237167,438.2500541325225,27789200
2024-03-26,438.0228271484375,441.88611062299844,437.79556453713616,440.9672001706422,34142000
2024-03-27,439.5147399902344,441.20432901385453,436.6493979452697,441.105517877216,41359200
2024-03-28,438.7045593261719,440.3150873730311,438.3488452662453,439.46534778476365,36839600
2024-04-01,439.6333312988281,442.18248976686664,437.7263698364116,439.65308146497904,38729000
2024-04-02,435.8392028808594,436.15538646711934,432.79601878365486,434.8215114618378,44259700
2024-04-03,436.8174133300781,438.69470445821014,433.70505828173714,433.71491828910797,39949800
2024-04-04,430.13812255859375,441.6094104504409,429.910859971514,440.9967934965204,57267700
2024-04-05,435.20684814453125,437.8745980464935,430.7507282504202,431.5609373498813,54744600
2024-04-08,435.3353271484375,437.2126182357003,433.9520616185032,436.1356461390755,28144900
2024-04-09,436.94586181640625,437.94377295312506,432.213088463687,437.6671198430058,39443600
2024-04-10,433.1319580078125,433.9915576445621,431.0669348170311,431.77833281863883,61502200
2024-04-11,440.04833984375,440.9968605135364,432.7268771374683,434.99941289484474,45474600
2024-04-12,433.0330810546875,436.95564455090334,431.6597059071951,435.82928214208215,53665000
2024-04-15,425.9093017578125,436.8667847613836,425.0694522981349,436.7778637813603,63453600
2024-04-16,425.94879150390625,428.57701077839033,424.5655261365261,425.75116924302756,47619000
2024-04-17,420.751708984375,427.9447203363732,419.82293846710934,427.92497016791634,56880500
2024-04-18,418.3507080078125,423.12298141821606,417.77762150042236,421.3938920422411,46549400
2024-04-19,409.69537353515625,417.69859329896826,408.13426609892537,417.17492743365193,75231000
2024-04-22,413.8155822753906,416.147368473136,408.993887927526,412.3236154173701,47807700
2024-04-23,419.9909362792969,421.18646980401485,413.8650066985067,415.74229797231976,44384700
2024-04-24,421.41363525390625,424.59516063166745,419.13123989083005,423.08344383076087,48440300
2024-04-25,419.3783264160156,420.2379260997075,413.1437260161894,414.23055816853235,57392200
2024-04-26,425.8499755859375,427.38144255529767,421.8187408244751,422.5103584239281,41874900
2024-04-29,427.5791015625,428.57704279451684,424.84221094712433,427.9545657944638,30022200
2024-04-30,419.5166015625,427.39136982222493,419.4375707439293,425.9982141906258,43665900
2024-05-01,416.4832458496094,425.00027078139163,415.6335364646761,418.0937738009243,52251700
2024-05-02,421.7989807128906,422.6981107728826,415.6039115799332,420.2180930266731,36559000
2024-05-03,430.2765197753906,431.26457091188445,427.4506778454958,429.2489381506173,48515300
2024-05-06,434.989501953125,435.0784229348323,431.3040604511998,432.07473911225696,30227200
2024-05-07,435.05865478515625,436.6889330215927,434.32747648868434,435.4341190165748,30996100
2024-05-08,434.80181884765625,436.2048648518202,432.32180062860914,432.4403921038488,24896700
2024-05-09,435.7502136230469,436.3233000524617,433.2208056351538,435.06845606390397,24580100
2024-05-10,436.77789306640625,439.00100817482354,435.23653567013787,437.25216847792285,27116600
2024-05-13,437.78564453125,438.78358573741383,436.3727387710848,438.6847746021528,22994200
2024-05-14,440.6016540527344,441.1352101310495,437.1731152629732,437.36084739880766,34478300
2024-05-15,447.4883117675781,447.7353245285619,441.5600055039681,443.0717223950717,41464700
2024-05-16,446.579345703125,449.25695573333155,446.41136374933757,447.300603706104,34780400
2024-05-17,446.3619384765625,447.31045901301263,444.16846400588616,446.70773221124824,35803700
2024-05-20,449.4743347167969,450.13631207581267,446.3916200736185,446.57935219702347,24474200
2024-05-21,450.3536682128906,450.5414003294952,447.4290454718327,447.6266677481299,23167700
2024-05-22,450.2647705078125,451.36152293797704,447.66619122011053,450.6105944327446,25120000
2024-05-23,448.2392578125,455.0765544193966,446.4508877649814,455.04691409303155,40899200
2024-05-24,452.4779968261719,453.7427009819922,448.1503283413245,449.8497773775448,29669500
2024-05-28,454.18731689453125,454.24659754757704,451.23305379035156,453.6932913505319,26216800
2024-05-29,450.9859924316406,452.76447213726425,449.8991303213493,450.0374719321695,29739200
2024-05-30,446.1545104980469,450.1956664696027,444.8305254989046,450.05732482720447,30536800
2024-05-31,445.32452392578125,447.07339375346913,437.76593868344236,446.3817458895466,55941300
2024-06-03,447.7156066894531,450.1363138301229,442.54808850150624,449.13840270768463,32997500
2024-06-04,448.9407653808594,450.1362987474651,445.73948952356676,447.4586887576052,23767400
2024-06-05,457.99127197265625,458.0703027841876,448.9802518119225,452.5076010658575,33817400
2024-06-06,457.833251953125,458.98928505430365,456.6673588445365,458.6731014527762,21966800
2024-06-07,457.4281311035156,460.17491196915165,456.3215186904431,457.467661590533,25829700
2024-06-10,459.2757873535156,459.6315014350847,456.015230729256,456.3017739959468,20660800
2024-06-11,462.42767333984375,462.5462648024494,456.5092567926191,458.0012236295698,22053300
2024-06-12,468.4844665527344,470.8063928840074,465.6586546176447,466.3502723601342,34532600
2024-06-13,471.023681640625,472.6737401049363,468.7511763645749,472.01173265680745,25859000
2024-06-14,473.4642028808594,473.5333736936647,470.36170799369097,470.8260932107854,23372600
2024-06-17,479.2640686035156,481.0425485388574,472.4267718136733,473.7309763615581,37054500
2024-06-18,479.4122314453125,480.09398906770866,477.65350181941676,479.21463933122305,24438600
2024-06-20,475.71697998046875,481.02280973763214,473.8890793547214,480.60784514761326,33918700
2024-06-21,474.4423828125,476.77419915118367,472.9504461150781,475.4403240994677,37456800
2024-06-24,469.0409851074219,474.9490265120443,468.90245380557906,473.2171889334799,37751000
2024-06-25,474.40478515625,474.70165954196335,470.1889876740023,471.129140230183,29014700
2024-06-26,475.3844909667969,475.92880093044886,473.1677483971883,473.58337252856364,22737100
2024-06-27,476.611572265625,478.08612876340686,474.32554913110164,475.13704596869303,26222100
2024-06-28,474.1375427246094,482.1436072423702,473.49429478929665,477.4033117975724,34881600
2024-07-01,476.91839599609375,477.48245728594264,471.3171348061598,475.0579027852008,24898300
2024-07-02,481.9259033203125,481.98527819601577,475.2954269921551,475.4240826231297,26723600
2024-07-03,485.94378662109375,486.0724422579742,481.17380338161604,481.17380338161604,18064900
2024-07-05,491.0105895996094,491.44602546018973,486.4880122572662,486.7849168172166,28495900
2024-07-08,492.1783752441406,492.73256089290976,490.35747522663445,491.37678420928336,22109400
2024-07-09,492.6038818359375,494.8107486472105,491.08976215311105,493.69247152313164,25614500
2024-07-10,497.7400207519531,498.29420637540426,493.2174734535237,494.5237508797434,28046900
2024-07-11,486.8244934082031,498.05670338480786,485.6369657380776,497.84889132768484,49966600
2024-07-12,489.6844787597656,494.43464949995774,486.933332417575,487.39845569345266,37109400
2024-07-15,491.0007019042969,495.8102781057871,488.9620840273778,491.4559193387255,31151400
2024-07-16,491.1887512207031,493.2669624935249,488.0318560940838,492.45546558304693,25950600
2024-07-17,476.7699279785156,483.72696575198995,476.70067742779014,483.21237345638946,56268800
2024-07-18,474.51361083984375,480.6690578747681,471.32702835165105,480.49093325016867,49347400
2024-07-19,470.3077087402344,476.690779451391,469.0212128794801,474.1771324025522,42042900
2024-07-22,477.314208984375,478.3335178356134,472.75203854862707,476.1662445168207,40300000
2024-07-23,475.6318664550781,479.4023218426893,475.15686747764715,476.413675873234,23282500
2024-07-24,458.57080078125,469.2686064367645,457.70983493602466,468.9024513256549,58818600
2024-07-25,453.51385498046875,463.08350861797516,450.9012698036603,458.9073044861217,59256800
2024-07-26,458.16510009765625,461.0943714926242,454.998298988983,457.8484139466182,39992100
2024-07-29,459.0854187011719,463.05381067459047,456.8290828356766,460.8766312425985,28218500
2024-07-30,452.7815246582031,461.7178056143378,449.4365991488919,461.01518280406907,41317200
2024-07-31,466.1809997558594,467.8831499165186,461.5693600159238,463.0141989264488,44552100
2024-08-01,454.889404296875,470.6144736045948,451.2476045693235,466.8638300127631,56653900
2024-08-02,444.0926513671875,448.86263428021607,439.85707252429887,446.21045588905764,66323200
2024-08-05,430.8515319824219,437.69972643798087,419.05525994795903,420.3021625718776,87483500
2024-08-06,434.9683532714844,442.4301081222253,430.04993302092026,432.6922358150409,63164400
2024-08-07,430.2577819824219,444.3401085442272,429.86193937355574,441.8561486072453,54929200
2024-08-08,443.4197082519531,444.33014311023425,432.61302829327946,436.48245194310226,47890100
2024-08-09,445.73541259765625,447.36828199277033,440.98521139268263,442.1034884926195,33574000
2024-08-12,446.6953430175781,449.6543015423584,443.8946973509151,446.7052488965294,27795000
2024-08-13,457.7790832519531,458.0463003756158,450.9507011946519,451.08926269593627,40084500
2024-08-14,457.9275817871094,460.2828556615313,453.6425036465701,458.69948537304487,34733700
2024-08-15,469.4962463378906,469.8920888985799,463.5189240086724,463.89498501162524,38280600
2024-08-16,470.0998840332031,471.46556648913753,466.75495864422777,467.71489267478665,38383600
2024-08-19,476.2751159667969,476.314709281999,468.4571123615935,470.23844913548015,23737700
2024-08-20,475.2756042480469,477.9277824691398,473.58332983459263,475.364666553884,29209300
2024-08-21,477.49237060546875,479.34295796614543,474.3453815043976,476.0574073595781,25658800
2024-08-22,469.92181396484375,480.50087108600786,468.89259906395546,479.8081238986909,37739600
2024-08-23,475.018310546875,477.72986373864114,470.3472959517967,474.2661885575702,36061500
2024-08-26,470.40667724609375,475.3943780311616,468.32846606891127,474.47403729011756,27452600
2024-08-27,471.81195068359375,472.8807286031664,466.8143440444415,468.77380546465093,27510000
2024-08-28,466.4580993652344,472.06923634933787,463.0340174366107,471.3468319839668,37372400
2024-08-29,465.7752685546875,472.9698061378377,464.4986483367516,468.36807210677364,41081500
2024-08-30,471.3269958496094,471.95046219356595,465.6267968495416,470.10978079793205,33466500
2024-09-03,457.01708984375,468.41751833575614,454.64200434968836,468.2888929130331,44985200
2024-09-04,455.82952880859375,459.62970181353774,452.9794443561613,453.9096909499647,32505100
2024-09-05,456.255126953125,460.53026908790207,453.18729411410754,454.20660310052904,34452400
2024-09-06,444.0332946777344,456.43325146305574,443.53848390385747,455.55247378914544,50624400
2024-09-09,449.7433776855469,450.73299918390046,445.15154963762876,448.35791362802206,32981200
2024-09-10,453.8997802734375,454.40449687986967,447.53652156460316,451.50488306344096,29680300
2024-09-11,463.7564392089844,464.4986553607296,446.5964054047374,455.13684408962206,57843000
2024-09-12,468.30865478515625,469.1201516067789,462.0047711018316,463.7860775972892,40067800
2024-09-13,470.40667724609375,471.5843292398022,467.34875045430647,467.57637427019046,29111800
2024-09-16,468.32843017578125,468.94199062278676,465.0132225862614,468.27896118522233,22585600
2024-09-17,468.57586669921875,472.6432267020708,466.08203143235426,471.3468249743636,30084400
2024-09-18,466.5471496582031,473.8604366394035,465.9434648552166,469.7733253245315,39909200
2024-09-19,478.3434143066406,481.1836532649459,475.50320554918557,477.6011982117997,52782500
2024-09-20,477.4330139160156,478.6700408299841,473.335966280543,477.4824829122334,34577700
2024-09-23,478.6985168457031,479.78863625808964,477.2714569319046,478.60932938150205,24843000
2024-09-24,481.0075378417969,481.9589009890899,475.85429307094455,480.10571320215763,25952600
2024-09-25,481.4535217285156,483.40581684032236,480.2048367630411,480.3832116885974,26549900
2024-09-26,485.0707092285156,489.26270143246154,481.4336813987619,488.935650492815,32020200
2024-09-27,482.3751525878906,486.23020427686686,481.1958457378582,486.0914480623736,22851100
2024-09-30,483.6833190917969,484.0202596018101,478.5796124436247,481.41389274489046,30281100
2024-10-01,476.94439697265625,483.6139194959118,473.1091848680393,483.31662795419345,42735400
2024-10-02,477.61834716796875,479.53099347672526,473.42635462803594,476.0426111384499,23744000
2024-10-03,477.2615661621094,480.1949538329901,474.6849283697324,475.4281875265743,25337200
2024-10-04,482.9400634765625,483.4950278786583,478.0543806808698,483.0688998990654,30686600
2024-10-07,477.7669982910156,482.19682413323716,476.548042370329,481.0274369696279,24975100
2024-10-08,484.9022216796875,485.5860224668313,479.5012237331116,480.3039411365778,28272000
2024-10-09,488.7176513671875,489.29245536882917,483.5644061682119,484.6049568617026,24995000
2024-10-10,488.16265869140625,490.0257663240612,485.130164010439,486.43830727293584,25750400
2024-10-11,488.9257507324219,489.9465223032904,485.7644497271091,486.32930368033,20644500
2024-10-14,493.02850341796875,494.3465361602604,490.80864606535613,491.3140416541778,26060100
2024-10-15,486.4383239746094,494.0195609373264,484.2878142839425,493.35556948418406,34784500
2024-10-16,486.4977722167969,487.2707604745814,483.18779530560226,486.76533460642946,22996800
2024-10-17,486.8347473144531,492.0276416079537,486.7752890014201,491.97810309485703,27210700
2024-10-18,490.0257873535156,491.1159067857121,488.8662898112495,489.61946873591097,25335000
2024-10-21,490.96728515625,491.7700026314171,486.8942092236496,488.8167753413639,30336500
2024-10-22,491.5024108886719,492.9790396580823,487.5482818189782,488.301460782079,26685800
2024-10-23,483.970703125,489.80777949555636,480.6904551648371,489.1537078148346,39346600
2024-10-24,487.8951110839844,488.56899209054706,485.0409912405532,487.68697675640317,22024900
2024-10-25,490.8681335449219,495.7835452221233,489.9861182359376,490.6897586206183,38762100
2024-10-28,490.9474182128906,494.0393713144082,490.65012666208736,493.9799130042475,20477800
2024-10-29,495.6646728515625,496.8439798063239,489.41138819730327,491.2645761995589,28014100
2024-10-30,491.9186096191406,495.85292901449105,491.43302334965017,494.9015658306743,29756000
2024-10-31,479.50128173828125,488.00415351011384,479.40217446492693,487.9546149950835,41245200
2024-11-01,483.049072265625,486.33924004761803,480.8391344021652,481.1364259666195,33655800
2024-11-04,481.6418151855469,484.98152122615164,479.89762415814664,482.4445325917277,23291600
2024-11-05,487.78607177734375,488.450063211135,483.13822247067543,483.2274099331328,24353600
2024-11-06,501.035888671875,501.85844565844053,495.1096556168165,496.06101877316587,43082200
2024-11-07,508.92431640625,509.70725465257993,503.77107179071777,503.83053009542596,32853100
2024-11-08,509.51904296875,510.29200105591366,507.8045506782223,508.42889322268616,22924500
2024-11-11,509.2217102050781,510.94606166969805,506.3279414175583,510.7379273428509,24167500
2024-11-12,508.300048828125,510.0343202052163,505.2477445114932,509.15236530324336,25835300
2024-11-13,507.64599609375,510.3514400261562,505.36668014613633,507.7946721174008,24567400
2024-11-14,504.11798095703125,508.1811066415075,503.2062364575977,507.30904134011206,28679500
2024-11-15,492.1069030761719,498.80612454252906,490.04558089937717,498.41964553643646,51461100
2024-11-18,495.5259094238281,497.6268806924794,492.265501060555,493.6529120920853,27080800
2024-11-19,498.9349670410156,499.4205835584643,492.612304704476,492.94927544853863,24523000
2024-11-20,498.6476135253906,498.9548248827178,492.0970072679585,498.63769372570533,29565500
2024-11-21,500.44134521484375,502.4035299899302,493.088021478257,501.6900000053646,34526700
2024-11-22,501.24407958984375,501.97741895532835,498.2611231276005,499.88639768637404,23826600
2024-11-25,502.036865234375,506.8532002381663,499.727820122481,505.3171131868859,26375200
2024-11-26,504.732421875,505.5549789384047,502.6711298031389,503.51346597969416,26557100
2024-11-27,500.7584228515625,503.67200096615676,497.4187167746415,503.6026531011734,24957400
2024-11-29,505.1585388183594,505.75315217485644,500.7683621205399,501.3827848330466,15334000
2024-12-02,510.6586608886719,511.6199741872277,506.03065079539806,506.4171600748149,25147200
2024-12-03,512.224365234375,512.5018776266475,508.7558232504012,509.33062714398557,18597900
2024-12-04,518.5570068359375,518.8146796626284,514.9298686374995,515.6434288103802,26086200
2024-12-05,517.1199951171875,519.3299326318131,516.7334859011141,518.6065131914003,18169600
2024-12-06,521.7481079101562,521.9859411713386,517.6552224953138,517.7840589262187,23762600
2024-12-09,517.6849365234375,521.6192257616104,516.5353285463648,520.8264281316256,20674400
2024-12-10,515.9208984375,520.6579655236552,514.4938385293885,518.9137744707876,24350000
2024-12-11,525.1571044921875,525.8409052468438,519.875053656175,520.2813419948772,32168600
2024-12-12,521.7678833007812,524.2057949010591,521.2922168369533,522.9372703487448,23577500
2024-12-13,525.7616577148438,528.3778835858818,522.560647627192,525.6922796121901,28780400
2024-12-16,533.3330688476562,534.304302025787,528.2095522285142,528.2888501482084,31979900
2024-12-17,530.9843139648438,532.6492071689107,529.3293405604305,531.5392783661994,28579100
2024-12-18,511.8280334472656,532.0546259876975,510.38119437057514,530.3401942657196,54703200
2024-12-19,509.5487365722656,517.0705459413463,509.21182628972144,516.5056617171667,46441800
2024-12-20,513.9984130859375,520.1030827285903,504.7126629138714,505.852321010616,60530000
2024-12-23,519.0060424804688,519.383239168352,512.31586004398,515.7105696508168,29672800
2024-12-24,526.0437622070312,526.1330632045123,520.3163815436208,520.9516666586724,17558200
2024-12-26,525.6863403320312,527.3142356084127,522.4206745678785,524.4158307733787,19090500
2024-12-27,518.6983642578125,522.559632331355,514.0330843757536,522.1228814363513,33839600
2024-12-30,511.7997131347656,515.522001257147,508.0476479190875,511.70047635181544,34584000
2024-12-31,507.4521179199219,513.8345638741997,506.48928482473434,513.0802310210817,29117000
2025-01-02,506.4595031738281,512.8221380642742,501.9728857721829,510.49940358547883,36389800
2025-01-03,514.7477416992188,515.8098417331423,508.7424629551306,509.55634989003045,29059500
2025-01-06,520.6636962890625,524.0187233784725,518.1722957509822,520.1475802181556,36109700
2025-01-07,511.3728942871094,522.1030076792526,509.4869713360559,521.7059999662438,36690300
2025-01-08,511.4622497558594,513.1000201476976,506.7969699488272,511.27365140459267,30777800
2025-01-10,503.4419860839844,507.799529251394,500.1961615298894,507.700292461824,40532500
2025-01-13,501.823974609375,502.28056678713506,496.00729379112454,497.49620898526393,31694200
2025-01-14,501.3475646972656,506.39004165996994,497.8833646668992,504.98052179626774,33737200
2025-01-15,512.8816528320312,514.0231181011155,507.6803552886918,509.23879071405617,34957600
2025-01-16,509.2884826660156,515.224272558158,509.1594384871324,515.1448467748171,28229000
2025-01-17,517.8844604492188,520.1972592877152,509.31822917298143,518.9862432829292,51837900
2025-01-21,520.921875,522.0832120911833,516.2169118563148,520.6042324328826,23628000
2025-01-22,527.5822143554688,529.8751413083515,525.3488415863966,525.6565483001042,33593000
2025-01-23,528.703857421875,528.8229657869698,524.5448186856646,525.1304247166951,23096600
2025-01-24,525.7161865234375,529.8454186239994,524.247142698527,529.0811499069405,19878300
2025-01-27,510.41009521484375,514.162130138184,506.3800700726188,507.2237947720407,60771700
2025-01-28,517.953857421875,519.1350658267572,507.9979796464781,511.4125304134355,33194200
2025-01-29,516.981201171875,518.7282048637726,513.0802502522747,518.5991606876129,26649000
2025-01-30,519.1846923828125,522.2121410225601,514.380493502768,519.8398489654351,27431300
2025-01-31,518.4303588867188,527.5921922182381,517.3385119017584,523.0261489535886,38755200
2025-02-03,514.28125,517.000992221849,507.27342449560086,509.6755241871737,40580800
2025-02-04,520.5942993164062,521.2295844539116,514.4004206860424,514.7974890430145,26046800
2025-02-05,522.9566650390625,523.11551659981,516.7727228160936,517.9638671852232,21134100
2025-02-06,525.6863403320312,525.8948102853632,521.8548794809367,523.4629031663001,19434500
2025-02-07,519.0557250976562,528.1678797493125,518.3311390158517,526.2224024701397,29605500
2025-02-10,525.3389892578125,526.4407721254191,522.8574635645778,523.3239613145266,20852800
2025-02-11,524.0883178710938,526.0040485358071,521.94430621765,522.0733504071393,19325500
2025-02-12,524.3958740234375,525.2793115026069,518.0928244789425,518.4402137606293,25009400
2025-02-13,531.9398193359375,532.2574012792994,525.2793832223591,526.0635234537466,28714800
2025-02-14,534.1732177734375,534.8581212532781,531.7115032138299,532.0490173479468,17862600
2025-02-18,535.3840942382812,536.0094434356852,532.0786857068766,535.7414193270516,20565000
2025-02-19,535.5330200195312,536.8134652370089,532.4956355398415,534.5900283086233,19666900
2025-02-20,533.2598266601562,535.116002429008,528.5251183726856,534.7487415924396,26550800
2025-02-21,522.1923828125,534.421347555334,521.8251218909734,534.4014759647268,47093800
2025-02-24,516.0282592773438,525.1602852244356,515.6908057368098,523.9790766643296,39268400
2025-02-25,509.5267028808594,515.4823644051806,505.67537024840186,515.4029386213022,48940000
2025-02-26,510.757568359375,515.8198568025589,507.5911389871664,511.72043188204816,34457600
2025-02-27,496.57305908203125,515.2341477107384,496.35468364163813,514.3010917647001,52448000
2025-02-28,504.41473388671875,505.0202115627976,493.2577747457523,496.43413947250224,47654000
2025-03-03,493.3768615722656,509.2486881332856,489.93250314963643,507.73993161461107,44587200
2025-03-04,491.8879699707031,500.0174498903787,484.1356867718227,490.5280988504062,67875400
2025-03-05,498.3002624511719,499.90828614862966,487.62970266721254,492.5331995401363,46323700
2025-03-06,484.5923156738281,494.89558418778057,482.6070952577814,490.0417360224173,57574300
2025-03-07,488.15576171875,489.6347411717219,476.9789615630039,483.5599718062666,54714700
2025-03-10,469.2366027832031,480.393531072757,465.1966722399011,479.8773847046623,76668000
2025-03-11,468.114990234375,475.2717015064333,463.55891291656457,468.85944790641054,68760800
2025-03-12,473.39569091796875,477.50508157643935,468.3035955192933,475.61912817116786,46971100
2025-03-13,464.87908935546875,472.7604173080319,462.9832001082339,472.73064021166954,46563300
2025-03-14,476.1153869628906,477.0087300371878,469.6237081167645,470.2292160585815,43563000
2025-03-17,479.2024230957031,482.2497437290607,474.26914911026887,476.06577117794853,41744400
2025-03-18,471.03326416015625,476.0657749736721,468.91899953639006,475.86727110411596,39072300
2025-03-19,477.33636474609375,481.7435264527976,471.36083156550126,473.2864979024419,40430300
2025-03-20,475.7183532714844,480.9692391887988,472.66109702608003,473.355936252415,36780500
2025-03-21,477.2867126464844,478.0510116397219,469.4153205735283,470.57665761140777,42234900
2025-03-24,487.7604064941406,488.60538941404207,481.5373907904982,484.8576491349716,34567200
2025-03-25,490.54388427734375,490.7029423960745,487.52187103316214,488.4861400211188,26035200
2025-03-26,481.51751708984375,490.24562966600536,479.96673847902554,489.390696139039,34627100
2025-03-27,478.7738342285156,483.70451433059617,477.41193517577676,479.5591741727875,33469800
2025-03-28,466.1687927246094,477.68034714960163,465.28403763438615,476.974551402309,46363800
2025-03-31,466.1488952636719,467.08331235256605,454.6273605455005,459.19026229129486,53000300
2025-04-01,469.90655517578125,470.83105198841025,461.6754876852753,464.53844262078127,41156200
2025-04-02,473.3361511230469,476.7260031222664,463.1069521266998,463.3654253458386,49894500
2025-04-03,447.9967956542969,457.3511902166352,447.4798795534505,453.742637111202,70456300
2025-04-04,420.1722106933594,437.7675929050692,420.1722106933594,435.55079068681124,117088400
2025-04-07,421.1861877441406,440.52125924890055,400.01207316550386,406.24500940343484,161557000
2025-04-08,413.60125732421875,440.52124286102435,407.3683213181599,435.5706616527368,101248100
2025-04-09,463.24615478515625,465.0653269802432,412.97499289588256,413.1141801222823,142876900
2025-04-10,443.54327392578125,452.89766878987024,430.07336033484415,450.8796663706337,108384100
2025-04-11,451.71466064453125,453.0964608286063,438.72189215337244,442.0222794815872,52483800
2025-04-14,454.7764892578125,462.3017305650004,449.95514472763216,461.7152208667026,43941200
2025-04-15,455.2834777832031,459.64754944257936,453.4543549864483,455.83024573579985,35404200
2025-04-16,441.5550842285156,449.94520996662885,435.17304059444126,446.37642892854547,48980600
2025-04-17,441.4755554199219,445.103979334769,438.75172707786896,444.5274202476084,44837000
2025-04-21,430.55047607421875,436.4851969411389,425.40109511314887,435.6402443758458,44149300
2025-04-22,441.8533630371094,444.9350193638807,435.03388632871594,436.2268070816329,52304400
2025-04-23,451.87371826171875,460.6416026468302,450.2036537132872,455.46240028946823,55801100
2025-04-24,464.5881652832031,464.89633088737224,453.1362241937562,453.78240723852906,45956100
2025-04-25,469.7673645019531,470.29423120888106,462.63975320893314,464.2104027176438,38697100
2025-04-28,469.6182556152344,472.0040665388327,463.27595392675005,470.23458681729716,33550800
2025-04-29,472.7198486328125,473.60460372916896,466.81494870601875,467.3915381780168,30613100
2025-04-30,472.6601867675781,474.37997416490805,459.697238824554,464.36947606745446,46810600
2025-05-01,478.8334655761719,484.30096287876717,477.89901815565884,480.5532529218463,43316500
2025-05-02,485.94122314453125,488.00894827712347,481.9648613296433,483.66477784831574,39218100
2025-05-05,483.0583190917969,486.14000526081196,481.239147089897,481.73619226756944,28309500
2025-05-06,478.5650939941406,482.1835675083398,475.36412148604,476.7260205679887,32786300
2025-05-07,480.44390869140625,482.9291348492083,473.9624497932624,479.2311171129095,38006300
2025-05-08,485.4044494628906,489.7883921245775,481.3088015351198,485.6430214704163,39577600
2025-05-09,485.0862731933594,488.63518305225665,483.32674418115084,487.31302588730426,27767400
2025-05-12,504.8488464355469,504.88861854839246,498.51649505607935,503.99391286415016,45090600
2025-05-13,512.5431518554688,514.3325026354601,505.4155095627927,506.15112683099704,53269600
2025-05-14,515.6148681640625,516.1616058199734,512.7021901958013,513.7161819509431,47014500
2025-05-15,516.181396484375,518.845551249811,512.1254910070218,513.46754933804,50153300
2025-05-16,518.4281005859375,518.6169801912382,514.0441278903378,517.5830873308704,48394600
2025-05-19,518.9252319335938,519.4421784495908,511.201128732598,511.201128732598,52536200
2025-05-20,517.1953735351562,517.8514464284522,513.6066614830175,516.4000527652197,42517600
2025-05-21,510.00811767578125,519.9092799162278,508.21876708820884,513.2190709308395,71292800
2025-05-22,510.9625549316406,514.6506528032378,509.2725888212911,510.6245374397813,55607200
2025-05-23,506.2305908203125,508.8152319544728,502.59221627823973,503.1886765918508,58368100
2025-05-27,518.1397705078125,518.6269257716245,511.5490069592283,513.099785560271,47226300
2025-05-28,515.8433837890625,520.5852140545883,515.3264980787542,519.0940785672615,46637200
2025-05-29,516.857421875,523.3687019543887,514.2628604553026,523.2196247969079,58513300
2025-05-30,516.0422973632812,517.6030267064441,508.9047349583655,516.3703642123456,67662800
2025-06-02,520.1180419921875,520.3566139720011,512.9207767791972,514.1832909592489,44762800
2025-06-03,524.1838989257812,525.6153916465726,519.6011563664897,520.4660102317107,44070300
2025-06-04,525.6452026367188,526.708886650537,522.8617009643712,524.8896842213366,41359300
2025-06-05,521.6886596679688,529.8998557728775,519.5712423411791,527.0468212855055,61031200
2025-06-06,526.7883911132812,528.6572860020211,525.0885352856423,526.8679353376542,42467000
2025-06-09,527.5638427734375,529.2040557008712,525.8838273941709,527.0071545180014,33688700
2025-06-10,531.0530395507812,531.7389643345455,525.7644714899908,528.0309659877803,40664800
2025-06-11,529.2636108398438,533.6078414430042,526.9772151943893,532.4546626717411,53701000
2025-06-12,530.5062255859375,531.4804753804111,527.7029442130614,527.9514667987352,34104900
2025-06-13,523.845947265625,528.7269048823287,522.6231747023902,524.5616632957901,55814400
2025-06-16,531.1325073242188,532.2061418831144,527.3152343861935,527.3649267684334,37622100
2025-06-17,525.9534301757812,530.1783148927323,524.790300579849,528.5678931016404,42180900
2025-06-18,525.8638916015625,529.4028511373086,524.2833217813045,526.9673174269449,43983500
2025-06-20,523.7166748046875,530.4068839390565,521.7781863439574,529.1145785233912,61643500
2025-06-23,529.1017456054688,529.6192118620138,521.1400908129034,524.2849177292203,50666100
2025-06-24,537.1928100585938,538.1083833993794,533.6996241180443,534.3166475371182,45442000
2025-06-25,538.5660400390625,540.7057587768334,536.7946036696304,539.461750381059,44804200
2025-06-26,543.6018676757812,544.0497229160504,538.9244439782782,540.7456288167091,43811400
2025-06-27,545.4629516601562,547.3538082383178,541.9299187322695,544.6369129629151,57577100
2025-06-30,548.9959106445312,550.150323841353,546.3785118204822,548.6177271894713,45548700
2025-07-01,544.3682250976562,548.0704264374054,542.0493759591154,547.0950823478822,56166700
2025-07-02,548.159912109375,548.3589656247289,543.5023514145969,543.5421378206258,36538300
2025-07-03,553.553955078125,554.5292991491806,550.528547956803,550.528547956803,26443500
2025-07-07,549.3840942382812,551.6830197478901,546.9458251844275,550.8669428006658,45349300
2025-07-08,549.6925659179688,551.3545443122363,548.4584584278795,550.7275591514004,36153300
2025-07-09,553.5838012695312,554.957191559505,550.448875446199,551.8222657361728,43045500
2025-07-10,552.7877197265625,554.6288283109999,550.1006487780387,554.2208201829343,34710900
2025-07-11,551.5436401367188,553.1259849885996,549.4039211443059,550.6479296881262,39618600
2025-07-14,553.5440673828125,554.280510790838,548.9860026438791,551.3346764161255,36453300
2025-07-15,554.051513671875,558.1119745200461,553.9918036921638,557.5646229155932,43277700
2025-07-16,554.6188354492188,557.5248833529374,548.9163193085661,554.6089344039383,52314700
2025-07-17,559.1072387695312,559.6148040205102,554.5392729959415,555.3453881761403,40423800
2025-07-18,558.56982421875,562.0231629422733,557.2959302535468,560.4208944407413,50484700
2025-07-21,561.4658813476562,563.3468370391857,559.3660092861638,559.3958946507648,39595200
2025-07-22,558.559814453125,561.6449312247784,555.9324539325285,561.5951830334812,43270600
2025-07-23,561.1075439453125,561.1473303500087,556.8978386154415,559.6446191045442,40215300
2025-07-24,562.3018188476562,563.5259038068097,560.590031519654,562.4212388074466,42275500
2025-07-25,563.6552734375,564.9789154964288,561.5653634434884,562.2221732082169,30630800
2025-07-28,565.4169311523438,566.3125810251406,564.1529987987896,565.0188240471344,31498700
2025-07-29,564.541015625,569.3677442783611,563.8145341030877,568.0242394036405,45463300
2025-07-30,565.2974243164062,567.88493787487,562.3416283337683,565.4566306884598,43433800
2025-07-31,562.3018188476562,571.8757036606775,561.1672684870435,571.7861083195327,64613600
2025-08-01,551.2252197265625,556.3405979294319,549.0357523301388,556.1515061828632,69400800
2025-08-04,561.3961181640625,561.6150952409816,556.2708397121321,556.3703360927129,47669800
2025-08-05,557.5845947265625,563.8444243211386,557.047144120063,562.6800492447384,48666600
2025-08-06,564.6007690429688,565.0386624956789,557.9428326498341,558.4205125100245,41823700
2025-08-07,566.5115356445312,570.5719965866228,562.4013265086303,568.9298809926769,44463000
2025-08-08,571.7960815429688,572.0150586353669,567.4172078636645,567.7157577691117,35255500
2025-08-11,570.104248046875,574.0353274481827,568.8304148017489,571.9354554685915,33112900
2025-08-12,577.2697143554688,577.568264258411,569.7459530883017,572.4031383383943,42143300
2025-08-13,577.5584106445312,580.5241078283162,576.1650966595718,579.9667943828545,41209300
2025-08-14,577.1105346679688,579.0909866487473,575.139983732242,575.508266162602,45425000
2025-08-15,574.57275390625,577.060771050305,572.811218330625,577.0209239007323,49480200
2025-08-18,574.3438720703125,575.0007426774456,572.4828399211221,573.6771004174088,29831000
2025-08-19,566.5513916015625,573.7964659713523,565.5262993771687,573.6272978127284,53752600
2025-08-20,563.1876220703125,565.7253875756548,556.1614636230435,565.6059676042936,76781100
2025-08-21,560.5802001953125,563.774775630925,558.2911756152315,561.6450181787756,46436900
2025-08-22,569.2284545898438,571.238791941298,560.5702032580724,561.9634564557491,51502100
2025-08-25,567.5864868164062,570.5422225712209,566.4320126331755,567.6661203876056,34044700
2025-08-26,569.8653564453125,570.1738681264644,566.0736209319145,567.0987131018536,34103000
2025-08-27,570.7412109375,571.6567843025553,567.6361701841732,568.8503542214644,36927100
2025-08-28,574.3140258789062,575.2295992365423,569.7161747720991,571.3582297430389,46787900
2025-08-29,567.666015625,572.273828233091,565.8148847062891,571.9055458127416,56030400
2025-09-02,562.908935546875,563.257233673264,556.8580604404501,558.6195961337324,65876800
2025-09-03,567.3375854492188,568.9597775003773,564.0135677896833,566.5015849549442,54230200
2025-09-04,572.4728393554688,572.8410610450118,566.3026052373926,568.0043701424134,47526300
2025-09-05,573.298828125,578.3345721151251,568.7905728965633,577.707586970244,68342500
2025-09-08,576.0953979492188,578.0559870759845,575.0006946855148,575.5977945125156,46371400
2025-09-09,577.7275390625,578.1554707195171,574.274139701763,576.8915385805233,44007600
2025-09-10,577.9166870117188,580.9719796320359,575.7769677758832,580.942094267134,49308000
2025-09-11,581.2804565429688,582.0766099053841,578.8322257294989,580.4444560297375,44745800
2025-09-12,583.8480224609375,585.0422828265267,581.3002953608963,582.2357922273038,50745900
2025-09-15,588.843994140625,588.9534523182087,585.4702282697297,585.6195335974215,44360300
2025-09-16,588.3463745117188,590.018314719858,587.6596793599289,589.7695130089575,36942100
2025-09-17,587.1720581054688,588.9136701422223,581.5690385221046,588.2667613743852,69384800
2025-09-18,592.466552734375,595.2730433570825,590.1178791327126,592.058483907603,61069300
2025-09-19,596.4772338867188,597.1738908683575,592.9940097211341,594.4669572446983,58196100
2025-09-22,600.0083618164062,600.6759063866804,595.5446250028239,595.56457167487,57154800
2025-09-23,596.0228881835938,600.376978885606,594.8072966999976,600.1776946146698,64635500
2025-09-24,593.9305419921875,597.7167610032964,591.2005236200914,597.3979183069385,49850300
2025-09-25,591.3699951171875,592.9541745739684,586.3582716088486,590.0448183593098,70920200
2025-09-26,593.8009643554688,594.1297803627111,588.9088608410209,592.1868651388552,54337400
2025-09-29,596.5509643554688,599.858888854889,595.2357610619866,596.929586249639,48332900
2025-09-30,598.18505859375,598.5238479838199,593.9305790157047,596.2521164355429,46533800
2025-10-01,601.0545043945312,601.592517201177,594.1696797218984,594.9966151966095,46899600
2025-10-02,603.5254516601562,604.9502399376884,600.7356543050928,604.8506282086944,43765400
2025-10-03,600.9848022460938,605.1197232184186,599.2013385970163,604.3027001978111,46482100
2025-10-06,605.498291015625,607.1422494333636,603.7645725777412,606.2355880916678,41962100
2025-10-07,602.3099365234375,607.4910236381941,600.835342343377,606.8035324139453,58209500
2025-10-08,609.2147216796875,609.523591030116,603.0572205300643,603.2066381307736,50629800
2025-10-09,608.4774780273438,609.3841394863078,605.2691650224094,609.2546077331658,45551000
2025-10-10,587.3545532226562,610.9483641105261,586.9061788056832,609.1748739271294,97614800
2025-10-13,599.8190307617188,600.7556121211176,595.056398092238,597.497493628088,65872600
2025-10-14,595.8236694335938,600.4966033203683,587.9823159734815,593.1434568492728,69203200
2025-10-15,600.0283203125,604.4920576664449,593.7612333108135,601.8118449118447,62805500
2025-10-16,597.8064575195312,606.0961859916426,593.3328076253713,602.9078195311333,70982000
2025-10-17,601.7320556640625,603.306322454893,594.1995718879336,595.7738386787643,72024900
2025-10-20,609.3143310546875,610.5697551235123,604.8606284241672,604.9303809627713,45761700
2025-10-21,609.1549682617188,610.4900574537519,607.1024677916307,609.41403175621,44538200
2025-10-22,603.286376953125,609.1848147458128,597.5573034367524,608.5969960402966,61478800
2025-10-23,608.3578491210938,609.1449520725764,602.3199065464308,602.7084409478078,42844300
2025-10-24,614.8540649414062,616.1692681518385,612.8912638677524,613.7481193370727,47632500
2025-10-27,625.80419921875,626.2624862060553,621.7589773359792,622.2471843336021,54098600
2025-10-28,630.6165161132812,632.3701204498367,626.9598898422056,628.0658354818435,61195700
2025-10-29,633.4561767578125,634.69165413006,627.9562469711387,633.276839153424,67422800
2025-10-30,623.7715454101562,631.1944440896802,623.6619603385896,629.869267455657,61628600
2025-10-31,626.7805786132812,631.8919134270566,624.4092354874234,631.8619934183905,66305100
2025-11-03,629.7796020507812,633.5059808284601,627.5576766411583,632.7985429356352,37154300
2025-11-04,616.996337890625,624.6683271251044,616.2092348629542,621.0117005353788,63830800
2025-11-05,621.0116577148438,624.3195213581258,614.9637416360841,616.2390515684897,48688500
2025-11-06,609.4439086914062,619.7761638844125,608.078899450419,619.5270737190788,72115100
2025-11-07,607.5208740234375,607.730131632313,596.4911554011275,606.0960857298178,81835400
2025-11-10,620.9617919921875,622.0378784586748,614.644899897251,616.6674802752618,55919900
2025-11-11,619.307861328125,620.4536395227035,615.2726130875191,618.3115007347396,44868800
2025-11-12,618.8196411132812,622.5858524528388,615.5615225825271,622.5659665942537,47444400
2025-11-13,606.185791015625,615.8703865003098,603.8742272112875,615.2924803459697,71333600
2025-11-14,606.6441040039062,611.1177533949825,594.9966460866717,597.3679891941105,80087300
2025-11-17,601.4630737304688,610.2509824067986,597.686888568112,604.0934805750228,63850400
2025-11-18,594.1397705078125,600.1179339423381,589.1878876531316,597.4377215700049,83327300
2025-11-19,597.6868286132812,603.9539148983285,592.4260762649179,594.897031094223,73111500
2025-11-20,583.5385131835938,611.7953468701894,582.6218784315797,609.3940836964333,117743200
2025-11-21,587.9224853515625,594.807310091711,578.6264242609341,585.3319113971087,103344200
2025-11-24,602.9575805664062,604.4720682054578,592.9939741263881,593.1135933516537,60168100
2025-11-25,606.674072265625,608.0390815394395,595.1461718391749,601.3136469136847,57560900
2025-11-26,612.034423828125,613.9474190856081,608.1685399702174,610.2808195033393,42393600
2025-11-28,616.996337890625,617.0660904342964,613.1802595402138,613.8677508272276,23034400
2025-12-01,614.923828125,617.1855860502521,610.2907880213397,611.3967336448243,40957600
2025-12-02,619.7362670898438,621.4798980663827,615.3423437866954,617.2055331651553,54541800
2025-12-03,621.2507934570312,621.9481972408511,615.7807833814271,617.3649627124794,47841600
2025-12-04,620.6728515625,622.6655726885474,617.2852013230104,622.6555993528335,47067800
2025-12-05,623.2036743164062,626.6311575742,621.4401572213803,622.1077018660956,53614200
2025-12-08,622.0079956054688,626.5513972974647,619.4273950138578,624.9273247300189,43462400
2025-12-09,622.775146484375,623.5921694288306,618.7398984397635,620.7425928652799,37156000
2025-12-10,625.3258666992188,626.920080160108,618.7299643381673,621.5795410824109,55031400
2025-12-11,623.3033447265625,623.5026290294861,615.4719033941835,621.5497401616841,58272800
2025-12-12,611.3867797851562,621.2706598008424,609.1349951238292,619.8160122611713,75158700
2025-12-15,608.3179931640625,616.1693197420918,607.102462393675,616.1195138735233,49538200
2025-12-16,609.5235595703125,611.2771638485672,604.7011478051123,606.0462710202155,55152800
2025-12-17,598.224853515625,611.4167192166101,598.0953825829183,610.8288396926666,70654300
2025-12-18,606.8931884765625,610.6992932536183,604.7111563372118,607.5806797208244,78875800
2025-12-19,614.8043212890625,615.3722541519244,609.6431804668954,609.722906345813,60369800
2025-12-22,617.7513427734375,620.1855972768566,616.3147325600856,619.8862552767364,43703100
2025-12-23,620.6444702148438,620.9437513214359,616.3247143117193,616.7437078609482,41120400
2025-12-24,622.4602661132812,622.8094781897531,620.2554500580117,620.524833532521,18468700
2025-12-26,622.4202880859375,624.0464530908596,621.672054895625,623.1884327551913,28959800
2025-12-29,619.4074096679688,621.312944373981,617.2724362589381,618.6392040742111,32458300
2025-12-30,617.9707641601562,620.7142858196408,617.7612369489017,618.3798323976478,31226800
2025-12-31,612.8628540039062,618.4995685313527,612.6034567489972,618.1903012408169,40746500
2026-01-02,611.6757202148438,621.3827805917631,608.7127456204436,618.5993746796253,61859200
2026-01-05,616.5341796875,619.3475438678657,615.2671519649484,617.8610636312775,46828400
2026-01-06,621.951416015625,622.550039153126,617.0829067758982,617.7712838046286,43137500
2026-01-07,622.550048828125,626.4607976434537,621.0934661514185,621.5723159557587,44880300
2026-01-08,619.0083618164062,621.9514248328863,616.3446684463296,621.5623898130801,50435900
2026-01-09,625.173828125,626.4108973206594,617.6016810573577,619.946120817708,49688700
2026-01-12,625.6925659179688,627.368601054656,620.7941591397378,620.8440291770474,37388700
2026-01-13,624.7647705078125,627.9871421828441,622.2307758506613,625.7923733874012,44481400
2026-01-14,618.0905151367188,621.9813522711377,613.1122798122711,620.7741807448011,72598700
2026-01-15,620.3153076171875,628.5159146085045,619.2877047511574,625.1238996016858,53934900
2026-01-16,619.7965087890625,624.6051616315584,617.4221104790464,624.0265108868263,61058100
2026-01-20,606.6276245117188,613.611135001854,605.6199939698072,609.0918377338978,81988900
2026-01-21,614.8282470703125,618.958448118544,606.4280383777512,608.0342310571399,79837900
2026-01-22,619.2976684570312,620.9936758988773,616.3247080096578,620.8838887514372,42254800
2026-01-23,621.2530517578125,623.9267921630139,617.1926928942361,618.2701049354484,43645800
2026-01-26,623.9866333007812,626.1315320367429,620.654474506515,621.7419335987944,35983000
2026-01-27,629.6432495117188,630.5510790290263,625.8621995501378,627.428447510711,38997200
2026-01-28,631.7283325195312,635.1003753282191,630.3216807638972,633.9631070350727,50691700
2026-01-29,627.947265625,632.1772678570734,616.8135816536253,631.159712042883,79944000
2026-01-30,620.4050903320312,626.780052376051,617.8411370320566,624.2360714484229,65650700
2026-02-02,624.6650390625,627.0094788951942,617.2026180242116,617.2425627681274,49020300
2026-02-03,615.0676879882812,628.4959413976924,609.5207880738473,626.8199062679399,81234000
2026-02-04,604.3230590820312,613.6510093064408,599.0554677378625,613.5712416010163,81850700
2026-02-05,595.6236572265625,603.3852988890579,593.3589849842447,598.7961590682759,89354500
2026-02-06,608.2138671875,609.9696699932801,597.3594924154261,598.7761302609774,78019300
2026-02-09,612.8728637695312,615.0078372205985,603.6446538426547,606.1088060763491,56797600
2026-02-10,610.029541015625,615.566515685603,609.5706636004911,613.8605219833995,53938900
2026-02-11,611.6657104492188,616.0653561148772,606.2584951427149,614.9280269463444,58575100
2026-02-12,599.22509765625,614.3593449076634,598.1576109292407,613.2619605146361,81378900
2026-02-13,600.5020751953125,605.0513310342399,595.0150312237765,599.0155948438262,69237500
2026-02-17,599.8834838867188,602.527265543405,591.9422745141455,596.9703796848319,69013800
2026-02-18,604.3629150390625,608.3335807359596,599.3048511606997,600.691591343514,64250700
2026-02-19,602.0484008789062,604.3929016136949,599.3348375008546,601.3899824064425,60960800
2026-02-20,607.3758544921875,608.912204870808,597.818404566386,598.7063226521155,74127300
2026-02-23,599.9932250976562,606.5777139403463,597.6387991893799,605.1809875790976,63859100
2026-02-24,606.4380493164062,607.5554060860559,598.3172099190714,600.9809641013653,55023700
2026-02-25,615.227294921875,615.3769659271486,609.5606824638733,609.6305248735758,55710700
2026-02-26,607.8048095703125,614.1398874724765,602.5571907580546,614.1398874724765,96178900
2026-02-27,605.859375,606.8869778398549,600.7714135107487,601.5595305738112,68125200
2026-03-02,606.6575317382812,608.4831769130049,596.5812880631398,597.449233707877,75264600
2026-03-03,600.1629028320312,602.5373012472795,590.4757543096065,594.925270014521,97015500
2026-03-04,609.311279296875,611.4362666076488,602.0085154373871,602.7367763187228,70943900
2026-03-05,607.4755249023438,611.316491745462,600.8412272682934,605.9691332548557,89602400
2026-03-06,598.337158203125,604.5724349663923,596.9205203720956,598.8958365654587,86302300
2026-03-09,606.3283081054688,607.8347607375977,589.9370196014203,592.83015152989,93068200
2026-03-10,606.3383178710938,611.8452732023572,603.9938171455258,606.3483040570791,64078900
2026-03-11,606.2584838867188,610.9873082570145,603.6047767674571,607.5155254821397,60114800
2026-03-12,595.8530883789062,602.7168865412752,595.6435611395323,601.3401324342583,71836600
2026-03-13,592.3213500976562,602.1780807449821,591.1740956767717,598.3172021392496,63145500
2026-03-16,598.9656982421875,602.4374809704295,597.6986704778886,598.6264723831473,49077200
2026-03-17,601.8887939453125,604.4727195335382,600.4521836848432,601.7192114600242,47106600
2026-03-18,593.4986572265625,601.7391485345295,593.1594313501803,600.0730994941966,56128000
2026-03-19,591.623046875,594.3964663870662,585.6970372512312,588.1213056121308,75597600
2026-03-20,580.6888427734375,589.777367794347,577.177115328303,589.6676415345306,91964700
2026-03-23,587.3545532226562,594.426798587646,585.316814476339,589.8718065319924,89936100
2026-03-24,583.3389282226562,587.2846043834495,581.291190762444,584.168034177979,57750900
2026-03-25,587.1747436523438,590.7208345412774,585.0470769253521,588.4933019738706,60475500
2026-03-26,573.1600952148438,583.9882223389391,572.8005050402526,581.9604215239336,81492100
2026-03-27,561.9624633789062,570.3932010852176,560.953562318283,570.1834096572744,82702200
2026-03-30,557.6671752929688,567.4264087803426,554.990063621082,566.7571613464482,70602600
2026-03-31,576.54638671875,578.0048059355398,563.5906539497258,563.6705222317372,95878000
2026-04-01,583.6685791015625,587.0948065489223,579.7828346644924,580.8416686249938,79435100
2026-04-02,584.3378295898438,585.4066623334502,571.2921684003409,573.3399058573888,50941700
2026-04-06,587.85400390625,589.9616731281693,584.04818857967,585.5864761740653,35108500
2026-04-07,587.9439086914062,588.33343423744,577.7650922119919,584.9971348275072,49948200
2026-04-08,605.4246826171875,609.2304976949432,601.4590090396181,608.0418015962135,63086000
2026-04-09,609.5202026367188,609.8298599139192,602.3680889271087,605.2648690435934,37837500
2026-04-10,610.3992309570312,612.9963525292593,608.9108762966896,611.1684052317679,34038500
2026-04-13,616.7122802734375,626.0519920071752,607.4424380458482,608.8109292631304,32972100
2026-04-14,627.909912109375,627.909912109375,619.4192432257902,619.5391066149297,49921100
2026-04-15,636.7003173828125,637.1298380333551,627.5104045058445,628.389443361703,50102400
2026-04-16,639.7669067382812,641.4750515662109,634.5626649382287,638.508341093032,42320600
2026-04-17,648.1376953125,649.2864572780229,643.3629742993419,644.8813252169399,53488900
2026-04-20,646.0799560546875,648.0478251654257,641.8146849601577,647.3285838511964,37138500
2026-04-21,643.6226806640625,649.4862317832127,641.5050128476822,647.6981578004061,39580500
2026-04-22,654.390869140625,654.6106593494021,647.8081371457112,649.4363527672372,37368400
2026-04-23,650.7048950195312,656.1988574654163,644.8114082493845,652.8325617169355,40099800
2026-04-24,663.1512451171875,663.7805584259092,655.8093378063087,657.7871447947734,45563100
2026-04-27,663.5008544921875,663.7006471456002,659.9647623025988,662.6718094811696,32717000
2026-04-28,656.8281860351562,658.9159186391063,653.0923012400261,656.6883250827437,34147900
2026-04-29,660.84375,660.9935487523345,655.8692364466933,657.906975030037,31724900
2026-04-30,667.0069580078125,668.165718724101,656.8381407338443,664.6195670718752,40622200
2026-05-01,673.4099731445312,675.2279215792395,668.0658095505829,668.425399726581,39172600
2026-05-04,672.141357421875,675.9871067346722,668.165745937857,673.9193717407993,34542000
2026-05-05,680.8617553710938,682.0205161358222,676.7662804889583,677.2157986999623,37101100
2026-05-06,695.0062255859375,695.1660231170968,685.7263848294704,687.0250065058129,38778500
2026-05-07,694.1771240234375,700.4701959320079,691.0106209986512,695.8153383268437,43779100
2026-05-08,710.44921875,710.44921875,698.7321150158692,699.1516368844667,44320400
2026-05-11,712.5069580078125,713.805579696499,708.1317613118729,709.5801817559162,36019100
2026-05-12,706.463623046875,709.4003981235137,695.8752835015275,707.4425277497028,45873000
2026-05-13,713.9254760742188,715.8633489513101,704.0563165931343,709.1806902070881,40012500
2026-05-14,718.9998168945312,721.2374091114184,713.4359241362712,713.8355094170396,33327500
2026-05-15,708.1517944335938,714.3450008365951,704.7754998097428,709.3604881552494,51792700
2026-05-18,705.1051025390625,711.2883097073819,698.0827906816122,710.7588622671137,49834500
2026-05-19,700.7599487304688,705.714465040699,694.4868131207006,699.0418050981273,46827500
2026-05-20,712.3671875,712.3671875,703.0174157954351,704.5157692199168,36779200
2026-05-21,713.7256469726562,716.3327671783537,705.9941534147096,708.2116871156971,36415400
2026-05-22,716.7523193359375,721.3273088449104,715.1640988544713,717.2817668085307,33118600
2026-05-26,729.4783935546875,730.3673702569255,723.3650554496121,725.1631283460116,34254700
2026-05-27,728.6492919921875,732.515039000156,724.6436840304248,732.155448805963,35148700
2026-05-28,734.79248046875,735.7913827320126,725.6125662306399,728.9289290608506,32840000
2026-05-29,737.49951171875,740.815874477768,734.4428732975097,737.0300569298091,37541700
2026-06-01,741.9246826171875,744.8315224447946,735.1820921097265,736.2309273283665,33890600
2026-06-02,745.3408813476562,745.6206032443648,738.4184960219842,741.5850600741305,30085200
2026-06-03,743.39306640625,747.828194840854,740.1965670083828,746.4896389980919,40270200
2026-06-04,739.7969970703125,742.6838392688934,731.815777671541,734.6726235372454,40782600
2026-06-05,704.2860107421875,730.8867822650427,703.5468328396532,729.2585667367451,99606600
2026-06-08,715.283935546875,722.2363170978037,712.2872288217055,717.0220156925686,47401500
2026-06-09,707.052978515625,724.863361278284,685.6165148330579,722.1863106332692,91932200
2026-06-10,692.9285278320312,710.4992458337158,692.1693523412803,700.8897497708573,65334300
2026-06-11,716.332763671875,717.5813914617661,694.2370511794155,698.5223198057862,71798900
2026-06-12,720.5481567382812,723.2152086039907,710.4992028084189,716.8222099862159,51168400
2026-06-15,743.1832885742188,743.9424640540115,736.5705604269921,737.2897407963812,46710200
2026-06-16,729.0587768554688,743.4029984406948,728.8390476265988,741.4351902855873,45348700
2026-06-17,721.7168579101562,734.8723831709506,720.058646070882,734.38293083454,51669300
2026-06-18,739.8070068359375,741.005701773832,731.7059239216511,736.390778085872,50154600
2026-06-22,737.9500122070312,745.4500122070312,734.3900146484375,742.02001953125,43518600
2026-06-23,713.6500244140625,723.6099853515625,712.1099853515625,715.739990234375,53354200
2026-06-24,710.6199951171875,719.9299926757812,704.4500122070312,715.3699951171875,52480400
2026-06-25,716.3800048828125,726.8300170898438,705.2999877929688,725.9000244140625,49668000
2026-06-26,706.52001953125,715.5599975585938,702.8099975585938,707.1300048828125,47081800
2026-06-29,724.0800170898438,724.5800170898438,705.1699829101562,713.989990234375,44939100
2026-06-30,736.4000244140625,737.6199951171875,723.9099731445312,724.1799926757812,42121800
2026-07-01,725.1699829101562,731.9199829101562,724.5999755859375,729.1900024414062,40803800
2026-07-02,712.5999755859375,730.8300170898438,707.5599975585938,725.5800170898438,50959800
2026-07-06,722.8200073242188,726.0800170898438,718.4500122070312,719.9299926757812,30220400
2026-07-07,709.4299926757812,716.3499755859375,704.9000244140625,714.1699829101562,42483100
2026-07-08,711.4400024414062,712.260009765625,700.9099731445312,704.9500122070312,35603200
2026-07-09,723.280029296875,724.22998046875,715.1300048828125,718.3300170898438,33654700
2026-07-10,725.510009765625,726.3900146484375,717.0,720.7000122070312,25289640
