date,close,high,low,open,volume
1993-01-29,24.113258361816406,24.130408616696787,24.010356832534114,24.130408616696787,1003200
1993-02-01,24.28476905822754,24.28476905822754,24.130416712518468,24.130416712518468,480500
1993-02-02,24.336206436157227,24.353356687345496,24.216154677839324,24.26760543140414,201300
1993-02-03,24.59347152709961,24.61062178618406,24.353367899917327,24.370518159001772,529400
1993-02-04,24.69636344909668,24.7478142062823,24.40480915837818,24.679213196701475,531500
1993-02-05,24.6792049407959,24.73065568076976,24.542002967532266,24.6792049407959,492100
1993-02-08,24.6792049407959,24.76495617408567,24.64490444747999,24.6792049407959,596100
1993-02-09,24.507709503173828,24.59346076105757,24.45625874844358,24.59346076105757,122100
1993-02-10,24.542024612426758,24.559174874210424,24.439123041724756,24.507724088859423,379600
1993-02-11,24.66206169128418,24.764963200427232,24.576310433664972,24.576310433664972,19500
1993-02-12,24.473400115966797,24.627752324126362,24.473400115966797,24.627752324126362,42500
1993-02-16,23.856016159057617,24.404824582558582,23.821715632588806,24.404824582558582,374800
1993-02-17,23.838851928710938,23.890302688269305,23.75310066278032,23.856002181897058,210900
1993-02-18,23.821699142456055,24.113253415617866,23.495844366569326,24.113253415617866,378100
1993-02-19,23.907442092895508,23.90744209289551,23.787390375068917,23.821690865876516,34900
1993-02-22,23.99321746826172,24.027517993591612,23.90746615493698,23.97606720559677,513600
1993-02-23,23.97606086730957,24.078962416096306,23.85600906039171,24.061812157965182,373700
1993-02-24,24.28476905822754,24.28476905822754,23.993214627443734,23.993214627443734,26300
1993-02-25,24.336206436157227,24.353356687345496,24.216154677839324,24.26760543140414,44500
1993-02-26,24.370527267456055,24.387677532950395,24.250475408995683,24.387677532950395,66200
1993-03-01,24.301916122436523,24.45626844784367,24.267615605679378,24.45626844784367,66500
1993-03-02,24.66206169128418,24.66206169128418,24.284756157759666,24.319056660807348,182400
1993-03-03,24.764972686767578,24.78212294486091,24.662071138207605,24.696371654394262,280100
1993-03-04,24.627763748168945,24.79926628123419,24.627763748168945,24.79926628123419,89500
1993-03-05,24.559175491333008,24.76497863790842,24.542025229118387,24.662077064620714,40000
1993-03-08,25.10797691345215,25.10797691345215,24.610619447270377,24.610619447270377,50800
1993-03-09,25.022218704223633,25.073669462354317,24.97076794609295,25.05651920964409,169300
1993-03-10,25.073667526245117,25.073667526245117,24.91931526377165,25.022216772087297,194400
1993-03-11,25.00507354736328,25.159425853211204,24.970773034952632,25.090824828389906,70900
1993-03-12,24.747812271118164,24.816413275334707,24.59346001163094,24.79926302428057,643600
1993-03-15,24.867877960205078,24.867877960205078,24.730675874907394,24.730675874907394,310800
1993-03-16,24.867877960205078,24.93647900285392,24.867877960205078,24.867877960205078,30800
1993-03-17,24.71352195739746,24.833573764268923,24.679221441148467,24.833573764268923,21800
1993-03-18,24.867877960205078,24.97077952417834,24.816427178218447,24.816427178218447,59300
1993-03-19,24.830230712890625,24.968080709908754,24.830230712890625,24.968080709908754,66900
1993-03-22,24.6923828125,24.74407656577111,24.571764054867412,24.58899530595778,183400
1993-03-23,24.744075775146484,24.778538276226072,24.709613274066893,24.76130702568628,55200
1993-03-24,24.744075775146484,24.847463278385256,24.58899452028832,24.709613274066893,37200
1993-03-25,24.899160385131836,24.950854143716885,24.726847856515008,24.761310362238373,110100
1993-03-26,24.76132583618164,24.899175945220925,24.74409457255173,24.881944681591015,101500
1993-03-29,24.86469268798828,24.985311432836458,24.778536441668155,24.778536441668155,87100
1993-03-30,24.93362045288086,24.93362045288086,24.864695448173517,24.899157950527187,56000
1993-03-31,24.916399002075195,25.071480323664876,24.9163990020752,25.00255529184724,111600
1993-04-01,24.830230712890625,24.95084946028149,24.77853696400883,24.95084946028149,129500
1993-04-02,24.313297271728516,24.62345981665489,24.313297271728516,24.62345981665489,59400
1993-04-05,24.433917999267578,24.50284301478032,24.364992983754835,24.50284301478032,172200
1993-04-06,24.364994049072266,24.485612831493413,24.296069030545894,24.485612831493413,129700
1993-04-07,24.45115089416504,24.45115089416504,24.347763363957153,24.399457129061098,28000
1993-04-08,24.41667938232422,24.554529371779825,24.313291890232513,24.554529371779825,180800
1993-04-12,24.76132583618164,24.77855709981155,24.623475727142356,24.657938254402175,348500
1993-04-13,24.81299591064453,24.89915214644538,24.72683967484368,24.74407092200385,146100
1993-04-14,24.77854347229004,24.847468488902805,24.761312218136847,24.830237234749614,119600
1993-04-15,24.77854347229004,24.830237234749614,24.675155947370886,24.761312218136847,148600
1993-04-16,24.77854347229004,24.830237234749614,24.744080963983656,24.79577472644323,47900
1993-04-19,24.6751651763916,24.84747778237199,24.657933915793564,24.778552739979837,157000
1993-04-20,24.554546356201172,24.675165180407074,24.399465010793588,24.640702659205388,279500
1993-04-21,24.53730010986328,24.606225110171888,24.468375109554678,24.606225110171888,67900
1993-04-22,24.227134704589844,24.640684656873027,24.227134704589844,24.433909680731436,97700
1993-04-23,24.1237735748291,24.244392442703248,24.089311041150772,24.175467375346592,106000
1993-04-26,23.934221267700195,24.227152701502142,23.865296224452678,24.140996397442745,62600
1993-04-27,24.192668914794922,24.192668914794922,23.89973773847618,23.89973773847618,156800
1993-04-28,24.140993118286133,24.209918152171316,24.10653060134354,24.158224376757428,85900
1993-04-29,24.2443790435791,24.244379043579105,24.05483521310336,24.192685271631174,85000
1993-04-30,24.27883529663086,24.416685319606763,24.27883529663086,24.330529055246824,88500
1993-05-03,24.433917999267578,24.433917999267578,24.209911698851162,24.31329922212028,80500
1993-05-04,24.52007484436035,24.606231115774126,24.451149827229333,24.48561233579484,149100
1993-05-05,24.588991165161133,24.675147406104237,24.520066172406654,24.520066172406654,109000
1993-05-06,24.502843856811523,24.57176887469285,24.48561260234119,24.55453762022252,54700
1993-05-07,24.45115089416504,24.520075914303632,24.416688384095746,24.520075914303632,68000
1993-05-10,24.502843856811523,24.640693892574177,24.48561260234119,24.48561260234119,113900
1993-05-11,24.606225967407227,24.60622596740723,24.43391346063267,24.502838463342492,42600
1993-05-12,24.571781158447266,24.58901242153173,24.502856106109405,24.502856106109405,31000
1993-05-13,24.27883529663086,24.468379078222725,24.261604043758872,24.468379078222725,129100
1993-05-14,24.261611938476562,24.347768230871722,24.244380679997533,24.278843196955595,63500
1993-05-17,24.347759246826172,24.347759246826172,24.227140481979898,24.330527994705275,34000
1993-05-18,24.33053207397461,24.3822258390043,24.244375798925123,24.364994583994402,105200
1993-05-19,24.830230712890625,24.830230712890625,24.175443227054508,24.330524473699906,50200
1993-05-20,24.899160385131836,24.899160385131836,24.778541615100057,24.830235373685106,98200
1993-05-21,24.6751651763916,24.950865345960224,24.657933915793564,24.916402824764145,221400
1993-05-24,24.77854347229004,24.864699743056,24.726849709830464,24.726849709830464,30500
1993-05-25,24.830230712890625,24.881924461772424,24.830230712890625,24.881924461772424,191800
1993-05-26,25.140392303466797,25.157623552475343,24.881923568338628,24.89915481734717,102400
1993-05-27,25.054248809814453,25.174867614263356,25.019786294257628,25.174867614263356,53800
1993-05-28,24.93362045288086,25.03700795994187,24.81300169464301,25.03700795994187,79100
1993-06-01,25.174861907958984,25.261018177322295,24.985318115359703,25.019780623105028,28300
1993-06-02,25.140392303466797,25.226548548509523,25.00254231139844,25.10592980544971,20300
1993-06-03,25.054248809814453,25.088711325371285,25.00255503647921,25.088711325371285,21600
1993-06-04,24.968095779418945,24.985327039446148,24.864708219255718,24.985327039446148,32000
1993-06-07,24.881925582885742,25.019775586115028,24.881925582885742,25.019775586115028,121400
1993-06-08,24.65792465209961,24.81300593921973,24.65792465209961,24.81300593921973,104500
1993-06-09,24.744075775146484,24.847463278385256,24.709613274066893,24.74407577514648,43300
1993-06-10,24.76132583618164,24.77855709981155,24.67516951803209,24.72686330892182,17900
1993-06-11,24.86469268798828,24.89915518651633,24.76130519240413,24.847461438724256,647400
1993-06-14,24.830230712890625,24.91638696102696,24.830230712890625,24.89915571139969,64200
1993-06-15,24.77854347229004,24.881930997209192,24.77854347229004,24.864699743056,142400
1993-06-16,24.830230712890625,24.830230712890625,24.709611965499764,24.77853696400883,330900
1993-06-17,24.916399002075195,24.9163990020752,24.830242712303153,24.88193648616638,37400
1993-06-18,24.71120262145996,24.90208972036169,24.711202621459964,24.90208972036169,58500
1993-06-21,24.763261795043945,24.78061516700964,24.72855505111256,24.78061516700964,29300
1993-06-22,24.78061866760254,24.797972042019627,24.74591191876836,24.797972042019627,137500
1993-06-23,24.555030822753906,24.780624745507122,24.555030822753906,24.780624745507122,227600
1993-06-24,24.884746551513672,24.884746551513672,24.624445855368133,24.624445855368133,243700
1993-06-25,24.867382049560547,24.93679553748675,24.850028677579,24.86738204956055,44800
1993-06-28,25.14504623413086,25.14504623413086,24.954159064651606,24.98886582273874,439900
1993-06-29,25.023576736450195,25.110343646077276,24.988869972599364,25.110343646077276,207500
1993-06-30,25.023576736450195,25.110343646077276,24.988869972599364,25.058283500301027,437600
1993-07-01,24.954145431518555,25.058265648896242,24.919438692392664,25.058265648896242,605700
1993-07-02,24.81533432006836,24.884747842641975,24.728567416851334,24.867394461998572,285400
1993-07-06,24.555030822753906,24.85003826020042,24.52032406540726,24.780624745507122,246400
1993-07-07,24.62444305419922,24.6591498097372,24.53767616535426,24.53767616535426,343700
1993-07-08,24.902103424072266,24.954163570603427,24.60709592706235,24.64180269141646,248200
1993-07-09,24.971494674682617,24.971494674682617,24.850021107814808,24.902081207901013,378200
1993-07-12,24.954145431518555,24.971498801081506,24.902085322829713,24.93679206195561,373700
1993-07-13,24.936811447143555,25.04093174546148,24.79798438271965,24.97151821324953,389600
1993-07-14,25.023576736450195,25.092990264151858,24.936809826823115,24.95416320874853,617300
1993-07-15,24.91944122314453,25.00620807977108,24.867381109168605,25.00620807977108,443800
1993-07-16,24.850034713745117,24.954154970925615,24.81532796135162,24.936801594728866,216400
1993-07-19,24.832679748535156,24.850033123621483,24.763266248189844,24.850033123621483,188200
1993-07-20,24.902103424072266,24.902103424072266,24.69386283794762,24.815336513187,68500
1993-07-21,24.884746551513672,24.884746551513672,24.797979652798492,24.867393171770637,142700
1993-07-22,24.71120262145996,24.88473634773426,24.711202621459964,24.850029602479403,632400
1993-07-23,24.832679748535156,24.832679748535156,24.745912873103517,24.763266248189844,286200
1993-07-26,24.971494674682617,25.023554774768822,24.902081207901013,24.902081207901013,121300
1993-07-27,24.954145431518555,25.0062055402074,24.867378583703818,24.988852170644453,92800
1993-07-28,24.902103424072266,24.954163570603427,24.86739665971816,24.902103424072266,30800
1993-07-29,25.04092025756836,25.110333757935837,24.91944663192527,24.95415338210901,331000
1993-07-30,24.902103424072266,25.040930481488697,24.86739665971816,25.040930481488697,75300
1993-08-02,24.971494674682617,25.058261508159624,24.936787941291815,24.936787941291815,41300
1993-08-03,24.988855361938477,25.09297559261322,24.902088503042858,25.023562105496723,81600
1993-08-04,24.988855361938477,25.04091547727585,24.91944187482198,24.988855361938477,434000
1993-08-05,24.936811447143555,24.98887159630252,24.90210468103758,24.98887159630252,36800
1993-08-06,24.971494674682617,25.023554774768822,24.936787941291815,25.00620140807342,402300
1993-08-09,25.110328674316406,25.179742160631037,24.98885507326581,25.04091518800178,828200
1993-08-10,25.092979431152344,25.11033280558606,25.058272682284915,25.092979431152344,604900
1993-08-11,25.092979431152344,25.162392928887208,25.07562605671863,25.07562605671863,542200
1993-08-12,25.023576736450195,25.162403791853524,24.936809826823115,25.162403791853524,303700
1993-08-13,25.058273315429688,25.07562669030187,25.040919940557508,25.040919940557508,103500
1993-08-16,25.19709587097168,25.266509358219537,25.075622268287933,25.075622268287933,241800
1993-08-17,25.28386116027832,25.28386116027832,25.17974093587086,25.17974093587086,369300
1993-08-18,25.422693252563477,25.474753375264974,25.35327975562815,25.370633129861982,414300
1993-08-19,25.422693252563477,25.44004662679731,25.387986504095814,25.44004662679731,28500
1993-08-20,25.440048217773438,25.440048217773434,25.35328134117803,25.37063471649711,80700
1993-08-23,25.387983322143555,25.405336694202433,25.335923205966907,25.335923205966907,15600
1993-08-24,25.6656494140625,25.665649414062504,25.387995329799487,25.387995329799487,273400
1993-08-25,25.683002471923828,25.78712275221541,25.630942331778034,25.665649091875228,242300
1993-08-26,25.700349807739258,25.839176815478563,25.596229551934776,25.700349807739254,120000
1993-08-27,25.683002471923828,25.683002471923825,25.630942331778034,25.630942331778034,25700
1993-08-30,25.78711700439453,25.821823756755762,25.700350123491457,25.700350123491457,183500
1993-08-31,25.856529235839844,25.856529235839847,25.735055608557378,25.769762359209512,66500
1993-09-01,25.821819305419922,25.8738794249873,25.769759185852546,25.769759185852546,136500
1993-09-02,25.73505401611328,25.873881010131427,25.717700641861015,25.83917426162689,472400
1993-09-03,25.75241470336914,25.78712146172948,25.68300118664847,25.717707945008808,630500
1993-09-07,25.578880310058594,25.787120855323654,25.544173552514415,25.75241409777948,196400
1993-09-08,25.492107391357422,25.578874264711256,25.318573644649746,25.578874264711256,269900
1993-09-09,25.544158935546875,25.561512304388955,25.387978615968123,25.387978615968123,239200
1993-09-10,25.76976776123047,25.787121140194262,25.578880592628764,25.613587350556347,106500
1993-09-13,25.78711700439453,25.856530509116993,25.78711700439453,25.856530509116993,66900
1993-09-14,25.683002471923828,25.717709232021022,25.59623557168084,25.717709232021022,184500
1993-09-15,25.75241470336914,25.769768082549312,25.492114015666626,25.578880911567463,101000
1993-09-16,25.64830207824707,25.735069000027337,25.630948693891018,25.717715615671285,54300
1993-09-17,25.59856414794922,25.6509486584839,25.563641140926094,25.63348715497234,200900
1993-09-20,25.38901138305664,25.68585677061645,25.38901138305664,25.633472290458837,57800
1993-09-21,25.301712036132812,25.45886552704047,25.039789551286717,25.42394252906099,318200
1993-09-22,25.51125717163086,25.5461801793949,25.35410363669268,25.38902664445672,439700
1993-09-23,25.650943756103516,25.668405256277854,25.546174755057486,25.581097755406162,88500
1993-09-24,25.58109474182129,25.63347923617314,25.546171745586722,25.61601773805586,53500
1993-09-27,25.860469818115234,25.860469818115238,25.773162357554416,25.773162357554416,274600
1993-09-28,25.8080997467041,25.87794575413767,25.790638244845706,25.87794575413767,158300
1993-09-29,25.720794677734375,25.877948209370228,25.685871670704184,25.808102195309846,221000
1993-09-30,25.668405532836914,25.77317453501176,25.61602103174949,25.720790033924334,99300
1993-10-01,25.790637969970703,25.82556097331528,25.598561451575527,25.633484454920104,22700
1993-10-04,25.825551986694336,25.825551986694336,25.75570600430977,25.825551986694336,1038500
1993-10-05,25.790637969970703,25.877945478332148,25.70333046160926,25.877945478332148,436500
1993-10-06,25.77317237854004,25.912864369751635,25.773172378540036,25.808095376342937,209200
1993-10-07,25.703327178955078,25.80809617560843,25.685865679512855,25.80809617560843,59400
1993-10-08,25.73825454711914,25.790639054338516,25.546178020648103,25.773177551932058,54400
1993-10-11,25.790637969970703,25.84302247498757,25.790637969970703,25.790637969970703,467100
1993-10-12,25.825551986694336,25.84301348229048,25.808090491098195,25.825551986694336,26200
1993-10-13,25.825551986694336,25.84301348229048,25.790628995502054,25.84301348229048,139100
1993-10-14,26.157339096069336,26.157339096069332,25.860493458797517,25.93033949109677,108100
1993-10-15,26.297016143798828,26.34940063810918,26.209708653281567,26.279554645695374,1502500
1993-10-18,26.227176666259766,26.27956117358252,26.192253661377926,26.27956117358252,722400
1993-10-19,26.035091400146484,26.244629359101385,26.035091400146484,26.19224486936266,880100
1993-10-20,26.07001304626465,26.12239753329666,26.017628559232637,26.12239753329666,230400
1993-10-21,26.035091400146484,26.08747588988521,26.000168406987335,26.08747588988521,56200
1993-10-22,25.912864685058594,26.174787171767406,25.912864685058594,26.07001817708388,390700
1993-10-25,25.982715606689453,26.01763861153715,25.8604850897225,25.9303310994179,114500
1993-10-26,25.965251922607422,25.98271342356412,25.877944417823944,25.965251922607425,186200
1993-10-27,25.982715606689453,26.000177109113302,25.9303310994179,25.9303310994179,118400
1993-10-28,26.174802780151367,26.244648818257172,26.0176491944133,26.0176491944133,129600
1993-10-29,26.174802780151367,26.19226428967782,26.139879761098463,26.157341270624915,80700
1993-11-01,26.244632720947266,26.262094219763597,26.13986372804927,26.13986372804927,36400
1993-11-02,26.227176666259766,26.262099671141602,26.070023144291497,26.209715163818846,262100
1993-11-03,25.895401000976562,26.209707958506957,25.773170517492517,26.209707958506957,479100
1993-11-04,25.616016387939453,25.895400343090806,25.598554890742495,25.895400343090806,130400
1993-11-05,25.73825454711914,25.73825454711914,25.441409006209355,25.546178020648103,363200
1993-11-08,25.77317237854004,25.843018374145835,25.68586488403279,25.75571087963859,367600
1993-11-09,25.790637969970703,25.965252986693592,25.773176468298416,25.947791485021305,246900
1993-11-10,25.982715606689453,25.98271560668945,25.720793070331695,25.790639080027095,46500
1993-11-11,25.912864685058594,26.05255667796996,25.895403185944673,25.982710681514277,88900
1993-11-12,26.035091400146484,26.122398883044358,25.947783917248607,25.965245413828182,108200
1993-11-15,26.01762580871582,26.087471784041234,25.94777983339041,26.087471784041234,243300
1993-11-16,26.13985824584961,26.15731974100382,25.96524329430753,26.07001226523278,492600
1993-11-17,26.000192642211914,26.157346257913666,25.930346590788915,26.157346257913666,39600
1993-11-18,25.930339813232422,26.017647354691118,25.860493780065468,25.965262829815902,240800
1993-11-19,25.877933502197266,25.91285648937972,25.825549021423587,25.843010515014814,106000
1993-11-22,25.720794677734375,25.825563698824944,25.6334871601589,25.808102195309846,165300
1993-11-23,25.860469818115234,25.8779313102274,25.720777881217924,25.860469818115238,89700
1993-11-24,25.965251922607422,25.98271342356412,25.89540591878064,25.93032892069403,77200
1993-11-26,25.982715606689453,26.035100113961004,25.9652541042656,26.035100113961004,1019800
1993-11-29,25.877933502197266,26.104932918883208,25.877933502197266,26.05254843810953,517500
1993-11-30,25.895401000976562,26.017631484460605,25.843016508054827,25.860478005695406,230000
1993-12-01,25.930339813232422,26.052570371274594,25.930339813232422,26.035108862982856,379200
1993-12-02,26.000192642211914,26.017654155067667,25.930346590788915,25.982731129356168,352000
1993-12-03,26.104942321777344,26.104942321777344,25.982711822611833,25.982711822611833,306000
1993-12-06,26.19225311279297,26.227176116943358,26.139868606567383,26.139868606567383,99500
1993-12-07,26.174802780151367,26.20972579920427,26.139879761098463,26.19226428967782,88800
1993-12-08,26.174802780151367,26.174802780151367,26.139879761098463,26.174802780151367,146700
1993-12-09,26.087493896484375,26.20972445690967,26.052570879220003,26.1748014396453,416500
1993-12-10,26.035091400146484,26.104937386464783,25.98270691040776,26.104937386464783,412900
1993-12-13,26.19225311279297,26.19225311279297,26.000176589965818,26.03509959411621,273200
1993-12-14,26.000192642211914,26.20973079648092,26.000192642211918,26.20973079648092,41900
1993-12-15,25.965251922607422,26.052559427390904,25.965251922607425,26.035097926434208,82600
1993-12-16,26.052562713623047,26.070024216782315,26.017639707304518,26.070024216782315,78200
1993-12-17,26.19573402404785,26.21331505359419,26.090247846769806,26.107828876316145,104700
1993-12-20,26.23090362548828,26.248484660089815,26.160579487082146,26.17816052168368,68800
1993-12-21,26.142995834350586,26.195738932873148,26.107833768668876,26.195738932873148,205700
1993-12-22,26.318801879882812,26.336382909862696,26.16057261006388,26.213315700003523,410300
1993-12-23,26.301212310791016,26.35395538360677,26.266050262247177,26.301212310791012,533800
1993-12-27,26.441879272460938,26.441879272460938,26.301230978458484,26.301230978458484,447100
1993-12-28,26.494617462158203,26.51219849564338,26.40671229473233,26.424293328217505,880600
1993-12-29,26.459436416625977,26.529760500125317,26.441855395751144,26.51217947925048,266700
1993-12-30,26.35397720336914,26.441882397509797,26.301234086884747,26.441882397509797,219900
1993-12-31,26.213314056396484,26.441867431804365,26.195733027518955,26.406705374049306,312900
1994-01-03,26.142995834350586,26.248482031395714,26.107833768668876,26.213319965714003,960900
1994-01-04,26.248476028442383,26.248476028442383,26.142989855521652,26.178151913161894,164300
1994-01-05,26.301212310791016,26.31879333506293,26.17814514088758,26.283631286519096,710900
1994-01-06,26.301212310791016,26.35395538360677,26.266050262247177,26.33637435933485,201000
1994-01-07,26.459436416625977,26.477017437500812,26.283626207877635,26.35395029137697,775500
1994-01-10,26.775915145874023,26.775915145874023,26.42429446109564,26.494618598051318,593700
1994-01-11,26.723182678222656,26.758344760694,26.63527747204429,26.758344760694,295200
1994-01-12,26.6352481842041,26.74073431562669,26.547343074685273,26.74073431562669,158400
1994-01-13,26.564931869506836,26.617674950650795,26.529769815410862,26.564931869506836,244300
1994-01-14,26.670429229736328,26.723172333025193,26.652848195306706,26.652848195306706,137200
1994-01-17,26.670429229736328,26.70559129859557,26.61768612644746,26.670429229736328,17700
1994-01-18,26.70557975769043,26.740741811354276,26.65283667719466,26.70557975769043,166400
1994-01-19,26.6352481842041,26.70557227181916,26.582505118492804,26.67041022801163,200800
1994-01-20,26.70557975769043,26.723160784522353,26.65283667719466,26.670417704026583,281100
1994-01-21,26.652841567993164,26.74074671828338,26.63526053793512,26.74074671828338,85600
1994-01-24,26.547359466552734,26.758331859664413,26.547359466552734,26.63526463034927,373800
1994-01-25,26.547359466552734,26.582521532071347,26.494616368274816,26.56494049931204,310400
1994-01-26,26.61770248413086,26.635283529364767,26.512216212727438,26.547378303195245,145100
1994-01-27,26.863815307617188,26.89897736953815,26.635261905130914,26.670423967051878,344500
1994-01-28,26.93414306640625,27.022048233072063,26.934143066406246,26.969305133072574,356500
1994-01-31,27.127534866333008,27.18027796717487,27.004467631035318,27.03962969826323,313800
1994-02-01,26.986873626708984,27.092359777692863,26.951711576381026,27.092359777692863,303600
1994-02-02,27.16270637512207,27.16270637512207,27.05722013677208,27.07480117649708,307600
1994-02-03,27.039640426635742,27.109964588993705,26.951735223688296,27.109964588993705,466100
1994-02-04,26.424287796020508,27.07478589878349,26.42428779602051,27.03962383917468,1403200
1994-02-07,26.547359466552734,26.617683597589963,26.353968106200366,26.353968106200366,516400
1994-02-08,26.564931869506836,26.600093923602806,26.45944570721892,26.600093923602806,188200
1994-02-09,26.670429229736328,26.68801026416595,26.547361988728973,26.582524057588216,144600
1994-02-10,26.441879272460938,26.67043275021492,26.441879272460938,26.652851713464614,883900
1994-02-11,26.529787063598633,26.60011121751142,26.33639564033847,26.459462909685847,519400
1994-02-14,26.564931869506836,26.652837004746765,26.441864680170934,26.477026734266904,2742100
1994-02-15,26.70557975769043,26.723160784522353,26.58251256986697,26.617674623530817,374700
1994-02-16,26.68800926208496,26.74075236339343,26.635266160776492,26.74075236339343,287600
1994-02-17,26.529787063598633,26.828664717727975,26.459462909685847,26.81108367924978,342400
1994-02-18,26.371553421020508,26.56494481277466,26.301229278564453,26.547363777160644,313300
1994-02-22,26.6352481842041,26.635248184204098,26.441856943262685,26.441856943262685,154500
1994-02-23,26.564931869506836,26.68799905884274,26.477026734266904,26.67041803179475,391700
1994-02-24,26.213314056396484,26.477029489559424,26.195733027518955,26.477029489559424,770800
1994-02-25,26.33639907836914,26.33639907836914,26.19575075218292,26.248493874502753,531300
1994-02-28,26.33639907836914,26.477047404555357,26.33639907836914,26.40672324146225,333000
1994-03-01,26.23090362548828,26.389132936902083,26.09025534867601,26.33638983309748,423600
1994-03-02,26.266077041625977,26.266077041625977,25.826550986712558,25.896875155498705,581500
1994-03-03,26.19573402404785,26.230896083140532,26.125409905862487,26.230896083140532,223200
1994-03-04,26.266077041625977,26.336401210412124,26.107847661857146,26.19575287283983,595800
1994-03-07,26.40671730041504,26.441879374050743,26.353974189961477,26.353974189961477,539800
1994-03-08,26.301212310791016,26.424279480694448,26.266050262247177,26.424279480694448,880300
1994-03-09,26.424287796020508,26.441868825824915,26.21331543836765,26.336382646998487,2500100
1994-03-10,26.213314056396484,26.406705374049306,26.125408912008837,26.406705374049306,207400
1994-03-11,26.35397720336914,26.389139281025404,26.1078426597753,26.24849097040035,576600
1994-03-14,26.389129638671875,26.45945376828859,26.353967573863518,26.45945376828859,345900
1994-03-15,26.371553421020508,26.494620670318604,26.353972385406493,26.441877563476563,748600
1994-03-16,26.58250617980957,26.58250617980957,26.31879084072416,26.406695953752628,455500
1994-03-17,26.58250617980957,26.617668225020957,26.494601066781097,26.494601066781097,133000
1994-03-18,26.57672882080078,26.612093729411296,26.435269186358727,26.452951640663986,365500
1994-03-21,26.505996704101562,26.55904406241531,26.43526689301657,26.488314251330316,324800
1994-03-22,26.57672882080078,26.62977618371655,26.452951640663986,26.505999003579756,435700
1994-03-23,26.559043884277344,26.629773694887934,26.541361431624694,26.559043884277344,698500
1994-03-24,26.240747451782227,26.505984117399972,26.116970341160613,26.452936784276424,1200500
1994-03-25,25.993196487426758,26.329162972638397,25.993196487426758,26.258433186278054,100900
1994-03-28,26.0285587310791,26.06392362065937,25.79868694880734,26.028558731079098,1117200
1994-03-29,25.515771865844727,26.04624529340907,25.51577186584473,26.02856284582359,338400
1994-03-30,25.162124633789062,25.60418585363778,25.162124633789062,25.533456058461987,1123900
1994-03-31,25.23284339904785,25.285890722241366,24.6316404028547,25.162113634789833,788800
1994-04-04,24.843856811523438,24.914586652979732,24.525572524970116,24.525572524970116,2627300
1994-04-05,25.356637954711914,25.356637954711914,25.091401156022457,25.091401156022457,1179000
1994-04-06,25.356637954711914,25.409685314449803,25.179813422252277,25.392002861203842,516500
1994-04-07,25.48040199279785,25.533449325190908,25.197482886701554,25.338942439749705,666100
1994-04-08,25.285911560058594,25.427371205149832,25.162134370603763,25.427371205149832,242400
1994-04-11,25.391986846923828,25.498081499487576,25.29473341540706,25.35662196273591,203300
1994-04-12,25.356637954711914,25.462732674187695,25.303590594974022,25.418526541072787,1409200
1994-04-13,25.2240047454834,25.409670395555306,25.03833909541149,25.347781845531337,364100
1994-04-14,25.23284339904785,25.365461707031635,25.126748752660824,25.179796075854338,419900
1994-04-15,25.23284339904785,25.338938045434876,25.188637296386588,25.224002178515597,387300
1994-04-18,25.064878463745117,25.33011527288528,24.98530742100307,25.25938545711457,369100
1994-04-19,25.10024642944336,25.1974999379759,24.88805695628146,25.038357833104474,472200
1994-04-20,25.073720932006836,25.188656888324214,24.941102520871397,25.12676829646101,508000
1994-04-21,25.409685134887695,25.44505004112971,25.091400978709565,25.1798132443146,200300
1994-04-22,25.38317108154297,25.489265840504487,25.312441242235295,25.47158338067757,301800
1994-04-25,25.648391723632812,25.666074172253037,25.374313770019366,25.374313770019366,394600
1994-04-26,25.621871948242188,25.657236850862258,25.56882459431208,25.61303072258717,399000
1994-04-28,25.436199188232422,25.604182429308686,25.35662817930156,25.568817536450524,287000
1994-04-29,25.515771865844727,25.551136761015684,25.356629837575426,25.391994732746383,481900
1994-05-02,25.6749210357666,25.869428013310287,25.427366700710998,25.515778963230858,275000
1994-05-03,25.648391723632812,25.69259784518337,25.498090910360922,25.68375662087326,183400
1994-05-04,25.604177474975586,25.701430911517274,25.506924038433898,25.701430911517274,401900
1994-05-05,25.56884002685547,25.674934798751135,25.56884002685547,25.63072864379461,659800
1994-05-06,25.321277618408203,25.445054813470254,25.232865336221025,25.445054813470254,216300
1994-05-09,25.10024642944336,25.321277130653677,25.0560402892013,25.250547306266377,499300
1994-05-10,25.29473304748535,25.37430403575077,25.20632083830155,25.224003280138312,583400
1994-05-11,25.064878463745117,25.303591591971262,24.99414864797441,25.26822668408591,210600
1994-05-12,25.188644409179688,25.250532970381602,25.12675584797777,25.224009301295066,305200
1994-05-13,25.188644409179688,25.259374193410448,25.064867286775854,25.259374193410448,321300
1994-05-16,25.197498321533203,25.32127550627056,25.188657094051962,25.241704458939402,450400
1994-05-17,25.56884002685547,25.56884002685547,25.17982586323803,25.21519078720325,470200
1994-05-18,25.754484176635742,25.851737635593175,25.47156502330504,25.58650092934564,824800
1994-05-19,25.878265380859375,25.948995180328755,25.701440882185924,25.701440882185924,531000
1994-05-20,25.781007766723633,25.851737554835356,25.74564287266777,25.834055107807426,370400
1994-05-23,25.73679542541504,25.763319089542914,25.657224433031413,25.754477868166955,262700
1994-05-24,25.842897415161133,25.940150877893522,25.807532519622082,25.807532519622082,549600
1994-05-25,25.913631439208984,25.931313889866924,25.657235904668877,25.74564815795857,738200
1994-05-26,25.931306838989258,25.99319539946417,25.878259501439327,25.90478317021429,369600
1994-05-27,25.95783233642578,25.95783233642578,25.842896430304005,25.88710254804315,162000
1994-05-31,25.92247772216797,25.975525084491643,25.834065451628515,25.878271586898244,160000
1994-06-01,26.037410736083984,26.037410736083988,25.781015180448524,25.860586214956083,200500
1994-06-02,26.01089859008789,26.055104739969075,25.96669244020671,26.055104739969075,55100
1994-06-03,26.16117286682129,26.249585076577358,25.948983563406717,26.02855455218718,550400
1994-06-06,26.152341842651367,26.293801433416217,26.134659393805762,26.21423041361099,99300
1994-06-07,26.116973876953125,26.152338770489962,26.046244089879455,26.108132653568916,120600
1994-06-08,25.90477752685547,26.178855377822202,25.904777526855472,26.178855377822202,131900
1994-06-09,26.04625129699707,26.04625129699707,25.966680264521518,26.01972761950522,80500
1994-06-10,26.090450286865234,26.143497627333275,26.07276784004255,26.07276784004255,83100
1994-06-13,26.125823974609375,26.134665200996725,26.046252937123256,26.055094163510603,109700
1994-06-14,26.329177856445312,26.338019084738278,26.205400660343827,26.205400660343827,161000
1994-06-15,26.223064422607422,26.346841530468684,26.20538197862724,26.338000308478595,142800
1994-06-16,26.2761173248291,26.29379977255779,26.19654631005001,26.223069981643043,44000
1994-06-17,26.12944984436035,26.316343048287997,26.093851138850326,26.289644019155478,403800
1994-06-20,25.906951904296875,25.987048973049422,25.880252881379356,25.942550601520228,137400
1994-06-21,25.684467315673828,25.88915988263866,25.577671193779135,25.88915988263866,139200
1994-06-22,25.782371520996094,25.871368316028875,25.728973443976425,25.75567248248626,279900
1994-06-23,25.631072998046875,25.862464629279245,25.59547428554959,25.826865916781955,922500
1994-06-24,25.09711265563965,25.506498181228096,25.06151391428413,25.506498181228096,353800
1994-06-27,25.533170700073242,25.533170700073242,25.07038754343197,25.194983008681543,371200
1994-06-28,25.40858268737793,25.542077867872035,25.20389007728697,25.542077867872035,5382300
1994-06-29,25.488685607910156,25.63998018030348,25.417488162078005,25.444187204265063,311800
1994-06-30,25.328479766845703,25.542072006622334,25.239483000272106,25.533172329964973,271900
1994-07-01,25.381885528564453,25.453082963427185,25.27508937627035,25.453082963427185,406900
1994-07-05,25.515363693237305,25.550962386914648,25.35516957168925,25.435266632463275,112000
1994-07-06,25.47977638244629,25.52427476942227,25.328481866727955,25.417478640679917,174800
1994-07-07,25.586570739746094,25.586570739746094,25.45307558806046,25.479774618397588,66700
1994-07-08,25.577678680419922,25.622177077567486,25.41748445068869,25.4263841301182,148400
1994-07-11,25.488685607910156,25.63998018030348,25.364090077703892,25.595481776658385,124000
1994-07-12,25.524280548095703,25.533180227505778,25.355186639304275,25.49758150986548,257300
1994-07-13,25.568784713745117,25.64888184650659,25.533185988073352,25.533185988073352,532700
1994-07-14,25.84466552734375,25.89806359661512,25.675571641317738,25.69337099774153,494200
1994-07-15,25.853561401367188,25.906959462781373,25.817962693757732,25.826862370660095,49100
1994-07-18,25.8980655670166,25.960363319239665,25.853567172571555,25.853567172571555,72300
1994-07-19,25.84466552734375,25.95146166588649,25.844665527343746,25.942561987674594,609500
1994-07-20,25.72896957397461,25.86246474644421,25.666671826822128,25.86246474644421,185300
1994-07-21,25.782371520996094,25.80017088000265,25.67557536695676,25.728973443976425,86300
1994-07-22,25.826868057250977,25.862466772698603,25.773469984079544,25.84466741497479,151600
1994-07-25,25.862470626831055,25.889169667395574,25.809072545702016,25.835771586266535,120900
1994-07-26,25.835758209228516,25.87135691154919,25.80905918248801,25.85355756038885,489600
1994-07-27,25.835758209228516,25.835758209228516,25.728962102266493,25.835758209228516,83200
1994-07-28,25.88916778564453,25.96036522197494,25.835769708396725,25.835769708396725,828200
1994-07-29,26.147253036499023,26.2273501356578,26.058256259655934,26.067155937340242,459100
1994-08-01,26.2718448638916,26.28964421678042,26.138349717225488,26.16504874655871,486300
1994-08-02,26.307445526123047,26.414241651398243,26.218448755060386,26.360843588760645,505500
1994-08-03,26.316349029541016,26.334148386341518,26.25405128073926,26.298549672740517,144100
1994-08-04,26.16504669189453,26.325240855314295,26.15614701614899,26.298541828077667,231700
1994-08-05,26.07604217529297,26.11164086768245,26.004844790514014,26.031543809806124,138400
1994-08-08,26.138351440429688,26.165050471523077,26.076053701211773,26.102752732305163,328600
1994-08-09,26.1828670501709,26.1828670501709,26.040472123997297,26.040472123997297,105900
1994-08-10,26.280744552612305,26.307443581958,26.165048758780962,26.200647464575223,840300
1994-08-11,26.1828670501709,26.33416165923035,26.049371806883148,26.2184657817143,876200
1994-08-12,26.387556076049805,26.396455757694337,26.22736180644815,26.22736180644815,184100
1994-08-15,26.378637313842773,26.476533741120868,26.378637313842773,26.41423601467117,325900
1994-08-16,26.565534591674805,26.592233621415183,26.28964461769091,26.39644073665242,1089500
1994-08-17,26.547739028930664,26.61893645173705,26.52993967322907,26.601137096035455,133700
1994-08-18,26.458738327026367,26.521036062744226,26.432039297433004,26.45873832702637,620000
1994-08-19,26.440946578979492,26.49434465352472,26.37864882534339,26.467645616252106,103200
1994-08-22,26.414236068725586,26.449834769626833,26.360838017373716,26.449834769626833,79700
1994-08-23,26.565534591674805,26.690130063796563,26.4943371790338,26.529935885354302,268600
1994-08-24,26.850339889526367,26.850339889526367,26.583349436531407,26.592249118297907,254700
1994-08-25,26.779138565063477,26.88593473082644,26.7079411212215,26.823636967464708,147400
1994-08-26,27.161819458007812,27.215217530336794,26.841431024033934,26.841431024033934,339500
1994-08-29,27.14401626586914,27.330909492617746,27.13511658840492,27.233013040511334,350300
1994-08-30,27.215227127075195,27.259725536373878,27.099531262898616,27.135129990337564,36000
1994-08-31,27.14401626586914,27.27751142783243,27.108417556012263,27.170715298261797,356200
1994-09-01,27.05502700805664,27.07282636793036,26.957130528751172,27.05502700805664,294600
1994-09-02,26.939332962036133,27.179624336325848,26.89483455938989,27.179624336325848,99600
1994-09-06,26.9482364654541,26.974935510829383,26.84144028395296,26.921537420078813,229800
1994-09-07,26.921527862548828,27.010524648871307,26.894828826652088,27.010524648871307,27900
1994-09-08,27.05502700805664,27.090625727804085,26.966030208688032,26.974929888624896,284800
1994-09-09,26.77023696899414,26.841434407741467,26.663440810873155,26.78803632868097,488400
1994-09-12,26.69013214111328,26.805827945659622,26.645633754749305,26.77022923656844,129400
1994-09-13,26.77023696899414,26.841434407741467,26.6901398504034,26.743537929463894,389200
1994-09-14,26.79693603515625,26.832534754565295,26.681240197076868,26.681240197076868,423500
1994-09-15,27.135116577148438,27.135116577148438,26.868126253332612,26.868126253332612,779800
1994-09-16,26.942018508911133,27.013649000127913,26.84352658348806,26.933064697509035,571300
1994-09-19,26.968875885009766,27.1210906559411,26.942014454845417,27.004691125228906,167300
1994-09-20,26.45850372314453,26.85247129127257,26.458503723144528,26.82560986617293,355600
1994-09-21,26.45850372314453,26.539087998443446,26.207797088881232,26.539087998443446,397500
1994-09-22,26.395828247070312,26.521181569817596,26.368966820767326,26.521181569817596,266400
1994-09-23,26.306291580200195,26.458506337471604,26.261522533943896,26.40478348196405,176600
1994-09-26,26.440574645996094,26.458482248194535,26.351036635003897,26.404759441599214,223000
1994-09-27,26.422677993774414,26.5122160418726,26.360001360105684,26.44058560339405,479500
1994-09-28,26.628629684448242,26.66444492275954,26.548045398247826,26.565953017403476,324000
1994-09-29,26.494312286376953,26.628619378061867,26.413728031366006,26.628619378061867,195900
1994-09-30,26.45850372314453,26.610718465375818,26.458503723144528,26.485365148244167,5200
1994-10-03,26.395828247070312,26.503273952282267,26.351059203231998,26.47641252597928,72600
1994-10-04,26.001846313476562,26.53012073926689,25.983938705822652,26.53012073926689,84200
1994-10-05,26.010799407958984,26.010799407958984,25.786954318389633,25.957076586462343,461900
1994-10-06,25.93021583557129,26.046615285109418,25.88544681651816,26.028707677488168,345200
1994-10-07,26.0466251373291,26.118255594908554,25.90336422217019,25.930225643762487,188700
1994-10-10,26.324195861816406,26.368964902397728,26.15407350760739,26.163027315723653,213600
1994-10-11,26.718151092529297,26.789781524412756,26.440583168980904,26.440583168980904,461400
1994-10-12,26.753969192504883,26.789784412307434,26.69129255785042,26.753969192504883,162400
1994-10-13,26.84351348876953,27.12108150683219,26.816652067666695,27.058404857592237,1564500
1994-10-14,26.95989227294922,26.968846073106292,26.753954869336518,26.933030872477996,72800
1994-10-17,26.906171798706055,26.968848405225504,26.879310395912007,26.933033201500105,282300
1994-10-18,26.84351348876953,26.87932871690665,26.753975418426737,26.87932871690665,132100
1994-10-19,26.968875885009766,27.067367795612395,26.736076823585382,26.745030633640166,136700
1994-10-20,26.789785385131836,26.96886149064742,26.70920113764982,26.96886149064742,290300
1994-10-21,26.682361602783203,26.753992103730273,26.565962038744217,26.71817685325674,87800
1994-10-24,26.45850372314453,26.79874844107329,26.449549914777982,26.691302740674736,149600
1994-10-25,26.4853572845459,26.53908011879447,26.360004004632565,26.368957810340657,91800
1994-10-26,26.5838565826416,26.610718007278827,26.45850326766788,26.5838565826416,201000
1994-10-27,26.74500274658203,26.74500274658203,26.619649536521052,26.682326141551542,210300
1994-10-28,27.30910873413086,27.335970152557874,26.798741784017594,26.798741784017594,192100
1994-10-31,27.210613250732422,27.273289885400118,27.201659445779896,27.246428470542536,36300
1994-11-01,26.906171798706055,27.094201618264403,26.897217997774707,27.094201618264403,435200
1994-11-02,26.753969192504883,27.067352365777193,26.753969192504883,26.82559963210998,115600
1994-11-03,26.897233963012695,26.942002994242745,26.807695900552602,26.84351112553664,87000
1994-11-04,26.54804039001465,27.02259220811609,26.54804039001465,27.02259220811609,124400
1994-11-07,26.628629684448242,26.700260161070833,26.539091588670004,26.610722065292595,115000
1994-11-08,26.834556579589844,26.9240946395818,26.673388071604318,26.718157101600298,308300
1994-11-09,26.879323959350586,27.12107670648665,26.646525017664004,27.12107670648665,318500
1994-11-10,26.6912841796875,26.95094444175088,26.673376575407268,26.89722162891018,172100
1994-11-11,26.59282875061035,26.6823668945518,26.521198235457195,26.65550545136937,302200
1994-11-14,26.84351348876953,26.852467295803812,26.709206383255342,26.709206383255342,181400
1994-11-15,26.753969192504883,26.986768121221456,26.548031678640218,26.816645827159345,316900
1994-11-16,26.84351348876953,26.84351348876953,26.709206383255342,26.798744453598136,106900
1994-11-17,26.664426803588867,26.861410480445468,26.556981161667085,26.861410480445468,104700
1994-11-18,26.628629684448242,26.71816778022648,26.512230159936532,26.67339873233736,269300
1994-11-21,26.36001205444336,26.691302966812383,26.36001205444336,26.61071869083073,283100
1994-11-22,25.786956787109375,26.36000027126736,25.786956787109375,26.261508422427706,483600
1994-11-23,25.93021583557129,25.939169639381912,25.563109879335645,25.804862582222533,601600
1994-11-25,26.055572509765625,26.09138772971032,25.94812684993154,25.94812684993154,77300
1994-11-28,26.171972274780273,26.18092607986915,25.98394236791391,26.046619003536033,79900
1994-11-29,26.163036346435547,26.21675921367669,26.07349823436698,26.16303634643555,105500
1994-11-30,26.127208709716797,26.33314626980024,26.127208709716797,26.29733104195964,218800
1994-12-01,25.867557525634766,26.154079450460074,25.81383466473002,26.154079450460074,439000
1994-12-02,26.109315872192383,26.109315872192386,25.81384007528486,25.81384007528486,318500
1994-12-05,26.136157989501953,26.252557459821766,26.07348135163744,26.163019405729603,139200
1994-12-06,26.154075622558594,26.16302943139891,25.992907063432934,26.037676107634507,249900
1994-12-07,25.966045379638672,26.073491084657867,25.93918395338387,25.99290680589347,531900
1994-12-08,25.71533203125,26.109299513622908,25.643701579909468,26.073484287952645,261500
1994-12-09,25.813814163208008,25.83172176928724,25.60787669329688,25.715322329772253,235900
1994-12-12,25.98395538330078,25.98395538330078,25.760110143954634,25.760110143954634,151100
1994-12-13,26.082429885864258,26.091383689463935,25.966030439068433,25.966030439068433,70900
1994-12-14,26.21674346923828,26.333142945023834,26.04662115847478,26.04662115847478,203300
1994-12-15,26.29731559753418,26.377899812848376,26.252546589026288,26.252546589026288,130100
1994-12-16,26.425765991210938,26.479917151028992,26.353564444786866,26.380640024695893,266100
1994-12-19,26.461875915527344,26.47992630837559,26.34454836201375,26.425775129830853,1120200
1994-12-20,26.38064956665039,26.50700231859466,26.38064956665039,26.488951925459766,675600
1994-12-21,26.660423278808594,26.723599637289183,26.39869265081758,26.39869265081758,544500
1994-12-22,26.579195022583008,26.68749734525567,26.55211944191484,26.660421764587504,222000
1994-12-23,26.606298446655273,26.66947486766158,26.56117243165077,26.56117243165077,125800
1994-12-27,26.75067138671875,26.804822543372026,26.67846984451438,26.696520230065474,95200
1994-12-28,26.615304946899414,26.777758486758415,26.552128570287582,26.777758486758415,358200
1994-12-29,26.633342742919922,26.714569474430014,26.606267165749895,26.714569474430014,220100
1994-12-30,26.317472457885742,26.714581095796223,26.31747245788574,26.68750550684778,2209500
1995-01-03,26.443830490112305,26.479931282590275,26.38967930139535,26.398704499514846,324300
1995-01-04,26.570167541503906,26.570167541503903,26.425764457039207,26.56114234872486,351800
1995-01-05,26.570167541503906,26.633343890957207,26.543091963166773,26.58821792706199,89800
1995-01-06,26.59723472595215,26.71456219505204,26.5160080165753,26.62431029574443,448400
1995-01-09,26.624330520629883,26.624330520629883,26.57017933990996,26.588229733483267,36800
1995-01-10,26.651411056518555,26.795814231900977,26.651411056518555,26.68751185036416,229800
1995-01-11,26.66946029663086,26.741661881190268,26.461880741022565,26.741661881190268,222400
1995-01-12,26.678478240966797,26.696528632198845,26.58822628480656,26.6423774585027,40300
1995-01-13,26.994369506835938,26.994369506835938,26.786789935235394,26.822890730296358,170600
1995-01-16,27.15683364868164,27.165858850957708,26.985354805436394,26.985354805436394,105100
1995-01-17,27.165836334228516,27.183886723819363,27.06655919147884,27.102659970660543,89500
1995-01-18,27.13875389099121,27.19290504607799,27.075577543389965,27.14777908350567,84500
1995-01-19,26.985326766967773,27.075578695954288,26.96727638117047,27.04850311725833,139100
1995-01-20,26.886049270629883,26.958250812813514,26.831898113992157,26.949225620040558,78700
1995-01-23,26.967283248901367,26.967283248901364,26.687502197791613,26.70555258818579,53700
1995-01-24,27.003385543823242,27.003385543823242,26.940209173901195,26.958259565307493,32400
1995-01-25,27.075565338134766,27.174842411041258,26.867986003875732,26.867986003875732,15700
1995-01-26,27.102649688720703,27.138750454206843,27.003372583633812,27.057523731863025,9800
1995-01-27,27.21097755432129,27.28317915313872,27.10267515609513,27.28317915313872,91200
1995-01-30,27.09364891052246,27.17487570605701,27.05754811250711,27.15682530704933,26600
1995-01-31,27.20193862915039,27.247064605642013,27.102661480868818,27.14778745736044,127500
1995-02-01,27.192920684814453,27.33732384809259,27.147794696290035,27.23804667333887,380200
1995-02-02,27.355379104614258,27.355379104614258,27.183900317749305,27.183900317749305,131700
1995-02-03,27.74346160888672,27.78858760369623,27.48173083899156,27.52685683380107,405100
1995-02-06,27.860782623291016,27.94200939478749,27.707354277131007,27.73442986762983,405400
1995-02-07,27.896881103515625,27.90590629960217,27.806629142650156,27.90590629960217,702900
1995-02-08,27.896881103515625,27.996158260467634,27.842729926996345,27.860780319169436,521500
1995-02-09,27.896881103515625,27.89688110351562,27.797603946563612,27.85175512308289,390700
1995-02-10,27.932985305786133,27.93298530578613,27.7795569535411,27.860783728259058,148300
1995-02-13,27.942007064819336,27.996158241301547,27.914931476578232,27.914931476578232,79700
1995-02-14,27.978105545043945,28.03225671706661,27.869803200998614,28.03225671706661,170200
1995-02-15,28.131546020507812,28.167646817454244,27.951042035775647,27.97811763348547,431500
1995-02-16,28.095422744750977,28.122498320797956,28.014196016610033,28.095422744750977,99300
1995-02-17,27.98714256286621,28.086419753511656,27.978117363716624,28.068369355212486,49100
1995-02-21,27.978105545043945,28.03225671706661,27.969080349706832,27.987130740381055,168000
1995-02-22,28.185691833496094,28.18569183349609,27.987137488207296,28.00518788323355,386400
1995-02-23,28.230812072753906,28.393265594911696,28.221786877078472,28.293988442481936,402800
1995-02-24,28.303001403808594,28.31202659558277,28.194699102518513,28.266900636711902,307600
1995-02-27,28.077402114868164,28.30303215436405,28.032276106968986,28.22180534014553,280900
1995-02-28,28.312036514282227,28.312036514282227,28.050305861137765,28.050305861137765,493500
1995-03-01,28.131546020507812,28.321075204476585,28.104470422797988,28.28497440753015,242600
1995-03-02,28.167634963989258,28.16763496398926,28.041282227848328,28.12250898679607,488600
1995-03-03,28.17666244506836,28.176662445068363,28.005183717824192,28.077385287190157,290000
1995-03-06,28.194721221923828,28.19472122192383,27.951040852848305,27.987141648266903,85700
1995-03-07,27.978105545043945,28.158609451786162,27.851752810324392,28.095433084426386,180900
1995-03-08,28.050325393676758,28.086426198559224,27.923972576588124,28.02324979001491,155900
1995-03-09,28.041288375854492,28.068363968106684,27.969086796515313,28.041288375854492,63500
1995-03-10,28.456438064575195,28.52863962008316,28.032253925965925,28.068354703719905,192100
1995-03-13,28.42936134338379,28.528638478233702,28.402285761151994,28.438386537461053,261300
1995-03-14,28.636945724487305,28.673046506995327,28.510592985709234,28.510592985709234,223300
1995-03-15,28.582809448242188,28.636960650228122,28.474507044270318,28.591834648573176,278500
1995-03-16,28.754274368286133,28.77232476023107,28.555720056891815,28.555720056891815,20400
1995-03-17,28.782878875732422,28.819175065991857,28.692138400083834,28.710286495213552,89900
1995-03-20,28.782878875732422,28.819175065991857,28.72843459034327,28.819175065991857,91700
1995-03-21,28.710285186767578,28.96435850700446,28.664914951010992,28.782877563978115,104400
1995-03-22,28.737512588500977,28.76473473493783,28.646772100378147,28.76473473493783,74900
1995-03-23,28.755651473999023,28.83731788714702,28.664911014945698,28.70120719856703,220500
1995-03-24,29.163984298706055,29.163984298706055,28.84639268375437,28.84639268375437,134000
1995-03-27,29.281957626342773,29.281957626342773,29.13677283488895,29.209365230615862,132100
1995-03-28,29.281957626342773,29.281957626342773,29.173069032752405,29.209365230615862,121900
1995-03-29,29.272876739501953,29.554172207240505,29.109543887266668,29.254728644809145,246100
1995-03-30,29.218425750732422,29.33638833916706,29.10046316229779,29.33638833916706,298400
1995-03-31,29.100473403930664,29.136769597761575,28.773807659452494,28.991584822437943,541300
1995-04-03,29.17306900024414,29.17306900024414,29.073254456230863,29.091402555142366,193300
1995-04-04,29.363630294799805,29.3636302947998,29.182149267019827,29.182149267019827,66900
1995-04-05,29.363630294799805,29.390852448966797,29.281963832298814,29.30011193507681,107200
1995-04-06,29.47249984741211,29.49972198397068,29.381759392216875,29.436203665334013,352500
1995-04-07,29.445274353027344,29.536014797874888,29.309163685756033,29.536014797874888,361400
1995-04-10,29.499727249145508,29.499727249145508,29.381764636337483,29.39991273061564,285400
1995-04-11,29.39990997314453,29.581390898904683,29.381761880568515,29.572316852616677,250300
1995-04-12,29.499727249145508,29.499727249145508,29.39083868347656,29.445282966311034,150900
1995-04-13,29.663053512573242,29.672127557697923,29.53601688082775,29.554164971077103,243400
1995-04-17,29.490650177001953,29.799167748084436,29.39990971491887,29.77194560945951,178900
1995-04-18,29.390853881835938,29.517890607475238,29.318261467184904,29.517890607475238,329500
1995-04-19,29.363630294799805,29.454370808689788,29.209371421186823,29.390852448966797,223000
1995-04-20,29.408977508544922,29.49064390705677,29.291014932916696,29.445273685661302,207900
1995-04-21,29.55415916442871,29.56323320777057,29.418048514300853,29.418048514300853,145000
1995-04-24,29.898998260498047,29.898998260498043,29.536036217881982,29.536036217881982,169000
1995-04-25,29.817317962646484,29.898984384333588,29.79916986893824,29.853614150062977,293200
1995-04-26,29.84455108642578,29.862699186812783,29.69029223313626,29.76288463468427,204400
1995-04-27,29.917133331298828,29.93528142552467,29.781022624605022,29.79917071883086,502200
1995-04-28,29.96248435974121,30.00785456622174,29.717485244746356,29.908040111964578,130800
1995-05-01,29.88083267211914,29.99879526693771,29.88083267211914,29.935276946650788,518700
1995-05-02,29.944351196289062,29.989721425374345,29.84453669230143,29.90805501302083,228400
1995-05-03,30.361757278442383,30.361757278442383,30.044165675111394,30.044165675111394,724700
1995-05-04,30.343605041503906,30.597678289459083,30.271012684945283,30.39804930892287,311400
1995-05-05,30.307310104370117,30.470642913315825,30.24379178978012,30.470642913315825,314900
1995-05-08,30.52509307861328,30.624907592247272,30.252871677793305,30.280093817875304,183100
1995-05-09,30.497865676879883,30.688420624578328,30.452495451237397,30.652124444064338,180600
1995-05-10,30.534160614013672,30.588604882567633,30.38897589786977,30.579530837808637,330300
1995-05-11,30.615829467773438,30.615829467773438,30.479718785492288,30.579533285831797,351700
1995-05-12,30.633983612060547,30.706575990288176,30.488798855605282,30.497872902883735,94600
1995-05-15,30.7791690826416,30.779169082641605,30.652132417795794,30.7156507502187,147200
1995-05-16,30.797319412231445,30.869911797410545,30.715652978904963,30.770097267789286,221600
1995-05-17,30.67934226989746,30.806378883851487,30.65212013833588,30.797304839997626,189200
1995-05-18,30.23472023010254,30.643052286031295,30.23472023010254,30.624904194656683,577800
1995-05-19,30.25288200378418,30.30732630253124,30.143993406290058,30.18936365524594,363900
1995-05-22,30.588607788085938,30.633978016190486,30.334534510700472,30.35268260194229,216000
1995-05-23,30.869915008544922,30.869915008544922,30.552323290350017,30.643063781262846,136800
1995-05-24,30.851749420166016,31.02415625516106,30.661194497276753,30.924341771742874,370800
1995-05-25,30.878984451293945,30.906206594506955,30.615837066901488,30.761021830704223,379900
1995-05-26,30.52509307861328,30.77009233935126,30.40713047159129,30.761018292657262,518600
1995-05-30,30.516029357910156,30.6793622536706,30.416214810500993,30.597695805790377,61500
1995-05-31,31.151199340820312,31.151199340820312,30.46157185759796,30.46157185759796,564500
1995-06-01,31.06954574584961,31.305471034807578,30.924360952644705,31.01510144839777,810100
1995-06-02,31.09674644470215,31.31452348429154,30.83359918853163,30.942487708326325,112900
1995-06-05,31.287328720092773,31.387143283874973,31.069551490022523,31.096773643781304,257200
1995-06-06,31.232868194580078,31.368978892697076,31.232868194580078,31.26009033420348,165800
1995-06-07,31.06954574584961,31.187508390328592,31.033249547548383,31.16936029117798,41900
1995-06-08,30.9969425201416,31.151201309029897,30.9969425201416,31.06046084497796,141100
1995-06-09,30.815471649169922,30.9697304884031,30.633990661836762,30.93343429093647,304900
1995-06-12,30.987865447998047,31.11490208526656,30.897124992806255,30.915273083844614,378500
1995-06-13,31.323612213134766,31.341760308275635,31.105835071444375,31.133057214155674,120000
1995-06-14,31.296411514282227,31.33270772943361,31.178448815040223,31.278263406706532,389400
1995-06-15,31.432497024536133,31.496015349932133,31.28731228077384,31.341756559684697,274500
1995-06-16,31.525827407836914,31.525827407836914,31.37066265221062,31.37066265221062,325100
1995-06-19,31.881786346435547,31.90004101940803,31.598838915362116,31.617093588334594,134600
1995-06-20,31.799625396728516,31.900026050966176,31.772243400118242,31.790498064525092,287800
1995-06-21,31.78137969970703,31.92741705616749,31.78137969970703,31.90003505183115,158200
1995-06-22,32.20124053955078,32.219495211058465,31.918293131181713,31.918293131181713,297000
1995-06-23,32.13733673095703,32.14646406317258,32.03693607658596,32.128209398741475,315400
1995-06-26,31.753997802734375,32.10083652550066,31.753997802734375,32.04607251664282,132900
1995-06-27,31.690120697021484,31.954813525424026,31.67186601920062,31.74488473048408,127700
1995-06-28,31.854394912719727,31.98217758572204,31.58970223292922,31.690102904573894,212600
1995-06-29,31.799625396728516,31.936535379779873,31.580569423846345,31.85438938994906,89200
1995-06-30,31.78137969970703,31.97305373006138,31.71748835625558,31.863525712716037,714100
1995-07-03,31.9000301361084,31.900030136108395,31.8178841357579,31.8178841357579,9500
1995-07-05,32.01870346069336,32.16474087670564,31.918302737184916,31.99132144519106,409300
1995-07-06,32.42942428588867,32.42942428588867,31.963930157383096,32.02782150835445,202500
1995-07-07,32.57547378540039,32.584601124650995,32.34729030413533,32.365544982636536,481700
1995-07-10,32.59370422363281,32.68497754825794,32.53894022885774,32.602831556095325,400400
1995-07-11,32.43855667114258,32.59372140479745,32.3929199847735,32.566339392976005,420500
1995-07-12,32.84013748168945,32.89490146859611,32.43853491104067,32.50242622909843,203400
1995-07-13,32.767147064208984,32.86754779337509,32.730637708148585,32.79452908125428,215600
1995-07-14,32.739749908447266,32.76713191283125,32.56633054734872,32.5937125517327,543700
1995-07-17,32.92230224609375,32.95881159152884,32.75801019163584,32.78539220071216,171500
1995-07-18,32.639347076416016,32.86753043125673,32.61196507383513,32.86753043125673,221200
1995-07-19,32.28336715698242,32.548059734746765,31.66270869877637,32.51155041367582,486600
1995-07-20,32.40203094482422,32.465922273447816,32.14646563032983,32.31988495087959,318900
1995-07-21,32.365543365478516,32.49332610860223,32.2377606223548,32.374670704273065,94000
1995-07-24,32.60283660888672,32.63934594439499,32.41116259746829,32.41116259746829,108400
1995-07-25,32.849273681640625,32.894910349717364,32.53894433871876,32.639345008487595,107400
1995-07-26,32.82189178466797,32.98618379026419,32.81276445102373,32.831019118312206,167800
1995-07-27,33.09571838378906,33.12310039017388,32.977063022788165,32.977063022788165,187700
1995-07-28,32.885780334472656,33.123090989120534,32.85839833585944,33.123090989120534,415600
1995-07-31,32.80363845825195,32.94054846851177,32.73061978611339,32.913166466459806,342500
1995-08-01,32.7489013671875,32.84930212388735,32.566354536824136,32.84930212388735,141000
1995-08-02,32.67584991455078,33.177853195360925,32.621085920280585,32.9405425535234,240400
1995-08-03,32.666744232177734,32.68499890903282,32.39292407935144,32.4476881099167,1193600
1995-08-04,32.703243255615234,32.758007268881684,32.666733913437604,32.73062526224846,240500
1995-08-07,32.7762451171875,32.876645756644216,32.7579904554681,32.7762451171875,193100
1995-08-08,32.7762451171875,32.89490041836362,32.675844477730784,32.7944997789069,951900
1995-08-09,32.767147064208984,32.885802471405285,32.73976504716369,32.885802471405285,107100
1995-08-10,32.69410705566406,32.876653717058055,32.55719705961857,32.803635052500454,280800
1995-08-11,32.511573791503906,32.703247864951855,32.37466373904109,32.66673851762843,257200
1995-08-14,32.80363845825195,32.80363845825195,32.520691103715,32.59370977585357,254800
1995-08-15,32.739749908447266,32.794513917215234,32.51156653858076,32.794513917215234,44400
1995-08-16,32.83102035522461,32.83102035522461,32.675855677426775,32.712365013379205,374900
1995-08-17,32.7762451171875,32.849263764065114,32.65758981601139,32.849263764065114,353800
1995-08-18,32.81277084350586,32.94968087484177,32.78538883723868,32.94055353941937,85400
1995-08-21,32.72148895263672,33.08658227428399,32.712361619595534,32.94967227866626,266700
1995-08-22,32.7853889465332,32.84015295925013,32.602842237476786,32.76713427562756,220200
1995-08-23,32.666744232177734,32.83103632387352,32.666744232177734,32.81278164701843,176500
1995-08-24,32.703243255615234,32.7671346044261,32.56633322244911,32.67586124898201,167400
1995-08-25,32.885780334472656,32.94054433169909,32.75799767427765,32.75799767427765,195000
1995-08-28,32.767147064208984,32.97707586155629,32.71238303011839,32.97707586155629,293000
1995-08-29,32.849273681640625,32.85840101525597,32.57545367318016,32.80363701356388,1133100
1995-08-30,32.92230224609375,32.95881159152884,32.84015621886479,32.876665564299884,437400
1995-08-31,32.94969177246094,33.00445580310769,32.88580040337306,32.91318241869644,491900
1995-09-01,33.09571838378906,33.15048239655871,32.913171674556914,32.94055368094173,629900
1995-09-05,33.40604782104492,33.42430249198539,33.141355092408226,33.19611910522961,272200
1995-09-06,33.469947814941406,33.506457166253035,33.42431112580186,33.43343846362977,214500
1995-09-07,33.488182067871094,33.52469139691756,33.44254540656301,33.50643673239433,258800
1995-09-08,33.615966796875,33.615966796875,33.396910809059364,33.615966796875,107300
1995-09-11,33.707252502441406,33.771143855681885,33.67074315773256,33.67074315773256,260700
1995-09-12,33.86244583129883,33.86244583129883,33.63426223405288,33.71640832906142,139500
1995-09-13,34.017578125,34.063214800778105,33.816776751576334,33.82590408673195,239800
1995-09-14,34.327919006347656,34.35530102097649,34.04497152184971,34.13624490394582,457600
1995-09-15,34.31843185424805,34.40101631592939,34.18079108477914,34.30007975165219,431200
1995-09-18,34.189979553222656,34.21750771711414,34.02481056987375,34.19915560785315,307500
1995-09-19,34.35512161254883,34.37347370742732,34.134896474006844,34.25418509071709,549600
1995-09-20,34.52030944824219,34.52030944824219,34.38266866096849,34.41019681842323,290800
1995-09-21,34.2358512878418,34.50195680575855,34.09821050271244,34.47442864873268,508500
1995-09-22,34.24504089355469,34.28174511744917,33.933054990451566,33.96058315837243,449900
1995-09-25,34.189979553222656,34.2817400995276,34.07069084302623,34.2817400995276,130000
1995-09-26,34.180809020996094,34.373506199369494,34.09822451597892,34.29092169435232,466600
1995-09-27,34.153282165527344,34.171634278458846,33.822944132760284,34.033993431472574,654400
1995-09-28,34.41020965576172,34.41020965576172,34.15328009033203,34.180808258056636,456200
1995-09-29,34.345977783203125,34.59373129646695,34.30009750296908,34.38268200739036,606600
1995-10-02,34.1716423034668,34.42857194484625,34.08905777588055,34.34598741725999,293100
1995-10-03,34.20832824707031,34.263384569356376,34.0339832264978,34.17162403221295,839700
1995-10-04,34.1716423034668,34.226698655190965,34.125762010363324,34.226698655190965,248800
1995-10-05,34.272552490234375,34.272552490234375,34.116559614107466,34.208320129476235,268800
1995-10-06,34.300086975097656,34.40102356063165,34.290910921867294,34.290910921867294,75300
1995-10-09,34.015621185302734,34.189966154960345,33.95138882806046,34.17161405289112,358200
1995-10-10,33.99728012084961,33.99728012084961,33.630237960300626,33.66694217635552,360800
1995-10-11,34.10739517211914,34.11657122677938,33.98810646153599,34.11657122677938,228100
1995-10-12,34.31843185424805,34.3367839568439,34.1349108282895,34.1349108282895,199800
1995-10-13,34.42854309082031,34.566183854776156,34.42854309082031,34.47442334547226,488100
1995-10-16,34.26338577270508,34.391850529217635,34.26338577270508,34.32761815096136,443600
1995-10-17,34.49276351928711,34.52946771031588,34.23583418208571,34.30006651638606,146000
1995-10-18,34.59370803833008,34.70382063686058,34.483595439799586,34.65794038747287,228100
1995-10-19,34.75889587402344,34.75889587402344,34.529494502098785,34.57537477648371,500600
1995-10-20,34.5478401184082,34.7588893409111,34.5478401184082,34.7313611814542,748400
1995-10-23,34.47443389892578,34.538666275101576,34.38267336153178,34.38267336153178,533000
1995-10-24,34.51115036010742,34.557030645084964,34.42856584714785,34.520326417102936,172200
1995-10-25,34.22667694091797,34.58454300008574,34.22667694091797,34.53866273608987,302700
1995-10-26,33.914695739746094,34.30926606355808,33.63941411848192,34.28173790143166,606800
1995-10-27,34.1716423034668,34.1716423034668,33.72201543105276,33.87800842760457,905800
1995-10-30,34.391841888427734,34.410193991890075,34.25420111246018,34.25420111246018,488700
1995-10-31,34.24504089355469,34.55702679665781,34.24504089355469,34.48361834886884,508200
1995-11-01,34.52030944824219,34.52030944824219,34.199147611270234,34.226675768724974,415700
1995-11-02,34.74053192138672,34.74053192138672,34.465250368919314,34.465250368919314,326000
1995-11-03,34.78642272949219,34.79559878402384,34.68548612964401,34.78642272949219,615000
1995-11-06,34.66714859008789,34.7772612907446,34.657972531699826,34.7772612907446,311200
1995-11-07,34.538658142089844,34.64877076103381,34.428545523145885,34.64877076103381,358200
1995-11-08,34.85064697265625,34.86899907743385,34.5845414533811,34.5845414533811,357200
1995-11-09,34.97911834716797,34.988294401298916,34.81394937281093,34.988294401298916,503700
1995-11-10,34.96076202392578,35.00664228904905,34.77724096343273,34.786417016457385,795600
1995-11-13,34.92405700683594,35.034169640593696,34.83229647870447,34.8965288483965,818500
1995-11-14,34.69465255737305,34.933229908997404,34.69465255737305,34.85982149311299,341800
1995-11-15,35.0433464050293,35.052522458028776,34.71300849704787,34.73136060304684,584700
1995-11-16,35.236053466796875,35.27275768915812,35.03418024381001,35.04335629940033,577700
1995-11-17,35.346153259277344,35.35532931152534,35.2452166845494,35.29109694578937,267000
1995-11-20,35.162635803222656,35.4103892392057,35.1534597500381,35.40121318602114,448800
1995-11-21,35.447086334228516,35.447086334228516,35.190156896651914,35.19933294799394,119200
1995-11-22,35.33699417114258,35.45628290763306,35.33699417114258,35.4195786810206,351600
1995-11-24,35.42874526977539,35.42874526977539,35.34616078196706,35.373688944569835,62400
1995-11-27,35.43790817260742,35.612253137723826,35.43790817260742,35.502140528176625,273000
1995-11-28,35.81412887573242,35.81412887573242,35.327798147981,35.41038261118407,479000
1995-11-29,35.850826263427734,35.8783544125934,35.73153761704315,35.8783544125934,549200
1995-11-30,35.768253326416016,35.942598327237434,35.73154911571677,35.850837800489316,286200
1995-12-01,35.81412887573242,35.86918518453447,35.73154441252935,35.81412887573242,465200
1995-12-04,36.25457763671875,36.25457763671875,35.85083139120733,35.89671164637908,631700
1995-12-05,36.4931640625,36.529868275788914,36.19035430286648,36.21788246283317,567700
1995-12-06,36.575748443603516,36.72256529636258,36.41057948424956,36.58492449690095,272800
1995-12-07,36.383056640625,36.57575378802806,36.355528476710276,36.52987351483685,289700
1995-12-08,36.50234603881836,36.54822631287419,36.27294466853921,36.53905025806303,296900
1995-12-11,36.658329010009766,36.73173742855297,36.50233612060547,36.575744539148666,186500
1995-12-12,36.548213958740234,36.621622372415835,36.49315764848353,36.49315764848353,299400
1995-12-13,36.777618408203125,36.82349867068841,36.59409735826199,36.59409735826199,390700
1995-12-14,36.51152420043945,36.87856641406539,36.41976364703297,36.81433402668085,395000
1995-12-15,36.52489471435547,36.561825851579286,36.39563573407211,36.561825851579286,416700
1995-12-18,35.82320785522461,36.20175206194219,35.81397506969491,36.20175206194219,862300
1995-12-19,36.20172882080078,36.24789271881251,35.79548651829753,35.841650416309264,1022600
1995-12-20,35.85088348388672,36.349453586418235,35.85088348388672,36.3125224677122,1349800
1995-12-21,36.035552978515625,36.14634637737347,35.89706122994331,36.06325132823009,857600
1995-12-22,36.16478729248047,36.26634783887243,36.12785618470158,36.22941673109353,332800
1995-12-26,36.34022903442383,36.35869459795758,36.23866843498819,36.3125306891232,432200
1995-12-27,36.32178497314453,36.43257841993603,36.25715546251616,36.43257841993603,151800
1995-12-28,36.28483963012695,36.43256416806131,36.19251179391798,36.247908495643365,256200
1995-12-29,36.33099365234375,36.35869199566193,36.19250193575286,36.32176087123769,339200
1996-01-02,36.71877670288086,36.71877670288086,36.24790478639936,36.28483591710379,514400
1996-01-03,36.82032775878906,36.931121122155524,36.635672153178284,36.83879331935014,610300
1996-01-04,36.46947479248047,37.00497594133208,36.174025882769236,36.86648426490494,1129700
1996-01-05,36.39561462402344,36.48794241353136,36.146329592352046,36.22942460290918,302400
1996-01-08,36.53410720825195,36.580271104143094,36.47871053318258,36.52487442907372,179900
1996-01-09,35.90629577636719,36.672616822764326,35.8232007231434,36.64491847168973,415500
1996-01-10,35.4354133605957,35.93398353294385,35.241524960238095,35.86012128518857,787700
1996-01-11,35.64777374267578,35.64777374267578,35.324626350551036,35.490816437929475,513200
1996-01-12,35.59237289428711,35.74933018072106,35.25999275830933,35.740097399166125,390400
1996-01-15,35.51853561401367,35.72165695103168,35.370811005273296,35.60163070643013,154200
1996-01-16,35.952457427978516,35.9801557773067,35.38925765830551,35.6939395009155,454600
1996-01-17,35.8416633605957,36.11864684869922,35.72163718241751,35.86936170940606,407600
1996-01-18,35.961692810058594,35.989391161388546,35.675476512982385,35.98015837761189,425600
1996-01-19,36.20172882080078,36.29405661682424,35.92474543273038,35.96167655113977,169800
1996-01-22,36.21097946166992,36.29407451907814,36.109418835948766,36.17404832504405,288200
1996-01-23,36.29407501220703,36.29407501220703,36.11865211085065,36.192514385105966,362200
1996-01-24,36.589508056640625,36.663370298491024,36.33099021016424,36.34945577062683,1506500
1996-01-25,36.46023941040039,36.635662188014365,36.4140755215546,36.61719663247605,298400
1996-01-26,36.774166107177734,36.79263166886851,36.386389311671465,36.4325532158984,726300
1996-01-29,36.921875,36.921875,36.718753907226805,36.74645223805951,254800
1996-01-30,37.23582077026367,37.309683048012765,36.94960444398592,36.9957683675791,272100
1996-01-31,37.623573303222656,37.63280608194737,37.20809826061038,37.226563818059816,498000
1996-02-01,37.7620735168457,37.7620735168457,37.558952339004485,37.586650681437376,373900
1996-02-02,37.60509490966797,37.82668152342491,37.521999929509114,37.74358654326606,496200
1996-02-05,37.909812927246094,37.96520963391036,37.48510484282006,37.540501549484325,295300
1996-02-06,38.26988220214844,38.30681333093217,37.872872567723256,37.92826926089886,301600
1996-02-07,38.4914665222168,38.4914665222168,38.22371585559548,38.260646982026,585100
1996-02-08,38.90694046020508,38.94387158546393,38.36220636263695,38.43606861315466,1526600
1996-02-09,38.897705078125,39.22085240253382,38.7130494641771,38.888472297427604,804600
1996-02-12,39.19316482543945,39.36858770687252,38.93464689490652,38.9715780278398,626500
1996-02-13,39.11006164550781,39.40551064755131,38.9992682697415,39.02696661368308,1045900
1996-02-14,38.7684440612793,39.211617510896204,38.74997850087859,39.082358588091274,431400
1996-02-15,38.52840805053711,38.94388333505045,38.48224413003563,38.68536538024215,889500
1996-02-16,38.37143325805664,38.54685607612764,38.25140711937648,38.454528277142906,606100
1996-02-20,37.99289321899414,38.18678161695256,37.74360813590475,38.075988246690606,492300
1996-02-21,38.463775634765625,38.49147398495868,38.066765948665065,38.066765948665065,434000
1996-02-22,39.073116302490234,39.19314241589581,38.648408516593605,38.67610685045643,721400
1996-02-23,38.962345123291016,39.35935480108758,38.60226657831273,39.29472531865558,1430400
1996-02-26,38.40834426879883,38.93461244748189,38.3898787186696,38.85151747190036,1408400
1996-02-27,38.28834915161133,38.5099359323296,38.11292628354269,38.50070314979967,601000
1996-02-28,38.11292266845703,38.84231241913729,38.11292266845703,38.59302731447442,865900
1996-02-29,37.74360656738281,38.38066841991447,37.74360656738281,37.89133105492638,914300
1996-03-01,38.34374237060547,38.34374237060547,37.58665427178783,38.196017863519096,1452600
1996-03-04,38.56532669067383,38.79614621838913,38.29757603852406,38.42683497404464,652600
1996-03-05,38.9254150390625,38.9254150390625,38.45454308294481,38.47300864985139,402000
1996-03-06,38.58378219604492,38.98079168023491,38.58378219604492,38.8699983358098,624700
1996-03-07,38.77768325805664,38.79614882151286,38.54686371485392,38.657657095591226,534200
1996-03-08,37.52201461791992,38.334499186418185,36.63566781592181,37.92825690216905,2289900
1996-03-11,37.95596694946289,38.01136364167811,37.26350829677261,37.37430168120306,1511400
1996-03-12,37.66051483154297,37.84517045709602,37.17117742382741,37.706678737931234,1385300
1996-03-13,37.91904067993164,38.07599799465257,37.69745388267857,37.90980789671276,1019300
1996-03-14,38.08521270751953,38.297566620797824,37.95595380378492,37.974419361461294,725600
1996-03-15,38.05962371826172,38.180182955186034,37.83705281932451,38.02252856843885,869200
1996-03-18,38.79226303100586,38.79226303100586,38.328573537448534,38.41203764628885,917600
1996-03-19,38.708797454833984,39.135391772735844,38.5789644015595,39.135391772735844,858300
1996-03-20,38.66241455078125,38.89425920507953,38.36565339327945,38.89425920507953,744300
1996-03-21,38.569679260253906,38.72733363568654,38.43984624519174,38.70878606210623,650800
1996-03-22,38.671695709228516,38.77370737656701,38.54186267807044,38.58823161776975,344500
1996-03-25,38.59750747680664,39.06119689868082,38.495495803994324,39.02410174493088,802400
1996-03-26,38.78299331665039,38.88500501595291,38.49550580043419,38.532600963816925,969400
1996-03-27,38.43059158325195,38.86645977929752,38.39349641763105,38.838638405081845,809600
1996-03-28,38.57895278930664,38.59750036276304,38.28219161400428,38.291465400732484,1001300
1996-03-29,38.393497467041016,38.690258800119594,38.2080216338669,38.690258800119594,457700
1996-04-01,38.838623046875,38.84789683461303,38.45839774961572,38.57895699021013,773400
1996-04-02,38.91282272338867,38.91282272338867,38.75516829386112,38.88500135347205,638800
1996-04-03,38.91282272338867,38.9406440933053,38.68097797408345,38.77371587380554,288000
1996-04-04,38.885005950927734,39.00556523482042,38.87573215985906,38.91282732413374,934900
1996-04-08,38.217288970947266,38.217288970947266,37.7443256762328,37.91125389789673,2217200
1996-04-09,38.06890106201172,38.36566228831729,37.99471075543532,38.36566228831729,1180900
1996-04-10,37.39191818237305,38.17091647783916,37.24353755466522,38.00398827166784,939500
1996-04-11,37.345542907714844,37.67012547582262,36.87257973704351,37.48464972261817,1276000
1996-04-12,37.81850051879883,37.87414323658029,37.49391799840698,37.6052034339699,411300
1996-04-15,38.133819580078125,38.18018852412005,37.892701071060124,38.01326032556912,484200
1996-04-16,38.245113372802734,38.374946444388385,38.124554092044626,38.20801820949255,429700
1996-04-17,38.15238571166992,38.31931399140013,37.89271949875628,38.20802847157999,525300
1996-04-18,38.20802307128906,38.328582367387796,38.04109481515236,38.245118239319446,818600
1996-04-19,38.300743103027344,38.495492644229174,38.235826589293396,38.39348097979012,885100
1996-04-22,38.59750747680664,38.74588809180638,38.3378414005571,38.653150207431544,828900
1996-04-23,38.718048095703125,38.74586944762818,38.44910836042758,38.53257241620275,225400
1996-04-24,38.57895278930664,38.912809111521796,38.49548870875285,38.912809111521796,699000
1996-04-25,38.75515365600586,38.91280802598722,38.43057112957365,38.66241579131094,475500
1996-04-26,38.838623046875,39.06119395258775,38.7180638062806,38.85717062235106,563300
1996-04-29,38.838623046875,38.91281334877925,38.67169486759044,38.67169486759044,219900
1996-04-30,38.8108024597168,38.912814126874956,38.65314806501783,38.838623823487204,184400
1996-05-01,38.89426040649414,39.05191477628679,38.745879823159875,38.801522541910224,561900
1996-05-02,38.22655487060547,38.801529737654846,38.041079107041156,38.58823260955588,1299600
1996-05-03,38.1709098815918,38.56968274964535,37.837053526942306,38.44912351046637,1329300
1996-05-06,38.133819580078125,38.319295356245824,37.79996318297628,38.319295356245824,647500
1996-05-07,37.976165771484375,38.13382018372253,37.846332726111775,38.13382018372253,582100
1996-05-08,38.44915008544922,38.44915008544922,37.43830653520465,37.790710708684415,1694700
1996-05-09,38.421302795410156,38.61605233890608,38.28219597862736,38.31929112976944,593400
1996-05-10,38.8015251159668,38.93135813499728,38.616049374494686,38.801525115966804,925100
1996-05-13,39.38579177856445,39.55272002250468,38.85718567275372,38.89428083807377,867500
1996-05-14,39.62689971923828,39.728911396493515,39.50634046430027,39.543435619665814,632300
1996-05-15,39.580535888671875,39.95148749025268,39.552714518553316,39.63617862890899,466100
1996-05-16,39.66399383544922,39.72891035563817,39.33941123450447,39.35795881170131,514400
1996-05-17,39.877288818359375,39.94220533504043,39.76600336119186,39.76600336119186,427700
1996-05-20,40.146236419677734,40.21115294888488,39.756737244434845,40.15551020956447,788500
1996-05-21,40.090576171875,40.28532567444483,40.06275481436502,40.21113538775156,352700
1996-05-22,40.470821380615234,40.470821380615234,39.99785806933857,40.136964925596416,1218100
1996-05-23,40.30388641357422,40.61919523503338,40.081315480779516,40.52645734636892,967900
1996-05-24,40.4615364074707,40.55427428601178,40.322429589659095,40.340977165367306,659100
1996-05-28,40.05350875854492,40.58211491720134,39.95149704371649,40.58211491720134,456400
1996-05-29,39.78457260131836,40.1740719134991,39.65473949725811,40.136976740910455,649600
1996-05-30,39.98857498168945,40.19259832343277,39.61762345124707,39.728908910379786,895800
1996-05-31,39.69182586669922,40.14624163012638,39.69182586669922,39.979313390500074,923500
1996-06-03,39.8031005859375,39.83092195167791,39.58980344859441,39.70108891155602,503100
1996-06-04,40.0813102722168,40.11840542286207,39.91438209431307,39.98857239560362,627100
1996-06-05,40.433712005615234,40.48008094140149,40.016391583538926,40.09985566795419,428000
1996-06-06,40.136959075927734,40.656291263601474,40.062768763402914,40.656291263601474,523300
1996-06-07,40.136959075927734,40.14623286499334,39.283770481892304,39.283770481892304,1422800
1996-06-10,40.00712203979492,40.20187159075359,39.9422055228087,40.08131234492203,548800
1996-06-11,39.970027923583984,40.37807461236304,39.970027923583984,40.155503691210825,688700
1996-06-12,39.89583969116211,40.201874723660566,39.830923169116986,40.09986304616108,1120600
1996-06-13,39.89583969116211,40.04422031297954,39.66399496957237,39.988577579798005,1502000
1996-06-14,39.72891616821289,39.91439196731753,39.59908310883965,39.91439196731753,1468200
1996-06-17,39.70109176635742,39.89584134054418,39.59908008464055,39.747460712592364,1101000
1996-06-18,39.37651443481445,39.78456121652238,39.36724064432109,39.67327573060203,718000
1996-06-19,39.552711486816406,39.766008641376025,39.4228784362149,39.56198527614509,552100
1996-06-20,39.52488708496094,39.71963664591452,39.28376858092316,39.589803605278796,1234400
1996-06-21,39.86483383178711,39.8648338317871,39.60379188901582,39.71566700734637,573300
1996-06-24,39.939430236816406,40.107242968903876,39.88349265945392,39.95807609593724,416500
1996-06-25,39.89280700683594,40.07926555793122,39.846192369062116,40.05129677526693,454400
1996-06-26,39.62245559692383,39.93011231097053,39.613132666195135,39.84620593441234,838200
1996-06-27,39.902137756347656,40.00468997955322,39.47328300476074,39.62244987487793,1090500
1996-06-28,40.041969299316406,40.27504246171057,39.95806296085451,40.06993807880371,1060800
1996-07-01,40.38692092895508,40.396243856224,40.08858725634968,40.144524819963195,471300
1996-07-02,40.23775863647461,40.35895670465676,40.172498138222686,40.34963377633506,389400
1996-07-03,40.153846740722656,40.27504479218061,40.014002835194255,40.21910722996925,308300
1996-07-05,39.12833023071289,39.64109128925213,39.00713216233088,39.45463272251059,842900
1996-07-08,38.96985626220703,39.37074234337327,38.85798107676529,39.156314904609935,942000
1996-07-09,39.12833023071289,39.268174155769046,39.00713216233088,39.14697608738704,716300
1996-07-10,39.286827087402344,39.286827087402344,38.73677421645864,39.11901434711443,1132300
1996-07-11,38.4943733215332,39.193592987097496,38.11213323769138,39.119009556103975,1587400
1996-07-12,38.522335052490234,38.72743945015596,38.233324310324896,38.55962676115673,1312000
1996-07-15,37.384952545166016,38.61557941198944,37.384952545166016,38.61557941198944,1951300
1996-07-16,37.478153228759766,37.888361871064596,36.023777133315356,37.49679907613726,4141000
1996-07-17,37.92567443847656,38.18671644542773,37.590049000967916,38.03754958431278,1340500
1996-07-18,38.4477653503418,38.513025863788066,37.78583728538683,38.03755640867957,1432500
1996-07-19,38.16808319091797,38.410479420269176,37.96297868915925,38.354541828880436,1216000
1996-07-22,37.888370513916016,38.03753732696293,37.59935981363762,37.90701636554688,519800
1996-07-23,37.403587341308594,38.149421585402486,37.33832684495038,37.94431716827666,1479800
1996-07-24,37.478153228759766,37.70190339728967,36.76961102841505,36.956069502189976,2463400
1996-07-25,37.81380844116211,37.92568361406496,37.66464154395832,37.85110016546306,1989800
1996-07-26,38.01889419555664,38.07483175445152,37.823112739424545,37.925664930731834,642300
1996-07-29,37.59937286376953,38.018904671076655,37.55275821851318,37.962967096769034,1297900
1996-07-30,37.962974548339844,38.00026627186473,37.55276558956603,37.851099377765166,1868200
1996-07-31,38.242652893066406,38.34520510706537,37.897704536888085,37.99093382234169,767100
1996-08-01,38.87661361694336,39.01645755081726,38.22400859219851,38.279946165748065,1168600
1996-08-02,39.71567153930664,39.734317394489416,39.23087930455454,39.380046146016724,1098500
1996-08-05,39.482601165771484,39.734320228693754,39.36140309843854,39.72499730043737,710200
1996-08-06,39.603797912597656,39.6877042641074,39.258849578613166,39.47327692136028,640000
1996-08-07,39.70634841918945,39.827546477289815,39.454629375442536,39.752963056920365,917800
1996-08-08,39.64107894897461,39.71566235245339,39.491912142017036,39.71566235245339,925100
1996-08-09,39.51057052612305,39.83687301984988,39.4173412422011,39.78093544949671,648800
1996-08-12,39.799564361572266,39.892793605801764,39.38003276253953,39.529199553306725,764200
1996-08-13,39.482601165771484,39.752966085206516,39.3800489549513,39.72499730043737,805200
1996-08-14,39.62245559692383,39.65974731983858,39.38005939797794,39.49193456672219,533800
1996-08-15,39.54787063598633,39.75297510415976,39.501255984128726,39.51990184487177,632600
1996-08-16,39.88348388671875,39.90212974173825,39.6597336264847,39.6597336264847,475100
1996-08-19,39.902137756347656,39.93010654449463,39.752970886230464,39.89281482696533,436400
1996-08-20,39.87415313720703,39.92076776561153,39.780923880398035,39.91144483993063,645700
1996-08-21,39.73431396484375,39.86483493985731,39.60379298983018,39.77160567199048,266400
1996-08-22,40.107234954833984,40.181818376414334,39.80890126851258,39.827547123907664,584800
1996-08-23,39.89280700683594,40.09791141304075,39.76228602106924,40.0326509201574,757100
1996-08-26,39.69702911376953,39.84619596811906,39.63176861499161,39.799581326134835,784700
1996-08-27,39.84619903564453,39.88349075210279,39.678386311582386,39.808907319186275,389400
1996-08-28,39.780921936035156,39.97670336576488,39.77159901080993,39.93941166486398,227600
1996-08-29,39.389373779296875,39.734322141387764,39.156300561667905,39.734322141387764,680200
1996-08-30,38.97914505004883,39.389353704007725,38.85794703865188,39.38003078005411,1500900
1996-09-03,39.230865478515625,39.28680302435001,38.410448139611304,38.46638568544569,1782000
1996-09-04,39.26816940307617,39.827545035598625,39.072387931693314,39.230877694241336,930200
1996-09-05,38.79270935058594,39.24020996313776,38.79270935058594,39.081720162858986,616600
1996-09-06,39.34275436401367,39.48259827762983,38.86728505771872,38.9325455507396,804900
1996-09-09,39.80889892578125,39.818221852930144,39.42665891267656,39.49191940271883,719200
1996-09-10,39.79025650024414,39.92077749157578,39.60379794119895,39.7529647884351,669900
1996-09-11,40.013999938964844,40.05129164440656,39.622437031826784,39.715666295431085,713500
1996-09-12,40.29369354248047,40.414891602649895,40.069943277552305,40.125880843784344,713300
1996-09-13,40.90898513793945,40.946276829040585,40.647943300231546,40.759818373534934,2008800
1996-09-16,41.058189392089844,41.263293880424534,40.909022491482794,40.96496007921044,1220200
1996-09-17,40.96494674682617,41.1607282401542,40.71322768397585,41.09546774237819,604700
1996-09-18,40.86239242553711,41.020882197664456,40.70390265340977,40.9090070643981,225500
1996-09-19,41.020870208740234,41.048838983882554,40.741182457317,40.79712000760165,410000
1996-09-20,41.166404724121094,41.25074290816777,41.00709926536624,41.13829199610553,948400
1996-09-23,41.15702438354492,41.23199164107415,40.87589716781033,41.063315311633396,466800
1996-09-24,41.14764404296875,41.53185114972387,40.9695968471554,41.11953132784033,1269800
1996-09-25,41.175758361816406,41.344434659156576,41.08204930773854,41.344434659156576,1353300
1996-09-26,41.15702438354492,41.49437704242644,41.01646077567763,41.23199164107415,773200
1996-09-27,41.194522857666016,41.213264678802354,41.00710464630266,41.213264678802354,407600
1996-09-30,41.15702438354492,41.41940978489721,41.128911661971465,41.250733455456455,578200
1996-10-01,41.38190841674805,41.410021126270294,41.04455590248108,41.203861256440476,561400
1996-10-02,41.66305923461914,41.73802650269763,41.47564106442292,41.53186651548179,609000
1996-10-03,41.62558364868164,41.70055093125468,41.50376181450044,41.68180911061142,342200
1996-10-04,42.18784713745117,42.18784713745117,41.68181787369676,41.79426882119774,754100
1996-10-07,42.23468017578125,42.35650197349263,42.1316001931024,42.16908382316744,235100
1996-10-08,42.066001892089844,42.39398363996758,41.99103463543208,42.253420033734265,386200
1996-10-09,41.738033294677734,42.20657879641413,41.6911787445041,42.1316115161363,528800
1996-10-10,41.6536865234375,41.89733013414827,41.6068319829162,41.738024696375845,1562200
1996-10-11,42.169090270996094,42.169090270996094,41.8129957309299,41.8129957309299,331300
1996-10-14,42.225311279296875,42.393987622622966,42.15971492355895,42.169085831521514,201600
1996-10-15,42.169090270996094,42.65637753634982,41.953559365166555,42.65637753634982,776900
1996-10-16,42.375240325927734,42.375240325927734,41.94417861540304,42.28153125842237,590100
1996-10-17,42.487701416015625,42.600152324042135,42.309654144973656,42.50644323402004,792500
1996-10-18,42.71260452270508,42.76882997841728,42.41273542557332,42.50644451842699,695800
1996-10-21,42.65637969970703,42.9562488012867,42.54392878661466,42.750088793950674,879200
1996-10-22,42.356502532958984,42.628258854520006,42.33776071767891,42.61888794687997,848900
1996-10-23,42.49706268310547,42.51580449685766,42.09411368743324,42.26279001120301,735900
1996-10-24,42.1315803527832,42.57201279864192,42.11283854657645,42.49704557381491,379300
1996-10-25,42.169090270996094,42.31902481418186,42.05663936360677,42.12223572625054,568300
1996-10-28,41.8879508972168,42.42209255295312,41.86920908473482,42.206561709410394,975400
1996-10-29,42.225311279296875,42.32839126688504,41.80362042098166,42.01915130412055,815900
1996-10-30,42.08473205566406,42.356488285816425,42.037877533224005,42.356488285816425,495400
1996-10-31,42.487701416015625,42.50644323402004,42.094123237922844,42.14097778293389,726300
1996-11-01,42.33774185180664,42.67509437652223,42.14095287905588,42.57201443841469,821300
1996-11-04,42.61886978149414,42.61886978149414,42.30025905753398,42.393968093992854,1608400
1996-11-05,42.862525939941406,43.05931497464599,42.75007506296736,42.759445969381865,764000
1996-11-06,43.68716812133789,43.705909935203756,42.900011938971446,42.93749556670318,1665000
1996-11-07,43.79024887084961,43.95892519862091,43.49975075079903,43.55597619338947,1446300
1996-11-08,44.03386688232422,44.04323778398038,43.630918111109075,43.799594340920066,1355700
1996-11-11,43.987037658691406,44.090117636161715,43.91207040234937,43.93081221643488,655900
1996-11-12,43.855857849121094,44.13698514302572,43.79026148054335,44.108872413635254,719900
1996-11-13,44.0526237487793,44.118220082802154,43.79023841268786,43.90268927101276,481900
1996-11-14,44.34312057495117,44.343120574951165,43.874575344869264,43.89331715407254,558800
1996-11-15,44.39935302734375,44.68048020987231,44.21193490565804,44.45557846384946,2250900
1996-11-18,44.408729553222656,44.53055134773455,44.22131140781973,44.48369681138382,1518200
1996-11-19,44.72734069824219,44.73671160557473,44.399358941603076,44.464955292930895,1029300
1996-11-20,44.802303314208984,44.989721441438476,44.56803065517212,44.717965156955714,730000
1996-11-21,44.736698150634766,44.88663262286144,44.605505487436425,44.85851990931894,653000
1996-11-22,45.08342742919922,45.130281957809906,44.80230025753512,44.80230025753512,965100
1996-11-25,45.655059814453125,45.67380162882688,45.02720903293253,45.130289011988154,2058800
1996-11-26,45.5051155090332,45.99240257791083,45.2614719745944,45.74875904347202,2861800
1996-11-27,45.42078399658203,45.692540286225295,45.3645585573455,45.61757303390991,872000
1996-11-29,45.58944320678711,45.71126494608582,45.49573417655733,45.580072303764126,1073400
1996-12-02,45.60822296142578,45.65507751552628,45.21464470698159,45.53325567486498,1350600
1996-12-03,44.83040237426758,45.926798084507816,44.83040237426758,45.61755826879903,1777800
1996-12-04,44.95226287841797,45.01785925952052,44.43686274118366,44.90540832048758,2365100
1996-12-05,44.83040237426758,45.064674961925746,44.699209725179,44.886627795305536,1697700
1996-12-06,44.56804656982422,44.83043204163984,43.57473014080795,43.93082470970057,3401800
1996-12-09,45.223995208740234,45.23336611533135,44.72733715941092,44.79293350554876,1864600
1996-12-10,45.00846862792969,45.38330492714209,44.96161409052814,45.31770857477992,1331600
1996-12-11,44.59613800048828,44.75544338943728,43.968287349924566,44.15570545457045,1847900
1996-12-12,43.855857849121094,44.90539974636502,43.74340693155924,44.84917428758409,2540200
1996-12-13,43.96828079223633,44.12758615742559,43.424768369825905,43.81834633088173,1678300
1996-12-16,43.40604019165039,44.19319636092902,43.21862205610786,44.08074547960351,1831100
1996-12-17,43.75278091430664,43.94957003386124,43.106188092912944,43.274864481102604,2023200
1996-12-18,44.09949493408203,44.240058560093765,43.940189491268725,44.005785850074204,1666800
1996-12-19,45.00846862792969,45.05532316533124,44.31502147438673,44.493068716512624,2269300
1996-12-20,45.10721969604492,45.63456923737655,45.05071795947368,45.27672490575866,1543200
1996-12-23,44.99421691894531,45.32381038737626,44.79646083788674,45.25789169369008,1263700
1996-12-24,45.323822021484375,45.323822021484375,45.07898109637351,45.10723197234784,633000
1996-12-26,45.67224884033203,45.70049971590337,45.427407918713754,45.46507575280888,1384300
1996-12-27,45.728763580322266,45.822933192308106,45.502756511556264,45.67226181313077,410400
1996-12-30,45.33323669433594,45.879420268966484,45.295568861602796,45.879420268966484,694100
1996-12-31,44.50454330444336,45.42740518422234,44.50454330444336,45.370903436480766,1378100
1997-01-02,44.61754608154297,44.82471915325972,43.84535554150783,44.82471915325972,2031900
1997-01-03,45.25789260864258,45.2767265215051,44.64579044061058,44.82471261280455,2123200
1997-01-06,44.86240005493164,45.46508553006087,44.78706437054049,45.257912397985194,1374100
1997-01-07,45.40857696533203,45.48391263843917,44.67405415253736,44.86239333530522,939000
1997-01-08,45.01307678222656,45.672264099121094,45.01307678222656,45.653430175781246,1802200
1997-01-09,45.389732360839844,45.728742810007944,45.16372539472778,45.239061050098464,1415700
1997-01-10,45.87942886352539,45.95476454310425,44.7493936698425,44.7493936698425,2369500
1997-01-13,45.8134880065918,46.10541362389999,45.587481077062876,46.10541362389999,1364600
1997-01-14,46.38793182373047,46.642189671728985,46.10542310373211,46.21842659173145,2111200
1997-01-15,46.27494430541992,46.529202241163986,46.03010333025897,46.23727646308747,1583900
1997-01-16,46.463260650634766,46.58568107796721,46.1054163245861,46.42559282684017,1308400
1997-01-17,46.74577713012695,46.858780620369,46.472685362042,46.529187107163025,1604000
1997-01-20,46.80228805541992,47.065962917703985,46.68928454301248,46.85878981162365,1889900
1997-01-21,47.17897033691406,47.33905865941457,46.47269832588241,46.63278664838292,2785800
1997-01-22,47.51798629760742,47.51798629760742,46.93413470219489,47.197809616252165,1201600
1997-01-23,46.85877990722656,48.02648262195648,46.35026420887644,47.64980432688232,2601100
1997-01-24,46.25608825683594,46.95294300663355,46.25608825683594,46.93410909447685,2176000
1997-01-27,46.12425231933594,46.548015356161194,46.03008275559699,46.33142535956162,2108500
1997-01-28,46.25608825683594,46.915275182320165,45.80407436507532,46.78343779722332,4376000
1997-01-29,46.70809555053711,46.70809555053711,46.16191217514776,46.33141736061342,1122700
1997-01-30,47.31081008911133,47.32964401032514,46.65162284662769,46.934131664834965,2126300
1997-01-31,47.25428771972656,47.856972935761334,47.235453806725474,47.57446424074503,3208100
1997-02-03,47.39558410644531,47.54625554409744,47.22607873908668,47.442668930711605,755000
1997-02-04,47.687477111816406,47.73456190359348,47.27313094417819,47.461470111286474,654100
1997-02-05,46.792869567871094,47.894653777861215,46.48210991889952,47.75339939196505,2255400
1997-02-06,47.1036262512207,47.131877126621276,46.651612244811545,46.877619248016124,2483100
1997-02-07,47.74396896362305,47.762802876429205,46.87760897453955,47.49912809714292,2321000
1997-02-10,47.29197311401367,47.93232639393262,47.26372223401725,47.762821113954075,1670000
1997-02-11,47.83815383911133,47.83815383911133,47.084797085739496,47.4803093812597,1664300
1997-02-12,48.516178131103516,48.600930771472285,47.77223828786648,47.83815700815331,2675400
1997-02-13,49.04350662231445,49.156510093794445,48.629160560221166,48.70449620787449,1104800
1997-02-14,48.930519104003906,49.10002436648891,48.7610138415189,48.930519104003906,1112900
1997-02-18,49.34486770629883,49.382535544242565,48.666846623311514,49.024691083777036,833100
1997-02-19,49.0152587890625,49.42018792026898,48.911672267125965,49.213014876395896,648100
1997-02-20,48.42200469970703,49.034107053942925,48.3090011881558,48.83635090872826,1193900
1997-02-21,48.44084930419922,48.676273338531445,48.29959488359988,48.45968322694579,1844400
1997-02-24,49.0152587890625,49.04350965868156,48.195983570109874,48.195983570109874,787300
1997-02-25,49.052940368652344,49.137693001272396,48.74218071571214,49.062357327832345,1653900
1997-02-26,48.57264709472656,49.08116259358566,47.988795966406855,49.00582696412505,1597800
1997-02-27,47.847572326660156,48.70451566098924,47.83815536694225,48.70451566098924,1813100
1997-02-28,47.7063102722168,48.139490349698434,47.64980852298007,47.762812021453534,2961200
1997-03-03,48.026493072509766,48.0641609102137,47.4238076692469,47.46147550695083,1210400
1997-03-04,47.76282501220703,48.290174815180926,47.66865540453312,48.15833736443745,1478700
1997-03-05,48.57264709472656,48.572647094726555,47.88520947589852,48.04529768850231,1254800
1997-03-06,48.2901611328125,48.76100903777362,48.13948980322494,48.59150379198761,1528500
1997-03-07,48.72334289550781,48.91168206402543,48.36549847532434,48.478501976434906,1859300
1997-03-10,49.23186111450195,49.23186111450195,48.544423115007184,48.7798470874369,1074900
1997-03-11,48.96821975708008,49.29781354390658,48.96821975708008,49.269562647892876,624600
1997-03-12,48.53499984741211,49.02468164641588,48.39374548231487,49.00584773106958,1055600
1997-03-13,47.78163146972656,48.497320076683444,47.64979409476082,48.3654827017177,2514100
1997-03-14,48.026493072509766,48.23366617988138,47.76281820858226,47.99824219423182,1642700
1997-03-17,48.158321380615234,48.23365704175034,47.27312736227777,47.762809159655944,3013500
1997-03-18,47.640377044677734,48.280730007523765,47.44262098262234,48.21481132017197,1352500
1997-03-19,47.480308532714844,47.913488658162066,47.04712840726763,47.51797636971026,1510000
1997-03-20,47.2354621887207,47.61214051558451,46.93411952722966,47.46146918483898,1808200
1997-03-21,47.45417404174805,47.64323449609764,47.39745590544317,47.60542240522772,2810600
1997-03-24,48.115867614746094,48.14422667227934,47.246189850393115,47.491968349014606,2145600
1997-03-25,47.64323806762695,48.38057389486404,47.51089573966132,48.00245295781938,2125800
1997-03-26,47.85121536254883,48.19152428255115,47.60543669810271,47.832309311437584,1335300
1997-03-27,46.58448791503906,48.02134712021072,46.07402477635966,48.02134712021072,2898500
1997-03-31,45.601375579833984,46.66011398467258,45.5257514080598,46.52777168406776,4270700
1997-04-01,45.89442443847656,46.09293791184588,45.40286726632399,45.52575655936213,3210900
1997-04-02,45.07201385498047,45.94169197466549,45.034201762820246,45.7526315138644,2672700
1997-04-03,45.31778335571289,45.45012565170371,44.88294438317163,45.03419272144685,2284200
1997-04-04,45.88498306274414,45.89443608768496,44.8640563691355,45.07202291783355,3706700
1997-04-07,46.06455612182617,46.35759967605901,46.06455612182617,46.09291517546161,2596200
1997-04-08,46.39543151855469,46.45214964999546,45.8849683355877,46.055122729910025,1822700
1997-04-09,46.017303466796875,46.612843754062325,45.88496118073788,46.584484692763965,2453200
1997-04-10,45.84714889526367,46.3103468944117,45.79043077291902,46.0362093030792,1996500
1997-04-11,44.391387939453125,45.5635625783995,44.391387939453125,45.41231423789029,4221600
1997-04-14,44.986934661865234,45.04365279760198,44.353582146138194,44.608813756953566,3988500
1997-04-15,45.75263214111328,45.76208516428293,45.072014472898374,45.52575958504165,2760400
1997-04-16,46.281986236572266,46.34815737702488,45.52574463139951,45.60136879191679,2273300
1997-04-17,46.09292221069336,46.58447921540132,45.97948597883767,46.281982597119494,1386000
1997-04-18,46.31981658935547,46.57504823178662,46.13075611348055,46.47106497005541,1702100
1997-04-21,46.017303466796875,46.52776657016726,45.65808869035105,46.433236365839406,2809400
1997-04-22,47.028785705566406,47.028785705566406,45.97950023555276,46.045671391319395,3215000
1997-04-23,47.076026916503906,47.20836916084749,46.69790621837937,46.98149674197277,2047700
1997-04-24,46.839698791503906,47.359614721581146,46.50884319963657,47.21781946792371,2689900
1997-04-25,46.300899505615234,46.7073794318589,46.23472835483138,46.62230223799394,1606200
1997-04-28,46.7546501159668,47.07605288667906,46.20637480122234,46.2819989825664,1666500
1997-04-29,48.229339599609375,48.26715170435231,47.36911421670768,47.548721714236606,3197400
1997-04-30,48.45619201660156,48.81540686182803,47.926822771004666,47.94572881549027,3372200
1997-05-01,48.399478912353516,48.72088170200586,47.98354589045048,48.53182123750448,2149500
1997-05-02,49.26912307739258,49.41091832799904,48.43725760716799,48.56959984106736,1448300
1997-05-05,50.441322326660156,50.55475858376659,49.18407047706387,49.4014899698512,3636200
1997-05-06,50.40351104736328,50.49804126313103,49.911953925370995,50.19554457267424,1721100
1997-05-07,49.30696487426758,50.214455025327716,49.250246739826316,50.214455025327716,2327200
1997-05-08,49.647254943847656,50.346778337953666,49.11788588884852,49.19351003956268,2923700
1997-05-09,49.98760223388672,50.2900990704004,49.40151461314145,50.195568808989876,2558200
1997-05-12,50.81943130493164,50.970679612386796,50.13881392138345,50.17662599824724,2357900
1997-05-13,50.61146545410156,50.87614999513907,50.22389166186806,50.78161980191139,1195100
1997-05-14,50.706024169921875,51.121957254089764,50.47915157855757,50.961255835206714,2772000
1997-05-15,51.046321868896484,51.17866418485288,50.5264056276392,50.70601305643717,884100
1997-05-16,50.3467903137207,51.008501789867985,50.21444801849125,50.895065536814165,1934200
1997-05-19,50.49803161621094,50.76271616979647,50.25225310216723,50.40350141850182,1375800
1997-05-20,51.1030387878418,51.2353811006479,50.06320633007957,50.384609089751535,1756400
1997-05-21,50.98958969116211,51.41497558958671,50.61146889256246,51.23536821025188,1208000
1997-05-22,50.81943130493164,51.10302188141005,50.554746766885124,51.04630376611437,907600
1997-05-23,51.29209518432617,51.55677978903703,50.913974320453505,51.04631662280894,644400
1997-05-27,51.500057220458984,51.74583576079157,50.98014107744775,51.046312222921905,1531000
1997-05-28,51.49060821533203,51.69857468875544,51.13139339760069,51.50006123685128,716700
1997-05-29,51.18812942504883,51.575703442856216,51.12195825127684,51.48117319461051,1282700
1997-05-30,51.518978118896484,51.764756730105894,50.29008506284941,50.346803203897736,2143300
1997-06-02,51.29209518432617,51.726934177779725,51.2542830979389,51.63240396181156,1479100
1997-06-03,51.12196350097656,51.6891450486945,51.02743324302357,51.06524534620477,1562100
1997-06-04,51.065216064453125,51.27318251269784,50.86670263658317,51.14084022745121,1063100
1997-06-05,51.254276275634766,51.61349104849978,51.07466888920226,51.17865211292634,1180800
1997-06-06,52.25630187988281,52.2941139651794,51.17865744893009,51.17865744893009,1511100
1997-06-09,52.52098846435547,52.55880055108287,52.23739781389999,52.29411594399109,1823400
1997-06-10,52.681678771972656,52.88019218561188,52.33191704317973,52.53988347651606,1217500
1997-06-11,52.80459213256836,52.88021632466656,52.53045443621239,52.63443770034741,1673800
1997-06-12,53.82552719116211,53.844433242160065,52.97475489625439,53.16381540623388,4273300
1997-06-13,54.27924728393555,54.449401664135976,53.78769018557877,53.88222039680122,2132900
1997-06-16,54.29816436767578,54.44941273638797,54.12800995287457,54.29816436767578,800400
1997-06-17,54.22254180908203,54.591209718871816,53.80660878265254,54.10910552914672,2048100
1997-06-18,54.03345489501953,54.22251526903989,53.825488483597134,53.92001867060731,1971900
1997-06-19,54.591209411621094,54.751910807291665,54.071293131510416,54.21308848063151,2029900
1997-06-20,54.40520477294922,54.87020652314537,54.35775561476594,54.62347090059231,1396900
1997-06-23,53.086097717285156,54.604470194004065,53.048138405367176,54.30079569866029,3991500
1997-06-24,54.43367004394531,54.58550733834962,53.44672763031729,53.5985649247216,4895100
1997-06-25,54.054054260253906,54.81324041559456,53.40874602821436,54.34823889544841,4708900
1997-06-26,53.78836441040039,54.43367294602269,53.256933851652605,53.95918137571217,2569900
1997-06-27,53.99713897705078,54.490610194415744,53.864281341606365,54.03509830146347,2617900
1997-06-30,53.636512756347656,54.33876009250648,53.37079754807134,53.99712625329408,2384900
1997-07-01,54.262847900390625,54.395705520293646,53.68396827081318,53.75039708076469,1749000
1997-07-02,55.15488052368164,55.15488052368165,54.186918064387854,54.39569428109828,1961800
1997-07-03,55.914093017578125,55.97103201250438,55.55347938304521,55.80021502772563,2539100
1997-07-07,55.344696044921875,56.179801197863085,55.21183840695396,56.1038825475957,1158600
1997-07-08,55.92356872558594,55.989997536222134,55.38264841040549,55.42060773076903,3396500
1997-07-09,55.30672836303711,56.10387407039729,54.6803995929684,56.065914750999184,5390300
1997-07-10,55.553466796875,55.78122272497971,54.955607485600126,55.34469052944568,2072200
1997-07-11,55.74327087402344,55.990006495869636,55.49653525217723,55.6293928947098,2258900
1997-07-14,55.914093017578125,56.06593033738146,55.40164206324187,55.80970486021334,3186400
1997-07-15,56.19877243041992,56.34111987831865,55.55346399994566,56.0659148123811,2983100
1997-07-16,56.9389762878418,57.147752534230555,56.41703567186992,56.55938311258952,2621300
1997-07-17,56.65427017211914,56.976924307102735,56.35059569213458,56.863046377108525,1794800
1997-07-18,55.44908142089844,56.61633061048778,55.3067339587534,56.49296280996207,3961900
1997-07-21,55.45857238769531,55.629389345768296,55.078979147533126,55.439592725687206,3810300
1997-07-22,56.929481506347656,56.96744082057092,55.648354651312324,55.6863139655356,4243400
1997-07-23,56.882015228271484,57.384975990216496,56.80609662269488,57.052832090818846,3204300
1997-07-24,57.147735595703125,57.25212368795698,56.293651204535195,57.0528373300178,4152700
1997-07-25,57.10979461669922,57.58428609739629,56.863059046736744,57.432448823573225,2364800
1997-07-28,57.071876525878906,57.4324903117092,56.78718143180235,57.24269358232483,2794700
1997-07-29,57.261634826660156,57.37551278786664,56.73969417113044,56.86306196243746,2737100
1997-07-30,57.94491195678711,58.07776959966215,57.337562732215474,57.394501722019065,4839800
1997-07-31,57.887943267822266,58.32447529902224,57.71712638604836,57.94488222841357,2138700
1997-08-01,57.660213470458984,58.1347050230467,56.97694563473268,58.00184738832214,7077700
1997-08-04,57.81203842163086,58.03030448921089,57.33754697036994,57.56530286697519,2339500
1997-08-05,57.85002517700195,58.11574051574146,57.6412488394209,57.75512684173784,1466700
1997-08-06,58.324485778808594,58.628160289859984,57.73611641364651,57.96387229693506,2478200
1997-08-07,57.887943267822266,58.68508871610047,57.77406534663967,58.60917010197874,3641900
1997-08-08,56.71121597290039,57.54632089351874,56.122846597010195,57.28060569150381,7113100
1997-08-11,57.128780364990234,57.26163799374602,56.255715947452174,56.93898375248196,6355900
1997-08-12,56.217777252197266,57.422986183836194,56.1608382475529,57.22369966758094,6132500
1997-08-13,56.04694366455078,56.99592679466509,55.55347243689135,56.901028481653654,6982300
1997-08-14,56.25572204589844,56.673274638681754,55.70531180995678,56.54041699552342,3462700
1997-08-15,54.52857208251953,55.95204681492084,54.43367376702611,55.95204681492084,4907100
1997-08-18,55.74327087402344,55.74327087402344,54.2628571429462,54.889186029171185,5638900
1997-08-19,56.38859939575195,56.42655873563465,55.59145325821523,56.00900599692494,3802800
1997-08-20,57.24264907836914,57.2806083947341,56.24621702378877,56.44550343470485,3564600
1997-08-21,56.23672103881836,57.24264281237805,55.93304654113996,57.16672418795845,5392600
1997-08-22,56.217777252197266,56.322165427378586,55.00307848645093,55.26879384145794,8087800
1997-08-25,56.00897216796875,56.73019919012491,55.781216266235226,56.35060602056903,3888000
1997-08-26,55.18336486816406,56.21775640223627,55.08846656228588,55.8761225010748,4290000
1997-08-27,55.5155029296875,55.8571367938702,54.90815383780716,55.26876736111112,5484300
1997-08-28,54.670902252197266,55.838151163327325,54.66141242365149,55.382639393130226,4287900
1997-08-29,54.88917922973633,55.335201260130106,54.490606351512106,54.73734194279377,2652300
1997-09-02,56.67327117919922,56.701740672423874,55.022040572169644,55.07897955861894,7294000
1997-09-03,56.36958694458008,57.09081398292824,56.331627626772274,56.66377165759051,2812500
1997-09-04,56.73020553588867,56.920002141897,56.33163266327119,56.521429269279515,2473700
1997-09-05,56.56889724731445,57.356553424386604,56.23675307625993,57.07185842062558,3663300
1997-09-08,56.815608978271484,57.09081403261755,56.67326153636835,56.91999710233379,803500
1997-09-09,56.84408187866211,57.26163439997448,56.42652935734973,56.616325957946266,1885200
1997-09-10,55.66736602783203,56.78716643548361,55.66736602783203,56.55941042036804,3623700
1997-09-11,55.38264846801758,55.81918065265239,54.81325866197216,55.74326201184634,7055900
1997-09-12,56.274696350097656,56.464492965106416,55.23081496754947,55.87612345857926,6708000
1997-09-15,56.179805755615234,56.67327702238752,55.99000911454896,56.27470407614836,2060500
1997-09-16,57.58426284790039,57.868957621373866,56.50242270870121,56.67323957278529,6979000
1997-09-17,57.58426284790039,58.00181518232815,57.39446633225142,57.92589657606856,2220000
1997-09-18,57.831024169921875,58.53327159174239,57.679186889528246,57.69816654957745,5045400
1997-09-19,57.92888259887695,58.12890011524927,57.54789685340588,57.700291151594314,1566400
1997-09-22,58.252716064453125,58.64322642394341,58.04317392033639,58.21461749279554,3259000
1997-09-23,57.98603439331055,58.33844623177187,57.75744293052483,58.25272443322722,1872800
1997-09-24,57.509765625,58.58604974484515,57.47166707208513,58.1383917480954,2793100
1997-09-25,57.1097412109375,57.75741672833973,57.071642651090315,57.45262824956221,6327800
1997-09-26,57.58595657348633,57.79549859211297,57.41451310370089,57.56690729906572,3995800
1997-09-29,58.138431549072266,58.25272728606258,57.39550925863524,57.60505144311748,2065000
1997-09-30,57.5288200378418,58.32888972048728,57.5288200378418,57.90980560100632,4137600
1997-10-01,58.29077911376953,58.405074759090645,57.77644870982451,58.062187823127296,3567500
1997-10-02,58.6146125793457,58.633661852202174,58.100282212221124,58.23362712221638,2577500
1997-10-03,58.909934997558594,59.58618485767609,58.11938938643534,59.414741231167426,6499900
1997-10-06,59.3004150390625,59.50043250064623,59.071823654395374,59.31946432111809,2272100
1997-10-07,59.85283279418945,60.04332557838484,59.252780523973996,59.45279794737915,1832800
1997-10-08,59.43378829956055,59.96716845096687,58.967080667080026,59.957643805406036,4439400
1997-10-09,59.22421646118164,59.500431044226715,58.65273801350218,58.99562508210986,3607600
1997-10-10,59.052772521972656,59.119445007078106,58.671786892798636,58.70988545571604,2858100
1997-10-13,59.10993576049805,59.4623475592635,58.957541469140004,59.33852719753509,1760300
1997-10-14,59.12897491455078,59.43376344503815,58.633693552508795,59.41471416188269,2235700
1997-10-15,58.9956169128418,59.16706042340543,58.69082844961756,58.709877728569076,2601700
1997-10-16,58.062217712402344,59.43376616230161,57.90982344019132,59.31947045814334,9488100
1997-10-17,57.47169876098633,58.138423804617254,56.69067799559009,57.9193570045671,8151300
1997-10-20,58.29077911376953,58.36697621065027,57.395463225420784,57.814547258264874,3636400
1997-10-21,59.42425537109375,59.43378001532698,58.538463457403786,58.65275918820249,5225400
1997-10-22,59.033721923828125,59.36708434192009,58.84322911348986,59.338510420369346,4485200
1997-10-23,57.871700286865234,58.36698146114387,57.47166549225557,57.87170028686524,8054100
1997-10-24,57.30024719238281,58.61464780949532,57.100229707170044,58.61464780949532,6778700
1997-10-27,53.14751052856445,57.26215650496945,52.93796837235865,56.70020254059932,10840700
1997-10-28,56.21440505981445,56.61443979592293,51.433037499660806,51.433037499660806,19548000
1997-10-29,56.06202697753906,57.14783585885735,55.642942847907435,56.38586471407258,10134400
1997-10-30,54.82383728027344,56.42397707580609,54.709541580592536,55.24292151243675,9772900
1997-10-31,56.119178771972656,56.38586869145929,55.128616213879454,55.96678453226601,7072700
1997-11-03,57.30024719238281,57.528838604054556,56.614472957367596,56.804965800427375,5548500
1997-11-04,57.30024719238281,57.56693717266651,56.86211365334531,57.2240500551589,3455700
1997-11-05,57.49073028564453,58.08125799898282,57.20499106951309,57.41453316134281,4774900
1997-11-06,57.27167892456055,57.509795001911954,56.99546427483291,57.31930214003083,3679800
1997-11-07,56.652584075927734,56.843076961186405,55.73821822668613,56.309696882462134,10606800
1997-11-10,56.30970001220703,57.205016622685285,56.081108537191305,57.07167159559278,4347900
1997-11-11,56.3287239074707,56.72875880840303,56.100132535509374,56.5001674364417,3212400
1997-11-12,55.166725158691406,56.51922429068971,55.09052802449432,55.852499366465196,6775300
1997-11-13,55.96678161621094,56.17632368488974,54.91907127281693,55.75723954753214,8589600
1997-11-14,56.72876739501953,56.92878487576086,55.8429756945936,56.27158458189647,5827900
1997-11-17,57.77645492553711,58.10029262211942,57.319272295067975,57.528814334032994,5149900
1997-11-18,57.41454315185547,57.96697239916928,57.233574950149226,57.7955288396581,3433600
1997-11-19,57.70024490356445,57.94788543963125,56.538239311251004,57.10971747140516,4387900
1997-11-20,58.5765380859375,58.843228015434455,58.08125678830031,58.10030606897866,4822700
1997-11-21,58.97657012939453,59.014668688909644,58.30984533788006,58.90037301036431,5436500
1997-11-24,57.909828186035156,58.728947466298145,57.681236758985015,58.51940532483552,4337200
1997-11-25,58.062217712402344,58.405104824877164,57.70028131590115,58.29080912071889,4525000
1997-11-26,58.233680725097656,58.50989543576626,58.10033569236109,58.443222919397975,2681100
1997-11-28,58.29077911376953,58.671764598173255,58.271729839549344,58.36697621065027,1564700
1997-12-01,59.79571533203125,59.79571533203125,58.53846231772285,58.65275804629634,4850900
1997-12-02,59.43378829956055,59.72905231194619,59.28139397058732,59.54808404629048,1974900
1997-12-03,59.6052131652832,60.06239600835345,59.05278389657333,59.50996673964357,3302500
1997-12-04,59.54801559448242,60.17664147887715,59.3575229022416,60.04329659430857,2872500
1997-12-05,60.31000900268555,60.3481075554352,59.205150972945894,59.35754518394447,3458800
1997-12-08,60.13855743408203,60.34809944604748,59.89091687448651,60.329050172232435,2289200
1997-12-09,59.77663040161133,60.100468106145236,59.50994052728929,59.87187678529777,1703000
1997-12-10,59.262332916259766,59.643318663069536,58.80515002008804,59.47187507700514,3558400
1997-12-11,58.252716064453125,58.88134249680334,58.10032177782277,58.709898924344195,5072800
1997-12-12,58.36699676513672,58.824179507422386,57.85266618006534,58.786080945565246,4478400
1997-12-15,58.95756912231445,59.195685314246255,58.44323814774175,58.67182969199629,4674700
1997-12-16,59.319480895996094,59.62426949404874,59.05279087270003,59.26233303386122,2885800
1997-12-17,59.01469802856445,59.66237386231887,58.948025516266206,59.6433245730908,2236300
1997-12-18,58.4432373046875,59.090913337399165,58.04320210801266,59.090913337399165,4658300
1997-12-19,58.00639343261719,58.67577153025701,56.53376161780956,57.85339272458522,8556000
1997-12-22,58.37930679321289,58.69487061371674,57.87249217240367,58.40799441325869,5136800
1997-12-23,57.337005615234375,58.52276090147338,57.241380188924786,58.40801038990187,4436500
1997-12-24,57.16487121582031,57.79599893416159,57.06924580395042,57.79599893416159,2019200
1997-12-26,57.39436721801758,57.60474310585436,57.16486624946836,57.60474310585436,941800
1997-12-29,58.522789001464844,58.580164284799615,57.796035412557764,57.89166088478238,2080000
1997-12-30,59.440765380859375,59.51726572240488,58.65663688001792,58.71401213617705,3616000
1997-12-31,59.402503967285156,59.74675543908526,59.17300298608509,59.28775347668512,4359500
1998-01-02,59.70851516723633,59.76589042204149,59.07738736437957,59.5555144877559,2360900
1998-01-05,59.842376708984375,60.24400339830642,59.23037413477936,59.88062686987219,4191800
1998-01-06,58.88611602783203,59.53636868939302,58.866990949550825,59.517243611111816,3154900
1998-01-07,59.03913497924805,59.192135652987595,58.274131610550306,58.80963396863872,4424200
1998-01-08,58.522789001464844,58.94354107925316,58.36978824590546,58.94354107925316,3831000
1998-01-09,56.49551773071289,58.446276975307576,56.24689155248023,58.29327625024133,10258800
1998-01-12,57.52825164794922,57.643002149906565,55.63486836565302,55.768743951269926,12097900
1998-01-13,58.3315315246582,58.36978170926454,57.66215329404737,57.910779493988535,5224900
1998-01-14,58.599246978759766,58.733122543006274,57.968119318740484,58.560996817546474,3770400
1998-01-15,58.1115837097168,58.59927348578979,58.02552080805686,58.44627277172767,2875400
1998-01-16,58.9434700012207,59.17297085781208,58.54184350218578,58.90521985845547,4374800
1998-01-20,59.89977264404297,59.985835535772914,59.0582688137946,59.17301933610119,5091700
1998-01-21,59.32600021362305,59.78500214951181,58.847873197072246,59.49812593958133,4699400
1998-01-22,58.80008316040039,59.28777290526629,58.67577008817967,58.84789588048528,4543400
1998-01-23,58.71399688720703,59.230374058527744,58.14024447462846,59.058248334754175,6350300
1998-01-26,58.67575454711914,59.201694328750754,58.388878302592815,58.981755874613896,4362900
1998-01-27,59.26862335205078,59.67025003497852,58.54187030675297,58.63749570745005,7044200
1998-01-28,59.804141998291016,60.043205565601106,59.4790155467493,59.61289114444295,4268600
1998-01-29,60.12925720214844,60.932510638055,59.70850540238786,59.88063113865355,8007700
1998-01-30,60.16749954223633,60.56912620796644,59.976248749031505,60.45437573204355,3649100
1998-02-02,61.16201400756836,61.50626549353966,61.047263512244584,61.1428889250144,5756300
1998-02-03,61.621009826660156,61.69751014922584,61.02813232677609,61.20025805254888,2759600
1998-02-04,61.54453659057617,61.907913282689584,61.16203480940417,61.37241078904877,3374000
1998-02-05,61.50627899169922,62.17565702798948,61.21940269043197,62.00353124722913,5076200
1998-02-06,62.194740295410156,62.19474029541016,61.62098807866283,61.81223881757861,5701200
1998-02-09,61.984375,62.271251157050294,61.64012361153965,62.25212607991361,2322200
1998-02-10,62.577247619628906,62.7111231493775,61.9269950465643,62.07999565199126,3660400
1998-02-11,62.51988983154297,62.63464031762105,62.24257615685426,62.48163966951694,4073200
1998-02-12,62.78763961791992,62.998015504547126,61.73576018478389,62.25213736105067,5024700
1998-02-13,62.42427062988281,62.73983449795667,62.347770298228546,62.53902112736422,2101300
1998-02-17,62.730262756347656,63.093639278411864,62.51988687515259,62.921513557434075,3055500
1998-02-18,63.304046630859375,63.33273426528423,62.59641831504614,62.615543404662716,3007400
1998-02-19,62.96934127807617,63.28490517514171,62.883278397058305,63.18927975178852,3387800
1998-02-20,63.43793869018555,63.47618887932644,62.65380981279706,63.13193717705833,3707000
1998-02-23,63.6865119934082,63.80126246546839,63.24663518384412,63.80126246546839,3227800
1998-02-24,63.18928146362305,63.70565876371924,62.998030611735565,63.59090825258675,3386800
1998-02-25,63.97340393066406,64.18377984792484,63.4187765124311,63.49527684598047,3481800
1998-02-26,64.33676147460938,64.39413670779125,63.76300914279062,63.91600976460895,3187600
1998-02-27,64.33676147460938,64.58538748506416,63.97338499779083,64.24113608597291,3442900
1998-03-02,64.20288848876953,64.71926560798215,64.03076278236531,64.41326435215245,4252300
1998-03-03,64.5662841796875,64.64278451639329,63.97340657021762,63.97340657021762,3349200
1998-03-04,64.14549255371094,64.50886892774805,63.915991685898014,64.31761820457062,4404100
1998-03-05,63.55266571044922,63.91604237265161,63.13191378579383,63.34228974812152,7268000
1998-03-06,64.83402252197266,64.83402252197266,63.91601866325446,63.99251898481431,6896300
1998-03-09,64.60454559326172,65.00617243087524,64.41329471820765,64.5854205057563,3362800
1998-03-10,65.21648406982422,65.38860968760382,64.83398269698068,65.00610831476027,5481900
1998-03-11,65.52252197265625,65.67552260773543,65.35039625819218,65.46514673450156,3439600
1998-03-12,65.79026794433594,65.84764317800833,65.17826545183048,65.54164193175559,3191300
1998-03-13,65.54166412353516,66.09629157015976,65.4077885329706,66.00066614832794,2879400
1998-03-16,66.24932098388672,66.32582135453787,65.80944385264267,66.00069477927052,3223600
1998-03-17,66.4405517578125,66.4405517578125,65.88592423882098,66.28755106291828,4581900
1998-03-18,66.6891860961914,66.6891860961914,66.11543341971141,66.24930904422341,1944100
1998-03-19,66.86128997802734,66.93779030980998,66.49791340205981,66.6891642315164,2554800
1998-03-20,67.43701171875,67.62881209337671,66.82325051994454,67.24521134412329,3123300
1998-03-23,67.2835693359375,67.70553014705227,67.14930907785552,67.34110944654405,4453100
1998-03-24,67.85894775390625,68.01238799755556,67.47534714478299,67.55206726660764,3333600
1998-03-25,67.60961151123047,68.4535329031437,67.01503053056433,68.37681277660613,4597600
1998-03-26,67.57124328613281,67.97402390180378,67.28354284636785,67.43698308090916,3333500
1998-03-27,67.2835693359375,67.99323070008506,66.89996859856043,67.97405066321622,2611300
1998-03-30,67.24515533447266,67.57121569975675,66.88073492621396,67.28351537744726,3108700
1998-03-31,67.47538757324219,68.24258925116422,67.36030732155389,67.60964786687855,5926500
1998-04-01,68.02198028564453,68.17542053442082,67.14928887072931,67.70550977254341,2929000
1998-04-02,68.76041412353516,68.89467434637052,67.97403281835666,68.08911300935839,3920900
1998-04-03,69.10567474365234,69.23993500543574,68.64535384610929,68.95223444447133,3787600
1998-04-06,68.54945373535156,69.58517575597523,68.54945373535156,69.5084556062994,4550500
1998-04-07,68.08914184570312,68.70290312431229,67.60964084678973,68.58782288457307,5583700
1998-04-08,67.70545959472656,68.30004011807968,67.3602192908441,68.26168008431496,4854800
1998-04-09,68.2425308227539,68.30007089933297,67.83975028670055,67.8589303122269,4481200
1998-04-13,68.05076599121094,68.35764655937874,67.51372499691728,68.35764655937874,4350200
1998-04-14,68.62615203857422,68.62615203857422,68.06993113049187,68.20419134968415,3279100
1998-04-15,68.81795501708984,68.81795501708984,68.22337402335243,68.72205485680962,3867200
1998-04-16,68.01243591308594,68.4343968803978,67.82063547339872,68.31931661658548,7177900
1998-04-17,68.91387939453125,69.00977958851195,67.78225710555898,67.95487745472424,5688800
1998-04-20,68.89471435546875,69.08651478518887,68.6645538398046,68.74127401169265,3688300
1998-04-21,69.22074890136719,69.45090932996692,68.68370790130116,69.00976850848411,4573200
1998-04-22,69.41253662109375,69.62351697556517,69.2399163310717,69.27827639552103,2386100
1998-04-23,68.74125671386719,69.35501793452671,68.5878164087023,69.12485747677938,5062000
1998-04-24,68.01243591308594,69.02897824342817,67.72473525355511,68.58783723214758,11039700
1998-04-27,66.72737121582031,67.32195256324498,66.05606969453439,67.13015212859186,14510200
1998-04-28,66.63146209716797,67.39866373328965,66.36294152452538,67.37948369238661,6511400
1998-04-29,67.09173583984375,67.49451641521159,66.55469507268663,66.91911559325753,7703100
1998-04-30,68.33847045898438,68.69330113636053,67.76306936053658,67.85896954361121,8684500
1998-05-01,69.10567474365234,69.10567474365234,68.31929321034961,68.5878137339164,4008800
1998-05-04,68.93302154541016,69.54678244954292,68.83712140413941,69.18236191271409,4537200
1998-05-05,68.45354461669922,68.8371453150276,68.20420416278577,68.7412451404455,5146400
1998-05-06,67.64800262451172,68.81798509122429,67.62882258407382,68.81798509122429,5526100
1998-05-07,67.11093139648438,67.85895263811423,67.11093139648438,67.82059257444091,6940400
1998-05-08,68.2042007446289,68.35764101627036,67.51371952224233,67.51371952224233,7951000
1998-05-11,67.97407531738281,68.8755373771788,67.74391479147745,68.47275645684442,6336300
1998-05-12,68.702880859375,68.72206089311575,67.72469913859662,68.01239964470791,6045200
1998-05-13,68.8755111694336,69.08649157123358,68.49191043888815,68.77961098679724,4441500
1998-05-14,68.53022766113281,69.16316847076544,68.3384274157896,68.45350756299553,4187500
1998-05-15,68.14668273925781,68.87552426588088,68.01242245803778,68.74126398466085,6716100
1998-05-18,67.8781509399414,68.49191212391375,67.40824003346259,67.95487108793796,4847200
1998-05-19,68.33847045898438,68.54945086174857,67.9932297999157,68.12749005622018,5918700
1998-05-20,68.99054718017578,69.04808725288653,68.05072599256705,68.79874693780665,5716600
1998-05-21,68.54945373535156,69.22075504501505,68.31929328632408,68.97141455856861,6301500
1998-05-22,68.28092193603516,68.77960282657924,68.0891215935182,68.58780248406228,4862200
1998-05-26,67.18768310546875,68.79880653705864,67.0150627377984,68.79880653705864,6899300
1998-05-27,67.2835693359375,67.45618966775717,66.0272769210276,66.61226804552763,10202600
1998-05-28,67.5904312133789,67.7438714658497,66.93831014037809,67.43699096090812,4907600
1998-05-29,66.91913604736328,68.01239794323594,66.91913604736328,67.8973177436704,4772600
1998-06-01,67.22601318359375,67.64797389401859,66.63143218254056,66.88077260233706,6092200
1998-06-02,67.2835693359375,67.72471018392112,66.9958687829047,67.51372977836374,6701100
1998-06-03,66.20948028564453,67.62880286418964,66.20948028564453,67.43700251573759,6445100
1998-06-04,67.43701171875,67.55209194352602,66.3245695459151,66.43964977069113,6566300
1998-06-05,68.74125671386719,68.74125671386719,67.43701411996568,67.74389473029545,8463200
1998-06-08,68.6645278930664,69.0289485718285,68.53026764299617,68.70288796451506,4159900
1998-06-09,68.8755111694336,69.00018140686086,68.37683021972452,68.56863058499724,2725300
1998-06-10,68.4343490600586,69.39335058836659,68.28090881552932,68.51106918232323,6186900
1998-06-11,67.14927673339844,68.66449891618578,67.13009670576821,68.39597852936271,8056600
1998-06-12,67.78223419189453,67.78223419189453,66.43963193002905,67.43699361027198,9779000
1998-06-15,65.99848937988281,67.45617179571283,65.97930934809557,66.78487068315953,10234200
1998-06-16,67.01504516601562,67.03422520183875,66.13276351815165,66.53554427043738,7471500
1998-06-17,68.41520690917969,68.6070073210361,67.47538489108331,67.6096451793828,12057700
1998-06-18,68.10830688476562,68.39600742074747,67.97404663464077,68.24256713489048,3844600
1998-06-19,67.76702117919922,68.48856101287895,67.4976463079588,68.38273517060591,3549100
1998-06-22,68.09416198730469,68.38277810197256,67.76706372401445,67.8825101698816,5438300
1998-06-23,68.90226745605469,68.99847280017093,68.34427646018047,68.40199966665021,5004600
1998-06-24,69.8258056640625,69.99897520139415,68.71944473111029,69.05616327592183,8291900
1998-06-25,69.71039581298828,70.46079753440881,69.46026190584811,70.13369934814858,5854800
1998-06-26,69.99901580810547,70.09522116243217,69.65267653252936,69.76812295772139,4833100
1998-06-29,70.2491455078125,70.61472583228482,70.06635534557634,70.34535085635785,5953400
1998-06-30,69.76811981201172,70.30686977195003,69.61419125202934,70.13370014196987,4284800
1998-07-01,70.57623291015625,70.76864357785024,69.96051877353547,70.22989370830706,3489500
1998-07-02,70.71087646484375,70.73011751966412,70.34529642325681,70.63391224556229,3503900
1998-07-06,71.4228515625,71.4228515625,70.53776234593886,70.67244983541555,3144400
1998-07-07,71.28815460205078,71.4998063431095,70.98029752414719,71.41322153994912,4920700
1998-07-08,71.8076400756836,72.00005068681887,71.26889036450483,71.34585460895894,6875000
1998-07-09,71.32661437988281,71.86536409734619,71.19192695051697,71.5959892386145,6942500
1998-07-10,71.71145629882812,72.00007230217732,70.84560828878055,71.44208136236888,7849700
1998-07-13,71.7306900024414,71.9423417165044,71.46131509363396,71.76917213227104,6555100
1998-07-14,72.53881072998047,72.75046243237564,72.0000609420655,72.0000609420655,6983600
1998-07-15,72.40415954589844,72.82746316269615,72.36567739891683,72.69277564826051,4977500
1998-07-16,72.9044418334961,73.01988829720709,72.07707551023393,72.46189705593726,6315600
1998-07-17,73.0005874633789,73.26996232486738,72.84665897109977,73.03906958644869,3539500
1998-07-20,73.0005874633789,73.41427028637908,72.61576623268107,73.11603383258826,2338400
1998-07-21,71.7306900024414,73.26997519562684,71.59600254803767,73.26997519562684,5518600
1998-07-22,71.7306900024414,72.02892650862108,71.13421699008205,71.63448467786732,10417300
1998-07-23,70.30683135986328,71.78839294024354,70.13366182449417,71.61522340487443,15110900
1998-07-24,70.2491455078125,70.86485973850273,69.4987437891588,70.78789545966644,11540500
1998-07-27,70.7494125366211,70.80713574510895,69.47950194988816,69.960528687287,9600000
1998-07-28,69.55641174316406,70.5954286820661,68.88297483832015,70.46074130109731,13693000
1998-07-29,69.28709411621094,70.26838870102814,69.11392448359614,70.01825478725121,7462400
1998-07-30,70.32610321044922,70.55699602536724,69.8258354447935,69.96052292016235,6821600
1998-07-31,68.82527923583984,70.49925164107275,68.53666330390314,70.40304633042717,7680500
1998-08-03,68.53668212890625,69.21974002210563,68.36351252217965,68.82529814011725,10486500
1998-08-04,65.8813705444336,69.09462664283325,65.8813705444336,69.09462664283325,15091600
1998-08-05,66.78575134277344,67.03588524293365,65.01557297240895,66.45865316564087,21718400
1998-08-06,67.07435607910156,67.42069526711758,66.22774917506241,66.57408836307843,13084400
1998-08-07,67.18978118896484,68.09411100450933,66.78571893095561,67.53612026725848,12083800
1998-08-10,66.80494689941406,67.51686597639515,66.61253633806783,66.95887534849106,6273000
1998-08-11,65.80447387695312,66.15081321314761,64.95786661069992,65.74675065425404,14287100
1998-08-12,66.92045593261719,67.03590237758432,66.18929511449198,66.3432237077815,11158400
1998-08-13,66.1123275756836,67.51692592056861,66.1123275756836,66.99741694369332,9073900
1998-08-14,65.34268188476562,66.93969089431673,65.1310300883191,66.70879802546597,8628500
1998-08-17,66.72803497314453,67.07437425501206,64.95785642137714,65.26571356081494,11290000
1998-08-18,67.9594497680664,68.09413723929417,66.97815533483555,67.11284280606331,7603900
1998-08-19,67.78630065917969,68.40201499954125,67.49768456213522,68.40201499954125,6258600
1998-08-20,67.38218688964844,67.97865970334892,67.20901736309023,67.53611535770018,7402800
1998-08-21,66.84347534179688,66.93968068915122,64.95785053365178,66.61258250814646,16685400
1998-08-24,67.26676177978516,67.69006520059615,66.6895298423156,67.26676177978516,7201700
1998-08-25,67.4206771850586,68.49817659212574,66.89154801194526,67.95942688859216,9688300
1998-08-26,67.03587341308594,67.49765899342866,66.34319504257185,66.67029316198128,9339700
1998-08-27,63.8803596496582,66.22777045606131,63.70719000000552,65.88143115675594,24887800
1998-08-28,63.649452209472656,65.09253229281923,62.899050566132445,64.63074666614833,23735900
1998-08-31,59.108543395996094,64.04387587681413,58.492829402287796,63.88032684723536,22563100
1998-09-01,61.609867095947266,61.91772402084894,57.646209187838224,59.147011696733884,24748500
1998-09-02,61.167354583740234,62.64891680549173,60.821015363071055,61.455970600964555,13843200
1998-09-03,60.686336517333984,61.1866043516557,59.57035442538555,60.10910440080894,17311300
1998-09-04,60.18605041503906,61.45596068594462,58.95462227355489,61.22506790941634,17783800
1998-09-08,63.41855239868164,63.41855239868165,61.455963701877785,62.110159934145734,14746500
1998-09-09,61.87926483154297,63.49551428609819,61.84078270167261,63.26462150687602,12109700
1998-09-10,60.647850036621094,61.16735890432058,59.60883230122213,60.609367898272986,19889300
1998-09-11,62.610443115234375,62.610443115234375,59.72428255368393,60.4554432292767,20379800
1998-09-14,63.68796920776367,64.313304252855,62.86060284041206,63.34162979817462,10686800
1998-09-15,64.07278442382812,64.22671303505655,62.97604306882566,63.34162352049315,8337900
1998-09-16,64.6500015258789,64.80393010094052,63.51477828479948,64.4960729508173,11024900
1998-09-17,62.802852630615234,63.437807942137994,62.66816514029222,62.95678119098439,12945200
1998-09-18,63.08259963989258,63.27568993569879,62.46471069331267,63.256380906118174,7019200
1998-09-21,63.043968200683594,63.89356532191792,61.132374677906355,61.55717323852352,8834600
1998-09-22,63.565303802490234,64.04802937814705,63.12119627288596,63.95148426301569,7270100
1998-09-23,66.11412048339844,66.11412048339844,64.12529034035228,64.18321743189732,13688500
1998-09-24,64.49215698242188,65.99826124728082,63.79703193710235,65.68931678269438,11129500
1998-09-25,64.41487121582031,65.13895924657369,63.4108024798423,63.71974670629708,10247400
1998-09-28,64.99417877197266,65.68930367862477,64.41490801642924,65.07141487271178,8847800
1998-09-29,64.83975982666016,65.45764914007681,63.87430777444663,65.11008640127994,10618100
1998-09-30,62.870182037353516,64.45352200266771,62.63847374974657,63.95148737951931,7908400
1998-10-01,61.05514144897461,62.744681258204615,60.611033841977004,61.80819347823141,13335600
1998-10-02,62.233001708984375,62.329546855911126,60.070390417825124,61.09376897524869,14351800
1998-10-05,60.9778938293457,61.76956376189895,59.529717123455605,61.53785548895654,12807200
1998-10-06,60.919986724853516,62.58056322511894,60.26347973637649,62.25230973088042,12621000
1998-10-07,60.012454986572266,61.808194469761204,59.16285781173019,60.93928826821817,14348500
1998-10-08,59.684200286865234,59.780745418354826,56.98093660515668,58.42911357750055,20625000
1998-10-09,60.88138961791992,61.035861903661555,58.120197510288286,59.93524686775244,12708500
1998-10-12,61.769569396972656,62.67709354878813,61.59578817641224,62.17505891161361,9508500
1998-10-13,61.55717849731445,62.039904175618354,61.01652573761407,61.518560443050134,6256800
1998-10-14,62.13642501831055,62.908785801633236,61.07442894124185,61.13235599999105,8176900
1998-10-15,65.47692108154297,66.26859131579342,61.750278271534775,61.86613245215679,20541100
1998-10-16,65.49623107910156,65.95964780843482,64.87834210665721,65.5734672006571,16573900
1998-10-19,65.72789764404297,65.99822389757311,65.18724513698268,65.30309924563846,7915900
1998-10-20,66.11412048339844,67.22438973801158,65.55415859846312,66.46168303266865,14611600
1998-10-21,65.88241577148438,66.50030478223687,65.41899901342,66.0368880241725,9178400
1998-10-22,66.8671646118164,67.02163683731295,65.59276875146992,65.97894931521128,8277500
1998-10-23,66.01751708984375,66.7319505886224,65.97889906288275,66.7126415751419,6237200
1998-10-26,66.50025177001953,67.02159520724094,65.97890833279813,66.55817881859969,5838600
1998-10-27,66.11412048339844,67.33058940584415,65.67001278155318,67.00233588708896,10089700
1998-10-28,65.99827575683594,66.44238352231494,65.51554992479355,65.84380349058237,5650600
1998-10-29,67.60091400146484,67.62022303145669,65.88241033219025,66.17204578206798,9625600
1998-10-30,67.9677505493164,68.52771213054656,67.65880622863769,68.04498662948608,9872800
1998-11-02,69.1263656616211,69.1263656616211,68.08367746449049,68.46985827824257,6501400
1998-11-03,68.62428283691406,69.08769949084933,68.43119256444103,68.95253630011821,6866000
1998-11-04,69.3580322265625,69.8793760100027,68.64359815295927,69.49319542967663,8233600
1998-11-05,70.30413818359375,70.40068327860006,68.66287156848651,68.9138888155029,6841500
1998-11-06,70.51655578613281,70.78688212266235,70.01452116114939,70.11106628133851,5224800
1998-11-09,70.01454162597656,70.59381251642866,69.51250685425141,70.40072221961128,6188700
1998-11-10,69.82142639160156,70.4006970751602,69.35800984475465,69.82142639160156,14015200
1998-11-11,69.3580322265625,70.4393378514755,69.13597839287502,70.32348367737768,10922400
1998-11-12,69.28079986572266,69.89868882773578,69.0104734448419,69.39665404610011,5457400
1998-11-13,69.95659637451172,69.95659637451172,69.28078051110903,69.33870758511497,5524600
1998-11-16,70.47798156738281,70.66141740981847,69.75389271566313,70.57452674761211,6023700
1998-11-17,70.47798156738281,71.44343336967573,69.82147434182363,70.22696409878665,9058900
1998-11-18,70.90277862548828,71.05725091007541,70.13041720255268,70.63245212746082,4567700
1998-11-19,71.52064514160156,71.61719028893094,70.82552008083006,71.23100969961344,5249300
1998-11-20,72.06128692626953,72.13852303229983,71.57856126358016,71.89716020095514,5562000
1998-11-23,73.760498046875,73.91497029409358,72.38955685281005,72.58264716183328,7151300
1998-11-24,73.29705047607422,73.93424822784199,73.1908508507796,73.52875874944432,5323700
1998-11-25,73.29705047607422,73.64461288612937,73.04603317992328,73.49014070388263,4393500
1998-11-27,73.83769226074219,73.97285540034082,73.53840245163092,73.81838324079952,4557900
1998-11-30,71.7523193359375,73.76045744437063,71.7523193359375,73.53840371122658,8705400
1998-12-01,72.67915344238281,72.9301707098512,71.19235885814703,71.75232045480726,8950600
1998-12-02,72.46678924560547,72.85296984377017,71.67511901936784,72.428171185789,7495500
1998-12-03,71.26960754394531,73.10396482291438,71.11513535203213,72.44745800728334,12145300
1998-12-04,73.14261627197266,73.21985240319965,71.9840743035676,72.0613104347946,10339500
1998-12-07,73.49016571044922,73.81841920941865,72.91089482991494,72.94951288861722,4290000
1998-12-08,73.16191101074219,73.99219925921459,72.60194916874917,73.23914712687916,10102600
1998-12-09,73.29705047607422,73.50944972666348,72.83363392933403,73.33566852163591,5327900
1998-12-10,72.22542572021484,73.43224007859298,72.11922605667756,73.43224007859298,5966600
1998-12-11,72.37024688720703,72.50541010177758,71.40479535456019,71.94544821284242,8198200
1998-12-14,70.28483581542969,71.92610258584494,70.28483581542969,71.77163041921763,9521400
1998-12-15,72.09989166259766,72.13850970848014,70.76756907965195,70.86411419435817,9631500
1998-12-16,72.00337982177734,72.37025142719803,71.52065402517117,72.37025142719803,7260000
1998-12-17,73.15228271484375,73.27779144855009,72.31233965080898,72.42819386653791,6914700
1998-12-18,73.46308135986328,73.85054486914527,73.07561785058131,73.34684230707869,4802400
1998-12-21,74.48983764648438,75.22601809656666,73.77303036614109,73.92801572405315,8580700
1998-12-22,74.8191909790039,75.14853490615126,73.88927871411727,74.64483242933767,5461100
1998-12-23,76.38844299316406,76.38844299316406,74.89670824538987,75.12918638790013,7791000
1998-12-24,76.05906677246094,76.40778383866173,75.942827750394,76.34966432762826,1507100
1998-12-28,75.86534881591797,76.44654403156596,75.63287072965878,76.40779768385609,4203600
1998-12-29,77.06648254394531,77.17303499592914,75.71036042778739,76.07845071645883,3935800
1998-12-30,76.4465103149414,77.337675919221,76.27215182714757,76.83397362114992,6810700
1998-12-31,76.4465103149414,76.83397362114992,75.92343485155989,76.4465103149414,6790500
1999-01-04,76.27214813232422,77.62826963835995,75.45847522870278,76.48525294041555,9450400
1999-01-05,77.14395904541016,77.41518341171746,76.21404693235648,76.21404693235648,8031000
1999-01-06,79.00379180908203,79.19752352023721,77.95764056884407,77.9963869110751,7737700
1999-01-07,78.61637115478516,78.8682225162963,77.97705616017996,78.34514661161931,5504900
1999-01-08,79.19751739501953,79.66247346583178,78.09324672684045,79.46874176966001,6224400
1999-01-11,78.44197845458984,79.15878586452313,77.62830517844937,79.15878586452313,7578300
1999-01-12,77.02776336669922,78.24827370173495,76.71779248796,78.24827370173495,7768800
1999-01-13,76.48528289794922,77.57018052770736,74.6254583897924,74.64483156175237,10810600
1999-01-14,75.1485366821289,76.8146295294254,74.95480495569909,76.64027097563856,11400700
1999-01-15,77.10521697998047,77.35706819122161,75.6716023929155,75.86533409387023,7817700
1999-01-19,77.60894012451172,77.88016457826687,76.56278866002754,77.67674623795051,6535100
1999-01-20,78.22885131835938,79.3137487115808,77.51204411212379,78.17073181515109,6534400
1999-01-21,76.15594482421875,78.01576947522994,76.00095943663447,77.85109750092165,6937500
1999-01-22,75.98160552978516,76.77590584256465,75.49727607077327,75.71038103273851,7522300
1999-01-25,76.75652313232422,76.87276218805212,75.57475939909057,76.42717914109517,5700300
1999-01-26,78.15138244628906,78.15138244628906,76.64027490270686,76.95024568087757,6047000
1999-01-27,77.24083709716797,78.50009328259961,76.96961268799808,78.34510790593109,7399400
1999-01-28,78.53888702392578,78.71324567790096,77.60897420272488,77.64772057027493,5961700
1999-01-29,79.1394271850586,79.5365773092431,77.74455845621546,78.94569541716372,6456800
1999-02-01,78.67447662353516,79.77874778028017,78.67447662353516,79.77874778028017,9426800
1999-02-02,78.19013977050781,78.8682009429478,77.34740659904668,78.78102164934836,9194500
1999-02-03,78.98445129394531,79.31379533907582,77.89955326292718,77.91892644205251,10290700
1999-02-04,77.80264282226562,79.04252557640532,77.35705995749667,78.9650329042716,7761100
1999-02-05,76.91149139404297,77.89952314746769,76.38841575987692,77.89952314746769,7516100
1999-02-08,77.06648254394531,77.55081187114456,76.46591417821823,77.55081187114456,8528400
1999-02-09,75.34224700927734,77.18269788762174,75.33256042570711,77.10520521905987,8985700
1999-02-10,75.82659912109375,76.25280892708867,75.21634417160105,75.71036008309514,6936700
1999-02-11,77.57020568847656,78.1707742140367,75.94285871599104,76.2915759243808,9181800
1999-02-12,76.64026641845703,77.80265670791796,76.02032493074454,77.37644693511562,10676600
1999-02-16,76.17532348632812,77.88016287259387,76.17532348632812,77.33771397696385,6915500
1999-02-17,76.09780883789062,77.71546847077347,75.7878381297933,76.36903320747577,7858100
1999-02-18,76.6983871459961,77.10522375374197,75.7684748997198,76.36904322543991,9048900
1999-02-19,77.02776336669922,77.95767600291693,76.48531432890557,76.87277792732961,5312200
1999-02-22,79.08129119873047,79.17815706252117,77.04710805912569,77.14397392291639,10695800
1999-02-23,79.04254150390625,79.66248300589768,78.48071951772653,79.10066101971795,7770700
1999-02-24,77.64765930175781,79.875573677931,77.4926739538501,79.2556322863002,7271000
1999-02-25,76.91149139404297,77.66704508783835,76.05907184206868,77.20208896857964,11633000
1999-02-26,76.60157012939453,77.39587067954758,76.13661370979274,77.33775112709736,9621300
1999-03-01,76.81462097167969,77.06647218798028,75.86533561793131,76.6596356078024,7607200
1999-03-02,76.1365737915039,77.68642771092382,75.82660300761992,77.18272518711235,9651500
1999-03-03,76.54341888427734,76.60153841266327,75.4972673733305,76.3109407707336,7881400
1999-03-04,77.51206970214844,77.7929807270625,76.4174853636902,76.91150130405632,8256400
1999-03-05,79.07160186767578,79.43000555126073,78.46134694697707,79.04254210954727,10703100
1999-03-08,79.58501434326172,79.84655224336737,78.88757994297997,79.5268948099049,4802200
1999-03-09,79.39125061035156,80.55364080962464,79.19751891047271,79.42999695032732,7893400
1999-03-10,80.08867645263672,80.127422788608,79.21688389328291,79.64309358896699,3950000
1999-03-11,80.97982025146484,81.32853718077736,79.89492313804809,80.39862536927728,6583700
1999-03-12,80.20496368408203,81.23174220467534,80.10809778591285,81.21236902504151,5286500
1999-03-15,81.34795379638672,81.36732696947469,80.28242927654836,80.55365369977994,5394400
1999-03-16,81.03799438476562,81.61918965886149,80.88300897834006,81.28984567020717,4547500
1999-03-17,80.68928527832031,81.1736147217676,80.35994125677614,81.01862929986447,4524100
1999-03-18,81.98725891113281,82.06475159441365,80.43740524551593,80.45677841633615,3506300
1999-03-19,80.59367370605469,82.41916896590267,80.59367370605469,82.22496734251459,5526700
1999-03-22,80.74903106689453,81.15685445612127,80.42859840393066,80.82671171246153,4603800
1999-03-23,78.41864013671875,80.49659815916276,78.11762752599088,80.36065698012436,9713800
1999-03-24,78.86530303955078,79.03037446920756,78.06907614355926,78.82646270316096,6280900
1999-03-25,80.4771499633789,80.4771499633789,79.38962090981973,79.58382252652673,6639600
1999-03-26,79.89454650878906,80.24410942496752,79.37020213452136,79.93338683280889,6159700
1999-03-29,81.50643920898438,81.68122070836033,80.2635485467554,80.2635485467554,5863900
1999-03-30,81.07918548583984,81.54526942635725,80.51600072438131,80.74904269464002,5401400
1999-03-31,79.77800750732422,81.78799382110418,79.73916719208209,81.50640153559877,7413600
1999-04-01,80.38008117675781,80.59370304023795,79.62269456987364,80.59370304023795,7683600
1999-04-05,82.2832260131836,82.39974698464432,80.94323484138523,81.3704784034079,5791100
1999-04-06,82.08901977539062,82.64249435868814,81.50641495086691,82.147280257843,5381300
1999-04-07,82.74929809570312,82.88523920968339,81.64234902472094,82.45799570860255,6248600
1999-04-08,83.79801940917969,83.8562799093483,82.20556573790444,82.76875057286763,5909100
1999-04-09,83.81742858886719,84.20583187241152,83.0212018576013,83.54554629038616,4365800
1999-04-12,84.71072387695312,84.76898434729492,82.78812835567427,82.94348960991904,8213200
1999-04-13,84.1669921875,84.80785761024745,83.58438725772957,84.67191645996769,10071400
1999-04-14,82.74929809570312,84.55537289572668,82.45799570860255,84.55537289572668,11551700
1999-04-15,82.43860626220703,83.0017910870843,81.40933744432789,82.92411042158399,11150000
1999-04-16,81.7394790649414,82.59396637281914,81.52585723797196,82.59396637281914,6476200
1999-04-19,80.4771499633789,83.60379599236153,79.77802414323372,82.45800645379026,12487200
1999-04-20,81.48701477050781,81.5258551016663,80.16644351111921,80.67136781617955,9049600
1999-04-21,83.81742858886719,84.28351252912039,81.0403451115252,81.44816855924675,5772200
1999-04-22,84.61363983154297,84.74958095589936,83.51640075638066,83.9727745310057,6897400
1999-04-23,84.40003967285156,84.98264464068073,83.89511536739963,84.43888000404019,4593100
1999-04-26,84.88549041748047,85.02143149113006,84.186364895854,84.82722995734493,3606500
1999-04-27,85.29332733154297,85.44868858351299,84.41942028921159,85.21564670555796,5147200
1999-04-28,84.12813568115234,85.29334531662538,83.89509375405774,84.78842114125374,5544300
1999-04-29,83.4872817993164,84.55539077790733,83.15713902411557,84.24466816595361,9824300
1999-04-30,82.80756378173828,84.28349596921767,81.7200348014903,83.95335324307096,10991900
1999-05-03,84.32231903076172,84.4194198126949,82.71044605067117,82.92406777092413,10709700
1999-05-04,83.1183090209961,84.40003995449744,82.72990570781387,83.972796309997,10509300
1999-05-05,83.77860260009766,83.9339639401071,81.93368668748539,83.23483791006457,10032300
1999-05-06,83.26395416259766,83.97279015721801,82.26381570443466,83.54554654402217,13507200
1999-05-07,83.89508819580078,83.97276883301912,82.9240802305716,83.58436564692744,8680700
1999-05-10,83.47755432128906,84.34175140568998,82.98234026168853,83.7979869480894,5580100
1999-05-11,84.32231903076172,85.06028497345379,83.72029418277609,84.08927715412213,7000600
1999-05-12,84.9826431274414,85.27394560616894,81.7200553656932,84.36119783948938,13865800
1999-05-13,85.35164642333984,85.75946998986774,85.02150353615059,85.29338591383585,4485700
1999-05-14,83.13773345947266,84.43888462550505,82.96295195955786,83.62323762590266,8370100
1999-05-17,83.39022064208984,83.57471228067854,82.26385063807466,83.04065753739548,6268100
1999-05-18,83.23484802246094,83.88542371279048,82.41920088831642,83.60383124981202,8218600
1999-05-19,83.83683776855469,83.89509825345291,82.80756920201927,83.56495550569628,5052400
1999-05-20,83.33191680908203,84.26408460373035,83.31249664669352,83.97278216790275,4670400
1999-05-21,82.86581420898438,83.700881003216,82.39973041685509,83.35131815911903,6418200
1999-05-24,81.48701477050781,83.17656917590203,81.03064087939558,83.17656917590203,7952000
1999-05-25,80.16643524169922,82.24439274433047,79.81687229733134,81.6423676734747,15406400
1999-05-26,81.05978393554688,81.40934697120568,79.60327128696854,80.36065786422927,12575900
1999-05-27,79.89454650878906,80.96265541933437,79.54498359261059,80.69077315119556,14515400
1999-05-28,80.91411590576172,81.25396878668116,79.91397742762737,80.16643956773895,8748000
1999-06-01,80.63252258300781,80.88498472018968,79.77803534946919,80.86556455579108,6705300
1999-06-02,80.7101821899414,80.9043837832762,79.55468270959938,80.6325015526075,6981900
1999-06-03,81.15687561035156,81.33165710843559,80.65195128255324,81.2151361097129,6076600
1999-06-04,82.78816223144531,82.87555297271707,81.37049020637014,81.7006330067301,9787200
1999-06-07,83.0018310546875,83.39023456921575,82.59400736443284,82.92415035178185,5299100
1999-06-08,82.1861343383789,83.14743245977536,81.778310892938,82.88526024484905,4895700
1999-06-09,82.10847473144531,82.71049997190767,81.91427304097358,82.28325625286986,7409700
1999-06-10,81.35103607177734,81.70059889089694,80.53538949383162,81.68117873427919,7040700
1999-06-11,80.67135620117188,82.1667087354738,80.2246924571596,81.54526352641327,12824800
1999-06-14,80.74903106689453,81.25395526308002,80.50627904949766,81.21511494029652,6823500
1999-06-15,81.29277801513672,81.81712225938152,80.83640432107181,81.07915628599996,5700900
1999-06-16,82.8464126586914,83.19597558130192,82.2638077876739,82.2638077876739,7865800
1999-06-17,83.62322235107422,84.24466757058987,82.41917223826266,82.57453354314157,8162800
1999-06-18,83.7198486328125,83.95359413853464,83.13548486850715,83.56401829566441,2875100
1999-06-21,83.91463470458984,84.304210538873,83.31079216145098,83.81724074601907,4646400
1999-06-22,83.33026885986328,84.26525083865558,83.21339611251425,83.52505677211167,5862400
1999-06-23,82.92118072509766,83.29127760876617,82.35629600791941,82.90170194174668,9629200
1999-06-24,82.29785919189453,82.8627439058744,81.44079272930439,82.82378633939302,9176900
1999-06-25,82.0933837890625,82.91149320160031,81.81094125378158,82.64852946185601,4087000
1999-06-28,83.09652709960938,83.29131502061173,82.59007850500322,82.70695125760464,5028900
1999-06-29,83.87564849853516,84.2652241998753,82.76535774971572,82.90170924518478,6956200
1999-06-30,85.3950424194336,85.70670315819065,83.42768400602966,83.91465391033758,16856100
1999-07-01,86.03778839111328,86.32997014929003,84.81062500677093,85.39498852312444,9939500
1999-07-02,86.89485168457031,86.95328803405557,85.95987009280628,86.09622157493854,3772800
1999-07-06,86.87542724609375,87.7324942413467,86.38845736242732,86.79751206470712,11221100
1999-07-07,86.99226379394531,87.08965773012304,86.33972442155454,86.68060319817658,3230700
1999-07-08,87.0604476928711,87.6545507591274,86.48582341567237,86.68061130624821,7101500
1999-07-09,87.5766372680664,87.63507363635026,86.99227358522788,87.26497663721919,2976800
1999-07-12,87.18706512451172,87.84934399274974,86.95331964160418,87.84934399274974,4436300
1999-07-13,86.87542724609375,87.21630616466027,86.42741495312063,86.87542724609375,6477600
1999-07-14,87.36238861083984,87.40134619773431,86.48584290571436,87.26499464360367,4382500
1999-07-15,87.91752624511719,88.12205355775123,87.45977464065054,87.75195651584201,3348600
1999-07-16,88.39471435546875,88.60898096144278,87.73243575518538,88.04409627296579,2281500
1999-07-19,87.81037902832031,88.66744572691084,87.61559114227701,88.62848814970218,4287000
1999-07-20,86.00861358642578,87.51822009824733,85.7261710777624,87.34291095493901,7060100
1999-07-21,85.91119384765625,86.58321202875683,85.58979384799945,86.07676354444915,4793700
1999-07-22,84.78141784667969,86.01832078367318,84.44053908451613,85.66770262830494,7804100
1999-07-23,84.61585998535156,85.3950115505942,84.22628420273023,85.18074487015248,4603000
1999-07-26,83.9925537109375,84.8496205855389,83.91463854051919,84.07046888135581,4333400
1999-07-27,84.69376373291016,85.5216121594623,84.3821031487964,84.77167887893859,5908500
1999-07-28,84.96642303466797,85.58974388224004,84.51841117547553,84.92746548169471,3955500
1999-07-29,83.7782974243164,84.30422489012821,83.09653959826409,84.10943693982755,7760600
1999-07-30,82.74588775634766,84.36262708868685,82.62901503352796,84.03148770736436,5994300
1999-08-02,82.9406967163086,83.99255148913167,82.5900784587009,82.74590879541543,6065500
1999-08-03,82.55110931396484,83.42765483523158,81.88883047567442,83.34973967778565,5445400
1999-08-04,81.42131805419922,83.44711161344246,81.30444534885827,82.72639659717322,6497900
1999-08-05,82.16155242919922,82.23946760457068,80.31106701412716,81.57718861391331,10322000
1999-08-06,81.26551818847656,82.2784153471057,80.7201120261378,81.79144555930324,7537700
1999-08-09,81.09021759033203,82.15181183935272,80.8759508611719,81.40187828729223,5565900
1999-08-10,80.19419860839844,81.12918076365789,79.1618224786328,80.95387160954674,9793300
1999-08-11,81.16809844970703,81.36288630295806,80.17468039812674,80.83695909918026,8003400
1999-08-12,81.1194076538086,82.16152274793245,80.9733167527632,81.46028642291454,7036800
1999-08-13,82.99906158447266,83.0574979103946,81.73294118949713,82.04460159441419,5857700
1999-08-16,83.36922454833984,83.5055760838161,82.43424259078837,82.97964873269339,3927000
1999-08-17,83.91463470458984,84.05098624658895,82.97965270231029,83.7977619543049,4808000
1999-08-18,83.31076049804688,83.75877253719933,83.05753630200418,83.65163922348897,4355500
1999-08-19,82.6290054321289,83.04779930690277,82.0835994556792,82.51213272288967,6448100
1999-08-20,83.46661376953125,83.60296529727611,82.70694097209561,82.94068644822966,3663700
1999-08-23,85.06388092041016,85.11257789826703,83.93411103413037,84.03150498984415,5637800
1999-08-24,85.3755111694336,85.99883226398569,84.38209317499117,84.81062642749575,9279500
1999-08-25,86.25206756591797,86.50529179318919,84.86907370928289,85.51187367081751,6005300
1999-08-26,85.21971130371094,86.28130542166573,85.083359765625,86.19365086146763,4322300
1999-08-27,84.1873779296875,85.43402119380133,84.18737792968749,85.31714838779065,6247400
1999-08-30,82.6290054321289,84.46001121021003,82.27838730441124,84.36261728584401,4652000
1999-08-31,82.3173828125,83.36923768043067,81.57718864617841,82.8627890403159,11453700
1999-09-01,83.33026885986328,83.35948704670054,82.47320204597034,82.86277787046713,6863900
1999-09-02,82.34659576416016,82.69721403116309,81.44083190773593,82.35633516046579,10896300
1999-09-03,84.75221252441406,85.08335194360852,83.95358216047451,84.07045489666079,9160800
1999-09-07,84.44055938720703,85.16127465763995,84.28472905846479,84.81065641796988,4560800
1999-09-08,84.03153991699219,84.81069188655168,83.5445699360175,84.05101871623117,6159600
1999-09-09,83.9925537109375,84.30421439261073,83.33027476238186,83.9925537109375,6177800
1999-09-10,84.69376373291016,84.99568492377034,84.10940013769688,84.92750917099546,2934500
1999-09-13,84.11915588378906,84.44055592363681,83.83671342452891,84.22628923040497,2320500
1999-09-14,83.56400299072266,83.87566360793747,83.13546964205229,83.56400299072266,3736000
1999-09-15,82.23947143554688,84.42109644757466,82.20051384604638,84.42109644757466,6984500
1999-09-16,82.56084442138672,82.78485048741148,81.22654741941314,82.59006260391169,15377600
1999-09-17,83.6040267944336,83.72122870115477,82.60781058730366,82.90081535410658,8542300
1999-09-20,83.48687744140625,83.7603487292349,83.19387249016125,83.72128140240224,2803900
1999-09-21,81.72877502441406,82.80312555652276,81.35763574968561,82.66639003425438,9335200
1999-09-22,81.64087677001953,82.41245581833051,81.10370148322075,82.04131652926954,13009100
1999-09-23,79.93172454833984,82.39296533355265,79.77545529213586,82.39296533355265,12204100
1999-09-24,79.8535385131836,80.24421140219134,78.95499086846577,79.8535385131836,13792900
1999-09-27,80.3809814453125,81.10372660047084,80.18564491689132,80.47864970952308,6970300
1999-09-28,80.22467803955078,80.51768270733584,78.48618367735939,79.97074066080373,11063400
1999-09-29,79.26756286621094,80.71305316983332,79.22849556070763,80.28331280929693,7580300
1999-09-30,80.47864532470703,80.90838566381954,79.36522717337006,79.65823195003769,7498900
1999-10-01,80.30284118652344,80.36144214092859,79.15035574988882,79.97076911156091,11127100
1999-10-04,81.72877502441406,81.80690960856742,80.4786216779603,80.75209272249707,6341600
1999-10-05,81.65064239501953,82.4905891947769,80.43955631164843,81.70924333453749,11976000
1999-10-06,82.90081787109375,83.01801978137334,81.68973146487136,81.72879876829789,10308200
1999-10-07,82.43199157714844,83.13520287970232,82.19758780963048,83.04730146688308,6535600
1999-10-08,83.68213653564453,83.68213653564453,82.03154350640504,82.35384865412637,9674300
1999-10-11,83.54540252685547,83.83840721189236,83.33053242449506,83.50633523551721,4282000
1999-10-12,82.2562026977539,83.33055348103021,82.0022652398886,83.21335157740006,8686100
1999-10-13,80.12702941894531,82.08039434870994,80.12702941894531,81.68972136275701,10469300
1999-10-14,80.10751342773438,80.75212399664811,79.22849901557929,80.31261679057057,10562200
1999-10-15,78.05644989013672,79.22846865725589,77.82204613671288,78.75966115040822,14238700
1999-10-18,78.62296295166016,78.72063122861874,77.15793879728139,78.0955542560838,9758800
1999-10-19,79.38475799560547,80.1661040388693,78.72061385883121,79.50195990209504,14392900
1999-10-20,80.16609954833984,80.92791189784892,79.462888148793,79.85356114854125,9759400
1999-10-21,80.63494110107422,80.63494110107422,79.15038307692653,79.52152258296346,9105400
1999-10-22,81.31859588623047,82.02180738080273,80.98652379157136,81.1037257073334,8309600
1999-10-25,80.90836334228516,81.55297367311456,80.47862312173221,80.83022875673008,8114300
1999-10-26,79.89264678955078,81.68974300095387,79.89264678955078,81.3772045294055,6256300
1999-10-27,81.33815002441406,81.45535196969419,80.16613057161271,80.24426520179946,5433300
1999-10-28,84.11187744140625,84.29744707347623,82.62732038484636,82.78358954869476,10509700
1999-10-29,85.63553619384766,86.06527656708322,84.83465640736323,84.91279102067878,10988600
1999-11-01,84.73698425292969,85.63553226483258,84.73698425292967,85.32299382590983,4006500
1999-11-02,84.13143920898438,85.79179962987216,84.13143920898438,84.99091989744393,6516900
1999-11-03,84.69790649414062,85.24484869474855,84.46350269388009,85.01044489448802,7222300
1999-11-04,85.34248352050781,85.86012504334907,84.8639092824093,85.4792190171074,7907500
1999-11-05,86.18242645263672,86.95400529327117,85.49874899891,86.6512338494779,7431500
1999-11-08,86.26058959960938,86.49499337569527,85.47924367932306,85.63551286338033,4649200
1999-11-09,85.44994354248047,86.69033019580027,85.18623929334949,86.57312830729762,4533700
1999-11-10,86.08478546142578,86.50475888720764,85.05926895660961,85.16670401901894,6405600
1999-11-11,86.57315063476562,86.57315063476562,85.92854008175405,86.37781410355,4794100
1999-11-12,87.35446166992188,87.50096400948458,85.71363546681958,87.04192334552144,11802900
1999-11-15,87.5595932006836,87.66702828436541,87.13961969174557,87.41309081384475,2187500
1999-11-16,88.29210662841797,89.38599113531872,87.56936150778711,87.86236628642125,7544800
1999-11-17,88.52652740478516,89.34694094207575,88.33119084828739,88.91720051778067,9459000
1999-11-18,89.15156555175781,89.38596931745043,88.52648884324418,89.03436366891151,4491000
1999-11-19,89.07342529296875,89.36642998143246,88.76088695860746,89.014824355276,4832100
1999-11-22,89.05391693115234,89.38598900569274,88.44837373640225,89.03438327970879,4155400
1999-11-23,88.27255249023438,89.2883021537644,87.74514401109379,89.2883021537644,5918000
1999-11-24,88.74129486083984,89.03429935630817,87.51067597987287,87.9794831726222,4459700
1999-11-26,88.4093017578125,89.30784967669439,88.29209985534965,89.0539122213582,1693900
1999-11-29,88.09677124023438,88.71208128326484,87.78423280567922,88.05770393591499,7348600
1999-11-30,87.06153106689453,88.95629627072867,86.88572810983776,87.97961317596881,7682000
1999-12-01,87.76470184326172,87.82330280153676,86.88568746913602,87.08102399671951,6980200
1999-12-02,88.29210662841797,88.37024123605373,87.74516437496759,87.90143359023912,6698300
1999-12-03,89.91338348388672,90.85099860603022,89.40550862605897,89.40550862605897,10045400
1999-12-06,89.24925994873047,89.83526953473657,88.91718784999367,89.71806761753535,3138900
1999-12-07,88.52652740478516,89.58134480987306,88.37025815958694,89.56181115422328,10714200
1999-12-08,87.96004486083984,88.79999199142304,87.82330928144258,88.35071794483203,4611400
1999-12-09,88.38973236083984,88.8976070661176,87.12004559764547,88.64366971347873,6474700
1999-12-10,88.68276977539062,89.2687792672985,88.05769298402224,88.93670722188403,5127300
1999-12-13,88.8390121459961,89.21015137879598,88.31160376254361,88.40927198170148,4210800
1999-12-14,87.97956848144531,89.06368616588585,87.90143387355769,88.52651073665855,5739000
1999-12-15,88.4483871459961,88.88789437010936,87.53030538895948,87.74517558741485,6879100
1999-12-16,88.8390121459961,89.17108409113284,88.23346918721731,88.87807943365924,5854900
1999-12-17,89.40956115722656,89.80119305016228,89.01792926429083,89.60537710369442,4775400
1999-12-20,88.76338195800781,89.72288024081001,88.41091320106007,89.33124828864585,4608700
1999-12-21,90.11455535888672,90.27120821479092,88.56760840683282,88.72426126273702,7981300
1999-12-22,90.34949493408203,90.34949493408203,89.58581259718798,89.99702616320785,5377500
1999-12-23,91.78873443603516,91.78873443603516,90.85860859375,90.86839939208984,5721700
1999-12-27,91.66143798828125,91.97474348023009,90.89775585165596,91.79850914100886,2691000
1999-12-28,91.60267639160156,91.7984922881206,91.16209062443376,91.40686049508254,4084500
1999-12-29,91.99432373046875,91.99432373046875,91.05440726834391,91.6810182430938,3001000
1999-12-30,91.8865737915039,92.46423046211646,91.6026408517113,92.19008831335118,3641300
1999-12-31,92.03349304199219,92.42512492727727,91.64186115670712,92.01391144772793,3172700
2000-01-03,91.13276672363281,92.89511072989129,90.15368672015587,92.89511072989129,8164300
2000-01-04,87.56890869140625,90.27116929055965,87.50037309650018,89.93828211530163,8089800
2000-01-05,87.72554016113281,88.68503825664521,86.00235990796772,87.68637697356088,12177900
2000-01-06,86.31565856933594,88.66544963746668,86.31565856933594,87.49055410340131,6227200
2000-01-07,91.32858276367188,91.32858276367188,87.76473154948056,87.92138435010435,8066500
2000-01-10,91.641845703125,92.05305911333133,90.87816365559895,91.641845703125,5741700
2000-01-11,90.54530334472656,91.54396477867576,89.9186922489153,91.36773040797884,7503700
2000-01-12,89.64453125,90.60402929090213,89.52704169397117,90.60402929090213,6907700
2000-01-13,90.85863494873047,91.32859340536183,89.78164681895025,90.52574770861658,5158300
2000-01-14,92.09226989746094,92.40557551480292,91.46565866277696,91.8181274822867,7437300
2000-01-18,91.36770629882812,91.87682767983317,90.97607446728578,91.07398242517137,6488500
2000-01-19,92.11183166503906,92.11183166503905,90.85860946551472,91.05442543419039,6157900
2000-01-20,90.70197296142578,92.09226658842519,90.11452495001758,92.09226658842519,5800100
2000-01-21,90.50613403320312,91.17190827749756,90.27115488815802,91.17190827749756,6244800
2000-01-24,87.94096374511719,91.38732527242527,87.35351575750785,91.2698356749034,7896900
2000-01-25,88.9395980834961,88.9395980834961,87.09892828608335,88.04863557517396,9942500
2000-01-26,88.23469543457031,88.69486306499917,87.7843186047889,88.35218504233939,5158100
2000-01-27,87.88223266601562,89.11587363258403,86.5506836862275,88.8808944008567,10922700
2000-01-28,85.14080047607422,87.7647349893663,84.92540286677412,87.37310297245703,11916200
2000-01-31,87.45142364501953,87.5199592434874,84.59251010893067,85.10163169754922,10768700
2000-02-01,88.31303405761719,88.78299255371094,86.8052505493164,87.56893310546874,8419900
2000-02-02,88.39131927490234,89.13541988022939,87.96052418760773,88.52839043904153,6205900
2000-02-03,89.72283935546875,89.7620025328391,87.72551730958097,88.27380179276585,7997500
2000-02-04,89.35082244873047,90.23199426775149,89.0570985090568,89.72287277231712,4925400
2000-02-07,89.21372985839844,89.46829054500054,88.62628212008589,89.33121940606094,5845800
2000-02-08,90.42779541015625,90.5844481523133,89.99700036922437,90.21239788969031,4936400
2000-02-09,88.52837371826172,90.52569601847466,88.51858292267245,90.52569601847466,8511500
2000-02-10,88.70460510253906,89.33121599951063,88.2738101108711,88.74376828359978,6690600
2000-02-11,86.90312957763672,88.93961571465209,86.49191603073939,88.88087092223819,9849800
2000-02-14,87.41222381591797,87.58845813812748,86.66812334436669,87.58845813812748,8528800
2000-02-15,88.4011001586914,88.48921732575623,86.34503292717903,87.25557698684881,11078300
2000-02-16,87.09894561767578,88.31300466180704,86.97166523401685,87.96053590705927,8845400
2000-02-17,86.6485366821289,87.99966640666379,86.60937350170761,87.99966640666379,7584200
2000-02-18,84.78828430175781,87.02058555127292,84.35748932378121,87.02058555127292,9409200
2000-02-22,84.57291412353516,85.43450435771797,83.67216069688949,84.70998529715514,16415400
2000-02-23,85.57154083251953,86.13940689296417,84.2791560053007,84.98409318378371,12119000
2000-02-24,83.84840393066406,85.86530855580614,83.39802716971,85.64991097448029,17375000
2000-02-25,83.54489135742188,85.66949482918568,83.41761096510423,84.70999648709879,10559900
2000-02-28,85.29743957519531,85.6499083337705,83.16304542604557,83.57425897771662,13397800
2000-02-29,86.11988067626953,86.11988067626953,85.0624742286755,85.2582902374892,8242500
2000-03-01,86.74649810791016,87.09896694898067,85.98281561892404,86.23737644858608,6868000
2000-03-02,86.80520629882812,87.17725658524314,86.06110572599812,86.90311426893734,7600200
2000-03-03,88.43049621582031,88.8025465763386,87.54932430932963,87.99970106153597,12770300
2000-03-06,87.56890869140625,88.56757021718033,86.94229753797937,88.23468304192231,11967100
2000-03-07,85.87511444091797,87.8234838142782,84.7295907389926,87.72557580556663,20062000
2000-03-08,85.76740264892578,86.37443221105288,84.61208832100645,85.51284186480797,11808500
2000-03-09,88.2738037109375,88.2738037109375,85.2974021661144,86.00233937409882,5500900
2000-03-10,87.80389404296875,88.97879003819135,87.43184364448159,87.84305724280951,7924600
2000-03-13,86.84439086914062,88.01928679972653,85.0233021767325,85.64991333971163,10540500
2000-03-14,85.61074829101562,87.78430571560455,85.31702431471983,87.27518415669182,8263900
2000-03-15,87.60807800292969,87.99971000115468,85.25828601357976,85.76740761127225,10300800
2000-03-16,91.70063781738281,92.01394343452526,88.27385762988719,88.74381605560087,25601400
2000-03-17,92.3066635131836,92.97412981676679,91.36435814341905,91.59993448586019,10272900
2000-03-20,91.83552551269531,92.561886018033,90.9521140872846,92.2674155428961,12502300
2000-03-21,93.72010040283203,94.07346483669272,90.7753967873262,91.42323158273749,13612600
2000-03-22,94.28947448730469,94.76062738917754,93.40606279629309,93.95574118181142,8260000
2000-03-23,95.89923858642578,96.40965418586222,93.7005252350072,93.7005252350072,11654500
2000-03-24,96.46852111816406,97.84271657568777,95.31027066110838,96.03663111722804,11462900
2000-03-27,95.44767761230469,96.60592791652641,95.36915216795067,96.35072022237586,8798600
2000-03-28,94.89799499511719,96.10532364472408,94.60352459277405,95.01578315605445,6334400
2000-03-29,94.99617767333984,95.79124797624753,94.01460939814518,95.21212269388268,6747500
2000-03-30,93.40606689453125,95.43791387300622,92.42449830589598,94.32874136784838,9491900
2000-03-31,94.46611785888672,95.6832623533279,93.24897336444553,93.9949651513611,9249100
2000-04-03,95.01580810546875,95.01580810546875,93.40603614996287,94.30907895427104,8508200
2000-04-04,94.30908203125,96.11516769879267,88.82211524779156,95.32991306073065,19585500
2000-04-05,93.72010040283203,94.74093098954071,92.73853253099675,92.8955833904904,8387200
2000-04-06,94.53480529785156,95.29061258763814,93.6023157844785,94.3875701115295,6378500
2000-04-07,95.13359832763672,95.56548837369698,94.54465735573638,95.21212379055677,6023600
2000-04-10,94.76058197021484,96.18385567911076,94.42684882468063,95.32989145377321,9624200
2000-04-11,94.48574829101562,95.25137143320337,93.20970972070272,94.23054057695305,9006400
2000-04-12,91.8943862915039,94.95687812262432,91.81586085993672,94.46609417532939,10779200
2000-04-13,90.6183853149414,93.07230606112158,90.32391482539978,92.64041600979387,12225800
2000-04-14,85.43569946289062,89.71533698194168,83.86519028158749,89.59754879334395,29604000
2000-04-17,88.41967010498047,88.41967010498047,84.61118520259011,84.92528705020993,23918200
2000-04-18,90.75579071044922,90.75579071044922,87.81108627467864,88.30187034730707,11069200
2000-04-19,89.9116439819336,91.16805123408288,89.53864807895177,90.77542396778622,6553700
2000-04-20,90.34356689453125,90.42209237640394,89.4405238529953,90.18651593078586,8537600
2000-04-24,89.3619384765625,90.02940462511327,88.26258246718474,88.89078590111488,12893100
2000-04-25,93.07228088378906,93.07228088378906,90.73614896538136,90.8539371293347,14102000
2000-04-26,92.0219955444336,93.44526907552084,91.71770947916667,92.95448509928386,7711100
2000-04-27,91.7177505493164,92.5618993664441,89.8331392366592,89.8331392366592,15595300
2000-04-28,91.14844512939453,92.88582126421068,91.12881376063955,92.3459586234486,8743400
2000-05-01,92.38517761230469,93.27840446767226,91.61955459341817,92.07107586096663,7328300
2000-05-02,90.53987121582031,92.4244825854471,90.5398712158203,91.40365142689924,9411900
2000-05-03,88.41967010498047,90.46133211450933,87.81109777521706,90.46133211450933,12630700
2000-05-04,89.08709716796875,89.43064591200566,88.41963103669706,89.2048853087814,5963600
2000-05-05,90.1668472290039,90.46131766410842,88.5374441547589,88.6159696041201,7862400
2000-05-08,89.48957824707031,90.06870352035946,89.10676662574359,89.67607621643461,5064100
2000-05-09,88.77301788330078,90.08831912128865,88.11536726430684,89.8723741419175,5620300
2000-05-10,86.7706298828125,88.55708402745863,86.53505351208993,88.26261356405543,10293900
2000-05-11,88.75340270996094,88.89082226735304,87.39883850138158,88.02704219231693,7091100
2000-05-12,89.71533203125,90.12759066859272,88.9693402112965,89.08712839339442,5960800
2000-05-15,91.26625061035156,91.47238002128051,89.20495650106206,89.67610944032823,4441300
2000-05-16,92.149658203125,92.79749346531143,91.28587785354308,92.07113271679937,8192200
2000-05-17,91.1876449584961,91.83547968048325,90.75575514383799,91.52137799709554,5907200
2000-05-18,90.0687026977539,91.91405100934695,90.0687026977539,91.48216097897411,4325600
2000-05-19,88.65523529052734,89.98035229276618,88.20371394161633,89.55827798834937,6518400
2000-05-22,87.98776245117188,88.87117372076194,86.06388901962015,88.73375418993683,10839400
2000-05-23,86.69212341308594,88.4589465804722,86.41728425371474,88.22337015815404,7979200
2000-05-24,88.10557556152344,88.3804147009756,85.7498115090763,86.69211713005515,11081500
2000-05-25,86.59394836425781,89.08713164293856,86.51542290666157,88.38040252457236,8278900
2000-05-26,86.69212341308594,87.7522173135177,86.27004898976588,87.20253899477531,4814000
2000-05-30,89.5190200805664,89.793859177305,87.6147777674491,87.94851095634594,5362700
2000-05-31,89.71533203125,90.4613238512035,89.2638106665413,89.55828112178611,6056500
2000-06-01,91.28579711914062,91.3643225360173,89.83307690692205,90.26496669974378,8961600
2000-06-02,92.87603759765625,93.66129261856224,92.65027677914577,93.563135740949,8962200
2000-06-05,92.42443084716797,93.11152835771404,92.26737998761458,92.64037577905387,6998100
2000-06-06,92.01220703125,92.83672435476451,91.65884246402949,92.11036385547791,4858900
2000-06-07,92.65019226074219,92.97410966137832,91.7177027740624,92.11032992634863,4919500
2000-06-08,92.28703308105469,92.81707985688716,91.75698630522221,92.6600289603442,5723100
2000-06-09,92.0907211303711,92.95450107702135,91.48214889523115,92.66003064066331,3085300
2000-06-12,91.01097869873047,92.32627972824189,91.01097869873047,92.32627972824189,3678900
2000-06-13,92.71894073486328,92.81709756392834,90.85396098262699,90.97174917750506,6558700
2000-06-14,92.87603759765625,93.5238729899037,92.4637787116806,93.1312454794507,6420500
2000-06-15,93.07228088378906,93.44527673630793,92.24776373611576,93.05264952313017,5881200
2000-06-16,92.30753326416016,93.38980022845962,91.85494889727129,93.38980022845962,5567900
2000-06-19,93.48822021484375,93.9211271491158,92.09111147242028,92.22885458787047,5106900
2000-06-20,93.15367126464844,93.7439987124599,92.56334381683698,93.31109191739816,6480000
2000-06-21,93.11432647705078,93.46852298520524,92.49448258778047,92.52399896346,3115000
2000-06-22,91.69757080078125,92.99629176062064,91.30401899476931,92.91758139941825,7490500
2000-06-23,90.91043090820312,92.01237552527225,90.59558958904051,91.81559970079562,4863300
2000-06-26,92.08124542236328,92.09108421341173,91.22527060114888,91.54011191469901,5201300
2000-06-27,91.40238189697266,92.38626114236526,91.31383276488732,91.92383789703074,4159500
2000-06-28,91.65819549560547,92.55352565770293,91.50077480776415,91.69755066756579,5347700
2000-06-29,90.7923355102539,91.77621430858783,90.36926762697033,91.14653187765413,6345700
2000-06-30,91.48106384277344,91.67783963077682,90.60541158615837,90.63492795435889,7420200
2000-07-03,92.74044799804688,92.83883591232446,91.42204994672731,91.57947060957143,1436600
2000-07-05,91.0678482055664,92.34689101744233,90.91042755179706,92.16979278195183,2748200
2000-07-06,91.77629089355469,92.22887551845858,90.81208886658553,91.26467349148942,5963200
2000-07-07,93.25204467773438,93.6849514055061,92.09106754416479,92.36655364365588,3034800
2000-07-10,93.09468078613281,93.76371886407163,92.8979048808567,93.11435837666043,2816100
2000-07-11,93.29141998291016,93.90142504924009,92.66173733379539,92.85851316164376,5431600
2000-07-12,93.90142059326172,94.53110321249565,93.62593444734686,93.99980850251701,5883000
2000-07-13,94.3146743774414,94.68854852999124,93.94080022489156,94.4425786927874,5356000
2000-07-14,95.239501953125,95.239501953125,94.2457840091926,94.72788479387268,5341900
2000-07-17,95.08209228515625,95.70193622285957,94.8853164319171,95.0722534924943,4208300
2000-07-18,94.30480194091797,94.84593538971822,94.03915461150693,94.84593538971822,4262100
2000-07-19,93.54724884033203,94.39338508352392,93.35047296982228,94.11789886481029,8506800
2000-07-20,94.8459701538086,94.8459701538086,93.70467009801587,93.82273562102891,4538900
2000-07-21,92.99626922607422,94.29498987121195,92.99626922607423,94.29498987121195,5656900
2000-07-24,92.4649658203125,93.73416996915485,92.28786756698567,93.27174675213476,5628500
2000-07-25,92.7601547241211,93.09467373776344,92.42563571047873,93.03564097065009,4757100
2000-07-26,91.8550033569336,92.6617846631963,91.70742141066603,92.54371910618224,12062500
2000-07-27,91.54008483886719,92.32718788993225,91.10717816078139,91.89428121184646,7652600
2000-07-28,89.4739761352539,91.87464142852441,89.10994082438913,91.756575922298,6229500
2000-07-31,90.04462432861328,90.75301735217755,89.4542968089764,90.0052691606375,5265500
2000-08-01,90.59558868408203,91.12688340486184,90.12332671005555,90.43816802607321,3946600
2000-08-02,91.04820251464844,91.55981981859934,90.43819726763004,90.59561797653801,7439800
2000-08-03,91.6778335571289,91.8155765996058,89.80846369494232,89.96588431491593,4607100
2000-08-04,92.16981506347656,92.3862685147358,91.5598098826551,92.13045989052034,3686600
2000-08-07,93.27173614501953,93.46851195967147,92.16979158296867,92.3862449790858,4159800
2000-08-08,93.6259536743164,93.70466401788455,92.87820541041897,92.87820541041897,3658700
2000-08-09,92.83885955810547,93.96048206654379,92.79950438237078,93.91128809687544,5383800
2000-08-10,92.38626861572266,93.10450052295883,92.11078240472796,92.8978858647128,4193400
2000-08-11,92.81914520263672,93.19301922401685,91.65816797835103,92.32720570082076,5089400
2000-08-14,93.99983215332031,94.17693043453862,92.60272349037584,93.05530798682264,2966700
2000-08-15,93.92105102539062,94.33428003681597,93.54717715791054,94.03911645722644,5564600
2000-08-16,93.58658599853516,94.41304449557857,93.0946464169617,94.0194928303198,5191600
2000-08-17,94.57044219970703,94.72786282758835,93.40946506908224,93.62591843241907,5652200
2000-08-18,94.25562286376953,94.68852969111879,93.96045911784958,94.68852969111879,4626400
2000-08-21,94.76726531982422,94.90500843802164,94.07854972883712,94.47210149511547,2380600
2000-08-22,94.60981750488281,95.27885531585744,94.51142959150418,94.80659333164006,3075300
2000-08-23,94.98368835449219,95.25917450260962,93.99980925407274,94.33432814821535,5483200
2000-08-24,95.27889251708984,95.39695805924237,94.76727516776222,95.18050456529608,4529000
2000-08-25,95.239501953125,95.475632949703,95.04272612264334,95.18046920398051,2822200
2000-08-28,95.56419372558594,96.2824255944182,95.23951356570286,95.23951356570286,5518700
2000-08-29,95.58390045166016,95.63309443027656,95.02308909543322,95.35760815002473,3561900
2000-08-30,94.66883850097656,95.39690896959766,94.66883850097656,95.27884348819964,3964800
2000-08-31,95.92826080322266,96.4005230102539,95.02309157307943,95.12147953287761,4863100
2000-09-01,96.02659606933594,96.71531140999717,95.71175477074796,96.49885801721793,3191200
2000-09-05,95.2591781616211,95.83966685316578,94.9640144201577,95.6330522341414,3470800
2000-09-06,94.17691802978516,95.68225322186174,94.157240445575,95.20015240871304,4322200
2000-09-07,94.98368835449219,95.13127021955509,94.34416693921955,94.6098142963328,4265500
2000-09-08,94.33434295654297,94.76724982868396,94.02934038753453,94.62950673300274,3518200
2000-09-11,94.1965560913086,95.20011246495737,93.62590638864555,94.29494397107807,3937500
2000-09-12,93.5079116821289,94.60985676929204,93.4685565004445,94.29501531581685,4769100
2000-09-13,93.75385284423828,94.03917782403501,92.9765882441024,93.19304167705164,7691600
2000-09-14,94.2260971069336,94.4130341274026,93.29141200458852,94.3736789651986,3397100
2000-09-15,92.1646728515625,93.58501883728863,92.1646728515625,93.54556478212957,4085700
2000-09-18,91.31640625,92.77620622029596,91.0303643639285,92.40139271440916,5109300
2000-09-19,92.14488983154297,92.36188700305806,91.34594570005561,91.6122604105514,6588200
2000-09-20,91.46430206298828,92.18433808699326,90.3694527662136,91.96734092907396,6508100
2000-09-21,90.07357025146484,91.88845602963715,90.03411621280893,91.19801035315855,5972300
2000-09-22,91.71092224121094,91.73064926255772,89.90589978797996,90.03412542673408,7791300
2000-09-25,91.0599365234375,92.20410383677358,90.72457713849417,92.12519574619868,9726300
2000-09-26,89.89605712890625,91.53340028047509,89.89605712890625,91.13885976202477,5302400
2000-09-27,90.36951446533203,90.8824171887764,89.71852254711419,90.62596582705422,7186200
2000-09-28,91.5334243774414,92.37182319986408,90.20184977712302,90.38925657272338,7036400
2000-09-29,90.66539001464844,92.14491661410419,90.66539001464844,91.82928427288697,9333600
2000-10-02,90.80349731445312,91.47421617360833,90.35963924589453,91.0796756682229,5517800
2000-10-03,89.9552230834961,92.0068334345232,89.81713392525388,91.23747955288803,9347200
2000-10-04,90.70482635498047,91.05991266954976,89.48175127146398,90.19192390060259,6148900
2000-10-05,91.02045440673828,91.43472175449327,90.46809794306498,90.52727899274426,4566900
2000-10-06,89.04779815673828,91.30654270457757,88.21926303875357,90.82323055241982,10014900
2000-10-09,88.3770523071289,89.20558717250823,87.9825118950435,89.20558717250823,4508000
2000-10-10,86.91728210449219,89.16616321205281,86.91728210449219,88.43626320345857,6104700
2000-10-11,86.1873550415039,87.50906545298955,85.29963909349117,86.87780077884715,10346000
2000-10-12,84.03714752197266,86.85811280263981,83.82015019269056,86.66084250329246,12336900
2000-10-13,86.83834838867188,86.89752945299854,83.8792951723382,83.91874921522266,11778800
2000-10-16,87.23287963867188,87.26247016772163,86.28598270907978,86.73970415450933,5659000
2000-10-17,85.06291198730469,87.46960847674141,84.84591476284727,87.39070039512053,7831700
2000-10-18,84.74726867675781,85.93088974766225,82.16302933861645,83.72146374864063,10897300
2000-10-19,87.9430923461914,88.03186397372794,86.12820573877785,86.38465710721673,8767300
2000-10-20,88.31787109375,89.12667893713703,87.35124708579964,87.35124708579964,7373500
2000-10-23,88.71239471435547,89.02802698374165,87.70631685568699,88.33758139445936,5290000
2000-10-24,88.12061309814453,89.60013984593071,87.74579965537204,88.98860212351242,5750700
2000-10-25,86.04926300048828,88.10087312246233,85.93090087806671,87.58797059196883,9137600
2000-10-26,86.2860107421875,86.89754854122906,84.60921355126708,86.56218910304497,9345800
2000-10-27,87.9233169555664,87.9233169555664,86.24652046886614,87.03560116848979,9762900
2000-10-30,88.71239471435547,89.06748101741492,87.21314143477107,87.3906845863008,10154100
2000-10-31,90.24126434326172,90.70484937158538,88.4165147636898,89.01818894938648,7752400
2000-11-01,89.93548583984375,90.42866134894578,89.14640502528053,89.7973966972952,6753600
2000-11-02,90.08344268798828,90.84293300737677,89.96508056029137,90.36948449658914,11395100
2000-11-03,90.13277435302734,90.74431210854142,89.87632303619885,90.56676888919863,5187100
2000-11-06,90.76399993896484,91.08949570053687,90.29055155849643,90.36945962190784,4042500
2000-11-07,90.74427795410156,90.90209408967392,89.99465131013291,90.35960112364397,5231300
2000-11-08,88.732177734375,90.94160501455508,88.732177734375,90.94160501455508,6123300
2000-11-09,88.39678955078125,89.1464164204375,86.64108451395475,88.37706252789556,10635300
2000-11-10,86.24652099609375,88.04167959871144,86.18733994326021,87.7457743345437,8569500
2000-11-13,85.57579803466797,86.47337729021832,83.96804618131955,85.61525206787898,17285300
2000-11-14,87.82469177246094,88.14032408790555,86.48325443182138,86.77915972755069,7668900
2000-11-15,88.10086822509766,88.4460910629703,86.95670110529119,87.78523591618553,8837700
2000-11-16,86.71994018554688,88.29810106244491,86.68048616362442,87.47943010755405,6684100
2000-11-17,86.25638580322266,87.74577565528516,85.69416579284145,86.68051668824708,6551100
2000-11-20,85.02346801757812,86.0887272456406,84.78674374467536,85.69418679080265,5458500
2000-11-21,85.45745086669922,85.97035338805983,84.2836931735855,85.14181854586192,7684300
2000-11-22,83.41570281982422,85.14181704395443,83.40583930997204,84.80645770898056,5736900
2000-11-24,85.12205505371094,85.20096310011067,84.35270160131354,84.35270160131354,3411600
2000-11-27,85.87169647216797,86.28596378802268,85.41797512623187,86.14787468273778,5992000
2000-11-28,84.39219665527344,86.22680962604025,84.36260612348688,85.29963963006132,5336100
2000-11-29,84.23438262939453,85.7928173431468,84.12588401008267,84.82619328018653,6914100
2000-11-30,83.50447845458984,84.2738322603373,81.90658978111435,83.64256759921118,11201600
2000-12-01,83.46502685546875,84.62892110847575,82.69567302720988,84.07656451382836,7587200
2000-12-04,84.17524719238281,84.51060674295007,83.01135228159055,83.24807667022627,6996600
2000-12-05,86.93697357177734,87.27233289801292,84.84590953760252,85.14181482545746,8883400
2000-12-06,85.54620361328125,87.33149853476215,85.24043486982319,86.97641225203667,12888000
2000-12-07,84.37246704101562,85.77308550253353,84.37246704101562,85.14182084382124,6529100
2000-12-08,84.56974029541016,88.04169604348391,84.51055923152254,86.52271540370164,10276300
2000-12-11,87.509033203125,88.10084361703251,86.30568536151304,86.7199526512483,6405600
2000-12-12,87.1342544555664,87.62742999584016,86.71998700173646,87.23288956362116,5022900
2000-12-13,85.94076538085938,88.00223903684464,85.87172080864934,87.90360393368745,6070500
2000-12-14,84.84593963623047,86.16765039085206,84.60921532196988,85.77310986708441,7678400
2000-12-15,82.92953491210938,84.29487442748412,82.67229703240109,84.29487442748412,9065300
2000-12-18,84.03765106201172,84.51255184503228,83.43413131692311,83.62211287686874,7235400
2000-12-19,82.32599639892578,85.46231905947855,82.32599639892578,83.87931708569798,9616600
2000-12-20,79.94164276123047,81.64337080020717,79.84270508454578,81.44549544683778,9994300
2000-12-21,80.49566650390625,81.59387434337695,79.48650254331156,79.78331547289824,14331500
2000-12-22,82.9097671508789,83.01859858747314,81.58400237782189,81.68294004745302,10182900
2000-12-26,83.8001937866211,83.8001937866211,82.49421674059583,82.85039229860271,4665300
2000-12-27,84.41363525390625,84.68076701103885,83.10765777459123,83.4242583756373,4854100
2000-12-28,84.67086791992188,84.76980560152964,83.958516612346,84.09702936659686,8358700
2000-12-29,83.06808471679688,85.02705098334354,83.06808471679688,84.88853821702206,8774600
2001-01-02,81.564208984375,83.68147496237795,80.77270768418698,83.58253729985444,8737500
2001-01-03,85.48213195800781,86.11533293547454,80.83206227973656,81.2476004211991,19431600
2001-01-04,84.56200408935547,85.7789371071384,84.2157223363278,85.44254911848296,9219000
2001-01-05,81.8016586303711,84.61148822048061,81.8016586303711,84.51255055885703,12911400
2001-01-08,82.43485260009766,82.43485260009766,80.85185014978374,82.23697729380842,6625300
2001-01-09,82.21717071533203,83.26590959569607,81.95003911372987,82.9789904680493,5702400
2001-01-10,83.66167449951172,83.6616744995117,81.56419637818999,81.68292155486857,8746100
2001-01-11,83.7408447265625,84.52245232738935,83.00870596123102,83.00870596123102,7245100
2001-01-12,83.5825424194336,84.6708567738533,83.12742914394899,84.01786816120148,7244000
2001-01-16,84.11678314208984,84.33444595426651,83.27581318595274,83.58251987583805,8542200
2001-01-17,84.50265502929688,85.51181915679814,83.98817919959035,85.3832001993715,7851400
2001-01-18,85.3436050415039,85.92733709546272,84.17614093358628,84.49274136963174,8107000
2001-01-19,84.85887145996094,86.23410558995215,84.7698275234867,86.23410558995215,7782500
2001-01-22,85.42276000976562,85.9768108043622,84.5718962894923,85.00722191381819,7050900
2001-01-23,86.09549713134766,86.5308225592699,84.94782100318903,85.14569619769914,8463100
2001-01-24,86.35279083251953,86.94641680066243,86.01640278390524,86.27364070343381,6199900
2001-01-25,86.1351089477539,86.90682253584544,85.89765861295652,86.27362164305238,10818300
2001-01-26,86.03617858886719,86.19447882546125,85.13584599323852,85.5810654086593,7136800
2001-01-29,86.49526977539062,86.68522236633336,85.71642550499928,85.79874473566215,6705900
2001-01-30,87.25509643554688,87.33107746087427,85.98235629003231,86.30529497143398,7069100
2001-01-31,86.76116943359375,87.82494205544258,86.49522627813154,87.00177914841575,9706900
2001-02-01,87.33744049072266,87.35010722057397,86.27366706842726,86.81189197544259,8239100
2001-02-02,85.35547637939453,87.37538863364809,85.32381440456822,87.0017927897027,8276600
2001-02-05,85.98234558105469,86.07733151276369,85.32382089918197,85.35548287641831,4352900
2001-02-06,85.72906494140625,86.55855653074111,85.62142195351103,85.6720791822638,7106700
2001-02-07,85.28582763671875,85.7353948485664,84.64628856758874,85.30482289007126,5748700
2001-02-08,84.2917251586914,85.73542285637731,84.27906809357403,85.3555080033389,5943300
2001-02-09,83.4812240600586,84.43736382855454,83.11396629186639,84.43736382855454,9913000
2001-02-12,84.43731689453125,84.53229313442631,83.39252994630607,83.39252994630607,5804400
2001-02-13,83.74713897705078,84.95655489101472,83.58251023819102,84.6589497255497,6587600
2001-02-14,83.6205062866211,83.99409248527127,82.73402892340397,83.99409248527127,8400100
2001-02-15,84.43103790283203,84.54501913250002,83.57622215879414,84.11443733202925,5929800
2001-02-16,82.56944274902344,83.13299149971265,81.87292714066996,82.94936738040515,6434900
2001-02-20,81.29666137695312,83.03796381366493,81.11303737121744,82.97463986030573,5760000
2001-02-21,79.5427017211914,81.58160463615393,79.46671587125988,80.98639905331255,10910800
2001-02-22,79.66301727294922,80.1252561344167,77.89638588086382,80.00494639699222,21281600
2001-02-23,79.12476348876953,79.49202107552922,77.12385167262116,79.20074931632134,20173000
2001-02-26,80.80911254882812,80.80911254882812,78.83352370949979,79.65668693362164,11503700
2001-02-27,80.0619125366211,80.94838981222917,79.47303558585926,80.2898652163314,11415000
2001-02-28,78.4852294921875,80.31517923735412,78.05465279738722,80.25819348982117,14825800
2001-03-01,78.8968276977539,78.8968276977539,77.09220617845031,78.54857011666122,14672000
2001-03-02,78.26996612548828,79.56169658229501,77.44047446600018,77.56711271765315,12564300
2001-03-05,78.98550415039062,79.01083277419625,78.39662693199794,78.61191781887514,5293200
2001-03-06,79.83399200439453,80.89143663106566,79.46040086128906,80.00495416755075,6917000
2001-03-07,80.40387725830078,80.44186777814201,79.6313711485895,80.35322001121851,6371700
2001-03-08,80.49248504638672,80.56846604833108,79.87194615518924,80.1632179348326,6055000
2001-03-09,78.11164855957031,79.84661734304792,77.953348364667,79.84661734304792,10020300
2001-03-12,74.76834869384766,77.56709496076174,74.55939127860975,77.46578051788086,13972900
2001-03-13,75.99677276611328,76.2627208256838,74.42010381815649,75.60419128506956,12888000
2001-03-14,74.49610900878906,75.53455840718303,73.29302597476457,74.11618932197631,19883400
2001-03-15,74.51508331298828,75.26226058033622,74.3124592149417,75.00264588827739,10370300
2001-03-16,73.02055358886719,74.53797881508763,72.89356945959084,74.36655145155186,58514600
2001-03-19,74.50621795654297,74.72208851489005,72.89990655534044,73.49671974400478,10067800
2001-03-20,72.50626373291016,75.21096466676637,72.4491245176346,74.85541885452272,15083900
2001-03-21,71.27450561523438,73.17922245807056,71.04593920657841,72.49352323210263,19004600
2001-03-22,70.55075073242188,71.49040882347488,68.59523924873604,71.12216221084287,28624800
2001-03-23,72.68402099609375,72.79830423838114,70.7919995057688,71.90308469980553,12861700
2001-03-26,73.61102294921875,73.82053830405748,72.86817904841894,73.45864198067282,9943800
2001-03-27,75.11571502685547,75.331585550409,73.19195093646519,73.40782146001874,12880700
2001-03-28,73.03955841064453,74.25222588009294,72.95067199273508,74.22048349880897,10953300
2001-03-29,73.31892395019531,73.9665257351666,71.19833605833475,72.8236933570445,12060300
2001-03-30,74.08716583251953,74.08716583251953,72.6967204588333,73.36337354472465,9183600
2001-04-02,72.50626373291016,74.5252650197693,72.25230520642093,73.83957021672062,10561000
2001-04-03,70.08729553222656,72.47454421762242,69.87777532217866,72.36661132539773,12836000
2001-04-04,70.37932586669922,71.17295832988697,69.39522451871531,70.20155296997687,14884300
2001-04-05,73.0459213256836,73.3252766109456,71.42690944078032,71.9348360677159,21522800
2001-04-06,71.934814453125,72.63320972235084,71.14752793353978,72.3728960721785,14937800
2001-04-09,72.73486328125,73.00787318064232,71.60473085621454,72.37931730769743,9034300
2001-04-10,74.06175994873047,74.7601553355171,73.12209726625538,73.29987010900687,17873600
2001-04-11,74.1125259399414,75.5474089751097,73.73792915186128,75.41407939275928,12722300
2001-04-12,75.45854949951172,75.51569353743965,73.62367221892993,73.8395426987348,9233200
2001-04-16,74.66490173339844,75.48393058410917,74.22682013897779,75.10298817176468,7350000
2001-04-17,75.71885681152344,75.97282006592468,74.29666452445498,74.48078776279722,10924700
2001-04-18,78.72833251953125,79.99814433436241,76.62679551604896,76.86170760166621,32481600
2001-04-19,79.77591705322266,79.89654586483846,78.4616622028518,78.88704793864571,13809900
2001-04-20,79.04578399658203,79.61720027137093,78.51246536941076,79.2997473235935,7626700
2001-04-23,77.6108627319336,78.65845798856296,77.40134755576415,78.50608199390913,8451800
2001-04-24,77.19184112548828,78.50609581512646,76.88708423858178,77.78864922792951,10044700
2001-04-25,78.20134735107422,78.51880025565173,76.79185567971861,77.09026218505296,8249000
2001-04-26,78.550537109375,79.50289569732776,78.4108570747772,78.55688752293298,10590400
2001-04-27,79.85844421386719,79.89653700868693,78.85529196941148,79.31242488303415,7938700
2001-04-30,80.41719818115234,80.80448639385123,79.15373172371982,80.28386365533405,10766900
2001-05-01,80.664794921875,80.72828454181773,79.1092725915669,79.40767913363999,10578000
2001-05-02,80.51879119873047,81.07116124811488,79.99816839184311,80.89338831560931,9572900
2001-05-03,79.49656677246094,80.09337986563182,78.86801129081245,80.08067903508272,9926200
2001-05-04,80.84889221191406,80.85524262543096,78.37276377440942,78.50609339458688,12145300
2001-05-07,80.1505126953125,80.87430497271153,80.14416712449032,80.54415606391171,7185200
2001-05-08,80.11243438720703,80.69654670903081,79.71879094739636,80.54417063463072,6952600
2001-05-09,79.77591705322266,80.34733325858977,79.40132010150262,79.52195375706539,9507400
2001-05-10,80.01084899902344,80.95051197524982,79.85212250495432,80.79813589724895,6872400
2001-05-11,79.45846557617188,80.309237063094,78.98228620377446,79.99813456276621,7734400
2001-05-14,79.6171875,79.642584313022,79.0203745038498,79.29973460314508,7914000
2001-05-15,79.98543548583984,80.31558437327081,79.26798882569965,79.71242579579338,9782200
2001-05-16,81.8710708618164,82.0297972534399,79.12193344029586,79.26160859601067,14909000
2001-05-17,81.99810028076172,82.58856785710495,81.62350809209762,81.90286826259154,11824600
2001-05-18,82.37266540527344,82.37266540527344,81.33142049030015,81.95997090557631,6683100
2001-05-21,83.58534240722656,83.70597605598797,81.9980779506678,82.43616449074098,11531500
2001-05-22,83.47742462158203,83.86471760625221,83.21712056662285,83.69964556068112,8342700
2001-05-23,82.06156921386719,83.2044015157395,82.06156921386719,83.2044015157395,12330800
2001-05-24,82.30287170410156,82.53778383488915,81.61717202969483,82.20128441428638,7902800
2001-05-25,81.33145141601562,82.34729506514701,81.20446732691342,82.31554783188453,7425000
2001-05-29,80.68383026123047,81.49016334018731,80.56954702342347,81.40762248602584,9003900
2001-05-30,79.5537109375,80.69018823196787,79.3632372305676,80.37273528304559,10041800
2001-05-31,79.9664077758789,80.48068492341918,79.52832593516838,79.63625879128922,9874200
2001-06-01,80.46160888671875,80.69652091718157,79.43941022826351,80.12510476587948,8848300
2001-06-04,80.84889221191406,80.90603624567368,80.04891449084928,80.50604738514129,5623500
2001-06-05,81.77584075927734,82.04884550888292,80.80443115156527,80.94411115439753,9115400
2001-06-06,81.09654998779297,81.7949456575541,80.86163301100436,81.7949456575541,12064900
2001-06-07,81.3885726928711,81.4901599417727,80.63303327199186,80.66478049826028,7355300
2001-06-08,80.63302612304688,81.18539584109627,80.08700681847748,81.0774581877214,8170600
2001-06-11,80.0616683959961,80.62673450915149,79.62358642531647,80.44896155363516,7012200
2001-06-12,79.92194366455078,80.4679630626417,78.75371926934505,79.2743418531123,9364400
2001-06-13,79.23623657226562,80.36636798994049,79.14099974454044,80.1060543170881,7629400
2001-06-14,77.45849609375,78.91878115440734,77.29976966732838,78.84259072590436,12603000
2001-06-15,77.58329010009766,77.93348334470018,76.66006043010613,76.98478463349002,16821100
2001-06-18,77.20763397216797,77.95895369873952,76.98478592990585,77.45595105607761,11368300
2001-06-19,77.54508972167969,78.24547135997686,76.97204843299184,77.92074715343325,7732300
2001-06-20,77.95259857177734,78.22638474421512,77.10577100845542,77.16307757640575,8787200
2001-06-21,78.83760833740234,79.14959557504761,77.77430142501352,77.8188710303914,12259100
2001-06-22,78.22000885009766,78.69117401226328,77.78068120685435,78.62750383214198,12212000
2001-06-25,77.50052642822266,78.59567101189693,77.36044911760524,78.4937948377303,8406800
2001-06-26,77.39228057861328,77.9271158779539,76.76830120499294,76.9784171544723,8005800
2001-06-27,77.34771728515625,77.83161454090704,76.98479191448146,77.42411955831513,10105100
2001-06-28,77.77432250976562,78.91403685080479,77.63424518125342,77.67881479871421,10269300
2001-06-29,78.06082916259766,78.95859471199765,77.84434958365549,78.18817437761356,9824200
2001-07-02,79.03498840332031,79.1559651300215,78.07355763736926,78.1881658895802,8522200
2001-07-03,79.01591491699219,79.01591491699219,78.34737059808158,78.93951262781634,3303100
2001-07-05,77.47504425048828,78.72936650036256,77.46231215973758,78.36007271819929,5517900
2001-07-06,75.80049896240234,77.35407157454038,75.80049896240234,77.23946332089946,11665900
2001-07-09,76.21438598632812,76.74922632237592,75.89603014702395,76.08067711674732,8339300
2001-07-10,75.29753112792969,76.81290330818034,75.26569359809531,76.59005517251481,8630700
2001-07-11,75.3739013671875,75.69862557402288,74.5525429956174,75.19562293448509,15328600
2001-07-12,77.16309356689453,77.34137206817559,75.96607244505061,76.08704922423054,12002800
2001-07-13,77.83161163330078,77.88254971865268,76.80014212240224,76.94021457053519,10433800
2001-07-16,76.857421875,77.85705844035432,76.59000428986053,77.53233431112965,6915300
2001-07-17,77.5769271850586,77.64696583899855,76.29714056173376,76.5327207088743,7469800
2001-07-18,77.04846954345703,77.44959608949073,76.44359062870596,76.7619464182411,7709300
2001-07-19,77.72337341308594,78.30278321577477,76.88928289394646,77.79341206742686,10082900
2001-07-20,77.25855255126953,77.64058324583507,76.99113495125131,77.13758069853105,6705800
2001-07-23,75.73684692382812,77.60241220582158,75.73684692382812,77.55147896697025,8065200
2001-07-24,75.0046157836914,75.8960079872993,74.3360667732623,75.76866763184765,12269000
2001-07-25,75.8323745727539,76.07432816622247,74.78816760710957,75.08105445281707,12088500
2001-07-26,76.62825012207031,76.94660596375546,75.48853562591052,75.80689146759568,12898200
2001-07-27,76.92115783691406,77.26498282238525,76.34812105218805,76.93389479437187,8478800
2001-07-30,76.94660949707031,77.26496535337405,76.5964209697711,77.16309400537378,8547700
2001-07-31,77.2649154663086,78.11174266316588,76.91472716511288,77.04206748232555,11918100
2001-08-01,77.74886322021484,78.12452077771056,77.39230623578167,77.65972397410654,11940800
2001-08-02,78.0672378540039,78.47473303652889,77.60880455923188,78.46200093732999,11070100
2001-08-03,77.64061737060547,77.9080350881597,76.97843669543009,77.9080350881597,10816300
2001-08-06,76.59639739990234,77.36681775216044,76.46905218193197,77.26494157778416,8550100
2001-08-07,76.89566802978516,77.16945424853638,76.34810045000735,76.57731218741047,8865100
2001-08-08,75.46942901611328,77.14398371837923,75.40575882441392,76.48180303771265,15183800
2001-08-09,75.69230651855469,75.74961311375179,75.04286253858639,75.57769818588662,14118500
2001-08-10,75.95333099365234,76.30351947583144,74.71174039940581,75.64134365483571,11173300
2001-08-13,75.9724349975586,76.30989139977031,75.64771069113483,76.15071348493652,7431600
2001-08-14,75.94059753417969,76.62824729268304,75.64134713453373,76.49453842703925,13178100
2001-08-15,75.28477478027344,76.1570713811548,75.18290345494957,75.91512273300228,8520600
2001-08-16,75.54582977294922,75.6094999592649,74.4952546967073,75.0046259026803,10734700
2001-08-17,74.3360366821289,75.049155014069,73.86487172841696,74.90907776514138,11604600
2001-08-20,75.02375030517578,75.06831993552733,74.20876000290467,74.36793794812091,10417400
2001-08-21,73.74392700195312,75.47578308892666,73.73119490913273,75.00461793099876,14480800
2001-08-22,74.50800323486328,74.76905737141338,73.71848206330856,74.3360932080979,11752300
2001-08-23,74.24055480957031,74.82632818332766,74.17051616078162,74.46977132238369,8744100
2001-08-24,75.78140258789062,75.85144124335257,74.32970110690373,74.62895629701869,11687700
2001-08-27,75.32935333251953,75.89602630920817,75.29752066483356,75.74958535085908,7425100
2001-08-28,74.22782897949219,75.44394543721299,74.22782897949219,75.3102366030797,12046600
2001-08-29,73.56565856933594,74.60986520077783,73.33007352944425,74.57802767780838,16180000
2001-08-30,72.1521987915039,73.69304056198612,71.33720826357039,73.1263673087284,17692600
2001-08-31,72.6806640625,73.0754223299581,72.03121520680077,72.20313013943196,15985400
2001-09-04,72.2158203125,73.9667770138355,72.18398765074615,72.48960646374503,24473400
2001-09-05,72.39408874511719,72.7060808481061,71.27984372572966,72.39408874511719,21477100
2001-09-06,70.52851104736328,72.13939477357906,70.52851104736328,71.72553144245992,21653000
2001-09-07,69.22328186035156,70.83416133642963,69.16597529370351,70.05100397706438,33133900
2001-09-10,70.07011413574219,70.26112470277786,68.5738379764804,68.5738379764804,23408700
2001-09-17,66.4090347290039,67.74612837730953,63.67117237383886,64.30788409757724,32388700
2001-09-18,66.24986267089844,67.04575239612439,65.81052998810159,66.42814119211299,22029200
2001-09-19,64.9127426147461,66.53635906124394,62.75429078118584,66.28167346171357,42771800
2001-09-20,62.84978103637695,64.82358538364355,62.754273355857734,63.925824845296745,36210900
2001-09-21,62.171695709228516,63.26455697646693,59.947628705148546,60.25439421387345,49782100
2001-09-24,64.35739135742188,64.65138175472654,63.3092673679069,63.731075861124,25549600
2001-09-25,65.02848052978516,65.18825566622198,63.84614549534274,64.38937998403789,25466200
2001-09-26,64.79841613769531,65.44390917564186,64.18488008343022,65.41195219196041,18587500
2001-09-27,65.36080169677734,65.37358643646958,63.91004580247886,64.70892137500985,20536800
2001-09-28,66.74767303466797,70.05821457628973,65.5078162210099,65.81458667653648,21687200
2001-10-01,66.63903045654297,66.67098744317657,65.71872872810425,66.40256630887993,20457400
2001-10-02,67.47625732421875,67.47625732421875,66.24279270052752,66.46647698441936,19833100
2001-10-03,68.60745239257812,68.94617494996596,66.69015048197446,66.84992564119142,32045800
2001-10-04,68.66497802734375,69.64280127915889,68.22399700164233,69.20821262546869,32674100
2001-10-05,68.53076934814453,68.78001822794684,67.43790287399429,68.54354921656586,29796100
2001-10-08,68.08338928222656,68.57549949748665,67.6615854022402,67.91722175328607,12970300
2001-10-09,67.7190933227539,68.22398333960835,67.48901673593542,68.13450965317341,15976300
2001-10-10,69.22740173339844,69.37439706976598,67.43791745842718,67.61686978668621,19987400
2001-10-11,70.30106353759766,70.49279566126219,69.63000598072222,69.63000598072222,23006300
2001-10-12,69.98151397705078,70.2307628148382,68.57549464204732,69.75782974774802,31360500
2001-10-15,69.85368347167969,69.94954464162625,69.0611953764908,69.42548245013664,16873000
2001-10-16,70.29470825195312,70.69095257446301,69.6300427154622,70.17328239379201,15877100
2001-10-17,68.79922485351562,71.03607839345187,68.79922485351562,70.98494914231014,28542300
2001-10-18,68.6521987915039,69.12513683925553,68.22400247546939,68.90784005700044,16510000
2001-10-19,68.60745239257812,68.96535206487077,67.75105987963158,68.38376814486455,21912500
2001-10-22,69.96236419677734,70.02627330052785,68.51799504744598,68.57551665398788,17540600
2001-10-23,69.60445404052734,70.4800188092686,69.26572660067345,70.27550679657529,22062500
2001-10-24,69.41912078857422,69.94957067148657,69.1634795297042,69.6491974339621,16065200
2001-10-25,70.6653823852539,70.68455463103446,68.21762490424913,68.67138593288183,27467900
2001-10-26,70.50557708740234,71.44505573743467,70.09016072757132,70.2691081131107,18623300
2001-10-29,68.67135620117188,70.65257192389426,68.67135620117188,70.40332308475573,18727500
2001-10-30,67.8469467163086,68.83115770748641,67.46348231605995,68.60747339130964,26178600
2001-10-31,67.61685943603516,68.93340538443053,67.61685943603516,68.31986926646128,28124200
2001-11-01,69.34881591796875,69.66836625689007,67.55293969758416,68.12813128283277,29806800
2001-11-02,69.82172393798828,69.90480524087931,68.93976707516602,69.30405413545668,17575900
2001-11-05,70.73564910888672,70.9976777990402,70.26910356170579,70.37775436098917,15929500
2001-11-06,71.83489990234375,71.8860291145128,70.20519161509326,70.52474187722471,23245800
2001-11-07,71.73905944824219,72.29507885810573,71.34920759924908,71.43228894170842,19716000
2001-11-08,71.96271514892578,72.9085860320319,71.51534675039913,72.13527501403594,22563500
2001-11-09,72.03942108154297,72.19280386170203,71.22137308609376,71.73904301659975,15895800
2001-11-12,71.59845733642578,71.99470156282332,70.30108357425323,70.94018433401916,26068800
2001-11-13,73.20899963378906,73.20899963378906,72.33342976996727,72.49959734560217,15296200
2001-11-14,73.279296875,73.75223008112332,72.67214821588779,73.60523475811031,17571300
2001-11-15,73.41349029541016,73.61160992817129,72.81273414968183,73.09393998401437,19470200
2001-11-16,73.0875473022461,73.56048039583793,72.4740112920849,73.54770052885469,18134900
2001-11-19,73.98867797851562,74.03980719927432,73.14506533980058,73.44544341681934,13625400
2001-11-20,73.36873626708984,74.00783674023191,73.26647785093127,73.73302334174284,16209700
2001-11-21,72.88302612304688,73.28565770766359,72.54430361720185,73.17701178615671,11470200
2001-11-23,73.93115997314453,73.97589682154069,72.85747073568587,72.88303534561949,6717100
2001-11-26,74.09092712402344,74.35295581462164,73.54130025970497,73.97588882972538,13726000
2001-11-27,73.77136993408203,74.71084843680521,72.91497273991779,73.89280058777953,19261400
2001-11-28,72.4356689453125,73.60522436340526,72.37815222439872,73.33041087515315,20195500
2001-11-29,73.41349029541016,73.44544240097926,72.21837037544763,72.64017912694645,16354700
2001-11-30,72.88945007324219,73.43907716551618,72.870272952947,73.1131343838299,13680300
2001-12-03,72.45484924316406,72.90861016211933,72.22477259750343,72.63379666179978,15220400
2001-12-04,73.6819076538086,73.68830002497887,72.44205094810354,72.80633808960083,17239900
2001-12-05,75.03043365478516,75.41389315325536,73.85448566673084,73.88644265658338,25204000
2001-12-06,74.99207305908203,75.3755373760671,74.730044310157,74.99207305908203,17972900
2001-12-07,74.49358367919922,74.83230630482022,73.94395663069845,74.7108804750016,18857800
2001-12-10,73.10030364990234,74.38489684822059,73.0811314176206,74.03978203930154,13862700
2001-12-11,72.95333862304688,73.9567264271953,72.79356346394076,73.43266410036526,20833300
2001-12-12,73.03642272949219,73.3559730598634,72.28867612665182,73.20898263842525,16171500
2001-12-13,71.6176528930664,72.66577809020707,71.60487301912961,72.50600284825327,19026700
2001-12-14,72.30143737792969,72.53151394663183,71.57925557258395,71.79015990655256,16721900
2001-12-17,73.04923248291016,73.08757697537825,72.15449027635005,72.2120070150522,13925900
2001-12-18,73.4837875366211,73.59243346603208,73.07475867563468,73.26009843072134,13663700
2001-12-19,74.00147247314453,74.08455381086222,72.85748160666259,72.91499833063217,20143400
2001-12-20,73.27288055419922,74.00784717715082,73.20897147306219,73.81611505778942,14867900
2001-12-21,73.71730041503906,73.79425803796445,73.23632628037969,73.76860549698932,14037700
2001-12-24,73.57624053955078,73.77504167500275,73.49928289386453,73.64036946459433,5728800
2001-12-26,73.98019409179688,74.52529682897185,73.5248727516757,73.5248727516757,10304800
2001-12-27,74.42914581298828,74.44197453040339,73.90969529028511,73.94176219110078,9407300
2001-12-28,74.39067077636719,74.87164494086956,74.33936569123361,74.57664804043478,10593800
2001-12-31,73.30049133300781,74.64080414456738,73.25560059034132,74.48689372581427,14619500
2002-01-02,74.08927154541016,74.23035810607163,72.98623649957281,73.81992714381444,18651900
2002-01-03,74.92938995361328,74.99993325116982,74.09570399851897,74.1662472960755,15743000
2002-01-04,75.42961883544922,75.66048695469127,74.74342884012563,75.1410312400342,20140700
2002-01-07,74.89730072021484,75.66685745958709,74.74979981726192,75.48088018748228,13106500
2002-01-08,74.72413635253906,75.07043830246074,74.37142493717711,74.89728977386075,12683700
2002-01-09,74.11492919921875,75.53219947791172,73.96742826852973,74.82677151871803,16610300
2002-01-10,74.44198608398438,74.61513465418447,73.94177366704754,74.19187987551597,12823400
2002-01-11,73.71089935302734,74.5702375564177,73.55698408962887,74.52534682777376,13708400
2002-01-14,73.24919128417969,73.64679363445784,73.08245213160131,73.52495012036825,12301100
2002-01-15,73.84559631347656,73.99950673578809,73.04397239538133,73.46081781133567,20219900
2002-01-16,72.35137939453125,73.36463335865031,72.26801225548027,73.3005044137861,17067000
2002-01-17,72.89642333984375,73.26196340957905,72.72327484058846,72.95414276807611,17283400
2002-01-18,72.56298828125,73.01189565789366,72.25516258532046,72.46679244547681,17028000
2002-01-22,72.06275177001953,73.06317638583361,71.83829326384222,72.9477423999534,11689300
2002-01-23,72.61427307128906,72.81948851360823,71.83829713440002,72.22948983580878,12438900
2002-01-24,72.83870697021484,73.26837592171722,72.67196793951214,72.87718332625363,12142800
2002-01-25,72.8194808959961,73.22349737971992,72.49241713714068,72.543722215534,12810700
2002-01-28,73.0182876586914,73.22991745404252,72.41546517231744,73.0439401998905,10589200
2002-01-29,70.72245025634766,73.19145033421272,70.57495423186359,73.01188740385496,27720800
2002-01-30,71.74212646484375,72.71689886777318,69.5168179791295,70.7930017183105,34711800
2002-01-31,72.58221435546875,72.65917198978732,71.58178957294044,71.92167722891621,19909200
2002-02-01,72.2423324584961,72.65917778202045,71.93450678940523,72.52450068804612,15838500
2002-02-04,70.44668579101562,71.97298036078818,70.18375577651015,71.97298036078818,24243400
2002-02-05,70.0106201171875,70.85713471587904,69.6001890931385,70.15812105991937,33614000
2002-02-06,69.70919799804688,70.37614953230648,69.29876703738296,70.31843497192703,29486000
2002-02-07,69.27310943603516,70.45310203138453,69.26028561001644,69.72202163025217,23445400
2002-02-08,70.60057830810547,71.02383783922012,69.45265783056516,69.66428270340123,19277800
2002-02-11,71.46636199951172,71.59461984219607,70.42745585996539,70.57495678250316,18792400
2002-02-12,71.24188995361328,71.63949701904684,70.56211470912821,71.1585228609175,13942500
2002-02-13,71.99861907958984,72.1717725074338,71.40862531722783,71.49199729830896,16781100
2002-02-14,71.86395263671875,72.44753697990842,71.56254137311285,72.15254007521733,20453800
2002-02-15,71.11360931396484,71.97936154222266,70.9981753573491,71.92164701027508,18366800
2002-02-19,69.7476577758789,70.72884414182107,69.651461978827,70.63906270263169,15988100
2002-02-20,70.92125701904297,70.92125701904297,69.14486086776206,69.93366082345466,29242800
2002-02-21,69.45268249511719,70.94690542164868,69.4270299484196,70.49799808624832,26288600
2002-02-22,70.31200408935547,70.50439569752257,69.17690730079073,69.48472800259188,26572900
2002-02-25,71.47271728515625,71.7035851411517,70.35044488790253,70.37609741553752,17458700
2002-02-26,71.32527923583984,71.85114424721114,70.90843388582914,71.56897110700882,22346500
2002-02-27,71.60100555419922,72.3769764452325,70.9597068119184,71.79980659863553,28597900
2002-02-28,71.28038787841797,72.30646534377613,71.20343023374487,71.7164714127856,23755400
2002-03-01,72.94134521484375,73.01188849464148,71.51125121761267,71.64592341739296,26273600
2002-03-04,74.23033905029297,74.38424939844812,72.88361249531148,73.0439372016836,27184600
2002-03-05,73.9930419921875,74.64716940387954,73.73011207029931,73.96097999292935,22718900
2002-03-06,74.87165832519531,75.12817890399756,73.79427580840435,73.81351399558798,20143200
2002-03-07,74.7113265991211,75.35262553988608,74.11491838850075,75.26284407959679,19330800
2002-03-08,75.02556610107422,75.60915051983204,74.69850714490295,75.27567231119245,19930100
2002-03-11,75.18586730957031,75.60912685125716,74.66641686542863,74.96141371597338,15621800
2002-03-12,75.14098358154297,75.19228866277295,74.35218875169994,74.45479402143806,17153600
2002-03-13,74.41633605957031,74.8716577594604,74.15981548270636,74.7947001185843,17175300
2002-03-14,74.313720703125,74.66643708337148,74.15339596532618,74.41633088382314,11168100
2002-03-15,75.02178192138672,75.21471969129287,74.5394301365172,74.58444944016891,21220100
2002-03-18,75.03465270996094,75.60704318019687,74.66806549973414,75.31120130060478,17548900
2002-03-19,75.53634643554688,75.72285652657355,75.13117238681025,75.43987992875714,17912000
2002-03-20,74.11500549316406,74.97681045009928,74.0828516310348,74.92535838260541,17114500
2002-03-21,74.14714813232422,74.53946147482895,73.3946802091875,74.1535808660464,25846800
2002-03-22,73.9863510131836,74.56517427705833,73.7676822660588,74.28219292433351,15235400
2002-03-25,73.06668853759766,74.19217664827323,72.86731792814868,74.01852716342387,17499600
2002-03-26,73.49114227294922,73.97349423167798,72.97663646101459,73.00879031422046,19947600
2002-03-27,73.68409729003906,73.96707872310874,73.16315865801415,73.33680323310956,19020300
2002-03-28,73.65192413330078,74.45584404131101,73.63906357373722,73.9413382442271,17532900
2002-04-01,73.68409729003906,74.02495861256098,72.99594191058766,73.46543338756791,17711000
2002-04-02,73.27891540527344,73.92847921465005,73.16957855914376,73.30464143337818,15669500
2002-04-03,72.7643814086914,73.45253649373107,72.13411109507794,73.32391130104082,25658500
2002-04-04,72.462158203125,72.93164981223656,72.17918159715454,72.41713886307924,23549000
2002-04-05,72.47501373291016,73.07955837248309,72.14701292515142,72.79658180533342,19404900
2002-04-08,72.62932586669922,72.69363846515391,71.53599697275945,71.59387683934764,16470100
2002-04-09,72.12127685546875,72.79013894185121,71.98621887265192,72.79013894185121,15122700
2002-04-10,72.93804168701172,73.02164758404746,72.08909762447665,72.09553035709088,17199300
2002-04-11,71.12442016601562,72.70653931713419,71.06654027125572,72.60363518413108,25453700
2002-04-12,71.65821075439453,71.80613419090703,70.7706848555342,71.4009553773118,14950600
2002-04-15,71.111572265625,71.94121858542633,70.87361009573563,71.78686726517539,17394900
2002-04-16,72.80296325683594,72.88014131147958,71.8189663671268,71.83825965410364,15040900
2002-04-17,72.64862823486328,73.10525411971634,72.41709892610154,72.92517685884329,12920100
2002-04-18,72.33353424072266,72.97023774921372,71.4845945938212,72.61008302226769,25204800
2002-04-19,72.59712982177734,72.82865898266967,72.39132666839907,72.8029329751556,10499200
2002-04-22,71.38809204101562,72.30777666628201,71.28518793148803,72.27561790537014,13922900
2002-04-23,71.07939147949219,71.69680638277238,70.85429485159757,71.44597881827441,16967000
2002-04-24,70.36551666259766,71.909039236957,70.35908392829522,71.10511918500376,18902700
2002-04-25,70.40408325195312,70.57772777487472,69.92173135782545,70.23686655476911,25451500
2002-04-26,69.06636810302734,70.75138602978802,69.00205549046898,70.60989533811696,19769800
2002-04-29,68.72551727294922,69.62590870565923,68.57759382554616,69.41367263593514,17724400
2002-04-30,69.36865997314453,69.87030534487022,68.58403314793705,68.82842309892831,19473500
2002-05-01,70.21755981445312,70.26257911967912,68.68689853003299,69.4393661631259,24575600
2002-05-02,69.94744110107422,70.6870481479443,69.31716594714304,70.16610488695201,15666800
2002-05-03,69.18854522705078,69.94744560902699,68.9441505015119,69.8445415336977,18185500
2002-05-06,67.83154296875,69.45224324936885,67.72863887132026,69.2271466696631,23630400
2002-05-07,67.59359741210938,68.37822417282996,67.46497216568312,68.2367334577179,21910000
2002-05-08,70.10829162597656,70.33338835665695,68.68052821031702,68.84774502742562,27917400
2002-05-09,69.29790496826172,70.1661375990454,69.18857302435127,69.87672835769695,18085600
2002-05-10,67.99235534667969,69.49086377106723,67.91517724136403,69.4394117008568,18958900
2002-05-13,69.37503814697266,69.42648526526696,68.03731493661736,68.31386343773183,14677700
2002-05-14,70.8864517211914,70.98292310392192,70.10182500486614,70.5005710970077,34201200
2002-05-15,70.60987091064453,71.33018467962401,70.28830305236129,70.42336096403191,29535300
2002-05-16,70.97650146484375,71.05367956444016,70.31407205687677,70.55202927717221,28092000
2002-05-17,71.32376861572266,71.54886518777495,70.80925795954263,71.16941738156355,27823700
2002-05-20,70.55200958251953,71.18871768628924,70.41695162598171,71.1565589270831,13833800
2002-05-21,69.90886688232422,71.05365284891577,69.66447701893264,70.81569081135275,16877200
2002-05-22,70.06324005126953,70.17900473190295,69.45869061832411,69.60018132873589,15844200
2002-05-23,70.80926513671875,70.97648185293681,69.76738806711931,70.26903330903575,13879800
2002-05-24,69.90243530273438,70.87356687832235,69.85098325844525,70.73208111663277,11877000
2002-05-28,69.52298736572266,70.18541653436792,69.1049480640644,70.1339693932962,24236900
2002-05-29,69.00849914550781,69.47155297325676,68.89916228944261,69.21430248230911,14773300
2002-05-30,68.81553649902344,69.14353715902669,68.10808803972671,68.52612732690933,18217900
2002-05-31,68.9570541381836,69.81885416583599,68.7190920123036,69.07281883364696,19826300
2002-06-03,67.12413787841797,69.20146539452875,66.96978163245869,68.87346450529104,26056300
2002-06-04,67.29130554199219,67.65789279832518,66.59672251881315,66.98260306652092,25856200
2002-06-05,67.92157745361328,67.96016403442476,67.111224909412,67.49710543773833,19695900
2002-06-06,66.5388412475586,67.91515171457715,66.33947068385349,67.87656512979233,22998500
2002-06-07,66.4616470336914,66.83466695183047,65.41977024357833,65.45835681899393,24011600
2002-06-10,66.71894073486328,67.18199953342045,66.25588193630611,66.39737266994739,18759900
2002-06-11,65.57415008544922,67.23344224717383,65.42623154394194,66.96975411539512,19990700
2002-06-12,65.9728775024414,66.12079600203364,64.81523099515027,65.41334753946116,31266000
2002-06-13,65.3104476928711,66.24299271499903,65.175384846106,65.68346275767999,21043900
2002-06-14,65.21397399902344,65.31687318009249,63.34887911480365,64.51295339437162,39267500
2002-06-17,66.9632797241211,67.10476543295427,65.50335917992248,65.54837847517284,17647200
2002-06-18,67.50999450683594,67.54858110113892,66.64818961573799,66.7189349764527,21628500
2002-06-19,65.93431854248047,67.16271099271901,65.75424119844834,66.56459415333252,21540700
2002-06-20,65.09178161621094,66.27515418310055,64.93099764672912,65.76707625072952,25691000
2002-06-21,64.07400512695312,65.13889440504094,63.686774005078696,64.84201704747352,31190700
2002-06-24,64.40963745117188,64.98403160213488,62.76389830246741,63.641625191921385,37169700
2002-06-25,62.963932037353516,65.11307117451743,62.95102646840603,64.73229534168777,33355000
2002-06-26,63.06722640991211,63.34474305199241,61.43439788107954,61.44084820667925,37913600
2002-06-27,64.17083740234375,64.20955905139574,62.32502996420457,63.570627222474535,31616400
2002-06-28,63.867496490478516,64.86139305452173,63.81586434909424,64.04820406141145,28184200
2002-07-01,62.621883392333984,64.40960767068702,62.53152962995268,64.00946606306216,20270200
2002-07-02,61.29238510131836,62.73159490599111,61.163304787145805,62.51216575776354,34213900
2002-07-03,61.64090347290039,61.85387740522359,60.48566034461478,61.06650953256721,30565800
2002-07-05,64.09337615966797,64.23536207589751,62.383104688480124,62.46054797085141,19013500
2002-07-08,63.293067932128906,64.34504638844383,62.96391936524388,63.880372141200034,19118600
2002-07-09,61.69895935058594,63.46731729531093,61.31818361157416,63.07363599053142,28620400
2002-07-10,59.45304489135742,62.002321257866015,59.40141275597669,61.957144370385734,50522500
2002-07-11,59.937103271484375,60.24688632995897,58.29136415513194,59.22072317838159,59476500
2002-07-12,59.278778076171875,60.595367771933326,59.06579924511252,60.23395273055551,39018600
2002-07-15,59.59501647949219,59.633743036876176,56.72304710563851,59.14324767593453,77317200
2002-07-16,58.44622039794922,59.62082404366014,58.000906904757194,58.80764031318255,53282400
2002-07-17,58.56241226196289,60.21460625293931,57.92348054054522,59.672478637863854,48880600
2002-07-18,56.66496658325195,58.794740203224,56.63269527165249,58.536584482160805,32656700
2002-07-19,54.67072296142578,56.50362429282548,54.4061168964737,55.99376805791986,77572600
2002-07-22,53.05079650878906,55.44518602862734,52.566756376687295,54.2770324948957,78134000
2002-07-23,51.59867477416992,53.721998022786366,51.469599378521615,53.27668446106221,74484100
2002-07-24,54.67719268798828,54.9353484976063,50.133667180013695,50.42408938838864,107022800
2002-07-25,54.21249771118164,55.40646244980044,52.66356822036566,54.386750001589554,87176600
2002-07-26,55.24510955810547,55.4580883856285,54.08341626271819,54.631994062532506,41206800
2002-07-29,57.9363899230957,58.304260323121305,56.3422881389262,56.4713635718112,53492900
2002-07-30,58.69151306152344,58.98839058021507,57.258752701466854,57.645984033503176,47532200
2002-07-31,58.8334846496582,59.08518520014638,57.60079304565149,58.401071592744366,44669900
2002-08-01,57.29746627807617,58.956110937611754,57.00704405097926,58.65277821104979,66571900
2002-08-02,56.01312255859375,57.38134438618,55.25802116282065,57.116733427164604,51772900
2002-08-05,54.06405258178711,56.10347732803439,53.92207161527422,55.819505547187106,47191300
2002-08-06,55.884056091308594,56.729516381199,54.92888612075048,55.00633433076001,64730000
2002-08-07,56.85858154296875,57.116737272485345,55.354828973152244,56.710145322136626,43289400
2002-08-08,58.69791793823242,58.79472692726032,56.664953788195184,57.06509038777624,48339800
2002-08-09,58.91736602783203,59.336868464405484,57.66531396529581,58.14935410197805,41879200
2002-08-12,58.48495101928711,58.90444848172962,57.7943873705809,58.07835420184671,25841700
2002-08-13,57.42007827758789,59.15617076531629,57.21355464857241,58.1816350828159,49690500
2002-08-14,59.517581939697266,59.782188013749,56.8069539491559,57.45234086253554,57423600
2002-08-15,60.34370422363281,60.659942578301475,59.50469887983502,59.91774630092861,45551500
2002-08-16,60.162960052490234,60.71799311071988,59.37558734551745,59.90480434011889,36517300
2002-08-19,61.569923400878906,61.795807875694294,60.0855312682425,60.317870992027544,33669900
2002-08-20,60.918087005615234,61.56992934493717,60.42114111304544,61.195603651155245,30508300
2002-08-21,61.79579544067383,61.815156259774604,60.388851807052426,61.35047690571084,39628900
2002-08-22,62.396034240722656,62.699367010350336,61.356960462340574,61.62802190263672,38399800
2002-08-23,61.05360794067383,62.05395973935549,60.76318576630145,61.96360595515466,33716400
2002-08-26,61.47955322265625,61.72479845509456,60.34367097848384,61.253668808053746,33830100
2002-08-27,60.76963424682617,62.11849053496508,60.34367651968037,61.76352576234358,35335700
2002-08-28,59.440128326416016,60.33721566043545,59.246515224374306,60.20168501183297,38970600
2002-08-29,59.46593475341797,60.05323905941786,58.607569194145896,58.904446508288316,42965700
2002-08-30,59.23360824584961,60.27268153738963,58.988362999141934,59.16907054133825,30366700
2002-09-03,56.9747428894043,58.730195679971956,56.890844382469176,58.5559434197497,76586400
2002-09-04,57.787925720214844,58.246149686435636,56.83275123750701,57.18771589214061,51099500
2002-09-05,57.29746627807617,57.716968880259465,56.471371573174636,57.110303427135534,67250900
2002-09-06,58.0848274230957,58.452697799818836,57.65886965851532,57.923480680253775,38622200
2002-09-09,58.51075744628906,58.956070897138716,57.31033785478055,57.50395090004707,33998400
2002-09-10,59.181983947753906,59.233616087763046,58.44624318631524,58.82056881551369,41416600
2002-09-11,58.814109802246094,60.23396401813895,58.794748981959955,59.678930858348984,27711200
2002-09-12,57.7298583984375,58.62694582913635,57.43298100418355,58.56886336943756,43601700
2002-09-13,57.871829986572266,58.020271108916475,56.95538196279047,57.23935371480014,41131000
2002-09-16,58.01382064819336,58.01382064819336,57.090917301941,57.63949511219491,28167600
2002-09-17,56.684329986572266,58.85283026417228,56.63269785522201,58.65921223356437,47609700
2002-09-18,56.116397857666016,57.11674968039022,55.683989748039245,56.155124426048516,54719400
2002-09-19,54.66429138183594,56.01960837926582,54.66429138183594,55.49684142280362,48510500
2002-09-20,54.68241882324219,55.23345585230943,54.48793778438648,55.05193823765049,46325600
2002-09-23,54.23509979248047,54.49440780040061,53.606267486709385,54.2286156084875,46893800
2002-09-24,53.35994338989258,54.22864145765363,53.0617350818509,53.44422298402507,69507000
2002-09-25,54.68241882324219,54.95469524523061,53.184893556321825,54.04710717193587,59294400
2002-09-26,55.57707595825195,55.732661855630305,54.74727296493226,55.1167925624474,53638000
2002-09-27,53.64517593383789,55.51222075980256,53.64517593383788,55.103806095180914,64648300
2002-09-30,53.022823333740234,53.6775875376355,52.445854512659,53.158961544176755,73096400
2002-10-01,55.570579528808594,55.602990571213525,52.81538867913329,53.4377370775417,67198100
2002-10-02,53.90449142456055,55.447396285451234,53.54793539037053,54.902843374307935,56749100
2002-10-03,53.35994338989258,54.84450568900278,53.12656211473203,53.8980171601786,55547000
2002-10-04,52.38103103637695,53.755381603656424,51.59012856864892,53.67759116157456,68483700
2002-10-07,51.29837417602539,52.64031304339676,50.922375684816004,51.90127453359698,53188000
2002-10-08,52.10226058959961,52.711640370296315,50.695489360008565,51.73922045971316,79531000
2002-10-09,50.63067626953125,51.66792347001374,50.42322682943475,51.27247220201967,79956400
2002-10-10,52.27082443237305,52.556069268637586,49.962948781824856,50.52695426826116,76749000
2002-10-11,54.55925750732422,54.92877697947001,53.042279448104495,53.22379709112561,82308300
2002-10-14,54.863948822021484,55.00657125029943,53.83318572926114,53.93690798419999,40631900
2002-10-15,57.502437591552734,57.51540596210883,56.30312050629184,56.39387931624775,82320300
2002-10-16,56.10862731933594,56.91897719427734,55.70020781693627,56.66614842897427,62977800
2002-10-17,57.223697662353516,57.8914304998156,56.951421134059835,57.61266978389989,68534100
2002-10-18,57.46355056762695,57.768243021357655,56.354992134213134,56.82175462112104,47448700
2002-10-21,58.45541763305664,58.66935126115578,56.7698902987287,57.126446345560595,45859100
2002-10-22,58.03403854370117,58.35169938757153,57.38575837480109,57.72935101894568,40966800
2002-10-23,58.4748649597168,58.52024437036596,56.841201230362095,57.54782418846833,54905800
2002-10-24,57.28200912475586,58.928640571282585,57.11345497539945,58.831397602577624,54987400
2002-10-25,58.4748649597168,58.5980397654723,57.00975544676677,57.18478890327503,43672100
2002-10-28,58.092384338378906,59.18149518261643,57.59969004203728,59.090736357762054,39416100
2002-10-29,57.41818618774414,58.014602878936394,56.40038631077986,57.748810526855884,59508200
2002-10-30,57.9757080078125,58.319295778897796,57.19777361841131,57.4894977779402,41688600
2002-10-31,57.38576889038086,58.539711957103314,57.171840154391475,58.12481296865846,41620600
2002-11-01,58.520267486572266,58.87682367250595,57.081089203498365,57.27557034910938,51878900
2002-11-04,59.07777404785156,60.25116459700359,58.92867236856874,59.51212554964081,49080600
2002-11-05,59.54452896118164,59.68715138116288,58.88976464489724,58.88976464489724,37270800
2002-11-06,60.31597137451172,60.335418983019196,58.857341384644606,59.95293615974851,65013100
2002-11-07,58.83790969848633,59.78439815452597,58.48783781266589,59.654739152748846,51572000
2002-11-08,58.11829376220703,59.36298997756015,58.03401421015775,58.688778291081434,37905400
2002-11-11,57.217201232910156,58.05996236913143,56.91899298969483,58.02755133272937,33505100
2002-11-12,57.670989990234375,58.29982240104146,57.28850715247652,57.47650895180945,37724500
2002-11-13,57.729347229003906,58.176657152909065,56.69209507007144,57.25610056054211,63891500
2002-11-14,58.818458557128906,58.99349201654905,58.18314185148657,58.390591295903164,31896800
2002-11-15,59.25284194946289,59.35008501901103,58.312832205148176,58.34524821032688,39152100
2002-11-18,58.656436920166016,59.73906444690369,58.57215726803202,59.73906444690369,28934800
2002-11-19,58.57857894897461,59.05830474569987,58.1896119530897,58.35816118551682,32806600
2002-11-20,59.88164520263672,59.91405624577512,58.31280332436934,58.33225588543502,36688400
2002-11-21,60.99667739868164,61.06150937095779,59.920534913491394,60.030741352784744,55128200
2002-11-22,60.56232833862305,61.113365457934,60.46508533027762,60.601228509552136,32513800
2002-11-25,60.601253509521484,61.10691142633607,60.14097007653704,60.56883751137208,33846400
2002-11-26,59.447296142578125,60.58178656473409,59.39543748222872,60.3354418536208,42284700
2002-11-27,61.119842529296875,61.35970792916223,59.92052542193868,59.978868252563494,37764000
2002-11-29,60.92536163330078,61.55418913086971,60.78921846953449,61.45695107958564,19385700
2002-12-02,61.022605895996094,62.267307484955985,60.43267355889235,61.89130382843701,49911900
2002-12-03,60.205780029296875,60.5493677215382,59.86867157752363,60.452124708681104,34407700
2002-12-04,59.93352127075195,60.38083633147655,59.27227743601672,59.49269039893281,64040800
2002-12-05,59.2722282409668,60.16037343636351,59.0582946985308,60.11499404366341,36724900
2002-12-06,59.66121292114258,59.75197173354544,58.332241770395406,58.42300058279826,49824100
2002-12-09,58.02106475830078,59.291693068986795,58.00810133347056,59.038864243931044,36789600
2002-12-10,58.79902267456055,59.05833579012144,58.189642540876676,58.35819186190291,33319900
2002-12-11,58.85087966918945,59.39543764523136,58.44894908395345,58.617498386026604,39201000
2002-12-12,58.844356536865234,59.31111879427322,58.47483724074766,59.123117054707095,34465600
2002-12-13,57.917354583740234,58.65639861168208,57.871975164531904,58.28687907070403,36862200
2002-12-16,59.414878845214844,59.505637673756894,58.124802685808376,58.22852494157706,37098400
2002-12-17,58.89625549316406,59.473224478545234,58.82494427510702,59.23336396870378,32353900
2002-12-18,58.21556854248047,58.604535704045574,57.91087603302563,58.55267209690735,35612600
2002-12-19,57.80064392089844,58.798990712243004,57.43760377806226,57.92381375069707,39264200
2002-12-20,58.62542724609375,58.644970431946504,58.045622871102104,58.11076848070842,31176900
2002-12-23,58.64493942260742,58.93810196625915,58.182399377598294,58.3648089761609,22599300
2002-12-24,58.20846176147461,58.5407106742,58.14331618277861,58.364812144402826,10937000
2002-12-26,58.23452377319336,59.02931279406216,57.8762156177888,58.436476567899945,17485600
2002-12-27,56.92509078979492,58.169393093434145,56.92509078979492,57.954408145115764,22205700
2002-12-30,57.4006462097168,57.63517427153642,56.82084210418746,57.192177373687024,29968000
2002-12-31,57.478843688964844,57.6091348925113,56.74920002634856,57.32248828036011,34036600
2003-01-02,59.32901382446289,59.47885320503732,57.6808054896021,57.8827583775014,44516300
2003-01-03,59.51140594482422,59.530949125584,58.95766095203988,59.224764343197215,32222600
2003-01-06,60.560306549072266,60.90558289224097,59.39418127761061,59.439783719721696,40984500
2003-01-07,60.410423278808594,60.82736097564036,60.065142244295025,60.52117126727873,38640400
2003-01-08,59.537452697753906,60.19543447707388,59.31595673517854,60.065138348833294,38702200
2003-01-09,60.462528228759766,60.70357231989673,59.550480252109004,59.817578596617096,34804900
2003-01-10,60.62541580200195,61.00326722147435,59.804572336612104,59.90228824657011,37768900
2003-01-13,60.60585403442383,61.146571765061914,60.22149165235099,60.93810293726383,31649900
2003-01-14,60.80128860473633,61.12702142061476,60.201941416389225,60.38435099803501,30733000
2003-01-15,60.19542694091797,60.95764055711613,59.87621016469872,60.93809738289902,33511800
2003-01-16,59.9478759765625,60.540712193303015,59.57654069881257,60.26058172269944,44812100
2003-01-17,59.0618896484375,60.13029312364498,58.729640710937176,59.27686957713589,35618300
2003-01-21,58.14331817626953,59.23126478568997,57.947876463191584,59.1986944803698,36826200
2003-01-22,57.43975830078125,58.501651103800725,57.32901026926736,57.83063692219526,42286500
2003-01-23,57.791542053222656,58.22802303344806,57.296426554746795,57.81760128685724,55919800
2003-01-24,56.27360153198242,57.77197452772642,56.136794340764,57.71334003418224,68633900
2003-01-27,55.5048942565918,56.54724370220839,55.048870101852415,55.850175368369335,57884400
2003-01-28,55.91532516479492,56.28666056733477,55.459296005522084,55.785028989163735,46929100
2003-01-29,56.338775634765625,56.79479979620404,55.22476452414068,55.64821837135669,53712200
2003-01-30,55.00326156616211,56.599350900443476,54.98371838603221,56.54072136005377,49845900
2003-01-31,56.06513214111328,56.16285298248379,54.82083533654678,54.82083533654678,55317000
2003-02-03,56.175899505615234,56.55374590150871,55.97394172284021,56.117264997619344,39696000
2003-02-04,55.62215042114258,55.863194566008694,54.91857110665275,55.57654801214518,43633400
2003-02-05,55.27688217163086,56.37786116400967,55.0358429628548,55.86320249213705,55270600
2003-02-06,55.01628875732422,55.30293532032137,54.49511906221753,54.96417526701652,53638000
2003-02-07,54.34526443481445,55.36806532729353,54.05210687447079,55.315951851653445,43165000
2003-02-10,54.729644775390625,54.807817492584505,53.84365086506842,54.371336587286144,45455900
2003-02-11,54.35179901123047,55.296422556831345,53.96092047409529,54.96417853392609,46861000
2003-02-12,53.485374450683594,54.475605865911184,53.478858396949896,54.17593200796651,35873600
2003-02-13,53.64824295043945,53.85020086117722,52.76876453557183,53.51795169278976,57934100
2003-02-14,54.82085037231445,54.85342068151207,53.30293380153238,53.66124199473496,59580900
2003-02-18,55.78499221801758,55.895745136873096,54.97717634274636,55.068381120424355,39492700
2003-02-19,55.491844177246094,55.68076981187918,54.90552409912417,55.58304897047745,31432000
2003-02-20,54.93811798095703,55.64821339314276,54.75570833269978,55.511406156949825,29280100
2003-02-21,55.491844177246094,55.85666335017153,54.371322465788296,54.970669669962504,60955800
2003-02-24,54.59284591674805,55.374603030235164,54.45603370011182,55.329000614786594,30628600
2003-02-25,55.02931213378906,55.042339261728294,53.56351421131101,54.03908142057528,56770600
2003-02-26,54.2280158996582,55.06840744162193,54.12378394832944,54.73615846682465,37787200
2003-02-27,54.94465637207031,55.21175989713615,54.175931035248915,54.52771840586874,51126000
2003-02-28,55.309478759765625,55.52446378847424,54.827395186234035,55.029348108194746,43666800
2003-03-03,54.781761169433594,55.882740051022154,54.540721984913034,55.54397999453568,42923100
2003-03-04,53.90880584716797,54.729654312776006,53.843660248057304,54.690562977077114,31440500
2003-03-05,54.36481475830078,54.423449260252944,53.654719477729316,53.817585914956446,43974700
2003-03-06,53.90880584716797,54.410432427639726,53.72639618154187,53.98698354827513,41217700
2003-03-07,54.280094146728516,54.71657474948525,53.04882500146771,53.16608896626809,63538000
2003-03-10,52.977203369140625,53.98046138680817,52.83388008514668,53.81107887206169,41014100
2003-03-11,52.456024169921875,53.42019574343819,52.42996991170678,53.081435713456024,48102700
2003-03-12,52.80781555175781,52.83387477989365,51.71335282150063,52.36481861402777,62459800
2003-03-13,54.63193893432617,54.66451422230948,53.11402196766048,53.53747585998792,72117800
2003-03-14,54.807804107666016,55.22474173184325,54.299661688843045,54.85340650498889,63951800
2003-03-17,56.5341796875,56.64492763823624,54.21496391778723,54.37131425825531,88217500
2003-03-18,56.86643600463867,56.9055223523351,56.20845432011469,56.775231213154754,50792300
2003-03-19,57.30293273925781,57.43322888499622,56.469057287691,56.85993578432672,49630800
2003-03-20,57.42668533325195,57.713326776023145,56.25404543463729,56.892483817280244,67321600
2003-03-21,58.652469635009766,58.78982845264023,57.51435015297917,58.083412389159186,71165300
2003-03-24,56.70328903198242,57.65172130486465,56.48089495324166,57.57322839642723,65398900
2003-03-25,57.246192932128906,57.730225140279835,56.53977658380612,56.736001406544666,61040100
2003-03-26,56.9583625793457,57.462011489066036,56.77521752126558,57.27232411024632,45740800
2003-03-27,57.004150390625,57.33773889279604,56.24540085475812,56.51358111874411,53120200
2003-03-28,56.716365814208984,57.08919837731562,56.41548383260804,56.55938499561941,32583000
2003-03-31,55.42781066894531,56.63788109314181,55.20542155967211,55.826807591188135,61119500
2003-04-01,56.278133392333984,56.50706482659836,55.53901047875727,55.761399589090956,53574000
2003-04-02,57.638675689697266,58.063832138086035,57.23313624209041,57.25930056035538,50431200
2003-04-03,57.363914489746094,58.20769447589224,57.33121285652918,58.12920656390755,48755500
2003-04-04,57.70404052734375,57.94605155592778,57.31158602963396,57.84139935202569,36250100
2003-04-07,57.59284973144531,59.42430583615562,57.54052113094016,59.09071724584777,69776200
2003-04-08,57.68444061279297,57.98532267578908,57.370473900348735,57.75639121376286,39712700
2003-04-09,56.92565155029297,58.279622399305644,56.75558615655533,57.79559549902116,55647300
2003-04-10,57.23963928222656,57.318127192817045,56.06227072006917,56.964916624169824,41812400
2003-04-11,57.004150390625,58.01799055831495,56.81446300665828,57.664785074049966,47730100
2003-04-14,58.18150329589844,58.21420990433536,56.90602541210311,57.21344956623014,36711700
2003-04-15,58.72445297241211,58.72445297241211,57.834886332058595,58.10960412060924,49709800
2003-04-16,57.72365951538086,58.90756526944246,57.57975837592664,58.809455392841336,51788000
2003-04-17,58.58051681518555,58.685174000024766,57.68441337406366,57.756363941058304,37403100
2003-04-21,58.63941192626953,58.97300060268537,58.25349463584114,58.77677079530398,32052700
2003-04-22,59.74480056762695,59.88870170165941,58.14227609934751,58.279634911743244,59763600
2003-04-23,60.29424285888672,60.405437378847886,59.679394352676496,59.92795268003607,44227100
2003-04-24,59.75788497924805,60.22883232868163,59.49624700841503,59.86907949499508,49692400
2003-04-25,59.018775939941406,59.8298493452955,58.881412106066975,59.718654803902275,43917200
2003-04-28,60.039161682128906,60.30079972598777,59.06456508384352,59.15613765064453,46432900
2003-04-29,60.24846267700195,60.699788114659505,59.78405758463298,60.26808465423404,52017100
2003-04-30,60.1176643371582,60.54936293772049,59.7906179769047,60.1176643371582,48709100
2003-05-01,60.11109924316406,60.653997193219986,59.195368783257706,60.12417889687393,50240400
2003-05-02,60.96797561645508,61.13804110360909,59.842935454303955,59.888721740422625,50201500
2003-05-05,60.850223541259766,61.34079290871956,60.503555320040924,61.138025833741665,35437800
2003-05-06,61.42585754394531,61.73327696957076,60.830630697673215,60.85679500864109,44401000
2003-05-07,61.085697174072266,61.57626654102776,60.81097952625631,61.105319150297746,41413100
2003-05-08,60.47090148925781,61.04650657671296,60.35970686657544,60.51668780391138,40570700
2003-05-09,61.30812454223633,61.35391084176156,60.57553875950021,60.719439983817345,33608100
2003-05-12,62.06028747558594,62.21727325059285,61.01374059385237,61.15764172577745,35662300
2003-05-13,61.94910430908203,62.256528603540794,61.654764660101996,61.831367451424,39253600
2003-05-14,61.81828308105469,62.295767807675716,61.42582858223927,62.197652935389435,32195100
2003-05-15,62.21073532104492,62.354636463129225,61.64821539671327,62.06683417896061,43879200
2003-05-16,62.05377197265625,62.43314191988205,61.65477505390365,62.06685163000986,38905000
2003-05-19,60.60165786743164,61.75939914344934,60.39234851282788,61.58279640282343,41606000
2003-05-20,60.47737121582031,60.85020361337738,59.90830913941087,60.71284483431194,55404600
2003-05-21,60.60165786743164,60.75209631494101,60.11763092059705,60.248447395851166,49333800
2003-05-22,61.20344924926758,61.51741591797954,60.62130718820225,60.79791000850023,38421800
2003-05-23,61.32771301269531,61.471614158368496,60.922173874009935,61.177269544856166,26155900
2003-05-27,62.400428771972656,62.68822609364803,60.876391969333255,61.02683544797152,43719200
2003-05-28,62.57704162597656,63.10031773373139,62.42006078978243,62.69477850070486,37727100
2003-05-29,62.41347885131836,63.32920896349619,62.19108989039121,62.714360675687374,50844200
2003-05-30,63.414268493652344,63.505841048201816,62.505080280389826,62.72747433453135,52529500
2003-06-02,63.675926208496094,64.39542721276383,63.23114295289452,63.793663099400376,50305500
2003-06-03,63.937522888183594,63.99638880034457,63.34883881493263,63.54506850279237,38254500
2003-06-04,64.85981750488281,64.98409169184175,63.81980778986138,63.87867871238295,49360700
2003-06-05,65.18034362792969,65.18034362792969,64.27769243783834,64.4804645840512,46262400
2003-06-06,64.92520141601562,66.32495850258495,64.84016622540499,65.67086621950291,60356800
2003-06-09,64.26457977294922,64.82055732762647,63.95061321800833,64.60470563300018,37808500
2003-06-10,64.91870880126953,64.92525112640138,64.22537204725035,64.40197490315511,29965900
2003-06-11,65.6054916381836,65.66435757849572,64.5654817796936,64.85982645224615,37610200
2003-06-12,65.80826568603516,65.9979531642425,65.16071532272814,65.89983826305509,36442000
2003-06-13,65.12141418457031,65.89978545584178,64.72241756571076,65.80821295220127,48628300
2003-06-16,66.49507141113281,66.52123072966093,65.2784584959773,65.38311074108476,36326300
2003-06-17,66.49507141113281,66.8351974456466,66.21381132880478,66.76324684386512,36801800
2003-06-18,66.43618774414062,66.80902034090369,66.06335514737756,66.25304260753151,35521000
2003-06-19,65.4223403930664,66.54084314315426,65.30460352412719,66.48197221351937,43551700
2003-06-20,65.27792358398438,65.97376467338766,65.26479167190676,65.9015541820318,41545000
2003-06-23,64.60834503173828,65.4223534063988,64.28011730244675,65.2844933527416,34237500
2003-06-24,64.67398071289062,65.04816007267047,64.34575302857999,64.47704710731844,36213600
2003-06-25,64.02409362792969,65.27792583159149,64.02409362792969,64.68054902041679,47743400
2003-06-26,64.85782623291016,64.97598846119314,63.64994512064411,64.18823860318669,33477300
2003-06-27,64.10945129394531,65.11382748217994,64.05693364804011,64.82498543805973,54208800
2003-06-30,64.08975219726562,64.772466555928,63.98472191581818,64.47706356797639,33349000
2003-07-01,64.6805419921875,64.89060749462324,63.30198681943072,63.84027998244457,51322800
2003-07-02,65.49455261230469,65.50768452489612,64.70680814096401,64.83809721673506,34662100
2003-07-03,64.81839752197266,65.54706333489546,64.26697745184549,65.03502898167547,30792800
2003-07-07,66.10506439208984,66.23635849222953,65.41578914769833,65.41578914769833,31391100
2003-07-08,66.40045928955078,66.49236263737757,65.75713084640644,65.97376231272251,30952500
2003-07-09,66.02628326416016,66.56457647495102,65.66523080213584,66.24947568915186,36528500
2003-07-10,65.18605041503906,65.67182621133546,64.74622130721734,65.5405320715531,49777700
2003-07-11,65.80307006835938,65.94092506401316,65.24508413118285,65.24508413118285,39976300
2003-07-14,66.12474060058594,66.8927920534438,65.940928920608,66.43327036603323,42114900
2003-07-15,65.98030090332031,66.60393122040357,65.61268265612532,66.55141361246788,42573600
2003-07-16,65.59302520751953,66.21666086955011,65.14007436758038,66.17727013816076,39894200
2003-07-17,64.66085815429688,65.56676482086112,64.43766571797885,65.08755517424542,52253500
2003-07-18,65.32389831542969,65.51427104089055,64.63461793042862,65.00223146463784,35698100
2003-07-21,64.51644897460938,65.31075956844658,64.23417289511696,65.28450074612657,34786000
2003-07-22,65.10066986083984,65.25822273634402,64.28010074892538,64.78557412654428,49968300
2003-07-23,65.1466293334961,65.28448435980609,64.51643278106883,65.12693647378852,37275400
2003-07-24,64.65428161621094,65.86872292933626,64.57551018492366,65.63896457415414,40896200
2003-07-25,65.7965087890625,65.83589449951965,64.35887025710602,64.76587429580144,43241100
2003-07-28,65.55361938476562,66.28885104219182,65.42889128893152,65.88841295295637,34382800
2003-07-29,65.25164794921875,65.81619982247163,64.77899940339256,65.73742339538202,53472100
2003-07-30,65.0941162109375,65.48142247116664,64.94312927374295,65.38295316502733,28363300
2003-07-31,65.24510955810547,66.24292468935127,65.10068855160743,65.63242089447365,54937200
2003-08-01,64.66743469238281,65.33701711925892,64.49018889726158,65.1138246464196,49321000
2003-08-04,64.66743469238281,64.98909649491637,63.67618545461502,64.53614058333778,55214100
2003-08-05,63.29539489746094,64.83150232313649,63.242877291307764,64.60174405665958,61415600
2003-08-06,63.66304016113281,64.3720081117837,63.29542177033811,63.47266751426836,50096900
2003-08-07,64.33262634277344,64.37857801839829,63.518623085266064,63.78776718296671,43427400
2003-08-08,64.51644897460938,64.69369477317996,64.17509430116559,64.54270779692939,27357300
2003-08-11,64.75932312011719,65.01534031322656,64.2275908658187,64.5033059270078,34631400
2003-08-12,65.35015869140625,65.37641250873673,64.6083606386682,64.79873336864704,43285600
2003-08-13,65.0153579711914,65.54708536154837,64.68056423990522,65.52739249647712,36152000
2003-08-14,65.19258880615234,65.4814308053617,64.62803672134729,65.05473376335449,35525100
2003-08-15,65.39611053466797,65.50770678783532,65.0678827253342,65.22543067147392,12567000
2003-08-18,65.96065521240234,66.03942667227044,65.47487450421022,65.5996026601458,22873800
2003-08-19,66.21006774902344,66.26258536375795,65.64551591151597,66.09847157397915,37437700
2003-08-20,65.94094848632812,66.22979048935554,65.75058081163205,65.83591821781849,21295300
2003-08-21,66.1510009765625,66.64334247090783,65.90811571136706,66.33481267480435,46494200
2003-08-22,65.49455261230469,66.84028817656531,65.46829880383625,66.79433649920972,52040300
2003-08-25,65.5995864868164,66.19039733195659,65.1728894870842,65.45516550152024,23473000
2003-08-26,65.71776580810547,65.90157256159863,64.8775035016462,65.31732752012748,45065800
2003-08-27,65.73747253417969,65.88189358762092,65.36329299042715,65.67839392596798,18919500
2003-08-28,66.1444320678711,66.30197992475854,65.42233229808454,65.90810777836188,27402400
2003-08-29,66.59087371826172,66.6171325495944,65.96067679135716,66.04601423691841,28706600
2003-09-02,67.483642578125,67.53615522358123,66.33484519479944,66.72215162287968,49419100
2003-09-03,67.85124206542969,68.07443453531505,67.47049666677552,67.63461054464113,44912400
2003-09-04,67.88406372070312,67.97596708741034,67.4573666562151,67.68055911583039,28381000
2003-09-05,67.5032958984375,67.9759444891495,67.2210199350043,67.5755063780383,31637300
2003-09-08,68.06130981445312,68.19259891761854,67.56896816504543,67.64117867429388,32632800
2003-09-09,67.61489868164062,67.91686753106069,67.4048331773329,67.85778895564134,35053200
2003-09-10,66.93218994140625,67.48361506493224,66.66304583996154,67.3063693076586,45904900
2003-09-11,67.12913513183594,67.45736285396335,66.85342003889717,67.02409985674353,38396300
2003-09-12,67.25382995605469,67.37855804064435,66.53173027294943,66.89934857269911,42524800
2003-09-15,67.01752471923828,67.37201121157773,66.92562137030104,67.2998007219332,21312800
2003-09-16,67.99568939208984,68.0350751353444,67.07008435872757,67.10947511034215,37892600
2003-09-17,67.86434173583984,68.13349079153318,67.64771531034852,67.92999126732529,31885800
2003-09-18,68.66522216796875,68.73086669514034,67.72649090518148,67.87747782519689,30243600
2003-09-19,68.31595611572266,68.92880323791957,68.13803502818624,68.71134022058932,34331600
2003-09-22,67.57794952392578,67.84812690451376,67.2352793978327,67.7756391865935,36677400
2003-09-23,67.8349380493164,68.06557846359922,67.45273106131405,67.60429260744964,32489200
2003-09-24,66.6290054321289,68.01944397708245,66.60264581189477,67.95354744028887,41694700
2003-09-25,66.08201599121094,67.13637504625524,66.02929678156359,66.82666100163328,52673100
2003-09-26,65.86461639404297,66.33249354535768,65.79871983237138,66.18751809312893,42914700
2003-09-29,66.51040649414062,66.54994342071014,65.75917472381137,66.0952536824065,36771600
2003-09-30,65.86461639404297,66.39839010702927,65.40333543475643,66.21387772331465,70764500
2003-10-01,67.26819610595703,67.33409262679181,66.02931939290123,66.05567900675159,65797600
2003-10-02,67.51201629638672,67.58450398032895,66.97165676091525,67.16935135849998,44591500
2003-10-03,68.13143157958984,68.71791898533192,67.92715091823138,68.31594379340792,48806900
2003-10-06,68.44115447998047,68.52681943329134,68.0062284995229,68.19074575120798,20226500
2003-10-07,68.70477294921875,68.7377187009125,67.81515721215892,68.04579758434731,42602900
2003-10-08,68.533447265625,68.79044729066439,68.14465416072366,68.75091037222256,30920800
2003-10-09,68.71794128417969,69.33737965521624,68.4214044196865,69.11332544603141,40066500
2003-10-10,68.9090576171875,68.9288260748431,68.47413646601422,68.7113629854648,22682800
2003-10-13,69.12651062011719,69.3835105873071,68.86951065292729,69.00130370312323,23825600
2003-10-14,69.37034606933594,69.4757845586191,68.7706810011856,69.06063181913039,38484400
2003-10-15,69.18578338623047,69.77886188783717,68.95514314326682,69.75909344238032,39021700
2003-10-16,69.46257019042969,69.67344202887392,68.96174768878166,68.98151613807624,32772200
2003-10-17,68.70477294921875,69.60756598143946,68.52026065146804,69.50213253740321,32790300
2003-10-20,69.21875762939453,69.21875762939453,68.49388589377713,68.82995963571653,27657000
2003-10-21,69.10016632080078,69.3769348041083,68.74431897329809,69.0738066994024,26729100
2003-10-22,68.23030090332031,68.65863583963655,67.99966056148307,68.55319738189245,33914500
2003-10-23,68.10505676269531,68.50044070793824,67.76897814682799,67.80192890375642,45830500
2003-10-24,68.25662994384766,68.25662994384766,67.33406396215746,67.76239870661149,51723600
2003-10-27,68.28961944580078,68.65205792977297,68.05238789767051,68.36210714259522,32460200
2003-10-28,69.21875762939453,69.29124530571447,68.41480705754213,68.52024550585546,34956200
2003-10-29,69.31105041503906,69.47579430697179,68.44779403013867,69.04086801902879,30955400
2003-10-30,69.45598602294922,69.83160168009961,69.06060191451432,69.71298594481098,39123100
2003-10-31,69.39015197753906,69.68009790336981,69.33743270826575,69.45604855033758,25761600
2003-11-03,69.84477996826172,70.2533464017699,69.66026771686505,69.68662732814768,37589300
2003-11-04,69.6932144165039,70.02928812866564,69.57459868645226,69.84477588804786,31421600
2003-11-05,69.74591827392578,69.8315882497911,69.12648513328978,69.51527800732829,33558800
2003-11-06,70.11497497558594,70.14133459166656,69.25830504950503,69.58779270913881,28392300
2003-11-07,69.59439086914062,70.32585394929725,69.56803125040902,70.27313471183405,31723200
2003-11-10,69.31105041503906,69.74597167539747,69.19902577514512,69.6800751241413,25530800
2003-11-11,69.29125213623047,69.40986788848477,69.06061179228666,69.25171020042409,26558600
2003-11-12,70.06886291503906,70.1611190786104,69.29786282194274,69.3439909037284,28000000
2003-11-13,70.08863067626953,70.2072464607626,69.70642370094919,69.8579902696396,29714800
2003-11-14,69.49553680419922,70.477408625541,69.38351220616066,70.11497521525457,49158500
2003-11-17,69.14628601074219,69.28467023560361,68.55979833165104,69.13310871543386,44382100
2003-11-18,68.42800903320312,69.48895992104902,68.3357528714412,69.35057567840613,41155000
2003-11-19,69.00788879394531,69.19899221922772,68.48070658436752,68.55319426387402,29827000
2003-11-20,68.3884506225586,69.3505538839951,68.36868216947695,68.53342598193352,53578700
2003-11-21,68.67178344726562,68.7508622563891,68.28299061446401,68.69155189265143,30016000
2003-11-24,69.58123016357422,69.70643713455301,68.98156499077082,68.98815615439727,28906400
2003-11-25,69.84477996826172,70.12813950507282,69.4889327573188,69.67345003629725,37580000
2003-11-26,70.09521484375,70.147929054588,69.44941674204728,70.12816059707583,33053600
2003-11-28,70.14789581298828,70.28628500516032,69.98315204167776,70.03587125511655,10507500
2003-12-01,70.90579223632812,70.95851150483865,70.37861463398134,70.4115604061108,38699000
2003-12-02,70.7278060913086,71.01775174689641,70.55647113965564,70.76075183320776,35352000
2003-12-03,70.61578369140625,71.22203965888065,70.55647331003283,70.93868012640736,39078600
2003-12-04,70.90579223632812,70.98487113909391,70.47087084008169,70.62243245256674,36089500
2003-12-05,70.41154479980469,71.03757466254248,70.25998322091237,70.58947103469488,28824400
2003-12-08,70.88599395751953,70.93212204117125,70.29950616784028,70.33904308880345,32482900
2003-12-09,70.33901977539062,71.12320196514172,70.20722673080598,71.10343351121226,43596100
2003-12-10,70.3324203491211,70.4971641375053,69.82500666545214,70.3587749309909,36915400
2003-12-11,71.12322235107422,71.23524697383884,70.29291185496973,70.2995030173629,45304000
2003-12-12,71.26158905029297,71.30112595974978,70.76735757175241,71.14956445511027,34142200
2003-12-15,70.90579223632812,71.97992596498892,70.8267183611485,71.94038399981294,38693400
2003-12-16,71.27477264404297,71.49882183840751,70.85302381611778,70.95846227999475,32894200
2003-12-17,71.49882507324219,71.49882507324219,71.03754434186733,71.20887431204491,23198800
2003-12-18,72.3027572631836,72.30934842267993,71.42631907068937,71.53175751230444,29353100
2003-12-19,72.10150909423828,72.41269180143756,71.88964076932334,72.36634576321677,41465100
2003-12-22,72.60469818115234,72.60469818115234,72.02205649976584,72.0286788056014,27611300
2003-12-23,72.65103149414062,72.7966868376357,72.4192962925391,72.48550923661864,24741200
2003-12-24,72.57821655273438,72.75035609977748,72.45241799414639,72.51200359473681,8055800
2003-12-26,72.63115692138672,72.88275395914663,72.58481089622114,72.63777922536406,8308400
2003-12-29,73.59781646728516,73.67064161084824,72.68413040446424,72.8959986847213,22483700
2003-12-30,73.611083984375,73.67066959301476,73.3925933166822,73.55149332439507,19559500
2003-12-31,73.67728424072266,73.8361842319168,73.38596338075037,73.63756050575904,31501800
2004-01-02,73.64415740966797,74.27976220654253,73.3131129289205,73.98181914306709,38072300
2004-01-05,74.44528198242188,74.49824525857133,73.88250234271158,73.94871527773942,27959800
2004-01-06,74.51814270019531,74.6373189601995,74.15399161369926,74.25992831207623,20472800
2004-01-07,74.76972198486328,74.85579174905872,74.08114871728296,74.41219326604241,30170400
2004-01-08,75.06767272949219,75.08753964889597,74.66379790772524,74.98160295076833,36438400
2004-01-09,74.41221618652344,75.14713571524675,74.33276365186614,74.703537095593,54084300
2004-01-12,74.96173858642578,74.98160045382835,74.39234148130058,74.518140043303,31564100
2004-01-13,74.52473449707031,74.96833795581047,73.99506634014396,74.87564085072682,54239700
2004-01-14,75.14710998535156,75.25304666195589,74.59757484097878,74.65716548440342,30112800
2004-01-15,75.33247375488281,75.51785783749031,74.53796910046862,75.1934356929272,38408700
2004-01-16,75.63044738769531,75.6834106817703,75.23318984842658,75.50464883017092,31922700
2004-01-20,75.61055755615234,75.90850062031332,75.35896556868705,75.82904812626948,29863000
2004-01-21,76.2064437866211,76.3388646189825,75.29276277434955,75.56421664084849,30725000
2004-01-22,76.00779724121094,76.39180491114965,75.86213689511771,76.23290501147375,29888500
2004-01-23,75.76283264160156,76.38519782084676,75.44502774863835,76.1402231106181,44245300
2004-01-26,76.71626281738281,76.75598654539156,75.72974646022936,75.73636876534374,30460600
2004-01-27,75.92838287353516,77.1333849078096,75.90852100752426,76.63681805217992,35322800
2004-01-28,75.0610580444336,76.32564585075761,74.77635947264234,76.12702211197717,52621300
2004-01-29,75.13388061523438,75.37885037325903,74.52475474483435,75.18684390938004,60117100
2004-01-30,75.13388061523438,75.2927806003503,74.87566119382926,75.16035973663749,30984400
2004-02-02,75.45830535888672,75.9283880749246,74.89553056088869,75.27953844986382,38832400
2004-02-03,75.33247375488281,75.57082616147456,75.10736595495584,75.3059895928907,25093500
2004-02-04,74.71673583984375,75.29937733967463,74.67701211988718,74.94184870605234,39332600
2004-02-05,74.93522644042969,75.1735788629659,74.67038985412971,74.92860413665431,37226800
2004-02-06,75.77607727050781,75.94159950574382,74.9484660943278,75.09412646954952,37216000
2004-02-09,75.7959976196289,76.05421208453667,75.6701990157308,75.92179117218569,24851300
2004-02-10,76.04094696044922,76.23295344307068,75.6503167398793,75.66355630187323,27908100
2004-02-11,76.84866333007812,77.06053158955888,75.59069332945087,76.0409140122647,42965700
2004-02-12,76.57060241699219,76.98109441000801,76.52425638386657,76.78247071861483,27814700
2004-02-13,76.226318359375,76.93475351379071,75.97472631294276,76.68316146735846,44739900
2004-02-17,76.91488647460938,77.08703104813549,76.65004983487815,76.70301817309213,23984300
2004-02-18,76.57723236083984,77.19959271756,76.37198129251897,76.93475605127901,28618000
2004-02-19,76.29249572753906,77.06051611972569,76.1799367909284,77.0207924075906,51146200
2004-02-20,76.06077575683594,76.51099643896619,75.69000756614199,76.45803316267973,46728800
2004-02-23,75.86878967285156,76.31239322131445,75.5907134553715,76.28590905041077,36357000
2004-02-24,75.736328125,76.13358034593712,74.83588706349661,75.65687566027816,43953000
2004-02-25,76.0541763305664,76.17996982398618,75.69002530696957,75.78271737636896,31213600
2004-02-26,76.10053253173828,76.3322627361942,75.70327497971144,75.88204188839144,29683000
2004-02-27,76.1534652709961,76.63017010107917,75.89525099659069,76.2660242262873,39312000
2004-03-01,76.90826416015625,77.02743533628797,76.30576071812987,76.42493694560001,33130800
2004-03-02,76.45805358886719,77.44456496056563,76.29253130932467,76.76261397706473,38556400
2004-03-03,76.59708404541016,76.71626027682852,76.0872726465999,76.30576324609001,31346200
2004-03-04,76.79570007324219,76.86853026581063,76.48451744160211,76.6169382696075,21060000
2004-03-05,77.05392456054688,77.4313151304133,76.32562758991644,76.41831965610547,55905600
2004-03-08,76.1137924194336,77.21286318456514,76.08069098215118,77.02747392015162,39281600
2004-03-09,75.8092041015625,76.27928676974338,75.63705951630192,76.20645656256924,39746100
2004-03-10,74.5379867553711,75.98795834568095,74.52474214556923,75.95485692385351,67671800
2004-03-11,73.57135009765625,74.9948377664499,73.55810548555856,74.41882342368727,89134800
2004-03-12,74.5379867553711,74.62405651372875,73.87589770275918,73.97521207091867,54012200
2004-03-15,73.62428283691406,74.38568607367495,73.42565919993561,74.33271774994574,57677200
2004-03-16,74.01494598388672,74.19370783010488,73.38595826653837,74.0083236780744,59832600
2004-03-17,74.8425521850586,74.98821259471796,74.22018681700095,74.27315515712051,41607300
2004-03-18,74.8624038696289,74.99481965058239,74.10762280524992,74.61742911839289,60014300
2004-03-19,73.78939056396484,74.7926513224026,73.77610459117868,74.68634833297159,48636200
2004-03-22,72.85254669189453,73.4638025845242,72.48711921855872,73.4438710985323,62752100
2004-03-23,72.72633361816406,73.35088077445302,72.65989361769753,73.25121823922967,54080200
2004-03-24,72.78611755371094,73.17811702070938,72.3210275121166,72.80604904267072,51584300
2004-03-25,73.74951171875,73.94883675101373,72.94557620829961,73.13825572107558,49873600
2004-03-26,73.76946258544922,74.27441574918797,73.61665108041416,73.72295407491062,37409500
2004-03-29,74.80591583251953,74.90557834148677,74.13486541483469,74.16808287179326,44113600
2004-03-30,75.05843353271484,75.12487354990601,74.56012580020843,74.61327984158072,39059900
2004-03-31,75.14476776123047,75.34409278294707,74.66639176434734,75.07168225787078,48517600
2004-04-01,75.59659576416016,75.65639532124422,75.11157913104014,75.12486510536559,45103800
2004-04-02,76.16798400878906,76.30086401957605,75.67632188602019,76.28093252486275,50987700
2004-04-05,76.5865707397461,76.65965627606472,76.03511405986211,76.04840003507996,30251800
2004-04-06,76.34071350097656,76.52674749842706,76.15467950352608,76.29420500161395,28420900
2004-04-07,76.16133117675781,76.39387877688388,75.81584014044705,76.37394221503682,45890500
2004-04-08,75.98857116699219,76.67955815383694,75.56998963579099,76.67955815383694,46929700
2004-04-12,76.28755950927734,76.460307536563,76.1214570016305,76.12810252126933,23085200
2004-04-13,75.21788024902344,76.60650024197952,75.09164068537807,76.57992322494641,56210300
2004-04-14,75.33747863769531,75.5035812019497,74.7793764549436,74.8192394482693,62322300
2004-04-15,75.05181884765625,75.59663532295613,74.65317351166496,75.37737861399326,61602500
2004-04-16,75.62976837158203,75.77593933789667,75.06502105822094,75.3307809216536,47059200
2004-04-19,75.62976837158203,75.7360713031462,75.25769543849627,75.44373443956138,28277600
2004-04-20,74.36076354980469,75.9553485114275,74.26774655837256,75.79589153597897,53299400
2004-04-21,74.85904693603516,75.04508085901426,74.32752216595833,74.54677353572986,50177300
2004-04-22,75.90884399414062,76.18789498306225,74.70626349256455,74.73284050137319,62071500
2004-04-23,75.98197174072266,76.121497312748,75.603258025497,76.02183474157306,29395700
2004-04-26,75.87562561035156,76.36729269659823,75.47698059453928,76.0749506527809,35515200
2004-04-27,75.94207000732422,76.48688604028729,75.71616795660735,75.89556150703639,43485500
2004-04-28,74.95874786376953,75.74939751103001,74.74613683287345,75.66966647355143,50165800
2004-04-29,74.30101013183594,75.29098012700419,73.85585641705443,74.89233493363196,69687600
2004-04-30,73.72296142578125,74.66642277309198,73.6830984325013,74.52689722756418,48681400
2004-05-03,74.51359558105469,74.60661259184315,73.9820654602233,73.99535650121989,33758000
2004-05-04,74.45380401611328,75.25109928283044,74.18804399625502,74.58004357387918,51185100
2004-05-05,74.93218231201172,75.05177635199787,74.52025122798533,74.68635377968567,34405000
2004-05-06,74.2876968383789,74.805935941464,73.74952624195164,74.42722236082126,54997000
2004-05-07,73.0585708618164,74.56678538870823,73.0585708618164,73.89572942967995,60950000
2004-05-10,72.3077621459961,72.9190183038166,71.99548854585699,72.7130527671493,75279400
2004-05-11,72.91899108886719,73.11831609896068,72.63994012997276,72.7263115975223,48300600
2004-05-12,73.38414001464844,73.44393959744266,71.79619927502965,72.79946058104382,90830500
2004-05-13,73.07847595214844,73.62329210946123,72.83928787634795,72.92566444591606,57393700
2004-05-14,73.11167907714844,73.57676406269069,72.6000805240058,73.05187953955235,54123100
2004-05-17,72.48713684082031,72.75290187976115,72.02869734442001,72.34761133591184,55020400
2004-05-18,72.85254669189453,73.0452261715584,72.63993572623878,72.74623867454402,30193100
2004-05-19,72.60009765625,73.86912352476809,72.52037167936962,73.41732440260554,54804100
2004-05-20,72.83264923095703,72.99875178388099,72.447290091602,72.71969564249254,38082900
2004-05-21,72.95889282226562,73.4505600899462,72.73299575526232,73.06520090253653,47480400
2004-05-24,73.2645034790039,73.59006809541407,72.87250393183872,73.43725153372694,40961500
2004-05-25,74.31426239013672,74.4006389400261,72.81933979148783,73.01866483225956,48668000
2004-05-26,74.57341003417969,74.60663257652347,74.08839335786931,74.1880559158524,35977000
2004-05-27,74.99195861816406,75.0982615823924,74.45378307054315,74.77270210132022,45306900
2004-05-28,74.98529052734375,74.99857649298079,74.6530856269281,74.8989190780917,23367200
2004-06-01,74.88563537597656,74.98529786966878,74.32753352177204,74.7195329095045,41044700
2004-06-02,75.1646957397461,75.39724327723852,74.71954229028431,75.09825575862496,39774200
2004-06-03,74.47374725341797,75.20460263040889,74.46046127794915,74.95212347506721,38688300
2004-06-04,75.0650634765625,75.46370856602537,74.88566989142343,75.0650634765625,32739500
2004-06-07,76.20787048339844,76.2809560325685,75.35742598656395,75.36407150986551,31643800
2004-06-08,76.31417083740234,76.35403383506925,75.85572608803886,75.98861119534276,32846500
2004-06-09,75.6032485961914,76.20785933289368,75.55674007798353,76.08162482292849,36737600
2004-06-10,75.97530364990234,75.97530364990234,75.6962525887408,75.76933811462322,21711000
2004-06-14,75.22453308105469,75.6431097346473,74.99199049572546,75.6231782371974,34633000
2004-06-15,75.75601196289062,76.0417084128293,75.41716657525377,75.67628602182081,37445000
2004-06-16,75.74278259277344,75.87566263987806,75.54345745306765,75.74278259277344,26633400
2004-06-17,75.62976837158203,75.78922530345052,75.29756347324674,75.64305433713588,28402400
2004-06-18,75.77250671386719,76.16594225600329,75.47243281079513,75.53244555638933,31799800
2004-06-21,75.48576354980469,76.11259043974421,75.43908527635494,75.8525250465885,25284000
2004-06-22,75.86589050292969,75.93924283224695,75.13237229730929,75.43911608920318,37334000
2004-06-23,76.51936340332031,76.5793761482791,75.6324710857817,75.75917144187306,35580000
2004-06-24,76.27931213378906,76.63940391285912,76.19262535065317,76.3926729473247,35272100
2004-06-25,75.91250610351562,76.64602879091262,75.80581513197032,76.29260699837486,32837900
2004-06-28,75.65249633789062,76.42602807134413,75.62582739109388,76.36601022217184,40824500
2004-06-29,75.96589660644531,76.1326054763265,75.63247886668294,75.70583117643474,28418100
2004-06-30,76.3726806640625,76.54605934505392,75.78586716596708,76.065936897725,52230600
2004-07-01,75.31239318847656,76.28597228116045,75.07233203274076,76.1859459516788,57734700
2004-07-02,75.27238464355469,75.54578962327201,75.08567152938227,75.45910284527791,34615100
2004-07-06,74.61221313476562,74.98563933393147,74.43883450477416,74.9322963680152,38698200
2004-07-07,74.83226013183594,75.06565147541349,74.51884671865332,74.55885520968098,29839800
2004-07-08,74.31214141845703,74.89895476116342,74.15209725335939,74.55886726976911,45291100
2004-07-09,74.5055160522461,74.64555086553747,74.27211960921046,74.49884627421794,27412900
2004-07-12,74.53888702392578,74.71226571483744,74.01875603874296,74.36550833301412,35691300
2004-07-13,74.59220123291016,74.69889224134583,74.4188226207086,74.6322097251298,26752000
2004-07-14,74.365478515625,74.94562712131906,74.09874843661868,74.19210498178093,54089400
2004-07-15,73.88536071777344,74.62554838233933,73.81867311101607,74.51218250338187,38403500
2004-07-16,73.82533264160156,74.46549389472153,73.64528935597852,74.39881138477038,40871200
2004-07-19,73.5119400024414,73.99206234971703,73.34523113672353,73.8520275130201,39592800
2004-07-20,74.44550323486328,74.61888186241289,73.51860244102356,73.70531553797684,46679800
2004-07-21,73.07183837890625,74.72558763930968,72.98514650423381,74.5655485371048,56241100
2004-07-22,73.2718734741211,73.61196095984631,72.5316857574223,72.9251212972908,72477100
2004-07-23,72.65835571289062,73.15848206423559,72.47831246492771,73.0984693440974,49610500
2004-07-26,72.51838684082031,72.97183534824664,72.15829493013885,72.81179619490587,49679100
2004-07-27,73.19850158691406,73.4252282125858,72.66503645086424,72.71838449073395,51295100
2004-07-28,73.41860961914062,73.59865810733355,72.41168628671177,73.05185303633925,65862300
2004-07-29,73.73200225830078,73.93205494664984,73.35190622047854,73.71199800697612,52200500
2004-07-30,73.91201782226562,73.95203139742398,73.41856115407306,73.56526572537203,41581700
2004-08-02,74.06539154052734,74.25877437490801,73.38522181921368,73.47857834787342,38263100
2004-08-03,73.49191284179688,74.0587217910274,73.45857413157698,73.9720350393966,40948800
2004-08-04,73.48531341552734,73.85207519190836,73.11188694325149,73.27859591659666,40763200
2004-08-05,72.28494262695312,73.60527358223088,72.19825078781065,73.54526085133155,50772000
2004-08-06,71.25137329101562,71.99156111479523,71.09800397260432,71.77150417528212,74729000
2004-08-09,71.35140991210938,71.67149324182674,71.26472311476289,71.36474438571963,37476300
2004-08-10,72.27163696289062,72.29164630345589,71.52478438343984,71.55812310927867,55870600
2004-08-11,72.12493133544922,72.23829215134413,71.41808223402248,71.80484805154167,52933200
2004-08-12,71.33802795410156,71.98485378846986,71.10463157708523,71.80481053303714,50015900
2004-08-13,71.47811126708984,71.58480232006315,71.07800582767196,71.41809341615637,41634700
2004-08-16,72.21827697753906,72.44499857503892,71.41807143257093,71.44474545949157,45731900
2004-08-17,72.62503051757812,72.87175630743728,72.37162986306426,72.51833443408822,40701600
2004-08-18,73.37188720703125,73.46524374197898,72.3449602350566,72.36496448003832,43165400
2004-08-19,73.15850067138672,73.36521798783703,72.80507877388793,73.22518318434976,39881600
2004-08-20,73.67198944091797,73.7720106974552,73.0251581817041,73.091840715246,44870900
2004-08-23,73.48531341552734,73.86540967125217,73.38529210156355,73.71871004825388,33745100
2004-08-24,73.58529663085938,73.83869737766129,73.25187887984728,73.77867953695254,30453100
2004-08-25,74.08544158935547,74.19880243173775,73.28524082394223,73.57198036426658,38551400
2004-08-26,74.08544158935547,74.22547646892517,73.91873267259835,73.99208500297567,26629500
2004-08-27,74.31881713867188,74.43884773653252,74.05208699902717,74.15210825761828,24902900
2004-08-30,73.705322265625,74.24545735790643,73.6519742080402,74.16544035908002,26726500
2004-08-31,74.09207153320312,74.12541533364744,73.41856644711545,73.791997679403,44125300
2004-09-01,74.23211669921875,74.44550382421899,73.67197740392452,73.98538576911989,52778300
2004-09-02,75.0723648071289,75.15238183560695,74.17880231788685,74.17880231788685,42736600
2004-09-03,74.76558685302734,75.23236959784181,74.6922345520493,74.90562167647168,30480500
2004-09-07,75.25904846191406,75.43909179290112,74.89895671238928,75.04566132377538,37338800
2004-09-08,75.0723648071289,75.39244309614644,74.89231631794794,75.09903884580581,32963100
2004-09-09,75.00566864013672,75.27239880338698,74.70558957515256,75.0656814006025,34314800
2004-09-10,75.39240264892578,75.53243746118785,74.73890685836943,75.0323109513019,27900600
2004-09-13,75.63912963867188,75.84584695736234,75.35906002866227,75.55910756971926,44398100
2004-09-14,75.79251861572266,75.81252286493127,75.4791051446528,75.55245745011813,28048900
2004-09-15,75.21905517578125,75.59248147115855,75.13903307496395,75.55247296452576,38295000
2004-09-16,75.44577026367188,75.59914467166814,75.21904862908318,75.25238735252495,23911700
2004-09-17,75.76649475097656,75.90711246477984,75.4584742671131,75.63256946969216,33683000
2004-09-20,75.31116485595703,75.65936039686106,75.18393710604619,75.44508503890609,37149400
2004-09-21,75.6392822265625,75.98078537662573,75.3580467423825,75.4986644844725,40920800
2004-09-22,74.69513702392578,75.34465564546726,74.64156689780017,75.33126566830006,49042100
2004-09-23,74.29336547851562,74.79557391151702,74.29336547851562,74.7286138088625,44068700
2004-09-24,74.63485717773438,74.81565504672797,74.41388427506557,74.44066933375824,34981100
2004-09-27,74.15943908691406,74.46076207808755,74.04560641102434,74.39380198101877,39355100
2004-09-28,74.51431274414062,74.66832552504246,73.93175443214282,74.26655993879962,41662900
2004-09-29,74.88932800292969,74.89602554661192,74.32685694311762,74.46747470807064,33325700
2004-09-30,74.83576202392578,74.98307733067966,74.50095636629568,74.69514426076861,43536700
2004-10-01,76.10131072998047,76.10131072998047,75.13706900737536,75.17055160947108,62824300
2004-10-04,76.228515625,76.63028632166431,76.2017356800339,76.40261591963943,33082400
2004-10-05,76.26874542236328,76.44284583036834,76.02768489088857,76.23526280626348,36910600
2004-10-06,76.79103088378906,76.79103088378906,76.1214195245334,76.18168209467638,42297800
2004-10-07,75.96739959716797,76.60353339452182,75.90713703263094,76.5901383076944,39388800
2004-10-08,75.33794403076172,76.18165031316082,75.23080380578762,75.76649471320393,51872600
2004-10-11,75.64598846435547,75.67946596371368,75.42501551193061,75.51876068409956,20229100
2004-10-12,75.35132598876953,75.55221133486258,74.95625794584019,75.13035312981249,41754700
2004-10-13,74.68843841552734,75.71294279660485,74.54112312514762,75.6660702140957,54212600
2004-10-14,74.08578491210938,74.94958399825728,74.04560987373492,74.78218119339283,64082200
2004-10-15,74.50093841552734,74.8223489085212,74.03890508453003,74.34022806030274,63482200
2004-10-18,74.78218078613281,74.92949607100776,74.12595954679756,74.25318731259468,43535100
2004-10-19,74.15271759033203,75.15044161664598,74.05227492281183,75.00981881688193,55851900
2004-10-20,74.00543212890625,74.20631754475575,73.48983372102744,73.91168696383737,57118500
2004-10-21,74.48753356933594,74.54110368072332,73.79783498858615,74.18621063305417,53218300
2004-10-22,73.65054321289062,74.49425485563214,73.56349558568478,74.45407981364923,48752400
2004-10-25,73.56349182128906,73.7375921755203,73.22198865572386,73.48983417560385,43990900
2004-10-26,74.68843841552734,74.72861345518425,73.57688130355545,73.74428411376363,54337400
2004-10-27,75.58570098876953,75.73301625179083,74.40718910205392,74.5812843140542,73896000
2004-10-28,75.81338500976562,76.04105037797355,75.324566559307,75.51875443092874,54413300
2004-10-29,75.79998016357422,76.09461070447227,75.59909988373909,75.7464151541881,48820200
2004-11-01,76.0075912475586,76.22855912635175,75.80000824016021,76.04106875223414,36720900
2004-11-02,76.03433990478516,76.71734095609557,75.8133670230832,76.11468996451163,56210000
2004-11-03,76.99188232421875,77.24633268919101,76.49636645897654,77.02535981215544,76960200
2004-11-04,78.04316711425781,78.12351716778291,76.79099265664915,76.85795273749562,55350300
2004-11-05,78.5320053100586,78.77306576485068,78.00301181808308,78.37799758594207,63287200
2004-11-08,78.41818237304688,78.49853757087534,78.15703436601557,78.33113474027942,33863800
2004-11-09,78.26415252685547,78.67931329572814,78.1838024552031,78.39807782748916,44658100
2004-11-10,78.32443237304688,78.71280814220644,78.18381461705366,78.38469493616027,45265400
2004-11-11,78.92035675048828,79.09445704949503,78.41145093501373,78.46502104374301,37863200
2004-11-12,79.5431137084961,79.68373144505767,78.7998448804364,78.99403273818179,55583700
2004-11-15,79.73856353759766,79.76542285788076,79.40276567150191,79.58409426469133,35297900
2004-11-16,79.1677017211914,79.52365175725559,79.06696646216908,79.490069921669,40028700
2004-11-17,79.63778686523438,80.01387866425357,79.2952717632039,79.49675244060218,54494000
2004-11-18,79.74525451660156,79.78555373400539,79.40274447380737,79.60422006535676,31854300
2004-11-19,78.85873413085938,79.7318102390737,78.67068823034958,79.71837546111357,54276500
2004-11-22,79.23487091064453,79.32889390819271,78.59685185714581,78.69087485469399,37560200
2004-11-23,79.35570526123047,79.42286376828011,78.82514434496677,79.20123608353724,41968800
2004-11-24,79.5438003540039,79.64453561498277,79.28187842772122,79.42962518511315,29724800
2004-11-26,79.48335266113281,79.9064612452007,79.44977594935945,79.59081043609251,15487700
2004-11-29,79.12068939208984,79.92660732285849,78.89906670070698,79.77885544602412,61460800
2004-11-30,79.17439270019531,79.4094500992792,79.00649382601152,79.24826861474553,53685200
2004-12-01,80.07430267333984,80.25563113353424,79.3153967733056,79.3556959719105,49898300
2004-12-02,80.14151000976562,80.50417227502132,79.92659960708093,79.9870407560228,60163500
2004-12-03,80.0877685546875,80.68548817843575,79.98031080828149,80.12806264765608,49067900
2004-12-06,80.06090545654297,80.34969175000286,79.81241325672528,80.06090545654297,33030500
2004-12-07,79.31542205810547,80.33625001710651,79.27512797052034,80.24893932884983,52047200
2004-12-08,79.77883911132812,79.79898615879523,79.25499538171314,79.38931244740553,43895100
2004-12-09,80.06090545654297,80.22880434520877,79.06694690500711,79.34229841800797,60922800
2004-12-10,80.14151000976562,80.29597413964028,79.8191418438045,79.86615333427089,47828600
2004-12-13,80.83995819091797,80.8601052375974,80.15492786061301,80.43028449554494,38541000
2004-12-14,81.12205505371094,81.23622510682532,80.71238121712952,80.71238121712952,41500700
2004-12-15,81.18250274658203,81.33697204324193,80.79969332532099,81.0616152912433,46699200
2004-12-16,81.13548278808594,81.4242691721974,80.61835630316818,81.07504162864983,51641800
2004-12-17,80.59430694580078,80.95193323034901,80.40537269344114,80.60780004322407,70761900
2004-12-20,80.61458587646484,81.1678957880883,80.41215328642532,80.80352021486193,47187400
2004-12-21,81.23531341552734,81.2960452082686,80.60777901357945,80.7022461151139,33094200
2004-12-22,81.43103790283203,81.70094624997047,81.17462780449095,81.22860535545982,31500700
2004-12-23,81.49174499511719,81.83587818372273,81.41752523686138,81.55922592674077,25646100
2004-12-27,81.32304382324219,81.88985166713503,81.23532582929037,81.78188630712812,29944100
2004-12-28,81.7684097290039,81.86962598743891,81.37704294202737,81.40403428748155,23422900
2004-12-29,81.88983917236328,81.91683050824666,81.61318184061182,81.70090496925054,22650600
2004-12-30,81.73464965820312,82.03154923892264,81.67392300654951,81.91683990930701,21076900
2004-12-31,81.55921173095703,82.09227907995208,81.51197817588515,81.8493621829905,28648800
2005-01-03,81.1745834350586,82.15974398776984,80.90467523545,82.02478731393019,55748000
2005-01-04,80.18267822265625,81.33653082080941,79.91951912911628,81.2825481482702,69167600
2005-01-05,79.62938690185547,80.46609792519392,79.62263777922753,80.12196474417942,65667300
2005-01-06,80.03425598144531,80.3986314243349,79.79808814292598,79.91954662388918,47814700
2005-01-07,79.91954803466797,80.45261553563458,79.71036638993876,80.27717436046349,55847700
2005-01-10,80.29740142822266,80.60779412689926,79.85205202485716,79.85205202485716,56563300
2005-01-11,79.74409484863281,80.1219633400204,79.6158872613097,80.05448755914006,63099700
2005-01-12,80.00726318359375,80.18944832769512,79.29875453282388,79.89255382811983,72720500
2005-01-13,79.36626434326172,80.11525771008004,79.28529027860651,80.05452587457,55537500
2005-01-14,79.78459167480469,79.98027507338972,79.46070581706408,79.60240652333471,42032500
2005-01-18,80.61458587646484,80.71580217148461,79.58893497077405,79.65641593283696,57391700
2005-01-19,79.77108764648438,80.64828311008253,79.76433852385154,80.58755645060354,54378900
2005-01-20,79.2852554321289,79.75759106483608,79.14355474231675,79.54841459150467,72049300
2005-01-21,78.79938507080078,79.62260263358496,78.71166710764521,79.48090200937833,63160400
2005-01-24,78.64421844482422,79.17728067509275,78.52275998965719,79.00858866225363,58441900
2005-01-25,78.86688232421875,79.26499812291962,78.75892212075378,78.88712968868528,68245000
2005-01-26,79.10305786132812,79.35271873589262,78.97485028915403,79.16378451252334,57195100
2005-01-27,79.23804473876953,79.45397039719565,78.93440105125816,79.07610178196839,55878800
2005-01-28,79.23804473876953,79.31901879120699,78.68473491729799,79.27852919095137,60738900
2005-01-31,79.73059844970703,79.79132510556276,79.42694972621271,79.58889262323322,52532700
2005-02-01,80.2366943359375,80.35140370183824,79.69012855780652,79.79134482398433,49841200
2005-02-02,80.47958374023438,80.695509312141,80.22992285438492,80.33788306630238,52468900
2005-02-03,80.27041625976562,80.40537297483216,80.00725710047625,80.33789204326276,48837100
2005-02-04,81.12738037109375,81.26233194757282,80.28392014791794,80.29741324633679,50024600
2005-02-07,81.01941680908203,81.32306043700837,80.94519189593156,81.14087528986713,45412000
2005-02-08,81.11388397216797,81.41078362487171,81.01941683686637,81.08689262664284,39263500
2005-02-09,80.50654602050781,81.30277224477031,80.46606159916104,81.25553870384245,55279400
2005-02-10,80.79671478271484,80.9856489894458,80.47282904205349,80.7427372579853,45858600
2005-02-11,81.49174499511719,81.67393527358519,80.60780039002908,80.76974330016662,53133000
2005-02-14,81.43103790283203,81.55249640164065,81.29608630329957,81.43778702723071,32432100
2005-02-15,81.73464965820312,81.93708212652488,81.43100610379201,81.51198012073503,43852700
2005-02-16,81.78863525390625,81.95732726750182,81.42425988677122,81.5997010223707,55523000
2005-02-17,81.12738037109375,81.86962433787393,81.120631247848,81.8021485496344,58124000
2005-02-18,81.23531341552734,81.2960452082686,80.9046785601568,81.13409719300589,47723300
2005-02-22,80.02751159667969,81.2893300487311,80.01401849713938,80.9047123609189,80697600
2005-02-23,80.60105895996094,80.68203299679416,80.0410052697677,80.25018176316254,68292600
2005-02-24,81.1341323852539,81.18811508042334,80.28392810266448,80.45936413985541,68563600
2005-02-25,81.93709564208984,82.0990385546169,81.09363546507257,81.15436212674307,60899900
2005-02-28,81.39727020263672,81.84936872080408,80.9991595135271,81.74815248097342,69381300
2005-03-01,81.80208587646484,81.99776396801772,81.49843733992014,81.52542866415092,47294400
2005-03-02,81.76163482666016,82.27445993245341,81.41075774253076,81.48498263210891,64226500
2005-03-03,81.79541015625,82.25425278377118,81.44452777445969,82.09230984113822,61230800
2005-03-04,82.8143081665039,82.88178396073134,82.18002437500522,82.35546555845502,56168500
2005-03-07,82.85477447509766,83.16516717905205,82.59161533156953,82.76705647661227,43442400
2005-03-08,82.54439544677734,82.99648890691167,82.39594561853674,82.77381416455076,44362000
2005-03-09,81.626708984375,82.51740279161322,81.61995986099674,82.30147717616373,73263600
2005-03-10,81.80889892578125,81.9843401073892,81.24209608253362,81.78190757875902,65149000
2005-03-11,81.23531341552734,82.13275602817548,81.08011966932258,81.85609869648823,57976500
2005-03-14,81.74140930175781,81.75490754702157,81.16110830914847,81.38378302335089,36336400
2005-03-15,81.06661224365234,81.95730563441055,81.02612781845845,81.93031430159117,62438500
2005-03-16,80.37837982177734,81.08013928010351,80.22993001258324,80.76974141647648,74874200
2005-03-17,80.54031372070312,80.79672372277072,80.28390371863553,80.50657325945167,62584200
2005-03-18,80.3011703491211,80.9718130561384,80.03697761095393,80.68729859477249,60232000
2005-03-21,80.00313568115234,80.46378053619969,79.77281583777555,80.41636144089895,61244300
2005-03-22,79.19021606445312,80.56537466021676,79.19021606445312,80.18602199056956,92472400
2005-03-23,79.25798797607422,79.7457302674695,79.08863330091167,79.2241149737239,70817300
2005-03-24,79.35282135009766,79.9286261769393,79.29862661695407,79.56959511437785,51932500
2005-03-28,79.46797943115234,79.8947564843516,79.46797943115234,79.5424958954159,46765500
2005-03-29,78.93959045410156,79.86765581812003,78.74991406864818,79.35281622310808,71160300
2005-03-30,80.05729675292969,80.07084284519485,79.10213444705124,79.10891007732961,62002100
2005-03-31,79.90828704833984,80.24699630431024,79.84732186304586,80.06409558013519,64575400
2005-04-01,79.54924011230469,80.60601112516923,79.19698483078052,80.3621400963094,95255300
2005-04-04,79.68476104736328,79.84056962481193,79.08185880854363,79.50186026959665,71581200
2005-04-05,80.0640869140625,80.19279290296092,79.71182643173756,79.78634287344889,46853900
2005-04-06,80.34185028076172,80.57894577290432,80.05733569019061,80.24023645033087,53268200
2005-04-07,80.77539825439453,80.78894952161836,80.15217433774558,80.21314470366457,46734600
2005-04-08,79.93537902832031,80.75505475239864,79.93537902832031,80.72795739354984,63772900
2005-04-11,79.99633026123047,80.2198795565351,79.82020521186183,80.13181703185079,44945000
2005-04-12,80.40959930419922,80.65347045476258,79.30540866069452,79.86089179957895,86144800
2005-04-13,79.46121215820312,80.47734016448042,79.34604705625469,80.31475596230416,65949000
2005-04-14,78.42475128173828,79.59668776716804,78.42475128173828,79.5289469388973,96119800
2005-04-15,77.32731628417969,78.71602099103217,77.29344329472052,78.40440912751953,128677300
2005-04-18,77.56442260742188,77.87603451473248,77.1986159766764,77.30700542354614,100035200
2005-04-19,78.18086242675781,78.26214932954818,77.78795850229635,77.97085920186709,64930100
2005-04-20,77.09022521972656,78.32989711228892,76.92087059944447,78.16054249200683,107735900
2005-04-21,78.58732604980469,78.72280769010341,77.48313052502627,77.76087460641993,86952200
2005-04-22,78.28926849365234,78.91926800722287,77.40862223397953,78.40442841687751,88845800
2005-04-25,78.80413055419922,78.91929051026109,78.39090467111106,78.48574289002028,52284100
2005-04-26,78.03861236572266,79.10215924805232,78.00474454029535,78.55345189417383,72626000
2005-04-27,78.34345245361328,78.62796699010474,77.52377666898231,77.80829120547376,84131900
2005-04-28,77.36119079589844,78.36377245206259,77.36119079589844,78.08602838569597,72481500
2005-04-29,78.41121673583984,78.49250884271794,77.20541224276876,77.95057180011996,103993800
2005-05-02,78.85147857666016,78.85825420570104,78.25534726003798,78.62792933292684,56026400
2005-05-03,78.98699188232422,79.15634649835333,78.37054376749042,78.62796092326931,86000300
2005-05-04,79.5966796875,79.76603432513298,78.77022822892413,79.02087495320656,81055700
2005-05-05,79.569580078125,79.93538670527654,79.08183790858962,79.71183734952395,96906700
2005-05-06,79.31893157958984,79.92860927781703,79.29860985103112,79.88796582069959,67415400
2005-05-09,79.81343841552734,79.98956865268306,79.29182850370655,79.40021276390763,43750500
2005-05-10,78.98699188232422,79.5966695336876,78.84473462505488,79.50183136217471,74613500
2005-05-11,79.42053985595703,79.52892929177416,78.47892859753986,79.21054178442728,91647400
2005-05-12,78.54667663574219,79.6576426135941,78.54667663574219,79.47474188419486,95086800
2005-05-13,78.39087677001953,79.00055450907732,77.76765293377977,78.7837807761116,85267000
2005-05-16,79.12248229980469,79.14957449151252,78.35022562880721,78.37731782051505,49207000
2005-05-17,79.65087127685547,79.73215819201207,78.68893821335249,78.85829284431962,61071800
2005-05-18,80.47054290771484,80.66699488966924,79.94215731335822,79.9963468645616,77944900
2005-05-19,80.80924224853516,80.89053431781683,80.4095627015989,80.62633638472444,61768100
2005-05-20,80.694091796875,80.87699251378314,80.4366694648577,80.84311952221469,46345500
2005-05-23,81.14117431640625,81.31730454577273,80.74149994516975,80.75504603898617,51047900
2005-05-24,80.95150756835938,81.17505690496353,80.74827995902965,80.91086411381055,50654100
2005-05-25,80.89056396484375,81.20217592552667,80.49765990508494,80.84991533115873,47608800
2005-05-26,81.3240966796875,81.43248095708947,81.0328065047482,81.14796641457941,43256200
2005-05-27,81.45954895019531,81.45954895019531,81.15471278859222,81.33083782190934,24596100
2005-05-31,80.93795013427734,81.4053653009867,80.88375542360923,81.34440012770412,43377200
2005-06-01,81.62894439697266,81.91345897937653,80.917652772669,80.9650718697363,69611000
2005-06-02,81.80506134033203,81.8592508936437,81.35796263953213,81.4460303542132,39704500
2005-06-03,81.39183807373047,81.8931263428768,81.10732352921174,81.66280652158828,60999400
2005-06-06,81.31729888916016,81.42568313702857,80.98536534668013,81.25632855049707,36046400
2005-06-07,81.37828826904297,82.13699890300063,81.29700135103229,81.55441853855505,66501300
2005-06-08,81.22929382324219,81.68993366288672,81.06670958399597,81.58154933835138,46881200
2005-06-09,81.61538696289062,81.68312778239337,80.91087106981699,81.11409352832521,56653300
2005-06-10,81.42568969726562,81.73053107855763,81.01923969050186,81.66956073498233,36465300
2005-06-13,81.68311309814453,82.02182230306141,81.16149802832885,81.24956572931431,49383200
2005-06-14,81.87276458740234,82.1030842960911,81.54760157528152,81.59502064285219,33857100
2005-06-15,82.02859497070312,82.13020876856777,81.44601987741693,82.07601922222675,53195600
2005-06-16,82.23859405517578,82.40117302259404,81.91343095204708,82.00826911373208,46564500
2005-06-17,82.5433120727539,82.91059506439674,82.44809113297451,82.66573973663486,51529400
2005-06-20,82.57049560546875,82.86975910822825,82.25762614990394,82.35284706293886,41019400
2005-06-21,82.61813354492188,82.74056121514244,82.31886475345999,82.6385372917666,39879800
2005-06-22,82.68611907958984,82.9377773113942,82.3460429124139,82.76093625150058,46310100
2005-06-23,81.5230941772461,82.70655829366493,81.50269042872809,82.51611638862659,62185600
2005-06-24,80.9245376586914,81.62509382486972,80.82931154535004,81.536670688728,58572500
2005-06-27,81.0401611328125,81.21700221334254,80.76809912949345,80.91773349077648,48183800
2005-06-28,81.7203369140625,81.78154815800801,81.18981870992441,81.21022245790626,41174200
2005-06-29,81.5027084350586,81.89039531001023,81.45509794828045,81.86999155698444,42316500
2005-06-30,81.06060028076172,81.83597395594194,80.90416287405013,81.76795972269258,62288800
2005-07-01,81.29863739013672,81.48228149341426,81.08098877121132,81.24422393811727,49737500
2005-07-05,81.95157623291016,82.06040312763487,81.06738106445565,81.10818855540144,51549000
2005-07-06,81.2646255493164,82.06040275404821,81.21701508037908,81.88356164550162,52363600
2005-07-07,81.58430480957031,81.58430480957031,80.43485040875653,80.45525415712117,103268800
2005-07-08,82.51612091064453,82.51612091064453,81.42787768710737,81.59791585294607,64491200
2005-07-11,82.9378433227539,83.04666508450467,82.50934369000721,82.52294965344771,49688300
2005-07-12,83.15545654296875,83.40710967850619,82.73376007193094,82.9718124389876,51871100
2005-07-13,83.27107238769531,83.33228362308236,82.97180362139805,83.16224549480472,41182300
2005-07-14,83.59752655029297,83.9580064600137,83.31185862390907,83.64513700649853,63638800
2005-07-15,83.54994201660156,83.68597564866582,83.2234716779523,83.51593750044985,56075900
2005-07-18,83.2166748046875,83.40711671439774,83.01263212534917,83.3186987389331,56598400
2005-07-19,83.67237854003906,83.73359497823031,83.25749018853398,83.46153287448111,59165700
2005-07-20,83.9580307006836,84.15527555881319,83.1826572248098,83.37989689378735,69477000
2005-07-21,83.46833801269531,84.07367348488675,83.29829984209877,84.0328659844726,101110900
2005-07-22,84.02607727050781,84.03967804323727,83.40713573365991,83.5771739331253,52607100
2005-07-25,83.78799438476562,84.3049065871297,83.55673981915884,83.93762877619022,57301600
2005-07-26,83.89004516601562,84.01927586055494,83.62478598502216,83.81523313087374,42758800
2005-07-27,84.19610595703125,84.26412019130197,83.6927943964438,83.99886104523875,43181600
2005-07-28,84.72660827636719,84.77421875029644,84.09406615750576,84.31171477963268,47880700
2005-07-29,84.16207885742188,84.76741423892976,83.99884369106587,84.61778503010898,62358100
2005-08-01,84.10087585449219,84.36613497173762,83.96484221157601,84.2233035385403,40418200
2005-08-02,84.60417175292969,84.74700315977799,84.1620715760267,84.25049472489846,45147400
2005-08-03,84.82862854003906,84.84222930808048,84.42053803981736,84.50895600496717,36837200
2005-08-04,84.1484603881836,84.54974783547028,84.04643648473996,84.49533958423146,50855600
2005-08-05,83.57714080810547,84.32531274054539,83.43430939986294,83.96482754166435,53595500
2005-08-08,83.42071533203125,83.9376327480073,83.23707122871957,83.76079162348742,47616000
2005-08-09,83.92405700683594,84.06008549673379,83.57037981960896,83.69960532826565,47170000
2005-08-10,83.88324737548828,84.67902491848184,83.53636798912412,84.21652079971433,72863700
2005-08-11,84.21650695800781,84.35933840205769,83.66558493250783,83.8424208980058,58570200
2005-08-12,83.6995849609375,84.12808445923842,83.48873929615641,84.04646427166848,54776900
2005-08-15,84.21650695800781,84.2505166686092,83.54315723915747,83.8084163765577,36208500
2005-08-16,83.12144470214844,84.01244290558787,83.03982452590387,83.95803464391044,71942100
2005-08-17,83.1146240234375,83.57033009064898,82.99899935691197,83.10782623539565,62275100
2005-08-18,83.10787200927734,83.35952522336106,82.86981437876547,83.01265103273421,53388600
2005-08-19,83.29827880859375,83.53633114948809,83.11463472479537,83.40710051193751,39842100
2005-08-22,83.29827880859375,83.81519616964421,82.89698612895599,83.37309599989652,69912000
2005-08-23,83.141845703125,83.3935040130371,82.40048191937501,83.31868681790519,55168600
2005-08-24,82.40047454833984,83.47511671942014,82.35966187064012,82.93779563388,79104600
2005-08-25,82.69972229003906,82.75413572379335,82.44126626343211,82.53648717792682,35631100
2005-08-26,82.13523864746094,82.63174719526145,82.0808251879572,82.62494940468832,61956800
2005-08-29,82.76781463623047,82.82902591129852,81.87681073782788,81.89721968533912,56179200
2005-08-30,82.33245086669922,82.50248896829162,81.88354778770278,82.46847927231272,74160200
2005-08-31,83.37307739257812,83.42749082668186,82.12159435394554,82.42766602891606,102945200
2005-09-01,83.3118896484375,83.76079285052894,82.39368468588518,83.33229339595938,74578700
2005-09-02,83.16224670410156,83.57714015826431,83.00581452973643,83.55673641283859,47653400
2005-09-06,84.13487243652344,84.20289184614138,83.4207153379066,83.42751831669888,57251300
2005-09-07,84.27769470214844,84.42732388604624,83.97162297841534,84.0872476524438,41749700
2005-09-08,83.99884033203125,84.33891660867916,83.86960968637635,84.10766723135163,39068700
2005-09-09,84.74695587158203,84.84217675634832,84.20283727136737,84.22324100536743,43093900
2005-09-12,84.57695770263672,84.79460628314425,84.52254426022198,84.64497191107942,33017600
2005-09-13,84.107666015625,84.62457821246858,84.01243988552002,84.4273333521656,58427500
2005-09-14,83.80160522460938,84.28451297096865,83.67237456391014,84.16208528955694,57694600
2005-09-15,83.7607650756836,84.10084125935332,83.59072698384873,84.06002858869044,73156900
2005-09-16,84.35640716552734,84.5203371858917,83.92608890785536,84.21979968376392,75424100
2005-09-19,84.07634735107422,84.39055391058012,83.76897793964393,84.33590883838424,53355300
2005-09-20,83.36599731445312,84.43155035852088,83.2430484854267,84.15149822136664,84480300
2005-09-21,82.58731842041016,83.24304373404267,82.4985188643118,83.18839865509624,94469100
2005-09-22,82.8810043334961,83.09958459743041,82.26626558052196,82.61461615087654,84597200
2005-09-23,82.94932556152344,83.25669498355094,82.58047912834579,82.8127128763237,59368100
2005-09-26,83.04497528076172,83.4957842410903,82.70345128820512,83.34551285056658,70415400
2005-09-27,83.02446746826172,83.32500497578046,82.66244773373623,83.0039716555123,66150800
2005-09-28,83.10643768310547,83.41381236833024,82.78540433267251,83.28403159826365,58620500
2005-09-29,83.78264617919922,83.91925365556659,82.70342939767686,83.02446269950552,66607700
2005-09-30,84.04219818115234,84.04219818115234,83.15423399634271,83.75531936867203,47824200
2005-10-03,83.74166870117188,84.24712267114434,83.63921047734512,83.98756635385939,50994800
2005-10-04,82.79905700683594,84.03537188496715,82.75807580551397,83.871441868438,60776300
2005-10-05,81.71302795410156,82.860548768709,81.67204674290781,82.81956755751526,106052100
2005-10-06,81.41932678222656,82.1433612704921,80.71578811323415,81.81549590828314,140941800
2005-10-07,81.6993408203125,81.99988349432623,81.37147561127564,81.76081261568402,75661400
2005-10-10,81.00947570800781,81.76765925469452,80.8045644753508,81.74716865255299,52677000
2005-10-11,80.89334106445312,81.54906624524936,80.81820539893309,81.27584611710748,75629800
2005-10-12,80.25812530517578,81.37149146527716,80.19665349782743,80.86603749697097,100510400
2005-10-13,80.21028900146484,80.65427103422178,79.83461069423046,80.23077959799758,99052900
2005-10-14,81.05728912353516,81.15291540801269,80.29910557429066,80.68161592344246,88651000
2005-10-17,81.3578109741211,81.46709589494657,80.9069969962102,81.14606785729403,68109300
2005-10-18,80.4766845703125,81.25535857751602,80.46302590844958,81.2416999156531,74996900
2005-10-19,81.81546783447266,81.82913170929949,79.99856332560383,80.25811962365898,116563800
2005-10-20,80.37425994873047,81.83598230710747,80.12153551436877,81.61740714729156,131966700
2005-10-21,80.68840789794922,81.13238986251233,80.26492173801101,80.79769801099096,96579500
2005-10-24,81.93843841552734,82.02723278052125,80.87971712985753,80.90020773629898,71308400
2005-10-25,81.77452087402344,82.1297035996272,81.24174417999602,81.77452087402344,76594500
2005-10-26,81.53543090820312,82.33459571235655,81.41248207593014,81.63105719872189,80855800
2005-10-27,80.66796875,81.53544263896617,80.55185183926996,81.4193205169934,66623100
2005-10-28,81.8291244506836,81.93157744659011,80.66794012174776,80.89334713522388,72322000
2005-10-31,82.05453491210938,82.85370484320264,82.05453491210938,82.16382506759754,77698900
2005-11-01,82.30042266845703,82.580474749837,82.11600206726693,82.3618996763476,66365100
2005-11-02,83.16105651855469,83.16105651855469,82.05451738123459,82.0818399142692,74012300
2005-11-03,83.51625061035156,83.78264404158125,83.16106805411373,83.43428821111878,84897600
2005-11-04,83.40697479248047,83.64604050177955,83.02446965760194,83.60505929768303,59156000
2005-11-07,83.48892211914062,83.75531030350308,83.22936065964053,83.58454837961739,46765400
2005-11-08,83.48892211914062,83.61869763765031,83.18837946550488,83.28400572598164,42152800
2005-11-09,83.59823608398438,83.98074125878001,83.23622151337534,83.38649289239996,57666800
2005-11-10,84.24713897705078,84.3700878271911,83.16109514351353,83.56409096765847,79048100
2005-11-11,84.53400421142578,84.58864407942276,83.62554931124065,84.25395208875935,34867000
2005-11-14,84.48617553710938,84.71157732785552,84.2744271968003,84.55447926797915,45092200
2005-11-15,84.17879486083984,84.75938434822494,83.91923861775622,84.39054318587883,69592500
2005-11-16,84.34955596923828,84.39054237340234,84.00120540690514,84.26759358339058,51133000
2005-11-17,85.13504791259766,85.14187984738086,84.11047656716886,84.47932287687195,55717500
2005-11-18,85.46980285644531,85.57226110887436,84.92336752889574,85.4219897001442,72437200
2005-11-21,85.9001235961914,86.00258184518744,85.36734695490365,85.48346387185242,50021200
2005-11-22,86.2689437866211,86.41920993312499,85.66785835563981,85.76348463579748,66438800
2005-11-23,86.76754760742188,87.027109065954,86.20744870761517,86.23477124068383,50854700
2005-11-25,86.83589172363281,86.89736875444162,86.61731656866006,86.73343869102274,15270000
2005-11-28,86.22114562988281,86.93151091700243,86.09136485086945,86.91785225085265,54498500
2005-11-29,86.12548828125,86.73340557298665,86.12548828125,86.50799856482776,51738900
2005-11-30,85.66101837158203,86.41919655799106,85.57905076788671,86.17330416938636,56007200
2005-12-01,86.53530883789062,86.76754253854686,86.05034562954371,86.0776629497762,65468200
2005-12-02,86.64458465576172,86.80168789242441,86.40551904452673,86.58993959855387,46699400
2005-12-05,86.46021270751953,86.56267094457385,86.18699247912215,86.54217512816906,59273400
2005-12-06,86.62413787841797,87.25254072044906,86.49435710471337,86.7812411945468,57935200
2005-12-07,86.11866760253906,86.6582759881827,85.84544744115429,86.58996703940565,66816500
2005-12-08,86.06404113769531,86.62414024458617,85.70885849896253,86.21431251951226,62608600
2005-12-09,86.28944396972656,86.59681344561575,85.94108807547467,86.17332707538993,50744500
2005-12-12,86.37139892578125,86.6514510469021,86.03670693696498,86.54899282670566,48389900
2005-12-13,86.95883178710938,87.22522006746344,86.26212517954696,86.35091953591755,88630900
2005-12-14,87.30035400390625,87.49160658993398,86.84271314287673,86.87686762377116,64375000
2005-12-15,87.047607421875,87.43011249644991,86.87001354671916,87.32082235443376,55900300
2005-12-16,86.76744842529297,87.45411705465497,86.76744842529297,87.3991823069782,46238300
2005-12-19,86.32108306884766,87.1176209195068,86.30735200608571,87.02148776358092,48733000
2005-12-20,86.40351867675781,86.92538308596127,86.16318569372122,86.42411789832293,46603200
2005-12-21,86.54085540771484,87.0421258637288,86.38292454050755,86.67132413712939,51806900
2005-12-22,86.99402618408203,86.99402618408203,86.57515801732377,86.73308882447657,32247900
2005-12-23,87.0420913696289,87.11075716463195,86.80862137998135,87.05582243308378,27977300
2005-12-27,86.15631866455078,87.24125641797816,86.09451576018279,87.17945351361018,44499500
2005-12-28,86.34860229492188,86.51340134136534,86.17693509354032,86.34173413998379,30764300
2005-12-29,85.96403503417969,86.4927674977144,85.87476477231561,86.32796851722976,32788900
2005-12-30,85.49713134765625,85.87479603370255,85.39412998278289,85.69626592271355,44645600
2006-01-03,87.00092315673828,87.20692586456337,85.41472011863114,85.96405718025372,73256700
2006-01-04,87.4129409790039,87.54340448953458,87.00093550487733,87.11080502834234,51899600
2006-01-05,87.46783447265625,87.61203423365578,87.12450021155307,87.30990364631323,47307500
2006-01-06,88.1957015991211,88.29183476759503,87.45409838043805,87.90730209369927,62885900
2006-01-09,88.42234802246094,88.6214773726189,88.15454759832586,88.18200974127582,43527400
2006-01-10,88.51161193847656,88.5665467046517,88.07214428681077,88.16141459156228,44960800
2006-01-11,88.79315185546875,88.88242216340679,88.39488264478415,88.59402248899428,49598900
2006-01-12,88.44290161132812,88.77249954532456,88.19570054139844,88.63516794597017,40509200
2006-01-13,88.36048126220703,88.51154914257737,88.03088337672986,88.28495779974972,44856700
2006-01-17,88.12022399902344,88.18202168733372,87.76315322589251,88.03095368630665,52066600
2006-01-18,87.7699966430664,88.51159488810288,87.31679800659226,87.6051976151546,75067600
2006-01-19,88.10646057128906,88.42233278833403,87.76312621602554,87.98286523270603,81530400
2006-01-20,86.49967956542969,88.10648222836839,86.49967956542969,88.08588300020782,114957800
2006-01-23,86.80864715576172,87.08331565619457,86.60951262391954,86.6644473717793,67017400
2006-01-24,86.89794921875,87.3099495006795,86.8086789111056,86.95287874783753,53008800
2006-01-25,86.97343444824219,87.33049976200682,86.41036125072141,87.23436659142155,87747700
2006-01-26,87.4541244506836,87.66699006735087,87.04212428599655,87.37859047595657,71294000
2006-01-27,88.26441955566406,88.34682695203485,87.51595293743766,87.66015802278427,65771200
2006-01-30,88.1957015991211,88.44976558486017,88.1339039503299,88.1957015991211,33709600
2006-01-31,87.55023956298828,88.26437024020261,87.54337141065008,88.11331279968441,72937000
2006-02-01,88.16138458251953,88.18884671739168,87.70131785985598,87.76998367476808,63561000
2006-02-02,87.13825225830078,87.98971991278201,87.06958644144788,87.96225777713366,83626900
2006-02-03,86.70563507080078,88.1613742755292,86.61637004573765,86.91850588266709,86040400
2006-02-06,86.93224334716797,87.06958020991064,86.63697564085328,86.82237909583947,45511900
2006-02-07,86.16320037841797,86.97346974422476,86.1082656189711,86.78119808616071,71208100
2006-02-08,86.94599151611328,87.96226348361047,86.24558651772386,86.4172536904259,59422200
2006-02-09,86.80179595947266,87.61892817901735,86.77432858183475,87.15199323690612,62023300
2006-02-10,86.959716796875,87.29618296609353,86.14257943276398,86.81551701006705,64508700
2006-02-13,86.80179595947266,87.06272818873288,86.48592373607,86.93225945466946,52308700
2006-02-14,87.72191619873047,87.91418257409819,86.66444589534215,86.83611305032989,90964400
2006-02-15,88.03091430664062,88.11332166525987,87.37171306521013,87.6738489321071,85471300
2006-02-16,88.69011688232422,88.72445240709298,88.01717412559603,88.12704361376362,61017900
2006-02-17,88.44979858398438,88.69013683370012,88.2918677077979,88.61460285330948,40342600
2006-02-21,88.23007202148438,88.85493262488701,88.09272988842265,88.65580329632141,46456300
2006-02-22,88.76566314697266,89.0265901203664,88.33992144075623,88.42232880716757,42326700
2006-02-23,88.63519287109375,89.01972564851239,88.08585584146753,88.76566159437486,43423200
2006-02-24,88.86182403564453,88.90988540977403,88.41548296816198,88.65582127201688,36777400
2006-02-27,88.89613342285156,89.2943920435663,88.77252760994517,88.85492450006095,35858600
2006-02-28,88.05149841308594,89.20510693615805,87.98283785004207,88.71756769321685,74394800
2006-03-01,88.8343276977539,88.91673506784753,88.23692927267341,88.30560033479593,48641600
2006-03-02,88.82743835449219,88.86863678841505,88.31243697499669,88.51156623153379,60642300
2006-03-03,88.41546630859375,89.3150111910144,88.33993232542053,88.35366863447034,73402500
2006-03-06,88.0103530883789,88.70388491668389,87.79061924635661,88.67642277044064,57478400
2006-03-07,87.87297821044922,87.93477586742387,87.48157733301336,87.79744424823656,61780800
2006-03-08,88.05838775634766,88.19571938504393,87.33051545543303,87.68758083336287,66692400
2006-03-09,87.46783447265625,88.3605004082055,87.46783447265625,88.085837190415,56313600
2006-03-10,88.2987060546875,88.47037319165254,87.50904141574048,87.69443961856201,60490800
2006-03-13,88.46350860595703,88.69011047979517,88.25750594994688,88.47037151932291,45479100
2006-03-14,89.39051818847656,89.42485371589335,88.31245387616642,88.38112493099999,69877300
2006-03-15,89.7887954711914,89.85746653230838,89.1639349170514,89.36992714493665,53398900
2006-03-16,89.9742202758789,90.27635625202048,89.8437515154782,89.96048396485375,65526400
2006-03-17,90.04933166503906,90.24236262419726,89.88388256827393,90.09069393923035,47286800
2006-03-20,89.90455627441406,90.24235516532138,89.7666785320398,90.06311515217459,45538500
2006-03-21,89.33924865722656,90.30441394451654,89.24273318043737,89.87697924496608,87102700
2006-03-22,89.88390350341797,89.9735182785721,89.24275654592655,89.28411882975166,51605700
2006-03-23,89.69776916503906,89.89080018305495,89.38754149461364,89.80117488204704,46704200
2006-03-24,89.76670837402344,90.01489260056229,89.4426897860588,89.61503965117187,43209200
2006-03-27,89.63568878173828,89.81492879045935,89.44265784330109,89.64257898689776,32523000
2006-03-28,89.0842056274414,89.98731730348831,88.9670089729332,89.57367338924617,82079900
2006-03-29,89.64257049560547,89.96658893716074,89.13241133840447,89.21514638946712,61505700
2006-03-30,89.4840316772461,90.29751780587448,89.31168185141141,89.69774377817733,70571700
2006-03-31,89.50473022460938,89.78738651861417,89.18760185485269,89.63571780082627,62925600
2006-04-03,89.4357681274414,90.221682907645,89.27031902807127,89.6701718838799,61624700
2006-04-04,90.00797271728516,90.12516933829116,89.18069564469074,89.43577002456269,54809300
2006-04-05,90.31819915771484,90.50433991548954,89.88388474877199,90.0424436434845,50607200
2006-04-06,90.22172546386719,90.45612933087044,89.75293876866756,90.20794504535198,57906200
2006-04-07,89.30475616455078,90.5870389311282,89.17377916982035,90.3526457581635,80180900
2006-04-10,89.44264221191406,89.67703537913891,89.11172307294272,89.44264221191406,41496500
2006-04-11,88.68431091308594,89.66325649539516,88.41544565117985,89.51848855712092,72799400
2006-04-12,88.84980773925781,89.0221576080758,88.66366693550205,88.77397337620185,43033700
2006-04-13,88.73258209228516,89.10485305873442,88.45681608065816,88.64984702909818,51051800
2006-04-17,88.69812774658203,89.14623314082935,88.25691255922783,88.81532438016364,64167700
2006-04-18,90.10449981689453,90.26995946050431,88.8842599288476,88.8842599288476,92531800
2006-04-19,90.27682495117188,90.35956001002523,89.78735740019324,90.13894721227918,87269000
2006-04-20,90.40093994140625,90.90419852041506,90.03555912822735,90.31131465988716,86005500
2006-04-21,90.41472625732422,90.8559414484251,90.04934542029066,90.78700782070929,72342600
2006-04-24,90.2492904663086,90.35959691022754,89.88390957530342,90.23549953096837,52546400
2006-04-25,89.87698364257812,90.39403311911866,89.5667560605335,90.33887991262651,84359800
2006-04-26,89.8976821899414,90.40784155924385,89.82874855802523,89.96662634125815,67262400
2006-04-27,90.33201599121094,90.74565990056402,89.33927902428482,89.55299118700333,124478600
2006-04-28,90.63533020019531,90.82836116985827,90.11139049959567,90.16653318858603,55854400
2006-05-01,89.8976821899414,90.86284771137302,89.84253949216868,90.63534463530844,64990300
2006-05-02,90.5732650756836,90.62841827085298,90.13205003372491,90.31818023310066,49063500
2006-05-03,90.23550415039062,90.53195141867359,89.93216667378555,90.41474424138362,60821300
2006-05-04,90.55948638916016,90.7387264081436,90.29062110098609,90.36645543967097,42921400
2006-05-05,91.35917663574219,91.55220755266687,90.89728047600128,91.03515819960519,62588200
2006-05-08,91.2489013671875,91.53155763457556,91.2489013671875,91.35230706530528,30016700
2006-05-09,91.42813110351562,91.53154730936714,91.21441900524692,91.29025334844533,29864000
2006-05-10,91.37991333007812,91.51779113751593,90.92490709807119,91.28339781293141,64378200
2006-05-11,90.27682495117188,91.37986790110777,89.98038833852245,91.35228604169093,80626900
2006-05-12,89.09798431396484,90.11829250424873,89.06351223928357,89.87010829370398,91726500
2006-05-15,89.27721405029297,89.4426736779876,88.66364906176575,88.78773589298744,84029300
2006-05-16,89.146240234375,89.62192753284575,88.93941829772676,89.45646787964702,62137600
2006-05-17,87.45027160644531,89.00142478479768,87.39511841812129,88.70497771248043,144789500
2006-05-18,87.00910186767578,88.07077762639082,86.94016297626837,87.7950168010609,87906300
2006-05-19,87.6226806640625,87.89154606444487,86.7264644160216,87.46412171496576,124309400
2006-05-22,86.95392608642578,87.67090194235072,86.51960644953327,87.05733702655225,110852800
2006-05-23,86.29212951660156,87.98805156432356,86.29212951660156,87.67782390987094,92006500
2006-05-24,86.98151397705078,87.47788234632208,86.00946363697746,86.64370977117987,168405000
2006-05-25,88.0569839477539,88.0569839477539,87.16076266182176,87.49856688080243,78977900
2006-05-26,88.5051040649414,88.5051040649414,87.90532465464061,88.2500191172441,62989700
2006-05-30,86.93327331542969,88.24313337845628,86.89880649727411,88.2224522356228,72419900
2006-05-31,87.9052963256836,87.9052963256836,87.00217976769576,87.29173143849037,86926200
2006-06-01,88.74635314941406,88.89113160518323,87.73983098170832,87.81566531198806,73721700
2006-06-02,88.93247985839844,89.22891640861684,88.46369354101259,89.10482962556587,91702600
2006-06-05,87.6364517211914,88.8360051784644,87.39515772866359,88.82911497159782,86105100
2006-06-06,87.42274475097656,87.81570223688557,86.69887846624972,87.69850558979178,130498600
2006-06-07,86.76778411865234,88.00180932330416,86.71952638482567,87.49165538575096,108599400
2006-06-08,86.69197845458984,87.20902802787765,85.39590941770714,86.57478181363933,204957200
2006-06-09,86.41619873046875,87.52613199248663,86.37483645675599,87.11249347626173,94972200
2006-06-12,85.4786376953125,86.81607433273535,85.36144104927249,86.78160225580571,95815900
2006-06-13,84.48591613769531,86.06463646336017,84.48591613769531,85.30629801764886,185688800
2006-06-14,85.14081573486328,85.23043575267135,84.34111000168579,84.68580966053139,163566400
2006-06-15,86.94703674316406,87.11249109318798,85.38899293965022,85.4510363485221,134057000
2006-06-16,86.31343841552734,86.94356184566465,86.18187191874144,86.75660365602617,94253500
2006-06-19,85.63487243652344,86.88820441418771,85.55178222300763,86.83280741654487,95804400
2006-06-20,85.92569732666016,86.4242597312919,85.6694954619649,85.87030561288314,65494700
2006-06-21,86.56271362304688,87.04049797864162,85.83564289334967,85.86334137936106,75008200
2006-06-22,86.18187713623047,86.59734391398236,85.8910509200988,86.52117438838407,74566100
2006-06-23,86.1680679321289,86.76357250911845,85.88416225295876,86.09189837347101,54107000
2006-06-26,86.54889678955078,86.59736783896422,86.03648779818745,86.2372979408855,37899600
2006-06-27,85.80101776123047,86.7565916886903,85.70407042548219,86.56270758308504,69780200
2006-06-28,86.38268280029297,86.39652940289879,85.62099286625843,85.9949145319728,62368100
2006-06-29,88.1276626586914,88.18305964592507,86.67352608296618,86.69429863244193,110634800
2006-06-30,88.13457489013672,88.39770789708254,87.91299225862515,88.3146124291607,54227800
2006-07-03,88.49465942382812,88.6400672630715,88.15535685576953,88.2384523325701,23914000
2006-07-05,87.98916625976562,88.25229399715091,87.60831861609897,88.14150531723229,69653400
2006-07-06,88.24535369873047,88.5292539202377,87.99607262070444,88.07916279141595,50100300
2006-07-07,87.67064666748047,88.32846869088323,87.44906401173927,88.07226688193239,81626500
2006-07-10,87.83680725097656,88.23842735071946,87.53213448819378,87.89913016166908,60964100
2006-07-11,88.22462463378906,88.22462463378906,87.20672727737988,87.67066523563696,73640800
2006-07-12,87.28288269042969,88.21768440083176,87.0543740794799,88.0445727773148,82561300
2006-07-13,85.86338806152344,87.02669869173945,85.86338806152344,86.86743363132138,102405700
2006-07-14,85.5309829711914,86.04339714666537,85.05319851425912,85.95337572729844,103242500
2006-07-17,85.40636444091797,85.93262535667928,85.27480317418902,85.53100504509963,81159000
2006-07-18,85.84259033203125,85.89798731792635,84.74852363386591,85.66255276934581,122771000
2006-07-19,87.0335922241211,87.42828647222035,85.66947193139038,85.98799665065057,133565300
2006-07-20,86.4381332397461,87.45603085661624,86.320418554476,87.33139022428624,112259800
2006-07-21,85.82877349853516,86.68741128175479,85.73875732190143,86.65971277749452,101560000
2006-07-24,87.39364624023438,87.46981575530457,86.1680186228297,86.1680186228297,92884000
2006-07-25,87.70523834228516,88.14840348822794,87.05433722289312,87.23437471435278,95480700
2006-07-26,87.82299041748047,88.25230386421661,87.37289913817376,87.65679945460113,84525800
2006-07-27,87.73987579345703,88.41847553645917,87.3867266780709,88.2038135769773,87257100
2006-07-28,88.61931610107422,88.73010480732648,87.84377402551569,87.9684146218921,82137000
2006-07-31,88.52930450439453,88.60547405969925,88.25232478355453,88.39774323128083,49593100
2006-08-01,88.09305572509766,88.20384443198732,87.66373693889821,88.17614593452785,65225600
2006-08-02,88.68855285644531,88.95168591900944,88.3215570407088,88.34232959134329,64770900
2006-08-03,88.92393493652344,89.0139563187496,88.04453063448422,88.17609181298057,63693800
2006-08-04,88.77161407470703,89.62332007032198,88.27305717341699,89.38097020341604,96294200
2006-08-07,88.56392669677734,88.68856730383598,88.21770337527545,88.56392669677734,45377300
2006-08-08,88.22462463378906,88.95169568349515,87.90609454593518,88.69548325438548,90901300
2006-08-09,87.9268569946289,89.04862220225162,87.67064989330375,88.75778538054817,78910600
2006-08-10,88.1969223022461,88.28693845528035,87.44215278714243,87.64988887315764,69322300
2006-08-11,87.94761657714844,88.07917779750439,87.51829791786136,88.05840525128748,47482200
2006-08-14,88.01687622070312,88.74394716865497,87.88530969339148,88.37694608104604,57839000
2006-08-15,89.06939697265625,89.23557737103673,88.56390870147624,88.80626392069368,68143000
2006-08-16,89.810302734375,89.94186925083201,89.35328554012253,89.54718026735532,71737600
2006-08-17,90.03882598876953,90.27425528502071,89.6649094927174,89.72722714774342,70992800
2006-08-18,90.49581909179688,90.49581909179688,89.73412384744753,90.1495959018005,58288400
2006-08-21,90.10804748535156,90.21191021216156,89.87953892047672,90.14266135035966,42133600
2006-08-22,90.10111236572266,90.37809723506692,89.79643429239017,90.01110152834163,60839900
2006-08-23,89.85182189941406,90.3226908452661,89.45713302984595,90.14264805748827,66592100
2006-08-24,89.77568817138672,90.08729756185079,89.60257653930468,90.01112802109888,57983000
2006-08-25,89.8864974975586,90.19117571258228,89.70646517317972,89.7687828355535,41756000
2006-08-28,90.3157958984375,90.58586018858311,89.768767788355,89.77568844993738,52681500
2006-08-29,90.4196548461914,90.5927664512961,89.88646814401865,90.35733720416823,61817800
2006-08-30,90.47505187988281,90.73817433498577,90.39888235095708,90.620459711354,50052200
2006-08-31,90.46122741699219,90.70358796410936,90.41968230969142,90.6066458584419,37510300
2006-09-01,91.00131225585938,91.11210622497036,90.59969204225287,90.80742809286237,48794500
2006-09-05,91.17443084716797,91.2990767134295,90.84898014168456,91.06363686957889,52348300
2006-09-06,90.37117767333984,90.82127418190599,90.24654239046826,90.78664974803263,53795600
2006-09-07,89.95571899414062,90.41273617749962,89.5679506807066,90.059581733134,86269400
2006-09-08,90.2119140625,90.33655990588487,89.90031530287779,90.07342689887827,45096300
2006-09-11,90.30192565917969,90.49580978035677,89.65794509778341,89.92107807619179,68496600
2006-09-12,91.1882553100586,91.29211802912607,90.27422111869647,90.40578760677666,69875600
2006-09-13,91.55526733398438,91.71452705358885,91.07055694873554,91.15364713880851,62898400
2006-09-14,91.56222534179688,91.56915657105942,91.22985388004027,91.37527233787655,57805400
2006-09-15,91.77709197998047,92.07614832544931,91.58234453513664,92.02050771440271,76703100
2006-09-18,91.90225982666016,92.07613272708993,91.56146512136836,91.65883352111464,64154100
2006-09-19,91.67278289794922,91.89534539322442,91.1581256992621,91.88838368251965,92089100
2006-09-20,92.15962219238281,92.34045686719742,91.84665297906369,91.97879812993173,75204100
2006-09-21,91.7145004272461,92.3265366082512,91.40153123918218,92.22916818057881,88932500
2006-09-22,91.43631744384766,91.58236479433627,91.10943541436427,91.57541369605332,65966800
2006-09-25,92.13873291015625,92.39607204289752,91.14418492203384,91.61711416082645,92299100
2006-09-26,92.90380096435547,92.91771377257281,92.08311507734423,92.1526685060677,73962700
2006-09-27,93.01509094238281,93.17505110863613,92.68820889893196,92.8412179666053,82432200
2006-09-28,92.98033905029297,93.18898879940782,92.6951847469149,93.01511577720663,58597500
2006-09-29,92.90380096435547,93.15417845045138,92.834247535632,93.05681001765649,47966600
2006-10-02,92.5560302734375,93.07764901216582,92.46561296276926,92.87595049026903,51687400
2006-10-03,92.75079345703125,93.10549047976124,92.2569895745357,92.42391143883633,73108100
2006-10-04,93.83572387695312,93.89136447753405,92.55602190067005,92.66034139403463,80890500
2006-10-05,94.01654815673828,94.17651886353187,93.71749186660671,93.83572416356752,60505900
2006-10-06,93.8983383178711,93.96094064141339,93.47408792149025,93.85661051041757,64983600
2006-10-09,93.95401763916016,94.10007563778255,93.64104834195946,93.78710634058186,41176800
2006-10-10,94.07915496826172,94.2043383666733,93.78008805145629,93.96092266564189,56403700
2006-10-11,93.9678955078125,94.19044736061237,93.40454885986874,93.7801097543771,104071800
2006-10-12,94.78162384033203,94.85812836459046,94.16958764626463,94.204364359539,59158600
2006-10-13,95.0250473022461,95.08068791930351,94.61469907799295,94.69816530976037,53944000
2006-10-16,95.17111206054688,95.31717003360886,94.87900672678745,94.94856016393402,42273000
2006-10-17,94.87206268310547,95.07375068604564,94.35739480209577,94.91379050355066,90500600
2006-10-18,94.99722290039062,95.53970565817325,94.65643870856161,95.3101920895171,86848600
2006-10-19,95.15022277832031,95.19891229381187,94.7468362976426,94.85811752245613,64063200
2006-10-20,95.17111206054688,95.2476165964623,94.81641500077426,95.17111206054688,48094500
2006-10-23,95.60926818847656,95.8387817789896,94.85813569562399,94.97636804000396,66219900
2006-10-24,95.89447784423828,95.92924396793693,95.4354503978217,95.47717823615596,53234900
2006-10-25,96.22129821777344,96.26302602928845,95.63707701947419,95.79704778009912,78105400
2006-10-26,96.52033996582031,96.67334899307166,95.96394446784834,96.43688435545103,66843700
2006-10-27,95.91525268554688,96.49946310440171,95.72051587926192,96.40209470125924,80238000
2006-10-30,95.84571838378906,96.11695974749492,95.56056421332947,95.74139886404147,49717800
2006-10-31,95.831787109375,96.15866902474049,95.45622629829556,96.0265345293111,71274100
2006-11-01,95.18499755859375,96.19345843366963,95.08762914194563,96.13086672561616,83005600
2006-11-02,95.12937927246094,95.28933943470228,94.83727395396473,94.94159349186909,60693100
2006-11-03,94.96245574951172,95.55362808700234,94.32260449929949,95.47017245812886,71346400
2006-11-06,96.0334701538086,96.17256633504539,95.24756134190108,95.25452304899586,63303300
2006-11-07,96.40211486816406,96.6594434276526,95.97786446307194,96.11696069489379,63318900
2006-11-08,96.61076354980469,96.70813197233632,95.18500331016419,95.97786349716806,87517800
2006-11-09,96.10305786132812,96.77073470066995,95.90832099409579,96.68031736503946,95916300
2006-11-10,96.1447982788086,96.21434109719657,95.78313954115507,96.07524484805707,48991500
2006-11-13,96.38123321533203,96.70115342837254,96.02653629764966,96.10303019055736,59398200
2006-11-14,97.10454559326172,97.18801181180656,96.06130806651895,96.65248024328422,96704000
2006-11-15,97.38276672363281,97.68182310958316,97.04197191447653,97.06979752994714,76509600
2006-11-16,97.63316345214844,97.84180254750264,97.01417604041274,97.67489127121928,76728800
2006-11-17,97.6610107421875,97.66796184354199,97.18111943951682,97.32021575318565,56353800
2006-11-20,97.71659851074219,97.88352036423603,97.32712479828595,97.57750227234536,69174200
2006-11-21,97.81398010253906,97.83484401048828,97.57055369331252,97.70966056279292,51367900
2006-11-22,98.00867462158203,98.17559642538951,97.71656942418859,97.89044232351989,45505300
2006-11-24,97.61229705810547,97.95308131342004,97.50796690071888,97.53579252096786,30998000
2006-11-27,96.26995849609375,97.61226297677608,96.24214349792109,97.56357346452269,84545100
2006-11-28,96.6872787475586,96.78464718084463,96.05437862501776,96.14479596034168,106652900
2006-11-29,97.69571685791016,97.73744466061252,96.728983849982,97.00022517990828,90034900
2006-11-30,97.73748779296875,98.09914659659374,97.20195599311171,97.67489606129293,83994300
2006-12-01,97.52185821533203,97.82787629643076,96.65249349055719,97.73745896909821,126080000
2006-12-04,98.26605224609375,98.4468869437192,97.52883248232348,97.54274529268656,87813200
2006-12-05,98.6902847290039,98.73202315246868,98.24517038997956,98.45382005785162,73374400
2006-12-06,98.60685729980469,98.80855592761573,98.41212038407636,98.66944903435322,53253200
2006-12-07,98.17560577392578,98.9684658458803,98.14082906827608,98.78068012526037,62857400
2006-12-08,98.35643005371094,98.69026308166343,97.91131581232074,98.15474214017064,79625500
2006-12-11,98.6416244506836,98.82244853706484,98.30082957504764,98.35647020447995,39779400
2006-12-12,98.56512451171875,98.66944406404473,97.98786489332899,98.54426060125355,77451600
2006-12-13,98.66944885253906,98.99633094884484,98.45384802569183,98.91982640263784,55520200
2006-12-14,99.53876495361328,99.62223117087066,98.64853646018007,98.66244926511642,64755200
2006-12-15,99.54791259765625,99.93256664524284,99.4779822890466,99.75772486647578,70857400
2006-12-18,99.27513122558594,99.92554800424193,99.13525997720049,99.68775514334524,48954600
2006-12-19,99.46394348144531,99.70172562351809,98.74359655773127,98.9953690233054,65023600
2006-12-20,99.40798950195312,99.77166320027686,99.31706840949975,99.50590042017609,41469600
2006-12-21,99.04431915283203,99.6108045325271,98.83451765775244,99.49891395898135,48698400
2006-12-22,98.43589782714844,99.06532381108728,98.37994719078834,99.05833398335204,62069100
2006-12-26,99.01632690429688,99.0373070490855,98.4568314764623,98.47781162125092,32696900
2006-12-27,99.666748046875,99.72969916239934,99.19118379662476,99.21915377014388,39727100
2006-12-28,99.45695495605469,99.79963785014381,99.30309340999786,99.5968261784272,37288800
2006-12-29,99.04431915283203,99.68773530455297,98.91143775828823,99.35204224093555,45461200
2007-01-03,98.86951446533203,99.91157519071928,98.31002937372226,99.48496087189567,94807600
2007-01-04,99.07929992675781,99.34506274347581,98.33797277642992,98.77157680666143,69620600
2007-01-05,98.28900909423828,98.89046499184744,98.17711851233888,98.84151486317099,76645300
2007-01-08,98.74362182617188,98.89748340958973,98.08621518274883,98.48485946837495,71655000
2007-01-09,98.65966033935547,99.03032381728049,98.19107528391447,98.82750150883795,75680100
2007-01-10,98.98841094970703,99.00940177970024,98.12120260778066,98.31702453476369,72428000
2007-01-11,99.4219970703125,99.74369985535074,98.96041237370122,99.01636300403212,54476800
2007-01-12,100.17732238769531,100.17732238769531,99.3870343459193,99.41500432752099,55370600
2007-01-16,99.98152160644531,100.31721481398692,99.82065949592993,100.0584524114543,44871300
2007-01-17,100.02345275878906,100.33117588909961,99.82063039040641,99.90456167144026,50241400
2007-01-18,99.687744140625,100.19128911642916,99.52689275630982,100.1283486623264,68177300
2007-01-19,99.883544921875,100.07936672005263,99.63177251400555,99.68771245220974,56973000
2007-01-22,99.57583618164062,100.07938106957855,99.26111262306254,100.0584009218719,60253600
2007-01-23,99.86959075927734,100.06541262835209,99.35205543587034,99.49192667499638,54064400
2007-01-24,100.67384338378906,100.69482353295659,99.94650664583851,99.98846694417355,55834700
2007-01-25,99.49195098876953,100.65290283306211,99.3171092292614,100.61094251821922,73583800
2007-01-26,99.40101623535156,99.76467932276805,99.01636232415,99.70873936431282,67255600
2007-01-29,99.34508514404297,99.8696103975263,99.12828308004217,99.44299609783344,66114600
2007-01-30,99.86260223388672,99.91156304277132,99.35206734769487,99.55488973951282,70407600
2007-01-31,100.53397369384766,100.79973648266301,99.58982428099637,99.75068632237938,91868600
2007-02-01,101.13546752929688,101.17043801540486,100.64591273826753,100.81375399719526,69312400
2007-02-02,101.27533721923828,101.37324817591374,100.9746145206972,101.2193865766389,49607000
2007-02-05,101.30330657958984,101.36624704368522,100.94662260673056,101.19839513460481,45705300
2007-02-06,101.33126831054688,101.42917924833098,100.93962455941046,101.38721894235091,57081300
2007-02-07,101.55506896972656,101.65996973274714,101.10747459501931,101.49211784042255,55669700
2007-02-08,101.42217254638672,101.49210282088777,100.8976474659235,101.25432067890206,70641000
2007-02-09,100.66685485839844,101.63897424451532,100.28220099954139,101.45014222807822,79084400
2007-02-12,100.32418823242188,100.73681217747735,100.1423566646414,100.66688188440466,65657000
2007-02-13,101.17039489746094,101.3382360848562,100.54095843026006,100.54795892739455,64081800
2007-02-14,101.83480072021484,102.03761239784515,101.25432499252737,101.26831531661962,66039400
2007-02-15,101.96770477294922,102.07260554821899,101.7089317414623,101.87678365338682,38715200
2007-02-16,101.91873168945312,101.93971184198044,101.56904825200897,101.71591999119183,39841800
2007-02-20,102.13560485839844,102.24750619748629,101.40826749732548,101.79991151263391,56911800
2007-02-21,102.0935287475586,102.15647984909434,101.65293506573012,101.83476653192227,63971600
2007-02-22,102.01665496826172,102.4013089302886,101.5271002309061,102.14254657014911,79067400
2007-02-23,101.61800384521484,101.96068676658479,101.42917181065951,101.92572696182619,71966200
2007-02-26,101.527099609375,102.07260498073074,101.23336676875981,101.98868436098151,69192800
2007-02-27,97.56171417236328,100.84873753347715,97.21203060902148,100.62494560211604,274466500
2007-02-28,98.5617904663086,99.29612798248533,97.77151297861778,98.1841369653716,177536300
2007-03-01,98.26801300048828,98.78554820983697,96.54757686256681,97.44975522686869,212828600
2007-03-02,96.98118591308594,98.37292958690843,96.97419608732432,97.94631544267568,162574000
2007-03-05,96.05805206298828,97.61763732820296,96.04406173637638,96.46367549130133,143750400
2007-03-06,97.7015380859375,97.99527085612816,96.31679483461286,97.05812192197362,143333300
2007-03-07,97.60364532470703,98.23308195351908,97.49174405671926,97.62462547851821,115144900
2007-03-08,98.42890930175781,98.72264214291528,97.96033472147144,98.28902737326038,117891600
2007-03-09,98.45685577392578,98.90445009235451,97.96730115556471,98.82751931864846,107765100
2007-03-12,98.60371398925781,98.84848592916634,98.02323835289191,98.205069851523,80366900
2007-03-13,96.68746185302734,98.44986920899865,96.54059012690863,98.03723467918446,190605200
2007-03-14,97.40777587890625,97.46372648558041,95.63837929484849,96.81331002054455,231853800
2007-03-15,97.54073333740234,97.90440722878031,97.07215864634584,97.19104977647999,132435900
2007-03-16,97.26754760742188,98.03990664145769,96.97966735711611,97.81521648107763,121531600
2007-03-19,98.44014739990234,98.53142914102459,97.70289734686885,97.7801332707832,96161200
2007-03-20,98.98081970214844,99.0369922689846,98.27166113425727,98.35591462760073,82147400
2007-03-21,100.60974884033203,100.86251995267001,98.87547094996263,99.07206951357904,152368700
2007-03-22,100.53251647949219,100.88358688605081,100.25868199092922,100.74316086619108,118942200
2007-03-23,100.67997741699219,100.97487529232927,100.51145975373417,100.602741493893,74416800
2007-03-26,100.54654693603516,100.86250811090767,99.76717032398062,100.75719129055581,113787500
2007-03-27,100.30784606933594,100.51849047510024,99.97783900019644,100.49039884029457,99864600
2007-03-28,99.57759094238281,100.03397807393328,99.18438318344968,99.80227037652867,152907900
2007-03-29,99.68291473388672,100.13228434746365,99.1352458521466,100.08312935647372,139432700
2007-03-30,99.7040023803711,100.29379813299468,98.69291782511962,99.8725200441861,128194100
2007-04-02,99.81632232666016,100.02696667487228,99.33886108979154,99.81632232666016,79416400
2007-04-03,100.89056396484375,101.0941799832643,100.34289526557401,100.38502197877736,82417800
2007-04-04,101.00296020507812,101.07316785806579,100.51848133004346,100.89061510371559,63995200
2007-04-05,101.27678680419922,101.41721281305412,100.83443469817944,100.87656142945413,46822800
2007-04-09,101.417236328125,101.6700074881996,101.21360946132646,101.5646799217734,50967400
2007-04-10,101.53658294677734,101.70510059812565,101.2978576427311,101.33998437711357,56620000
2007-04-11,101.122314453125,101.7121101155314,100.78527917704906,101.68402919943391,106365700
2007-04-12,101.57174682617188,101.75429967807293,100.64491531538741,100.92577821887858,115534400
2007-04-13,102.03507232666016,102.03507232666016,101.36101266834363,101.740163860399,84287000
2007-04-16,103.0040512084961,103.11639630562159,102.38617460194214,102.39319215283068,83064600
2007-04-17,103.27791595458984,103.49557794792506,102.96897220386067,103.19366246396237,108424100
2007-04-18,103.40430450439453,103.70621998134993,102.91280796410608,102.93387133627408,88345300
2007-04-19,103.37618255615234,103.4955452013814,102.76532351473953,102.8987319752361,102947700
2007-04-20,104.3521957397461,104.3521957397461,103.24281163424017,104.07134361518689,124114100
2007-04-23,103.95899200439453,104.42942517633067,103.895801887378,104.17665399444337,77270800
2007-04-24,104.00111389160156,104.19771250012923,103.43940970370573,104.07834982451034,114471000
2007-04-25,104.95601654052734,105.08240747107449,103.93089684767216,104.42941087652348,108418800
2007-04-26,105.07533264160156,105.1806601560186,104.68916389685047,104.96299829223092,88741600
2007-04-27,104.9910888671875,105.13854311542084,104.50661011218405,104.68214527189163,108191100
2007-04-30,104.12049865722656,105.1386118198851,104.06433679757828,105.06839342459041,100874100
2007-05-01,104.38726043701172,104.94897516051194,103.68511971109075,104.21172525553148,134342700
2007-05-02,104.99810028076172,105.28598049717492,104.44341392257934,104.54873072672306,87129800
2007-05-03,105.56690216064453,105.60200063909703,105.13156746132806,105.3000851559494,86569700
2007-05-04,105.96707916259766,106.10750516779103,105.47558278751208,105.8477165224924,96409000
2007-05-07,105.98816680908203,106.16370203424242,105.889867511545,105.93902251722346,63461400
2007-05-08,105.84771728515625,105.96707992612154,105.41239345177489,105.72835464419096,80584000
2007-05-09,106.1356201171875,107.30117657264122,105.58092281114226,105.77050385240757,102070100
2007-05-10,105.0262222290039,106.0373066959787,104.8085602950504,105.83367986408658,153617800
2007-05-11,105.92493438720703,105.97407865943472,105.12449450876731,105.14555787026713,113408900
2007-05-14,105.6932373046875,106.23388863634771,105.1736493366411,105.92494501825617,108027500
2007-05-15,105.72132873535156,106.48665951540744,105.45451184498407,105.8125997395694,180673300
2007-05-16,106.44454956054688,106.46561292744042,105.58793692748148,105.88283477780948,114166500
2007-05-17,106.23389434814453,106.69730980019796,106.1004858955397,106.29006689207378,101132800
2007-05-18,107.16069030761719,107.16069030761719,106.591958160432,106.73238413159386,99182000
2007-05-21,107.10454559326172,107.58902442634016,107.0764646772622,107.13263722307887,174664600
2007-05-22,107.0202865600586,107.53987454645033,106.99220564552094,107.21688510327341,82148800
2007-05-23,107.03435516357422,107.778622766185,106.9781826087218,107.39244314771166,133786600
2007-05-24,106.06539916992188,107.57500848382783,105.84071966045848,107.09754711626137,187593000
2007-05-25,106.50773620605469,106.73944394818531,106.14963755284462,106.37432774417785,83309200
2007-05-29,106.8939208984375,107.07647365227983,106.33922365813977,106.68327651242342,82020000
2007-05-30,107.76461029052734,107.8067370412455,106.26202880325114,106.34629301851012,129013600
2007-05-31,107.65230560302734,108.05252055924751,107.51186877673544,107.89804862138692,114866700
2007-06-01,108.18586730957031,108.41054681839229,107.78564186817248,108.04544127732913,107771700
2007-06-04,108.1999282836914,108.40354445189094,107.7645935947963,107.80672033898784,78008800
2007-06-05,107.77162170410156,108.0594913602641,107.32926946309372,107.94715694719089,126917900
2007-06-06,106.6130142211914,107.39239062866707,106.54982414556709,107.32920055304274,164096800
2007-06-07,104.68915557861328,107.07642905563964,104.66106395814151,106.4164152541356,232414600
2007-06-08,106.05136108398438,106.15668865150928,104.68218841672311,105.0262413285253,175886000
2007-06-11,106.23389434814453,106.69028153607101,105.81260562558373,105.97409499324455,102015600
2007-06-12,105.07533264160156,106.40237789826293,105.00512501247178,105.79151902714077,233898000
2007-06-13,106.6481704711914,106.774561392051,105.12452615244881,105.67219514392978,193208200
2007-06-14,107.3292236328125,107.51177635069865,106.74644558894745,106.76750895201829,146396500
2007-06-15,107.93991088867188,108.3559568094228,107.84117718544913,107.98926698028943,154030800
2007-06-18,107.81299591064453,108.16557945548409,107.65081049281717,108.15853165818582,88537500
2007-06-19,108.08094024658203,108.15850904062577,107.439235746765,107.57321918738543,110851700
2007-06-20,106.5789566040039,108.29956607447153,106.45203168896754,108.29956607447153,177119700
2007-06-21,107.17131805419922,107.26299324196192,105.95138169704285,106.5366718189152,205262000
2007-06-22,106.16287994384766,107.02318443072518,105.6692652612113,106.84689270406983,204964700
2007-06-25,105.65518188476562,106.6565178187071,105.0839982877986,105.94430296174747,232014400
2007-06-26,104.56926727294922,106.09948997430708,104.56221947266663,105.92319812723824,198445700
2007-06-27,106.0571060180664,106.17699386953886,104.40701792125196,104.45638477303402,213638000
2007-06-28,106.04302215576172,106.76934334093858,105.54234882656459,106.04302215576172,157705000
2007-06-29,106.0782699584961,106.93857458616678,105.17565703110307,106.40969931964766,199701800
2007-07-02,107.03733825683594,107.12901344777168,106.31807536795202,106.38858564098042,103357000
2007-07-03,107.42510986328125,107.53793913592021,107.17830793437415,107.31228059064229,54048400
2007-07-05,107.31229400634766,107.5802608723673,106.92446081815248,107.46743158562292,89279000
2007-07-06,107.87644958496094,108.0104330426928,107.13602204907092,107.45335582159164,81109000
2007-07-09,107.96107482910156,108.14441438030113,107.62258691304804,108.00338312860956,72348100
2007-07-10,106.4238052368164,107.61553922075552,106.3180344879439,107.38988060983448,180362600
2007-07-11,107.17835998535156,107.2206682931402,106.1417634045421,106.30394883773089,175607600
2007-07-12,108.8707504272461,109.12461101898252,107.42515568985807,107.44630984250308,133882500
2007-07-13,109.1950912475586,109.62524345732912,108.87070976150532,108.99764538995825,111794300
2007-07-16,109.18098449707031,109.67459913925975,109.00469278486035,109.29381377528281,98378700
2007-07-17,109.12457275390625,109.63934155442243,109.07520590838112,109.2514976252695,126201300
2007-07-18,108.92716217041016,109.15986860326936,108.1021179593617,108.75791819378638,237887400
2007-07-19,109.35026550292969,109.67463633781786,109.12460686996761,109.44192990757416,145212700
2007-07-20,108.24319458007812,109.29389786686603,107.77073371903941,109.22337682372573,245502500
2007-07-23,108.57460021972656,109.10347564688246,108.10213946266705,108.72267931373126,121183900
2007-07-24,106.69178009033203,108.79317495100472,106.31098384605174,107.9751785655095,256732400
2007-07-25,106.91033172607422,107.46036093196334,105.95130451273073,107.19945267685948,265214500
2007-07-26,104.37882232666016,106.33918572536969,103.22939667374975,105.90903342507762,467592500
2007-07-27,102.32681274414062,104.9782375405137,102.28450443377258,104.51283536646778,422987600
2007-07-30,103.92752838134766,104.23074506295627,102.45372099679786,102.9050275005846,283017500
2007-07-31,102.75695037841797,105.39427919846104,102.27743115659378,104.59743693454512,316976700
2007-08-01,103.25762939453125,103.66662766752712,101.50881772654704,102.37617038203952,467670000
2007-08-02,104.08271026611328,104.19552887004373,102.43261040862583,103.49036148547657,294758400
2007-08-03,101.4030532836914,104.06858464318218,100.97994862726496,103.85703231496896,359398200
2007-08-06,103.10249328613281,103.53969347402662,100.50747259025478,101.69215899228513,324980000
2007-08-07,104.20249938964844,105.06985152704054,102.41136972057222,102.91204287499657,232568700
2007-08-08,105.65518188476562,106.19110497673566,103.89931203187088,104.65384595082416,274930600
2007-08-09,102.5241928100586,105.03458470518774,102.45367183143516,103.96272823805721,357622100
2007-08-10,102.04472351074219,103.30696773363601,100.92349977890399,101.81906490106577,411018400
2007-08-13,102.41138458251953,103.58196420415369,102.26330556098327,103.30694954702209,181917200
2007-08-14,100.84593963623047,102.99670136941258,100.64144591864722,102.74284079172558,264134500
2007-08-15,99.45673370361328,101.86841394281252,99.16056490020122,100.64141967725439,323834000
2007-08-16,100.20426177978516,100.79659963566628,96.6079048147974,98.57531653611595,546743700
2007-08-17,102.04472351074219,102.82040077151666,99.70356385532578,102.60180071838936,388218100
2007-08-20,101.995361328125,102.58065126879606,101.04338150992608,102.36909900253016,187320400
2007-08-21,102.19984436035156,102.93322403878862,101.64276718537984,101.96714872776433,157066400
2007-08-22,103.41275787353516,103.51853940165479,102.48194283406355,102.9614513295496,173156700
2007-08-23,103.3211441040039,104.11797605442241,102.6794391028688,103.89937585315711,203915300
2007-08-24,104.59739685058594,104.59739685058594,103.15180270171071,103.2928339152613,128901900
2007-08-27,103.62428283691406,104.59741668694913,103.46914524458981,104.25893955823891,113024300
2007-08-28,101.34660339355469,103.13067506551236,101.16326384481408,103.06721261710153,219790700
2007-08-29,103.335205078125,103.47624713748519,101.51588302436109,101.80499342205323,207654200
2007-08-30,103.0601577758789,103.79353751726862,102.4678200493684,102.56654300378682,191817300
2007-08-31,104.07564544677734,104.71735031054153,103.53972214033675,104.11795376570689,185477500
2007-09-04,105.12630462646484,105.76095066457663,103.94161839266225,103.97687889700073,120062000
2007-09-05,104.21660614013672,104.6185564175827,103.65952905173833,104.5057271368969,166261800
2007-09-06,104.45641326904297,104.79489048790798,103.74418756185179,104.3294775869706,127878400
2007-09-07,103.00369262695312,103.58192365611018,102.43249863036216,103.29280276153733,235447600
2007-09-10,102.80626678466797,103.4620775277664,101.77672924473879,103.32104631462441,192305900
2007-09-11,104.00511169433594,104.15319077716755,103.04608389505543,103.12365271558537,162081900
2007-09-12,104.27304077148438,104.6749911259914,103.64544257233747,103.86404262058045,149554600
2007-09-13,105.00640869140625,105.38719409399708,104.50573544356219,104.75254816968128,154079000
2007-09-14,104.99932861328125,105.13331202228267,104.18134333094136,104.33648088241762,121911000
2007-09-17,104.4352798461914,104.82311324729562,104.10385035943045,104.58335895134057,109870800
2007-09-18,107.50978088378906,107.53798283341268,104.45640604722117,104.95002086560483,263759500
2007-09-19,108.1444091796875,108.87073031296573,107.68605494373323,108.17966968091343,193779900
2007-09-20,107.38280487060547,108.19374242759577,107.26292779974554,108.13027999478615,175186800
2007-09-21,107.67263793945312,108.48742293290006,107.50968310297213,108.19694104466232,141457500
2007-09-24,107.4742431640625,108.27486560191157,107.24043278457454,107.99145416721062,139450200
2007-09-25,107.26171112060547,107.45301253014901,106.60988089254059,106.8507725572735,142289900
2007-09-26,107.82850646972656,108.23944496889908,107.26169437393546,107.87101548497863,135547000
2007-09-27,108.46615600585938,108.47324804861746,107.82849919799757,108.33862896870333,102713300
2007-09-28,108.10482788085938,108.53702089565755,107.6797160983871,108.29612926407606,133372100
2007-10-01,109.32347869873047,109.64230715506659,108.04815406234349,108.11900963532598,148162300
2007-10-02,109.17467498779297,109.57144020880943,108.97629237728474,109.54310446918316,112978800
2007-10-03,108.95500183105469,109.40136796257562,108.40944442708886,108.97625633150446,119055900
2007-10-04,109.12506866455078,109.29510469934185,108.82040275048368,109.18883217759743,76864400
2007-10-05,110.42166900634766,110.59879711780407,109.55728295755698,109.84068361147047,134579700
2007-10-08,109.83356475830078,110.16656635866099,109.65643670751506,110.0957108139314,71280400
2007-10-09,110.86798858642578,110.88216185784343,109.8406480349346,110.24450518754917,94054300
2007-10-10,110.68379211425781,110.83966568477959,110.10989888235477,110.55625427881284,101711100
2007-10-11,110.1524429321289,111.60489576802284,109.49352066329998,111.18686516261818,233529100
2007-10-12,110.76171875,110.77589202175952,110.01069751232657,110.14531656644516,124546700
2007-10-15,109.82644653320312,110.7829421038208,109.06834427832122,110.71917861538913,161151900
2007-10-16,108.95500183105469,109.47930473457075,108.73536478571513,109.40136796257562,166525700
2007-10-17,109.28803253173828,109.88318032494368,108.02688138426177,109.80524353218767,216687300
2007-10-18,108.8912582397461,109.24551439339949,108.45906529984737,108.72121139401813,148367500
2007-10-19,106.04301452636719,110.8679806442616,106.03593329668486,108.46612483535672,297169900
2007-10-22,106.65943145751953,106.8153050204707,105.32743575280837,105.46913604338965,261989800
2007-10-23,107.52384948730469,107.65846858753842,106.45399954030583,107.31130439329608,180085100
2007-10-24,107.3254623413086,107.50968249641838,105.45498991546813,107.13417176475268,326694200
2007-10-25,107.58047485351562,107.89930313685409,106.19179718931893,107.44585582451931,237374500
2007-10-26,108.84162902832031,108.8416290283203,107.62298731016885,108.44486396864998,176484000
2007-10-29,109.2030029296875,109.42264001024847,108.79206450336326,109.06129182258013,106841000
2007-10-30,108.44493103027344,108.93380642791205,108.31031191370121,108.72125049706347,132981600
2007-10-31,109.57141876220703,110.01070372324307,108.28901327705714,109.09671683633073,220954400
2007-11-01,107.00659942626953,108.69286196474604,106.69485232056411,108.60783314707463,333040800
2007-11-02,107.12709045410156,107.69390263015309,105.71715746373488,107.36090088213693,331228200
2007-11-05,106.31222534179688,107.0986740763332,105.54703110189382,106.02173283376207,226841000
2007-11-06,107.74344635009766,107.7717820788494,106.20596549214248,106.88614190359459,177800500
2007-11-07,104.79601287841797,107.07742239122004,104.54094812509118,106.58854737975743,306639700
2007-11-08,104.2646713256836,105.1432196473527,102.78388323232099,104.8527378244677,374509900
2007-11-09,102.83348846435547,104.53391388606214,102.65636036580096,103.22317244338359,277745100
2007-11-12,101.81322479248047,103.87499837139012,101.81322479248048,102.88308538379137,243087800
2007-11-13,104.91649627685547,105.07945106881702,102.89015079010909,102.99642330420595,191117400
2007-11-14,104.62602996826172,105.85175345359275,103.99545433361887,105.72422640460606,230558800
2007-11-15,103.11687469482422,104.4984823194068,102.3941999376108,103.84665230509526,263111100
2007-11-16,103.29399108886719,103.77578501690454,102.42961613254786,103.66242046783239,308770600
2007-11-19,101.85577392578125,102.98939848189383,101.45192733998346,102.93271617298369,267746000
2007-11-20,102.47921752929688,103.10979303702362,100.68668229460042,102.0399433675887,414767500
2007-11-21,100.38204956054688,101.96204027851942,100.37496832725775,101.37397358422662,259012400
2007-11-23,102.11786651611328,102.26664802345194,101.10468845164179,101.36684531630209,77688400
2007-11-26,99.86481475830078,102.64927394866625,99.65935093121436,102.33043473854089,214232000
2007-11-27,101.01258850097656,101.4801983317624,99.86479139731439,100.42452208372008,293897900
2007-11-28,104.24340057373047,104.48429212044498,102.12494526211805,102.16037303334969,258596900
2007-11-29,104.27880096435547,104.66140353520221,103.51361744473435,103.88203593609676,199409900
2007-11-30,105.32743835449219,106.1847321608604,104.38511572284355,105.59666566993505,222908000
2007-12-03,104.63311767578125,105.17867531152775,104.35679824150178,104.99446595902226,146430400
2007-12-04,103.69786834716797,104.53390773384129,103.66244056733389,103.91042421513187,136533900
2007-12-05,105.4336929321289,105.71001224243412,104.7393540415482,104.81019877101453,171130000
2007-12-06,106.94288635253906,107.134187768714,105.26371506345787,105.3062240868204,154457400
2007-12-07,106.92157745361328,107.33959705210435,106.66651263213706,107.28291477943874,148980100
2007-12-10,107.75061798095703,107.8710638485198,106.8862315798159,107.18380563103797,123914300
2007-12-11,104.79601287841797,108.32439962357591,104.739330620897,107.79301562173136,250346400
2007-12-12,105.83048248291016,107.53091854884643,104.29301203560685,107.02787004144224,322435600
2007-12-13,105.61082458496094,105.84463490337673,104.36384703111467,105.08653248703277,237551300
2007-12-14,104.27177429199219,105.63920892023923,104.22218404303169,104.81023985335598,159152900
2007-12-17,102.78389739990234,104.05921105050481,102.63510504144348,103.87500172145006,177269400
2007-12-18,103.3578109741211,103.78291200400704,101.99746821860828,103.5136845950589,245569300
2007-12-19,103.3578109741211,104.07340473494054,102.69180746848558,103.40031999600538,198917200
2007-12-20,104.0096206665039,104.05212967999523,102.86182324703304,104.03795640515109,214813800
2007-12-21,105.50896453857422,105.71551885123503,104.76819480206618,104.9676302999523,146084400
2007-12-24,106.2924575805664,106.47052576495247,105.75825302740824,106.00043401817207,45601400
2007-12-26,106.52037048339844,106.6129585317262,105.77248207283631,105.879318616452,67093100
2007-12-27,105.1812973022461,106.1499885076524,104.93200840437441,106.14286969402787,122981700
2007-12-28,104.91777801513672,105.85085357661255,104.63286239471915,105.80098926738212,116398100
2007-12-31,104.14140319824219,105.1385806974142,104.03455576506114,104.77532550880574,108126800
2008-01-02,103.22966766357422,104.6969584195798,102.48179009235643,104.36930822572549,204935600
2008-01-03,103.17980194091797,103.6285371249337,102.61711140899475,103.21541774207132,125133300
2008-01-04,100.6512451171875,102.16838931975443,100.36634040827803,102.09715770831806,232330900
2008-01-07,100.56580352783203,101.30656249571221,99.78942874444142,101.00740920858247,234991000
2008-01-08,98.94180297851562,101.78376408461425,98.6070339413512,101.19970612447598,326365700
2008-01-09,99.98173522949219,100.28088851855019,98.07996804792424,99.070026862338,301824900
2008-01-10,100.63699340820312,101.71253201709654,99.26943128594718,99.49023405856519,335701200
2008-01-11,99.8249740600586,101.0714507793807,99.005865134727,100.27370915690717,267076600
2008-01-14,100.62987518310547,101.042994608143,100.00307179774954,100.5444059463452,170365500
2008-01-15,98.41468048095703,100.77943016856948,98.22236388144282,99.56855834121275,239940100
2008-01-16,97.56709289550781,99.09135574963624,97.06850427376801,97.83775994805949,378802600
2008-01-17,95.0385513305664,98.20817388002752,94.68241494239506,98.1583095688419,397892600
2008-01-18,94.06271362304688,96.17104520714561,93.37893804384832,95.97160975751129,348561500
2008-01-22,93.10829162597656,94.32627190130206,89.74636348928534,90.60821283576777,435923700
2008-01-23,95.34480285644531,95.57985409939101,90.34464657109241,90.52271470649826,511913000
2008-01-24,96.14968872070312,96.48445773492651,94.95306501980679,95.78642271422943,259949300
2008-01-25,94.7607421875,97.41039713640008,94.44735137209219,97.23232898590096,269603900
2008-01-28,96.32777404785156,96.52720955546951,94.06274097073336,94.91746612744173,217934600
2008-01-29,96.80499267578125,97.18961518111955,96.07135260809508,96.94032623808796,168968300
2008-01-30,96.09273529052734,98.67827841246125,95.87193244025639,96.56995680817587,334939200
2008-01-31,97.84490966796875,98.67826752791832,94.87473343837813,95.01718582267014,343680800
2008-02-01,99.41898345947266,99.44035076212057,97.951704046106,98.25085715159116,206843600
2008-02-04,98.1654052734375,99.21956557438024,98.0371905664976,99.15546365511842,124694300
2008-02-05,95.53717041015625,97.04718552539013,95.20952008425832,96.82638265873864,286882500
2008-02-06,94.76786804199219,96.33486552941575,94.3120140298614,95.8576442095614,250792900
2008-02-07,95.39469146728516,96.00724651374712,93.8276934714398,93.87755778458484,297368100
2008-02-08,94.78214263916016,95.60125197658714,94.09123718338124,94.79638026928554,221643500
2008-02-11,95.26647186279297,95.60835970931156,94.04848078621865,94.80349896372444,188576300
2008-02-12,96.14968872070312,97.08988296501916,95.43028639002738,96.09270560462062,256654400
2008-02-13,97.13261413574219,97.62408398463556,96.25652185247272,96.87619555668554,181967800
2008-02-14,96.27787780761719,97.5813378584029,96.0072107648612,97.545722057764,215207200
2008-02-15,96.25651550292969,96.31349861322981,95.38042327745148,95.80066148894574,154110300
2008-02-19,96.5271987915039,97.50300890699266,95.87902802981453,97.38192385289994,145190000
2008-02-20,96.81208038330078,97.26081555235886,95.2735691194584,95.43739962561955,220085700
2008-02-21,96.00723266601562,97.58847893303218,95.49440631981193,97.33919000852494,201051200
2008-02-22,96.59838104248047,96.76221152250727,94.63251309788929,96.13540832202263,205491000
2008-02-25,97.81641387939453,98.04433549807112,96.00011627086965,96.54143962509333,190107000
2008-02-26,98.55006408691406,98.97030242641732,97.22523625702655,97.40330445529949,212420700
2008-02-27,98.4502944946289,99.10558381504036,97.87335557494136,97.9801920902855,168395800
2008-02-28,97.48876190185547,98.26514741226617,97.26084028725727,97.75231019389648,170831100
2008-02-29,95.31634521484375,96.64116210440312,94.57557546392012,96.58418984825796,252715200
2008-03-03,95.08840942382812,95.30921223110865,94.1909496969533,94.83199080637542,189483500
2008-03-04,94.72512817382812,95.01715165266238,93.30058310636143,94.18379409240433,282513100
2008-03-05,95.32343292236328,95.99297083198209,94.26214295196579,95.03139857992679,270681400
2008-03-06,93.35045623779297,94.88896784384626,92.98720108153815,94.71801848703413,247911700
2008-03-07,92.3888931274414,93.83480578307035,91.5840215296629,92.43162774884232,326434600
2008-03-10,91.1708984375,92.54557942366228,90.87886404502206,92.48147749411874,235683600
2008-03-11,94.44732666015625,94.53279587213942,91.84752582205107,93.10825104087561,341440600
2008-03-12,93.56414031982422,95.28072009879175,93.42168795653309,94.54708010284472,229161100
2008-03-13,93.77068328857422,94.47583707404594,91.59826055687725,92.31765196906508,351504200
2008-03-14,92.31768035888672,94.59695120238706,91.01421979797387,94.56846507177735,484687800
2008-03-17,91.38458251953125,92.06835817235988,89.79621213026228,90.15234845273245,405311100
2008-03-18,95.18102264404297,95.22375727529668,92.581220269092,93.03707444983323,334416600
2008-03-19,92.82337951660156,95.9075106116779,92.62393317017401,95.54425546282236,345971600
2008-03-20,94.54269409179688,95.13680832651204,92.52413650477271,93.08962359711839,245320700
2008-03-24,96.43244171142578,97.21265999651256,95.37306225450861,95.42316250472129,208977300
2008-03-25,96.52549743652344,97.02655454126882,95.75243322253381,96.53265149436776,192947200
2008-03-26,95.34442138671875,96.69728101401516,95.28000210023454,96.24633508640008,196934300
2008-03-27,95.04375457763672,96.2319830917953,94.74312042144392,96.0601874644472,225153200
2008-03-28,94.13471221923828,95.458944592689,93.81260488906032,95.19410248688875,180896100
2008-03-31,94.46397399902344,95.00797718663489,93.83406752330862,93.97722510718283,166692100
2008-04-01,97.78524780273438,97.94987842355638,95.56626775978066,95.63785198912237,254547300
2008-04-02,97.84973907470703,98.54406510592037,97.3343628263378,98.10027313957995,210910800
2008-04-03,98.09308624267578,98.37941238459385,97.14108322219654,97.32003296506076,175884800
2008-04-04,97.9857177734375,98.75162789217431,97.43454952402479,98.15034847362175,204446800
2008-04-07,98.03584289550781,99.18827980526825,97.87836623040565,98.68721173145583,154245500
2008-04-08,97.93561553955078,98.00718887972324,97.31286303892307,97.48465871534191,148937300
2008-04-09,97.22698974609375,97.9213157231802,96.55413686749641,97.78531215126452,195610600
2008-04-10,97.36297607421875,97.82824102204972,96.56127382444782,96.9334923360477,192967800
2008-04-11,95.4732666015625,96.71874977332092,95.20841356529225,96.26780386592309,222973300
2008-04-14,95.1511459350586,95.58778371655312,94.87914977044998,95.33726064593401,160522000
2008-04-15,95.37305450439453,95.695161842297,94.72167484898009,95.61642352216751,172389200
2008-04-16,97.95706939697266,98.00001557708732,96.289256895108,96.30356500699769,189268900
2008-04-17,98.10025787353516,98.24341549308711,97.10529767264357,97.36298575672761,179665700
2008-04-18,99.12381744384766,99.8968814794006,98.96634082981521,99.45308970652182,218530600
2008-04-21,99.17394256591797,99.48173085889812,98.67288550628474,98.94488166881436,118587400
2008-04-22,98.7373275756836,99.00216974213683,97.99289041051043,98.91627734701194,162166000
2008-04-23,98.57982635498047,99.33857144891506,98.15034264185073,98.84466845548323,193309000
2008-04-24,99.00935363769531,100.02578722234978,98.09312058501044,98.8375578923989,229381300
2008-04-25,99.92552947998047,100.13310635244116,98.7158276075124,99.78236096410494,190788100
2008-04-28,99.9470443725586,100.39083637514655,99.76809457509844,100.12599417001874,105610200
2008-04-29,99.55330657958984,100.01857146885966,99.21688024221982,99.7752024782331,125514100
2008-04-30,98.96633911132812,100.63415164209438,98.96633911132812,99.70361100866724,208395900
2008-05-01,101.01354217529297,101.01354217529297,98.97352176462104,99.05226008433137,187279500
2008-05-02,101.29269409179688,101.90828155646102,100.61268735021095,101.88680846415376,181585500
2008-05-05,100.80594635009766,101.36426854051606,100.50531216465875,100.96342295993084,118504500
2008-05-06,101.67926788330078,101.78663338315182,99.98998151153451,100.22619653343467,179339800
2008-05-07,99.8682632446289,101.6720685663338,99.58910211706332,101.56470310274095,199267300
2008-05-08,99.61058807373047,100.44091750682647,99.48173857855494,100.02575279027846,178321200
2008-05-09,99.42445373535156,99.77519909622944,99.10234644429654,99.20972282279718,152588200
2008-05-12,100.54110717773438,100.61268050648215,99.30276735372024,99.67498579876758,147865900
2008-05-13,100.55547332763672,100.84895363489295,100.0186239021712,100.78453432517217,159132200
2008-05-14,100.7630386352539,101.78662606769433,100.54114267002429,100.97778054175025,181910800
2008-05-15,102.02283477783203,102.09441904965644,100.80597861240193,100.95629029211622,166927000
2008-05-16,102.11589050292969,102.26620218022431,101.36429934977791,102.25904812204759,204236800
2008-05-19,102.3950424194336,103.28979111075645,101.85819320463987,102.22324673869852,165664400
2008-05-20,101.56471252441406,101.88681986729713,100.92765189614302,101.83671962038098,178552100
2008-05-21,99.84679412841797,101.72933783914004,99.49604872967222,101.50744192406145,252724800
2008-05-22,99.86111450195312,100.3335444630222,99.49606094415934,99.80384927131814,170820400
2008-05-23,98.52256774902344,99.96848469663581,98.43667536951834,99.53184689710945,181376400
2008-05-27,99.2526626586914,99.49603162550667,98.44380653237997,98.63707526354396,168322900
2008-05-28,99.7107925415039,100.21184960508435,98.78025175358316,99.61773518604438,181288100
2008-05-29,100.2117919921875,100.87747936775642,99.5532586697622,99.58905077991741,173927200
2008-05-30,100.46234893798828,100.7415099858301,100.16886885834863,100.54824128433313,117362000
2008-06-02,99.42445373535156,100.1116254221959,98.78023915324154,100.09015233094046,181069900
2008-06-03,98.84463500976562,99.9398060932302,98.22904772109358,99.71075620002848,271965700
2008-06-04,98.7945785522461,99.61058895482371,98.39373286988877,98.56551763534152,246637700
2008-06-05,100.77018737792969,100.84892570875033,99.0093278664521,99.19543168374338,237867100
2008-06-06,97.5562515258789,100.0687132796535,97.50615126998161,99.88976351016993,384276300
2008-06-09,97.79248809814453,98.42239492075079,96.92637713929047,97.96428384673611,228263900
2008-06-10,97.3056869506836,98.13601614870986,96.88336829594044,97.11241822374829,260234900
2008-06-11,95.87410736083984,97.53475514569116,95.86694238154541,97.32717826841896,283890100
2008-06-12,96.23917388916016,97.25560716402312,95.57348605820683,96.34655029307993,252791800
2008-06-13,97.45604705810547,97.72090016298753,96.21771762298589,96.75456696981105,244726900
2008-06-16,97.51327514648438,98.01433216150593,96.96211789107255,97.02653716681309,185832500
2008-06-17,97.04085540771484,98.1503348882425,96.89768689983184,98.11455368349542,191707700
2008-06-18,96.09599304199219,97.00506061539782,95.70946647910995,96.41094627512318,265893000
2008-06-19,96.2176742553711,96.80463451934561,95.55914066408313,96.02440551940107,304204900
2008-06-20,94.65594482421875,95.74220379013254,94.39696779552197,95.56235893622808,289275700
2008-06-23,94.56234741210938,95.12346203562613,94.46883562608998,95.0227494359398,165096400
2008-06-24,94.37535095214844,95.27457487542624,93.6559718135262,94.27463831181551,267300600
2008-06-25,94.82136535644531,95.96517558679993,94.41132494306652,94.75662386646785,287853900
2008-06-26,92.24598693847656,94.5408082232633,92.13808445483812,93.9293425212206,297775000
2008-06-27,91.742431640625,92.69920732662342,91.38993735730955,92.28196605910755,303423400
2008-06-30,92.066162109375,92.73518505524324,91.57698398241298,92.00141512058605,258842600
2008-07-01,92.35388946533203,92.41863094785046,90.59140743271988,91.01583845392321,388622000
2008-07-02,90.77127075195312,92.9150232555173,90.60581111543718,92.64884547823429,288064600
2008-07-03,90.86478424072266,91.44028979131197,89.91520392414968,91.44028979131197,239352500
2008-07-07,89.93678283691406,91.60574231809866,89.14546683511946,91.21008706141517,372427300
2008-07-08,91.53382110595703,91.6417290992448,89.34690736314363,89.91521767192596,375973700
2008-07-09,89.77134704589844,91.89351386921832,89.4835942168647,91.72086436716957,336729400
2008-07-10,90.13821411132812,90.49070837535706,88.90088103449298,89.512352244298,436475700
2008-07-11,89.08792877197266,90.56985384371333,88.11676782671047,89.18145159240628,481124600
2008-07-14,88.2822036743164,90.28207668610737,88.05200258278134,90.1094272395628,322720800
2008-07-15,87.0376968383789,88.8361450236657,86.33989806433911,87.62039778254307,502502500
2008-07-16,89.17425537109375,89.61307717333453,87.11683018012407,87.36861183179622,371642900
2008-07-17,90.06626892089844,90.82881456503586,89.26775761170396,90.02310792745898,375490600
2008-07-18,90.6274185180664,90.94394171945882,90.03033230351349,90.76409687086549,267030100
2008-07-21,90.67774200439453,91.21727635470604,90.05907551029647,91.00865574730766,222863000
2008-07-22,91.70646667480469,91.93666780891651,89.81449578690857,90.03031175132564,296904200
2008-07-23,92.20280456542969,92.90779290772595,91.75679310067014,92.00137932477361,311698400
2008-07-24,90.28927612304688,92.3754766972699,90.03749452528812,92.32511488929096,248634500
2008-07-25,90.2677230834961,90.9942922739637,90.04471175328301,90.56266576245955,219131000
2008-07-28,88.94403839111328,90.6849346310652,88.78577409867631,90.28927938840016,205201300
2008-07-29,90.84320068359375,90.91513750288777,88.94404011440852,89.18863188612121,261505600
2008-07-30,92.46183013916016,92.51219196427404,90.84322654631066,91.44031274445145,354710000
2008-07-31,91.23883819580078,92.49056158426272,91.09495910541234,91.64888399866214,277402100
2008-08-01,90.75688934326172,91.56259059536232,90.25332057227068,91.44749276867431,248690900
2008-08-04,89.91520690917969,90.74249410745595,89.74975276258115,90.67055728335103,188239600
2008-08-05,92.33950805664062,92.4833816911506,89.90081317923342,90.65615799305178,251577600
2008-08-06,92.74955749511719,93.01573527057653,91.70646531071013,92.09493074782581,209555400
2008-08-07,91.36834716796875,92.39705956963819,91.03023809009856,92.0517551635249,246312500
2008-08-08,93.06608581542969,93.46893642075983,90.91514349278785,91.05902262928281,260811700
2008-08-11,94.03004455566406,94.60553903927699,92.96535561190211,93.13801054309818,249425800
2008-08-12,93.05169677734375,94.02285203678113,92.60567424327438,93.72071411316585,213200800
2008-08-13,92.4905776977539,93.26749747907408,91.84312991084826,92.64883100368644,256393200
2008-08-14,93.18838500976562,93.72072961668555,91.9007009572847,91.96544245658598,239555300
2008-08-15,93.64160919189453,93.87900569593478,93.01575266651614,93.46895419526768,181000800
2008-08-18,92.3611068725586,93.86460695858426,91.83596306285169,93.82863579860832,172275100
2008-08-19,91.35397338867188,91.8575421786011,91.0230595779101,91.6633066991448,194673700
2008-08-20,91.77840423583984,92.04457104053616,90.88637003163143,91.64172042471817,225498200
2008-08-21,91.9366455078125,92.39704766435624,91.07338734797302,91.1812953040063,180609800
2008-08-22,93.26750946044922,93.26750946044922,91.9366645184121,92.56252091365124,167715300
2008-08-25,91.37554931640625,93.26751475557259,91.18131933509783,92.65604898322606,171936900
2008-08-26,91.64170837402344,91.98701277676633,91.05901302584878,91.37553611590022,159117200
2008-08-27,92.53375244140625,92.67762608981775,91.57697676302894,91.75682156775724,171032800
2008-08-28,93.65599060058594,93.76389310228231,92.87905965780178,93.0013528186766,167537100
2008-08-29,92.64884185791016,93.62000816361801,92.44741656110274,93.32506005870164,189195800
2008-09-02,92.0733413696289,94.03005914104428,91.73523227079134,93.54087558186967,252364900
2008-09-03,91.99420166015625,92.44021869897342,91.3107936783752,91.99420166015625,251947000
2008-09-04,89.224609375,91.52662631644907,89.17425304597855,91.3395861707573,340042500
2008-09-05,89.50517272949219,89.88644288690669,87.76427611074776,88.69227608233349,289503400
2008-09-08,91.35397338867188,92.25320297865775,89.50516885540674,92.10931834092318,364075300
2008-09-09,88.64189147949219,91.62012044383927,88.3397535818748,91.43308034551224,377326800
2008-09-10,89.00160217285156,89.85046991201162,88.15992976299056,89.12389532879483,298916600
2008-09-11,90.28927612304688,90.45473024939098,87.47650109092527,87.85058131196159,375369400
2008-09-12,90.70651245117188,90.7928399231614,89.08071955857353,89.41163330189251,297851200
2008-09-15,86.3902587890625,90.39001148875748,86.24638512229136,87.49810358617175,483607000
2008-09-16,87.83621215820312,87.9944764836596,84.16737879556915,84.31125246138674,581744300
2008-09-17,83.88681030273438,87.65635583471294,83.44798854458946,86.06652843570753,624095600
2008-09-18,86.37586212158203,87.61319524947417,81.86535685864555,84.92271852225642,776114700
2008-09-19,89.8061752319336,92.61352058747075,89.23457549713429,91.67291231092585,501087800
2008-09-22,87.77302551269531,90.26201593500114,87.08566166756152,90.04495076275015,249966500
2008-09-23,85.77606201171875,88.28675267225299,85.58070222579005,87.44020832042168,327470400
2008-09-24,86.05098724365234,86.82517819508399,85.22614849241474,86.35487404248805,311818400
2008-09-25,87.39678192138672,88.20715227532718,85.69645654178859,86.39105733651051,328253000
2008-09-26,87.44020080566406,87.9105050229952,85.74711224750831,85.97864586709021,285917400
2008-09-29,80.58824157714844,86.3476449259726,80.2915917284784,86.20293849055258,459562300
2008-09-30,83.92376708984375,84.50984078576825,79.97322221601569,82.12938319765465,328154400
2008-10-01,83.97442626953125,84.43026204149457,82.44774959875862,83.40282645021951,332783000
2008-10-02,80.9283218383789,83.28707468302649,80.35672193478835,83.17130509841176,365337800
2008-10-03,79.83576202392578,83.53306858736681,79.35822633466218,81.65909416161573,461798000
2008-10-06,75.76941680908203,77.86769241832498,72.81736031829311,77.52762635666423,610637500
2008-10-07,72.37601470947266,77.65788149644467,72.10107032140344,77.30334140633417,540012100
2008-10-08,70.55269622802734,73.93164151549361,70.04621269564844,70.559927685204,725414800
2008-10-09,65.6253433227539,72.80289357836477,65.29975120350127,72.10829300914979,534485200
2008-10-10,64.0335693359375,67.9696458728805,60.473738331600266,62.774605789563836,871026300
2008-10-13,73.33108520507812,73.33108520507812,65.08269353444868,67.91898641585271,455584000
2008-10-14,72.24578857421875,76.3555142369145,70.26328172008985,75.75497204643933,546268300
2008-10-15,65.13335418701172,70.7625247256839,64.90905756921629,70.51651717567275,484627500
2008-10-16,67.84662628173828,68.57016929880795,62.61541335963375,66.05224269071473,708811200
2008-10-17,67.44145965576172,71.33412000634999,66.31273405288256,66.55873608625,476649000
2008-10-20,71.49331665039062,71.70314488432419,68.07819115499879,68.9898573216969,321294200
2008-10-21,69.35883331298828,71.37028199560744,68.89576622865273,70.16196649492544,356502000
2008-10-22,65.58197021484375,69.35886746641961,63.331749906264236,67.4342394642734,516168000
2008-10-23,66.34166717529297,66.89155594489772,62.08723030608329,65.32870575309087,634666400
2008-10-24,62.9771842956543,65.06098617860127,60.77761288133495,60.82102369550205,545812600
2008-10-27,60.74147033691406,64.7643756671846,60.56058447465977,62.20303119523992,397288600
2008-10-28,67.83940124511719,68.18669883486288,61.1610961367725,63.19425044065427,639939500
2008-10-29,67.347412109375,70.30670157515856,66.63833724206062,67.84665323575817,531270100
2008-10-30,69.67718505859375,69.8508338128783,67.21713803875265,69.30093965075044,414582100
2008-10-31,70.06068420410156,71.3196477334224,68.36035891377698,68.79448369766043,411394000
2008-11-03,70.2632827758789,70.68293916975992,69.42396998811688,70.02451218761591,205419400
2008-11-04,72.65099334716797,72.97658565969296,69.97387953230398,71.6742053691972,346793400
2008-11-05,69.5976333618164,72.86804672262697,68.73661504895058,71.77549476935154,387844100
2008-11-06,65.74111938476562,69.0549477485694,65.1622827594025,68.34587315850933,477721900
2008-11-07,67.91175079345703,68.01304637836236,65.48064571533823,66.31272132294238,380391000
2008-11-10,67.02180480957031,69.12008119927128,65.78454659665547,68.8885475954544,301773000
2008-11-11,64.95246887207031,66.66726819679526,64.14210404299232,65.66878059516854,418498200
2008-11-12,62.09446334838867,64.35915107181035,61.58798542947498,63.83820472101138,454330600
2008-11-13,65.96542358398438,66.37061147667711,59.39565086314979,62.3187656709246,753141900
2008-11-14,62.67329788208008,66.60936812589722,62.600939164498435,64.69198355427629,540352300
2008-11-17,61.84124755859375,64.07699373570222,61.61695089906695,62.499669099868115,415254900
2008-11-18,63.00613021850586,63.10742580405045,59.988957020080385,61.60969190898925,523811800
2008-11-19,58.968780517578125,62.854210129136256,58.54912406757497,62.15960920509522,558327600
2008-11-20,54.59135437011719,59.699575187365525,54.30194138891002,57.97753814010951,814180400
2008-11-21,57.5361328125,58.53462561394961,53.788180119982236,56.04563610565676,718536500
2008-11-24,61.52287292480469,62.941016830930494,58.14392775213878,59.27265329533774,523305300
2008-11-25,61.97871398925781,63.31726782309139,60.64739161297929,63.16532441148617,454112400
2008-11-26,64.37366485595703,64.53284530616645,60.95130173705059,60.99471809996144,370134200
2008-11-28,65.18399810791016,65.21294049561178,64.0190987440469,64.12762579768297,118308100
2008-12-01,59.4101448059082,63.346222389467435,59.22925896872549,63.31727999309448,369927100
2008-12-02,61.6965446472168,61.85572508195247,59.35950250508324,60.394169810666924,469508400
2008-12-03,63.17979049682617,63.548799065683106,60.155379772127915,60.34350254529762,519863500
2008-12-04,61.71822738647461,63.70797087112396,60.58949641963138,62.268116156782284,444173800
2008-12-05,63.62115478515625,63.97568941300889,59.504192146736756,60.524390724279776,471905300
2008-12-08,65.84239959716797,66.84088674664643,63.72965579208339,65.36485866468226,412859300
2008-12-09,64.75711059570312,66.66002705387054,64.38087059431268,65.38659511055205,370790000
2008-12-10,65.1984634399414,66.1028922352794,64.39533022806563,65.35040681513475,396187400
2008-12-11,63.628395080566406,65.84243565594052,63.21597564946345,64.78606317487323,365061000
2008-12-12,64.3880844116211,64.44596917142208,61.64585601823838,61.89910046231901,415060400
2008-12-15,63.49091339111328,64.50387493672017,62.43454102161632,64.40981079136324,256694200
2008-12-16,66.47914123535156,66.58043683260361,63.802033844782805,66.47914123535156,377699500
2008-12-17,65.83519744873047,66.87710147425395,65.16230201894602,65.7266648593723,281819800
2008-12-18,64.60518646240234,66.327217650223,63.82375831860567,66.13186337437268,374673300
2008-12-19,64.3272705078125,66.09975358568707,64.25432437451859,64.99103691371975,301451300
2008-12-22,63.502994537353516,64.6773554704041,62.35781093018688,64.61171066091966,243759500
2008-12-23,62.846534729003906,64.13759961724291,62.58394431698804,63.84583187444674,221625200
2008-12-24,63.211246490478516,63.3644233117389,62.72982885365403,63.05806410421099,62061600
2008-12-26,63.575984954833984,63.678102884113564,63.09456708965046,63.63433408227248,74767700
2008-12-29,63.393619537353516,63.69997327117705,62.438079703272315,63.63432286249556,127795900
2008-12-30,64.89624786376953,64.95460257419379,63.3717630527517,63.831299441078414,168256300
2008-12-31,65.82256317138672,66.35503982491707,64.82326582785508,64.97644267106048,193987200
2009-01-02,67.80657196044922,68.1566944054118,65.53808570550402,65.96844442816621,227566300
2009-01-05,67.72635650634766,68.31718796607004,67.02611696612963,67.56588390160847,240349700
2009-01-06,68.1786117553711,68.89343733959296,67.60237162481896,68.30261131681625,328260900
2009-01-07,66.13623809814453,67.29601402271692,65.79341121751615,67.10636404438866,280899200
2009-01-08,66.40608215332031,66.4425496411428,65.40677949487444,65.76419760457793,263834400
2009-01-09,64.98374938964844,66.61035153626246,62.263027450638006,66.49364772527736,330953600
2009-01-12,63.42276382446289,64.85242509267381,63.02888380312622,64.80136059416036,277858500
2009-01-13,63.53947067260742,64.10111891939104,62.87569899776607,63.262294410754045,356432300
2009-01-14,61.54087448120117,62.54746728660958,60.65828114997224,62.39429048350438,435491600
2009-01-15,61.562774658203125,62.182777781142505,59.6079375505182,61.35853885911798,532647300
2009-01-16,62.044185638427734,62.72254342392347,60.578062009298264,62.62772125186787,399237200
2009-01-20,58.76911163330078,62.04419152269669,58.38981734409807,61.43877980521978,419855200
2009-01-21,61.307518005371094,61.446103489433035,58.69620308868405,59.76844726517358,364360700
2009-01-22,60.3592414855957,61.300189845438055,59.206761581446905,60.11853260086678,427940300
2009-01-23,60.621822357177734,61.26370704950998,58.76910327214155,59.00981211864406,386800600
2009-01-26,61.03755187988281,62.26297139961772,60.40295774046505,60.971901523734054,317978800
2009-01-27,61.6576042175293,62.10984465896532,60.7604246262239,61.36583637031279,273789700
2009-01-28,63.74372100830078,64.15219255412572,62.78089124670813,63.021600078358155,330007000
2009-01-29,61.67219924926758,63.816681085976754,61.613844563436395,62.81008779792997,294392500
2009-01-30,60.417598724365234,62.292199797057904,59.965358276183174,61.985846057164686,383383600
2009-02-02,60.23524475097656,60.67289374755609,59.30888223595779,59.498532174978855,288233300
2009-02-03,61.081356048583984,61.53359642930009,59.97264505603259,60.61452978171939,278385800
2009-02-04,60.78231430053711,62.27032551014153,60.57078272238157,61.48984961522745,322989300
2009-02-05,61.6867561340332,62.21193692956344,56.69754970650897,60.32274521036475,417679400
2009-02-06,63.44464874267578,63.707233559244735,61.76698858983532,61.89828378062289,366101700
2009-02-09,63.53219223022461,63.999018464009815,62.963248105611875,63.43007433939708,240075200
2009-02-10,60.621822357177734,63.481134484395625,60.14040466417271,62.92677623442227,536212800
2009-02-11,60.97921371459961,61.307454453990914,60.10391620623447,60.86980013480251,324442500
2009-02-12,61.02300262451172,61.139706400472605,59.11922462877161,59.93616775552081,469302200
2009-02-13,60.36651611328125,61.44604950656233,60.35192466566553,60.94275586395437,293998400
2009-02-17,57.784393310546875,60.51241027861763,57.74792024863097,58.470046806508925,478910100
2009-02-18,57.645816802978516,58.30958885417762,57.09875412715876,58.20017520601181,362964800
2009-02-19,57.02578353881836,58.46273496814173,56.90907422486018,58.23661206359935,316867500
2009-02-20,56.471439361572266,57.142501387393814,55.26790069819178,55.96814562470999,477176600
2009-02-23,54.450950622558594,57.09143516845035,54.40718184209695,57.09143516845035,379641400
2009-02-24,56.51520538330078,56.85802653960966,54.487422389664296,54.91778111376597,426260900
2009-02-25,56.070274353027344,57.20086711317539,55.16579346689831,56.26721445072759,461985800
2009-02-26,55.15848159790039,58.11261529086833,55.092831214497565,56.76319578432693,363353900
2009-02-27,53.9257698059082,55.20954458833069,53.83823780994518,53.984124469883554,470510900
2009-03-02,51.49680709838867,53.91846981150816,51.32904440900456,52.89728553284188,426452600
2009-03-03,51.110233306884766,52.29918064917978,50.79658387038864,52.23353581049863,443761000
2009-03-04,52.3210563659668,53.152590863827626,51.11022211100728,51.95634805760653,462753100
2009-03-05,50.18386459350586,52.321055466350096,49.72432857126869,51.1321028399341,485549400
2009-03-06,50.27140426635742,51.38741107431645,48.94386591966632,50.62152677719188,490470000
2009-03-09,49.68057632446289,51.05917356553158,49.403399957081554,49.56386697082341,379905300
2009-03-10,52.64201354980469,52.78790026108502,50.599649676961135,50.701767592352866,406227900
2009-03-11,52.98482894897461,53.794481935853845,52.394003199362984,53.24741940769262,356648300
2009-03-12,55.070960998535156,55.253315174026994,52.49612093099165,52.97024290027199,409702700
2009-03-13,55.50130081176758,56.15048663994313,54.50929945586265,55.44295171907185,337474700
2009-03-16,55.33354187011719,56.87261128983097,55.29706881533452,56.13589899027438,360644900
2009-03-17,57.02578353881836,57.157078734518116,55.034473998206394,55.48671424228477,356814300
2009-03-18,58.30228805541992,59.009823278335226,56.21615545455972,56.7559223562132,473273200
2009-03-19,57.580169677734375,59.08276665380604,57.39781545966707,59.031707695347556,428520400
2009-03-20,56.35403823852539,57.97024399491636,56.22180327304648,57.86004725621078,371078200
2009-03-23,60.401912689208984,60.453337104099155,57.529476587204286,57.84537102291272,419933300
2009-03-24,59.2117919921875,60.50475579329407,59.14567729565994,59.681959628073464,330271000
2009-03-25,59.83623123168945,60.75452824632459,58.08044778809429,59.674615665179424,441775100
2009-03-26,61.05573654174805,61.19531949108741,59.740734454089385,60.42394770399382,422025200
2009-03-27,59.95376968383789,60.629634870922615,59.73337618138697,60.27701199280867,322332300
2009-03-30,57.882080078125,58.67548979691217,57.27232970508458,58.624065404296616,324108500
2009-03-31,58.418365478515625,59.564403671013785,58.07309059737012,58.44775164805032,364238300
2009-04-01,59.549705505371094,59.814175416225616,57.54414855370255,57.691073790915716,377018300
2009-04-02,61.29081726074219,62.157689882192514,59.601148481780285,61.03369521303241,476230700
2009-04-03,61.900569915771484,61.91526020263157,60.732493138558006,61.33489578694997,284646300
2009-04-06,61.41567611694336,61.915229696660546,60.45330306382081,61.22466885282975,264866600
2009-04-07,59.9831657409668,60.71780339705986,59.880316917501005,60.42394721365453,258947800
2009-04-08,60.629638671875,60.930842770451484,59.902349035935586,60.28435811198095,230402800
2009-04-09,63.03923416137695,63.04658210480879,61.95197393668734,62.20174796498355,269653500
2009-04-13,63.053951263427734,63.575543325810976,62.13565419482896,62.38542830716438,224847500
2009-04-14,61.966670989990234,63.00251253836228,61.768321334365396,62.46622470600896,276598800
2009-04-15,62.62786102294922,62.75274808100039,61.42305569916477,61.59201922362446,250726100
2009-04-16,63.54615020751953,64.02366575201222,62.27522473723958,63.12740701416068,335202900
2009-04-17,63.97223663330078,64.39097979581183,63.28167557044977,63.78857725316717,262649000
2009-04-20,61.29081726074219,63.950207480238326,61.2246969599938,62.840903097444375,293690100
2009-04-21,62.4882698059082,62.539694211528406,60.791258815601495,60.8426832212217,114090900
2009-04-22,62.10628890991211,63.4286337706546,61.761008199184815,61.92262943440545,340395200
2009-04-23,62.716007232666016,62.75273574583994,61.4377339096805,62.231143778118515,324903700
2009-04-24,63.6637077331543,64.14121776898884,62.951108245431826,63.20088238080121,287703000
2009-04-27,63.06128692626953,63.920817151132084,62.84089901604932,62.9437478284534,289581600
2009-04-28,62.862945556640625,63.612273518189255,62.267890834091986,62.42216407309198,247926300
2009-04-29,64.19998931884766,64.91258879754483,63.39923690165002,63.56085249051452,311505700
2009-04-30,64.22200012207031,65.39741884035644,63.85468142230349,65.05214397064002,301419800
2009-05-01,64.56732177734375,64.80240567093632,63.707796816849864,64.23673697864368,236110300
2009-05-04,66.7638168334961,66.80789887025868,64.92722410541408,65.05211667059918,287120000
2009-05-05,66.53609466552734,66.80056452056442,65.99980701369176,66.53609466552734,243036300
2009-05-06,67.68948364257812,67.73356008915864,66.5654894160705,67.35155114083871,291941000
2009-05-07,66.7491683959961,68.43148906197356,66.32307727084762,68.32864025312251,317728000
2009-05-08,68.30662536621094,68.48293686951628,67.17528247738856,67.60871609068953,299081700
2009-05-11,67.0283432006836,67.66748002717176,66.88141790037963,67.36627587525544,247923600
2009-05-12,66.8299789428711,67.46176768541726,66.00718286761942,67.3148368122439,282431300
2009-05-13,65.14765930175781,66.12472860557025,65.01542431624306,65.9263733248782,269619100
2009-05-14,65.70597076416016,66.2055244197045,65.01540981550924,65.17703094007338,260098700
2009-05-15,65.16971588134766,66.11739927689749,64.75832052384065,65.65457949970211,271502700
2009-05-18,67.02099609375,67.10180107978316,65.06685723057255,65.7868046024907,241447400
2009-05-19,66.94017028808594,67.56461103531159,66.7124288542776,66.9842467440569,206102200
2009-05-20,66.49207305908203,68.17439440022426,66.4186103953971,67.5499477467974,285722200
2009-05-21,65.53702545166016,65.97046458872298,64.83912191153128,65.72068486799309,258988400
2009-05-22,65.39746856689453,66.11741623199599,65.14769435145377,65.72071106202287,166811900
2009-05-26,67.07241821289062,67.26341996220786,64.8831955978732,64.91258177580823,236318500
2009-05-27,65.87493133544922,67.4029784035464,65.77208255248482,67.17524261338785,246015800
2009-05-28,66.7932357788086,67.10178216343242,65.45619584059976,66.45530322352933,289095000
2009-05-29,67.97602844238281,68.83555324362551,66.61694975920706,67.16058011150915,258641500
2009-06-01,69.62158203125,69.91543810419564,68.63717063244626,68.81348203427828,276246800
2009-06-02,69.68034362792969,70.06235814533588,69.22487210965602,69.34975909983831,230874500
2009-06-03,68.798828125,69.15145111508686,68.1450009595743,69.08533640626109,235310500
2009-06-04,69.44529724121094,69.54814606542834,68.54169605632362,69.05594017741066,210102300
2009-06-05,69.45999908447266,70.28278974870851,68.90902079116856,70.15055473412188,284257900
2009-06-08,69.17346954345703,69.86402498070014,68.3506735274618,68.93838016331041,238565100
2009-06-09,69.52611541748047,69.89343428828492,69.07063799994012,69.56284954649738,225125500
2009-06-10,69.34977722167969,70.15052936133341,68.46086656924065,70.14318702223055,296100400
2009-06-11,69.65830993652344,70.60599274480664,69.4673026653993,69.4819985503985,275414200
2009-06-12,69.849365234375,69.89344171000268,69.05595504402629,69.34981129284157,184361800
2009-06-15,68.2478256225586,69.07061604452255,67.88050686851344,69.02653958758573,224190500
2009-06-16,67.32218933105469,68.53434249410127,67.27811286852794,68.49026603157452,227319000
2009-06-17,67.25607299804688,67.82908941628905,66.72713304125719,67.29280151431063,223445200
2009-06-18,67.74828338623047,68.07886807901842,67.03568398571743,67.35892633766322,211725100
2009-06-19,67.99797058105469,68.48556717351175,67.61379810312009,68.3969163220643,215655600
2009-06-22,65.95895385742188,67.37004083254618,65.93679113199093,67.33309919915999,251913600
2009-06-23,66.01065063476562,66.40220704052372,65.64125694835228,66.09930714864495,188309800
2009-06-24,66.57952117919922,67.2887563925668,66.195348582479,66.60907335098543,211577700
2009-06-25,68.02754974365234,68.0940379086269,66.17319166607132,66.24706928376558,279411000
2009-06-26,67.8502197265625,68.14573575992549,67.4291112108826,67.79850484346144,167579000
2009-06-29,68.48558807373047,68.57424458873253,67.67292308062964,68.04970622376291,168481300
2009-06-30,67.93148040771484,68.75153464607543,67.42910488904799,68.50034970499149,228888200
2009-07-01,68.21224212646484,68.87715191504877,68.12358560915347,68.2196259421987,173041100
2009-07-02,66.35050201416016,68.23441234954778,66.31356602192778,67.32570126581346,212309900
2009-07-06,66.3431167602539,66.43915710177872,65.50089949918686,65.70775908801019,174499600
2009-07-07,65.05762481689453,66.35789238253496,65.0132993710038,66.2766253074011,197088900
2009-07-08,65.01329040527344,65.60432257264884,64.27450301430443,65.44917226042493,248050500
2009-07-09,65.13887786865234,65.67819510238857,64.9467972201436,65.46394609920569,163777600
2009-07-10,64.9837417602539,65.37529819687917,64.5330809763831,64.79165544995632,173520300
2009-07-13,66.56472778320312,66.61644266344499,64.71037027196046,65.2422979753049,217413500
2009-07-14,66.9415512084961,67.00065557483806,66.29142008824219,66.77162756438857,181487400
2009-07-15,68.89929962158203,69.08399643169184,66.99322718848899,67.82805474104556,220877900
2009-07-16,68.7884750366211,69.8227782197686,68.57422607724419,68.70720799559886,231174500
2009-07-17,69.54203796386719,69.68240933727675,69.1061562160151,69.49032308468983,138561700
2009-07-20,70.28084564208984,70.39905433549411,69.58638929609234,69.94839355576663,164179400
2009-07-21,70.60589599609375,70.84969713699957,69.75628954646693,70.82753442173528,217718300
2009-07-22,70.59114837646484,71.01964084573984,70.10354591751216,70.1552608174161,196068100
2009-07-23,72.14997863769531,72.46026798626139,70.5763579021809,70.6354622456698,258795500
2009-07-24,72.44548034667969,72.5045846830418,71.43334535985237,71.81012282203639,154003100
2009-07-27,72.65972900390625,72.69667062308733,71.91355226114624,72.31249807500309,159259400
2009-07-28,72.31990814208984,72.67452862321943,71.70671316248104,72.14999017301835,186685200
2009-07-29,72.142578125,72.46764069135068,71.6475920062959,71.98743347450318,194399300
2009-07-30,72.89616394042969,73.75316017731862,72.84444903899684,73.01437265027707,225575400
2009-07-31,72.99958801269531,73.48719044778579,72.68190917554575,72.88138494862861,207358000
2009-08-03,74.20381927490234,74.27030744525194,73.36898578161473,73.76793171321651,175776900
2009-08-04,74.39588928222656,74.4993190678026,73.71620622372672,73.87135090209078,176714600
2009-08-05,74.1816635131836,74.51411566913406,73.56846846985088,74.44762185604282,184726400
2009-08-06,73.79747009277344,74.63229779347988,73.45023912630693,74.52148419694831,193203800
2009-08-07,74.76527404785156,75.37846887226209,74.16685812618583,74.57319340416868,220640900
2009-08-10,74.61012268066406,74.78004622795365,74.07819495966982,74.4254258684577,130898700
2009-08-11,73.67929077148438,74.32942183866821,73.47981496048904,74.27770693146611,157301000
2009-08-12,74.46976470947266,75.03123901890797,73.51672838262851,73.55366436702558,219052400
2009-08-13,75.03864288330078,75.06819505839461,74.07083310410748,74.80962057194995,176449500
2009-08-14,74.46237182617188,75.06078772892445,73.65709074702977,75.00168339281316,199616100
2009-08-17,72.63018035888672,73.10300379754095,72.48242514799477,73.02912619209498,237667500
2009-08-18,73.2064208984375,73.46500092748116,72.65971994898614,72.7927018703661,173461500
2009-08-19,73.84922790527344,74.10041868857385,72.55634925363384,72.6302269064268,192812800
2009-08-20,74.61012268066406,74.78004622795365,73.78268456933915,73.94521302942125,174131300
2009-08-21,76.07290649414062,76.19110949590676,75.07554506390304,75.22330022523523,224605000
2009-08-24,76.06554412841797,76.79694201947484,75.79219078247746,76.38322291124067,191279000
2009-08-25,76.21331024169922,77.02597524749137,76.05077611324069,76.36845491800041,215310600
2009-08-26,76.22064971923828,76.56788049414016,75.71827435828399,75.97684866837137,194620700
2009-08-27,76.39061737060547,76.62702911030848,75.31198845592918,76.17636835079641,196230100
2009-08-28,76.3758316040039,77.09245621085599,75.85129327980805,77.0038053392454,147024400
2009-08-31,75.69612884521484,75.78478533016722,75.2011428196857,75.62964070887443,176051600
2009-09-01,74.0264892578125,76.27240344913996,73.87134459269943,75.31936710358816,321276800
2009-09-02,73.74571990966797,74.20376988995699,73.56102315517205,73.71616775256891,171805000
2009-09-03,74.35894012451172,74.44759098987593,73.57582178263046,74.17424330633682,143572300
2009-09-04,75.40064239501953,75.42280511581279,74.28507744742079,74.50671029185399,142687900
2009-09-08,76.0507583618164,76.13202540707668,75.64442313551501,76.09508379141322,132909100
2009-09-09,76.63442993164062,76.89300442959876,75.94735733049399,76.18376910527019,154612500
2009-09-10,77.41751861572266,77.46923349910658,76.2576228285405,76.6861207974357,162902400
2009-09-11,77.4027328491211,77.79429480172881,77.04072869753938,77.56526693576976,152360100
2009-09-14,77.77953338623047,77.91251533824683,76.20591831778708,76.74522994126988,149593800
2009-09-15,78.10458374023438,78.39271029751512,77.39534870412032,77.905108039656,196795900
2009-09-16,79.28665161132812,79.30142487704477,78.11198252761491,78.38533021712065,206406300
2009-09-17,79.16844940185547,79.83335345953418,78.7325619659219,79.17583321654097,229170900
2009-09-18,79.21892547607422,79.54554204481813,78.95169476771053,79.53811739643378,153799100
2009-09-21,79.01851654052734,79.42678733891728,78.4320994495288,78.60282675551109,151892000
2009-09-22,79.47872161865234,79.70141573561664,79.12983681163674,79.48614626611025,143126700
2009-09-23,78.81810760498047,80.19137355321213,78.67706755196743,79.66433659635996,225947400
2009-09-24,77.94957733154297,79.15953442487464,77.60811715176864,78.98880716666096,228636800
2009-09-25,77.53392028808594,78.20942199666729,77.266689465279,77.77888281955059,204059000
2009-09-28,78.9219970703125,79.09272999275586,77.81596238843962,77.83080602096437,118285800
2009-09-29,78.68445587158203,79.44160569092656,78.52114760420365,79.06303361292768,133733900
2009-09-30,78.38011932373047,79.02592784209484,77.66008697154884,78.95169834492997,254383000
2009-10-01,76.43526458740234,78.48403113147961,76.42041529304181,76.4575328655967,281840600
2009-10-02,76.07899475097656,76.5318021878029,75.70784148560085,75.73010977538749,224748800
2009-10-05,77.21468353271484,77.43737764392324,76.16061015480096,76.38330426600936,149875000
2009-10-06,78.32073211669922,78.76611472318795,77.72688486581616,77.77142142746091,202491100
2009-10-07,78.53599548339844,78.61764961561539,77.99410948444478,78.14256845392286,159200300
2009-10-08,79.13727569580078,79.5529654146798,78.57312131778806,79.09273912973451,183305800
2009-10-09,79.6197738647461,79.6197738647461,78.95169707431873,79.15954192837447,135008300
2009-10-12,79.93153381347656,80.23587641804063,79.63461019348568,79.99091967014414,118031000
2009-10-13,79.7682876586914,79.95386435778477,79.24867516657054,79.71632640947932,157692700
2009-10-14,81.14151763916016,81.22317180313885,79.73855887748827,80.70355954450069,191421600
2009-10-15,81.43844604492188,81.43844604492188,80.71098884095277,80.74810076822104,173873600
2009-10-16,80.82972717285156,81.11180150926788,80.33980799240774,80.76292232870583,192069400
2009-10-19,81.49781799316406,81.75019944350281,80.71097504405125,80.96335649439,159530400
2009-10-20,81.06727600097656,81.64627404924845,80.67385454065581,81.6165811155745,180921100
2009-10-21,80.33979797363281,81.88379047815674,80.28041212178859,80.94106414935254,225379300
2009-10-22,81.15636444091797,81.41617056223707,79.79794229657263,80.31013555242221,238444000
2009-10-23,80.22846221923828,81.47553696691261,79.89442100306727,81.42357575506566,240033200
2009-10-26,79.35997772216797,81.1415085016477,79.13728354305889,80.31754796763163,242028200
2009-10-27,78.9962158203125,79.7162536618372,78.8032203069927,79.44902300594461,253266300
2009-10-28,77.50422668457031,79.04080095865847,77.45968444217038,78.79583844718154,248821400
2009-10-29,79.16695404052734,79.32283765638427,77.89761117139535,78.08318771360786,198110600
2009-10-30,76.87322998046875,79.14469085438928,76.78415685901692,78.90715309160608,325608100
2009-11-02,77.4374008178711,78.24651771160819,76.51694249855623,77.29636079434165,254222900
2009-11-03,77.68233489990234,77.7936819481481,76.85837467156826,77.00683362699853,228362600
2009-11-04,77.88278198242188,78.92943666910662,77.68236175696528,78.32074568004644,247996700
2009-11-05,79.31543731689453,79.33770560264918,78.2687882429879,78.43209655631975,180015300
2009-11-06,79.52325439453125,79.72368022293605,78.72156807095115,78.87745168007356,170954100
2009-11-09,81.33448791503906,81.37902447356754,80.07256967439368,80.13194986464943,159495700
2009-11-10,81.3493423461914,81.60172942583382,80.88911607804238,81.14149749433733,171899800
2009-11-11,81.76505279541016,82.26239673456362,81.37163130135298,81.88381887694227,169466200
2009-11-12,80.93362426757812,82.07677621533989,80.72577948859335,81.65366201145073,157144500
2009-11-13,81.37161254882812,81.72049172647974,80.7258040774039,81.14149376199114,150963000
2009-11-16,82.55191802978516,82.90822769709759,81.8912655950611,81.93580217971889,210922200
2009-11-17,82.6484146118164,82.68553220737473,82.02487978255608,82.33664719718624,147134100
2009-11-18,82.59644317626953,82.71521493670919,82.07683088271914,82.58902418875398,156486800
2009-11-19,81.52009582519531,82.62613087319535,81.00790255166258,82.03228909872806,208734600
2009-11-20,81.23058319091797,81.47554564285882,80.9188158866376,81.09696782289096,134196000
2009-11-23,82.26238250732422,82.94530293223153,82.0990742180317,82.18815301128603,148010200
2009-11-24,82.38858032226562,82.54446397639376,81.66112326966768,82.39600497151402,138420100
2009-11-25,82.67807006835938,82.76714885930001,82.26238037066454,82.52218643172382,109564800
2009-11-27,81.33448791503906,81.89121755003202,80.38433691078653,80.46599104365323,126001800
2009-11-30,81.60916900634766,81.80216459646877,80.25817155875735,81.26770873534664,160874800
2009-12-01,82.6186752319336,82.88590589405767,82.19556096079485,82.33659527561018,159613700
2009-12-02,82.58159637451172,83.14575088829106,82.33663387550041,82.60386466290383,132315100
2009-12-03,81.93578338623047,83.27193725299291,81.86897852456671,82.80428623130042,167324900
2009-12-04,82.4034194946289,83.42037544611745,81.68338151641312,83.01952938618246,274907800
2009-12-07,82.27721405029297,82.7894071253788,82.0174080206649,82.32918091956527,127973800
2009-12-08,81.36421203613281,82.22528459010897,81.1118248932328,81.68340404243794,169863700
2009-12-09,81.66852569580078,81.78729740629987,80.92621949522203,81.341914818622,155063400
2009-12-10,82.12876892089844,82.48507843825499,81.98772891103994,82.17330548681264,138014600
2009-12-11,82.47764587402344,82.66322243198616,82.10649275809797,82.47764587402344,124854000
2009-12-14,83.04177856445312,83.13827631065213,82.49246801836318,83.04177856445312,107141500
2009-12-15,82.65580749511719,83.0789218704498,82.3960014161143,82.73746164328206,120408800
2009-12-16,82.781982421875,83.23478964321198,82.59640587750236,82.98983290878357,155358200
2009-12-17,81.78728485107422,82.34401441604432,81.71305537508074,82.18813081745421,183390100
2009-12-18,82.25,82.3171701875574,81.5559384290342,82.24253538052999,174591200
2009-12-21,83.08586120605469,83.36198949535634,82.66046899593395,82.66046899593395,118039600
2009-12-22,83.38440704345703,83.56351810548921,83.16051394553831,83.26499587287691,91707500
2009-12-23,83.548583984375,83.66799514798346,83.21275005094213,83.58590139646206,111783100
2009-12-24,83.94413757324219,84.03369026105052,83.5859097404941,83.72770908797496,39677500
2009-12-28,84.12324523925781,84.3247444725126,83.82472300635166,84.25757995937369,87508500
2009-12-29,84.00383758544922,84.35460079676108,83.99637865734684,84.3396772467181,80572500
2009-12-30,83.97396850585938,84.07099149075633,83.71276372697749,83.75754575609805,73138400
2009-12-31,83.1679458618164,84.18291763726326,83.13062846222549,84.16052378120725,90637900
2010-01-04,84.57844543457031,84.6232217528774,83.22017540551748,83.86199587248217,118944600
2010-01-05,84.80238342285156,84.83970083964267,84.2202681614759,84.52625503641553,111579900
2010-01-06,84.86207580566406,85.07103964196251,84.65311196936561,84.72027647653118,116074400
2010-01-07,85.22029113769531,85.32477304057522,84.46652395791597,84.70534054933243,131091100
2010-01-08,85.50389862060547,85.54121603248998,84.82476613624083,84.99641256569927,126402800
2010-01-11,85.62329864501953,85.92181512591176,85.2576062764038,85.88450341271869,106375700
2010-01-12,84.82476043701172,85.23522347097492,84.49638545477134,85.0561124324062,163333500
2010-01-13,85.54119873046875,85.78001531424748,84.60832056042112,85.04117170400748,161822000
2010-01-14,85.7725830078125,85.92930591616252,85.39196697676896,85.44420794621897,115718800
2010-01-15,84.80984497070312,85.70540600284272,84.48146993512745,85.62331793778698,212283100
2010-01-19,85.86958312988281,85.92182408887219,84.7725172972687,84.79491116012485,139172700
2010-01-20,84.99642181396484,85.41434954212454,84.31728925570533,85.28747943805296,216490200
2010-01-21,83.36201477050781,85.28001260733325,83.25753284117398,85.01880778399868,344859600
2010-01-22,81.50371551513672,83.39186039646722,81.41415714318863,82.98885626345728,345942400
2010-01-25,81.92164611816406,82.39928509175049,81.65298238041358,82.25002113318041,186937500
2010-01-26,81.57836151123047,82.44407553753611,81.37686224998419,81.60074968538686,211168800
2010-01-27,81.96641540527344,82.1529910540915,80.84696151236504,81.473852959352,271863600
2010-01-28,81.02610778808594,82.27989692130706,80.53355082173448,82.23512056814039,316104000
2010-01-29,80.14545440673828,81.94404682427654,80.01858430173903,81.376855122028,310677600
2010-02-01,81.39177703857422,81.39924166043562,80.2275465570765,80.71264448897995,187865000
2010-02-02,82.37689971923828,82.53362262151396,81.25744553683631,81.54104424043473,216327900
2010-02-03,81.96641540527344,82.45151323096779,81.72759880253979,82.00372711873489,172730700
2010-02-04,79.43650817871094,81.36943058155416,79.42157892733454,81.33211884079536,356715700
2010-02-05,79.60063934326172,79.76482113510808,78.04832854350197,79.52600452697867,493585800
2010-02-08,79.02600860595703,80.10068653572472,78.96630301122796,79.66036489189645,224166900
2010-02-09,80.01856231689453,80.71262393345111,79.30957146041727,79.95139212492494,337820500
2010-02-10,79.86184692382812,80.30216274741119,79.19017341054803,79.8916997126225,240511500
2010-02-11,80.69767761230469,80.78723595136182,79.29463113008954,79.75734067446474,223591600
2010-02-12,80.63054656982422,80.67532291100596,79.48870431898672,79.84692643611642,304622100
2010-02-16,81.89925384521484,81.98134759485656,80.46635407774806,81.24250954191862,159317500
2010-02-17,82.2873306274414,82.39927716213644,81.89925006634358,82.29478955427375,168845100
2010-02-18,82.7724380493164,82.94408448769659,82.12315262810604,82.15300542039779,193708600
2010-02-19,82.9440689086914,83.26497924825526,82.36195380293299,82.55599406946475,222684900
2010-02-22,82.95901489257812,83.2724606752744,82.71273362310049,83.25007250420153,132346900
2010-02-23,81.95149993896484,82.98886026524254,81.73507146669886,82.73512007324386,207497000
2010-02-24,82.70526123046875,82.8395959381219,81.98881135426441,82.19777518976099,176350700
2010-02-25,82.59333801269531,82.65304360936341,81.30223722432241,81.52612467106916,259634700
2010-02-26,82.64553833007812,82.92913692781995,82.1753697987472,82.66792649435537,173589300
2010-03-01,83.50375366210938,83.58584736055951,82.96641516092092,82.98880331616478,147709700
2010-03-02,83.73514556884766,84.13814963746498,83.58588733328719,83.86202133229445,160992400
2010-03-03,83.80980682373047,84.3098283338428,83.60083725664134,83.95160048409996,150785000
2010-03-04,84.06352996826172,84.18294112520104,83.6082848966459,83.9217306428556,135770400
2010-03-05,85.26506042480469,85.33222491660561,84.40681141305254,84.60831627612771,176118800
2010-03-08,85.28001403808594,85.46658972843198,85.13075576334437,85.2725551100356,114631200
2010-03-09,85.42181396484375,85.81735352004924,84.98149806567939,85.02627440963828,154556700
2010-03-10,85.80242156982422,86.0337735827464,85.38449388355504,85.45912301412629,186088800
2010-03-11,86.16064453125,86.18303839509808,85.33971269912396,85.60091750564074,160791100
2010-03-12,86.16809844970703,86.5487143741201,85.92928184286369,86.53378513340905,162074800
2010-03-15,86.19049072265625,86.25019630067045,85.52628182530093,86.01884430316208,146816800
2010-03-16,86.87708282470703,86.95917086710996,86.19048014944573,86.42929673836895,168673000
2010-03-17,87.39205169677734,87.67565038846406,86.88456559431698,87.13831149246626,177468100
2010-03-18,87.3472671508789,87.51891358030277,86.99650397705062,87.39950811120411,196509100
2010-03-19,86.90512084960938,87.8942967726296,86.56789827660991,86.90512084960938,226641100
2010-03-22,87.36974334716797,87.52711733522938,86.35808691087134,86.41054300113012,184477800
2010-03-23,87.98423767089844,88.05917412639091,87.21237559919918,87.49714213426971,182941600
2010-03-24,87.55706787109375,87.99920257690466,86.6128584564238,87.65449038654017,196072600
2010-03-25,87.41470336914062,88.55375226702051,87.30979119633398,88.14908857878717,223396300
2010-03-26,87.36225128173828,87.99172434739226,87.01753902426803,87.57957099743832,205808500
2010-03-29,87.91678619384766,88.07415445721718,87.44468140373912,87.80437865793093,134513500
2010-03-30,87.97672271728516,88.29895454969666,87.60953016504817,88.02168343711064,145772500
2010-03-31,87.67700958251953,88.06668266505808,87.38475334129403,87.6395384880911,161078700
2010-04-01,88.27647399902344,88.61369083155347,87.75190749396322,88.27647399902344,161215200
2010-04-05,88.99589538574219,89.05584112062225,88.36641657257778,88.6137120247954,105847600
2010-04-06,89.20572662353516,89.36309490962878,88.64369458007837,88.74111140938807,110384200
2010-04-07,88.69615173339844,89.44552780027927,88.28399260969971,89.02587903235741,184576300
2010-04-08,89.00336456298828,89.15324315893675,88.12659621650414,88.38887661280916,158704000
2010-04-09,89.58792877197266,89.62539415234296,89.02589661083678,89.19075457558239,133006500
2010-04-12,89.73027038574219,89.96258080695014,89.59538249246434,89.70029466309327,110279000
2010-04-13,89.79774475097656,89.9551130552181,89.17576117900789,89.64037644673502,125043600
2010-04-14,90.81687927246094,90.81687927246094,89.9850714550513,90.12744900730198,161609000
2010-04-15,90.89181518554688,91.10163954953345,90.63702437407382,90.66700009996977,144615300
2010-04-16,89.44549560546875,90.89179112266383,88.98837591182323,90.56955930119705,366786700
2010-04-19,89.78275299072266,89.87268018523173,88.77859171315924,89.18325551252077,217947800
2010-04-20,90.58457946777344,90.65952165040918,89.82771373526774,90.34477934828222,157708000
2010-04-21,90.41968536376953,90.84682933442429,89.9175992404553,90.6369993111747,192910100
2010-04-22,90.6894760131836,90.80188355045414,89.2656662653729,89.78273178916164,115360300
2010-04-23,91.281494140625,91.31896522975994,90.39723017952421,90.62954064104692,177335500
2010-04-26,90.93677520751953,91.51379792127376,90.84685374781711,91.31146320237316,143457300
2010-04-27,88.78610229492188,90.92931315055483,88.61374323855554,90.41224741603017,355853300
2010-04-28,89.46048736572266,89.68530240876949,88.62867971064703,89.21319767911199,300674100
2010-04-29,90.56959533691406,90.75693936074231,89.97758753554247,90.00006790363612,193775000
2010-04-30,89.0333251953125,90.68195516767915,89.01084483905053,90.58453266750011,270000900
2010-05-03,90.18737030029297,90.43466566975243,89.32558704499326,89.46047490858176,182747900
2010-05-04,88.06665802001953,89.19821729111787,87.6170335991353,89.18323228791176,360353400
2010-05-05,87.54208374023438,88.27647456511461,86.90511543176864,87.3472444246892,328973200
2010-05-06,84.63452911376953,87.67699391053546,78.6844817145831,87.12245725929161,647356600
2010-05-07,83.37559509277344,85.25652518147503,81.9892503081337,84.40973215929294,637558800
2010-05-10,87.04753112792969,87.4147238186528,86.11081099639094,86.78524491727008,396159600
2010-05-11,86.80023956298828,87.94678414103079,86.11081488717382,86.23071209643945,317849800
2010-05-12,88.01419830322266,88.14159655300188,86.9950466086957,87.14492522099935,235607100
2010-05-13,86.92012786865234,88.18657524351904,86.8451914058766,87.77441612232407,234452500
2010-05-14,85.34644317626953,86.42554658480232,84.58208207341606,86.2681782906056,345601400
2010-05-17,85.39138793945312,85.81853200588266,83.7577481259133,85.57873192854125,325739800
2010-05-18,84.2298355102539,86.34307489823846,83.95256442431204,86.0882841700491,360556800
2010-05-19,83.75025177001953,84.50711730882595,82.70112437175904,83.75774141253767,394742700
2010-05-20,80.5879135131836,82.34894635841617,80.53545741029706,81.966762913222,530418300
2010-05-21,81.76439666748047,81.96672562448788,78.95423732564318,79.36639631602618,500909400
2010-05-24,80.71529388427734,81.97424588047588,80.6403574225257,81.3222866569369,269823000
2010-05-25,80.79772186279297,80.83519295052858,78.21986653674242,78.76691354434186,396505200
2010-05-26,80.31059265136719,82.03415905374256,80.07079265529855,81.29227870923064,349719300
2010-05-27,83.00092315673828,83.03089889574017,81.51715552122673,81.82440255803037,300870500
2010-05-28,81.95923614501953,82.97089236662792,81.569557513834,82.91094092840187,297933500
2010-06-01,80.58039093017578,82.39387926568824,80.46049375720268,81.19487894953474,277909400
2010-06-02,82.67863464355469,82.68612428522438,80.56539508410711,80.99253906791193,240243700
2010-06-03,82.96339416503906,83.22567455168702,82.1166015689232,82.91843344655189,226618300
2010-06-04,80.04833221435547,81.92926729611669,79.7785564369999,81.38971574140557,398475600
2010-06-07,79.0516357421875,80.6403141789021,78.99169003530359,80.33306741801118,264609100
2010-06-08,79.89845275878906,80.05582099643587,78.42218146435644,79.11160585327119,357774300
2010-06-09,79.4713134765625,81.1424184686874,79.13409090394455,80.36306687608585,268023300
2010-06-10,81.7944107055664,81.89182755016574,79.46385034219942,80.82771475302275,317890600
2010-06-11,82.19155883789062,82.24401492851581,81.02253412265206,81.07499021327725,214128200
2010-06-14,82.06415557861328,83.27065122277546,81.98172377306548,82.82102111350224,207196100
2010-06-15,83.93008422851562,84.005020660263,82.49877379782265,82.64115702024095,238268700
2010-06-16,83.90013885498047,84.24485113951079,83.33061147662002,83.49547511645741,216374000
2010-06-17,84.03501892089844,84.17740218151458,83.21820187633901,84.13993109694671,263185800
2010-06-18,84.12612915039062,84.42730105752388,83.85506983838197,84.20142212717393,174006600
2010-06-21,83.8851547241211,85.23291398116038,83.41832926305972,85.1726830704457,213140700
2010-06-22,82.499755859375,84.25410999599356,82.37928827085436,83.88517046651292,239355400
2010-06-23,82.24378204345703,82.84613164641007,81.67907605941498,82.55248499426712,254639900
2010-06-24,80.88097381591797,81.9426240786191,80.6701511169529,81.83721272913657,268523600
2010-06-25,81.2197494506836,81.6338635627256,80.39150973763147,81.12186344214976,238726500
2010-06-28,80.9637680053711,81.55859225511433,80.67012139080597,81.34023861322234,169218600
2010-06-29,78.46400451660156,80.94871286160436,77.96706629429241,79.82682629819871,373649500
2010-06-30,77.7186279296875,78.9685079190848,77.4626248148304,78.24568471838127,284101700
2010-07-01,77.37227630615234,77.92192042798278,76.14497788700527,77.66592305496329,382924800
2010-07-02,76.95059967041016,77.86918898875702,76.51389807593053,77.63577902063116,233385200
2010-07-06,77.4551010131836,78.58451336292357,76.70968472632366,78.03486349180861,256935300
2010-07-07,79.89461517333984,79.99249549070558,77.56802317983968,77.65084719625962,253769400
2010-07-08,80.68519592285156,80.77554520625199,79.74401925752053,80.56472255233568,210842100
2010-07-09,81.28753662109375,81.29506764204612,80.51200805308899,80.66259400522135,144999900
2010-07-12,81.34025573730469,81.49837273655137,80.67766939601093,81.01649071661286,131283600
2010-07-13,82.5675048828125,82.89126396699544,82.01785547805956,82.18350340125862,213025900
2010-07-14,82.56001281738281,82.88377779880337,81.96518851456428,82.30400979406868,184426800
2010-07-15,82.58259582519531,82.86871142973929,81.44565293893952,82.52989016792442,232337900
2010-07-16,80.30874633789062,82.22874379247637,80.15062356145943,82.13838874087111,282693400
2010-07-19,80.78305053710938,81.03904775131274,79.97740379758021,80.60234628329026,186709000
2010-07-20,81.67906188964844,81.73929281835439,79.67623558967823,79.71388494654411,258162400
2010-07-21,80.61741638183594,82.12329882531432,80.2861204060353,82.10071150777985,264527000
2010-07-22,82.41693878173828,82.77835306653921,81.56611733794665,81.57364261352623,274781300
2010-07-23,83.13227081298828,83.2527384615662,82.01791490508282,82.25132492353774,222020800
2010-07-26,83.99812316894531,84.08094716517314,83.04189031861372,83.27530026553626,184445700
2010-07-27,83.9906234741211,84.54779855477692,83.65932738830477,84.4574435101486,204855600
2010-07-28,83.44845581054688,84.07339824469952,83.16986556117561,83.8173953071316,163056200
2010-07-29,83.04185485839844,84.19385354829971,82.3792689159965,83.96796897422821,220149100
2010-07-30,83.02681732177734,83.47105558333703,82.05552830232853,82.19858321326721,220070600
2010-08-02,84.90167236328125,85.03720204265161,83.98308295249177,84.32190427867422,188263200
2010-08-03,84.49507141113281,84.90918566868825,84.2164810693516,84.69083775250571,146657300
2010-08-04,85.0597915649414,85.16520290223484,84.44991086424554,84.72849550802658,158171700
2010-08-05,84.96942138671875,85.01460176928414,84.38965913491799,84.5176577724669,140473800
2010-08-06,84.62310028076172,84.75862998943846,83.51627528398305,84.13368712473527,239728300
2010-08-09,85.07483673095703,85.21789741762603,84.57036743357916,85.0221310692084,120800400
2010-08-10,84.61553955078125,85.06730891742619,83.85507298886692,84.35201124989578,242916300
2010-08-11,82.29649353027344,83.34308156854749,82.16096385473142,83.31296322459518,273406900
2010-08-12,81.79199981689453,82.08564642292636,81.0164713063753,81.05412066386057,239542600
2010-08-13,81.55108642578125,82.0404995160656,81.45320610551933,81.53603012438994,158698500
2010-08-16,81.5134048461914,81.77693308149183,80.70022708199176,80.99387365053862,147895300
2010-08-17,82.51483917236328,83.11719454565544,81.98025150719762,82.21366723020378,172270300
2010-08-18,82.66542053222656,83.10965311240231,82.00283430019827,82.47718521971429,182922100
2010-08-19,81.22728729248047,82.43952297516122,80.88846608070621,82.23623139699366,265847600
2010-08-20,80.9637680053711,81.2724766611622,80.37647477624085,80.98635532272448,209714200
2010-08-23,80.65507507324219,81.74683767329661,80.6174257100046,81.3477796987179,163490300
2010-08-24,79.45790100097656,80.10543103175962,79.03625567655475,79.77413499429294,280677800
2010-08-25,79.7665786743164,80.06775050627681,78.52422476178411,79.02116288010635,272234800
2010-08-26,79.23200225830078,80.2484716941845,78.96846825184346,80.14306038939569,224439500
2010-08-27,80.45930480957031,80.54212880907399,78.539302267601,79.72895085639387,272649000
2010-08-30,79.292236328125,80.49694684970501,79.28471105211712,80.24847487379273,167238600
2010-08-31,79.292236328125,79.79671130044296,78.67482477083372,78.99858971822339,273933100
2010-09-01,81.66398620605469,81.7769285132985,80.30869575258205,80.36140139669791,256828100
2010-09-02,82.42449951171875,82.43955581279012,81.68661438050182,81.85979343750252,156112200
2010-09-03,83.4936752319336,83.56896822650398,82.78590844509993,83.2301468786936,212197300
2010-09-07,82.5524673461914,83.20752821565627,82.48470539994595,83.10211691406217,141973700
2010-09-08,83.13227081298828,83.46356115494324,82.68050133348028,82.71815070493514,149924400
2010-09-09,83.51625061035156,84.08848762731535,83.29037165894833,84.06590030662367,147017900
2010-09-10,83.9378433227539,84.03572355921972,83.47854897294539,83.6667841738675,127819000
2010-09-13,84.87154388427734,85.04471716560838,84.42730553208557,84.76613256229683,178503500
2010-09-14,84.8188247680664,85.3007066619587,84.38964852680341,84.70588244257924,209823600
2010-09-15,85.14264678955078,85.24052714020655,84.31441208814829,84.5704095027045,168608400
2010-09-16,85.12001037597656,85.17271603355205,84.59294805573595,84.87906940641926,199962900
2010-09-17,85.1518325805664,85.65143718902732,84.9171729600575,85.56816975428384,195836900
2010-09-20,86.45378875732422,86.64303179525949,85.17450397280518,85.44701440945113,214555200
2010-09-21,86.27969360351562,86.93068438008005,85.92391574668792,86.52192447568179,268389100
2010-09-22,85.85580444335938,86.62791949151298,85.61357351702979,86.14345763885382,191322400
2010-09-23,85.1594009399414,86.04505732365884,84.91716998605523,85.15182959834578,202354300
2010-09-24,86.9155502319336,86.97610939570438,86.02989411893483,86.10559018602846,209671800
2010-09-27,86.49920654296875,87.04422742448085,86.4159449182415,86.94582312235644,128761800
2010-09-28,86.802001953125,87.0820837499709,85.67411497705194,86.6127589005847,209207500
2010-09-29,86.65060424804688,86.98367384717231,86.30996331023971,86.58247375038974,179665800
2010-09-30,86.39324951171875,87.64982634534947,85.98448376253432,87.08966844101845,287106700
2010-10-01,86.75657653808594,87.14263394259545,86.24183525715294,87.04422386925121,174638700
2010-10-04,86.10560607910156,86.93827452130186,85.67413206426427,86.57493102209192,166153200
2010-10-05,87.83906555175781,88.05101686970872,86.80201143150914,86.9004215257294,229634100
2010-10-06,87.83148956298828,88.0585835489104,87.47571168015558,87.82391822339355,148626600
2010-10-07,87.7254867553711,88.20994838515573,87.19560865255607,88.18724014864054,164860000
2010-10-08,88.21757507324219,88.4598060401188,87.51359042337549,87.8466601685465,177760100
2010-10-11,88.3008041381836,88.54303499979814,87.99801411735558,88.35379195868555,103098300
2010-10-12,88.57329559326172,88.83066330189189,87.54381320826494,88.01313215347007,182210000
2010-10-13,89.26216125488281,89.73905744140076,88.853395570113,89.06535263925409,194347200
2010-10-14,88.9139633178711,89.330300381977,88.35380544772512,89.17890246082932,217764300
2010-10-15,89.0956039428711,89.58763690815177,88.38405417523451,89.53464909805928,243705000
2010-10-18,89.53470611572266,89.82992492784523,88.80044186881814,89.12594027388174,141204800
2010-10-19,88.36134338378906,89.20914832075425,87.82388818594264,88.70954980793375,280604700
2010-10-20,89.22432708740234,89.65580106742811,88.46735478734028,88.52034261733502,200051800
2010-10-21,89.42113494873047,90.14782765743452,88.72472182479413,89.6255207021024,221585500
2010-10-22,89.58765411376953,89.72390933378111,89.32271501242461,89.55737453429593,108212400
2010-10-25,89.85260009765625,90.65499457707044,89.78447537005187,90.18566972213911,151145700
2010-10-26,89.86775970458984,89.95859269183924,89.22433435219638,89.39843476125162,158982900
2010-10-27,89.61033630371094,89.70874635220092,88.76253142587473,89.23942166965759,190024000
2010-10-28,89.62551879882812,90.16296842275102,89.19404483172156,90.12511749878512,168576000
2010-10-29,89.69367980957031,89.867786044897,89.37575271053113,89.53471626005073,144305500
2010-11-01,89.72389221191406,90.64739899629015,89.2091510095686,90.1326577939447,174074800
2010-11-02,90.43547821044922,90.64742952245496,90.15539639087586,90.39762728677387,158345900
2010-11-03,90.7988052368164,90.8517930552298,89.66334703489586,90.5944253015759,226702800
2010-11-04,92.54744720458984,92.5928637004948,90.81397971624416,91.80561171177617,215039400
2010-11-05,92.89561462402344,93.04700672999705,92.48684900760828,92.60796153733945,180654100
2010-11-08,92.72150421142578,92.87290208562831,92.30517305165517,92.60795724958348,156107100
2010-11-09,92.05538177490234,93.069721663418,91.68446704591786,92.97131736498021,186621600
2010-11-10,92.42631530761719,92.47173757210865,91.33627913890638,92.0326922585461,221387400
2010-11-11,92.0781021118164,92.2143573449905,91.35140945996783,91.63149126572564,158017600
2010-11-12,90.9880599975586,91.85857921960991,90.57172873500522,91.45738486059456,239068800
2010-11-15,90.85940551757812,91.63152067848551,90.82156035886176,91.27574269014993,163940800
2010-11-16,89.44380950927734,90.45057782626142,89.01232994812138,90.29918574445203,299566200
2010-11-17,89.4892349243164,89.86014960449326,89.21672452962858,89.48166358689777,172308900
2010-11-18,90.806396484375,91.13189480463339,90.34464291900285,90.35221425907592,197723700
2010-11-19,91.05616760253906,91.09401273948663,90.26891598602646,90.76094896825164,156852900
2010-11-22,90.98046875,91.01831388578142,89.90556409456778,90.60198274075661,181361000
2010-11-23,89.66336059570312,90.09483454668006,89.31515405414629,89.90559148440526,222309000
2010-11-24,90.9880599975586,91.01077401572535,90.21595086184375,90.23108776538177,140046100
2010-11-26,89.92832946777344,90.69286748492999,89.92832946777344,90.20084001208875,76007800
2010-11-29,90.20081329345703,90.4430441749586,89.12590834250655,89.70120885178768,223642300
2010-11-30,89.69367980957031,90.20842139740434,89.17893822173629,89.30762795012666,233930700
2010-12-01,91.6012191772461,91.77531957123186,90.98050212539192,90.98806769018066,221037200
2010-12-02,92.77452850341797,92.84265901740827,91.69205782199518,91.74504565499178,191213600
2010-12-03,93.02430725097656,93.1302828901847,92.4338698967486,92.45657813725904,151288900
2010-12-06,92.9259033203125,93.1378545995726,92.72908894303988,92.82749324405658,103050500
2010-12-07,92.9789047241211,93.87213222810077,92.92591689656467,93.81914440054435,206581000
2010-12-08,93.31951141357422,93.39520746191528,92.66094944024488,93.09242326855104,138019200
2010-12-09,93.6828842163086,93.87969283670581,93.22113069687558,93.84184769058623,123705100
2010-12-10,94.22791290283203,94.31874588119152,93.66018368712433,93.97053932191962,117571700
2010-12-13,94.28842163085938,94.77288320341422,94.25814206067001,94.65934203425097,133812700
2010-12-14,94.3717269897461,94.79563536778308,94.08407962002514,94.43228615449992,147249600
2010-12-15,93.94022369384766,94.56851183755654,93.78126026747036,94.1975971760095,160823100
2010-12-16,94.48526763916016,94.55339813874609,93.67530763446166,94.00080590412027,185035200
2010-12-17,94.58646392822266,94.70821339407537,94.22120391944277,94.41905333276567,141075300
2010-12-20,94.81476593017578,95.04305420849919,94.34297866987181,94.84520475432637,119085500
2010-12-21,95.41593933105469,95.47681699191635,95.02024614668042,95.11155683235964,94965500
2010-12-22,95.71269226074219,95.74313108531821,95.43114329323517,95.48440978484018,78878100
2010-12-23,95.5757064819336,95.71267826969745,95.3398128829669,95.60614530206016,70053700
2010-12-27,95.61376953125,95.70508019850278,95.14958762067467,95.21807062111425,58126000
2010-12-28,95.7507553100586,95.84206599063577,95.49963932724542,95.80402180893293,55309100
2010-12-29,95.81925201416016,96.0323180401071,95.80403550042699,95.8649131665872,58033100
2010-12-30,95.66703033447266,95.97901810505728,95.52244737910245,95.72790797942977,76616900
2010-12-31,95.68984985351562,95.78116631317721,95.370250953117,95.52243924694169,91218900
2011-01-03,96.67911529541016,97.09763611062765,95.65182373621103,96.42038816463891,138725200
2011-01-04,96.62581634521484,96.92258755645027,96.02466276702722,96.89214873919397,137409700
2011-01-05,97.12805938720703,97.18893703241952,96.2301344399641,96.32145090778285,133975300
2011-01-06,96.93781280517578,97.27263401958207,96.64865272357753,97.16610105238213,122519000
2011-01-07,96.74756622314453,97.22696453436095,95.9942243610585,97.06716509728881,156034600
2011-01-10,96.62581634521484,96.76278812006278,96.03226811713321,96.32143397826265,122401700
2011-01-11,96.96827697753906,97.20417063721175,96.60301684763388,96.97588813593222,110287000
2011-01-12,97.8433609008789,97.94989388121961,96.9910912525413,97.56181194095505,107929200
2011-01-13,97.68355560302734,97.9270661930228,97.44005662425592,97.88141086020465,129048400
2011-01-14,98.3912582397461,98.41408590850875,97.47811665556422,97.54659966185218,117677900
2011-01-18,98.55866241455078,98.64997308360697,98.18579116386398,98.2999295001842,114401300
2011-01-19,97.59222412109375,98.57384840097664,97.33350288282652,98.47493240471066,151958400
2011-01-20,97.462890625,97.70638961959698,96.73998157659454,97.37157414781684,175745700
2011-01-21,97.68355560302734,98.29232046679194,97.57702262271034,98.07164915442958,151462900
2011-01-24,98.23905181884766,98.3531901416408,97.59984237753686,97.62267004209549,113715500
2011-01-25,98.2923355102539,98.37604083697279,97.48572687708607,97.9803418732812,167552200
2011-01-26,98.67281341552734,98.96197938628562,98.33799210438112,98.53584739436349,141281500
2011-01-27,98.91631317138672,99.08372380855529,98.52061424614965,98.69563023547147,123302700
2011-01-28,97.18897247314453,99.19028369861347,97.02917295039845,99.03047837025348,295637300
2011-01-31,97.91944885253906,97.99554881442523,97.21176797413833,97.4552785631949,149249200
2011-02-01,99.48702239990234,99.66203837922137,98.45212561620134,98.51300326362187,167194300
2011-02-02,99.29680633544922,99.56313303990946,99.17505101335085,99.22831170975226,118323600
2011-02-03,99.51749420166016,99.66968257390987,98.59674700225081,99.12179514482806,145886700
2011-02-04,99.79898834228516,99.8370383172123,99.09891292626976,99.55548940295125,134634800
2011-02-07,100.4229736328125,100.75017786667523,100.01205248886637,100.01966945044956,112439100
2011-02-08,100.87957763671875,100.93283832622902,100.24036808401993,100.5143117176837,99072800
2011-02-09,100.6512680053711,100.92521158096783,100.14903618157332,100.60561267797542,146436700
2011-02-10,100.6893539428711,100.8034923021245,99.91317826626756,100.14146659600117,162708500
2011-02-11,101.29048156738281,101.4198422188672,100.27080705952382,100.29363472677257,137710300
2011-02-14,101.53396606445312,101.61767136949382,101.1154511504724,101.22958947042663,101690700
2011-02-15,101.21438598632812,101.37419127521551,100.68933800564089,101.2220029498906,119575400
2011-02-16,101.85359191894531,101.97533560815327,101.35136001307966,101.55682063115643,130183500
2011-02-17,102.15794372558594,102.29490969685953,101.46547368533383,101.55679594407125,109810500
2011-02-18,102.37102508544922,102.49278037465005,102.0133761804364,102.24926979624837,130002400
2011-02-22,100.31644439697266,102.39384302248897,100.04250082790945,101.29806874623611,233116400
2011-02-23,99.70008087158203,100.4990839685287,99.08371070317901,100.25557339713716,227584000
2011-02-24,99.631591796875,100.0196853401703,98.69562265998266,99.59355342780381,260431400
2011-02-25,100.6969223022461,100.75779994189153,99.98922990118756,100.050107540833,141686900
2011-02-28,101.32090759277344,101.45027984655212,100.73498202553421,101.06980327037013,141585500
2011-03-01,99.631591796875,101.73182995242944,99.6011587793733,101.64051928870056,258565500
2011-03-02,99.84468078613281,100.30886273189489,99.19026052835719,99.49463718308884,200277400
2011-03-03,101.56440734863281,101.67854566483136,100.74257663833615,100.75018198900858,176480100
2011-03-04,100.803466796875,101.68617525584814,100.14144125825707,101.48832000156777,277202300
2011-03-07,100.01209259033203,101.32855023766494,99.48704453555291,101.1002619118503,216790400
2011-03-08,100.88716125488281,101.206760156768,99.73812627825588,100.17186349823486,174615000
2011-03-09,100.74259185791016,101.0545854509501,100.14144394974278,100.689331172712,153806000
2011-03-10,98.87825012207031,99.82182455827015,98.77932250102751,99.684858570263,301291800
2011-03-11,99.56310272216797,99.92075161490841,98.53582298424756,98.55865064878647,225621800
2011-03-14,98.96199035644531,99.28919473964761,98.20864232285598,98.91633501099636,234974100
2011-03-15,97.82813262939453,98.41406979120241,96.2605710378778,96.32905403295028,359585400
2011-03-16,96.0170669555664,97.83575029220219,95.332207971881,97.51613975712951,468670300
2011-03-17,97.28785705566406,97.69877244484482,96.71714220495942,97.40200118692734,254303700
2011-03-18,97.6417236328125,98.49769574318506,97.4506588981534,98.46711885510669,230435400
2011-03-21,99.15493774414062,99.3612792171541,98.74223147478676,98.85687728812437,153992600
2011-03-22,98.81103515625,99.26959519389527,98.71932781338741,99.13967257095122,129538600
2011-03-23,99.09382629394531,99.3536715592232,98.06972201667342,98.53590881878941,148603100
2011-03-24,100.0414810180664,100.1866920686518,99.10144587699367,99.65935158459531,159129800
2011-03-25,100.34716796875,100.78278935642035,100.03381910817706,100.30131431338071,155642800
2011-03-28,100.1026382446289,100.82104355391671,100.0720730164677,100.5611982987133,109762400
2011-03-29,100.77517700195312,100.80574222620815,99.6899307850903,100.01855650790861,129798800
2011-03-30,101.47067260742188,101.76873315657198,101.15732361271695,101.30253469132008,135835000
2011-03-31,101.33306884765625,101.61585252620489,101.22607308491618,101.34071889892137,132537100
2011-04-01,101.76107788085938,102.23492637540562,101.5165210728676,101.95979267787332,153850100
2011-04-04,101.84512329101562,102.15847219720334,101.55471287751386,101.97504588736238,100768900
2011-04-05,101.82982635498047,102.28073615804678,101.6005464284795,101.6464000814474,120791500
2011-04-06,102.15082550048828,102.41067067205111,101.73811925232344,102.3189633554202,120411600
2011-04-07,101.89099884033203,102.39540083510394,101.38658518389515,101.96741773085385,170731500
2011-04-08,101.5394287109375,102.40304492134125,101.1190840217293,102.34190281548693,147945400
2011-04-11,101.23370361328125,101.99031219615149,100.98913525323263,101.64639814378673,121385400
2011-04-12,100.47711181640625,100.86687963121813,100.11027083413245,100.6681765286666,161187400
2011-04-13,100.46946716308594,101.01972277136271,100.08733776238628,100.94330388822108,162059000
2011-04-14,100.54589080810547,100.69874024329154,99.5600020387405,99.88862774130736,161220400
2011-04-15,100.91275787353516,101.1649647545434,100.43128261130798,100.72934316856,170006700
2011-04-18,99.78164672851562,100.90510831887647,98.97917249801986,99.80457356410126,210759300
2011-04-19,100.35485076904297,100.38542766059557,99.68994914861464,99.93450597269916,124258800
2011-04-20,101.72285461425781,101.94448454312091,101.4859245819131,101.55471673925923,156133800
2011-04-21,102.24253845214844,102.28839211299109,101.72284808038037,102.25017684173439,135935400
2011-04-25,102.13555908203125,102.30369697321552,101.7992832996627,102.16612430694413,65757100
2011-04-26,103.01446533203125,103.22081852700384,102.34192534292335,102.44892113630416,146600000
2011-04-27,103.68701171875,103.83986117843878,102.79283013482102,103.21317489521488,143031000
2011-04-28,104.02327728271484,104.16083828438768,103.48829839565639,103.50357517695441,124791100
2011-04-29,104.267822265625,104.3748296925957,103.92390813868597,104.06148078645987,115094100
2011-05-02,104.10734558105469,104.8410275754246,103.90099241815969,104.7569702938113,126278700
2011-05-03,103.73287200927734,104.08443628449312,103.20553142728717,103.90865997771874,138375000
2011-05-04,103.0450439453125,103.73287239116502,102.5864838736328,103.68701871633046,182678500
2011-05-05,102.11262512207031,103.1367291793333,101.66171520066318,102.47182771347315,226900000
2011-05-06,102.56355285644531,103.65644926268745,102.16613492129667,103.12910870024659,222787200
2011-05-09,102.9609375,103.2589979395694,102.39538183906662,102.55588130421758,114104500
2011-05-10,103.83983612060547,104.02326242496873,103.17493471749171,103.30485730995856,114806900
2011-05-11,102.74697875976562,103.70230248125753,102.27314192563891,103.68701403644704,193564200
2011-05-12,103.23612976074219,103.45012139474063,101.94452990160688,102.47187059312786,171550700
2011-05-13,102.4412612915039,103.43480022745858,102.07442027235622,103.28958916567814,157444900
2011-05-16,101.7916488647461,102.87689514714219,101.62351096702753,102.07442093742466,141675400
2011-05-17,101.7763442993164,101.9139169491425,100.97387021671214,101.4095033358868,192686200
2011-05-18,102.68584442138672,102.79284021983285,101.60823638310725,101.8298780338176,135217900
2011-05-19,102.93038940429688,103.19788470046511,102.36484524687361,103.02210840788757,119489500
2011-05-20,102.11262512207031,102.93037602515912,101.92156041011835,102.66289242542511,182594900
2011-05-23,100.9280014038086,101.43241494134737,100.56879888419724,100.8668593088043,168700000
2011-05-24,100.84398651123047,101.44010767983531,100.6529217350964,101.21847767065391,147199600
2011-05-25,101.18025207519531,101.60059687220068,100.40835465645257,100.43891988638602,151050100
2011-05-26,101.64641571044922,101.82984201218565,100.71401908453309,100.90508377571814,164850000
2011-05-27,102.03617858886719,102.31131219744549,101.61584561774882,101.92918283340134,120921900
2011-05-31,103.09850311279297,103.11379155341487,102.28839068478136,102.99915740290884,164731200
2011-06-01,100.78280639648438,103.11379811905805,100.69873746020585,102.80044920550499,233094300
2011-06-02,100.67584228515625,101.06562186758448,100.08737120783178,100.85163026461781,200466800
2011-06-03,99.67463684082031,100.43889568333081,99.41479163316622,99.46828368807643,234690200
2011-06-06,98.61997985839844,99.62880737312662,98.49005722301689,99.42245417026544,179951200
2011-06-07,98.558837890625,99.40716577926159,98.47476894088027,99.12438204193877,161660500
2011-06-08,98.14612579345703,98.73460840725545,97.96269946065011,98.40597101868455,198696400
2011-06-09,98.8951187133789,99.30017508639884,98.17672498541361,98.41364343057607,160964400
2011-06-10,97.51943969726562,98.53589965727743,97.25959445614723,98.4747692042686,238629400
2011-06-13,97.59588623046875,98.0085926813157,97.09912247253773,97.7410973275568,207599800
2011-06-14,98.83395385742188,99.17786798593754,98.45182445647916,98.49002806724235,160570400
2011-06-15,97.076171875,98.81868722577734,96.81632662380945,98.00857458285006,300958000
2011-06-16,97.2901840209961,97.80223620943097,96.54120755083451,97.1067576420785,308032800
2011-06-17,97.58049011230469,98.2640522890499,97.25022927389762,98.25637016915935,233284900
2011-06-20,98.07974243164062,98.28711870518231,97.21953228877767,97.25025491670023,159479000
2011-06-21,99.42381286621094,99.61582486932045,98.11813358896275,98.58664334532926,193157300
2011-06-22,98.8247299194336,99.70030412782366,98.76328467610143,99.1165918953909,176703000
2011-06-23,98.54054260253906,98.8016760617885,96.91996115210952,97.66496851251193,334286500
2011-06-24,97.39615631103516,98.59430920896756,97.25023118868486,98.51751144751219,226129300
2011-06-27,98.26405334472656,98.64038932729832,97.26558869888804,97.45760068003078,168904700
2011-06-28,99.54669952392578,99.56206376503748,98.51751803960362,98.65576105116234,165556300
2011-06-29,100.39920806884766,100.56049154187542,99.56203879023515,99.99981993650401,244295500
2011-06-30,101.35926818847656,101.52055166211203,100.39153218822595,100.72178711389428,223322700
2011-07-01,102.8569564819336,102.99521117537486,101.21333471444558,101.4514276492555,202385700
2011-07-05,102.77252197265625,102.97989825642048,102.44994315318122,102.7494814655141,165936000
2011-07-06,102.89534759521484,103.02591429316807,102.23482612826015,102.52668799396587,143331600
2011-07-07,103.96295166015625,104.22408510195125,103.59429199412335,103.80934444259917,170464200
2011-07-08,103.22564697265625,103.96297821251746,102.44992270820971,102.78786570483433,194100500
2011-07-11,101.35926818847656,102.28859945517802,101.12117524774278,101.95834452950969,195918600
2011-07-12,100.9214859008789,101.9813957166558,100.89076914250705,101.14422634712676,214675700
2011-07-13,101.25943756103516,102.31934746809357,101.01366831445264,101.4514495459671,204062600
2011-07-14,100.56050109863281,101.98139433327722,100.36848913284196,101.51288466796834,226111800
2011-07-15,101.14422607421875,101.28246906573986,100.43762343876756,101.1211855756319,220012800
2011-07-18,100.31473541259766,100.82932609271857,99.56205176162028,100.67571885856738,196872100
2011-07-19,101.9429931640625,102.0658836391449,100.85236656653797,100.87540706568082,166554900
2011-07-20,101.88153076171875,102.26555464204107,101.70488305822454,102.2041211343308,137145400
2011-07-21,103.29476165771484,103.54821885968614,101.89690891705132,102.4575805774531,245246300
2011-07-22,103.36387634277344,103.47140256808773,102.7340715091614,103.31779534899296,126019400
2011-07-25,102.78782653808594,103.2947408398659,102.27323597821041,102.38076218893846,136653800
2011-07-26,102.40380859375,102.88768242969584,102.17339192332442,102.71871098601567,131278200
2011-07-27,100.30705261230469,101.86618879026513,100.17647416633561,101.83546031375006,249020100
2011-07-28,100.01521301269531,101.2056897746264,99.85391777367958,100.30707500735113,207939900
2011-07-29,99.33163452148438,100.26865388013985,98.2870889275478,99.0090558156411,307038400
2011-08-01,98.90918731689453,100.58353748925526,97.94912763900925,100.49136379093291,325790900
2011-08-02,96.38232421875,98.69414991587237,96.38232421875,98.16419501786096,346653800
2011-08-03,96.90460968017578,97.0121359257669,94.87696353511343,96.5129094396971,370830800
2011-08-04,92.36541748046875,95.71410590086332,92.21180442556049,95.56049284595505,520721800
2011-08-05,92.2271957397461,93.75560946147277,89.75408049711119,93.5175164811321,655619200
2011-08-08,86.2210693359375,92.25792702976891,86.03673359860167,89.7924936753784,702263900
2011-08-09,90.23027801513672,90.35316264316415,84.69264699969767,87.61123162704685,717828700
2011-08-10,86.24412536621094,89.30863576934756,85.98298595450491,88.5252292537139,662607400
2011-08-11,90.11505126953125,91.33624447903699,86.26713008721542,86.98909690626296,487979700
2011-08-12,90.72180938720703,91.55897868706745,90.07664618002325,90.93686183635504,313731600
2011-08-15,92.64192962646484,92.73409161410267,91.3976900556961,91.54362101577571,258810600
2011-08-16,91.8508529663086,92.69571041233264,90.8677525124707,91.75869096109938,294095200
2011-08-17,91.91228485107422,93.08739712462837,91.1826417370899,92.35775401064404,238201100
2011-08-18,87.94918060302734,91.94302797185422,87.08896470924157,89.47759452543815,512956300
2011-08-19,86.51292419433594,89.0013980144438,86.40539794567172,86.75869931410287,428281300
2011-08-22,86.5820541381836,88.5021741497133,86.33627901109745,88.45608728481254,275090600
2011-08-23,89.43151092529297,89.53135505570818,86.46684517882835,86.90463230409689,331136600
2011-08-24,90.69108581542969,90.81397041661586,89.0320997513688,89.23947593924626,246869700
2011-08-25,89.30860900878906,91.70492056990041,88.99371241638039,91.19032988246401,312365400
2011-08-26,90.60659790039062,91.02134440639,87.44223892484328,88.85544989266407,314495900
2011-08-29,93.21028900146484,93.26405211741545,90.67572871295884,91.82780050596335,190977200
2011-08-30,93.4560775756836,94.03211355535133,91.59740288762686,92.80323797067501,241315700
2011-08-31,93.87079620361328,94.86157849648262,93.16419368551304,94.05512602143524,301828400
2011-09-01,92.88771057128906,94.77710761404866,92.764820100342,93.92457401600906,254585900
2011-09-02,90.51441955566406,92.8339268727342,90.19184093055806,90.95220650680474,255517200
2011-09-06,89.85389709472656,89.98446965467585,87.84929216659594,87.85697428417856,285130500
2011-09-07,92.38848114013672,92.42688001868812,90.9061484820764,91.21336880918939,209803200
2011-09-08,91.42842864990234,92.88772092651108,91.22105242199572,91.83549312574912,250568200
2011-09-09,89.03209686279297,91.44376641269108,88.54054675451688,90.38386259042194,380195100
2011-09-12,89.60814666748047,89.67727402522213,87.5958649291277,87.91844363928098,305793500
2011-09-13,90.42994689941406,90.76788980865395,89.26251681436496,89.89999789870755,272514700
2011-09-14,91.68186950683594,92.78017811333059,89.64654163133663,90.8907753376138,319389500
2011-09-15,93.26404571533203,93.29476833087202,91.70490960005078,92.66496936165153,326777200
2011-09-16,93.8160400390625,94.16345321088254,92.88961669432102,93.6384784115141,284528300
2011-09-19,92.8818588256836,93.36051403928313,91.65434807523755,92.27968329602677,241517000
2011-09-20,92.77378845214844,94.17886683480111,92.65026811996535,93.2756034223932,218932200
2011-09-21,90.04084014892578,93.10576558596976,89.8941601103393,92.82012148079006,316251300
2011-09-22,87.13034057617188,88.17256834678464,85.92598900924655,87.4314284679032,513911300
2011-09-23,87.65533447265625,88.13398999218585,86.48185832479575,86.55134333265757,307242500
2011-09-26,89.73977661132812,89.8633028773172,87.22299078739447,88.48138369936129,260673700
2011-09-27,90.74339294433594,92.30287352711854,90.20297444887434,91.50769245485452,311753900
2011-09-28,88.89054870605469,91.47681936879226,88.75930647401823,90.92868484964926,286696800
2011-09-29,89.59309387207031,90.81288331717296,87.95640623666492,90.36511534140291,298108900
2011-09-30,87.3542251586914,89.12987089691201,87.29246203126041,88.35784947419278,288392300
2011-10-03,84.8683090209961,87.97183232146008,84.77566433663314,86.84468183362766,365136800
2011-10-04,86.72887420654297,86.91416356833801,82.93825250316374,83.64851071987863,459177500
2011-10-05,88.33470916748047,88.56631800116752,86.14217067282101,86.94507383553015,284108000
2011-10-06,89.93276977539062,90.0640178877003,87.63214933920663,88.28836634053204,257800800
2011-10-07,89.33060455322266,90.51951833669044,88.82878941428302,90.45775520480879,312657900
2011-10-10,92.31834411621094,92.35694166208228,90.84378003658367,90.85150190178088,230666300
2011-10-11,92.41097259521484,92.67346297202445,91.6775545151166,91.77019921694175,209088000
2011-10-12,93.22161865234375,94.29472832546008,92.8973709576017,93.10581422134787,281544900
2011-10-13,93.03631591796875,93.31424413904261,91.96320646606678,92.67346485767472,212538800
2011-10-14,94.62667846679688,94.64983817023156,93.59217244633537,94.1171473210633,211397600
2011-10-17,92.82013702392578,94.61122646546684,92.58852824413488,94.17889046919422,202311600
2011-10-18,94.63440704345703,95.34466548609599,92.02497032367461,92.75067249640328,318857900
2011-10-19,93.51495361328125,95.02039893449162,93.19070602657972,94.479980399933,226601300
2011-10-20,93.92413330078125,94.26381873667698,92.50361075684611,93.74656577401825,262075600
2011-10-21,95.70750427246094,95.82330867302211,94.74247741787866,95.02812159719886,278999400
2011-10-24,96.88097381591797,97.12030447980797,95.77698286460019,95.86190569855205,203215600
2011-10-25,94.99723815917969,96.46407414624906,94.78878907718999,96.41775474583179,268596800
2011-10-26,95.9622802734375,96.32512545146292,94.34875218367792,96.00087781660262,289053800
2011-10-27,99.30512237548828,99.91501413462105,97.74563575602889,98.53309503937867,393220200
2011-10-28,99.28195190429688,99.47495724487278,98.6643324584317,98.81873437487022,225906500
2011-10-31,96.88867950439453,99.29738234873282,96.74971542567845,98.17023777367132,228146700
2011-11-01,94.18659973144531,95.35235355766471,93.81602691136946,94.20975942831471,416565800
2011-11-02,95.72290802001953,96.03943954282097,94.79648492557688,95.59938768945256,244717600
2011-11-03,97.46771240234375,97.6607177734375,95.4218542907387,96.71112875603139,291174800
2011-11-04,96.8732681274414,97.04310792332134,95.73839548964138,96.6802627370688,249401600
2011-11-07,97.4754409790039,97.5758016584636,95.88507260643301,96.8037801209237,196617200
2011-11-08,98.72610473632812,98.83419316237388,97.05081953843758,97.98496482237732,224426300
2011-11-09,95.08216857910156,97.12030482099341,94.85055977840892,96.41776244493384,337982000
2011-11-10,95.97769927978516,96.45635466355418,94.97406911351507,96.34055027666828,231866500
2011-11-11,97.78424835205078,98.0390109766908,97.11258751059296,97.14346907813712,189924400
2011-11-14,96.85779571533203,98.3941165185321,96.44090348877444,97.42137387995304,159258300
2011-11-15,97.3364486694336,97.85370153612968,96.28649921133264,96.6339064465631,184709400
2011-11-16,95.79238891601562,97.5371525326511,95.6534248687562,96.35596107597307,235782500
2011-11-17,94.27151489257812,95.85416080411402,93.59213831599668,95.61483021243325,331219600
2011-11-18,94.171142578125,94.76559627269249,93.77741014195207,94.57259098496807,215580400
2011-11-21,92.38007354736328,92.91276425044009,91.60033036858626,92.7969598749694,229611600
2011-11-22,92.01721954345703,92.71975585531894,91.49996080213319,92.17934330773285,216494900
2011-11-23,89.98680877685547,92.01722874450239,89.98680877685547,91.15256269184941,224329100
2011-11-25,89.81698608398438,90.86693588404614,89.70890353604187,89.84786765340466,99557000
2011-11-28,92.4186782836914,92.78152927309333,91.73157972973887,92.28743606328602,210686000
2011-11-29,92.68118286132812,93.4146009257973,92.34149151859803,92.68118286132812,199241500
2011-11-30,96.49497985839844,96.67254742119543,92.64259365480233,95.3369474377134,324439500
2011-12-01,96.47953033447266,96.99678333946096,96.0626380067031,96.38688563161605,176954800
2011-12-02,96.39459228515625,97.66070690745555,96.33282915966461,97.36734089645405,221109700
2011-12-05,97.44453430175781,98.18567408001674,96.84235860005091,97.92318376206055,225263900
2011-12-06,97.4754409790039,98.13165810790144,97.08943021023396,97.43683754610414,178842100
2011-12-07,97.83827209472656,98.24744248378332,96.4795128164929,97.15116764756505,237802500
2011-12-08,95.69204711914062,97.41365737780515,95.46044424056774,97.19749233511486,240862800
2011-12-09,97.31331634521484,97.56036299954944,96.03947964096653,96.12440248058688,209111400
2011-12-12,95.89279174804688,96.47952974913208,95.08217269068251,96.46408602038797,215826100
2011-12-13,94.99723815917969,96.94272954743279,94.53402059478304,96.39459504562316,245159800
2011-12-14,93.98590087890625,94.98180937494651,93.77745765418011,94.61895830777793,238618800
2011-12-15,94.32555389404297,95.11301295515763,94.17886797587224,94.98177075998095,199109200
2011-12-16,94.46542358398438,95.52203216693324,94.24012265926915,94.96265638250019,220481400
2011-12-19,93.45541381835938,95.03255551364607,93.25341359348499,94.83055528877169,183903000
2011-12-20,96.28341674804688,96.44656876383965,93.51759146190108,94.92381068902837,225418100
2011-12-21,96.46990203857422,96.61751834830962,95.3666799537456,96.28344338713885,194230900
2011-12-22,97.32449340820312,97.42549651907868,96.51650408567438,96.82726647399501,119465400
2011-12-23,98.19463348388672,98.22571090502919,97.43325741183845,97.63525175814644,92187200
2011-12-27,98.27234649658203,98.52873083394948,97.93827155233717,98.02373299812632,86075700
2011-12-28,96.98265075683594,98.30340865077713,96.90496016202982,98.28787290278088,119107100
2011-12-29,97.98487854003906,98.08587572374745,97.00596041769485,97.30118705828194,123507200
2011-12-30,97.5031967163086,98.14803999764901,97.5031967163086,97.90719141735022,95599000
2012-01-03,99.05701446533203,99.74070588812671,99.00263045919266,99.25901474274066,193697900
2012-01-04,99.21240234375,99.29786377736836,98.44325536859725,98.82394343727108,127186500
2012-01-05,99.4765396118164,99.62415587532755,98.22570753634906,98.6763212363428,173895000
2012-01-06,99.22017669677734,99.61640645509917,98.89387262635358,99.60086477893839,148050000
2012-01-09,99.46100616455078,99.58530398549938,98.98708589864115,99.44546449137351,99530200
2012-01-10,100.32341003417969,100.72739879790052,100.1835586507178,100.5254044160401,115282000
2012-01-11,100.37776184082031,100.50983642378337,99.84946350896806,100.01260958299531,111540700
2012-01-12,100.61860656738281,100.76622282643291,99.86499545368103,100.66523158720646,118983700
2012-01-13,100.09807586669922,100.26123380347892,99.22793181673701,99.94269469418076,179836200
2012-01-17,100.48655700683594,101.24794507420313,100.14471123860189,101.06148051294105,132209200
2012-01-18,101.5975341796875,101.6519122559089,100.28454132815568,100.46322908548838,163395200
2012-01-19,102.13360595703125,102.2190673781396,101.6208374303812,101.94714144147943,126328900
2012-01-20,102.51429748535156,102.51429748535156,101.71407312981933,101.96269250678922,138230200
2012-01-23,102.25012969970703,102.74735650842827,101.76066779954532,102.1724331948228,129295800
2012-01-24,102.13360595703125,102.16467744887825,101.46545626149965,101.6208374303812,103083300
2012-01-25,102.98818969726562,103.2290322437211,101.58197081261571,101.9781944998662,198613200
2012-01-26,102.4599380493164,103.64084474032578,102.05593741564134,103.44661526228556,184880500
2012-01-27,102.41329956054688,102.59198731683087,101.89275425580131,101.96268586028079,135259100
2012-01-30,102.06367492675781,102.11806485632415,101.0459146318298,101.39552522747955,147311800
2012-01-31,102.02482604980469,102.69296381255946,101.52758739968073,102.56866600485037,157212000
2012-02-01,102.91830444335938,103.43883795957127,102.6541552300265,102.77845307141395,166234500
2012-02-02,103.0814437866211,103.3456048374555,102.71630334203326,103.120292045993,113090400
2012-02-03,104.52652740478516,104.5886822583861,103.92830916667519,104.10699696151154,160598500
2012-02-06,104.45658111572266,104.50319428038048,103.97489594116085,104.09142885280542,107694500
2012-02-07,104.7207260131836,104.89942561017934,103.82727544749562,104.23904085827245,135528100
2012-02-08,105.031494140625,105.05480072066084,104.34780284671514,104.7751099054088,139361400
2012-02-09,105.16360473632812,105.34229252941988,104.54206806121317,105.20245300130269,148602900
2012-02-10,104.3866958618164,104.47215731020299,103.98269520991373,104.23131464333909,167907500
2012-02-13,105.16360473632812,105.28791444231632,104.6819194441564,105.13253323724409,115841900
2012-02-14,105.031494140625,105.0936489723279,104.30118968664345,104.88387789718337,165329500
2012-02-15,104.54206085205078,105.52874981119827,104.33228971951466,105.37336861684103,195195100
2012-02-16,105.69972229003906,105.79294867944277,104.3634220527088,104.54988668634702,186567800
2012-02-17,105.97935485839844,106.15027771458377,105.6297442361373,106.06481628649111,129869400
2012-02-21,106.02595520019531,106.47656887063842,105.69965120190676,106.22794952632933,134042300
2012-02-22,105.68412017822266,106.08812072602178,105.49765565120212,105.86280794068564,124455300
2012-02-23,106.1502914428711,106.22797611629585,105.27237046390827,105.62975789710467,137704300
2012-02-24,106.38335418701172,106.5931253232538,106.15028831877102,106.38335418701172,105539100
2012-02-27,106.56204223632812,106.84949801244562,105.50543361419122,105.6763564688622,145728900
2012-02-28,106.87281036376953,106.99712005656986,106.3833483576337,106.59311948238117,129355900
2012-02-29,106.45326232910156,107.36225457928161,106.08033331249732,107.02817381709315,185934700
2012-03-01,107.00486755371094,107.20687373534484,106.38333104567783,106.6785635543287,145023500
2012-03-02,106.67858123779297,107.07481690294239,106.43773861652755,106.93496553441176,120638300
2012-03-05,106.24349975585938,106.59311036398154,105.87834747376047,106.51542570374538,140765000
2012-03-06,104.68965911865234,105.21795745951111,104.38666169261317,105.1558144763233,202129900
2012-03-07,105.41993713378906,105.5908599316267,104.82947224859716,104.93047531681582,143692200
2012-03-08,106.46882629394531,106.6863742174817,105.84730144324696,106.06483751195671,116968900
2012-03-09,106.88060760498047,107.16028668512485,106.53876181170126,106.67083644004512,122836800
2012-03-12,106.88834381103516,107.02818331355238,106.50764985169843,106.86503722728227,104003500
2012-03-13,108.8150863647461,108.86947629166181,107.28455761488097,107.46325721347024,184090500
2012-03-14,108.69857788085938,109.11810829849559,108.36449704502321,108.84619416728754,145163600
2012-03-15,109.32785034179688,109.37446350303841,108.58200419746532,108.86169501973687,165118500
2012-03-16,109.47924041748047,109.61969274104864,109.24514130475802,109.52605785866986,152893500
2012-03-19,109.90843200683594,110.24396497610545,109.330989054009,109.4090260689342,125291100
2012-03-20,109.58848571777344,109.72113910417083,108.96422538248675,109.28416044150282,121729700
2012-03-21,109.40899658203125,109.75232839755094,109.18269644380453,109.65089459361779,122388400
2012-03-22,108.62091064453125,108.89402833510955,108.26196889284525,108.60530085761225,135216700
2012-03-23,108.97203826904297,109.09689273343696,108.11369061658269,108.71454230804883,120521000
2012-03-26,110.50148010253906,110.50148010253906,109.71335858979438,109.75236519304485,120164000
2012-03-27,110.15812683105469,110.67314254305177,110.08790066308505,110.60291637508213,119868500
2012-03-28,109.61190795898438,110.27518687956146,108.96423882307818,110.10351496851273,148562100
2012-03-29,109.42461395263672,109.62750541020128,108.53504683490755,108.96422656424524,164963700
2012-03-30,109.87720489501953,110.06448657391697,109.28416410534156,109.96304084283386,135486800
2012-04-02,110.6809310913086,110.96965848826208,109.52605722382089,109.74454655262193,151741100
2012-04-03,110.22838592529297,110.71219412052494,109.5807166225183,110.5249123765532,155806700
2012-04-04,109.13589477539062,109.51044620528289,108.73012378072175,109.41681132450364,146896000
2012-04-05,109.08123016357422,109.40116510872382,108.66766036882818,108.76130712519594,137439400
2012-04-09,107.8561782836914,109.12029693971058,107.55965191972578,107.7079151017086,127555900
2012-04-10,106.04585266113281,107.949841998993,105.93660795683492,107.64551661510745,235360300
2012-04-11,106.9041748046875,107.32554368537436,106.70909419373004,107.1304630744169,154133000
2012-04-12,108.30094909667969,108.38678504363969,106.9275858520954,107.00562286088662,154321500
2012-04-13,107.0134048461914,108.32435256419582,106.91195913218883,108.05123498346917,169246700
2012-04-16,106.94316864013672,107.71568006100017,106.57641622359178,107.55961798958745,147825300
2012-04-17,108.52725219726562,108.74574153962695,107.45040336221615,107.55964803339681,147877600
2012-04-18,108.16049194335938,108.52724443611878,107.98102111927774,108.04344834217032,123884200
2012-04-19,107.46599578857422,108.58185104206733,106.9587910200363,108.17609198994668,198666700
2012-04-20,107.64547729492188,108.33216484641022,107.58305007144335,107.94200362975101,143199600
2012-04-23,106.74026489257812,106.83391165001893,106.07699818905108,106.54518434916932,171844900
2012-04-24,107.1460952758789,107.4192129510753,106.74813503269777,106.83397099574995,137484200
2012-04-25,108.61309051513672,108.6599079599814,108.09807480829252,108.19170969798186,150252200
2012-04-26,109.37001037597656,109.49486484035917,108.31657018126107,108.37899741345238,136291600
2012-04-27,109.5494613647461,109.86158556233535,109.08907400593073,109.6977245259722,130725000
2012-04-30,109.14372253417969,109.40904127774094,108.8472080311547,109.33100425196791,115092200
2012-05-01,109.82259368896484,110.54048896507082,108.9564352317587,109.08127778346406,138832200
2012-05-02,109.49485778808594,109.60410246069029,108.82377996872312,109.18272164723328,121081000
2012-05-03,108.65989685058594,109.59628137207257,108.45701730807598,109.51044542970774,143759700
2012-05-04,106.9041748046875,108.69891880685122,106.84174758036804,108.090268253206,193927300
2012-05-07,106.98224639892578,107.34118817133833,106.48284034968873,106.52184695907053,127765900
2012-05-08,106.55303192138672,106.7247038113056,105.28110252974471,106.34234152798163,213377700
2012-05-09,105.92096710205078,106.59984378141856,104.94556409984426,105.42156124119204,220752500
2012-05-10,106.13945007324219,106.78711905677982,105.89755204824816,106.6544537784532,150600000
2012-05-11,105.81954956054688,106.80275176216949,105.42938825576007,105.47620570724999,153032400
2012-05-14,104.64905548095703,105.81953928162088,104.49299335555723,104.80511760635682,163910000
2012-05-15,104.04817962646484,105.19525443720096,103.88431860023064,104.57880501769628,207629300
2012-05-16,103.65027618408203,104.99243231677251,103.6268674532498,104.51643494521622,207265500
2012-05-17,102.11299896240234,103.79849835625083,102.05837067421675,103.67364390334888,247992900
2012-05-18,101.23902893066406,102.69042902030223,101.09076577475231,102.51094630168565,319615900
2012-05-21,102.97914123535156,103.01815973411293,101.40288675823078,101.56675969031885,177861100
2012-05-22,103.15863037109375,103.96236157993609,102.48755255619103,103.2444663209107,197531200
2012-05-23,103.2132339477539,103.36149708982738,101.4341000564189,102.41730186791244,204958400
2012-05-24,103.41614532470703,103.65804340714212,102.5499868286084,103.49418234145638,167357600
2012-05-25,103.08060455322266,103.66584641425888,102.83089564392799,103.3771189995399,135465600
2012-05-29,104.3291244506836,104.50859530654932,102.35490931582818,103.9077555050037,152883500
2012-05-30,102.81531524658203,104.32134425761812,102.60463668927268,103.4395757914657,162370400
2012-05-31,102.58902740478516,103.35374032496155,101.70725893430509,102.77630914120328,196186000
2012-06-01,100.00615692138672,102.61243179919167,100.00615692138672,100.9815602654855,253240900
2012-06-04,99.95928955078125,100.45869533730787,99.21017491760475,100.1855777746312,202545800
2012-06-05,100.71621704101562,100.86446829408496,99.70959448563953,99.76421681504726,164149400
2012-06-06,102.97914123535156,103.02595867115555,101.38727697737141,101.41849653909014,184202800
2012-06-07,103.04157257080078,104.1964463583002,102.830882194487,104.1496289206248,184772700
2012-06-08,103.86092376708984,103.88433248825275,102.44853011853174,102.77627602836398,143915400
2012-06-11,102.54215240478516,104.75826479496372,102.44070669947186,104.69583758452269,169756100
2012-06-12,103.72046661376953,103.79069278205222,102.3471032824319,102.83869836718726,181931800
2012-06-13,103.05718994140625,104.0638006458773,102.70603531943277,103.41613159453294,172223900
2012-06-14,104.14962005615234,104.56318992945083,102.9869355234834,103.26785203240063,230615500
2012-06-15,105.21480560302734,105.30892564914066,104.39907061028242,104.61869203019336,169444500
2012-06-18,105.41876983642578,105.67761201390644,104.54028387780552,104.77559603628553,131360900
2012-06-19,106.43843078613281,106.86983434599446,105.39522289354798,105.95212784690968,137382600
2012-06-20,106.26586151123047,106.75217638299614,105.31678571812454,106.4462742392347,206451800
2012-06-21,103.88138580322266,106.50116413123402,103.79510510530757,106.39135342193023,205272200
2012-06-22,104.68146514892578,104.87755659932816,104.02258877953489,104.42262299817799,130029200
2012-06-25,103.00288391113281,103.61468804785041,102.63423116612763,103.57546737888794,146375700
2012-06-26,103.52057647705078,103.8343299221978,102.69699014018632,103.30095504968294,141634000
2012-06-27,104.4539794921875,104.65791026682541,103.51274303993976,103.8657052134738,108088000
2012-06-28,104.1559066772461,104.31278937792496,102.97151888532667,103.7637238624883,169242100
2012-06-29,106.75216674804688,106.88550746857786,105.77170971314001,106.04623050183214,212250900
2012-07-02,107.07376098632812,107.18357170926897,106.29724657712887,107.0502309720173,129524500
2012-07-03,107.77965545654297,107.85808481762456,106.94037871055103,107.05018939083847,80450000
2012-07-05,107.2933349609375,108.08555165379414,106.9011522713145,107.3796156313932,126177500
2012-07-06,106.2737045288086,106.49332594982125,105.77171099956966,106.25801386488774,151192100
2012-07-09,106.14039611816406,106.336487587225,105.65408113633103,106.18745615578294,103780500
2012-07-10,105.21480560302734,106.85412690467311,104.85399214547667,106.68156550781885,167884800
2012-07-11,105.23051452636719,105.57563737996111,104.61871018353136,105.2697352085432,141733400
2012-07-12,104.72066497802734,105.28540926474186,104.006901255169,104.61870557103119,143583200
2012-07-13,106.4776611328125,106.58747186997483,104.97951952915494,104.99521019688461,129642600
2012-07-16,106.22662353515625,106.54037694463602,105.81091074000574,106.23447485068624,97525200
2012-07-17,106.95611572265625,107.17573717841037,105.53641560922003,106.65021355439359,138860300
2012-07-18,107.7483139038086,107.96009599697727,106.6423673471964,106.70510607182993,113349700
2012-07-19,108.03068542480469,108.38364759909999,107.62282387464921,107.96793473205673,129847300
2012-07-20,107.04238891601562,107.58360316841795,106.92473884743724,107.41888110393735,142904500
2012-07-23,105.95996856689453,106.97180710843284,104.9795113583731,105.47366562137887,145210900
2012-07-24,105.05010986328125,106.0854785037112,104.34418540369556,106.03841846886851,173301200
2012-07-25,105.07364654541016,105.54425883855477,104.51674156811274,105.26973799300512,129122300
2012-07-26,106.8071060180664,107.03457883748428,106.093330157578,106.58748451768137,156526500
2012-07-27,108.77586364746094,109.08177785613942,106.78357941073051,107.3718538702362,236768900
2012-07-30,108.77586364746094,109.29354804425981,108.45428270563846,108.65037419214036,106782000
2012-07-31,108.0149917602539,108.92484675784296,108.0149917602539,108.62679596917982,120575900
2012-08-01,107.92086791992188,108.81504429054192,107.77183653007351,108.79151427829956,138293800
2012-08-02,107.17575073242188,107.90521720651375,106.34432483499593,107.10516067738908,199556600
2012-08-03,109.30133056640625,109.5287912814499,107.20706427649488,108.68167515674199,157825000
2012-08-06,109.51314544677734,109.94454901582037,109.46608541533118,109.59158681150222,86326200
2012-08-07,110.06218719482422,110.53279937570085,109.83471446753494,109.95236452063678,109545100
2012-08-08,110.195556640625,110.32104607382732,109.66218166774365,109.69356300239853,89754700
2012-08-09,110.28965759277344,110.50927902340426,109.92884411761116,110.03865483292658,90291700
2012-08-10,110.47005462646484,110.5092753024291,109.66215896917487,109.84255971644653,99792700
2012-08-13,110.41515350341797,110.47005287412114,109.84255797405653,110.28181278203057,79426900
2012-08-14,110.43083953857422,110.89362438881862,110.10140738705026,110.82302238112236,102379400
2012-08-15,110.55635833740234,110.74461044013161,110.24261680132598,110.31320685167229,71085900
2012-08-16,111.37207794189453,111.50541866017959,110.43868094542972,110.71320172949795,112014200
2012-08-17,111.52110290527344,111.61523492228305,111.27011211967796,111.56032358165494,90813700
2012-08-20,111.52896881103516,111.55249882624807,111.05834456983366,111.36424673607314,78255700
2012-08-21,111.19169616699219,112.234904161001,110.94854467374066,111.80350055919693,105581100
2012-08-22,111.23877716064453,111.41917796562495,110.65050273840626,110.90933295193419,133243500
2012-08-23,110.32888793945312,110.97206162310633,110.15632651905244,110.96422227435043,111466400
2012-08-24,110.99557495117188,111.24657769528216,109.98374856409258,110.05433859769751,99481200
2012-08-27,111.01915740966797,111.4427217483355,110.86228660472547,111.29369029467378,68785900
2012-08-28,110.9093017578125,111.25442457007956,110.57203026212358,110.73674035167898,75689600
2012-08-29,110.99557495117188,111.29363771768544,110.68967283708096,111.00342626721881,65421300
2012-08-30,110.195556640625,110.5485188604218,109.96024450460301,110.51713752576691,96589900
2012-08-31,110.72105407714844,111.23873826011608,110.09355918583641,110.82301346945208,151970400
2012-09-04,110.61909484863281,110.95637832669861,109.91317049877732,110.62693419706378,120226200
2012-09-05,110.52499389648438,110.96423685395415,110.3053724177495,110.6661740034684,100660300
2012-09-06,112.7682113647461,112.77605070971283,111.1837899834761,111.19162932844284,158272500
2012-09-07,113.2074966430664,113.25455666750294,112.85453449132231,112.95649388811144,107272100
2012-09-10,112.5643081665039,113.29377443193032,112.52509945946134,113.09768302283835,86458500
2012-09-11,112.87805938720703,113.2388608705134,112.60352663247731,112.63490795965934,88760000
2012-09-12,113.25459289550781,113.38009431313084,112.87024929221505,113.25459289550781,87640900
2012-09-13,114.98019409179688,115.3331563521297,112.94084993849954,113.23890084111622,225470200
2012-09-14,115.49002838134766,116.17242281918462,115.11352416804831,115.2076562056095,169777000
2012-09-17,115.09780883789062,115.45077095311167,114.8075854364463,115.2546795592701,119427800
2012-09-18,115.00370788574219,115.15273930026103,114.71349637439836,114.90174847197041,98326600
2012-09-19,115.06641387939453,115.43506661361597,114.8389531556143,115.13700390038142,128318300
2012-09-20,115.07430267333984,115.13704140011701,114.227186240192,114.5409277479632,154009800
2012-09-21,115.02619171142578,115.65703635036124,114.97888046916874,115.63338072923273,108737500
2012-09-24,114.85274505615234,115.11296900231416,114.37172722216192,114.4584685375492,95682000
2012-09-25,113.63043212890625,115.31793417680113,113.59888328743669,115.09714041594441,133165200
2012-09-26,112.99171447753906,113.63833348646452,112.72360943926445,113.60679667175678,146502200
2012-09-27,114.05625915527344,114.31648298355964,113.16519077650787,113.46484464526634,111830300
2012-09-28,113.52799224853516,113.99323569582826,113.12583449394775,113.6226147714109,150696100
2012-10-01,113.82758331298828,114.88424100845775,113.55946625921632,113.9616358236948,135911200
2012-10-02,113.94587707519531,114.45843157089384,113.4175481547853,114.27706779997351,113422200
2012-10-03,114.41109466552734,114.67919966368137,113.65409090222684,114.25338655086956,121283100
2012-10-04,115.231201171875,115.39679048820936,114.68709792491671,114.84480604649748,124311600
2012-10-05,115.23909759521484,116.0434247636327,114.89213246247147,115.84628657751577,124842100
2012-10-08,114.84483337402344,115.22333536235416,114.58460949693318,114.81329655514641,78415400
2012-10-09,113.7093505859375,114.85275013396516,113.66992052586103,114.75812761567363,148872900
2012-10-10,112.98385620117188,113.80395793824994,112.83402922810788,113.69354898347679,124247500
2012-10-11,113.0468978881836,113.93796615029707,113.02324227346885,113.77236481493644,123601500
2012-10-12,112.67625427246094,113.51211790847793,112.43180494860937,113.12573492523705,124181900
2012-10-15,113.61466979980469,113.73294788700962,112.58166773035234,112.9443952193533,107689100
2012-10-16,114.76594543457031,114.84480551117231,114.07202729637781,114.15087534062145,108815500
2012-10-17,115.28643035888672,115.38106488789607,114.67136006595601,114.8448426647172,128834100
2012-10-18,114.98674011230469,115.53872449801362,114.60034502612984,114.98674011230469,148108500
2012-10-19,113.070556640625,114.78171433583522,112.80245164484633,114.7738331414974,185645200
2012-10-22,113.08638763427734,113.29140708084333,112.19531890167035,112.88135615534756,125578600
2012-10-23,111.51715850830078,112.02183192298558,111.05191514821203,111.86412373696471,192056300
2012-10-24,111.20169830322266,112.05333661087603,111.02821575727333,111.91927207162182,120179400
2012-10-25,111.52499389648438,112.19526845220659,110.84685017838393,111.99024909782912,134457400
2012-10-26,111.46194458007812,111.84832775652235,110.7049285877392,111.42251453307989,146023500
2012-10-31,111.46194458007812,111.99815471569909,110.93360360855142,111.8562209853386,103438500
2012-11-01,112.62898254394531,112.77091625310106,111.59598044167,111.69848410971831,100995600
2012-11-02,111.62751770019531,113.33079441101046,111.50923960876061,113.29924556505503,137702200
2012-11-05,111.85620880126953,112.1085394163231,111.13072970613625,111.46193243895607,98378500
2012-11-06,112.73152923583984,113.1731169399798,112.07702887707437,112.19530700055381,107068100
2012-11-07,110.17655944824219,111.72211565481102,109.65611189542842,111.70635326765178,264304500
2012-11-08,108.85182189941406,110.72070019478471,108.76508061117018,110.16082241932685,181517300
2012-11-09,108.94644165039062,109.95578812277701,108.46542403211595,108.52061646313943,201055300
2012-11-12,109.03319549560547,109.45900869958292,108.78874606069614,109.28552612660977,97677500
2012-11-13,108.6546859741211,109.80597836649333,108.31561404266984,108.45754777238591,123018300
2012-11-14,107.18798828125,109.15937050108343,106.9435388111686,108.9858999355113,191505000
2012-11-15,107.0066146850586,107.62957814758985,106.5965638518295,107.22740851086785,178128400
2012-11-16,107.534912109375,107.74782467627281,106.21803073700252,107.16429143203189,239483900
2012-11-19,109.7113265991211,109.72708898775319,107.56646257409702,108.74139824214866,151495800
2012-11-20,109.75865936279297,109.94002312650498,108.88336532768183,109.53786555504963,119807400
2012-11-21,109.96367645263672,110.05831096280988,109.63248574793026,109.8532795510679,81710800
2012-11-23,111.46194458007812,111.50136259471537,110.42893029111247,110.49990918865372,65409200
2012-11-26,111.22538757324219,111.46983704403515,110.54723160635095,110.90995919773334,100124400
2012-11-27,110.65760040283203,111.49346432883739,110.58663354851667,111.1149624067963,128646200
2012-11-28,111.5486831665039,111.61175680133894,109.60883800540691,110.20813379522548,177086500
2012-11-29,112.06912994384766,112.37666508160567,111.47771529182364,111.96662625283625,151085900
2012-11-30,112.09276580810547,112.30567841436412,111.70638267093803,112.08488461245136,136568300
2012-12-03,111.54077911376953,112.69995256723674,111.45403783383799,112.60533009180578,124656300
2012-12-04,111.38308715820312,111.87198606209944,111.08343323266084,111.53291412097427,127512200
2012-12-05,111.58023834228516,112.10068615800915,110.68916969103311,111.47772261218,147300500
2012-12-06,111.95872497558594,112.0060362191691,111.3121179260141,111.47770727855523,103220600
2012-12-07,112.29779815673828,112.51859196049534,111.71426479974613,112.39242063481706,108726400
2012-12-10,112.3450927734375,112.6131977765657,112.09275015941701,112.14007342381441,98840700
2012-12-11,113.11003875732422,113.63836779780718,112.75519233101338,112.81038478150634,152570400
2012-12-12,113.16519927978516,113.9853008667388,113.00749113840482,113.55159445367292,145880100
2012-12-13,112.47126770019531,113.41752846851018,112.18738826646499,113.0942189960254,135715000
2012-12-14,112.05335235595703,112.43185431286832,111.87986978563096,112.22683492628309,137701700
2012-12-17,113.37019348144531,113.43327912376296,112.31352401306958,112.3450728504064,143238200
2012-12-18,114.63188171386719,114.73439739694727,113.38596722608621,113.55156855780349,177762800
2012-12-19,113.7802963256836,114.79753633769752,113.74087830529896,114.75810628495013,150895400
2012-12-20,114.4347915649414,114.45056599180538,113.5358417514906,113.85127012695891,168487000
2012-12-21,113.39600372314453,114.428395051869,112.72098747883317,112.90363750756497,245883800
2012-12-24,113.04661560058594,113.21337936794653,112.91954941365503,113.14984627448108,53874600
2012-12-26,112.57011413574219,113.33249907649075,112.25246081242052,113.27690308017581,106947700
2012-12-27,112.41920471191406,112.83216365345868,111.11680692799216,112.60185473468181,167920600
2012-12-28,111.20420837402344,112.30807028299807,111.07714216866083,111.68863767898067,148806700
2012-12-31,113.09428405761719,113.21340105712349,110.81507781955597,110.91038353686187,243935200
2013-01-02,115.99288940429688,116.06435959081082,114.93667443869583,115.23845360535289,192059000
2013-01-03,115.73080444335938,116.23905700891734,115.4210882255615,115.93729000035596,144761800
2013-01-04,116.2390365600586,116.42963578274885,115.68313730766396,115.92138330660305,116817700
2013-01-07,115.92145538330078,116.03263530290826,115.49260989502739,115.82616177155221,110002500
2013-01-08,115.587890625,115.8737835161149,115.13522183169317,115.71495682498436,121265100
2013-01-09,115.88166046142578,116.19932579650336,115.65930078571822,115.84195077982939,90745600
2013-01-10,116.80291748046875,116.81085457281769,115.92141552180622,116.52496171817855,130735400
2013-01-11,116.79501342773438,116.85853441989158,116.42970107547124,116.77117790854834,113917300
2013-01-14,116.71556854248047,116.79498794189938,116.28672317393682,116.65203544648516,89567200
2013-01-15,116.79501342773438,116.906193340562,116.10409843158263,116.17556863603573,93172600
2013-01-16,116.77908325195312,116.96173330062007,116.42965733784446,116.5567235098289,104849500
2013-01-17,117.53351593017578,117.86705553477293,116.85848751187646,117.29526989326445,133833500
2013-01-18,117.79558563232422,117.92265180133133,117.08084751993182,117.50969281090663,169906000
2013-01-22,118.43090057373047,118.43090057373047,117.51762614559581,117.79558186670124,111797300
2013-01-23,118.62151336669922,118.72475616276533,118.216503510723,118.43092619574527,104596100
2013-01-24,118.65328216552734,119.23300498807144,118.33561669463431,118.44679658002221,146426400
2013-01-25,119.32035064697266,119.32035064697266,118.62149879214246,119.02652071605432,147211600
2013-01-28,119.17742156982422,119.38389503843733,118.73268990883652,119.35212243237456,113357700
2013-01-29,119.64594268798828,119.79683224502065,118.85973442025484,118.93915380322868,105694400
2013-01-30,119.17742156982422,119.8683242804554,119.06622956630325,119.63007820577953,137447700
2013-01-31,118.88362884521484,119.42365431317266,118.80422153249124,119.03451849240459,108975800
2013-02-01,120.1065673828125,120.2495077534614,119.43153887421914,119.63801233772259,131173000
2013-02-04,118.75651550292969,120.13039597465743,118.66915901118804,119.37596015563348,159073600
2013-02-05,119.95570373535156,120.29718055085824,119.3521452815987,119.39980419981686,113912400
2013-02-06,120.04301452636719,120.12242179108812,119.44740551132624,119.53476198490677,138762800
2013-02-07,119.8841781616211,120.19389433962947,119.01061349662547,120.08271448387507,162490000
2013-02-08,120.55127716064453,120.62274734018595,120.09067136299304,120.09067136299304,103133700
2013-02-11,120.5274429321289,120.63067358739809,120.22566382204275,120.50361954109013,73775000
2013-02-12,120.72601318359375,120.9483729742184,120.40041059100058,120.53541388404413,65392700
2013-02-13,120.82925415039062,121.19456647619039,120.48777734205025,120.97220666664298,82322600
2013-02-14,120.94041442871094,121.08336692176468,120.32893111053872,120.4639343931624,80834300
2013-02-15,120.79750061035156,121.17868714613296,120.35278096565635,121.05162092830534,215226500
2013-02-19,121.70278930664062,121.72661270054748,120.83717368083109,121.003937438179,95105400
2013-02-20,120.18598937988281,121.65516355254121,120.12245627924732,121.61545384993154,160574800
2013-02-21,119.45536041259766,120.24950588438813,119.07417397909374,119.88420575327552,183257000
2013-02-22,120.62278747558594,120.62278747558592,119.5109883649049,120.03511530696797,106356600
2013-02-25,118.32769775390625,121.3931003415007,118.32769775390625,121.21045024127967,245824800
2013-02-26,119.13768768310547,119.28062802827122,118.11323340529918,118.89944165679962,186596200
2013-02-27,120.63864135742188,120.97218100097864,118.93122132486675,119.03446411371702,150781900
2013-02-28,120.40038299560547,121.40100182407772,120.24155634123326,120.63067982679064,126866000
2013-03-01,120.79750061035156,120.98015072491535,119.44745536961211,119.9874686188273,170634800
2013-03-04,121.44075012207031,121.44075012207031,120.32895107033642,120.51953826909032,99010200
2013-03-05,122.52867889404297,122.85428139093864,122.01248927131272,122.028375571031,121431900
2013-03-06,122.69549560546875,123.02903530444696,122.4254890088245,122.96550220211297,94469900
2013-03-07,122.91781616210938,123.07664280838729,122.71134273371771,122.85428308005893,86101400
2013-03-08,123.44197845458984,123.60874222367286,122.82254593402703,123.45786475754493,123477800
2013-03-11,123.91051483154297,123.91845192375098,123.19578876648437,123.34667834232292,83746800
2013-03-12,123.63257598876953,123.9661277903091,123.25933872076037,123.82317528712076,105755800
2013-03-13,123.80728149414062,123.98199447763652,123.27520545083911,123.69610160625223,92550900
2013-03-14,124.46638488769531,124.52198087313971,123.81519206690272,124.13284532811446,126329900
2013-03-15,124.30213165283203,124.46963717287554,123.8873357933957,124.31808861670189,138601100
2013-03-18,123.61612701416016,124.15056966821709,123.00191171315865,123.11358611592283,126704300
2013-03-19,123.32891845703125,124.04682333661972,122.51528400099636,123.87931787812566,167567300
2013-03-20,124.19043731689453,124.3978291275286,123.84742959252816,124.05483357475742,113759300
2013-03-21,123.1294937133789,124.15051989260527,122.92210195470835,123.44855983004008,128605000
2013-03-22,124.1186294555664,124.1186294555664,123.42464172264502,123.52037130363712,111163600
2013-03-25,123.60017395019531,124.6531144994195,123.12157456821856,124.44571047945857,151322300
2013-03-26,124.58929443359375,124.62119618929823,123.97507913480887,124.11068289684763,86856600
2013-03-27,124.58929443359375,124.6291807569221,123.64005592772537,123.84744776879697,99950600
2013-03-28,124.97213745117188,125.11572573612968,124.2382755824797,124.50948302211944,102932800
2013-04-01,124.47760009765625,125.16360336561887,124.17447869481846,124.9083406744723,99194100
2013-04-02,125.09184265136719,125.4029365169807,124.73287789199969,124.9243249522225,101504300
2013-04-03,123.82349395751953,125.25931611262708,123.49645538264068,125.1635986928181,154167400
2013-04-04,124.32601165771484,124.5732897273457,123.71179659432731,123.98300401446485,131885000
2013-04-05,123.76762390136719,123.91918454942905,122.65885284168236,122.80242892620997,159666000
2013-04-08,124.60521697998047,124.61318937380527,123.44060238709535,123.8553981262646,86571200
2013-04-09,125.03595733642578,125.4906393872868,124.42174220813045,124.83653794673451,101922200
2013-04-10,126.56748962402344,126.727022692427,125.3390716085638,125.37097335360734,135711100
2013-04-11,126.9822998046875,127.3970955670637,126.46380205881866,126.59143339671816,110142500
2013-04-12,126.67122650146484,126.8626613676641,125.96926620114415,126.57549689676894,116359900
2013-04-15,123.7357406616211,126.13675793516441,123.71979587378173,126.03305595623978,217259000
2013-04-16,125.56243896484375,125.6262546359903,124.36592251693388,124.66903174038663,147507800
2013-04-17,123.72779083251953,124.6929862229534,123.06571686862782,124.66904469364049,226834800
2013-04-18,122.95406341552734,123.96711769392667,122.48343640481512,123.93520376380492,167583200
2013-04-19,124.02291107177734,124.07875434669722,122.93806903813868,123.24119042405951,149687600
2013-04-22,124.5732650756836,124.86840178792357,123.44056474667644,124.26217140906606,106553500
2013-04-23,125.8575668334961,125.97721360113111,124.57330545064026,125.19549298553004,166141300
2013-04-24,125.93733215332031,126.27235525485564,125.66611254309282,125.89744584255806,96781200
2013-04-25,126.44780731201172,127.04606527900626,126.1127843110855,126.30421907070648,131060600
2013-04-26,126.22454833984375,126.51171285492372,125.81772484338157,126.29633642571422,95918800
2013-04-29,127.0700912475586,127.34927120815635,126.36813080427504,126.56755027824434,88572800
2013-04-30,127.37318420410156,127.40509813193107,126.51967529441852,127.04614555923078,116010700
2013-05-01,126.25642395019531,127.15780363588196,126.11284780818981,127.0939879600143,138874200
2013-05-02,127.42898559570312,127.54065996319557,126.45581803401475,126.5754647950448,96407600
2013-05-03,128.72125244140625,129.1280758768344,127.45294776158084,128.53778997006205,144202300
2013-05-06,129.0482635498047,129.23172596473077,128.76109916611523,128.81694243286245,66882100
2013-05-07,129.70240783691406,129.7422819873884,128.96056119550366,129.3274983183211,90359200
2013-05-08,130.2926483154297,130.3325346273156,129.4869983703454,129.55878642878395,97419200
2013-05-09,129.9257354736328,130.57982479699785,129.59868472615298,130.23682926056387,106738600
2013-05-10,130.34852600097656,130.46020040078528,129.63060871226605,130.01350280155035,103203000
2013-05-13,130.4522247314453,130.66760114990888,129.87790790153835,130.18101719506748,81843200
2013-05-14,131.80027770996094,131.89600730683068,130.5559024950117,130.5559024950117,119000900
2013-05-15,132.51022338867188,132.77345850567798,131.54504013124594,131.58492645290076,120718500
2013-05-16,131.8880157470703,132.70165033354684,131.68859634059237,132.23899584992665,109913600
2013-05-17,133.16429138183594,133.24405183342307,132.19909619636238,132.37458623008484,129801000
2013-05-20,133.1563262939453,133.67482407727505,132.90107577129908,133.03667951326665,85071200
2013-05-21,133.34779357910156,133.8503344775121,132.81335092486043,133.27600549978493,95804200
2013-05-22,132.3585968017578,134.86331536470158,131.7523663977199,133.4833247860879,244031800
2013-05-23,131.9757843017578,132.34272143059735,130.77129525366578,130.94678533638074,211064400
2013-05-24,131.86407470703125,131.919917978262,130.80316209798883,131.19402848182347,151573900
2013-05-28,132.65374755859375,133.83430664473917,132.26288126996067,133.24402101587117,143679800
2013-05-29,131.79226684570312,132.25492121880924,131.0903068076674,131.95179989845894,160363400
2013-05-30,132.2788543701172,132.8850848566504,131.79227063369186,131.89597259818004,107793800
2013-05-31,130.38038635253906,132.66174451410706,130.12513587900324,131.9119257085326,176850100
2013-06-03,131.09829711914062,131.18604212774179,129.75022024681,130.6835014265176,168390700
2013-06-04,130.4681854248047,131.69661611319884,129.80611135771395,131.17014581817278,157631500
2013-06-05,128.64144897460938,130.35645066620137,128.5297746156907,130.0932156405519,211737800
2013-06-06,129.8061065673828,129.81409113530236,127.82786900732916,128.58566049224189,200225500
2013-06-07,131.45729064941406,131.5769374387384,130.13314271344305,130.69949924996908,188337800
2013-06-10,131.45729064941406,131.9358899783075,131.11428290069085,131.8641019047129,105667100
2013-06-11,130.10122680664062,131.2498723739831,129.81406237190632,130.2607598989164,159505400
2013-06-12,129.0243377685547,131.13020591667697,128.904691010204,130.99460220001524,177361500
2013-06-13,130.9866485595703,131.21796971603007,128.66540374249917,128.95256817524606,163587800
2013-06-14,130.1649932861328,131.3535370030047,129.94962915002972,130.84302394996004,141197500
2013-06-17,131.17013549804688,131.79232318990816,130.19696763711576,131.05047652862928,136295600
2013-06-18,132.20706176757812,132.40648112528567,131.23389432823788,131.24186672077317,114695600
2013-06-19,130.38038635253906,132.3267214210703,130.3245552561627,132.09540029906617,206149500
2013-06-20,127.1497802734375,130.39633332739663,126.81475720605067,129.11207214995113,321255900
2013-06-21,127.55799102783203,128.11129067451031,126.27494862637708,128.0150667770009,271956800
2013-06-24,125.9461669921875,127.0447639391498,124.8796405989763,126.22683634050593,222329000
2013-06-25,127.15705871582031,128.3839625162118,126.23486804339484,127.0848785470908,162262200
2013-06-26,128.41604614257812,128.70473013887175,127.70235685118583,128.19953008635738,134848000
2013-06-27,129.1697998046875,129.76320904431878,129.06554909388768,129.18584119927183,129483700
2013-06-28,128.64053344726562,129.42639041401299,128.19147232340998,128.80893748671045,160402900
2013-07-01,129.394287109375,130.29240912974117,129.16975660428346,129.31409239927308,131954800
2013-07-02,129.27406311035156,130.1481295423729,128.7047097891266,129.20188294568916,154863700
2013-07-03,129.33016967773438,129.72310428868172,128.48015935315277,128.68864852688088,75216400
2013-07-05,130.72549438476562,130.77360633608137,129.34622801238214,130.2844477710384,122416900
2013-07-08,131.47120666503906,131.824043828711,130.7735591506848,131.39903876410492,108092500
2013-07-09,132.41749572753906,132.57787297126393,131.72786256712266,132.29720361774588,119298000
2013-07-10,132.46560668945312,132.91466786293452,132.0165455159717,132.28918805187124,121410100
2013-07-11,134.2698211669922,134.40614237703872,132.45752361179888,134.00519332302164,135592200
2013-07-12,134.3260040283203,134.6627999066781,134.02129093990092,134.22978013050357,104212700
2013-07-15,134.8392333984375,135.0316934512733,134.46234010913443,134.6948975358111,69450600
2013-07-16,134.33401489257812,135.00760656930936,133.9731630826148,134.92741183998515,88702100
2013-07-17,134.67892456054688,135.103930019976,134.5025058148208,134.8473287218333,92873900
2013-07-18,135.41661071777344,135.73737749475842,134.8793401318252,134.9675494659959,103620100
2013-07-19,135.6571044921875,135.70521642198312,134.96747161446353,135.13587560474255,103831700
2013-07-22,135.9218292236328,136.11428931599022,135.52889445690425,135.84966127749993,79428600
2013-07-23,135.63304138183594,136.1863530173245,135.5608734909445,136.16229705369403,80829700
2013-07-24,135.1359405517578,136.2104816202709,134.86328575855282,136.1543428511992,112914000
2013-07-25,135.46470642089844,135.58499853633447,134.67083474462035,134.89536534356768,111088600
2013-07-26,135.60903930664062,135.6491366739566,134.33402378358335,134.8953502180112,107814600
2013-07-29,135.19204711914062,135.5689403426745,134.80713931663738,135.26421503786028,79695000
2013-07-30,135.19204711914062,135.74535896798815,134.87129265638765,135.60102313054884,85209600
2013-07-31,135.28831481933594,136.20247871112088,135.11189615285102,135.4727480666606,142388700
2013-08-01,136.85205078125,136.97233070564985,136.2425998682787,136.31478005892313,110438400
2013-08-02,137.08450317382812,137.10054456488174,136.36279964436628,136.5472328154961,91116700
2013-08-05,136.88404846191406,137.09254986785828,136.60339137575545,136.77980999493994,54072700
2013-08-06,136.10623168945312,136.9161570216227,135.80151857386485,136.61944625023372,87495000
2013-08-07,135.66514587402344,135.86562044511237,135.15995827535713,135.67317268790492,84854700
2013-08-08,136.16233825683594,136.46705130036042,135.46467839245673,136.3066740822953,102181300
2013-08-09,135.7694854736328,136.40299238527692,135.29636811268657,135.9860015782711,91757700
2013-08-12,135.60903930664062,135.76941653990593,135.02365689902288,135.08781023952872,68593300
2013-08-13,136.00994873046875,136.24249381529376,135.04767337630443,135.8495715441072,80806000
2013-08-14,135.3123321533203,136.16234244762458,135.2802493671214,135.9458264667742,79829200
2013-08-15,133.4198455810547,134.26182902310683,133.18728821751864,134.24579986672296,152931800
2013-08-16,132.97882080078125,133.62034200493682,132.7141928452171,133.16325401732624,130868200
2013-08-19,132.1288299560547,133.28356584719572,132.12080313936553,132.82647779195196,96437600
2013-08-20,132.77833557128906,133.27550865265232,132.20096775731957,132.34530359281283,89294400
2013-08-21,131.96038818359375,133.13917971611838,131.66368971486224,132.4094492938893,159530500
2013-08-22,133.16322326660156,133.35568325420417,132.2250037695321,132.23301834718356,101471400
2013-08-23,133.61228942871094,133.78069345378285,132.9306832224601,133.55616291101822,90888900
2013-08-26,133.11509704589844,134.15756712056535,133.02688775721134,133.74859122029108,89702100
2013-08-27,130.97406005859375,133.1151272025071,130.87783617131606,131.80001438705477,158619400
2013-08-28,131.4391632080078,131.90426572542398,130.74953012852836,130.91792193207687,108113000
2013-08-29,131.64764404296875,132.34529165693021,131.03017891838377,131.15047100644423,119200500
2013-08-30,131.2306671142578,131.93634161558617,130.84575931171437,131.9203002216473,134928900
2013-09-03,131.82403564453125,132.77829639540084,131.27072396639713,132.49762715008814,142375100
2013-09-04,132.91473388671875,133.13926458499236,131.61566167013498,131.85622153542428,97389400
2013-09-05,133.08303833007812,133.4358632801876,132.8985929235253,132.9948290335517,63090500
2013-09-06,133.1472625732422,133.90104935321227,131.89630248563392,133.52415596322723,159756500
2013-09-09,134.42222595214844,134.50240844651975,133.47597952498268,133.47597952498268,87559300
2013-09-10,135.41661071777344,135.44066669654714,134.9274520893726,135.23217746850796,105847200
2013-09-11,135.841552734375,135.841552734375,134.9995693973734,135.2321144958986,94545900
2013-09-12,135.48068237304688,135.96984070646621,135.29624923500177,135.7934221445121,83209000
2013-09-13,135.78543090820312,135.88968159527556,135.31231388163704,135.62505370685824,72727800
2013-09-16,136.57131958007812,137.31709148228552,136.35480357801802,137.2529381396011,106299200
2013-09-17,137.18077087402344,137.2128414275196,136.69161234021303,136.69161234021303,82523300
2013-09-18,138.7684783935547,139.14537150589157,136.78778896863352,137.13259930256163,203460600
2013-09-19,138.5360107421875,139.20961492881287,138.39968943570454,139.14546156646745,146616900
2013-09-20,137.5673828125,138.8647326760714,137.45457031547815,138.8647326760714,132867100
2013-09-23,136.9307861328125,137.51096819258325,136.49565573580432,137.3820484092429,104616500
2013-09-24,136.60848999023438,137.41429716875078,136.35063808684285,136.90663471168008,106333100
2013-09-25,136.21365356445312,136.9711143547332,136.09278739393736,136.69714283780215,117306500
2013-09-26,136.7373809814453,137.12416486807197,136.22166503406373,136.4392363496329,77146900
2013-09-27,136.10890197753906,136.29423419739675,135.75434482953827,136.05248956961051,99141800
2013-09-30,135.3836669921875,135.81074383635507,134.69067228918382,134.9565901480199,143937000
2013-10-01,136.4553985595703,136.58433067222114,135.35144654714986,135.48843230597524,127160000
2013-10-02,136.32638549804688,136.45531753413948,135.2385537195592,135.65757668904234,113350000
2013-10-03,135.0693817138672,136.13305298420312,134.44085316162887,136.01217454222467,176698000
2013-10-04,136.09274291992188,136.22972863362156,134.99684491468537,135.1741234372706,96878000
2013-10-07,134.916259765625,135.73818634631758,134.7712204078999,134.90820612207548,96295000
2013-10-08,133.34498596191406,135.0694130584739,133.24829302240485,134.89213447227812,178015000
2013-10-09,133.44166564941406,133.9251425500409,132.579446118386,133.60282461628967,168973000
2013-10-10,136.31838989257812,136.39090958289123,134.75512210241084,134.80346856261957,195955000
2013-10-11,137.19671630859375,137.24507506430263,135.99607156476984,136.108884070142,105040000
2013-10-14,137.74461364746094,137.8574261054145,136.24581253714308,136.35057135368416,112106000
2013-10-15,136.7454833984375,137.91390141363706,136.56015117977225,137.3981852823111,155485000
2013-10-16,138.65521240234375,138.72773207930376,137.50290203176718,137.56736806538896,161676000
2013-10-17,139.58189392089844,139.66247954169273,138.0669727785694,138.0911460056798,129389000
2013-10-18,140.5247344970703,140.62142743842438,139.81562013875757,140.0976576118984,138316000
2013-10-21,140.5327606201172,140.81479803802065,140.21849632662193,140.57305343633786,104104000
2013-10-22,141.3466339111328,141.76564477265055,140.55693405809455,140.94373033961415,126663000
2013-10-23,140.66969299316406,140.92754476446314,140.17815037425115,140.8630787477295,105484000
2013-10-24,141.1371307373047,141.3144093107033,140.62141460441123,140.95179851807615,70350000
2013-10-25,141.78175354003906,141.82204635324476,141.15322500007932,141.42719645685352,93625000
2013-10-28,142.0074005126953,142.20079866862383,141.5803236770401,141.73342901352822,84979000
2013-10-29,142.76483154296875,142.82124393757368,142.12824939260219,142.32970115223762,87401000
2013-10-30,142.05572509765625,143.03881072149943,141.54807499695318,142.93406416185863,140002000
2013-10-31,141.65283203125,142.5392248053883,141.44332660083603,141.94292309409153,133795000
2013-11-01,141.99127197265625,142.31358988866052,141.19351853143115,141.8381666590801,142805000
2013-11-04,142.49085998535156,142.54726008427116,141.80591908489023,142.3780474918727,85677000
2013-11-05,142.03961181640625,142.42639575672885,141.4755493418442,141.93485296554482,85825000
2013-11-06,142.76483154296875,143.0307493411643,142.25716917408275,142.6520190493985,87348000
2013-11-07,140.95982360839844,143.1435661588958,140.82283788318495,143.03075366191763,157000000
2013-11-08,142.86148071289062,142.87760029150522,140.8953224691674,140.91142975214612,136713000
2013-11-11,142.8856964111328,143.05490898760402,142.5553126057425,142.7245251822137,62614000
2013-11-12,142.5956268310547,142.9179447460286,142.12019130735374,142.5795072466139,83990000
2013-11-13,143.7399139404297,143.7801944699886,141.89460828867703,141.89460828867703,103844000
2013-11-14,144.45703125,144.57789738753198,143.6351046278637,143.86878325897206,103435000
2013-11-15,145.08555603027344,145.14195612779332,144.50537399374127,144.69070616507705,102818000
2013-11-18,144.57789611816406,145.4481691876723,144.2555782238156,145.3273030512015,104796000
2013-11-19,144.26368713378906,144.94056234860918,144.01388882562765,144.5054317949803,93891000
2013-11-20,143.81239318847656,144.9888646612921,143.41754328560532,144.55373424019442,124909000
2013-11-21,144.97279357910156,145.08560610871956,144.12669345914492,144.2153327535336,92841000
2013-11-22,145.69796752929688,145.71408711272045,144.8599336258643,145.02914621707342,81296000
2013-11-25,145.5529327392578,145.98806314025146,145.34341503508614,145.95583626803113,79486000
2013-11-26,145.5932159423828,146.02835864704645,145.37565688569114,145.62545511083798,86994000
2013-11-27,145.94781494140625,146.04452017890773,145.56908452493826,145.74636311544003,58800000
2013-11-29,145.85108947753906,146.45544482067803,145.68993051183017,146.108953659186,55870900
2013-12-02,145.47232055664062,146.19754185777435,145.24669560537066,145.92357045918052,99726000
2013-12-03,144.8438262939453,145.35954234636517,144.376456700246,144.9969316103207,116563000
2013-12-04,144.82772827148438,145.43208368675005,143.7157226684324,144.32007808369804,123033000
2013-12-05,144.19114685058594,144.83579508990124,144.05416109777335,144.5698772300971,106934000
2013-12-06,145.802734375,145.93972010251483,145.16613989906853,145.58516302158694,127728000
2013-12-09,146.17343139648438,146.39100279849802,145.98004552415486,146.22984380634244,70124000
2013-12-10,145.6497039794922,146.14124704076477,145.56106466366776,145.8350362596173,80976000
2013-12-11,144.0138397216797,145.73021270570257,143.83656118362848,145.70603947739014,130591000
2013-12-12,143.53839111328125,144.12662672422988,143.2402341907693,143.9493482175378,115565000
2013-12-13,143.52232360839844,143.96552003594033,143.24835210615157,143.83658793053863,107808000
2013-12-16,144.41671752929688,144.89214066227376,144.15885341237782,144.19914621760117,96195000
2013-12-17,143.95742797851562,144.56984922025003,143.63511006912705,144.5456759918279,89886000
2013-12-18,146.41514587402344,146.43931910308544,142.88571917892682,144.17500314624834,234906000
2013-12-19,146.24595642089844,146.4151690511183,145.61742777451133,145.99614585497946,136531200
2013-12-20,147.0966339111328,147.44501858055847,146.29456168685633,146.39177956558183,197087000
2013-12-23,147.88247680664062,147.97159729542506,147.50980011710044,147.81766078185262,85598000
2013-12-24,148.2066192626953,148.27143532014992,147.8825513378213,147.89064870910352,45368800
2013-12-26,148.9600372314453,149.04106036237977,148.522544466624,148.53873920289558,63365000
2013-12-27,148.95188903808594,149.219238081678,148.797952559273,149.15443443391558,61814000
2013-12-30,148.92762756347656,149.08966145442898,148.7331794768976,148.96812676441957,56857000
2013-12-31,149.6324462890625,149.6324462890625,149.01670034217443,149.1301376375616,86119900
2014-01-02,148.19842529296875,149.13014160386993,147.8419433905294,149.05721586026854,119636900
2014-01-03,148.17420959472656,148.74944434777657,147.9635666909158,148.449668552571,81390600
2014-01-06,147.74481201171875,148.71702808398945,147.51796200693553,148.6603217639927,108028200
2014-01-07,148.65219116210938,148.90334560626084,148.2227956874511,148.3362206739194,86144200
2014-01-08,148.6846466064453,148.9358011202603,148.1742278445634,148.62792791628075,96582300
2014-01-09,148.78176879882812,149.17876228737308,148.1012191290869,149.16255519169587,90683400
2014-01-10,149.1869659423828,149.2517820088781,148.27145600143757,149.03302932975654,102026400
2014-01-13,147.20193481445312,149.21927960637308,146.91836623642428,148.80609133435902,149892000
2014-01-14,148.8060760498047,148.88709916731733,147.41256249285306,147.68802131256876,105016100
2014-01-15,149.6082000732422,149.83505002755044,148.8385297023824,149.1545001646257,98525800
2014-01-16,149.41375732421875,149.60820544735148,148.93575292921267,149.30033234299026,72290600
2014-01-17,148.78176879882812,149.43801400624943,148.52251707995177,149.15445782505316,107848700
2014-01-21,149.21929931640625,149.697316042143,148.30380215799119,149.64059737408806,88621200
2014-01-22,149.31654357910156,149.53529617838467,149.00057309675756,149.4704801355454,61270900
2014-01-23,148.09312438964844,148.58733577749584,147.30725942444167,148.56303131271588,132496900
2014-01-24,144.93345642089844,147.1776640058846,144.88484747923889,147.12905506422504,208677100
2014-01-27,144.22047424316406,145.44385681285388,143.49941285328634,145.0711677028252,180843100
2014-01-28,145.07928466796875,145.26562305107743,144.30960194174656,144.32580904187628,110463200
2014-01-29,143.68576049804688,144.65797627571578,143.30497402774745,143.8720988678548,216597300
2014-01-30,145.20892333984375,145.67883040579392,144.42304577328534,144.88485546931108,118938100
2014-01-31,144.3582305908203,145.25753315368803,143.3374056663746,143.41031908332138,194677900
2014-02-03,141.10940551757812,144.51216763948628,140.83394658881727,144.18809976593195,254837100
2014-02-04,142.0977783203125,142.4623576396503,141.06074665702639,141.7412963681093,165012400
2014-02-05,141.9195556640625,142.235526096595,140.7366970653076,141.60358523152996,164230500
2014-02-06,143.79110717773438,143.79110717773438,141.96010019003748,142.25176622335528,132877600
2014-02-07,145.57351684570312,145.72745342591375,143.99366419006427,144.46357130140265,170787200
2014-02-10,145.84083557128906,145.88945686843468,145.1926999580803,145.58968116681152,92218800
2014-02-11,147.4368896484375,147.80957873900942,145.8651348809544,145.96236510941324,117814100
2014-02-12,147.5098419189453,148.12557578533114,147.2181759059423,147.65566874424871,94717700
2014-02-13,148.2714385986328,148.42537519319134,146.50524735293834,146.51334472439962,100542200
2014-02-14,149.08966064453125,149.36511949389333,147.9959102523555,148.1336396770365,96498400
2014-02-18,149.26791381835938,149.4704592880835,148.78989711439067,149.2192925212143,80460900
2014-02-19,148.27952575683594,149.8431712163398,148.15799102902545,148.8790525760708,126524300
2014-02-20,149.154541015625,149.49481604028315,147.9392677722464,148.48208833746767,104998100
2014-02-21,148.984375,149.79455704086408,148.91146158329747,149.43807496490038,118116400
2014-02-24,149.81080627441406,150.81542437568007,149.23557142417278,149.30038748915774,114063900
2014-02-25,149.75401306152344,150.3616494606869,149.2598016290414,149.93225406093626,117085000
2014-02-26,149.76206970214844,150.36970588590768,149.34077181993956,149.97271246205798,98677200
2014-02-27,150.54803466796875,150.58853388060575,149.37326080396693,149.54340447415106,93880800
2014-02-28,150.92880249023438,151.62555951927064,149.9241847012029,150.52371148178065,150842000
2014-03-03,149.86741638183594,150.248202792637,148.8708962926124,149.60005492133354,167748500
2014-03-04,151.97396850585938,152.2980364194614,151.30151584085664,151.33391768725747,167545900
2014-03-05,152.11170959472656,152.3709738353111,151.86865245977842,152.1036122231081,88376900
2014-03-06,152.4600067138672,152.80839131979369,152.13593893558544,152.48432354151197,82516500
2014-03-07,152.52481079101562,153.09194790216094,151.85235845949697,153.09194790216094,114513500
2014-03-10,152.44381713867188,152.50052343871363,151.56881927282157,152.28988061193982,74939200
2014-03-11,151.69033813476562,152.88941612484356,151.34196588740602,152.67066357278438,99009100
2014-03-12,151.7308807373047,151.78759941004608,150.612825645166,150.95311295682245,104824400
2014-03-13,150.02947998046875,152.30610152925843,149.60819428869675,152.18456682546682,155014300
2014-03-14,149.6082000732422,150.531806990753,149.4299590573721,149.76213661989323,153919600
2014-03-17,150.961181640625,151.3176636232725,150.296826607074,150.36164263686388,98359500
2014-03-18,152.0387420654297,152.24128754541803,151.10702544004627,151.26907171395297,101804600
2014-03-19,151.2285614013672,152.26559327852806,150.26444293063284,152.05493806565795,176267300
2014-03-20,152.11170959472656,152.22513460938245,150.62907467018218,150.8964362823852,117241000
2014-03-21,151.5216827392578,153.816485435852,151.38334541893903,152.75046482513406,163128000
2014-03-24,150.89511108398438,152.2296858687013,150.23596921692155,152.0425126243319,121411000
2014-03-25,151.61119079589844,152.12386210576946,150.7648882753869,151.66001426979915,103852000
2014-03-26,150.52076721191406,152.44936904449938,150.4800768423198,152.2052392438912,119843000
2014-03-27,150.20339965820312,150.8218510479306,149.65003795837768,150.34173697892018,142383000
2014-03-28,150.94387817382812,151.70066666376567,150.54513254185719,150.63464636058725,101642000
2014-03-31,152.1807861328125,152.41678276212545,150.96829540045695,151.9041115619217,99745000
2014-04-01,153.18992614746094,153.27944001399976,152.17272876268365,152.6772546921059,89193000
2014-04-02,153.7025604248047,153.90599985255164,153.1003752485691,153.3851954141977,78774000
2014-04-03,153.49913024902344,153.9792443473748,153.02714925816758,153.93855397598136,77435000
2014-04-04,151.6844024658203,154.36980486620476,151.44028513420295,154.33726002764072,169381000
2014-04-07,150.00811767578125,151.57053124302743,149.69889813922663,151.31826829861737,140803000
2014-04-08,150.62657165527344,150.87068905831688,149.39778944748207,149.94300567587646,112660000
2014-04-09,152.24594116210938,152.29476464254302,150.59401385032615,151.0334500081458,100254000
2014-04-10,149.0478515625,152.31101521215746,148.8606783660459,152.23778000500036,172959000
2014-04-11,147.7051239013672,149.25940375427803,147.54237487974848,148.21779511557287,167251000
2014-04-14,148.86878967285156,149.21869941570426,147.6481534996297,148.86064415151333,132382000
2014-04-15,149.89414978027344,149.99994224335333,147.70513981533435,149.1780515246067,157093000
2014-04-16,151.4647216796875,151.47285478642215,150.26035136729104,150.92763862823693,105197000
2014-04-17,151.67628479003906,152.0994422361472,151.00086446429438,151.26127286711665,105255000
2014-04-21,152.20518493652344,152.25402081278622,151.52977719346785,151.7169379264729,68329000
2014-04-22,152.8968963623047,153.31190821770062,152.27844513166394,152.35981343158943,85790000
2014-04-23,152.5388641357422,152.9213312123795,152.41680545892427,152.83996290015287,73869000
2014-04-24,152.8480682373047,153.30377043724212,152.11567905858783,153.28749181097186,88170000
2014-04-25,151.5949249267578,152.44123993546825,151.25314816372554,152.35172608679613,100380000
2014-04-28,152.0749969482422,152.73413849914525,150.51258412689148,152.21333422536168,135121000
2014-04-29,152.7830352783203,153.0190195897222,152.23781901263519,152.5633171835949,84098000
2014-04-30,153.23870849609375,153.39332444378468,152.3191583336942,152.53074327977941,101508000
2014-05-01,153.2550048828125,153.6700168823635,152.7667452458456,153.16549102993386,93019000
2014-05-02,153.0352020263672,153.91406143586389,152.8073509665293,153.2386413595761,98122000
2014-05-05,153.32826232910156,153.4340548297366,151.86349562283274,152.28665320841264,75883000
2014-05-06,151.9936981201172,153.09227624143162,151.9611532678898,152.98648374201258,85454000
2014-05-07,152.8887939453125,152.96202915503147,151.3670586695092,152.50632684972697,106500000
2014-05-08,152.7260284423828,153.84088485656233,152.23778130687074,152.75045259526684,93618000
2014-05-09,152.9539031982422,153.01899288750838,152.03435302115395,152.75046377265326,83679000
2014-05-12,154.44309997558594,154.5163476204394,152.98647885842803,153.63748763483454,86940000
2014-05-13,154.5813751220703,154.95569660636824,154.42675921540018,154.64646479302797,66454000
2014-05-14,153.84901428222656,154.5163014935054,153.6292962471767,154.44305387051818,72367000
2014-05-15,152.49815368652344,153.57231956887262,151.7494982610775,153.53976231470514,154956000
2014-05-16,153.0271453857422,153.0922474949326,151.9448461022474,152.58770925294638,97458000
2014-05-19,153.588623046875,153.7106817273666,152.59583772235572,152.73417503256496,63839000
2014-05-20,152.6202392578125,153.5316437897845,152.22963908938956,153.51536516115488,111644000
2014-05-21,153.906005859375,153.97924107615248,153.0352791144948,153.05969085342065,89093000
2014-05-22,154.28033447265625,154.5976995100597,153.68629477022586,153.94669080291055,61549000
2014-05-23,154.89874267578125,155.00452270560262,154.28027903857702,154.41861632138486,61092800
2014-05-27,155.85081481933594,155.89963827477354,155.38696715877458,155.47648096606088,72010000
2014-05-28,155.73690795898438,156.09496323106453,155.47649960948846,155.85083350765046,66723000
2014-05-29,156.5425262451172,156.56693797675206,155.6962239088822,156.09496955384185,64377000
2014-05-30,156.79476928710938,156.89242861827287,156.26583194586303,156.39603610944604,76316000
2014-06-02,156.97389221191406,157.0471398589959,156.21710333340172,157.0145825898573,64656000
2014-06-03,156.8924560546875,156.97382435844173,156.44488692469795,156.59135732162838,65047000
2014-06-04,157.20980834960938,157.2993221684052,156.4611529637503,156.62390197511903,55529000
2014-06-05,158.23516845703125,158.39791749942088,156.81109260644888,157.3888659864315,92103000
2014-06-06,158.99195861816406,159.03263656325814,158.50369910748373,158.57693430899923,78696000
2014-06-09,159.15475463867188,159.53722180433587,158.82111095509967,158.9675938183338,65119000
2014-06-10,159.1709747314453,159.2035195685508,158.6176131650178,158.95938983091966,57129000
2014-06-11,158.6176300048828,158.7803790415973,158.2595746739376,158.6013513761247,68772000
2014-06-12,157.49462890625,158.5199713540095,157.1447191240147,158.43045752788692,106350000
2014-06-13,157.97479248046875,158.12940843625597,157.29937207289998,157.80389789329402,82017000
2014-06-16,158.10499572753906,158.43863940187185,157.59233676281343,157.77949757796856,87424000
2014-06-17,158.5443878173828,158.65831337976036,157.71435162465792,157.88524617670174,84834000
2014-06-18,159.70803833007812,159.7975521494304,158.19444892272875,158.54437109545253,105267000
2014-06-19,159.88710021972656,159.9847595816383,159.33375097570436,159.84640985367636,85929000
2014-06-20,160.2117156982422,160.34254381350777,160.0154735253438,160.28530183440816,100587000
2014-06-23,160.16259765625,160.3015977974404,159.86824074653765,160.25254039189684,70611000
2014-06-24,159.19776916503906,160.6695538328441,159.01788367917112,159.87642577509504,96237000
2014-06-25,159.91732788085938,160.08085675522173,158.8298427754924,158.86254355978355,82782000
2014-06-26,159.80291748046875,159.95827433723215,158.73178859620498,159.9419177006102,84312000
2014-06-27,160.11366271972656,160.16272016279356,159.35323492280634,159.42682108740684,71445100
2014-06-30,160.03184509277344,160.39978828439496,159.87648825095488,160.01548845772493,70201200
2014-07-01,161.1029510498047,161.59355022009925,160.36706477081802,160.42429427069445,90470000
2014-07-02,161.26654052734375,161.47095484567865,161.0457820465932,161.11936820684338,52475000
2014-07-03,162.05958557128906,162.1331716936203,161.6016997304011,161.72434326761987,52938800
2014-07-07,161.49542236328125,161.8797221342282,161.25830733351543,161.748906502179,61696000
2014-07-08,160.4569854736328,161.25828569691188,160.0645012007809,161.20104372845094,108143000
2014-07-09,161.17657470703125,161.32375948296877,160.51427440645756,160.85768891503434,72992000
2014-07-10,160.53875732421875,160.96394241773632,159.49215746052516,159.6229855626005,99040000
2014-07-11,160.75953674316406,160.87400821945897,160.08087996353885,160.44065102516717,64243000
2014-07-14,161.56900024414062,161.78158653584572,161.43817215242046,161.57717232120305,58658000
2014-07-15,161.26654052734375,161.97791083914183,160.55518269200553,161.66719708280567,111307000
2014-07-16,161.8633575439453,162.10864462085627,161.42181585259846,161.9860010824008,79986400
2014-07-17,160.02362060546875,161.97781989245544,159.7946652191436,161.36457728177194,145398000
2014-07-18,161.65895080566406,161.82247968998584,160.4569941673952,160.54693692524032,124330000
2014-07-21,161.3563995361328,161.48722762628014,160.61232880943,161.15198532394766,67592000
2014-07-22,162.05958557128906,162.35394253706752,161.78975731295435,161.90422877317633,67678000
2014-07-23,162.4193878173828,162.59110127896483,161.97785852203103,162.30491633514671,65612000
2014-07-24,162.4275360107422,162.76277832958417,162.2640071282315,162.5747207385196,56888000
2014-07-25,161.66714477539062,162.1086740704948,161.34825904102212,161.9696738761758,76837000
2014-07-28,161.73251342773438,161.96962840407315,160.7676719404833,161.6998001697517,69259000
2014-07-29,161.03753662109375,162.2640220675247,161.01300791028154,162.03507911564066,80466000
2014-07-30,161.06207275390625,161.82250025349185,160.39160050005088,161.60990144804896,104222000
2014-07-31,157.88136291503906,160.0808619038464,157.7832480825567,159.94186173234513,183479000
2014-08-01,157.39895629882812,158.4291995212605,156.63854135579683,157.4480137175457,189261000
2014-08-04,158.53549194335938,158.87073425846435,157.03100627870552,157.70147843246164,91340000
2014-08-05,156.998291015625,158.29837492018888,156.42593370228596,157.8895464854533,152690000
2014-08-06,157.04736328125,157.71783543659228,156.23787847671767,156.26240718505616,94818000
2014-08-07,156.197021484375,157.91410623841466,155.80454960327822,157.75874940644033,135733000
2014-08-08,158.0040283203125,158.11031523633244,156.13158697949297,156.54859999522847,117014000
2014-08-11,158.46192932128906,159.16511484135017,158.38834318553347,158.6009295143126,74544000
2014-08-12,158.2411346435547,158.74807791558507,157.75872007975454,158.30654869098663,73632000
2014-08-13,159.31227111816406,159.49215663847684,158.59274151336737,158.86255731738208,69047000
2014-08-14,160.06451416015625,160.06451416015625,159.42674276070255,159.57392749405196,57371000
2014-08-15,160.03184509277344,160.7922601903608,158.87894561276332,160.64508790429497,139951000
2014-08-18,161.37277221679688,161.44635834615366,160.82494357082751,160.9148863321929,75424000
2014-08-19,162.21499633789062,162.33763991591258,161.4382245653506,161.76528242438084,59135000
2014-08-20,162.64833068847656,162.84457286210682,161.9615017954544,161.99420258616487,72763000
2014-08-21,163.12254333496094,163.33512962673134,162.6564729367348,162.78730102849514,67791000
2014-08-22,162.86903381347656,163.27786214777356,162.50109080789937,162.9916773231854,76107000
2014-08-25,163.69493103027344,164.01381676535593,162.8363886738342,163.64587360586935,63855000
2014-08-26,163.8011932373047,164.20184957304812,163.76030790076712,163.8011932373047,47298000
2014-08-27,163.73580932617188,163.99746554700212,163.48233766002713,163.88298159304742,47874000
2014-08-28,163.6458740234375,163.75217342755485,163.03263126390982,163.19616017115933,58330000
2014-08-29,164.11192321777344,164.12826737285883,163.3842090699379,163.89932443712095,65907000
2014-09-02,164.03018188476562,164.34906763634504,163.41693909507777,164.32453892287404,72426000
2014-09-03,163.9402313232422,164.6843022004053,163.71128835741598,164.65977348809938,57462000
2014-09-04,163.70310974121094,164.8232958133007,163.2533959061348,164.2182251555205,85236000
2014-09-05,164.43899536132812,164.5044094167494,163.04898099387813,163.67039580569727,102177000
2014-09-08,164.01380920410156,164.52076501130287,163.53139458442675,164.2836375023405,64146000
2014-09-09,162.97540283203125,163.98111747085966,162.64016046026978,163.86664598738696,88591000
2014-09-10,163.58865356445312,163.69494049799076,162.52569689388076,163.06534106999337,67251000
2014-09-11,163.77670288085938,163.801231593235,162.81186111374646,162.9345171520805,66774400
2014-09-12,162.82005310058594,163.62952559884081,162.35398259126396,163.61318144081503,117409300
2014-09-15,162.6974334716797,162.9754464142779,162.20684661551562,162.84461826205043,76401000
2014-09-16,163.9238739013672,164.21823092407925,162.30491651467878,162.39485928485348,116201000
2014-09-17,164.1447296142578,164.90514503796567,163.32707218155915,164.16108625632123,151266000
2014-09-18,165.01953125,165.044059960326,164.43081724926674,164.64340356424353,94990000
2014-09-19,164.8708038330078,165.8565759528991,164.5339944938234,165.54442251137664,121649000
2014-09-22,163.5975799560547,164.60800841123827,163.2525601913986,164.58336503767555,125553000
2014-09-23,162.66110229492188,163.6879513606726,162.61181554533042,163.00612207684068,111393000
2014-09-24,163.9343719482422,164.04116824547012,162.2585600509073,162.68572017026568,107276000
2014-09-25,161.28915405273438,163.51536724673207,161.2316570514401,163.5071444359954,150300000
2014-09-26,162.57069396972656,162.9732232043375,161.3549085229412,161.58492164706885,103547000
2014-09-29,162.27493286132812,162.56245548398402,161.0509373492041,161.17415416761492,95112000
2014-09-30,161.84783935546875,162.8993317537754,161.5110298670857,162.39822892842787,131302000
2014-10-01,159.65444946289062,161.64242714866637,159.2929966955178,161.58491760168667,177798000
2014-10-02,159.67913818359375,160.2377380483554,158.01153633438454,159.51483230828418,157285000
2014-10-03,161.43711853027344,161.7821383384784,160.25418631083951,160.74706637908392,121569000
2014-10-06,161.24815368652344,162.32430201467963,160.6649104485573,162.11070939110465,104778000
2014-10-07,158.759033203125,160.7798771370357,158.72617955714793,160.4184243574114,147913000
2014-10-08,161.53565979003906,161.76567294959213,158.01973002569693,158.84941945588642,186461000
2014-10-09,158.3319091796875,161.5028194663607,158.20046949630316,161.28101656749686,210705000
2014-10-10,156.5247039794922,159.0795058167123,156.4836400308582,158.2908924881535,221909000
2014-10-13,153.9534454345703,157.02577013027752,153.8630822061801,156.45895991740795,230939000
2014-10-14,154.19163513183594,155.93317946685488,153.6494558803269,154.78310112715903,215847000
2014-10-15,153.14833068847656,154.18340229625286,149.4434647480626,152.10506133763343,380715000
2014-10-16,153.01686096191406,154.09299619402896,150.24025858181537,150.3799084748987,270391000
2014-10-17,154.8241729736328,155.8756652595581,154.12591069768982,154.78309651008732,214625000
2014-10-20,156.3274688720703,156.450685718143,154.49557406339343,154.5448608018225,130011000
2014-10-21,159.42440795898438,159.53119168685907,157.29676819073444,157.46106145534924,154949000
2014-10-22,158.2908172607422,160.1145019516581,158.22509742546504,159.70376238225862,151822000
2014-10-23,160.13088989257812,161.1741716960859,159.580500485864,159.87623341698531,154944000
2014-10-24,161.36314392089844,161.41244319926489,159.76948489414252,160.39380453756925,117927000
2014-10-27,161.14134216308594,161.3795655851563,160.21306677530146,160.78809963441634,82954000
2014-10-28,162.98965454101562,162.99786481865502,161.60956327632263,161.6835059141772,106736000
2014-10-29,162.7432098388672,163.57289914004178,161.66707432369984,163.1046626147532,142557000
2014-10-30,163.7864990234375,164.2547355696385,162.15996145930595,162.30783420821595,113330000
2014-10-31,165.65948486328125,165.7909245328237,164.92836893676946,165.75805834804967,146903000
2014-11-03,165.7498016357422,166.3084012726451,165.37191582536357,165.87301845718451,93600000
2014-11-04,165.1748046875,165.61018759726343,164.34510279416602,165.30623181391417,93343000
2014-11-05,166.21803283691406,166.42340255600723,165.48691713833324,166.38232610523403,91709000
2014-11-06,166.8834686279297,166.9738318273301,165.64303974050227,166.25914904511157,107089000
2014-11-07,167.03956604003906,167.25315863961796,166.43988977498898,166.8999160898097,89540000
2014-11-10,167.56529235839844,167.6145790956135,166.86704268989263,167.07241245147236,66319000
2014-11-11,167.72959899902344,167.83639529466578,167.29421607263362,167.63102551675448,54499400
2014-11-12,167.54891967773438,167.77893287364535,167.01495062418613,167.0478168149043,90120300
2014-11-13,167.73780822753906,168.26355431502145,166.93276227306376,167.71316485896764,85357900
2014-11-14,167.7788543701172,167.9842240942868,167.3516818341079,167.66384782597314,80417500
2014-11-17,167.88568115234375,168.05819728018307,167.29421519228953,167.45852104157512,80441000
2014-11-18,168.8550567626953,169.15900006401884,167.9432143239465,167.9432143239465,76068100
2014-11-19,168.583984375,168.85507405046695,167.82822491677982,168.6579145042784,82373000
2014-11-20,168.87962341308594,168.98641967466628,167.72954550272698,167.79526531487085,72840300
2014-11-21,169.78329467773438,170.73621344380052,169.2082618136518,170.57192013045926,142327300
2014-11-24,170.2597198486328,170.36651612149424,169.9722097417522,170.18578975270128,65880800
2014-11-25,170.13650512695312,170.69510479393398,169.8818486590781,170.48973505728972,79108300
2014-11-26,170.57192993164062,170.6705034183542,170.07082714955146,170.28440721568992,62167800
2014-11-28,170.21047973632812,170.76086927029675,169.97225629482244,170.44871571261106,57890100
2014-12-01,169.02749633789062,169.6682488861552,168.7153428751293,169.5532423399224,103968400
2014-12-02,170.1201171875,170.32548697864857,169.04398148744573,169.06862485960139,74507200
2014-12-03,170.7772979736328,170.9908780375887,170.12833496810504,170.29262828920778,68952000
2014-12-04,170.58836364746094,171.08946643138046,169.79973814654045,170.48977762561017,91316600
2014-12-05,170.86766052246094,171.2537567196929,170.4979974177091,170.76086422350582,91025500
2014-12-08,169.72572326660156,170.96615165363136,169.16711120435372,170.47327192964062,108588200
2014-12-09,169.61074829101562,169.71754455839078,167.50776432739312,167.8856375992583,125180100
2014-12-10,166.89169311523438,169.20825760572254,166.70274390155328,169.1507605881323,159856400
2014-12-11,167.73780822753906,169.3807663177685,167.3435017956211,167.48315172911757,159012800
2014-12-12,165.02691650390625,167.43385650213014,164.99406285906872,166.46450475996315,202330200
2014-12-15,163.89328002929688,166.37415025907953,163.29360383518193,165.92233427661947,189965800
2014-12-16,162.57888793945312,166.26732008364115,162.5378114885515,163.12927728417048,259543800
2014-12-17,165.76620483398438,166.21802068992585,162.89102897679376,163.01425832010796,253910100
2014-12-18,169.86541748046875,174.9503742225222,167.5159871654493,168.18960592590847,257633900
2014-12-19,170.58822631835938,171.25729490243907,169.83655138396585,170.51387556149317,245084600
2014-12-22,171.37290954589844,171.37290954589844,170.53864099505515,170.7781792073314,148318900
2014-12-23,171.60414123535156,172.00062380873774,171.31503174403542,171.95106506255868,122167900
2014-12-24,171.62066650390625,172.0914872006354,171.57936334708168,171.8271696840752,42963400
2014-12-26,172.1741485595703,172.51281690827093,172.01720407583304,172.06676283828526,57326700
2014-12-29,172.40541076660156,172.61191398833196,171.92632177971223,171.99240432314073,79643900
2014-12-30,171.48028564453125,172.11630651218846,171.40593490341297,171.98415402522033,73540800
2014-12-31,169.77871704101562,171.96765918962677,169.65482012488775,171.80245910013662,130333800
2015-01-02,169.6878204345703,170.88554919758974,168.6553043312476,170.47254275626065,121465900
2015-01-05,166.6233673095703,168.8122970325031,166.31774648892383,168.647096929558,169632600
2015-01-06,165.05389404296875,167.4493262708284,164.2609161597577,166.92893414109756,209151400
2015-01-07,167.11068725585938,167.44935560927416,165.9294947211136,166.37553619335011,125346700
2015-01-08,170.0760040283203,170.29077538945046,168.498329404685,168.51484058326952,147217800
2015-01-09,168.71319580078125,170.50564292912694,168.1019414964393,170.48911913604712,158567300
2015-01-12,167.3914794921875,169.00221444503197,166.78849371110647,168.8452700051996,144396100
2015-01-13,166.92066955566406,169.72910805795988,165.6238233987396,168.60573013625051,214553300
2015-01-14,165.91297912597656,166.11122679229365,164.0214148168744,164.91349780540452,192991100
2015-01-15,164.39308166503906,166.86285203095846,164.27744036968454,166.5489757172567,176613900
2015-01-16,166.54896545410156,166.7059099032591,164.004844509121,164.18656833404498,211879600
2015-01-20,166.9041748046875,167.44934637710867,165.34301083199585,167.18501618298058,130991100
2015-01-21,167.74667358398438,168.22576249946007,165.97900677362105,166.44157190471358,122942700
2015-01-22,170.24130249023438,170.37345500531438,167.12722961914895,168.49841437027467,174356000
2015-01-23,169.30795288085938,170.2413519749461,169.17578772340295,169.9852772558881,117516800
2015-01-26,169.70431518554688,169.7951770912514,168.38270236179068,169.09307382349303,92009700
2015-01-27,167.46585083007812,168.60573999976427,166.63983797473307,167.65583025769982,134044600
2015-01-28,165.31826782226562,168.74621728030513,165.1282883309134,168.64709973767964,168514300
2015-01-29,166.84632873535156,167.1023906847634,164.11221580090753,165.5164476333486,173585400
2015-01-30,164.748291015625,166.99504739330268,164.48397340858196,165.67343415017112,197729700
2015-02-02,166.78855895996094,166.87942090257002,163.4349478846863,165.24391853956578,163107000
2015-02-03,169.2004852294922,169.20875342530874,167.30892116918625,167.68062446617702,124212900
2015-02-04,168.55621337890625,169.64655660572535,168.10190370106497,168.44057206127013,134306700
2015-02-05,170.2577667236328,170.40645559253682,169.14265692465472,169.2169950571287,97953200
2015-02-06,169.78695678710938,171.18292062670562,169.26656461865574,170.62122529181084,125672000
2015-02-09,169.0270538330078,169.8613224730138,168.62230290257145,169.14269515542406,87219000
2015-02-10,170.82777404785156,171.08383610249103,169.06836204099815,170.05958788393312,96164200
2015-02-11,170.9268798828125,171.35641021173268,170.01827306097127,170.66256225237188,91087800
2015-02-12,172.5706329345703,172.62845989396322,170.9599101194834,171.719840560346,97545900
2015-02-13,173.281005859375,173.33056462266381,172.43846907159076,172.69454368851316,93670400
2015-02-17,173.55355834960938,173.7270265917829,172.71928991847454,172.9670836873572,76968200
2015-02-18,173.570068359375,173.64440648413964,172.9175112092286,173.18184134699794,80652900
2015-02-19,173.4462127685547,173.80966051892923,172.83497119197804,172.9753918948121,91462500
2015-02-20,174.4870147705078,174.56135292583096,172.41371378745657,173.0332236230692,140896400
2015-02-23,174.46221923828125,174.46221923828125,173.85922064591023,174.2391921889939,74411100
2015-02-24,174.9578094482422,175.1560571033271,174.090493287688,174.38785846833633,72472300
2015-02-25,174.80909729003906,175.31296561485897,174.47042900857946,174.83387666634533,73061700
2015-02-26,174.60264587402344,174.87523169819997,173.99964726116664,174.71828719907174,72697900
2015-02-27,174.00791931152344,174.7678498363769,173.95836054311377,174.5035195995795,108076000
2015-03-02,175.10647583007812,175.16429017790526,174.0574359382095,174.1069946946203,87491400
2015-03-03,174.3878631591797,175.15606181483415,173.52881517195365,174.67697275512717,110325800
2015-03-04,173.65272521972656,173.86749668575007,172.6862914344985,173.79314592999464,114497200
2015-03-05,173.84268188476562,174.12352324808586,173.338813507535,173.9748343708267,76873000
2015-03-06,171.39767456054688,173.41314802743403,171.06727444635007,172.98361779581307,188128000
2015-03-09,172.1081085205078,172.46328814178636,171.43903985422142,171.59598437672534,89818900
2015-03-10,169.316162109375,170.82776759842554,169.27485893348538,170.745173850606,157121300
2015-03-11,168.9196319580078,169.7456448282181,168.8370256294043,169.57217657973325,110145700
2015-03-12,171.06729125976562,171.13336120593354,169.4978590531875,169.54741781479228,93993500
2015-03-13,170.0182342529297,171.75285375539067,168.98571814290895,170.79468838429833,162410900
2015-03-16,172.2897491455078,172.38061105651056,170.04299334976287,170.74510926241626,136099200
2015-03-17,171.77767944335938,172.1576383881858,170.96817757941653,171.55465239072544,94510400
2015-03-18,173.84268188476562,174.51175032254008,170.67078274412282,171.30681621137117,228808500
2015-03-19,173.04969787597656,173.850931375652,172.66147081514595,173.42966934545456,117917300
2015-03-20,174.5772247314453,175.08334236742368,173.81390205525543,173.9964371148031,177715100
2015-03-23,174.23703002929688,175.1579976944319,174.23703002929688,174.5855025701291,71784500
2015-03-24,173.25791931152344,174.56883386209074,173.19154180791514,174.11250909763197,77805300
2015-03-25,170.71910095214844,173.69773415857858,170.6776260721813,173.46541912579568,159521700
2015-03-26,170.3125762939453,171.2252389858429,169.3584133966899,170.05537123840853,153067200
2015-03-27,170.70248413085938,170.87671404274337,170.00552650267113,170.19636661978635,118939000
2015-03-30,172.78504943847656,173.08374198713193,171.71474185758936,171.73132674457867,96180400
2015-03-31,171.27500915527344,172.66061965410185,171.21693672358907,171.9636618523457,126768700
2015-04-01,170.6693115234375,171.26669662045506,169.6819663586385,171.24180662976426,137303600
2015-04-02,171.28330993652344,171.73134247042432,170.4204146457377,170.60294970108774,86900900
2015-04-06,172.43653869628906,172.95094860378316,170.26272892181655,170.39547128941044,114368200
2015-04-07,171.98025512695312,173.20820786869345,171.94707268970402,172.46148275849654,81236300
2015-04-08,172.56103515625,173.0007752267654,171.81431007882907,172.2042701655457,89351900
2015-04-09,173.32435607910156,173.5566711080269,171.90557591389464,172.3950959634002,85548900
2015-04-10,174.2701873779297,174.3116749111512,173.37412249347702,173.57324239659198,72722900
2015-04-13,173.48194885253906,174.75969378678676,173.43216888423098,174.12911376097568,74436600
2015-04-14,173.81385803222656,173.9963930455423,172.66057553548654,173.2828505371855,75099900
2015-04-15,174.59381103515625,175.09992867523593,174.1955584748344,174.2785335608359,99529300
2015-04-16,174.54405212402344,175.05016982521738,174.06282441959135,174.26195705390805,68934900
2015-04-17,172.53611755371094,173.59813257219798,171.75619750508687,173.35752513560135,191113200
2015-04-20,174.11256408691406,174.44443904955597,173.37413153385023,173.45709394440155,92189500
2015-04-21,173.90512084960938,174.95053826659614,173.6064283504393,174.7928932447818,72559800
2015-04-22,174.7598114013672,174.94234651482142,173.32442049463856,174.24538850880333,78264600
2015-04-23,175.19949340820312,175.84665853711883,174.24533060310532,174.36148812213582,102585900
2015-04-24,175.60606384277344,175.87157401630265,175.15803125022026,175.6143689483349,61327400
2015-04-27,174.87591552734375,176.2946957863419,174.685075365081,176.17024581984043,79358100
2015-04-28,175.4317626953125,175.4815426675977,173.6810952620545,174.85097525162385,86863500
2015-04-29,174.70993041992188,175.30730275659872,173.90512042855713,174.54398029617153,125684900
2015-04-30,172.9593505859375,174.52748383218702,172.26239262965288,174.1375236322001,161304900
2015-05-01,174.83438110351562,174.87586863463142,173.63961110459596,173.73917105110024,103399700
2015-05-04,175.332275390625,175.91306307493306,175.14974030981077,175.25759274103953,70927200
2015-05-05,173.32435607910156,175.44839909533542,173.183308572984,175.09162144791608,113326200
2015-05-06,172.61080932617188,174.17894206411373,171.5487941735033,173.87195706754807,135060200
2015-05-07,173.29946899414062,173.7226241798103,172.17938137022506,172.5112563713364,88244900
2015-05-08,175.58116149902344,175.7802941151666,174.8842163328538,174.96719142130206,155877300
2015-05-11,174.74314880371094,175.80516398110535,174.66847882878935,175.53966651686653,75708100
2015-05-12,174.2204132080078,174.75972583742453,173.09202063195485,173.91342824033026,119727600
2015-05-13,174.25367736816406,175.24931529220916,174.02136227456097,174.62704000715308,94667900
2015-05-14,176.07070922851562,176.16197676947698,174.99209628812372,175.2658989110078,95934000
2015-05-15,176.26150512695312,176.40255263581574,175.78027751189376,176.26150512695312,76510100
2015-05-18,176.80906677246094,177.0579666326147,176.02914678340125,176.09552429951447,74549700
2015-05-19,176.7510986328125,177.19914399793936,176.469003497866,176.92534131041185,72114600
2015-05-20,176.6265411376953,177.3732660782015,176.31125108448646,176.85055102371675,76857500
2015-05-21,177.14096069335938,177.34838570588087,176.31955308609574,176.48550322428738,64764600
2015-05-22,176.71788024902344,177.17420530855492,176.65150270249356,176.75935513790995,57433500
2015-05-26,174.8178253173828,176.65146828487644,174.40297522756453,176.22831309072097,124308600
2015-05-27,176.47723388671875,176.70954893500715,174.86761343770593,175.2741711023209,93214000
2015-05-28,176.27813720703125,176.38598964068927,175.58948441576126,176.1702721131509,74974600
2015-05-29,175.18289184570312,176.2531994850872,174.91739437695398,176.2117246051281,124919600
2015-06-01,175.53970336914062,176.1785635023273,174.75147793431438,175.84668843730105,93338800
2015-06-02,175.3654327392578,176.0540854164766,174.46106257022674,175.0833377129909,91531000
2015-06-03,175.830078125,176.45235332192888,175.3405580085357,175.8964556652323,87820900
2015-06-04,174.3448486328125,175.78022595277886,174.02955861123456,175.1247685850004,151882800
2015-06-05,174.04620361328125,174.71825870761285,173.39073340655372,174.19554356303513,121704700
2015-06-08,172.97589111328125,174.08769898352278,172.90122113504552,173.93834636683118,89063300
2015-06-09,172.95103454589844,173.4903473667893,172.3204668407854,172.95103454589844,105034700
2015-06-10,175.02525329589844,175.40692095542522,173.65625304064022,173.71432547087372,134551300
2015-06-11,175.58941650390625,175.971071417342,175.23263891764168,175.46495390674622,73876400
2015-06-12,174.24534606933594,175.46500645752488,173.9715434658424,174.7680612814801,135382400
2015-06-15,173.4986114501953,173.7807064831923,172.40340109589576,173.1086513386087,124384200
2015-06-16,174.44444274902344,174.52741782155275,173.17500263268036,173.3492325606859,85308200
2015-06-17,174.72657775878906,175.33226807449984,173.70604996607278,174.72657775878906,126708600
2015-06-18,176.54360961914062,177.00823971096892,174.75975923225266,175.32394929798113,165867900
2015-06-19,175.75991821289062,176.37688755239955,175.3847394844856,176.30185435107938,130478700
2015-06-22,176.66029357910156,177.24390614570285,176.45185961090112,176.67697185866155,70696000
2015-06-23,176.78536987304688,177.11887189486686,176.39352567033555,176.8687485589522,68476800
2015-06-24,175.5013885498047,176.89372583021103,175.47637749317096,176.51854725890612,92307300
2015-06-25,174.9678192138672,176.1267116240838,174.8927860349281,176.00165632585197,97107400
2015-06-26,174.93447875976562,175.56811348606794,174.38420999329747,175.3263229424074,104174800
2015-06-29,171.26605224609375,174.9428311592116,171.19101905728778,173.45878205663925,202621300
2015-06-30,171.62452697753906,172.85011967454733,171.1492914444219,172.8000848380619,182925100
2015-07-01,173.00018310546875,173.44206207348822,172.21646939711758,173.1919387824699,135979900
2015-07-02,172.84181213378906,173.6422043099479,172.4249441241193,173.47545965044043,104373700
2015-07-06,172.34994506835938,173.12531361343667,171.35779697336875,171.55789823748768,117975400
2015-07-07,173.43373107910156,173.55878636499753,170.17382092755489,172.5499731339721,173820200
2015-07-08,170.5240478515625,172.38327583973646,170.29060275537043,172.09980861176086,164020100
2015-07-09,170.83248901367188,172.87515224406943,170.72411199229873,172.61668341636218,144113100
2015-07-10,172.9835205078125,173.40038845669895,170.87416970419113,172.82510865174763,129456900
2015-07-13,174.89280700683594,175.0011840376992,174.20080458943872,174.24249393444856,106069400
2015-07-14,175.65147399902344,175.95996493406554,174.79272703637704,174.85109465607158,81709600
2015-07-15,175.59312438964844,176.1517259350618,175.11788880399487,175.69316863008046,97914100
2015-07-16,177.00216674804688,177.00216674804688,176.40187577162789,176.6436536296121,106683300
2015-07-17,177.15220642089844,177.21057404232326,176.58527209631774,176.99379455908894,89030000
2015-07-20,177.24388122558594,177.73578226814678,176.92707028928808,177.3772819997103,70446800
2015-07-21,176.5435791015625,177.3689822330543,176.24343366482006,177.1105134144091,77965000
2015-07-22,176.22677612304688,176.56027815967443,175.82658640089568,175.8599302436575,88667900
2015-07-23,175.2346649169922,176.4602581243097,174.87616446460365,176.36021385328118,90509100
2015-07-24,173.41708374023438,175.39303394072115,173.08359443714681,175.3346790374915,117755000
2015-07-27,172.40829467773438,173.0419423003663,171.96641553132218,172.53336273463475,132361100
2015-07-28,174.52597045898438,174.66770406215596,172.41661925106152,173.24200980610797,123544800
2015-07-29,175.72653198242188,175.95163153209302,174.50927188232112,174.65100546901073,105791300
2015-07-30,175.76820373535156,175.9349483664293,174.60096587420767,175.21793500317514,91304400
2015-07-31,175.5013885498047,176.29343502740363,175.21792142675645,176.2684239707699,103266900
2015-08-03,174.9095001220703,175.52646944872632,173.95904142640262,175.46811453396106,113965700
2015-08-04,174.5675811767578,175.29292714915863,174.0840129545583,174.8343699796766,81820800
2015-08-05,175.1428985595703,176.17672288604265,174.8594186980476,175.45970953616686,85786800
2015-08-06,173.70892333984375,175.43475046954953,173.12529788629934,175.32636070443925,116030800
2015-08-07,173.37538146972656,173.7005379686232,172.4749451523665,173.55047160996344,117858000
2015-08-10,175.55978393554688,175.64314989691428,174.4842574429596,174.4842574429596,80270700
2015-08-11,173.9756622314453,174.64265347090495,173.2169595375375,174.22578553646764,126081400
2015-08-12,174.18409729003906,174.36752020008473,171.21599961373644,172.6750373934088,172123700
2015-08-13,173.96734619140625,174.7093706772288,173.42541019141387,174.02570109250638,89383300
2015-08-14,174.6009521484375,174.67598531825396,173.6338155536956,173.77554911505968,72786500
2015-08-17,175.57643127441406,175.57643127441406,173.5504592460368,174.00901651227431,79072600
2015-08-18,175.06787109375,175.6514837139726,174.83442604566096,175.30131614183904,71692700
2015-08-19,173.68389892578125,175.09290215490807,172.87517394473667,174.32586652045595,172946000
2015-08-20,170.05712890625,173.65886172552786,169.99876128116887,172.1748126984539,194327900
2015-08-21,164.93797302246094,170.0320998308811,164.67951693145798,168.1895379121759,346588500
2015-08-24,157.9929962158203,164.6462069534633,152.07346461980424,156.31719117881585,507244300
2015-08-25,156.1337127685547,162.95366576557146,155.84190013873254,162.93698748683326,369833100
2015-08-26,162.1282958984375,162.4034175624489,157.0508343737949,160.1440002975013,339257000
2015-08-27,166.13856506347656,166.26362036631141,162.75359916753715,164.2626591901485,274143900
2015-08-28,166.1468963623047,166.61378645112822,165.01301498010434,165.49658334975751,160414400
2015-08-31,164.8046112060547,166.02187149373609,164.254342334015,165.1714571207478,163298800
2015-09-01,159.88552856445312,162.3867361308454,159.0184361505627,161.01106433624992,256000400
2015-09-02,162.9203338623047,162.96202320130396,160.42745896303018,162.26167538279665,160269300
2015-09-03,163.0370635986328,165.1214034229012,162.54516245333764,163.62900898451664,152087800
2015-09-04,160.56924438476562,161.62809287260038,159.75218650811885,160.7860239288382,207081000
2015-09-08,164.60447692871094,164.75455600996594,162.7202383253575,163.36221854722507,116025700
2015-09-09,162.40345764160156,166.30534940483957,162.03662442512285,166.18029407215408,149347700
2015-09-10,163.2871856689453,164.42939981290357,161.9532031029294,162.21165920366735,158611100
2015-09-11,164.02920532226562,164.09590572079074,162.18664338818505,162.89532399093918,119691200
2015-09-14,163.4205780029297,164.25431394794666,162.93700962820373,164.2042918267338,79452000
2015-09-15,165.4632568359375,165.90513591068714,163.3789167770044,163.92084010360617,113806200
2015-09-16,166.8972625732422,167.08903100857285,165.4215590465416,165.76339385199034,99581600
2015-09-17,166.52203369140625,169.1566416498652,166.1468551574897,166.76382417716863,276046600
2015-09-18,163.80087280273438,166.50783687324343,163.39022645170527,164.01877931187536,223657500
2015-09-21,164.64732360839844,165.66975777619078,163.5997355626022,164.63055861904252,105726200
2015-09-22,162.51028442382812,162.9712258434925,161.37888391991953,162.48514332711403,153890900
2015-09-23,162.2504119873047,163.14714054084763,161.67214144566768,162.67782322819664,92790600
2015-09-24,161.66378784179688,162.12472915587193,159.70270601966715,161.03523499204192,159378800
2015-09-25,161.621826171875,163.42367179702717,160.75022609438057,163.12196604526912,155054800
2015-09-28,157.56564331054688,160.8341262073183,157.25556129169289,160.7251729410433,178515900
2015-09-29,157.6578369140625,159.0155199795745,156.66053085567307,157.78355517661606,159045600
2015-09-30,160.59945678710938,160.76706833242253,158.76408031426854,159.54347975454826,163452000
2015-10-01,161.0184326171875,161.3201384025769,159.08249248924568,160.9765265493402,131079000
2015-10-02,163.42372131347656,163.44886240141275,158.4958634709605,159.04061688143545,211003300
2015-10-05,166.3318634033203,166.55814603288178,164.53839293436835,164.64734619822048,126320800
2015-10-06,165.7619171142578,166.7592228059203,165.09984721152352,166.19771724589557,110274500
2015-10-07,167.11965942382812,167.47164753708097,165.50217653537078,166.6922352386378,124307300
2015-10-08,168.62815856933594,168.9130994493407,166.43240532450972,166.7341111939089,153055200
2015-10-09,168.72872924804688,169.20642276618494,168.10017639559013,168.77063532913212,107069200
2015-10-12,168.8879852294922,169.08911398246477,168.37676166911677,168.80417305712558,56395600
2015-10-13,167.82359313964844,169.42431063021064,167.65598162169104,168.15881617556323,88038700
2015-10-14,167.01905822753906,168.34321110380344,166.72574123600018,167.76494043382095,99106200
2015-10-15,169.5835723876953,169.59194848911545,167.31239568460623,167.68114875415054,134142200
2015-10-16,170.35458374023438,170.37133594189658,169.22318351896553,169.9858306966226,114580100
2015-10-19,170.43844604492188,170.43844604492188,169.39924648878298,169.7093285772509,76523900
2015-10-20,170.22048950195312,170.83227734943787,169.75117209632427,170.00259578875122,78448500
2015-10-21,169.16452026367188,170.79036614497844,168.9968959484565,170.6395196068124,102038000
2015-10-22,172.02235412597656,172.23187176059804,169.1645433085749,170.1115543212638,174911700
2015-10-23,173.9079132080078,174.2766660797586,172.89385559862734,173.6900195964888,144442300
2015-10-26,173.48060607910156,173.79068809444453,173.11185298629266,173.73202980492053,69033000
2015-10-27,173.14535522460938,173.48057828002285,172.46650743729634,172.81011938125604,77905800
2015-10-28,175.11477661132812,175.13991769585508,172.8184723049507,173.48054217738942,135906700
2015-10-29,175.01425170898438,175.3830047490535,174.49465212776337,174.61198147797265,90525500
2015-10-30,174.25997924804688,175.5254737879926,174.10075660741566,175.20700293085025,131076900
2015-11-02,176.3216552734375,176.51440791141056,174.46113770568715,174.5868559557975,86270800
2015-11-03,176.8328857421875,177.3860153733307,175.74339147149564,175.96967410022543,95246100
2015-11-04,176.2965087890625,177.2519086361511,175.76014418697665,177.1262031778266,96224500
2015-11-05,176.1205291748047,176.81612929827372,175.2321763964768,176.3551879167048,78408700
2015-11-06,176.0283203125,176.26299181489833,174.70418019003608,175.77690939553904,110471500
2015-11-09,174.38571166992188,175.56739414738445,173.43868791009058,175.4165348072266,131008700
2015-11-10,174.78799438476562,174.82152436849697,173.6398418068349,173.90801773697598,75874600
2015-11-11,174.100830078125,175.10651246599352,174.03378288054105,175.05623026479188,67846000
2015-11-12,171.67034912109375,173.53086655626646,171.65359691929243,173.06154914702296,121315200
2015-11-13,169.7427520751953,171.5278458972901,169.6589527183827,171.25967005237672,153577100
2015-11-16,172.32400512695312,172.38267618416583,169.44104134703582,169.55838346146123,117645200
2015-11-17,172.1982879638672,173.51405155065694,171.70382960651025,172.63408805594725,121123700
2015-11-18,174.93043518066406,175.07290561750696,172.63413041421526,172.67602370486216,121342500
2015-11-19,174.77963256835938,175.19866788365732,174.48630273247363,174.8131497668883,88220500
2015-11-20,175.41653442382812,176.0953694832022,175.03940525616932,175.53386378238736,94011500
2015-11-23,175.2153778076172,175.9780121229308,174.75443654807228,175.47517757537733,64931200
2015-11-24,175.45005798339844,175.85232822831483,173.82419922577145,174.20970448066703,98874400
2015-11-25,175.42491149902344,175.77689955099623,175.16509891948007,175.5757580407517,51980100
2015-11-27,175.62603759765625,175.82717910489592,175.03939085313215,175.51708434940895,37317800
2015-11-30,174.89688110351562,175.90256283779144,174.78792787975726,175.78523351525823,112822700
2015-12-01,176.564697265625,176.68203941900245,175.24893315237756,175.52549796832068,97858400
2015-12-02,174.76280212402344,176.83283682937392,174.51137847141774,176.5143660168775,108441300
2015-12-03,172.31565856933594,175.28242221225327,171.59491750079425,175.01424632913574,166224200
2015-12-04,175.6763458251953,175.96967563491964,172.31568749989472,172.31568749989472,192913900
2015-12-07,174.61199951171875,175.76852814381505,173.6482107323735,175.34949288008445,102027100
2015-12-08,173.43862915039062,174.5616401740072,172.45808852935795,173.05312401114873,103372400
2015-12-09,172.08938598632812,174.88853826661926,171.11722117910855,172.8017509958119,162401500
2015-12-10,172.53350830078125,173.84089576912808,171.9217206342726,172.15637926767144,116128900
2015-12-11,169.1896209716797,171.08365507491644,168.8795262928956,170.42158522442,211173300
2015-12-14,170.0444793701172,170.17019760312135,167.5721742429756,169.34889219017325,182385200
2015-12-15,171.82960510253906,172.7347228377243,170.01936963216863,171.55304028445954,154069600
2015-12-16,174.3437957763672,174.645501651764,171.6368317866301,172.95259575159645,197017000
2015-12-17,171.6870880126953,174.7208985098075,171.6703230255021,174.6538513489731,173092500
2015-12-18,168.62850952148438,171.08179917599455,168.46832640071943,170.94691963686665,251393500
2015-12-21,170.01953125,170.19657911718517,168.6874978631349,169.800340767622,99094300
2015-12-22,171.56234741210938,171.85742293411286,169.9183864593483,170.90476303100496,111026200
2015-12-23,173.6868438720703,173.7289993524299,172.47283807637507,172.56557498754754,110987200
2015-12-24,173.4002227783203,173.94821838482557,173.18103225414737,173.43395231376144,48539600
2015-12-28,173.00393676757812,173.04607937608148,171.93324951228385,172.70886132378988,65899900
2015-12-29,174.8502655029297,175.17905768630865,174.0662275518134,174.09994421962654,92640700
2015-12-30,173.61097717285156,174.6901035548786,173.46765881575018,174.60579258526704,63317700
2015-12-31,171.874267578125,173.577248708989,171.874267578125,172.93652912124026,114877900
2016-01-04,169.4715118408203,169.47993778922142,167.422874343536,169.02469215873788,222353500
2016-01-05,169.7581787109375,170.21342442255937,168.65377466351708,169.7918953745946,110845800
2016-01-06,167.6168212890625,168.6622051229766,166.58828935540473,167.21214413008352,152112600
2016-01-07,163.5954132080078,166.45337941363837,163.20760085423277,164.67452645671497,213436100
2016-01-08,161.79971313476562,165.11293824156806,161.51307646082637,164.55651679400643,209817200
2016-01-11,161.95989990234375,163.0558780579135,160.02930242058451,162.71864708325168,187941300
2016-01-12,163.2666473388672,164.01696859123618,161.14213716090515,163.40153973265294,172330500
2016-01-13,159.1947021484375,164.27834272629687,158.81532848192018,163.93268573198264,221168900
2016-01-14,161.80810546875,162.9293740810844,158.20825729993481,159.80163630397985,240795600
2016-01-15,158.33477783203125,159.13568064709096,156.4041799782958,157.45800285707142,324846400
2016-01-19,158.5454864501953,160.27375793421498,156.97739804546177,160.14730437901238,195244400
2016-01-20,156.51380920410156,158.07347261283573,152.61045700127073,155.99111703782512,286547800
2016-01-21,157.39053344726562,159.22839410217688,155.66226160803873,156.98586912340346,195772900
2016-01-22,160.61941528320312,160.82174097213112,159.23680066466977,159.99554772623839,168319600
2016-01-25,158.19143676757812,160.3075081734972,157.997536987637,160.11360839355606,130371700
2016-01-26,160.3496551513672,160.62786588037858,158.51179458668403,158.84901269600596,141036800
2016-01-27,158.6045379638672,161.4962213181551,157.70245954537472,159.82696974006484,185681700
2016-01-28,159.43072509765625,160.3496553813156,157.78676430027338,160.14732966105083,143798800
2016-01-29,163.31724548339844,163.45213789098824,160.07990488553142,160.19793252616049,210529300
2016-02-01,163.25820922851562,164.04226001473677,161.73227600136582,162.31398819603547,136061600
2016-02-02,160.31588745117188,161.84182013576526,159.79318282486028,161.83339418813074,182564900
2016-02-03,161.27703857421875,161.6817029141604,157.7361966556225,161.369775492127,205054900
2016-02-04,161.5299835205078,162.49949546847427,160.1473683537816,160.77966211046828,139531800
2016-02-05,158.45278930664062,161.5889669028916,157.82049564391338,161.01569349009503,180788300
2016-02-08,156.31985473632812,156.9099929217756,154.1110463004901,156.61493026107567,191526700
2016-02-09,156.32826232910156,157.60128833397698,154.4482463076533,154.58313869535667,184513100
2016-02-10,156.19337463378906,158.7815562592034,156.0669082029163,157.15446033381306,148214100
2016-02-11,154.16160583496094,155.20700251784558,152.66938938485407,153.72321201774534,219058900
2016-02-12,157.33993530273438,157.35678720240546,155.0889717482724,155.9320298374662,127632400
2016-02-16,159.9955596923828,160.02085040539032,158.18298998527018,159.14407567169118,120250700
2016-02-17,162.60906982421875,162.98001749067555,161.03254224177735,161.15900869027703,136009500
2016-02-18,161.94302368164062,162.9378389064611,161.63109630818496,162.87881866605304,102343000
2016-02-19,161.86717224121094,162.01891654044448,160.56042947582927,161.16743240085756,114793000
2016-02-22,164.21090698242188,164.35422536050385,163.37627457165644,163.4437207844097,103640300
2016-02-23,162.13693237304688,163.8230484940775,162.01889189509143,163.55326373997096,111455300
2016-02-24,162.8788299560547,163.15704068573677,159.6077731227988,160.71217722714357,150812200
2016-02-25,164.85159301757812,164.86003183247877,162.5669125237012,163.32565975002663,110728300
2016-02-26,164.47225952148438,165.81271928483804,164.31207636786658,165.71999521069117,129833700
2016-02-29,163.18234252929688,165.43330637127323,162.98844274594833,164.48908530726592,125918100
2016-03-01,167.01824951171875,167.1025604717824,163.93265361565753,164.40476411830258,141799700
2016-03-02,167.7686004638672,167.81918190324672,166.29324844973772,166.7063516447515,102415000
2016-03-03,168.42617797851562,168.44304274563157,167.0182722294656,167.5915456709263,95172200
2016-03-04,168.97418212890625,169.74980714601884,167.79390556208236,168.6200991588591,129293600
2016-03-07,169.1090087890625,169.51368590949613,167.97931410528602,168.05518624135055,100219000
2016-03-08,167.26272583007812,168.54417777416353,167.10255559310772,168.03835062068885,123974900
2016-03-09,168.0889434814453,168.43458755741102,167.2880279218925,168.0720787159687,94801200
2016-03-10,168.2238311767578,169.51372208535355,166.40283520236756,168.57792694871588,156838700
2016-03-11,170.9384765625,170.98063204544795,168.20697621851687,169.67388925834564,137964500
2016-03-14,170.7193145751953,171.17456042054744,170.10388558631487,170.43267782574958,73612000
2016-03-15,170.44107055664062,170.74457201573492,169.49684951236813,169.75819548969022,93169100
2016-03-16,171.4274139404297,171.83209105035002,169.9183457514907,169.96050122511295,129303200
2016-03-17,172.5150146484375,173.02084188245536,170.94692578129084,171.34316418983127,134278500
2016-03-18,173.1929473876953,173.5319048209772,172.7014500581585,173.0149863304641,138372400
2016-03-21,173.4386749267578,173.66747828660118,172.70143545996896,172.9302388198123,72926700
2016-03-22,173.3454132080078,173.91317382020262,172.5064893309166,172.66748565017772,97471900
2016-03-23,172.20147705078125,173.1505681737441,172.03198540991207,172.9641377131054,81052500
2016-03-24,172.1251983642578,172.15910186414206,170.95578622618342,171.17610725384458,84360900
2016-03-28,172.22686767578125,172.7522554642158,171.77774335397856,172.54040388108646,62408200
2016-03-29,173.82000732421875,173.93017430072314,171.51506073997965,171.82012757996412,92922900
2016-03-30,174.58267211914062,175.3029598090337,174.21828063922183,174.81994487938724,86365300
2016-03-31,174.15895080566406,174.91314191454202,173.99794153572478,174.48943875381522,94584100
2016-04-01,175.34530639648438,175.5317368130374,172.85392985745173,173.16747897459658,114423500
2016-04-04,174.777587890625,175.47246741634427,174.47252103818187,175.26908520458323,63497000
2016-04-05,173.0319061279297,174.78603056334993,172.7776816347166,173.43865755883377,99662200
2016-04-06,174.92161560058594,174.98094025112778,172.85394205681024,173.03190307804113,91839800
2016-04-07,172.8285675048828,174.19289260089965,172.09979733687882,173.83698339286025,113859000
2016-04-08,173.2945556640625,174.438559125444,172.76068565803226,174.00637371850846,95040600
2016-04-11,172.8878173828125,174.6250026873143,172.79460218314483,173.93012339335658,83757500
2016-04-12,174.49790954589844,174.7775551858431,172.61666646292107,173.05732137408188,115350600
2016-04-13,176.26051330566406,176.34525910921872,175.2775188781648,175.41310699169452,96336400
2016-04-14,176.26902770996094,176.7690073899321,175.92160085964557,176.31988296331204,65212900
2016-04-15,176.07411193847656,176.40459993824712,175.75209334830146,176.2690118023422,75761600
2016-04-18,177.31129455566406,177.34518511746666,175.41309983487633,176.07407569837335,82531000
2016-04-19,177.87054443359375,178.1247688628437,177.05704177646382,177.7349692776665,88316100
2016-04-20,178.04010009765625,178.7349666619935,177.43843582952366,177.9129813720752,81100300
2016-04-21,177.08255004882812,178.16722941224492,176.81137374277495,178.05706242161108,85695000
2016-04-22,177.08255004882812,177.35371342448335,176.1843011632234,176.7266408449318,99251700
2016-04-25,176.77743530273438,176.81980820538138,175.87070432158723,176.48083791459973,66166500
2016-04-26,177.0401611328125,177.5486101955067,176.56561557050952,177.14184577319264,75864200
2016-04-27,177.404541015625,177.79434073179453,176.3029100722661,176.6588192206628,77329400
2016-04-28,175.79446411132812,177.75197092687552,175.37924322948243,176.65035289468423,97216200
2016-04-29,174.84539794921875,175.52332578668234,173.74376682964018,175.1758859920525,142424100
2016-05-02,176.23509216308594,176.41304024801133,174.91314038206343,175.34531294727643,62188000
2016-05-03,174.70130920410156,175.24364879119557,173.9555874229489,175.00637602999169,106422100
2016-05-04,173.72679138183594,174.43862262579916,173.2268246804303,173.70985256274832,92243800
2016-05-05,173.69288635253906,174.54876213947264,173.26918316349162,174.1928530123202,67619200
2016-05-06,174.3284454345703,174.37081834059887,172.76922076372438,172.92174770895267,89315000
2016-05-09,174.4725341796875,174.9047068655351,174.0234097423171,174.2013708073119,74374900
2016-05-10,176.64181518554688,176.65876692961356,175.1080120725116,175.1758061183862,77472200
2016-05-11,174.98944091796875,176.71814447543505,174.98944091796875,176.18428717716878,81727000
2016-05-12,175.04025268554688,175.82834731079288,174.03183706537783,175.65885569735008,89586300
2016-05-13,173.51492309570312,175.29448163900955,173.1929174688306,174.74367267247877,96474600
2016-05-16,175.22671508789062,175.7012606591688,173.6251173196283,173.68444198123657,77486800
2016-05-17,173.59120178222656,175.24364163397829,173.0658010349655,174.95552656862571,114924900
2016-05-18,173.6420135498047,174.81990769132037,172.55733461072808,173.24373158760076,120062100
2016-05-19,173.0403594970703,173.32847452848824,171.83704413315402,172.92172313528684,115430500
2016-05-20,174.1334991455078,174.65041742825588,173.59962911878992,173.65047142030744,104990400
2016-05-23,173.896240234375,174.43009737301395,173.70980982710645,174.15045176211112,58682600
2016-05-24,176.1503448486328,176.4638939748023,174.68433555844706,174.70975671321835,93537800
2016-05-25,177.34523010253906,177.76046393971208,176.15038384221432,176.82831162377144,76621400
2016-05-26,177.39602661132812,177.70957572593335,177.0824904271165,177.48077241103627,55280700
2016-05-27,178.15872192382812,178.16719133268288,177.5062153909457,177.55705770486466,64211200
2016-05-31,177.81973266601562,178.5400331841697,177.26044141171204,178.42986622882066,109879400
2016-06-01,178.18409729003906,178.36204534302541,177.01467264884693,177.20957244558164,69936200
2016-06-02,178.7265167236328,178.743455544572,177.31134935135105,177.7858949456015,63044700
2016-06-03,178.192626953125,178.5400667002992,176.98931134792298,178.16720579410213,101757100
2016-06-06,179.0993194580078,179.45522853801452,178.38748836760095,178.548497626974,64887000
2016-06-07,179.3789520263672,179.9382432647417,179.22642510520694,179.25184625873365,60974800
2016-06-08,179.96368408203125,180.0908027939479,179.38745396527267,179.51455974679448,66170900
2016-06-09,179.7179412841797,179.8365776566402,178.96375014559598,179.23491345533657,73786900
2016-06-10,178.0146484375,178.6840937280972,177.47229598991518,178.3451363787507,113829200
2016-06-13,176.64181518554688,178.2688334953607,176.55708232599773,177.4129579106792,117751200
2016-06-14,176.2943878173828,176.88758252746695,175.34529696987707,176.2604972572832,125059300
2016-06-15,176.0486297607422,177.4129541957186,175.86219937108888,176.29437185779872,109124500
2016-06-16,176.57406616210938,176.74355778520848,174.2182774214604,176.0486783356093,149533100
2016-06-17,175.91650390625,176.49573076917162,175.26060396047285,176.47017740743334,117055700
2016-06-20,177.04937744140625,178.5485639825912,176.96419092301392,177.87563727878802,82789600
2016-06-21,177.55197143554688,177.96083819196116,176.98977152195235,177.4327180900244,72461700
2016-06-22,177.26235961914062,178.4548930850924,177.11753991475223,177.73084655371028,95560500
2016-06-23,179.57069396972656,179.62180066939897,178.25890768680736,178.71888098149378,102731400
2016-06-24,173.12252807617188,179.6048273711775,172.67958155075527,173.4547347208247,333444400
2016-06-27,170.02194213867188,171.72556876131333,169.2127090948055,171.71704230971076,230775800
2016-06-28,173.08847045898438,173.11402381972314,171.31669712780246,171.6233504543078,159382400
2016-06-29,176.03573608398438,176.26571631196322,174.383216236283,174.48542967094025,137328600
2016-06-30,178.4378204345703,178.4889271454984,175.9505275208487,176.504213883724,165021900
2016-07-01,178.8126678466797,179.29820772484638,178.27602124399883,178.4378678700544,106055300
2016-07-05,177.52642822265625,178.09714162296606,176.93016146096247,177.98640172520842,109803700
2016-07-06,178.5911407470703,178.71039406322262,176.37642144980018,177.0323211874561,96021500
2016-07-07,178.48040771484375,179.4344342805806,177.7137810813248,178.7700210654943,85593800
2016-07-08,181.1380615234375,181.38509461612574,179.5451750888838,179.77516827919834,133971000
2016-07-11,181.7769317626953,182.34765804487338,181.3936184220505,181.59805826929212,73633900
2016-07-12,183.09727478027344,183.39541464824282,181.80251486451039,182.73951473729417,101275600
2016-07-13,183.0717010498047,183.52316102982908,182.58617425894235,183.51464757652928,87324100
2016-07-14,184.0938720703125,184.56237194878827,183.70204526114256,184.33237873614772,91230900
2016-07-15,183.84689331054688,184.85202691445332,183.40394668964572,184.65611346579453,107155400
2016-07-18,184.34091186523438,184.50275846526557,183.71056536975473,183.96611194887564,58725900
2016-07-19,184.15347290039062,184.187539704826,183.67645965247817,183.9234797281342,54345700
2016-07-20,184.92013549804688,185.15864216846145,184.15350877137692,184.15350877137692,58159500
2016-07-21,184.2216339111328,185.03085380551673,183.7786874330219,184.80938706527985,67777300
2016-07-22,185.04791259765625,185.09901931234043,184.07684602574125,184.3409060500352,62787500
2016-07-25,184.5453643798828,184.8946109866342,183.96613751783332,184.84350426323465,55873100
2016-07-26,184.63050842285156,184.98826840194747,183.78720868792976,184.44310848175783,70080500
2016-07-27,184.43463134765625,185.07349136419623,183.66799152922408,185.00534473604847,84083900
2016-07-28,184.64756774902344,184.93718114385538,183.77871456688854,184.23868801764283,65035700
2016-07-29,184.9457244873047,185.30348456185243,184.10243752502828,184.3835375116675,79519400
2016-08-01,184.79237365722656,185.3971538028139,184.34091366202279,185.0053269756298,73311400
2016-08-02,183.60833740234375,184.69865725581784,182.77356410776096,184.5453241214279,92295500
2016-08-03,184.14498901367188,184.20462218226243,183.25059546592718,183.54872231596235,53993600
2016-08-04,184.34091186523438,184.65607861415472,182.5009920927308,184.25572533964777,46585500
2016-08-05,185.8486328125,185.89122608006628,184.3409325222498,184.3409325222498,71892200
2016-08-08,185.73785400390625,186.1382072113854,185.47379401549162,186.0359807982686,39906500
2016-08-09,185.8486328125,186.34268612145965,185.52495257380536,185.80605254257415,51251700
2016-08-10,185.38864135742188,186.0360147697383,185.0393947939079,185.95935469412962,57941100
2016-08-11,186.2489471435547,186.49598024514216,185.65268051536748,185.91674052230485,72504300
2016-08-12,186.0870819091797,186.30003516857525,185.6867287417052,185.9422622548715,61313500
2016-08-15,186.62376403808594,186.9730105941644,186.4448905321406,186.4534039855917,49813500
2016-08-16,185.6611785888672,186.2744720286673,185.6611785888672,186.20633842240616,53213600
2016-08-17,186.010498046875,186.14679131767127,184.86055769334084,185.69533123109508,75134300
2016-08-18,186.4278106689453,186.4618774730868,185.87413736760277,185.98486422928966,52989300
2016-08-19,186.15525817871094,186.33414467656135,185.47381799057598,185.95934477450407,75443000
2016-08-22,186.14671325683594,186.37670643015156,185.5504466941994,185.91672008352035,61368800
2016-08-23,186.52151489257812,187.05816130293945,186.4618817369218,186.76002151993063,53399200
2016-08-24,185.56744384765625,186.47036343416997,185.15005085114396,186.37666349608082,71728900
2016-08-25,185.43968200683594,185.85707504361926,185.03081541828635,185.18413551487953,69224800
2016-08-26,185.09048461914062,186.64930433578445,184.20460460957435,185.627131094704,122506300
2016-08-29,186.001953125,186.26601316896983,185.18420663620492,185.21828644695944,70502200
2016-08-30,185.69528198242188,186.1978486628494,185.14160858841032,185.91674874049886,58114500
2016-08-31,185.16712951660156,185.48229619359975,184.39197650262852,185.3630428835759,85269500
2016-09-01,185.17568969726562,185.46530309503095,184.01722310856502,185.15864979220905,97844200
2016-09-02,186.010498046875,186.4364047698821,185.4397845977625,186.02753795513496,79293900
2016-09-06,186.57264709472656,186.64930716450087,185.57602719474625,186.29154717458266,56702100
2016-09-07,186.5555877685547,186.73447424370875,185.9508077286711,186.41078109706655,76554900
2016-09-08,186.12966918945312,186.49595556821146,185.82301596444177,186.2233691470298,74102900
2016-09-09,181.6747283935547,184.86902807179513,181.64917503593986,184.81792135656548,221589100
2016-09-12,184.2812957763672,184.68164908797755,180.84848903883682,180.9166356660939,168110900
2016-09-13,181.63214111328125,183.26762104268442,181.01032106144442,183.00356100687588,182828800
2016-09-14,181.56399536132812,182.88430854433517,181.01032192860217,181.68324870057552,134185500
2016-09-15,183.37831115722656,183.76162442767654,181.2232251947218,181.40211165300408,134427900
2016-09-16,182.6695098876953,182.94347334278845,181.98462737655555,182.76368319247152,155236400
2016-09-19,182.70372009277344,183.9622116674637,182.37839183003095,183.32012466255208,80250500
2016-09-20,182.71229553222656,183.71394979635636,182.67805663625666,183.55985516954945,69665300
2016-09-21,184.76698303222656,184.94676009783961,182.7294225333122,183.41431802619306,110284400
2016-09-22,185.93125915527344,186.23090496857742,185.52889666963492,185.77716455183224,76678700
2016-09-23,184.91250610351562,185.67444884801776,184.81833281764258,185.5374671479672,73630900
2016-09-26,183.41429138183594,184.26183783747967,183.2173753018055,184.08206079798262,89827300
2016-09-27,184.55291748046875,184.64707769209988,182.88348096470668,183.25161760787776,78494800
2016-09-28,185.4689483642578,185.62305601942785,183.8166509448692,184.7754965742225,87411000
2016-09-29,183.791015625,185.66591215313227,183.24310179121994,185.26353650265202,128070600
2016-09-30,185.1779022216797,185.87991058216204,184.37315105327025,184.62141895723138,117202900
2016-10-03,184.7327423095703,184.9553278063955,184.09921165404296,184.76699427111006,83512100
2016-10-04,183.791015625,185.06663343857537,183.20030643277005,184.84404793411028,119948100
2016-10-05,184.6042938232422,185.0323518152725,184.34745641536537,184.4159472616854,72816000
2016-10-06,184.7327423095703,184.9553278063955,183.84238725897382,184.38173155191478,62927400
2016-10-07,184.09918212890625,185.1778966683796,183.37149135408836,185.00667607802794,89788300
2016-10-10,185.0580291748047,185.52032604567063,184.91249102910072,185.0580291748047,51855000
2016-10-11,182.7208251953125,184.69846405905517,181.99313445883374,184.62997321386428,130367400
2016-10-12,182.9605255126953,183.48275670789812,182.3612339622757,182.8577827268367,73866100
2016-10-13,182.3612823486328,182.85783124494432,180.82028384808063,181.63359151521533,101357000
2016-10-14,182.45545959472656,183.79956814610816,182.37841228068805,183.33725813528716,93346200
2016-10-17,181.82192993164062,182.68660243484823,181.6421398142282,182.42976500852797,58275700
2016-10-18,182.9605255126953,183.47418718882332,182.58383244555998,183.41426587175613,76869700
2016-10-19,183.4485321044922,183.75673438142863,182.86637950544184,183.2259466513188,66519200
2016-10-20,183.10610961914062,183.6625798404998,182.44689658612387,183.097540097914,73639800
2016-10-21,183.19174194335938,183.27735878920382,182.14727912788103,183.10613816081155,89089100
2016-10-24,183.9707794189453,184.33891611727435,183.61976869952085,184.06495270797885,60146600
2016-10-25,183.3543701171875,184.0478220171836,183.1917059799945,183.79098459336805,66542300
2016-10-26,182.98623657226562,183.56838917561575,182.29277164656682,182.53249614221528,75705500
2016-10-27,182.49827575683594,183.73964154554864,182.42122843952794,183.70540264784358,77220200
2016-10-28,181.9589080810547,183.14890892401726,181.24834322181863,182.47258296054287,140623200
2016-10-31,181.96749877929688,182.51541261831122,181.8048346130854,182.2928140484234,61272500
2016-11-01,180.64907836914062,182.3441978855262,179.4419644304559,182.292819939302,122781800
2016-11-02,179.56178283691406,180.72610117322677,179.12515529623803,180.34083850479635,103330800
2016-11-03,178.73992919921875,179.98986452919675,178.465978823447,179.77583549116116,88939300
2016-11-04,178.5430145263672,179.69020696041335,178.39747635756683,178.85121684361937,109122100
2016-11-07,182.4811248779297,182.51537683425684,178.54299901440498,178.54299901440498,109794900
2016-11-08,183.30296325683594,183.86800284714064,181.82188650948365,182.08728033009285,106772100
2016-11-09,185.2464141845703,185.8628188492065,181.78769767041217,181.8133801094974,258429000
2016-11-10,185.70870971679688,186.8987106173026,184.2533149055971,186.03403802709047,172113300
2016-11-11,185.28065490722656,185.52036638324668,184.33893498380345,184.98957855253008,100552700
2016-11-14,185.42617797851562,186.00834370377714,184.68136117179486,185.80287114251522,94580000
2016-11-15,186.8730010986328,186.8730010986328,185.6059530650747,185.81141254639604,91652600
2016-11-16,186.5220184326172,186.75317344713747,186.1367687839471,186.25662452049548,65617700
2016-11-17,187.4808349609375,187.54075628400358,186.56478463203283,186.67608388481742,69797200
2016-11-18,187.0613555908203,187.720568602341,186.88156547375317,187.54934800622104,86265800
2016-11-21,188.47398376464844,188.49966620661488,187.48945532047617,187.63499351271832,72402600
2016-11-22,188.84207153320312,189.02184858031546,188.11436769753672,188.7821371419699,67429000
2016-11-23,188.94485473632812,188.99621962146534,188.13154690729507,188.32844998808685,56620200
2016-11-25,189.64683532714844,189.6810742220705,189.21020777130136,189.2872681456414,37872300
2016-11-28,188.75650024414062,189.61261646285374,188.65377047815005,189.33866606577988,76572500
2016-11-29,189.12457275390625,189.57831315059707,188.49104226452081,188.79068806458108,69886700
2016-11-30,188.6708526611328,189.9036618200159,188.61091826935393,189.7409976860947,113291800
2016-12-01,187.97735595703125,188.97044037531882,187.6177758186776,188.97044037531882,79040500
2016-12-02,188.071533203125,188.55952553277262,187.71196609547022,188.06297674697552,74840300
2016-12-05,189.20167541503906,189.54411666106003,188.70512646400132,188.90202952729857,67837800
2016-12-06,189.80091857910156,189.8351705352663,188.91056366822536,189.3899865481813,59877400
2016-12-07,192.2836456298828,192.3435669528581,189.52695125399703,189.6468069632402,110738100
2016-12-08,192.7545928955078,193.22545950535374,191.99264985895678,192.25805690326916,99714400
2016-12-09,193.91883850097656,193.93596447940914,192.94286674302495,192.97711869989007,88005800
2016-12-12,193.69627380371094,194.30412200195045,193.27677219854309,193.82468599748915,102016100
2016-12-13,194.98898315429688,195.48553202149307,194.33833967139873,194.35546564979694,110477500
2016-12-14,193.3794708251953,195.3913354266373,192.942843339538,194.68932715558245,142501800
2016-12-15,194.17564392089844,195.03175981530796,193.3880188656367,193.61917381484898,124972600
2016-12-16,193.7958984375,194.69151431182837,193.47727268966827,194.63122666208193,156420200
2016-12-19,194.2178955078125,194.63986968501598,193.830375174617,193.97677116092234,90341100
2016-12-20,194.9671173095703,195.1135264473923,194.51932242546528,194.75182675903397,89838800
2016-12-21,194.424560546875,195.010144436063,194.424560546875,194.8379146533777,67909000
2016-12-22,194.08871459960938,194.39873347530573,193.6925742594399,194.27817130921775,56219100
2016-12-23,194.3728790283203,194.38148591773765,193.94229803224883,194.13174158145424,36697800
2016-12-27,194.85516357421875,195.2512908050914,194.62264611418124,194.63987303648184,42672500
2016-12-28,193.24472045898438,195.1306670770991,193.13277835007074,195.11345330052006,64095000
2016-12-29,193.20169067382812,193.66671234975908,192.7624896651442,193.3136327930532,48696100
2016-12-30,192.4955291748047,193.61504233520182,191.80659698838423,193.52892088429107,108998300
2017-01-03,193.96812438964844,194.47620679182577,192.79694359971245,193.79588148560507,91366500
2017-01-04,195.12210083007812,195.26849680321703,194.28677258194588,194.2953794720281,78744400
2017-01-05,194.9671173095703,195.1221333389085,194.17484966043173,194.85517515869023,78379000
2017-01-06,195.6646728515625,196.12969466640834,194.53653931091543,195.07907571181272,71559900
2017-01-09,195.018798828125,195.5441082990617,194.98434498134318,195.4063191925194,46939700
2017-01-10,195.018798828125,195.87134100173415,194.63126532343816,195.03601261122344,63771900
2017-01-11,195.56993103027344,195.56993103027344,194.2695677639523,194.93266630385088,74650000
2017-01-12,195.0790252685547,195.268481958282,193.7270077721798,195.0531914599818,72113200
2017-01-13,195.52682495117188,195.8282237519275,195.2168061210621,195.25124681761267,62717900
2017-01-17,194.8379364013672,195.29435128955922,194.45041606199737,194.88960402791093,61240800
2017-01-18,195.26849365234375,195.31155438264042,194.53650065817047,195.08764384121375,54793300
2017-01-19,194.54510498046875,195.4837683798126,194.114523992848,195.3459793101046,66608800
2017-01-20,195.25991821289062,195.75077382452264,194.59681965232878,195.2254643669878,129168600
2017-01-23,194.75180053710938,195.3201706676685,193.99398683665453,195.25989615458587,75061600
2017-01-24,196.00050354003906,196.41385767787654,194.85515634493692,194.96709848500868,95555300
2017-01-25,197.69699096679688,197.69699096679688,196.7841480966616,196.94777099923576,84437700
2017-01-26,197.4902801513672,197.81752591147847,197.2147020080547,197.55055465753608,59970700
2017-01-27,197.18026733398438,197.71418357760163,196.99941752937463,197.56778761210302,59711100
2017-01-30,195.95742797851562,196.5171780573932,194.97570376275382,196.4913442470013,79737300
2017-01-31,195.94021606445312,196.00050372017813,194.898217258071,195.46657427051073,75880800
2017-02-01,196.01768493652344,196.8530131051667,195.43210109969132,195.94018351228783,79117700
2017-02-02,196.1469268798828,196.4311119956221,195.3288253807931,196.0177446598415,69657600
2017-02-03,197.49891662597656,197.67976645215273,196.74110289892536,197.05112178644802,80563200
2017-02-06,197.14581298828125,197.49028567706006,196.80996032940286,197.0941453700368,57790100
2017-02-07,197.15443420410156,197.77447190734355,196.96497750920597,197.53334759389273,57931200
2017-02-08,197.412841796875,197.5420108801398,196.6119540597534,197.15449049005213,51566200
2017-02-09,198.58396911621094,198.88536794214565,197.41278823132038,197.41278823132038,65955200
2017-02-10,199.3675994873047,199.5915100054071,198.60116587290565,198.92841162072386,66015900
2017-02-13,200.4527130126953,200.71106428018317,199.83267522684102,199.85850903956066,55182100
2017-02-14,201.2535858154297,201.26220584645884,199.92740192577156,200.27186151936579,71109000
2017-02-15,202.3041534423828,202.49361011298362,200.98657677702403,201.0382443889537,86785800
2017-02-16,202.13197326660156,202.51088670074023,201.38276642928537,202.33003687434092,84722400
2017-02-17,202.45057678222656,202.45057678222656,201.45162568212956,201.4688526018663,77204100
2017-02-21,203.65621948242188,203.8284492656725,202.81227120600053,202.82089123635168,88946100
2017-02-22,203.4754180908203,203.69931554829904,203.08789770121382,203.25152063334158,62115200
2017-02-23,203.6131591796875,204.00928636796786,202.85533236344304,203.99207258780973,74615900
2017-02-24,203.87152099609375,203.91456858901134,202.72617382226116,202.76923455546964,82381600
2017-02-27,204.19012451171875,204.36235428548795,203.53564611528,203.78537731620193,56515400
2017-02-28,203.6389923095703,204.05234641691743,203.25147201266427,203.81122209260744,96961900
2017-03-01,206.48941040039062,206.95444520988164,205.27516890262774,205.2923958208318,149158200
2017-03-02,205.18911743164062,206.3086308998303,205.1374498030044,206.30001086819615,70246000
2017-03-03,205.3182373046875,205.48186018302286,204.72403343717016,205.1029468100965,81974300
2017-03-06,204.70689392089844,205.0599604734913,204.10406980512377,204.5260440581073,55391500
2017-03-07,204.09539794921875,204.75849638133062,203.8887143347153,204.40541680082913,65103700
2017-03-08,203.7165069580078,204.64656361509844,203.5787178665223,204.38821235363588,78168800
2017-03-09,203.97488403320312,204.30212988182257,203.01038655132612,203.83709492427994,90683900
2017-03-10,204.68960571289062,204.9737907605969,203.74232222053638,204.93073003089174,81991700
2017-03-13,204.79299926757812,204.836060009545,204.30214360197766,204.62937633228012,57256800
2017-03-14,204.0093536376953,204.3021588207054,203.39793573321842,204.25047804231923,59880800
2017-03-15,205.77467346191406,206.19664760561835,204.34514127577168,204.57765871334672,96081800
2017-03-16,205.3699493408203,205.98998715057468,205.04271665366073,205.91248570942832,78344000
2017-03-17,205.00927734375,205.82229351135118,205.00927734375,205.6320125701059,89002100
2017-03-20,204.7843780517578,205.2946708714881,204.3951718875136,205.0092494983875,52537000
2017-03-21,202.1550750732422,205.51092452648842,202.02534406755785,205.38983785536394,131809300
2017-03-22,202.63079833984375,202.9162197792694,201.56696439104547,202.18969967752707,97569200
2017-03-23,202.41452026367188,203.54754820347628,202.04261597089257,202.63074737271714,100410300
2017-03-24,202.2674560546875,203.2880415163762,201.48904386178776,202.7172120670613,112504900
2017-03-27,202.05995178222656,202.31942701311294,200.3214901709673,200.5982540724432,87454500
2017-03-28,203.5302734375,203.9540701538015,201.6447660551732,201.75720838274196,93483900
2017-03-29,203.7205352783203,203.95406426057835,203.0199615290021,203.24484617764165,61950400
2017-03-30,204.36917114257812,204.5681095486267,203.48697420143966,203.65995321749898,56737900
2017-03-31,203.89353942871094,204.55950948750663,203.84163383160336,204.03191476196116,73733100
2017-04-03,203.5388946533203,204.14432789174012,202.31072631325307,203.94540265571393,85546500
2017-04-04,203.66864013671875,203.75513626156143,202.872925938498,203.25348777187656,56466200
2017-04-05,203.06320190429688,205.32061345411282,202.85561912820899,204.34326269653357,108800600
2017-04-06,203.6340789794922,204.15301621103774,202.76051286391876,203.20162468780876,69135800
2017-04-07,203.42652893066406,204.1184585482858,202.94218215756678,203.383280855039,74412300
2017-04-10,203.5475616455078,204.3432758756478,203.01996693669741,203.56486351066155,67615300
2017-04-11,203.3053741455078,203.40915893428013,201.81773058497976,203.16698562884116,88045300
2017-04-12,202.41452026367188,203.21889197199712,202.1896488213487,203.02861106024082,81864400
2017-04-13,201.09988403320312,202.8124124799033,201.09988403320312,202.07723492675308,92880400
2017-04-17,202.88162231445312,202.88162231445312,201.41992462795403,201.61884991623276,68405400
2017-04-18,202.27613830566406,202.81239052775499,201.59286642580503,202.14640731501228,83225800
2017-04-19,201.90423583984375,203.21024288163855,201.6793511907246,202.83833857341216,68699900
2017-04-20,203.5475616455078,203.98867342346213,202.19830650755497,202.51831842688946,92572200
2017-04-21,202.8988800048828,203.52161517502364,202.50102948907167,203.46972277708795,110389800
2017-04-24,205.1303253173828,205.33790808615962,202.8729138470728,205.13896965036957,119209900
2017-04-25,206.3239288330078,206.669886959925,205.68389178100873,205.77038791146632,76698300
2017-04-26,206.19418334960938,207.17153418835883,206.15094848210717,206.28932381353593,84702500
2017-04-27,206.36715698242188,206.66986701489674,205.83090478075857,206.51418983204485,57410300
2017-04-28,205.9174041748047,206.65256843460105,205.7876599895779,206.6266222370468,63532800
2017-05-01,206.43637084960938,206.86018079937156,206.02121843190722,206.43637084960938,66882500
2017-05-02,206.51419067382812,206.6958140545623,206.10768265367307,206.57472740158775,57375700
2017-05-03,206.26339721679688,206.60936857189026,205.588769571187,206.5142280989218,73137700
2017-05-04,206.50558471679688,206.64397326831687,205.6579779342895,206.5661346571339,61462700
2017-05-05,207.318603515625,207.33590538414293,206.4363929856339,206.87750484935884,62001300
2017-05-08,207.28396606445312,207.50883751445906,206.8601561651609,207.3618046589795,48385700
2017-05-09,207.0936737060547,207.74235501951878,206.74770242040077,207.54342977867722,51363200
2017-05-10,207.46559143066406,207.46559143066406,206.8428562736012,207.05043905844082,54293800
2017-05-11,207.04180908203125,207.20614381507636,205.96067341458388,207.01586288180906,62358300
2017-05-12,206.6958465576172,207.0850527749916,206.42772701225834,206.79098702830493,53912700
2017-05-15,207.83749389648438,207.95858054618077,207.10231646782097,207.11961833133617,61918900
2017-05-16,207.6472625732422,208.15755549042336,207.25805633467112,208.1316092876825,51241800
2017-05-17,203.96273803710938,207.64724366280345,203.90218810458956,207.64724366280345,172174100
2017-05-18,204.7843780517578,205.63198464016048,203.625390695013,203.8848658703277,107047700
2017-05-19,206.11634826660156,206.78233152544618,205.21684920841886,205.26874160827177,115011400
2017-05-22,207.16287231445312,207.32720702890853,206.55743904866105,206.62662010978983,61010600
2017-05-23,207.6212921142578,207.78562684405628,207.15423412457204,207.53479598358814,48341700
2017-05-24,208.1056365966797,208.2094213944331,207.51749194867847,207.85481893629006,46927700
2017-05-25,209.10031127929688,209.3770883831444,208.40839491459548,208.61596454502242,64071700
2017-05-26,209.05703735351562,209.2213588810894,208.83215269928246,208.90999129615258,46629900
2017-05-30,208.8753662109375,209.1261838251806,208.58130053976862,208.7369777077566,35201900
2017-05-31,208.82350158691406,209.20406342253426,208.13157217646426,209.16945969341108,91796000
2017-06-01,210.4840850830078,210.50138694434958,208.9964417464966,209.2818630700956,68962000
2017-06-02,211.1846923828125,211.34038276481593,210.2419453498353,210.5360110522851,88666100
2017-06-05,211.02902221679688,211.2971417307393,210.8300837666508,211.01172035211985,44698800
2017-06-06,210.3544464111328,211.02041659427644,210.2765945996635,210.46687556555,50375400
2017-06-07,210.74362182617188,210.96849329954466,210.02574614132465,210.69172942442873,54144300
2017-06-08,210.84739685058594,211.32309917359729,210.3198021282382,210.83875251651543,65950700
2017-06-09,210.52740478515625,211.91125062202613,209.26463242652287,211.11553629639795,132256400
2017-06-12,210.4840850830078,210.53597746957973,209.63647864160833,210.28515986866427,86108100
2017-06-13,211.51339721679688,211.565289620332,210.6744348330919,211.02039298829786,60067000
2017-06-14,211.24525451660156,211.79013789146447,210.42358089248344,211.78149355764182,78602300
2017-06-15,210.83876037597656,210.9598470447608,209.61923615628442,209.89600002888105,66464900
2017-06-16,210.88482666015625,211.04996279608503,210.00701378083883,210.99781733459514,84553100
2017-06-19,212.64047241210938,212.70130436516789,211.61489634368257,211.71050078004595,65123800
2017-06-20,211.2063751220703,212.29278298541092,211.18900214476346,212.2840964967575,56906400
2017-06-21,211.15420532226562,211.71044555369375,210.68488301460977,211.59746816696568,55977600
2017-06-22,211.05860900878906,211.6583082251127,210.8847864163885,211.16291317368038,44148100
2017-06-23,211.31069946289062,211.64095846683273,210.7370728734632,211.11949059974816,66986800
2017-06-26,211.4497528076172,212.39711064820162,211.2411709623493,211.97992043403343,56700500
2017-06-27,209.74623107910156,211.5279424723989,209.72884484149196,211.23242948028994,82247700
2017-06-28,211.62356567382812,211.82346100773714,210.52845805803364,210.76312587024884,70042600
2017-06-29,209.7636260986328,211.82345107085214,208.55554113955273,211.77130561765378,106949700
2017-06-30,210.15475463867188,210.94566280210128,209.96354578022047,210.57193157446784,86820700
2017-07-03,210.5111083984375,211.52798468158704,210.5111083984375,211.09342148732742,39153800
2017-07-05,210.99778747558594,211.2063692920283,210.06781600456577,210.8761103287231,54427600
2017-07-06,209.0683135986328,210.35461668308216,208.88579125834767,210.23293954349657,65400800
2017-07-07,210.4241943359375,210.57194423329292,209.07704575652258,209.6419858765696,57972300
2017-07-10,210.65020751953125,211.0239388496346,210.1200397687935,210.42423938023066,36663300
2017-07-11,210.49371337890625,210.80659939619719,209.3290872496961,210.65014975664388,50354600
2017-07-12,212.07557678222656,212.2407129580324,211.4585043231641,211.4585043231641,59610400
2017-07-13,212.43186950683594,212.54486018070784,211.85824290969333,212.08422425743714,39471600
2017-07-14,213.42263793945312,213.77898288163507,212.33623013656714,212.43183455369368,60262700
2017-07-17,213.39657592773438,213.7268481601751,213.22275332290783,213.34443047246788,33531900
2017-07-18,213.5095672607422,213.56171271617282,212.64912746069257,212.98808618280643,42742500
2017-07-19,214.66554260253906,214.6742290926207,213.81378914912898,213.82248890102755,51034300
2017-07-20,214.7611541748047,215.03926774664197,214.213600259683,214.9175905723724,47135200
2017-07-21,214.56988525390625,214.59595797953887,213.96148629097556,214.18746759554307,82340800
2017-07-24,214.5177764892578,214.65682662914074,214.04844082397815,214.49169049735036,46622300
2017-07-25,215.03924560546875,215.36951787097334,214.81327752275382,215.26521368818368,54915600
2017-07-26,215.0478973388672,215.36078331303545,214.78717007857182,215.32602409893403,47575400
2017-07-27,214.84803771972656,215.54334147361757,213.52696191351524,215.50858225374023,70766600
2017-07-28,214.59596252441406,214.72632615533806,213.91804511998137,214.36998121506053,50088400
2017-07-31,214.47433471679688,215.09140706086657,214.26573959752176,214.99580262225925,65838700
2017-08-01,214.95228576660156,215.1087221079191,214.43080477191793,215.0739628971194,55050400
2017-08-02,215.05662536621094,215.1956887645296,214.1266538094975,215.08269809566875,47211200
2017-08-03,214.63941955566406,214.9696785049686,214.3612927964457,214.9436057790186,40856000
2017-08-04,215.0305633544922,215.36082236469053,214.64814562096288,215.1261677878745,60191800
2017-08-07,215.43031311035156,215.43031311035156,214.99574999792543,215.10005416294103,31995000
2017-08-08,214.900146484375,216.33421271848638,214.52642857179112,215.11742804149972,61719400
2017-08-09,214.89149475097656,214.94364021122985,213.85723224990033,214.21357724405223,62632600
2017-08-10,211.85824584960938,214.18751149071593,211.80610038765755,214.05713457402004,120479500
2017-08-11,212.17111206054688,212.76212485168887,211.84953956734344,212.0842073860186,74869900
2017-08-14,214.27444458007812,214.49172620822696,213.41401782017223,213.44877704547608,73291900
2017-08-15,214.24832153320312,214.6741981986198,213.94413528231837,214.65681195914163,55242700
2017-08-16,214.62205505371094,215.16960887774223,214.19617838370715,214.76980493632897,56715500
2017-08-17,211.27593994140625,214.32658218751973,211.27593994140625,214.01369614334953,128490400
2017-08-18,210.94566345214844,212.23196674420893,210.5024005235471,211.11078631966924,136748000
2017-08-21,211.1107940673828,211.37153463580879,210.18083572957025,210.88482598104898,65469700
2017-08-22,213.31832885742188,213.47476520203688,211.67568092989995,211.69306716657258,63140100
2017-08-23,212.55352783203125,212.97940449734378,212.20588261344366,212.35363249443412,50203800
2017-08-24,212.0581817626953,213.09243116875874,211.84958662622424,212.93599476276896,50741700
2017-08-25,212.55352783203125,213.46611310809237,212.40577795104076,212.84902759401217,64445900
2017-08-28,212.5622100830078,213.10975059411498,212.14501994087084,213.08367786795816,40565600
2017-08-29,212.80563354492188,213.06636089124456,211.1368989575475,211.24988964883278,51135700
2017-08-30,213.81375122070312,214.08319150724105,212.60566622281107,212.78818857668327,62030800
2017-08-31,215.10006713867188,215.34342143536554,213.84852317749608,214.430836191857,103803900
2017-09-01,215.40428161621094,215.8301583221608,215.25653172112212,215.4738133189262,62007000
2017-09-05,213.8572235107422,215.12615379291992,212.89249275003215,214.90017245863578,91398800
2017-09-06,214.58734130859375,214.91761364355867,214.00502810766318,214.53519583714007,57916900
2017-09-07,214.56121826171875,214.9088767595875,214.15272781535776,214.89149051924016,58034700
2017-09-08,214.30917358398438,214.76980948125174,214.06581927077957,214.27440110391774,63832800
2017-09-11,216.59500122070312,216.67321941576003,215.56073865778382,215.57811163769642,71364800
2017-09-12,217.32505798339844,217.35981720404104,216.7775041101089,216.96002648847752,56896000
2017-09-13,217.42938232421875,217.46415481202195,216.92528734561955,217.03827803825234,59228000
2017-09-14,217.35983276367188,217.55974139758038,216.93396928668705,217.1077919259758,95446300
2017-09-15,217.6524200439453,217.739756008967,217.11089174686597,217.21570023594433,95432400
2017-09-18,218.11534118652344,218.46471170061017,217.73102562444956,218.01926229600497,46235200
2017-09-19,218.33370971679688,218.4210590125854,218.0105413121157,218.35991184000716,47108100
2017-09-20,218.4122772216797,218.52582862047296,217.41655673397517,218.42102014628162,59574100
2017-09-21,217.8270721435547,218.3423982399205,217.6523869124714,218.25506228819327,48211400
2017-09-22,217.87081909179688,218.03677478107468,217.50397598648274,217.53017811345995,51214000
2017-09-25,217.42532348632812,217.96686512666057,216.68290778788798,217.61748127360232,57064400
2017-09-26,217.55633544921875,218.09786373210036,217.32050302734459,217.85330171224217,54082000
2017-09-27,218.4036407470703,218.78795641980733,217.3729747767634,218.25515756944642,81001400
2017-09-28,218.66561889648438,218.74422526534195,218.0367412903613,218.12407725765934,44778800
2017-09-29,219.43426513671875,219.51288484339028,218.47348940621455,218.65690429063795,85578000
2017-10-02,220.38629150390625,220.38629150390625,219.48663643311738,219.66133501937134,59023000
2017-10-03,220.8579559326172,220.88415805655924,220.30768467457054,220.3863043740284,66810200
2017-10-04,221.11996459960938,221.36452661284386,220.59589552688965,220.70944693575927,55953600
2017-10-05,222.43016052246094,222.44761972082654,221.15493267725822,221.45189898106148,63522800
2017-10-06,222.17681884765625,222.46505550467177,221.7226398677804,221.98466107631256,80646000
2017-10-09,221.8099365234375,222.4650160839483,221.5479020337076,222.40388225533374,35803100
2017-10-10,222.39517211914062,222.77075805290576,221.83617134486326,222.37771292417833,43057400
2017-10-11,222.7445831298828,222.7445831298828,222.13317804080668,222.29912037898842,47674300
2017-10-12,222.4126434326172,222.77948643927715,222.1768110256109,222.43011595511425,47065100
2017-10-13,222.6834716796875,222.96297880960688,222.41270747734904,222.84942737212296,54800400
2017-10-16,222.9804229736328,223.17258078058654,222.56991856164902,222.91055952349745,38221700
2017-10-17,223.1376190185547,223.1812936647346,222.70962881020068,222.92798871346952,31561000
2017-10-18,223.35598754882812,223.55687493585796,223.1638297603191,223.51320028799114,40888300
2017-10-19,223.4171142578125,223.45205930604234,222.15937240178653,222.5786196871285,61903800
2017-10-20,224.5700225830078,224.59625135770185,223.39963015043398,224.21193583581314,89176400
2017-10-23,223.6966094970703,224.9194462959128,223.61800312947534,224.89324417338113,63915300
2017-10-24,224.08966064453125,224.32547973958586,223.73154721149646,224.1246056918486,66935900
2017-10-25,222.9804229736328,223.87133523063355,221.85369158525188,223.75778380080655,103715300
2017-10-26,223.2686004638672,223.86253292591013,223.14631946711546,223.59178214127675,69798000
2017-10-27,225.09410095214844,225.2513403305325,223.2773584004407,224.01104443027998,85562500
2017-10-30,224.25563049316406,224.99805952789407,223.9586642103246,224.0110684569867,54285700
2017-10-31,224.60496520996094,224.85827013194742,224.307998974472,224.63116732911413,60304800
2017-11-01,224.9019775390625,225.72301298114465,224.53514779573626,225.38238536234172,54202700
2017-11-02,224.9892578125,225.1290113188359,223.76644795113071,224.83204511359307,56449500
2017-11-03,225.74046325683594,225.7841245724056,224.73598644613577,225.14650410247782,59589700
2017-11-06,226.08985900878906,226.220869625396,225.53958776377712,225.60945120754656,49652600
2017-11-07,225.93267822265625,226.5266108721165,225.42606822644223,226.19469949292795,57502200
2017-11-08,226.31687927246094,226.41297147107142,225.47838487809508,225.75789189463578,50469600
2017-11-09,225.4959259033203,225.68808369230456,223.91497561583995,225.11161032535176,95085500
2017-11-10,225.42601013183594,225.6007087038398,224.79713258998552,225.11158468854057,59984700
2017-11-13,225.63560485839844,225.86270764857133,224.70976115958797,224.74470620159695,50228600
2017-11-14,225.11158752441406,225.21639600683287,224.05470646441782,224.8320804677906,61315200
2017-11-15,223.98484802246094,224.6661298286348,223.27736409509808,224.14206074959475,80811500
2017-11-16,225.8889617919922,226.25581817943672,224.8845115087638,224.92817282988813,67777000
2017-11-17,225.22509765625,225.86271808991955,225.14649129953867,225.53954973835357,75756800
2017-11-20,225.6094512939453,225.80160908346332,225.22513571490924,225.46972440635292,48075500
2017-11-21,227.08555603027344,227.26899754044936,225.5745225619716,226.37807207748506,69176800
2017-11-22,226.88465881347656,227.22528636639564,226.71870317183996,227.09427576911906,45033400
2017-11-24,227.4087371826172,227.51357233228404,227.23406524369858,227.37381878799133,27856500
2017-11-27,227.29522705078125,227.74940610752606,227.09432632006434,227.4524398025085,52274900
2017-11-28,229.60108947753906,229.62729160230606,227.66205227898897,227.7581445066441,98971700
2017-11-29,229.46133422851562,230.26491047419557,229.015898110774,229.73209840085838,77512100
2017-11-30,231.47019958496094,232.37855743063676,230.29979390840188,230.37840026108975,127894400
2017-12-01,230.9898223876953,231.7322513570046,227.75811195549682,231.25187025317766,164390900
2017-12-04,230.71031188964844,233.03363739793878,230.65788099918234,232.6056605919785,94040600
2017-12-05,229.8805694580078,231.59250360309943,229.74955884962907,229.8805694580078,77994500
2017-12-06,229.9242706298828,230.35227423179,229.46134862986273,229.97667488231787,75898600
2017-12-07,230.64915466308594,230.96358006061715,229.66216385096445,230.64915466308594,77218600
2017-12-08,231.90699768066406,231.9157139526257,230.61429724847798,231.60128843562327,76563900
2017-12-11,232.60569763183594,232.66684480106926,231.88075449249916,232.60569763183594,83077500
2017-12-12,233.0162353515625,233.48790023937693,232.64066268870263,233.39180801442237,85195800
2017-12-13,232.98997497558594,233.69745880279135,232.90262569890172,233.26073907462717,102905400
2017-12-14,232.03793334960938,233.40049679362306,231.98552911370558,233.28694539741238,100666700
2017-12-15,233.97018432617188,234.43547233615615,232.98693621386562,233.03960830620332,144610300
2017-12-18,235.45391845703125,235.8050747806687,235.26077846030412,235.36612267824435,83653600
2017-12-19,234.54966735839844,235.74360416189214,234.4794200220112,235.6997196702818,82382900
2017-12-20,234.4266815185547,235.5679458922709,234.12819740222125,235.5152738006533,76751500
2017-12-21,234.9095458984375,235.62067280286735,234.66373384448187,235.05001375662707,67032300
2017-12-22,234.84820556640625,234.96233742065027,234.312669971457,234.9272137443794,78720900
2017-12-26,234.5671844482422,234.78666045998,234.30382395075893,234.44426502174645,45244400
2017-12-27,234.6813507080078,235.0412946350718,234.40920255682684,234.7340228152358,57751000
2017-12-28,235.1641387939453,235.20805006858635,234.79543411938158,235.18171402040323,45116100
2017-12-29,234.27749633789062,235.76115654365725,234.08438313836797,235.74360810502137,96007400
2018-01-02,235.9542999267578,235.98942359604385,234.751575470931,235.1378554585482,86655700
2018-01-03,237.4467315673828,237.59598705803205,236.12108775526218,236.12108775526218,90070400
2018-01-04,238.44757080078125,238.93043423408284,237.5082335741826,238.0876536192369,80636400
2018-01-05,240.03656005859375,240.15945270574503,238.7460399102112,239.23766408183238,83524000
2018-01-08,240.4755096435547,240.63352595605033,239.65027762295614,239.93997419586478,57319200
2018-01-09,241.01980590820312,241.64311033514758,240.6159507209364,240.89688647081562,57254000
2018-01-10,240.65110778808594,240.91449513696924,239.5976387670871,240.26482777626626,69574300
2018-01-11,242.40692138671875,242.40692138671875,241.03739287651788,241.2041968302037,62361500
2018-01-12,243.98712158203125,244.1538987144319,242.3717544461334,242.67026541950014,90816100
2018-01-16,243.15310668945312,245.89216327412473,242.45955492874856,245.24252279459583,106555100
2018-01-17,245.47071838378906,245.8569982773587,243.15306581387438,244.08364188706403,113258800
2018-01-18,245.05816650390625,245.7780275136728,244.56651555336,245.35665068678648,100728000
2018-01-19,246.17308044433594,246.17308044433594,245.05815193414344,245.6375450366647,140920100
2018-01-22,248.17471313476562,248.17471313476562,245.90970554473782,245.9624044391286,91322400
2018-01-23,248.70147705078125,248.99117363539048,247.89379343511357,248.21861368775413,97084700
2018-01-24,248.60488891601562,249.93932036064535,247.4285005787556,249.3423251815439,134816100
2018-01-25,248.71031188964844,249.56188025014802,247.9202032686167,249.4653236237129,84587300
2018-01-26,251.5897979736328,251.63370926274965,249.28969303570867,249.544292779746,107743100
2018-01-29,249.9217071533203,251.45803917092164,249.7636908614709,251.01908716589267,90118300
2018-01-30,247.35826110839844,249.9743981091749,246.88418540558078,248.09569731750025,131796400
2018-01-31,247.4811553955078,248.7102157521953,246.41011134364305,248.2098307869233,108364800
2018-02-01,247.20018005371094,248.49948753204228,246.41007186467925,246.75246726177753,90102500
2018-02-02,241.81875610351562,246.01513768914108,241.78363242902748,245.88343060768892,173174800
2018-02-05,231.7052459716797,242.1698756837403,231.1609496616137,240.06291099027115,294681800
2018-02-06,236.27037048339844,236.77078232610643,227.11383576435438,228.2024284398502,355026800
2018-02-07,234.98866271972656,239.10600936031682,234.9096277538574,235.7173115220127,167376100
2018-02-08,226.17445373535156,235.42757111233564,226.13933006721916,235.28710323131492,246449500
2018-02-09,229.5718994140625,231.42426402168795,222.03948137455444,228.95735588832179,283565300
2018-02-12,232.9430389404297,234.40915037593444,229.71235872257293,231.61739535676696,143736000
2018-02-13,233.52252197265625,234.0668183011388,231.16095748307058,231.74037748189377,81223600
2018-02-14,236.67416381835938,237.03410771542661,232.03004361372035,232.0388312280291,120735700
2018-02-15,239.69422912597656,239.7030167429635,235.95434793560958,238.4124962470985,111200300
2018-02-16,239.76437377929688,241.70456111309323,239.02693755677285,239.07084883629025,160420100
2018-02-20,238.2632293701172,240.2560893421596,237.47312083285777,238.81631338365295,86369700
2018-02-21,237.07798767089844,241.17781154014494,236.98143108137657,238.70211558804763,98883700
2018-02-22,237.38531494140625,239.71175595438413,236.71812589843753,237.99985866174583,110511300
2018-02-23,241.16900634765625,241.16900634765625,238.13146593359008,238.60554160702387,92766400
2018-02-26,243.96957397460938,244.0661573690469,241.65192079774243,242.24010161368724,86491400
2018-02-27,240.9232177734375,244.86502543404572,240.8617580559553,244.15389845883672,99099200
2018-02-28,238.48268127441406,242.46837402290828,238.16664860815584,242.02063428753124,121907800
2018-03-01,235.01495361328125,239.8170904251165,233.52250582934735,238.2719705350681,176855100
2018-03-02,236.22645568847656,236.78832724910447,232.48660193015064,233.34693091903503,139083200
2018-03-05,238.9567108154297,239.571254380669,234.93589517396205,235.04126616716488,97307400
2018-03-06,239.5625457763672,240.0102855727528,238.0700976494251,239.9312506039078,79213200
2018-03-07,239.4746856689453,239.82584195994448,237.20970481921924,237.40284479799493,87063500
2018-03-08,240.63357543945312,240.75646811060744,239.15870263652198,240.15071199663336,66901200
2018-03-09,244.8211212158203,244.8211212158203,241.72212069884188,242.0381801182192,113625300
2018-03-12,244.5137939453125,245.7340932729573,244.12751407120209,245.11078898171166,71924800
2018-03-13,242.93365478515625,246.17312347300873,242.32789873513437,245.67271164185843,91968900
2018-03-14,241.68699645996094,244.07489676707442,241.13393936249835,243.89054440125355,105895100
2018-03-15,241.42361450195312,242.8370271669328,240.9232027619332,242.19617435500027,83433000
2018-03-16,241.68540954589844,242.73430164877234,241.63252649019114,241.9498248244349,100343700
2018-03-19,238.41531372070312,241.8616695320334,236.76706244111185,240.9361891885773,109208400
2018-03-20,238.82081604003906,239.45543966554663,238.1421052648597,238.8119932303427,59757300
2018-03-21,238.3625030517578,240.8657336626059,238.1509707716006,238.7767716996089,78709600
2018-03-22,232.40408325195312,236.98745229628895,232.13081823448522,236.14129640944108,148785900
2018-03-23,227.45046997070312,233.17090531261704,227.25655645235332,232.84478414512185,183534800
2018-03-26,233.67335510253906,233.95541609321967,228.64927483777169,231.04673946092365,141956100
2018-03-27,229.69813537597656,235.13648355929,228.14682704159767,234.60765289876343,129941400
2018-03-28,229.01939392089844,231.496209377788,227.91761869403678,229.8303123233447,146452300
2018-03-29,231.94578552246094,233.80559665521437,229.02828599134764,230.15650308888857,111601600
2018-04-02,226.93923950195312,231.92808061185903,224.47126047466296,231.41684187863495,186286300
2018-04-03,229.84791564941406,230.32389004720667,226.38394102387377,228.17322279650818,119956900
2018-04-04,232.3070831298828,233.01220846166905,226.17240666715955,226.30461430451857,123715300
2018-04-05,234.14047241210938,235.02189260297175,232.97699130445676,234.06112092397936,82652600
2018-04-06,228.92245483398438,233.67329571244264,227.40641101791257,232.18372032516052,179521200
2018-04-09,230.05068969726562,233.43534029483922,229.11638636610888,230.37681089226027,105442900
2018-04-10,233.7085418701172,234.49301869650768,231.79587525314687,232.93288785263687,103529000
2018-04-11,232.4833984375,234.1404727021837,232.15727727028641,232.22777905016653,91140200
2018-04-12,234.39608764648438,235.33921379794384,233.6292563098291,233.80555112463333,68890500
2018-04-13,233.7085418701172,235.81514889026525,232.70373691024142,235.70055996966371,85079200
2018-04-16,235.6300506591797,236.39690882957498,234.51947949635002,235.33919382812687,63405300
2018-04-17,238.1509552001953,238.75031455399508,236.8817078046116,237.39291974783774,64682000
2018-04-18,238.32717895507812,239.12924752533578,237.86882331629653,238.59159420914054,57303900
2018-04-19,237.005126953125,237.87772447775666,235.97385332498524,237.67498811699375,77655900
2018-04-20,234.9954071044922,237.154897174765,234.11398697765554,236.93454214305586,99953100
2018-04-23,234.96022033691406,236.12370161096285,233.88488647431987,235.5684025074935,65558000
2018-04-24,231.79591369628906,236.20301507306138,230.29748846866164,235.98266000422277,112885500
2018-04-25,232.36883544921875,232.8095455943946,229.91848811799363,231.73421176421306,103840900
2018-04-26,234.73098754882812,235.55952460486205,232.95052860863134,233.3912386640193,67731900
2018-04-27,234.95140075683594,235.6389075375341,234.01709735995928,235.33922785351837,57053600
2018-04-30,233.1444091796875,236.12361303713712,233.0738805174549,235.56831414196944,82182300
2018-05-01,233.55874633789062,233.6645124635416,231.02904763828548,232.58035587799654,74203400
2018-05-02,231.98983764648438,234.17574281224557,231.60201055601448,233.36485118585458,86368900
2018-05-03,231.47857666015625,232.1308190231915,228.3318999811481,231.1612782885642,136311500
2018-05-04,234.4753875732422,235.15409832989712,230.18287558263515,230.50899674677927,91222100
2018-05-07,235.2687530517578,236.23829400587198,234.55477775642288,235.24231151480592,55304900
2018-05-08,235.2687530517578,235.63011175716147,233.70862167514528,234.8985446356144,67499200
2018-05-09,237.542724609375,237.86884575308144,235.41849887202426,235.93853351993553,59666100
2018-05-10,239.763916015625,240.09006408856357,238.1773703959911,238.28313651745867,72063900
2018-05-11,240.4954833984375,240.75989867301982,239.37606263882225,239.88730136809096,59871500
2018-05-14,240.610107421875,241.579648169337,240.06360427665848,240.92740579766743,54790600
2018-05-15,238.95301818847656,239.40252419286875,238.00989213222624,239.3849054726918,87036100
2018-05-16,239.9578857421875,240.41624157431917,238.96187636706009,238.9883448024367,53942600
2018-05-17,239.75515747070312,240.83049137123183,238.97950326064117,239.69345159062675,56536400
2018-05-18,239.15570068359375,239.77270550482476,238.8031380280931,239.41132004082448,64368000
2018-05-21,240.95388793945312,241.49156836524816,240.24876238630932,240.6365895101831,58025900
2018-05-22,240.28395080566406,241.72949286311118,239.9578296314086,241.47387347025818,52966400
2018-05-23,240.94505310058594,240.97152153385284,238.85609118238685,239.0147672879168,64694200
2018-05-24,240.45140075683594,240.82160904699194,238.67094177741902,240.54837095853705,76043800
2018-05-25,239.87855529785156,240.50435624709846,239.3761392166122,239.87855529785156,56374800
2018-05-29,237.11962890625,239.01470366657188,236.0090578560398,238.2566683826817,115908600
2018-05-30,240.28395080566406,240.72466091115743,238.35366529050847,238.42416707191094,69678400
2018-05-31,238.8119354248047,240.178125656547,238.2125762843502,239.87844608631977,93519900
2018-06-01,241.15658569335938,241.45626535039463,240.0371647610212,240.10769344433027,71258400
2018-06-04,242.3024139404297,242.5580333367851,241.73831898505043,241.97629276170582,45385200
2018-06-05,242.47874450683594,242.85774880293667,241.66782594654146,242.4346573498942,51135000
2018-06-06,244.50596618652344,244.61173231021175,242.46988760909116,243.08689252902062,62732200
2018-06-07,244.4794921875,245.28158771736173,243.57163054799622,244.99073091584611,72969400
2018-06-08,245.20225524902344,245.25513830214365,243.85368359684531,244.02115556466143,72139700
2018-06-11,245.5283966064453,246.2423447812001,245.3080415673529,245.4226304914903,58892500
2018-06-12,245.84567260742188,246.20703112820215,245.2022263385827,245.9426158937768,72329000
2018-06-13,245.06118774414062,246.33925743179566,244.85845147197125,246.0836381145042,79070600
2018-06-14,245.67828369140625,246.2071143389862,245.08772026985903,245.9250802932143,77097600
2018-06-15,245.36483764648438,245.7012856482646,243.78886570624715,244.8955883333687,120041600
2018-06-18,244.8601837158203,244.98414962861307,243.43473783628795,243.91282259238102,52917600
2018-06-19,243.92164611816406,244.14299062462337,242.17745032648094,242.5935790794082,97531500
2018-06-20,244.33778381347656,245.0018173571571,244.00133582821002,244.60338642311115,53785500
2018-06-21,242.8060760498047,244.34665228256307,242.31026648649697,244.32892742841975,71061400
2018-06-22,243.24876403808594,244.17842722996417,243.02741951900938,244.06332375690923,54898500
2018-06-25,239.93748474121094,242.25717122996454,238.25527161742454,242.09780964362213,137854200
2018-06-26,240.46873474121094,241.3186902838372,239.7515805303076,240.50415743620357,68547400
2018-06-27,238.47662353515625,242.47852327145034,238.32609735255744,241.05307733908927,105110700
2018-06-28,239.840087890625,240.60150009170255,237.7151588224368,238.42347751836468,76650500
2018-06-29,240.185302734375,242.2925063463622,240.07019929042124,240.92901688809027,97592500
2018-07-02,240.6989288330078,240.8583174600272,238.37924203747139,238.61831146819992,63554800
2018-07-03,239.8489227294922,241.69052431494146,239.42395853253888,241.59311867340935,42187100
2018-07-05,241.8055877685547,241.86757071714234,239.9020303531457,240.97335725440993,56925900
2018-07-06,243.85092163085938,244.22276541387367,241.4515268031284,241.83226003568575,66493700
2018-07-09,246.04660034179688,246.09972087308518,244.80707624573822,244.8513343486122,50550400
2018-07-10,246.93197631835938,247.0293819712378,246.2059597045332,246.4981496435699,51966800
2018-07-11,245.12582397460938,246.17059090694184,244.8247985939717,245.38259124794206,77054700
2018-07-12,247.34800720214844,247.40112771191875,245.7808981247481,246.38294858187035,60124700
2018-07-13,247.5429229736328,247.8439483621809,246.71952761499222,247.1710792076155,48216000
2018-07-16,247.321533203125,247.72879959326502,246.87884412092146,247.5871628642055,48201000
2018-07-17,248.32192993164062,248.71149835232407,246.4980536982536,246.55117420838425,52315500
2018-07-18,248.84432983398438,248.9505708671419,247.9589518648833,248.40164084943382,44593500
2018-07-19,247.90582275390625,248.56099378205835,247.42771110168124,248.18028775324512,61412100
2018-07-20,247.62252807617188,248.33084673232435,247.46316651088532,247.70220885881517,82337700
2018-07-23,248.08294677734375,248.28656644152343,247.0736028050646,247.41891322282152,47047600
2018-07-24,249.331298828125,250.1724187805513,248.46364563466813,249.49068741146465,68026900
2018-07-25,251.45620727539062,251.7749303769225,249.03911567707434,249.0833737679788,78882900
2018-07-26,250.863037109375,251.54476854513118,250.64169257599485,250.73909822087222,57919500
2018-07-27,249.1631317138672,251.2880338772159,248.24233086923053,251.19062823019235,76768700
2018-07-30,247.86163330078125,249.4021826939374,247.3392363952235,249.24282110559668,63742500
2018-07-31,249.08343505859375,249.69434817311216,248.2423419873048,248.62304812545446,68570500
2018-08-01,248.66720581054688,249.79165295372192,248.02089728342392,249.28698110298606,53853300
2018-08-02,250.02197265625,250.19016966280472,247.16219123122863,247.3658379522572,63426400
2018-08-03,251.0931854248047,251.14630593884132,249.9687381653188,250.145824558501,53935400
2018-08-06,252.01409912109375,252.32395991882225,250.73915217292347,251.1287207970645,39400900
2018-08-07,252.8463134765625,253.2270466660811,252.545288108283,252.67811646394784,43196600
2018-08-08,252.74009704589844,253.13852811253292,252.2797100294611,252.67814109609557,42114600
2018-08-09,252.39474487304688,253.19157976992932,252.26194356016575,252.80201123908088,35717000
2018-08-10,250.7037353515625,251.50057045794807,249.99541646397313,250.96050263703881,77076000
2018-08-13,249.76522827148438,251.58910544032096,249.47303829631625,250.9781922408988,65732900
2018-08-14,251.35885620117188,251.5979255987983,250.10163433503746,250.49120289007564,43842000
2018-08-15,249.48187255859375,250.1547686488498,248.04756417218385,250.0131048919749,102925400
2018-08-16,251.50050354003906,252.36818381411726,250.88072805575527,250.91615074561037,69967900
2018-08-17,252.38589477539062,252.82858385301807,250.8896035314421,251.2968699173722,65618500
2018-08-20,252.92601013183594,253.1916127922392,252.38591536288368,252.83746690516844,39807500
2018-08-21,253.51914978027344,254.37796757696117,252.96135728082962,253.43946899743776,67272000
2018-08-22,253.36874389648438,253.89111390040034,252.84634687296446,253.1119765997786,44993300
2018-08-23,253.0322265625,254.0504060210551,252.7134763814482,253.1915881432276,49204900
2018-08-24,254.55503845214844,254.6967021750704,253.55455698498164,253.60767750362834,57487400
2018-08-27,256.5647888183594,256.67102983578684,255.59086779262861,255.7502293187698,57072400
2018-08-28,256.6888732910156,257.1315624145711,256.2284593099741,257.0252943284539,46943500
2018-08-29,258.07000732421875,258.3001872470909,256.66225944752415,256.90130179728936,61485500
2018-08-30,257.0252685546875,257.96376724094705,256.4320803195823,257.5919235454238,61229500
2018-08-31,257.03411865234375,257.4768077102713,256.13104270122597,256.617989857108,66140800
2018-09-04,256.5914001464844,256.94554594826343,255.59091866725385,256.617960406128,57594400
2018-09-05,255.90081787109375,256.4409125342316,254.89150093970582,256.2372658547544,72452400
2018-09-06,255.13058471679688,256.308125831231,254.10354276501158,256.00710048633505,65909900
2018-09-07,254.63479614257812,255.6087176445946,253.84679651198275,254.08586593769624,73524800
2018-09-10,255.0774688720703,255.90972655484634,254.8826845841951,255.6440968788717,50210900
2018-09-11,255.91859436035156,256.3612835234171,254.08588176015792,254.43116525715587,50530500
2018-09-12,255.98048400878906,256.58253456637283,255.1925116359852,255.92736349015473,59810800
2018-09-13,257.4945068359375,257.68045569530796,256.75965488471724,257.0429823679138,51034200
2018-09-14,257.538818359375,257.88410181150124,256.75968121049704,257.698179952664,55079900
2018-09-17,256.1752624511719,257.52102725876375,255.9007974379103,257.48563159353705,68244000
2018-09-18,257.56536865234375,258.1585568998184,256.3612402817185,256.3878005462383,61930400
2018-09-19,257.8398742675781,258.2560031568843,257.4945637549275,257.61852968857704,49080600
2018-09-20,259.9292907714844,260.2480409377501,257.85750925934076,259.0970602153132,100360600
2018-09-21,259.69183349609375,260.78578814845525,259.53175051533134,260.670163615046,105479700
2018-09-24,258.82904052734375,259.2559554738221,258.25094519737735,259.11365049166267,53409600
2018-09-25,258.58905029296875,259.38949248372154,258.3489257783172,259.2827704772097,44370000
2018-09-26,257.8153076171875,259.9142462784833,257.3972949662459,258.73137442985745,79739700
2018-09-27,258.53558349609375,259.62063535481394,258.01084908419097,258.2865565354975,59249500
2018-09-28,258.5622863769531,259.0603403412746,257.87746896148747,257.913024857578,70091400
2018-10-01,259.46063232421875,260.52787942324136,258.79359270911283,259.7985762633335,62078900
2018-10-02,259.3094177246094,260.0209157713873,258.9358907497197,259.3094177246094,47258200
2018-10-03,259.4516296386719,260.776805810469,259.0958807429701,260.3587933939966,64694600
2018-10-04,257.4239196777344,259.0248038303383,255.84081347636905,258.9714428347122,111545900
2018-10-05,255.98312377929688,258.1621035239601,254.5601005355288,257.6462715083235,105951700
2018-10-08,255.98312377929688,256.3388728047612,253.91974143292867,255.29827908481946,87742200
2018-10-09,255.60963439941406,256.9081308850932,255.0493166499866,255.60075899231936,74339000
2018-10-10,247.51612854003906,255.17375659636278,247.14260159596967,255.10259051241061,214731000
2018-10-11,242.06422424316406,248.04977526262698,240.4544104484742,246.43108606352877,274840500
2018-10-12,245.42611694335938,246.44000303227887,242.2420993529125,246.1553929525463,183186500
2018-10-15,244.0475616455078,246.39555418191674,243.95861759938708,245.07035032111582,102263700
2018-10-16,249.38380432128906,249.7573583468041,245.5327752643828,246.00414871211362,118255800
2018-10-17,249.42825317382812,250.050806935477,246.85791523825907,249.41935063060885,110626000
2018-10-18,245.82632446289062,249.090383549691,244.5545087926348,248.49448289152238,134557500
2018-10-19,245.6929473876953,248.4055645473369,244.99922721015955,246.4756116171026,139901600
2018-10-22,244.59002685546875,246.68006202242142,244.05638988313672,246.35989612416452,82415800
2018-10-23,243.34490966796875,244.4655448019636,238.89797931644497,240.97916660583792,146352700
2018-10-24,235.971923828125,243.47834459638236,235.42050879522853,243.09588794996847,177806700
2018-10-25,240.205322265625,241.7439695818075,236.78120840190687,237.80399671737732,138061500
2018-10-26,235.9807891845703,241.02362004077827,233.27707512923888,236.50555084001812,201574600
2018-10-29,234.67340087890625,240.35659102695715,231.10698111147096,239.06697033859635,160749100
2018-10-30,238.15090942382812,238.46219999139012,234.01526943167627,234.50444807839088,157116000
2018-10-31,240.6946258544922,243.00703573149778,240.2410301426183,240.71240380993004,128296300
2018-11-01,243.25601196289062,243.4516779994685,240.47222900054206,241.55728117758088,99495000
2018-11-02,241.815185546875,244.78573168928202,239.76958135193883,244.3588166152821,122634100
2018-11-05,243.14927673339844,243.7006917677633,241.33492150588376,242.30434908918804,65622500
2018-11-06,244.68797302246094,244.84805605451044,243.02482485836035,243.08708841813004,60085900
2018-11-07,249.9263458251953,250.0063873008901,246.43103853509635,246.85795354737292,102752100
2018-11-08,249.4728546142578,250.1132138294256,248.33444124750574,249.12598093266396,65584900
2018-11-09,247.035888671875,248.35216271227114,245.6306434523214,248.165399233387,98812600
2018-11-12,242.41989135742188,246.76897375786513,241.90403239962347,246.52884936558678,99673600
2018-11-13,241.96632385253906,244.87460595125506,241.24592345063783,242.88239023655566,98176600
2018-11-14,240.3121337890625,244.23430258416514,238.75570812240255,243.8340951264555,125335900
2018-11-15,242.8201904296875,243.28268858618313,237.47499826716003,239.04920193961252,135101400
2018-11-16,243.45156860351562,244.35873228806014,241.21029916585445,241.72615809498868,126668000
2018-11-19,239.3338165283203,243.14038813498033,238.41774988663542,242.84687550829725,103061700
2018-11-20,234.9046630859375,237.4660995132809,234.04195744397686,236.00749321474495,136021300
2018-11-21,235.70506286621094,237.59945934806558,235.6961874628989,236.4521438330722,75563700
2018-11-23,234.130859375,235.5272018784924,233.97077641256175,234.06859584230529,42807900
2018-11-26,237.91073608398438,238.13308256630586,235.9896592196982,236.3809911999364,79981400
2018-11-27,238.71128845214844,238.71128845214844,236.27437856366976,236.87915476137852,75502400
2018-11-28,244.20761108398438,244.20761108398438,238.6489482392209,239.77848590009825,127629600
2018-11-29,243.6739959716797,245.07031142067817,242.29543133041074,243.4338443710822,82346400
2018-11-30,245.15927124023438,245.71958882183426,243.2026381197173,243.52280408525462,98204200
2018-12-03,248.40557861328125,249.38390895543824,246.81359670486466,249.27718694391484,103176300
2018-12-04,240.3565216064453,248.00524520620561,240.0452311362065,247.57833023485793,177986000
2018-12-06,239.99192810058594,240.1075526296109,233.41047676923458,236.5055499894933,204185400
2018-12-07,234.4154510498047,241.21924783980407,233.57942612220694,239.6539199512119,161018900
2018-12-10,234.8601531982422,235.82958062203974,230.0129889373494,234.2375721794817,151445900
2018-12-11,234.91354370117188,238.2398388706836,233.44606213473483,238.05307539835013,121504400
2018-12-12,236.09642028808594,239.24485459889894,236.0163787982232,237.88409498741427,97976700
2018-12-13,236.01634216308594,237.90183601004946,234.90460973993248,237.03913056400617,96662700
2018-12-14,231.65843200683594,234.82464480872093,231.1070168879108,233.87299503023334,116961100
2018-12-17,227.1136016845703,231.81844749138895,225.48602373208445,230.7067150296598,165492300
2018-12-18,226.86459350585938,229.41714067784332,225.26369591406458,228.75010114550832,134515100
2018-12-19,223.46717834472656,230.70678168429856,221.76846096634372,226.94468174674688,214992800
2018-12-20,219.8295135498047,223.7872781315787,217.58825725874033,222.22196381691975,252053400
2018-12-21,215.3253631591797,223.38553619386457,214.68126458714568,220.72863299677553,255345600
2018-12-24,209.6357879638672,215.45055557955146,209.57317448764945,213.84030950978314,147311600
2018-12-26,220.2276153564453,220.2276153564453,209.11693755623702,211.09396462178614,218485400
2018-12-27,221.9184112548828,222.1152062471228,213.76878896161634,216.99822249418898,186267300
2018-12-28,221.63214111328125,224.89735185930846,220.46918466599615,223.26922375327266,153100200
2018-12-31,223.57334899902344,223.81488933145144,221.3816315423611,223.2512997725202,144299400
2019-01-02,223.8059844970703,224.7274143179528,220.02191548301792,220.04875178700226,126925200
2019-01-03,218.46530151367188,222.36566931905944,217.98222086036947,222.06150186504593,144140700
2019-01-04,225.78292846679688,226.4270268245097,221.11322219847892,221.48894396544466,142628800
2019-01-07,227.56321716308594,228.96770037116784,225.15679528246304,226.05137509532184,103139100
2019-01-08,229.7012176513672,230.1842983290865,227.22324173305432,229.7459630162037,102512600
2019-01-09,230.77474975585938,231.61565694335764,229.18239882003667,230.40796876553281,95006600
2019-01-10,231.58880615234375,231.83928738611394,228.56512228014213,229.2450116148356,96823900
2019-01-11,231.6782989501953,231.70513525362898,229.93385732577602,230.51532876711232,73858100
2019-01-14,230.26483154296875,231.06994789059002,229.3792062906262,229.7817508142326,70908200
2019-01-15,232.9038543701172,233.2169627574834,230.6316140537097,230.6405685877629,85208300
2019-01-16,233.46742248535156,234.35304766189932,233.12747782757188,233.3332136885603,77636700
2019-01-17,235.2386474609375,236.09746354596547,232.55490862113237,232.59965398203775,96118400
2019-01-18,238.36973571777344,238.83493470526588,235.2744971259349,237.0457750313044,127900300
2019-01-22,235.14923095703125,237.11731741906,233.53899825203223,236.90262700516908,115531200
2019-01-23,235.6412353515625,236.87575967051836,233.181141246526,236.17798861637877,86030300
2019-01-24,235.7664337158203,236.3479322740829,234.4514006616912,235.462279939407,59204100
2019-01-25,237.76136779785156,238.58439305172763,235.8648633915669,237.60927725188202,96883400
2019-01-28,235.95433044433594,236.01693026973098,234.1920074924276,235.62334035140552,85613700
2019-01-29,235.6412353515625,236.6610419843488,234.8092828063201,236.0974797217171,66136300
2019-01-30,239.3716583251953,240.21256554741154,236.39271951061926,237.15311782437777,92473700
2019-01-31,241.47386169433594,241.95694231608385,239.0942767136401,239.308994379085,104012100
2019-02-01,241.5901641845703,242.60999803104392,240.80292976983338,241.67067307238622,85782500
2019-02-04,243.2899169921875,243.35254413085923,240.96400403080258,241.63493888694768,60744800
2019-02-05,244.3097381591797,244.61389200183342,243.21834975887742,243.71931224094328,79552800
2019-02-06,243.98768615722656,244.52443949783932,243.25415146881173,244.0324315275162,58347800
2019-02-07,241.6617431640625,242.92307635961063,240.00676546510306,242.37739591476807,95482000
2019-02-08,241.95700073242188,242.0553914066869,239.59529694515285,240.4183223771915,75788900
2019-02-11,242.0911865234375,242.86946659878197,241.5633877056799,242.61005810727352,68021400
2019-02-12,245.20431518554688,245.5800233927025,243.62984608780823,243.70142775610952,72270200
2019-02-13,246.00047302246094,246.84138015886657,245.61581028783473,246.03626385603758,65277200
2019-02-14,245.4547882080078,246.581967392561,244.10396409321197,244.9180349153441,83234400
2019-02-15,248.1295623779297,248.16535320937362,247.02029230681626,247.22602816170678,97088700
2019-02-19,248.55897521972656,249.21200092876802,247.32445086509222,247.33340539822623,59120800
2019-02-20,249.05995178222656,249.51619619142238,248.02223599489156,248.52319847147984,76610800
2019-02-21,248.17430114746094,248.78260876381597,247.21709435971118,248.42478236010152,64214700
2019-02-22,249.7129364013672,249.9097176842972,248.156349496703,248.7914933018315,78114600
2019-02-25,250.0529327392578,251.6542382053372,249.97242383431418,251.13539394000878,69030700
2019-02-26,249.8739471435547,250.75061756253376,249.4982117494214,249.70397485816096,56844100
2019-02-27,249.7666473388672,250.11551920355708,248.22796926031745,249.15831243309327,56921600
2019-02-28,249.30148315429688,249.99032704780788,248.97944754206418,249.55196439728053,69268300
2019-03-01,250.85800170898438,251.2695006452179,249.42666901291935,250.87588347129002,78880500
2019-03-04,249.94557189941406,252.1551849315805,247.65544996733956,251.9136582318563,106494600
2019-03-05,249.6056671142578,250.2676747866207,249.05998649422446,250.07086612193086,59114600
2019-03-06,248.09375,249.73084596641513,247.77171444618895,249.72189143423049,75039800
2019-03-07,246.01837158203125,247.78962191252373,245.17746448154068,247.64648588473747,94885100
2019-03-08,245.52638244628906,245.69635480490905,243.7014591754392,244.16663087774018,85795800
2019-03-11,249.08677673339844,249.24779452916363,246.21518350729428,246.2420198065885,65098900
2019-03-12,250.02613830566406,250.54500995828857,249.45362134116922,249.6414754841614,79667500
2019-03-13,251.68104553222656,252.6114160495917,250.75067501486143,250.91172010661697,80639200
2019-03-14,251.5200653076172,252.12837303273284,251.08172993222647,251.7079194255833,67518400
2019-03-15,252.76271057128906,253.5713732521297,251.88215092021466,252.07085990158336,81309000
2019-03-18,253.67918395996094,253.97571096745602,252.75370929471526,252.97833933405315,62199800
2019-03-19,253.7421112060547,255.50320320501433,252.85258493986163,254.7394829347921,90268100
2019-03-20,252.9783477783203,254.7304731119043,251.87318549711011,253.5264593513431,84609200
2019-03-21,255.8356170654297,256.23993462503853,252.11573099309788,252.1606734468245,79550400
2019-03-22,250.91177368164062,255.0000297509821,250.84887068471875,254.4789000838068,122659300
2019-03-25,250.7230682373047,251.7563609170328,249.46514552195487,250.57030774799213,85575200
2019-03-26,252.5919647216797,253.54439382873687,251.19027556711794,252.47515272202335,68125900
2019-03-27,251.27117919921875,253.16707116109836,249.7257232922533,252.58301106957472,72224700
2019-03-28,252.22352600097656,252.67278597333015,250.7499675503961,251.90007198279523,56238500
2019-03-29,253.81399536132812,254.1374494706387,252.60998158668255,253.73313183400046,82186800
2019-04-01,256.8240051269531,257.12053213515975,255.53912787981554,255.8087003800633,77617900
2019-04-02,256.9497985839844,257.1834225886773,256.1590964948618,257.01270157304134,40070400
2019-04-03,257.3541259765625,258.55813955865335,256.75210547518907,258.16278854117206,68243200
2019-04-04,258.0368957519531,258.28848018564196,256.98564299786455,257.67749333534715,48997500
2019-04-05,259.28594970703125,259.3398587189356,258.41438412036786,258.70191713096256,58621700
2019-04-08,259.4835510253906,259.591369018369,258.2076407936316,258.8635701451157,53566300
2019-04-09,258.1537780761719,258.8456286022435,257.6056940400608,258.522174565323,66142300
2019-04-10,259.0343322753906,259.1241897573699,258.1537728250394,258.5670843373598,52601500
2019-04-11,258.9625244140625,259.5285965825624,258.3964522455626,259.5196026050741,55093100
2019-04-12,260.71466064453125,260.99319975147006,259.0074775121329,260.57089410213314,69727800
2019-04-15,260.5438537597656,260.88529575789886,259.7441577724898,260.7864442960236,49596700
2019-04-16,260.71466064453125,261.47840840448066,260.12163393988806,261.4244993786644,52153200
2019-04-17,260.07666015625,261.8557124477344,259.6633211574548,261.8287579409137,58268300
2019-04-18,260.5888977050781,260.85847029937634,259.3669230237329,260.66079469849177,68708500
2019-04-22,260.8133850097656,260.96614547162113,259.73517748497306,259.8250349672025,40160100
2019-04-23,263.1585998535156,263.39222387949684,260.9482478452623,261.1818444505832,52246600
2019-04-24,262.5746154785156,263.4102328349155,262.4308489299954,263.07778468800365,50392900
2019-04-25,262.4128112792969,263.06874089132936,261.2267854647723,262.475714273737,57770900
2019-04-26,263.63482666015625,263.70669621419734,261.68502567610466,262.45776734051964,50916400
2019-04-29,264.0481872558594,264.56934444677836,263.63487554699253,263.72473307170276,57197700
2019-04-30,264.18292236328125,264.4704554333061,262.29605171531756,263.7067077125926,81111700
2019-05-01,262.1971740722656,265.0185406267152,262.18818009576734,264.8118711118755,71671900
2019-05-02,261.631103515625,262.99687175976754,260.13955670306206,262.08036361263817,65030200
2019-05-03,264.19183349609375,264.47037250137964,261.7388640340087,263.10463197802125,56543700
2019-05-06,263.10467529296875,263.54494138916215,259.58246426144535,259.8969517961515,107198100
2019-05-07,258.7109375,261.2986802923113,256.80607889473276,260.7056536173514,144729900
2019-05-08,258.3514709472656,260.0586535717971,257.7584444190409,258.3514709472656,91568300
2019-05-09,257.5697937011719,258.1717868559465,254.5507516890629,256.2849164466201,103471100
2019-05-10,258.8636169433594,259.61837045130414,253.65218450185358,256.6352774765789,112429300
2019-05-13,252.3583984375,254.7215112151304,251.52278113899095,253.76011533329586,127290500
2019-05-14,254.640625,256.168120343081,253.24792962651986,253.37370819864339,77003200
2019-05-15,256.1322021484375,256.7701439026409,252.8076659712132,253.01433551780383,73956400
2019-05-16,258.5042724609375,259.86101931664007,256.7611410796038,256.8330106305001,76749600
2019-05-17,256.83294677734375,259.31287068694866,256.18601129747526,256.20399924622245,100353000
2019-05-20,255.134765625,256.9407721836039,254.3889786675139,255.23358966334033,62877600
2019-05-21,257.43499755859375,257.8123606375981,256.57239853669876,256.82398306292055,46847100
2019-05-22,256.644287109375,257.59671617184193,256.1680725781415,256.48256008080267,49482500
2019-05-23,253.50848388671875,254.46987959084603,252.09780069472387,254.42496455238847,98733800
2019-05-24,254.08349609375,255.35940661704134,253.46351507181586,254.9460676553149,55268100
2019-05-28,251.72044372558594,255.31452474232293,251.7024831919406,254.3620954665406,70029400
2019-05-29,250.03118896484375,251.0105726249219,248.62949974302012,250.6062550151604,104972900
2019-05-30,250.71408081054688,251.62159495277587,249.61788511125124,250.78595035873343,62523800
2019-05-31,247.3355712890625,248.9978386438905,247.3086167879854,248.17121566375747,86862800
2019-06-03,246.70672607421875,248.48577872420248,245.3769061548867,247.371622323553,96428000
2019-06-04,252.06185913085938,252.19663167059005,248.5486420183639,248.99790209790564,77231900
2019-06-05,254.24530029296875,254.27225480555384,251.8732209234881,253.67922810801772,71169700
2019-06-06,255.8985137939453,256.5724038696885,253.89483151795633,254.54176708749608,69430400
2019-06-07,258.4592590332031,259.53749394521816,256.74308263224987,256.91380361699646,74272200
2019-06-10,259.6453857421875,261.3076536120134,259.55552823720706,260.0047883414486,60799100
2019-06-11,259.5824890136719,261.8287895891115,258.9355533511188,261.46039300426,58641300
2019-06-12,259.12420654296875,259.9059145875843,258.6120435410981,259.3488365521413,47096300
2019-06-13,260.1934814453125,260.5529114811726,259.33090968470435,260.03175438157257,48945200
2019-06-14,259.9059143066406,260.50790737500523,259.14216679214854,259.9059143066406,52324700
2019-06-17,260.0047912597656,260.76853892968074,259.8340702245848,260.13956380841864,39205700
2019-06-18,262.7272644042969,263.7785449569694,261.4603478082686,261.81977777473696,85434800
2019-06-19,263.3202819824219,263.85040551806713,261.8916384024987,262.8620279852303,78674400
2019-06-20,265.836181640625,266.2405267117123,263.38323896605675,265.9979361214567,116570000
2019-06-21,265.44970703125,266.8220901549572,265.2330222101439,265.5670871606895,83309500
2019-06-24,265.1246643066406,265.9733556577188,264.97116086464666,265.6573661634113,47582700
2019-06-25,262.5242614746094,265.20584542995545,262.4159191013043,265.1787598366292,82028700
2019-06-26,262.2624816894531,263.9237961241511,262.1541392888887,263.41817988550474,51584900
2019-06-27,263.1925048828125,263.69812121274236,262.6417550625053,263.02095353294095,40355200
2019-06-28,264.546875,265.0434536754882,263.6530223625105,264.16764892571615,59350900
2019-07-01,266.9484558105469,268.0861060069671,265.747596702322,267.8693936742107,78705600
2019-07-02,267.64373779296875,267.69790900113674,266.06367992868246,266.9033612093092,61504500
2019-07-03,269.7836608886719,269.80173633261614,268.17651695736487,268.320982738767,40898900
2019-07-05,269.47662353515625,269.63916472557844,267.2645588956779,268.5556853748782,51677300
2019-07-08,267.995849609375,269.2960135747465,267.454110031467,268.1674009349462,45841800
2019-07-09,268.3299255371094,268.6278671624564,266.7859910977244,266.8401623023329,41101300
2019-07-10,269.6119689941406,270.5600200241594,268.8625824197976,269.39528421197224,58448500
2019-07-11,270.2440490722656,270.48781949375126,269.2418542299152,270.2530867910683,50826100
2019-07-12,271.4539794921875,271.526226150782,270.42469881644513,270.7316782304043,40326000
2019-07-15,271.5442199707031,271.8873226456437,271.03860367732375,271.8873226456437,33900000
2019-07-16,270.66845703125,271.66164188673037,270.3614776311971,271.45396719521267,36650100
2019-07-17,268.8265075683594,270.8038392241641,268.8265075683594,270.64132560824015,36036300
2019-07-18,269.81072998046875,270.18995607768375,267.8875965462523,268.33000403131257,51392600
2019-07-19,268.3118896484375,270.93026568631416,268.1403383081677,270.903180082799,58678600
2019-07-22,268.970947265625,269.51268682028854,268.194475028688,268.7091014293009,43638100
2019-07-23,270.8941650390625,270.8941650390625,269.259935864137,270.090607031503,44564500
2019-07-24,272.1671447753906,272.1671447753906,270.04534791293565,270.1356424174258,47213200
2019-07-25,270.8670959472656,271.76998626708985,270.06351033668966,271.71581505222247,55394100
2019-07-26,272.68194580078125,272.88058279624516,271.4269148853435,271.5533327706519,45084100
2019-07-29,272.18524169921875,272.68184778639005,271.63449196441434,272.5644676648038,38126500
2019-07-30,271.51715087890625,271.9234625037329,270.4065859773304,270.7858119974368,45849000
2019-07-31,268.54669189453125,271.9506064237515,266.53326388586026,271.76097959602436,104245200
2019-08-01,266.2081604003906,271.65258755474997,265.4136125645929,268.70014633011544,142646600
2019-08-02,264.2037658691406,265.5581013739478,262.650793388134,265.314330902532,116749700
2019-08-05,256.25823974609375,260.2219124148856,254.3621652846192,260.11357002634685,178745400
2019-08-06,259.8518371582031,260.0685495834864,256.67367297899784,258.1453886890081,120711700
2019-08-07,260.00537109375,260.77283350802816,254.65123719190635,256.7820454862,140572300
2019-08-08,265.10662841796875,265.10662841796875,260.94431762874206,261.4950674503696,87713900
2019-08-09,263.3009033203125,264.7635814112252,261.5222080674551,264.1676704197368,93730000
2019-08-12,260.0955810546875,263.29179245654484,259.1475298322207,261.80202916869314,65527600
2019-08-13,264.1405029296875,265.58513268360247,259.4545008367751,259.79760350315723,94299800
2019-08-14,256.33056640625,260.7005524202266,256.20417608457865,260.09563131231886,135622100
2019-08-15,257.0076904296875,257.9015704661981,254.96717731036955,257.215365095548,99556600
2019-08-16,260.79974365234375,261.2331131540334,257.0617663761982,258.6598990757149,83018300
2019-08-19,263.9418029785156,264.6189704308014,263.13824526322384,263.81541271550964,53571800
2019-08-20,261.91937255859375,263.9689230625115,261.79298227907464,263.43622123692984,51596400
2019-08-21,264.0502014160156,264.420362082352,263.3910817718715,264.07728701486997,49524700
2019-08-22,263.9690246582031,265.3865692020705,262.19936718570995,264.7545624531943,51666400
2019-08-23,257.1882019042969,264.33006455244094,255.9422093930637,262.6687503888014,149161500
2019-08-26,260.0324401855469,260.0324401855469,257.84743325188174,259.3733202614595,72423800
2019-08-27,259.0121154785156,261.7930328129497,258.253690992949,261.42284451272855,66668900
2019-08-28,260.8359680175781,260.99848164367427,257.5494344017355,258.3530199208042,59696700
2019-08-29,264.1676025390625,264.69129428520955,262.3889077432596,263.3911301931494,57899400
2019-08-30,264.0502014160156,265.66635473768406,263.1202257833285,265.6483068564536,62901200
2019-09-03,262.5062561035156,263.2646804730789,261.1790065682752,262.35278021837604,69101400
2019-09-04,265.4858703613281,265.5039182477998,263.9238602297381,264.6732746057014,46887300
2019-09-05,268.8987731933594,269.8106735830968,265.44972592383255,267.96879736456265,83258100
2019-09-06,269.1064147949219,269.7474866798832,268.53761711069353,269.21478476498777,49584300
2019-09-09,269.2419128417969,270.1808989649801,268.3028991645869,270.0906319733859,51260300
2019-09-10,269.1787109375,269.24191987648885,267.22846442804376,268.4834677166774,57947100
2019-09-11,271.0928039550781,271.1740607730114,268.83557827685104,269.4856603743414,68821100
2019-09-12,272.03179931640625,273.08816543274827,271.23725152228974,271.9956759928493,72908700
2019-09-13,271.8512878417969,272.8264249779895,271.4810994432451,272.47428446935595,62104800
2019-09-16,271.01153564453125,271.89637799232213,270.3704912942259,270.72260415700487,58191200
2019-09-17,271.69775390625,271.7880208906066,270.64136015983695,270.8129115165538,41475500
2019-09-18,271.8602600097656,271.9686024312111,269.27797956454594,271.30948262871954,73375800
2019-09-19,271.8421936035156,273.24169007108816,271.5081286082832,272.2485052514616,76560500
2019-09-20,270.5578308105469,272.7257172981861,269.7686931121249,272.44450325727587,89565000
2019-09-23,270.4942626953125,271.21084760193804,269.6416243712935,269.89559997751627,43476800
2019-09-24,268.3717346191406,271.9727625422939,267.4102536031992,271.582733535712,94869400
2019-09-25,269.959228515625,270.4036791164658,266.97499296973297,268.453505394503,71854000
2019-09-26,269.3967590332031,270.17681716965757,267.99082742388725,269.9682111328825,56179700
2019-09-27,267.9454040527344,270.25842267385457,266.3943398657859,270.14955226807103,84746600
2019-09-30,269.1881408691406,269.8956464426555,268.41716214409126,268.4625040639401,51662400
2019-10-01,265.9861755371094,270.72102824217234,265.76849006877796,270.06794415591315,88242400
2019-10-02,261.2875671386719,264.4169336033458,259.99955810195115,264.4078541500029,122539500
2019-10-03,263.42828369140625,263.4554943744778,258.3487439616913,261.0608435391244,85278800
2019-10-04,266.9930419921875,267.2470176140269,264.0269389043035,264.0813879558739,65091200
2019-10-07,265.841064453125,267.81847578384463,265.55987813972894,266.19483104942367,59610500
2019-10-08,261.7139892578125,264.72543473960826,261.67769911141454,263.9907184423583,95708100
2019-10-09,264.1992492675781,265.13351958206624,263.10171486269707,263.7275882237998,62359400
2019-10-10,265.9861755371094,266.86602454663546,263.954370682643,264.1176347838915,55296300
2019-10-11,268.7436218261719,270.97498072998906,268.6166478742334,268.73454237201105,98720400
2019-10-14,268.4443359375,269.09742004492904,268.0996488139588,268.42617702704035,40394800
2019-10-15,271.10198974609375,271.84578529470946,269.3695025112143,269.48742469346604,46754500
2019-10-16,270.66656494140625,271.3559390593394,270.23119407219434,270.6393542620805,48928200
2019-10-17,271.4648132324219,272.3355827530061,270.77543903460804,271.82763155922663,45736600
2019-10-18,270.2765808105469,271.57366954233504,269.42394247522446,270.92966490395844,64304000
2019-10-21,272.10888671875,272.3084410011963,271.15648490964367,271.59188362078226,39048600
2019-10-22,271.21990966796875,272.9342379797446,271.12919816843396,272.6439722537385,48594700
2019-10-23,272.0090637207031,272.0634850874928,270.75731692201106,270.965950615548,34352200
2019-10-24,272.4534912109375,273.0884440118041,271.62806364231596,272.94331115214135,35453100
2019-10-25,273.56927490234375,274.11351638561285,271.8277076921369,271.8821290723367,45205400
2019-10-28,275.1112365722656,275.61013608971376,274.75749763127527,274.7847083190437,42147000
2019-10-29,275.02960205078125,275.95482078917917,274.7121255754735,274.83912723810425,44284900
2019-10-30,275.87310791015625,276.24497797030693,273.9229077108311,275.2290756919439,49643900
2019-10-31,275.138427734375,275.864092158819,273.68715424802167,275.864092158819,69053800
2019-11-01,277.68731689453125,277.7326588147076,276.41741095435447,276.5807027657832,71141500
2019-11-04,278.8029479980469,279.37440006354313,278.4310501827038,279.2383466387265,60606900
2019-11-05,278.4945983886719,279.30189498204095,278.2043325788355,279.0025497152499,42933200
2019-11-06,278.55804443359375,278.83015127599856,277.61469457781413,278.494543609944,46487100
2019-11-07,279.5376281738281,280.8710069278483,279.0659671347833,279.89139471405895,54272300
2019-11-08,280.2269592285156,280.2813805830602,278.4944722921573,279.1928981296516,49032100
2019-11-11,279.6918640136719,279.8642075711623,278.71222403622494,278.8483051362286,35797300
2019-11-12,280.2814636230469,281.1794439203386,279.5104572968919,280.0546986848405,46484600
2019-11-13,280.3721923828125,280.77130091310977,279.0660240438884,279.29278899604503,53917700
2019-11-14,280.7803955078125,280.8620552625586,279.4560957360127,280.09104877139123,51219900
2019-11-15,282.8122253417969,282.85756726611123,281.4244247462533,282.1137714747029,62023600
2019-11-18,283.0207824707031,283.2566268714091,282.1228021468884,282.57633203669667,49228000
2019-11-19,282.9391784667969,283.6285528256652,282.2951737101685,283.61947336896316,67804700
2019-11-20,281.886962890625,282.86660297199927,280.3358983899287,282.34957224467774,79406200
2019-11-21,281.43341064453125,282.1046536636578,280.635221339549,281.99581092576324,54664700
2019-11-22,282.05926513671875,282.3132407351811,281.0524421975064,282.17718732194487,44850200
2019-11-25,284.24530029296875,284.24530029296875,282.984501675249,282.984501675249,48647200
2019-11-26,284.8892822265625,285.07070522877143,283.96409135032974,284.28156776356354,37569000
2019-11-27,286.1591491699219,286.1591491699219,285.1522987020101,285.36998413020297,44444600
2019-11-29,285.0979919433594,285.8417876970087,284.87122697075444,285.59686381058185,36592700
2019-12-02,282.6761474609375,285.41545826710006,282.24982822038623,285.3519574335292,75767800
2019-12-03,280.7803955078125,280.8620552625586,278.58532593769104,279.9640470918064,73941700
2019-12-04,282.5127868652344,283.11144954756696,281.47875327303325,281.82344036418806,49080000
2019-12-05,283.0207824707031,283.2294161852713,281.71461417355385,283.2112849549353,40709000
2019-12-06,285.6059265136719,286.0050350565463,284.9165521793852,284.9256316357635,48927000
2019-12-09,284.7079162597656,285.88708285190785,284.63533597889335,285.21586750080536,34838500
2019-12-10,284.3905334472656,285.3157247235004,283.73744911072475,284.65358860982013,52649800
2019-12-11,285.19781494140625,285.45179063198384,284.3088861837475,284.8440482574191,53429100
2019-12-12,287.6559143066406,288.43597254390977,284.971024718016,285.206841471859,96389600
2019-12-13,287.8282470703125,289.0527834416107,286.6490526203965,287.42005905278955,81503900
2019-12-16,289.8055725097656,290.3951557751756,287.76468819631657,289.55159690245364,82749700
2019-12-17,289.8691101074219,290.4859041346796,289.78747804627915,290.1865865771561,61097700
2019-12-18,289.88720703125,290.4858697567159,289.8327856635954,290.2591048310666,48133000
2019-12-19,291.07550048828125,291.14808077783215,289.823753465592,290.07772911648044,85310500
2019-12-20,292.35162353515625,293.4818986755226,291.13019089245233,292.10549549710834,147142100
2019-12-23,292.7982177734375,293.19016437902224,292.6523713537724,293.1354754488179,52990000
2019-12-24,292.8074035644531,293.0717241770153,292.5065865675843,293.0261593313642,20270000
2019-12-26,294.3660583496094,294.3751824445798,293.1810943326841,293.1901906102919,30911200
2019-12-27,294.2931823730469,295.1500129574212,293.7645132848047,295.0953240109606,42528800
2019-12-30,292.670654296875,294.5119413986182,292.1875500985432,294.3752190438764,49729100
2019-12-31,293.3815612792969,293.6276892705335,291.82287121002,292.16925296260575,57077300
2020-01-02,296.12530517578125,296.1435533670269,293.9923531023892,294.9129966046256,59151200
2020-01-03,293.88299560546875,295.0041745676097,292.68890732538284,292.74359626818324,77709700
2020-01-06,295.0041198730469,295.08615327203825,292.0143098616565,292.1328118215423,55653900
2020-01-07,294.1746826171875,294.91301114756425,293.7280191701127,294.4390032296372,40496400
2020-01-08,295.7424011230469,296.95470936020075,294.1198981389834,294.36599829671496,68296000
2020-01-09,297.7477722167969,297.820709338136,296.71775096243204,297.3011366636997,48473300
2020-01-10,296.8909912109375,298.48615024274386,296.4261352089056,298.33120751452185,53029300
2020-01-13,298.9327697753906,298.94186605271307,297.082386683004,297.510801872737,47086800
2020-01-14,298.47705078125,299.54351294484616,297.92100945963375,298.4952711557389,62832800
2020-01-15,299.1515197753906,299.9080685509151,298.3038135068561,298.38584690535674,72056600
2020-01-16,301.6400146484375,301.6400146484375,300.30008000636747,300.52795985830204,54050300
2020-01-17,302.578857421875,302.7884890679203,301.5761805798231,302.35097758583424,95846000
2020-01-21,301.9863586425781,302.7885001455664,301.5488471444855,301.62175645504635,77742400
2020-01-22,302.0228271484375,303.49038781097767,301.8678844320141,302.84318902456715,48914900
2020-01-23,302.36920166015625,302.77939649699647,300.2635941747511,301.3756489009387,51963000
2020-01-24,299.68023681640625,303.1075588185603,298.3949910655985,303.02552540689584,87578400
2020-01-27,294.87652587890625,296.35318285602233,294.1108529210448,294.44811064824233,84062500
2020-01-28,297.96661376953125,298.8416646744203,294.9677069156235,296.2985175568416,63834000
2020-01-29,297.7204895019531,299.55265256689614,297.5199541027187,299.3247726958283,53888900
2020-01-30,298.6866760253906,298.89633550564963,294.9130001022843,295.66042488337473,75491800
2020-01-31,293.26312255859375,298.22178991387807,292.3516032332454,298.0668193889295,113845600
2020-02-03,295.4416809082031,297.3011883827756,294.62131896327486,294.7398209430448,69083000
2020-02-04,299.9444580078125,300.81041223698935,298.7230258122157,299.0420630449311,62573200
2020-02-05,303.4083251953125,303.6179846653886,301.41212336008243,302.870532103236,65951100
2020-02-06,304.4291687011719,304.62057992939174,303.35355498781945,304.36535568597986,50359700
2020-02-07,302.8067321777344,304.4383317479117,302.25981501693957,303.3718697108561,64139400
2020-02-10,305.0672912597656,305.1311042908256,301.886097610239,301.92256617332515,42070000
2020-02-11,305.5960388183594,307.2002942348692,305.0673419265735,306.4164008111858,54864500
2020-02-12,307.56488037109375,307.77451202465284,306.66245727222037,307.02705945948134,43992700
2020-02-13,307.2366638183594,308.2028719590965,305.86938499837,306.14282963542433,54501900
2020-02-14,307.72900390625,307.84750589786006,306.4528821069279,307.6469704852974,64582200
2020-02-18,306.9360046386719,307.7928352872699,305.5504770448348,306.7354692141623,57226200
2020-02-19,308.4034423828125,309.07795777585227,307.61954912250815,307.90211788539574,48814700
2020-02-20,307.1364440917969,308.67691395841035,304.15575813081296,307.8565243216202,74163400
2020-02-21,303.9734802246094,306.09730805211063,303.1530905628107,305.78739481387316,113788200
2020-02-24,293.89208984375,304.0464012409805,292.8164758374308,294.5483849080448,161088400
2020-02-25,284.9865417480469,295.8883062471929,284.11149089171784,295.2776038121276,218913200
2020-02-26,283.938232421875,289.9633610159589,283.2090281846531,286.3810972156628,194773800
2020-02-27,271.18609619140625,283.99293030133657,271.18609619140625,278.43265741082325,284353500
2020-02-28,270.0467529296875,271.5325340386913,260.27526361074985,263.15566832306206,384975800
2020-03-02,281.7414855957031,281.80529862026447,268.40595433040124,271.8241515658398,238703600
2020-03-03,273.6745910644531,286.07126116142535,271.24084970802795,282.1152700822015,300139100
2020-03-04,285.177978515625,285.39676211227726,276.4911987598748,279.03434596352906,176613400
2020-03-05,275.6981506347656,281.17639114422417,273.46494478951723,277.995197331708,186366800
2020-03-06,271.14056396484375,272.3437762979566,264.55029623787203,267.2119174164198,228667200
2020-03-09,249.96592712402344,259.04465081754387,249.25494324110963,250.9412315537288,309417300
2020-03-10,262.900390625,262.9915202948296,249.3005113667445,259.4548490211814,276444100
2020-03-11,250.08444213867188,256.9937745724308,246.91237251975267,255.86349945004477,255316300
2020-03-12,226.1570587158203,243.06574485920348,225.7650981762707,233.34894558391483,392220700
2020-03-13,245.4904022216797,247.45928738947632,226.53079663529957,239.8116265596918,329566100
2020-03-16,218.62791442871094,234.16930770515287,216.3582263151674,219.84022288446778,297240000
2020-03-17,230.43211364746094,233.5039435706242,216.0939169725968,223.35871400097514,262070500
2020-03-18,218.7646484375,226.39406110097966,207.8446502974257,215.34645080566406,327597100
2020-03-19,219.2294921875,225.49163896080339,211.67300364288351,218.0809829271714,289322000
2020-03-20,209.78199768066406,224.14949538908877,209.50693107809147,222.37074721498362,347158800
2020-03-23,204.41822814941406,210.58882164978553,200.11806218300114,209.22268050674896,326025200
2020-03-24,222.93919372558594,223.81024024329707,214.3663807599711,214.93484144271505,235494500
2020-03-25,226.2766571044922,235.04203577073906,219.82183239457268,224.51625036542322,299430300
2020-03-26,239.4888916015625,240.95587614121874,228.34879937507776,228.77973377835932,257632800
2020-03-27,232.35557556152344,239.13131375893414,230.18257586335054,232.21804924789328,224341200
2020-03-30,239.90147399902344,240.61663876583322,232.45641822635318,234.44604471765408,171369500
2020-03-31,236.32565307617188,241.4418275508448,234.92282878626662,238.90208181788717,194881100
2020-04-01,225.68983459472656,236.24312431481496,223.62685616519354,227.36772539626958,189554600
2020-04-02,230.897705078125,231.67704405266247,224.2594942177443,224.80962736839078,177660400
2020-04-03,227.56027221679688,232.26386743063676,224.83713961830722,229.91664470662855,135561200
2020-04-06,242.8446502685547,244.80678550079665,227.5419457283824,236.40816732964865,188061200
2020-04-07,243.0922088623047,252.16930817093797,242.8721667882083,251.4174604431951,201427200
2020-04-08,251.25247192382812,253.05872554058368,243.202271556666,245.68700700539043,153774500
2020-04-09,255.0758056640625,257.82644327518784,252.57271536480266,254.50731705377976,189999200
2020-04-13,252.74693298339844,254.4431651623593,248.85019623918757,254.10392432275387,114839100
2020-04-14,260.20123291015625,261.2189556921162,252.60947200950213,257.6248038351175,134143400
2020-04-15,254.6724090576172,260.3387165438089,252.5635698315606,254.4981997482188,121775000
2020-04-16,255.90109252929688,256.75378381045863,252.8387181358221,255.94692531523054,131798300
2020-04-17,262.8143005371094,263.4194162623719,258.9267132107058,261.65902364519036,146684800
2020-04-20,258.18408203125,262.95186638326464,257.96403991624453,259.11928900096365,100109300
2020-04-21,250.34474182128906,254.929138502849,249.4095069904513,253.72802881075526,126385700
2020-04-22,255.90109252929688,257.6431581089337,253.8931240407909,255.2134328546289,92951600
2020-04-23,255.88272094726562,260.33876990913046,255.58016302104355,257.1755244120986,104709700
2020-04-24,259.4492492675781,260.1185810043095,255.35079905754318,257.39544928111945,85063200
2020-04-27,263.190185546875,264.3087793852271,260.96217561684955,261.420615255831,77896600
2020-04-28,261.9799499511719,267.1786402598977,261.67736409264813,266.8302216256885,105270000
2020-04-29,268.8381652832031,270.36936598916276,266.27091449702925,267.2978148114988,118745600
2020-04-30,266.3351745605469,268.93910905447325,264.6022588270189,267.4629184687706,122901700
2020-05-01,259.2843017578125,266.5001372793607,258.1198471539412,261.5948274910563,125180000
2020-05-04,259.9994812011719,260.30203907180845,255.92853469244014,257.4046969992286,80873200
2020-05-05,262.40167236328125,265.2073206037957,260.12780177122573,262.8142792143297,79569900
2020-05-06,260.62286376953125,264.4829166436481,260.19192950703405,264.097843121118,73632600
2020-05-07,263.7677917480469,265.6932435927499,263.26351939914133,263.8319800050877,75250400
2020-05-08,268.1321716308594,268.5997890049133,265.7666074831052,266.89437904014466,76452400
2020-05-11,268.1872253417969,269.56254444611375,265.7850057832069,266.20676247386785,79514200
2020-05-12,262.8418273925781,269.7825831185984,262.7042730991444,269.37000418111256,95870800
2020-05-13,258.1932067871094,263.31855852406073,255.77263209509584,262.2824804769914,144721100
2020-05-14,261.28314208984375,261.4114906647709,250.29891603317049,255.76353778728304,121977900
2020-05-15,262.48419189453125,262.53002466488874,257.95480613821377,258.89919065123917,111146300
2020-05-18,270.4793395996094,272.0838780548613,268.3705288222218,268.6914141285281,119703800
2020-05-19,267.7012634277344,271.58882289589167,267.6829359139752,269.88344074536735,95189300
2020-05-20,272.24896240234375,273.1108311782877,271.00201999174817,271.2312398155431,85861700
2020-05-21,270.3693542480469,272.9274551573874,269.2782657160711,272.1205969507901,78293900
2020-05-22,270.88275146484375,271.0569607245508,268.8472788343605,270.085071160358,63958200
2020-05-26,274.22027587890625,277.07178533427884,270.9011769612808,276.8333877387792,88951400
2020-05-27,278.3003234863281,278.33700648648875,272.19390507286226,277.00752054474054,104817400
2020-05-28,277.7869567871094,281.3352756373356,277.1176247426951,279.32730748503195,90405200
2020-05-29,279.0247497558594,279.61153803025144,274.577879005406,277.3193394971249,119090800
2020-06-01,280.1524963378906,280.7576401144218,277.8694755298853,278.38292576798335,55758300
2020-06-02,282.47216796875,282.51802872321025,279.739885508997,281.06934373149255,74267200
2020-06-03,286.23126220703125,287.1848241440649,284.1774623250431,284.4525148160505,92567600
2020-06-04,285.4795227050781,286.98321817364206,283.3890390401753,285.2503028822557,75794400
2020-06-05,292.7962646484375,294.565835177491,290.7974742690629,290.8616625425781,150524700
2020-06-08,296.3353576660156,296.5278944562294,293.06209232772414,293.60304767799335,73641200
2020-06-09,294.12579345703125,296.4088145420949,292.81463445829365,293.67650345846687,77479200
2020-06-10,292.48455810546875,295.5927930158741,291.76939322056137,294.7034187889176,95000800
2020-06-11,275.62310791015625,286.2039042091924,275.07300264511355,285.57125517345406,209243600
2020-06-12,278.9238586425781,283.38905659074294,273.7801789307393,282.6188812960742,194678900
2020-06-15,281.52777099609375,282.6555425806839,272.07474788246594,273.24835223856235,135782700
2020-06-16,286.9465026855469,289.40376017355715,282.09623192993956,289.2570561458452,137627500
2020-06-17,285.7546691894531,288.25776030514066,285.021148798676,287.9643521488298,83398900
2020-06-18,285.8646240234375,286.34139118127837,283.78331810749904,284.2417577526698,80828700
2020-06-19,284.2309875488281,289.5170263493881,282.2878438676283,289.32364222607004,135549600
2020-06-22,286.0543518066406,286.4503381503588,282.49041850503755,283.6323430698322,74649400
2020-06-23,287.37127685546875,289.627527981212,286.9660723422408,288.6973956071107,68471200
2020-06-24,280.040771484375,285.95305250280444,278.20816137818287,285.3360276763805,132813500
2020-06-25,283.0428771972656,283.30995008269394,277.4529233871567,279.4697269654065,89468000
2020-06-26,276.3203430175781,282.15896480300063,275.7401905770656,281.9471443823184,127961000
2020-06-29,280.3814697265625,280.51960120631884,275.2888164097337,277.572693256611,79773300
2020-06-30,283.97308349609375,285.6675903215087,279.792153347328,279.9486930198918,113394800
2020-07-01,285.96221923828125,287.2238950877985,284.62691073499315,285.08736775765794,72396500
2020-07-02,287.53692626953125,290.7324982838953,286.8738672084971,289.3879438992051,69344200
2020-07-06,291.9758605957031,292.55604108748975,290.60370731479867,291.34964563164624,61713800
2020-07-07,288.9644470214844,292.408657022588,288.5868688394488,290.43791531370204,82910000
2020-07-08,291.1746520996094,291.28515730964824,287.9698885921955,289.7288100254336,54638600
2020-07-09,289.51702880859375,292.0219167134949,286.10963481375455,291.78247001320926,83354200
2020-07-10,292.47308349609375,292.74015643400605,288.0250810957527,289.45248660102106,57550400
2020-07-13,289.9405517578125,297.18814022544717,289.2867107064114,294.81219454195264,102997500
2020-07-14,293.697998046875,294.4715626788139,287.3252587874631,288.5224361241147,93657000
2020-07-15,296.396240234375,297.4921303782736,294.0202658653574,296.91194993690715,87196500
2020-07-16,295.4201354980469,295.87137455654613,293.85456979097415,294.49922110661043,54622500
2020-07-17,296.2764587402344,297.059241275674,294.4530388686995,296.4238083554755,62774900
2020-07-20,298.6708984375,299.4168366870497,295.26350467471246,296.0094429242622,56308800
2020-07-21,299.30633544921875,301.0744749886083,298.32095050262376,300.63245415579655,57292200
2020-07-22,301.0099792480469,301.32311478404205,298.83663538971115,298.94714058873586,57792900
2020-07-23,297.4183654785156,301.35068608523807,296.055430800531,300.6507824803938,75738000
2020-07-24,295.5029296875,296.5251308789289,294.00183516323403,295.5674004213925,73766600
2020-07-27,297.6578674316406,297.83284336537673,295.4016165623497,296.19361733148213,48293000
2020-07-28,295.7700500488281,298.04470943209714,295.4753507358692,296.93038292448483,57495000
2020-07-29,299.4075012207031,299.9692732735679,296.60791529613834,296.644759718636,48454200
2020-07-30,298.33941650390625,298.7538392190765,294.36108771702493,296.4423351178069,61861700
2020-07-31,300.69696044921875,300.79827564756755,295.9174124541049,300.1259980165824,84986800
2020-08-03,302.7873840332031,303.551730444188,301.8112172413089,302.35455324026356,53077900
2020-08-04,303.9569091796875,303.9569091796875,301.9308868941844,301.9308868941844,41917900
2020-08-05,305.8448181152344,306.10270108517585,304.98837460760626,305.2554476092795,42697700
2020-08-06,307.88922119140625,308.00894452980793,304.942312718452,305.264638297825,43679400
2020-08-07,308.1102294921875,308.39571060773704,306.0197365507583,306.9222424636981,57308300
2020-08-10,309.03118896484375,309.21535494485994,306.6275882566364,308.5615137232704,44282100
2020-08-11,306.480224609375,310.84537688701096,305.7527226498275,310.2099438612299,69601100
2020-08-12,310.7532043457031,311.5267686882517,308.8837501585283,308.91137645275995,53774400
2020-08-13,310.1914978027344,311.4992082489788,309.2705836615696,309.9888955675153,41816100
2020-08-14,310.2007141113281,310.734860048338,309.0771977415584,309.80472777793506,47260400
2020-08-17,311.1861267089844,311.58211307766084,310.2099598864431,311.2137530113555,35481000
2020-08-18,311.8583679199219,312.281980541681,309.98888529540005,311.58207682428633,38733900
2020-08-19,310.5599060058594,312.7516581960092,309.99813372934017,312.2359484919656,68054200
2020-08-20,311.5268249511719,312.0056901723592,308.70883001435334,308.83774337602864,42207800
2020-08-21,312.6319274902344,312.85293788001695,310.8545419255064,311.1953037485117,55106600
2020-08-24,315.7998352050781,315.87349595788055,312.60426256204136,315.0630871567319,48588700
2020-08-25,316.90496826171875,316.9878471615432,315.2012714878101,316.36163229349035,38463400
2020-08-26,320.0821838378906,320.3492287448196,316.95108089894495,317.49441695300277,50790200
2020-08-27,320.7820739746094,322.227916207643,319.1244394337551,320.94785991195465,58034100
2020-08-28,322.8540954589844,322.9830369399693,320.616280645361,321.80426786042483,48588900
2020-08-31,321.68450927734375,323.51711938437126,321.4542807471516,322.64226783208227,66099200
2020-09-01,324.7143249511719,324.8156120146118,321.6200388879637,322.51332671022755,54908700
2020-09-02,329.4109802246094,330.3779287745175,325.47865908576307,326.6206116646277,69540000
2020-09-03,318.074462890625,328.1952975781308,315.4958871286197,327.7256224995525,148011100
2020-09-04,315.4775695800781,320.32155893623025,308.3865193279406,318.7560217314167,139156300
2020-09-08,306.85784912109375,315.5420924165605,306.553959764829,310.08104920352173,114465300
2020-09-09,312.9174499511719,315.37627517454166,309.98892137932586,310.8545829924272,91462300
2020-09-10,307.48406982421875,315.44075426286713,306.5263111431715,314.7869130200324,90569500
2020-09-11,307.64056396484375,310.32042738546795,304.8225690491499,309.26138178450964,84680200
2020-09-14,311.692626953125,313.4607946662511,307.78795955439836,310.79933901286097,65605700
2020-09-15,313.2673645019531,314.97103311859536,311.70179927663685,314.1422160421619,52920900
2020-09-16,312.0242004394531,315.9288682104032,311.7479092776505,314.50146223868563,82096000
2020-09-17,309.27978515625,310.99269998077335,306.6551743743273,307.1801021515254,91523300
2020-09-18,305.7191162109375,310.1941787550104,303.24119391420174,310.08323122180803,105877900
2020-09-21,302.316650390625,302.4645898682485,297.4717524188794,301.142417821237,99450800
2020-09-22,305.3955383300781,305.95030428150574,301.29030979270976,303.79599750028683,63612100
2020-09-23,298.3131408691406,306.22771947563723,297.8138486616711,305.9503223752341,93112200
2020-09-24,299.1082763671875,302.1594468796686,295.6872430633771,297.0001882528296,76681300
2020-09-25,303.9439697265625,304.729857674503,297.3885547651494,298.257653382287,71069400
2020-09-28,308.9922790527344,309.70421136202526,307.106085914168,308.0954153354496,64584600
2020-09-29,307.3094177246094,309.5284529495285,306.61596745328694,308.78878394674337,51304000
2020-09-30,309.63946533203125,312.78310129067506,307.78100935569034,307.97516755399596,104081100
2020-10-01,311.6272888183594,313.19909237726694,309.7503513632841,312.2282733619582,88698700
2020-10-02,308.66864013671875,311.59963625667905,306.2184543549931,306.69000965854815,89431100
2020-10-05,314.14227294921875,314.32717611812427,310.67502109585257,310.72123983393703,45713100
2020-10-06,309.67645263671875,316.37057974539914,309.16793362544905,314.28097349200937,90128900
2020-10-07,315.06689453125,315.87129250041943,312.5981986311307,312.62593551915137,56999600
2020-10-08,317.85919189453125,317.9239207082548,316.08394633419226,316.99932011187576,45242500
2020-10-09,320.69775390625,321.16005424971684,318.8855444605007,319.50501111946494,59528600
2020-10-12,325.85699462890625,327.32710625079835,322.7410950073578,323.23113221465513,80388500
2020-10-13,323.7303466796875,325.89390825718806,322.7687543508322,325.7182319216309,73255500
2020-10-14,321.6962585449219,325.39466069842285,320.96584443553525,324.30363883511666,57727900
2020-10-15,321.2987060546875,321.7794882050628,317.25820597808996,317.7944619067174,60357700
2020-10-16,321.1045227050781,324.30363260576735,320.92884634883575,322.648589773227,89501900
2020-10-19,316.22259521484375,322.9906487706289,315.32573168859045,322.3619272638812,68425600
2020-10-20,317.4894104003906,320.7255130289656,316.805214873939,317.56336604517907,60051900
2020-10-21,316.8883361816406,319.6066638803036,316.5832022185799,317.443073902537,63575000
2020-10-22,318.6265563964844,319.2090592108434,314.9651464132425,317.10097125484754,55399300
2020-10-23,319.70843505859375,319.9025933086826,317.25824879984316,319.84711952294293,49143900
2020-10-26,313.8002014160156,317.1195140807674,310.31443920384794,316.33359795190205,91473000
2020-10-27,312.7183532714844,314.47508841544396,312.5056850182194,314.1422458102279,65994100
2020-10-28,302.0299987792969,312.7461150486337,301.5399616493468,307.059827691063,127094300
2020-10-29,305.099609375,308.2617265191233,300.57830047929804,302.261079754379,90597700
2020-10-30,301.9190979003906,304.8315842442729,298.27616915749184,303.52789396877716,120287300
2020-11-02,305.3031005859375,307.30021286282704,302.56626275236454,305.3031005859375,86068300
2020-11-03,310.6935119628906,312.746126248305,305.38631400131226,308.52995012960014,93294200
2020-11-04,317.6372375488281,321.70547377095147,313.9850545875487,315.15928696801785,126959700
2020-11-05,323.83203125,325.635013295376,322.5560781983881,322.9074308608974,82039700
2020-11-06,323.7581481933594,325.0063646417054,321.43739166729375,323.5454798982403,74973000
2020-11-09,327.826416015625,336.90600149766686,327.36411567397204,336.5269118315226,172304200
2020-11-10,327.34564208984375,328.39967222282814,324.0818027239641,326.8370947712311,85552000
2020-11-11,329.77734375,330.6002236995473,328.28872195189047,329.52768350264563,58649000
2020-11-12,326.57818603515625,329.82354332955566,324.7752317067129,328.7694850499286,67546200
2020-11-13,331.0994567871094,331.8391259274995,327.96504743366876,328.48282147525566,62892200
2020-11-16,335.232421875,335.42658008620566,332.4771021299016,333.762310414162,74541100
2020-11-17,333.429443359375,334.63144099542336,331.3213552496351,332.8284586496354,66111000
2020-11-18,329.41668701171875,334.2431030727179,329.3796950886092,333.69759212727365,70591300
2020-11-19,330.8035888671875,331.173423449706,327.44728430310664,328.7879664083773,59940900
2020-11-20,328.538330078125,330.7481391320541,328.4643744428736,330.5447258643978,70417300
2020-11-23,330.50775146484375,331.7652230633756,328.11303908751194,330.341330114274,63230600
2020-11-24,335.8334045410156,336.37891546594994,332.1997312419318,333.0503479254816,62415900
2020-11-25,335.31561279296875,335.77791303204526,334.22459100072433,335.75017614636334,45330900
2020-11-27,336.2494812011719,336.7210082758483,335.24164181075275,336.40664748720786,28514100
2020-11-30,334.7608947753906,335.74096916518056,332.08881368370197,335.47282708749947,83872700
2020-12-01,338.4222717285156,339.95711197569057,337.4144605490259,338.00621842500254,74231400
2020-12-02,339.1342468261719,339.2914131198718,336.73953476512753,337.3127825968703,45927000
2020-12-03,339.04180908203125,340.42871003443537,337.94153206913154,339.03255404637883,62882000
2020-12-04,341.9634704589844,341.9634704589844,339.53176684344106,339.62423252861316,50749900
2020-12-07,341.2607421875,341.7507792477723,339.99404421377153,341.19601339057107,48944300
2020-12-08,342.2593078613281,342.82330050432506,339.9478070951528,339.99402582385153,42458900
2020-12-09,339.18963623046875,343.0729406811119,338.35750157794257,342.9157744265064,74098300
2020-12-10,339.0787353515625,340.1235101648178,336.9521373730438,337.8212640589187,57735400
2020-12-11,338.68121337890625,339.08803993012464,335.87044766430864,337.38677808710827,57698600
2020-12-14,337.16485595703125,341.9172883370529,336.98917958686485,340.84477647871296,69216200
2020-12-15,341.7231750488281,341.7231750488281,338.3299062242927,339.69829722459764,63865300
2020-12-16,342.2593078613281,343.1746531354337,341.0573105329797,341.9356921107512,58420500
2020-12-17,344.17333984375,344.37675311713696,343.07306280359876,343.8959709330282,64119500
2020-12-18,342.799072265625,344.62830083764095,340.79341847573585,344.461170106029,136542300
2020-12-21,341.5733947753906,351.415944151772,336.1600082036477,338.8899235370573,96386700
2020-12-22,340.9976501464844,342.0097572148125,339.87412260631737,341.8983367429737,47949000
2020-12-23,341.3041076660156,343.20760697353194,340.979112376798,341.9633643931626,46201400
2020-12-24,342.6319580078125,342.6598131310871,341.19272941054123,341.7776869993081,26457900
2020-12-28,345.5754699707031,345.9654417210335,344.5540681584186,345.1761753962295,39000400
2020-12-29,344.91607666015625,347.27458040793783,344.3310908811892,347.09815522580993,53680500
2020-12-30,345.408203125,346.43889910302494,345.018231496331,345.73319837345264,49455300
2020-12-31,347.1632080078125,347.8874694685123,344.7025779385661,345.2132645868987,78520700
2021-01-04,342.4369201660156,348.62101162593734,338.75060828235917,348.49100217915696,110210800
2021-01-05,344.79534912109375,345.88175529048493,341.74973372476126,341.79617780811327,66426200
2021-01-06,346.85675048828125,350.0416701451585,342.743317442046,343.29115366008426,107997700
2021-01-07,352.0101623535156,352.75298437501374,349.0481120785787,349.2245372676321,68766800
2021-01-08,354.0157775878906,354.22932401916887,350.1530411521562,353.39364225101247,71677200
2021-01-11,351.6294250488281,353.38435395902115,350.72873855239686,350.84945349576,51034700
2021-01-12,351.7037658691406,352.71587302635754,349.4659767403623,351.8152146876118,52547700
2021-01-13,352.65087890625,353.6443970420134,350.84950564563337,351.6294773146356,45303600
2021-01-14,351.4159851074219,353.89520462901476,351.0817236007902,353.39378403221525,49989100
2021-01-15,348.85321044921875,350.5988454547158,346.9961266104406,349.80031300572944,107160000
2021-01-19,351.59234619140625,352.13091630295105,349.8281224423444,351.3045005009363,51233300
2021-01-20,356.4579162597656,357.29359819142803,353.48657123958117,353.87654291716206,61836100
2021-01-21,356.7828674316406,357.4421524664681,355.86362018115483,357.01500286554875,47840100
2021-01-22,355.5201110839844,356.6807884063507,354.554419617458,354.93512517961597,52860500
2021-01-25,356.9222106933594,357.27503278883,351.4159360582794,356.25365943655754,70402000
2021-01-26,356.3651123046875,358.2779063977357,356.1329768241054,357.8693456849632,42665300
2021-01-27,347.65533447265625,353.14301984374345,345.4268398473695,353.05015999751345,123351100
2021-01-28,350.6451721191406,354.6378897005829,349.02951878829003,349.465906140877,94198100
2021-01-29,343.6254577636719,349.75383907984985,341.9540655846165,348.78814770996314,126765100
2021-02-01,349.3453369140625,350.3760048440203,343.91336101234145,347.01468762606163,75817600
2021-02-02,354.2851257324219,355.83580306474755,349.42887007201125,352.52090191367535,64450700
2021-02-03,354.56365966796875,356.281467508707,353.2915620518551,355.11149587959494,52427100
2021-02-04,358.5935974121094,358.64001317221204,354.6751494739212,355.59439688401244,47142600
2021-02-05,360.00494384765625,360.7106447040377,358.54715471512554,360.45994861198795,48669800
2021-02-08,362.6048583984375,362.6512741525483,360.59920475972706,361.4534473259199,38365200
2021-02-09,362.36346435546875,362.95774475328056,361.3606516052226,361.76918395765694,35551100
2021-02-10,362.20562744140625,364.24843104388964,359.81000170472225,364.09986093308623,59154400
2021-02-11,362.7905578613281,363.7005390243798,360.3670773709089,363.2826838806573,42913300
2021-02-12,364.58270263671875,364.8241042599518,361.9177635996305,361.9920628197405,50593300
2021-02-16,364.2669372558594,366.0033342269587,363.55197027023985,365.8083200461877,50972400
2021-02-17,364.3504638671875,364.6011599060725,361.5091004089487,362.5212357222634,52290600
2021-02-18,362.7998352050781,363.54265727343494,360.0327705772848,361.7505784893111,59712800
2021-02-19,362.1591796875,364.34125872083973,361.71346939446187,364.05341301185115,83241000
2021-02-22,359.3734436035156,361.77836287541686,359.10415861322616,359.4012987172118,67414200
2021-02-23,359.8099060058594,361.15630279532843,353.0315629822929,357.1728509983925,107284100
2021-02-24,363.77484130859375,364.2019909749651,357.7393191021612,358.7235712258007,72433900
2021-02-25,355.00933837890625,363.8769286831077,353.5701100677541,362.5119712403062,146670500
2021-02-26,353.1801452636719,358.0271345906392,351.20237503364604,356.8850463128118,152701600
2021-03-01,361.7412414550781,362.9855121953321,353.37510050582176,358.0363693607086,105348800
2021-03-02,358.9185485839844,362.19629994312015,358.41712808705853,361.9641644974679,79595300
2021-03-03,354.1644287109375,359.18781495345684,354.06227437694446,358.22215187611573,119940200
2021-03-04,349.7817077636719,356.5600515760826,345.306129482108,353.9787065028338,183433000
2021-03-05,356.21649169921875,357.2657484566025,346.01182648724296,353.27300175449477,152039600
2021-03-08,354.4429626464844,359.9770636155982,354.1644114525265,357.1728776946545,123149200
2021-03-09,359.5035095214844,362.04770476168795,357.77640719038783,358.2778276525571,113633600
2021-03-10,361.7412414550781,363.43119404918576,360.43202267254077,361.8433957711477,109899400
2021-03-11,365.40899658203125,367.37750035793965,363.7468990842494,364.2019037645304,86245000
2021-03-12,365.9011535644531,366.04042915723414,363.2455378059453,364.0533645809201,64653600
2021-03-15,368.083251953125,368.343242519141,364.0162344057818,366.15186917399524,73427200
2021-03-16,367.6190185546875,369.40180309295295,366.8483129268186,368.6961305342788,73722500
2021-03-17,368.8725280761719,369.6710604301495,365.1954821103504,366.33759873657715,97959300
2021-03-18,363.50555419921875,368.37110416522074,362.8277084837041,366.2911796002453,115349100
2021-03-19,362.83294677734375,364.77995178052817,360.66234252833834,363.205574280837,113624500
2021-03-22,365.730224609375,367.1089779028957,363.2894813107104,363.34537402520954,73778600
2021-03-23,362.8515930175781,366.54065388487237,362.06906667782835,365.09671154896347,90686600
2021-03-24,361.0069580078125,365.8791463078982,360.9603902394682,364.2488764007338,97588600
2021-03-25,363.0378723144531,363.82969504622673,357.63467436503356,359.5723827433269,116128600
2021-03-26,368.8882751464844,369.2888490443927,363.58756519155156,364.18376357430776,114409100
2021-03-29,368.7018737792969,369.60551031662703,365.935071468474,367.4162848468423,108107600
2021-03-30,367.7237548828125,368.39449575639236,366.1307275395253,367.4349664373488,76262200
2021-03-31,369.2143249511719,370.7700812685605,368.26412040470916,368.2920667610857,112734200
2021-04-01,373.2014465332031,373.25736766767085,370.93770669938243,371.14265609357545,99682900
2021-04-05,378.55810546875,379.0984396024881,375.7820059480064,375.8565200890422,91684800
2021-04-06,378.3345031738281,379.3778716395841,377.66376224160524,377.9991469225459,62021000
2021-04-07,378.7723083496094,379.1169894924743,377.7103185696919,378.16678511784755,55836300
2021-04-08,380.5703125,380.6262052108521,379.089098803099,380.02068189018087,57863100
2021-04-09,383.33709716796875,383.5048037222059,380.32810213483407,380.4492124791382,61104600
2021-04-12,383.476806640625,383.7469452179368,382.13532496213276,382.74084817389485,56704900
2021-04-13,384.6133117675781,385.2374848347506,382.99236657978923,383.374318989603,56551000
2021-04-14,383.2998352050781,385.63808919365846,382.7595011466084,384.58539585907903,61659900
2021-04-15,387.41741943359375,387.6875864651336,385.3865753074208,385.43314308577106,60229800
2021-04-16,388.7122802734375,389.31780345743056,387.28695960911085,388.70295534718036,82037300
2021-04-19,386.8026123046875,388.227933315343,385.4797802188034,387.78079162080644,78498500
2021-04-20,383.9705505371094,386.6907567846418,382.4986335803177,385.5914957452918,81851800
2021-04-21,387.6037292480469,387.80867863656937,383.2159530341772,383.3557132219947,66793000
2021-04-22,384.0637512207031,388.26520006438915,383.001761278924,387.43610589568067,97582800
2021-04-23,388.2278747558594,389.6345741269456,384.54813911119874,384.6226532391619,73209200
2021-04-26,389.0382995605469,389.60657988132425,388.2930446539053,388.8799463969704,52182400
2021-04-27,388.9545593261719,389.5321647196547,387.81802682554365,389.3365118024942,51303100
2021-04-28,388.84271240234375,390.342575715046,388.3769209336228,389.2246648182536,51238900
2021-04-29,391.3207702636719,391.93561848281814,387.9484442011052,391.5629909520302,78544300
2021-04-30,388.7496337890625,389.90481621732505,387.8553219330377,389.05707214653626,85527000
2021-05-03,389.5880432128906,391.1158246327663,389.0943053331574,390.73387217038277,68128300
2021-05-04,387.1844787597656,388.0974402326931,383.5047433776642,387.6037024349062,101591200
2021-05-05,387.3056335449219,389.0570141395226,386.7466780571217,388.8241183887439,60162200
2021-05-06,390.39849853515625,390.52890537303807,385.3772524687335,387.38015025282107,74321400
2021-05-07,393.2398681640625,393.8919877300399,390.4823900464042,391.1624559692286,67733800
2021-05-10,389.3458251953125,393.81741249794896,389.22471484913274,393.59384166171475,81852400
2021-05-11,385.8710021972656,386.8584779431412,382.0049382756216,384.8369586713548,116888000
2021-05-12,377.6729736328125,384.36173108829996,376.3594385175176,383.0947921692254,134811000
2021-05-13,382.2098388671875,384.1382223326197,379.17286945378146,379.2194656575238,106394000
2021-05-14,388.078857421875,388.9266014154042,384.9114807136324,384.9394270681594,82201600
2021-05-17,387.0914001464844,387.9019013257999,385.07917723544665,386.9703182241895,65129200
2021-05-18,383.7562561035156,387.5943730427938,383.5978745039429,387.3521523950896,59810200
2021-05-19,382.75018310546875,382.9271861523255,377.5985301803542,379.0797721892408,106467100
2021-05-20,386.8678283691406,388.12547123922195,383.5048270266521,383.6259089486558,78022200
2021-05-21,386.5510559082031,389.5880256140857,386.0945893314259,388.3490042918943,76578700
2021-05-24,390.4916687011719,391.5629834929008,388.54463516280316,388.7868558465473,51376700
2021-05-25,389.6252136230469,391.9262244678643,389.0476367876896,391.572218425638,57451400
2021-05-26,390.39849853515625,390.90153289083105,389.1781270673312,390.21217056143115,43088600
2021-05-27,390.6034240722656,391.9355808710809,390.3239321287522,391.4232216191229,56707700
2021-05-28,391.3021240234375,392.42933147222897,391.0692282777566,392.1684893742527,58520200
2021-06-01,390.95745849609375,393.7987753351119,390.5196133395258,393.65904356804924,54216600
2021-06-02,391.5722961425781,392.410743642536,390.60347022695476,391.6095674253817,49097100
2021-06-03,390.1189880371094,391.2555203916502,387.79935555163786,389.2619476298755,58138800
2021-06-04,393.6869812011719,393.9850945840739,390.18422002621526,391.96354696648706,55938800
2021-06-07,393.30499267578125,393.85462318339853,392.37340976192394,393.6776201553933,51555000
2021-06-08,393.38897705078125,394.2553426576011,391.5630818254087,394.16217864586815,47134300
2021-06-09,392.802001953125,394.30186550282065,392.5784311103021,394.22732293544,48436300
2021-06-10,394.6278991699219,395.5781321168516,392.70884027859677,394.0223758472598,51020100
2021-06-11,395.280029296875,395.39181472194224,393.89197955285624,395.1775688004502,45570800
2021-06-14,396.1650085449219,396.26746903201445,394.1527857880061,395.3917787091995,42358500
2021-06-15,395.4383544921875,396.3512876197017,394.56266421460623,396.3140447697688,51508500
2021-06-16,393.23046875,395.8016468115362,391.19032822728997,395.57807599910893,80386100
2021-06-17,393.10009765625,394.07824847919915,390.63140827908353,392.82063411530976,90949700
2021-06-18,387.7970275878906,390.5167781405025,387.5914076691271,389.8251604695109,118676300
2021-06-21,393.34869384765625,393.53563141151994,388.74097097735967,389.5540951870982,72822000
2021-06-22,395.4515686035156,396.28340358966534,392.6196388178262,393.33932268734105,57700300
2021-06-23,394.9749450683594,396.3301424887815,394.8908317268986,395.5263737663793,49445400
2021-06-24,397.3114929199219,397.73205959660106,396.8628599421337,397.11522847080494,45110300
2021-06-25,398.7227783203125,399.17141131218983,397.73207208724824,398.0591985278256,58129500
2021-06-28,399.526611328125,399.69483801915226,398.04990728021846,399.2462335097463,53159600
2021-06-29,399.74163818359375,400.5454070483023,399.2088917373543,399.9098648962996,35970500
2021-06-30,400.0780029296875,400.75093815402226,399.25552337520446,399.2835611544407,64827900
2021-07-01,402.2929992675781,402.45189900254746,400.76954698896014,400.83497796939804,53441000
2021-07-02,405.3679504394531,405.7231146008225,402.3771213651781,403.45196928174124,57697700
2021-07-06,404.6296691894531,405.63908633581775,401.90056347036705,405.42411100289456,68710400
2021-07-07,406.05975341796875,406.34015981579034,403.3026092367635,405.3120600691236,63549500
2021-07-08,402.7510986328125,403.50814726468866,399.57333123869796,400.7509751205796,97595200
2021-07-09,407.0503234863281,407.3494121346729,402.55475241821676,404.2557870176814,76238600
2021-07-12,408.5084228515625,408.76079142536776,406.53636552867664,406.9662877159468,52889600
2021-07-13,407.1158142089844,409.2187334442086,406.854118733952,407.72331850573784,52911300
2021-07-14,407.72332763671875,409.29352904474496,406.48028123314407,408.8075027783235,64130400
2021-07-15,406.3306579589844,407.059668694347,404.4333589603699,406.3867335138074,55126400
2021-07-16,403.1435852050781,407.5550430583768,402.7510563008199,407.5083229344722,75874700
2021-07-19,397.19000244140625,403.20902632092094,394.38611039278754,398.3302530154178,147987000
2021-07-20,402.88189697265625,404.15300952398457,397.05913759218004,397.85357937142714,99608200
2021-07-21,406.1438293457031,406.2840467930264,402.8352566332123,404.0783031286955,64724400
2021-07-22,406.9942932128906,407.23730633204167,405.3400070746696,406.3213579405747,47878500
2021-07-23,411.1815490722656,411.5180025288219,408.2374672367041,408.9197295867233,63766600
2021-07-26,412.1908264160156,412.20018185039044,410.5458957579973,410.59261588453984,43719200
2021-07-27,410.312255859375,411.1814556139232,407.48965273178777,411.15341783224966,67397100
2021-07-28,410.1439514160156,411.51785959844165,408.72332311063053,410.93839316496434,52472400
2021-07-29,411.8450927734375,412.9199125840506,411.0600062546591,411.0693616907412,47435300
2021-07-30,409.8449401855469,411.29360644207577,409.1532940336554,409.28415602981516,68951200
2021-08-02,408.9850158691406,412.10667876520074,408.6298516644557,411.5552501136449,58783300
2021-08-03,412.3123474121094,412.43385397257424,407.5924735593852,409.7795060797524,58053900
2021-08-04,410.2841796875,412.28427447929056,410.0505220211944,411.03187281061224,46732200
2021-08-05,412.88250732421875,412.96662067268136,411.1253968736616,411.4431679198543,38969700
2021-08-06,413.5648193359375,413.98541465155415,412.91992173075016,413.2003281153851,46930000
2021-08-09,413.228271484375,413.85445807390835,412.46186747322616,413.5366870620658,41222600
2021-08-10,413.7423095703125,414.4526380263717,412.9946164227404,413.676878576167,43339300
2021-08-11,414.7704162597656,414.8638850355054,413.6862412110491,414.80780947459465,44034300
2021-08-12,416.0134582519531,416.1536756754447,413.7236301446858,414.6208676326382,38909400
2021-08-13,416.77056884765625,416.7892511950456,415.9761269822574,416.46212471839107,39470300
2021-08-16,417.751953125,417.8827866125121,413.91996092666375,415.471451563948,73740000
2021-08-17,415.0134582519531,415.87330259419554,412.03198379117543,415.2003672937734,92673900
2021-08-18,410.47113037109375,415.5648794226537,410.2281457688839,414.004033503329,89351900
2021-08-19,411.10662841796875,412.30298304453,407.6111188768107,407.7513077712783,92812200
2021-08-20,414.37786865234375,414.7049951138694,410.96647217681397,411.4524984131377,72008700
2021-08-23,418.02301025390625,418.92960333483194,414.45271350034966,416.06027973077454,54973000
2021-08-24,418.6865234375,419.21926979163254,418.1724879522138,418.6865234375,38744700
2021-08-25,419.5650634765625,420.07909894332823,418.4995708066867,418.87344589815075,40529700
2021-08-26,417.0882873535156,419.5183042507706,416.9948185830064,419.2846465858296,57829600
2021-08-27,420.8175048828125,421.19135148689224,417.83603043980827,417.8921060042868,77235100
2021-08-30,422.6680908203125,423.4531772582027,421.24743377041483,421.4904469021432,48357400
2021-08-31,422.0418701171875,422.9110698917558,421.4437212534849,422.5746165039233,59300200
2021-09-01,422.26617431640625,423.49053835442544,422.03251662178167,422.97650283531857,48721400
2021-09-02,423.5652770996094,424.3690457877398,422.3689509787344,423.6867836507604,42501000
2021-09-03,423.4624938964844,423.9765579301553,422.0325099688313,422.4344228744772,47170500
2021-09-07,421.9483947753906,423.2101520054819,421.27545948751975,423.1166832249812,51671500
2021-09-08,421.4343566894531,422.14468518971387,419.5183465302411,421.4156743425341,56181900
2021-09-09,419.6304626464844,422.98578312246457,419.387449559995,421.2380284408069,57970400
2021-09-10,416.3218994140625,421.9764037145198,416.2003928599835,421.5558370150139,89948200
2021-09-13,417.3873596191406,419.57442052650157,415.07882068151736,419.3127250750678,83738600
2021-09-14,415.1349182128906,419.03231214319595,414.2470076652523,418.8266922544094,78197100
2021-09-15,418.6023864746094,419.09773958576324,414.4526240434599,415.55548138185304,78792200
2021-09-16,417.93890380859375,419.05108831666365,414.99479371388514,418.0790927362773,77786700
2021-09-17,413.86773681640625,417.5901098184233,413.5114346800141,417.1681956679975,118425000
2021-09-20,406.9667663574219,409.3295710757895,402.10984707082173,407.75436793021106,166445500
2021-09-21,406.58233642578125,410.59537031179264,406.05726871090457,409.30144322368784,92526100
2021-09-22,410.5484313964844,412.58309005146594,406.69480673198865,408.8513325900805,102350100
2021-09-23,415.53662109375,417.1399803704705,412.17993634176355,412.41434258074156,76396000
2021-09-24,416.22113037109375,416.9337345501658,413.6895313452658,413.9051954031547,62094800
2021-09-27,415.03033447265625,416.3523605127942,414.33647253059087,415.18971469523467,61371100
2021-09-28,406.66668701171875,412.5924834545763,405.9353407086728,412.2643090052773,130436300
2021-09-29,407.3511962890625,409.77964162679973,406.7886155612909,408.045029638689,82329200
2021-09-30,402.3724060058594,409.5264607159928,402.03484612674845,408.82324196639286,140506000
2021-10-01,407.15423583984375,408.83259245748525,400.5815046124614,404.0975980601775,129240100
2021-10-04,401.903564453125,406.8917073430287,399.7657521393978,405.9915954205408,128570000
2021-10-05,406.0853576660156,408.3262663404989,402.6067772325321,403.4037355215152,90682500
2021-10-06,407.7730407714844,407.9793193826561,400.8721356232664,402.49420829771526,113032200
2021-10-07,411.2985534667969,414.1301704422201,410.86725401277494,411.0454050378357,72437500
2021-10-08,410.5484313964844,412.4518374427157,409.9202387275282,412.0674077940218,74557400
2021-10-11,407.5762634277344,412.79884218436496,407.5106228023292,409.89219860577384,65233300
2021-10-12,406.572998046875,408.89831863461245,405.78539638345933,408.4951467022772,71181200
2021-10-13,408.0356750488281,408.85140428938456,404.62273464026305,407.5949901170963,72974000
2021-10-14,414.8990478515625,415.0490712799511,411.2235453911505,411.69235787459854,70236800
2021-10-15,418.058837890625,418.42452536112467,416.3898666001841,417.00870250976914,66260200
2021-10-18,419.2965087890625,419.6340400404351,415.621006350095,416.27735526871015,62213200
2021-10-19,422.53131103515625,422.59692303340495,420.30911592133424,420.91859501540216,46996800
2021-10-20,424.1908874511719,424.4909342886698,422.87821830467027,422.9907287152216,49571600
2021-10-21,425.29730224609375,425.5223230800388,423.15951848148666,423.59081795122904,41305400
2021-10-22,424.856689453125,426.3100255563803,422.91579858892055,424.8660748608127,58845100
2021-10-25,427.13507080078125,427.46324528395957,424.1722008875209,425.9442973142117,45214500
2021-10-26,427.5194091796875,429.8915988533881,427.1443649707542,428.6820834256312,56075100
2021-10-27,425.62548828125,428.6446418796485,425.55046225853243,427.9789361517596,72438000
2021-10-28,429.73236083984375,429.80735826082883,427.04138126749586,427.05073806133873,51437900
2021-10-29,430.6042175292969,430.8948789471614,427.1443795021593,427.43504092002377,70162400
2021-11-01,431.3449401855469,431.96377601475064,429.6197139105118,431.5887031868409,48433600
2021-11-02,433.0889892578125,433.398421537022,431.38250486096626,431.51378609797507,48908400
2021-11-03,435.73309326171875,436.1362651463071,432.08571825925554,432.5264031559585,52509800
2021-11-04,437.7864074707031,437.8707902706895,435.98615522887786,436.33307183350144,52847100
2021-11-05,439.30548095703125,441.2932415636286,437.7959183013962,440.00869977242445,66390600
2021-11-08,439.6804504394531,440.8993800137787,438.99600255528054,440.4024399467041,50405200
2021-11-09,438.2271728515625,440.2805738708811,436.8207353651275,440.0461676231419,51149100
2021-11-10,434.70159912109375,438.2270774763035,433.2201645479793,436.53933569147347,69429700
2021-11-11,434.84234619140625,436.2675545379645,434.8236039920207,436.19252851233256,34848500
2021-11-12,438.1240539550781,438.67724930991125,435.16115531508916,436.1081657875227,53466700
2021-11-15,438.2740783691406,439.56800554034606,437.14894545673525,439.40862530276064,46980500
2021-11-16,440.0086364746094,441.14315465497026,437.9364933419403,438.0114907479462,48857500
2021-11-17,438.93975830078125,439.9242530537252,438.32092239942926,439.74610202390977,47858300
2021-11-18,440.4305725097656,440.6931063478928,437.25201023461375,439.9711168325113,50625600
2021-11-19,439.64300537109375,441.5651251990252,439.27731788187225,440.31806790988196,57315600
2021-11-22,438.4053649902344,444.0029878555942,438.1990863283232,441.51828711942284,72762000
2021-11-23,438.9866027832031,439.83984487309516,435.47989482517465,438.0771054886185,73206500
2021-11-24,440.1586608886719,440.28055671099236,436.17375483241744,436.9894839645097,61858800
2021-11-26,430.341796875,434.9642817891199,429.21663530001194,433.5015889100639,112669600
2021-11-29,435.62054443359375,437.45828126856935,432.9295654860119,435.12360436955294,86268800
2021-11-30,427.1444396972656,435.08612453579684,426.90064804249147,433.1827469437874,148559600
2021-12-01,422.40008544921875,435.68624501124225,422.2031922004538,432.8452422514508,131939200
2021-12-02,428.86962890625,430.43547509903107,422.2218717157111,422.61568676881933,127637800
2021-12-03,425.1379089355469,431.58874442702455,420.9185967447433,430.5292522904625,137331600
2021-12-06,430.17303466796875,432.04828489860165,425.26924501380654,427.6789484275413,98977500
2021-12-07,439.07098388671875,439.63356454550274,430.04165158605986,435.44238012792107,95484700
2021-12-08,440.2336730957031,440.68374339000826,437.7114595944113,439.46484235390875,72238800
2021-12-09,437.261474609375,440.3368838174408,437.0645813487315,438.9491883572712,61272600
2021-12-10,441.3775939941406,441.52761743144606,437.41145846142433,439.9617996675269,77159800
2021-12-13,437.4677734375,441.20888863236604,437.18646872385557,440.8619719048485,87724700
2021-12-14,434.4579162597656,436.6894683893485,431.5419161774256,434.20476780499797,97264100
2021-12-15,441.2463073730469,441.49007040259744,432.00131048296834,434.51416709666717,116899300
2021-12-16,437.3552551269531,443.3747924623618,435.8081507648726,443.09351636782804,116568600
2021-12-17,432.700439453125,437.2827106378424,430.99737826772844,434.28117656754216,135511600
2021-12-20,428.09942626953125,428.4945962518149,424.4863000014907,427.62896667138153,107134800
2021-12-21,435.7019958496094,435.84312797159805,429.3507919289712,431.5148943716561,69806300
2021-12-22,440.05841064453125,440.17131633051764,435.25029960943573,435.44791327448115,58890200
2021-12-23,442.7966003417969,444.29265848850883,440.9524066704167,441.0558940038796,56439700
2021-12-27,449.0630798339844,449.11011430535285,444.1232543282057,444.17028879957417,56808600
2021-12-28,448.696044921875,450.5214301033936,447.9339028188725,449.49583182545905,47274600
2021-12-29,449.27008056640625,450.28626060152465,447.8022490075834,448.7996209971791,54503000
2021-12-30,448.0279846191406,450.7001910745442,447.5669435079559,449.6934008752194,55329000
2021-12-31,446.8988952636719,448.68663568101795,446.6260494189647,447.53874202831184,65237400
2022-01-03,449.4864196777344,449.6181621243115,445.8544860219246,448.15972040589463,72668200
2022-01-04,449.3359375,451.6223929028808,447.48232558918886,450.9072851460478,71178700
2022-01-05,440.70770263671875,449.7405319442751,440.61360498167255,448.9689713732978,104538900
2022-01-06,440.293701171875,443.0035528678846,437.9319849605687,440.2466667010779,86858900
2022-01-07,438.552978515625,441.47925183914367,437.1980527186537,440.3031029677847,85111600
2022-01-10,438.00726318359375,438.2236562011222,429.62367048499374,435.36328278709937,119362000
2022-01-11,441.9967041015625,442.0908017452963,434.7516162526011,437.74376052174716,74303100
2022-01-12,443.191650390625,445.2428756029094,441.2345515344107,443.72798110407143,67605400
2022-01-13,437.08514404296875,444.9418241930247,436.05954567988096,444.29258772329274,91173100
2022-01-14,437.2638854980469,437.6120209390258,432.7286489573756,433.9424425259686,95890900
2022-01-18,429.5201110839844,432.7851012078921,428.40983354006795,432.5780978764357,109709100
2022-01-19,425.0601806640625,432.455790611051,424.7873060995941,431.0632487949444,109357600
2022-01-20,420.35565185546875,431.6372638548228,418.2385836592185,426.9420862438029,122379700
2022-01-21,412.10382080078125,421.58827414534477,412.07559437204594,419.2359760354794,202271200
2022-01-24,413.8538818359375,414.36198622480896,395.90115681307793,406.5053054589265,251783900
2022-01-25,408.8010559082031,413.7408803782195,401.91352232708414,407.47435674765063,167997300
2022-01-26,407.7755432128906,417.80574473347866,403.5225703047687,414.6818862839636,186391100
2022-01-27,405.761962890625,415.50048178403745,404.07773829561154,412.36723366568094,149878300
2022-01-28,415.8391418457031,415.88617630742215,402.5439524748477,407.11680479333506,164457400
2022-01-31,423.3289489746094,423.6770844746201,413.82565957531546,415.17116710249303,152251400
2022-02-01,426.1893005371094,426.8291186076498,420.5343677869096,424.053395889453,123155400
2022-02-02,430.3293151855469,431.0538124863708,426.2833462117449,428.58860927324656,117361000
2022-02-03,420.2145080566406,426.208158589354,419.37707621036856,424.30751219871513,118024400
2022-02-04,422.1904602050781,426.0293979401201,417.60815954090174,419.9792943228935,118454400
2022-02-07,420.8354187011719,424.3450280068108,419.50871953612705,422.95248633834746,84472900
2022-02-08,424.29803466796875,425.2201456654425,418.91597660458353,420.33677354523064,81012000
2022-02-09,430.50811767578125,430.82802671260504,428.1275935863995,428.32517855026134,92589900
2022-02-10,422.77374267578125,430.6680383540824,420.778998939607,424.67438876665915,140103700
2022-02-11,414.437255859375,424.92849902096657,413.0070690365457,422.85849404433793,153214600
2022-02-14,413.0823059082031,415.50989334254666,409.61973040303707,413.9291560964369,123006300
2022-02-15,419.7440185546875,419.9133771021189,416.99652213320917,417.5140448697904,88482700
2022-02-16,420.2145080566406,421.5882420080019,415.8298212683436,417.7022412323989,84863600
2022-02-17,411.23809814453125,420.186247943638,410.63592485416507,417.0341632264874,102259100
2022-02-18,408.5752868652344,412.74355133918664,406.30766852315804,411.49211293034836,132642900
2022-02-22,404.1905822753906,409.77022506154026,400.6997521061171,406.37352124987865,124391800
2022-02-23,397.0207824707031,407.66257403498787,396.4562253293039,407.09801689358864,132578000
2022-02-24,402.9956359863281,403.42847944353576,386.3790300752348,386.7365552102814,213942900
2022-02-25,411.8872985839844,411.97197784953823,402.5815957478885,404.22820402320997,121804500
2022-02-28,410.8335266113281,412.3107765451423,405.25388303089113,406.50529284633944,145615000
2022-03-01,404.576416015625,411.3416268267393,401.8759540045587,409.3374644946176,137785900
2022-03-02,412.0190734863281,413.740942784039,406.0724579549326,406.8251817399771,117726500
2022-03-03,409.9678955078125,415.04885343146157,408.17073639481583,414.446680076633,105501700
2022-03-04,406.6370849609375,407.76617083234146,402.60053333781974,406.24188624147126,113978200
2022-03-07,394.6497497558594,406.7593757746247,394.58387851759204,406.053686344957,137896600
2022-03-08,391.65765380859375,401.9701211696944,390.59441041833645,394.82854721626717,164772700
2022-03-09,402.1582946777344,404.1342308190661,397.8394788240876,400.0224183462174,116990800
2022-03-10,400.34222412109375,401.2360799371363,395.5999843486872,397.55708322285636,93972700
2022-03-11,395.2519226074219,403.4379021571393,394.7438182155745,402.8263104395944,95636300
2022-03-14,392.36328125,399.46720926881693,391.22477713105775,396.0234704863825,95729200
2022-03-15,400.991455078125,401.6218547157255,393.6993329697204,394.96955062340055,106219100
2022-03-16,409.8831481933594,409.939601038674,399.7023972745846,404.49170046381727,144954800
2022-03-17,415.0111999511719,415.0111999511719,407.5967527483876,407.9731146505722,102676900
2022-03-18,419.55670166015625,419.8776045343294,412.6666654946888,413.40286121868064,106345500
2022-03-21,419.43408203125,421.3878136478484,415.93240645546575,419.38687263527476,88349800
2022-03-22,424.3420104980469,425.27640505720075,420.8214687288552,420.8214687288552,74650400
2022-03-23,418.87713623046875,423.303758234989,418.79219389310117,421.8125003060186,79426100
2022-03-24,425.19146728515625,425.2009149244502,419.78326986493045,420.89699675804104,64736900
2022-03-25,427.2679138183594,427.5416361124458,423.2471369609336,425.8238364518409,77101300
2022-03-28,430.3070983886719,430.3070983886719,424.7856157896072,426.6733001787727,68529800
2022-03-29,435.63031005859375,436.12112638537604,431.50572468711965,434.18623279666707,86581500
2022-03-30,432.9403991699219,435.30000450918726,430.83562083793777,434.4882852945164,79666900
2022-03-31,426.27685546875,432.9970065427643,425.8238008960685,432.1758685328461,121699900
2022-04-01,427.4849853515625,427.99463935727147,423.9172632927216,427.8530688001301,89048800
2022-04-04,431.1471252441406,431.2509628688752,426.8621021980193,427.6832403411355,59601000
2022-04-05,425.70111083984375,432.119225743506,424.5590699380688,429.6558116325977,74214500
2022-04-06,421.4444274902344,423.7190907497015,418.5657201739074,421.7936733149173,106898000
2022-04-07,423.5679931640625,425.380182602623,418.62226996039726,420.5665823101026,78097200
2022-04-08,422.4354248046875,425.32357938924946,420.89695753959705,422.8129558921499,79272700
2022-04-11,415.21502685546875,420.0097320215141,414.7147916975716,419.16969873165914,89770500
2022-04-12,413.67657470703125,420.71762892299597,412.12865978994853,418.1975577653763,84363600
2022-04-13,418.4147033691406,419.16976564370555,413.25188513631514,413.4312174671857,74070400
2022-04-14,413.2046813964844,419.7549485147844,413.1008437773758,418.64119283709516,97869500
2022-04-18,413.3746337890625,415.0546720142514,411.1471508725995,412.279773210297,66002500
2022-04-19,420.04754638671875,420.76484688177004,413.1008527235854,413.27073740895713,77821000
2022-04-20,419.7359619140625,422.43536497446013,418.5750547046313,421.8218734437516,65224400
2022-04-21,413.4595031738281,424.73842874926703,412.55342274585064,423.3509795921558,85417300
2022-04-22,402.1145324707031,413.4783716367902,401.5482213990768,412.37409241070765,132471800
2022-04-25,404.4458312988281,404.61571598232445,395.31886452951045,399.87763849644267,119647700
2022-04-26,392.7326965332031,402.1144891433886,392.7043824228615,401.9162615672227,103996300
2022-04-27,393.83697509765625,399.169705902769,391.7039115793856,393.8086609873536,122030000
2022-04-28,403.78509521484375,405.51234242525084,394.14847523083597,398.57509707971343,105449100
2022-04-29,388.8629150390625,401.9539993420894,388.117271772839,399.8020406731504,145491100
2022-05-02,391.2037048339844,392.56283983474725,382.2749373532382,388.92904179526005,158312500
2022-05-03,392.99700927734375,395.4037953011167,390.1465874755705,391.7039501067172,100028200
2022-05-04,404.9649353027344,405.53124638806986,390.4769516548114,393.65769528593023,144247900
2022-05-05,390.5713195800781,401.1329155913623,386.4467339742489,400.7081751004019,172929100
2022-05-06,388.24005126953125,391.50573725161655,382.9451102963641,388.01353835630266,151770800
2022-05-09,375.8096618652344,383.5869123846669,374.23343271582064,382.3504814055953,155586100
2022-05-10,376.6780090332031,383.27545730002635,372.64781289944233,381.7747515433738,132497200
2022-05-11,370.69403076171875,381.35001745771194,369.94838734516037,375.7152782695393,142361000
2022-05-12,370.30706787109375,373.57275401716174,363.5208397349999,367.5038552140162,125090800
2022-05-13,379.16021728515625,380.538218568786,373.39332756714504,374.43155954951243,104174400
2022-05-16,377.6217956542969,381.28390774009296,375.271637959596,377.51798684544667,78622400
2022-05-17,385.3896789550781,385.6256395203469,379.9720047899369,383.7001932426954,83029700
2022-05-18,369.8539733886719,381.12345103452697,368.61754246873323,380.840309909265,117674500
2022-05-19,367.5887756347656,372.005979027499,365.3707407010665,366.79595164216687,98510700
2022-05-20,367.74920654296875,374.7336324078952,359.1696852051724,371.16591037827914,131432200
2022-05-23,374.62982177734375,375.39433157969796,368.457086332618,370.7694822124612,76414900
2022-05-24,371.77008056640625,372.95930235202695,365.2292311284691,370.51475409897284,91448800
2022-05-25,375.0545349121094,377.0177426324369,369.88229858000193,370.2786961363731,91472900
2022-05-26,382.5486145019531,384.18147159869255,376.0738719405769,376.28151834129653,82168300
2022-05-27,391.93988037109375,392.0531368146943,384.80443638650837,385.0026351628093,84768700
2022-05-31,389.7407531738281,393.0725149914447,387.00361655148845,390.3259307298854,95937000
2022-06-01,386.5883483886719,392.86489366619827,384.07772451690533,391.8550043373775,86585800
2022-06-02,393.9503173828125,393.9974979722233,384.18154466114504,386.42789374965014,79609600
2022-06-03,387.4849853515625,390.78843305581245,386.5128290364629,389.2405180200075,71874300
2022-06-06,388.66473388671875,393.21403077110097,387.49435013390536,391.48681245747764,57508900
2022-06-07,392.3928527832031,392.8459072997686,384.71941293126656,385.1819150847723,59272400
2022-06-08,388.1268005371094,392.4684805286195,387.33397652533813,390.6846048993001,64350000
2022-06-09,378.8959655761719,388.6175274447086,378.8959655761719,386.352312221375,86289800
2022-06-10,367.90966796875,373.55385453962793,367.86248738155257,372.70440234363315,132893900
2022-06-13,353.9408264160156,360.3683895194282,352.3362831480851,358.5184668650851,170004900
2022-06-14,352.8742370605469,356.71568127410126,349.7784361620524,355.68689685396777,104011800
2022-06-15,357.90496826171875,362.34100925128496,351.2225494582893,356.1682732930812,125666800
2022-06-16,346.0597229003906,350.10881384000515,343.63404163139757,349.702968623294,134473300
2022-06-17,346.8057556152344,350.14245020385545,343.30795986691686,346.474006989018,111113900
2022-06-21,355.53607177734375,356.9200257502837,352.44584583713896,352.52169557516805,76811900
2022-06-22,354.89154052734375,358.9960185982588,350.9007792220965,351.3178660517575,90059400
2022-06-23,358.3703918457031,359.1002793406204,353.46966494173824,357.0243625508475,79292100
2022-06-24,369.7643127441406,369.77380119326506,361.507944524138,361.5363809433128,98050300
2022-06-27,368.3519592285156,370.9776852889989,367.2618578134948,370.683832618729,66009600
2022-06-28,360.8254699707031,372.68394948048416,360.71172428504013,369.9065529188097,86548900
2022-06-29,360.5316162109375,362.36109348225904,358.7116273894593,361.3752782573753,65676000
2022-06-30,357.6025695800781,360.834977987892,353.156825579061,356.64516179349505,112508300
2022-07-01,361.38470458984375,361.8207682477801,354.33218346585994,356.9484497006856,74839700
2022-07-05,362.06719970703125,362.08617660456315,353.47905430233544,356.3038638558327,81438000
2022-07-06,363.29010009765625,365.7736442291068,359.8302001680812,362.2094581257224,70426200
2022-07-07,368.73114013671875,369.52738892243804,363.3090402764563,365.0626968664323,64525900
2022-07-08,368.4278259277344,370.2952282014979,365.5745794315864,367.10071569720793,72397800
2022-07-11,364.2190856933594,366.7215778956689,363.5270941091934,365.7547105106273,58366900
2022-07-12,360.9960632324219,366.04848886653093,359.2518953418649,363.6692023712076,62219200
2022-07-13,359.1003112792969,362.029407826538,355.1475033861952,355.56459025701633,84224600
2022-07-14,358.2281494140625,359.30876226262916,351.71594911911046,354.15207948496095,89704800
2022-07-15,365.0721435546875,365.1858892356065,360.7211976903377,362.62649570213034,79060400
2022-07-18,362.0577697753906,368.825898190188,360.8349458407432,368.1528836213448,63203600
2022-07-19,371.84027099609375,372.4090283274704,365.31861090466685,365.97264856832055,78506000
2022-07-20,374.2100830078125,375.62250240338216,370.6648741646818,372.02988023942527,71843800
2022-07-21,378.0207824707031,378.0681668690259,371.233676151968,373.6319110568227,64903900
2022-07-22,374.5133972167969,379.3383025244326,372.29526973672574,378.143943990978,72197300
2022-07-25,374.96844482421875,375.8215664094441,372.73134023128426,375.13906335562353,53631500
2022-07-26,370.5322265625,373.537114847819,369.64118001606494,373.3285714235852,52946400
2022-07-27,380.1535949707031,381.89776315262577,373.52761885571124,373.82147154826214,82342100
2022-07-28,384.92156982421875,385.61353235014826,377.4140367716771,380.95927437369363,73966600
2022-07-29,390.533203125,391.5190471453721,385.5850639824012,386.3528761831323,87003700
2022-08-01,389.3768005371094,391.8793213752261,387.1302364241008,387.8411758992656,69997500
2022-08-02,386.8079833984375,391.4907074923848,385.632572613597,387.81277563609865,63435400
2022-08-03,392.8651123046875,394.03103437189844,388.64686041910363,388.93122459935086,67820600
2022-08-04,392.5997619628906,393.4718315474268,390.95985110646615,392.78932847212786,45656600
2022-08-05,391.93621826171875,392.58079648264055,388.26777497334547,388.3246478205913,56814900
2022-08-08,391.48114013671875,395.8700106498597,390.3815503961838,393.6234467801919,53886100
2022-08-09,389.9266357421875,391.2537170647009,388.8554822335221,390.75132095945645,44931800
2022-08-10,398.1165771484375,398.2587881715667,395.0168917661512,396.9696030117307,68665700
2022-08-11,398.1165771484375,402.818277227606,397.37720132659865,400.9603347598482,59489700
2022-08-12,404.8563537597656,404.9606110010774,399.10247645360926,400.050395788599,61694500
2022-08-15,406.5246887207031,407.0460617331619,402.5908291054767,402.6477019536426,54048300
2022-08-16,407.3209533691406,409.24522847882577,404.64781387838514,405.45355110579476,59289000
2022-08-17,404.42974853515625,407.1313242254354,402.42965277199465,403.7282975362389,63563400
2022-08-18,405.6051940917969,406.28766820146114,403.33965312992564,404.628809463559,49023200
2022-08-19,400.1546630859375,403.11216664311075,399.28256461046794,402.84675039895933,68016900
2022-08-22,391.8224792480469,395.5004110497399,390.921944270961,395.3297635768896,77695600
2022-08-23,390.87451171875,393.7846307828097,390.3247023494631,391.39585573923233,49105200
2022-08-24,392.12579345703125,393.49077064865355,389.96453858867704,390.6470127203874,49177800
2022-08-25,397.66162109375,397.70900548583626,392.5238859364247,393.6139873082117,50942300
2022-08-26,384.20111083984375,398.0881206908962,384.14423800473423,397.5478287573556,103087000
2022-08-29,381.6607971191406,384.70361032886984,380.3052793040388,381.2531987151374,65370800
2022-08-30,377.4709167480469,383.0541750206006,375.3760233037477,382.81719520790887,85652400
2022-08-31,374.5987548828125,380.3431437236325,374.4660612189248,379.10137171228644,76029700
2022-09-01,375.7741394042969,376.1153764284115,369.7264103214383,372.42798580847113,78740100
2022-09-02,371.8117980957031,380.6464115154421,370.0012690480302,379.43307616071115,99632100
2022-09-06,370.408935546875,373.5939303427136,368.19080797230174,372.6554995418325,76637400
2022-09-07,377.0633544921875,377.83116684452074,369.87813861226584,370.0961415467539,70964200
2022-09-08,379.5279235839844,379.98290632149366,373.59393967123003,374.79781566335777,80821700
2022-09-09,385.4239501953125,386.2865601335256,381.49955084530114,381.7649670625823,76706900
2022-09-12,389.5663757324219,390.2868036201907,387.1870891554379,387.49043025851944,69256300
2022-09-13,372.6270751953125,382.10626800654813,371.5085373863549,380.90239200547273,122947100
2022-09-14,374.0489196777344,375.56559617352946,370.7501504689949,373.92568555402255,85023700
2022-09-15,369.80224609375,375.3380909362644,368.53203779447915,372.4943332407687,87633800
2022-09-16,366.98114013671875,367.6378936491365,363.69737257463,365.62958149307445,103084800
2022-09-19,369.8270568847656,369.8270568847656,363.7640106344205,363.8401719669829,73278500
2022-09-20,365.5819396972656,367.5141193905518,362.83121456949,366.5051996914192,77274900
2022-09-21,359.204833984375,370.5504322147043,359.1953065563563,367.50461804644806,106746600
2022-09-22,356.1875915527344,360.0709772242707,355.44517830463013,358.433857107036,89472600
2022-09-23,350.21966552734375,352.7609904104437,345.78421269474035,352.7229097506912,122346900
2022-09-26,346.75506591796875,352.3707580104209,345.53674617910787,348.7538794551558,92581200
2022-09-27,345.8699035644531,352.5516221250691,343.48084301099055,350.28630194167937,108294100
2022-09-28,352.67535400390625,354.3600529595543,345.127482081543,346.8217084645166,110802200
2022-09-29,345.3083190917969,349.42013004160674,342.3672197883283,349.13459770031216,112952300
2022-09-30,339.9686279296875,348.2779675279083,339.8353891876637,344.36600021604005,153711200
2022-10-03,348.9442138671875,350.7907337489844,341.90080218718504,343.6806881754969,89756500
2022-10-04,359.7568359375,359.78538917158465,348.9061712798272,354.45522944852485,103602800
2022-10-05,358.91925048828125,361.1750432151708,353.0751323104993,355.3975589353477,88065700
2022-10-06,355.2166748046875,360.4706728707626,354.7217133827097,357.52004633285617,82333500
2022-10-07,345.3083190917969,355.30235769557754,343.547458861724,351.19051769873397,107789500
2022-10-10,342.6717529296875,346.659852271921,340.43501530969775,346.42189898919605,76042800
2022-10-11,340.5015869140625,345.5366860181765,338.5694076088321,340.9774934330555,92482800
2022-10-12,339.3785095214844,342.4814298234217,339.13102879643657,340.91094386553914,76991800
2022-10-13,348.3350524902344,349.8008528442018,331.3356548770357,332.38265512986965,147254500
2022-10-14,340.3969421386719,352.4183468938871,339.7592145462475,350.7907254903841,123737000
2022-10-17,349.1441345214844,350.24824134925336,340.06382821256403,346.46954168027236,93168200
2022-10-18,353.2464294433594,357.35826934412756,349.81036876588746,357.0536821558411,97162900
2022-10-19,350.74310302734375,353.9316825006344,347.93524295824557,351.2094821189524,79746900
2022-10-20,347.8020935058594,354.71226720130164,347.04062545500517,350.2958396474553,88283100
2022-10-21,356.2541809082031,356.7395859020458,346.02218871676973,347.5260408349085,131038400
2022-10-24,360.61346435546875,361.74612439325887,355.13101099924324,357.77707959447656,85436900
2022-10-25,366.3719177246094,366.68600327248134,360.4230857441992,360.53729867069814,78846300
2022-10-26,363.6116943359375,368.90377378445976,362.9739957124518,363.230974837986,104087300
2022-10-27,361.6700134277344,366.44810554176166,361.0513115703601,364.6111129190357,81971800
2022-10-28,370.2743225097656,370.7502290607999,361.3843916220893,361.5652384352448,100302000
2022-10-31,367.5997009277344,369.68417378007797,366.6954959805395,367.81862838081696,96631300
2022-11-01,365.9912109375,371.57837896955164,364.8204992604764,371.3404256632253,85407600
2022-11-02,356.80621337890625,369.90317244332704,356.7015278683844,365.4010855031739,126990400
2022-11-03,353.1322326660156,356.1685191668986,351.01920615203176,353.5700586148132,87100100
2022-11-04,358.21490478515625,360.61346359996287,352.170885136249,358.8335775577456,103505200
2022-11-07,361.6414489746094,362.23156853069116,357.43442171013305,359.50936758378657,68286900
2022-11-08,363.5926513671875,366.5623039769019,359.5188919325988,362.74552365571884,84641100
2022-11-09,356.1018371582031,362.77405623568103,355.60687575970667,361.62234147920316,78495500
2022-11-10,375.6711730957031,376.0043135418382,367.0572748219786,369.351119187772,141455800
2022-11-11,379.30706787109375,380.10658743180727,374.64316019638335,376.5277606911573,93839900
2022-11-14,376.0804138183594,380.89658611860307,375.8043798668183,377.5462142284,71903500
2022-11-15,379.28802490234375,382.9239582221826,375.4807721813481,381.8198514474499,93194500
2022-11-16,376.3945007324219,378.61221246717844,375.76630060291683,377.66039937041876,68508500
2022-11-17,375.24285888671875,375.9186672305997,371.3404476693323,371.64500584373235,74496300
2022-11-18,376.9465637207031,378.64078997970154,374.10065167393867,378.57415608736795,92922500
2022-11-21,375.5759582519531,376.7466989172969,373.73896579052973,375.6235663390515,51243200
2022-11-22,380.6300964355469,380.7919174617573,376.1089836932025,377.5176776993283,60429000
2022-11-23,383.0285949707031,383.51399984204585,380.0684414769768,380.29686729878506,68261600
2022-11-25,382.9429626464844,383.4950305265415,382.191051189936,382.4670560829331,30545400
2022-11-28,376.8323669433594,381.4962458070925,376.0708989562592,379.8591259436192,67881600
2022-11-29,376.18511962890625,378.1553507626501,374.34809818392904,376.96558433179973,52310000
2022-11-30,388.0351867675781,388.0351867675781,374.51945716113363,376.4325818837763,144566700
2022-12-01,387.7496337890625,390.2433795179694,385.24636063389784,389.07263892248426,76398200
2022-12-02,387.3023376464844,388.2065428165103,382.76219884695456,382.86688436312187,85342700
2022-12-05,380.3350524902344,385.4177317516839,378.9834939436765,384.48497335823737,77289800
2022-12-06,374.8525695800781,380.7157422182558,372.7681254520418,380.17323078475664,77972200
2022-12-07,374.2149353027344,376.5754428369556,373.0822751072084,374.00553520657735,65927900
2022-12-08,377.14642333984375,378.212449392276,374.3195371968257,376.0994521400108,60737900
2022-12-09,374.3291015625,378.459967446831,374.20536119651905,375.90911499149865,81447700
2022-12-12,379.7258605957031,379.7258605957031,374.4528077117335,375.119059475854,75405800
2022-12-13,382.6003112792969,390.70974839855415,379.84005911089247,390.45276931962,123782500
2022-12-14,380.1542053222656,385.9602719426471,377.2131058725146,382.2577044665144,108111300
2022-12-15,370.8549499511719,376.2041350287874,369.19880442028864,375.2999009475401,117705900
2022-12-16,366.4766540527344,369.6416209558771,364.34438227509384,368.3029691083944,119858000
2022-12-19,363.3689880371094,367.00250429400353,361.70523742151596,366.6678340994925,79878100
2022-12-20,363.8662414550781,365.482194633709,361.2941043449694,362.61364283927566,74427200
2022-12-21,369.306884765625,370.4351746621718,365.9219858955704,366.4574464966575,78167400
2022-12-22,364.038330078125,369.28777027212345,358.34902428686854,366.2662256920997,100120900
2022-12-23,366.1324462890625,366.27586806369106,361.46626335166565,363.0152768784984,59857300
2022-12-27,364.68853759765625,366.3618594408892,363.0152157544233,366.01764723973866,51638200
2022-12-28,360.1562194824219,366.59134742365524,359.92674469166934,364.6215818081712,70911500
2022-12-29,366.6391906738281,367.5093216045126,362.4702133125497,362.9961320141737,66970900
2022-12-30,365.67333984375,365.8167615683377,361.848604892548,363.9617919629837,84022200
2023-01-03,364.13397216796875,369.49815002254616,361.274962367188,367.52841345608357,74850700
2023-01-04,366.9451904296875,368.9722958919306,363.3499291613042,366.3905873546689,85934100
2023-01-05,362.7570495605469,365.1092537639918,362.16422021646383,364.9945163658359,76970500
2023-01-06,371.0757751464844,372.1945229681979,362.7856784133102,365.84544889092865,104189600
2023-01-09,370.8653869628906,376.44952531545596,370.68373891023384,373.26541732994536,73978100
2023-01-10,373.46630859375,373.5332484725184,369.34515816722075,370.2822289287242,65358100
2023-01-11,378.1898498535156,378.26636090740493,374.2312636370513,375.0440257972263,68881100
2023-01-12,379.5667419433594,381.0297021014003,375.2256881711222,379.2894696301709,90157700
2023-01-13,381.0392761230469,381.61299228704434,376.10536380133436,376.3730941204777,63903900
2023-01-17,380.34130859375,382.6935423019026,379.6624261074559,381.0202202604648,62677300
2023-01-18,374.33648681640625,382.58835989011226,374.1356963351264,381.5270095943542,99632300
2023-01-19,371.611328125,373.94439001524745,370.29178966269103,372.2997525257694,86958900
2023-01-20,378.53411865234375,378.6871115907864,371.36273880270227,373.0073764154368,91806400
2023-01-23,383.07598876953125,385.0074698849866,378.3811219727352,379.3373059432333,84178800
2023-01-24,382.6647644042969,383.5731214964874,380.2169362364954,381.40259479828296,59524900
2023-01-25,382.80828857421875,383.14295882633485,376.31579073268307,378.6010846087599,84800300
2023-01-26,387.01544189453125,387.17800600043023,382.5022526217131,385.46642861189923,72287400
2023-01-27,387.9046936035156,390.2760402786123,385.7628509166012,385.97321255052447,68346200
2023-01-30,383.0376281738281,387.3787103796578,382.7412135587131,385.1507859984772,74202000
2023-01-31,388.669677734375,388.717475261581,383.2098461559824,383.5540875652921,86811800
2023-02-01,392.8004150390625,395.5446879066577,384.7206769345852,387.4553494430604,101459200
2023-02-02,398.518310546875,399.98127069479483,394.78919930515946,396.6824246845757,101654500
2023-02-03,394.2824401855469,398.7000051703591,393.0776391240828,393.55573107794413,94736800
2023-02-06,391.872802734375,393.2688521236934,390.21862339860974,391.8345763914126,60295300
2023-02-07,396.9980163574219,398.24104381969875,389.7118993305467,390.9549267928235,90990700
2023-02-08,392.6568603515625,396.366858057828,391.96840686812754,395.0282066123747,76227500
2023-02-09,389.2529296875,396.4051963035193,388.0290153704697,396.2522033663381,78694900
2023-02-10,390.1612548828125,390.54372257551336,387.26401906949224,388.0767519738261,70769700
2023-02-13,394.741455078125,394.87533485395085,390.35257371738345,390.811552573958,64913500
2023-02-14,394.55975341796875,396.86413102531327,390.61070909281807,393.2210725630297,88389300
2023-02-15,395.84100341796875,395.9174852871057,391.52860488743005,392.3700513500147,61555700
2023-02-16,390.3907775878906,394.8179138959173,390.25692701019995,390.8784407346895,76431500
2023-02-17,389.4154052734375,389.6544512121104,386.3460344109805,388.2679730956426,89257800
2023-02-21,381.6034851074219,386.4513451946088,381.34532592151567,385.39953691428894,82655900
2023-02-22,381.0775451660156,383.55405800104023,379.624126941612,382.01458672604707,83742300
2023-02-23,383.1046142578125,384.57714551664407,378.8878400941684,383.96517386295295,96242400
2023-02-24,379.01214599609375,379.8440212478962,376.3922116756281,378.0942177024235,108194400
2023-02-27,380.3030090332031,383.707021167783,379.3659383654355,382.3492272761536,80444700
2023-02-28,378.8974609375,381.78512595829335,378.79226552930106,379.82496053517093,96438600
2023-03-01,377.44403076171875,379.30860107550785,376.1436346387775,378.0846868266854,99706800
2023-03-02,380.3794860839844,381.22093252105213,375.13958820432623,375.47425838003477,85127800
2023-03-03,386.4799499511719,386.7285670881584,381.54603781817946,382.1962358283126,90120000
2023-03-06,386.74774169921875,389.5971805098177,386.30790523195174,387.3023155770407,72795900
2023-03-07,380.8193359375,386.9389359941927,380.2073934400801,386.69989002886615,108310600
2023-03-08,381.4408874511719,382.19625170885286,379.212962662717,380.9341111603913,74746600
2023-03-09,374.4033508300781,383.8887075845493,373.4184826190144,382.22492782127654,111945300
2023-03-10,369.0009765625,375.9333106680976,367.4806474809918,373.85837851710613,189253000
2023-03-13,368.47503662109375,373.28466995051247,363.97141834242984,365.08059523708437,157790000
2023-03-14,374.5659484863281,376.21058604424246,370.0909854321958,373.3898317252391,149752400
2023-03-15,372.2232666015625,372.4240570496017,366.89731528704147,368.98181836154816,172996900
2023-03-16,378.7540283203125,379.09826973239205,369.364323664859,369.8711000150825,143254200
2023-03-17,374.3253173828125,378.55818505074,372.9431553160695,377.4255889740926,140553400
2023-03-20,377.92474365234375,378.3374942216171,374.4021719427654,375.1028314855244,93055800
2023-03-21,382.88702392578125,383.3669404738883,379.6907633119906,381.28408976671983,91524200
2023-03-22,376.36016845703125,386.3232414014182,376.3217962204962,382.71428861761933,111746600
2023-03-23,377.377685546875,383.25186087562724,374.6709485097319,379.2205491483167,119351300
2023-03-24,379.8539733886719,379.9403548581303,373.75902695920195,376.1010222149094,107682400
2023-03-27,380.56427001953125,382.8966870426311,379.6716321408978,382.1288028794633,74010400
2023-03-28,379.71002197265625,380.5642582938647,377.8767370350477,379.8731772141997,62871700
2023-03-29,385.2290344238281,385.46899270747423,382.6662670661032,383.8660584843338,77497900
2023-03-30,387.4847106933594,388.10859647318574,385.62263176835995,387.8590304445402,69840000
2023-03-31,392.94610595703125,393.2436518891425,388.3004877505952,388.4060846284512,112062600
2023-04-03,394.4434814453125,394.84659500245755,392.03429064106433,392.4278257842298,67391100
2023-04-04,392.25506591796875,395.37452397054454,390.88248211307797,395.08655642138893,66601500
2023-04-05,391.22802734375,392.28384974684195,389.57711302940226,391.5255732993779,65200200
2023-04-06,392.754150390625,393.0325102209904,389.3851264771968,390.4313411526847,63743300
2023-04-10,393.1572570800781,393.23406013832266,389.66347951634174,390.27775752337686,63681000
2023-04-11,393.26287841796875,394.66422675434245,392.4950235384784,393.7811965721071,59297900
2023-04-12,391.6599426269531,395.6144801885437,391.07445840947173,395.32651264091214,86420400
2023-04-13,396.8621826171875,397.21731616818573,391.60228682213693,392.7444905245143,85814800
2023-04-14,395.8927307128906,398.4170963154106,393.58913725641605,396.22867813799274,78161500
2023-04-17,397.3133544921875,397.3325406110166,394.577824032139,395.8064093482449,66436400
2023-04-18,397.5724792480469,399.02183667204184,396.1999248791392,398.8874459715307,63560000
2023-04-19,397.5053405761719,398.4075568472331,395.60486027089866,395.6624479202901,55227300
2023-04-20,395.3360900878906,397.0829934844094,393.7907434550367,394.6929889766768,75840400
2023-04-21,395.6432800292969,396.10398124565415,393.6948196903557,395.63367232336066,73457400
2023-04-24,396.055908203125,396.47823708003796,394.1074483221864,395.4416010033318,64332100
2023-04-25,389.7690124511719,394.6449810037149,389.71142480850085,394.08826140218645,97766700
2023-04-26,388.1181640625,391.4583943618871,387.56147365849546,390.3833857943013,80447000
2023-04-27,395.8448181152344,396.11357024267807,390.40255091976803,390.65211692803183,92968400
2023-04-28,399.2234802246094,399.2330879315298,394.9042301280886,394.9618177860324,89433100
2023-05-01,398.8203125,400.8455465437123,398.58993260769745,398.7819109693187,62122300
2023-05-02,394.337890625,398.1580375216088,391.4392047424731,398.11002828382885,103998500
2023-05-03,391.631103515625,397.2461331896153,391.3911452329056,394.83694265774216,91531800
2023-05-04,388.8572692871094,390.91129731617235,387.5230869408355,390.58495750937874,94901900
2023-05-05,396.055908203125,397.1021226917295,392.22618378343384,392.48532815672064,87891800
2023-05-08,396.1615905761719,396.64150723066325,394.76024214675766,396.3823627822816,50046800
2023-05-09,394.4242858886719,395.53769601743005,394.19393527299343,394.61626426292884,49220100
2023-05-10,396.26715087890625,397.88927136463667,392.44700411687967,397.25577792419296,96142900
2023-05-11,395.57611083984375,395.86404911911495,393.5028673537258,395.40334787228096,70157100
2023-05-12,395.05780029296875,397.02547621204064,392.6390308249023,396.8143117058912,70481500
2023-05-15,396.4207458496094,396.82385941720236,393.75241054660967,395.66246936913564,54289400
2023-05-16,393.7716064453125,396.2383850257728,393.7619987390595,395.31692397910456,57705500
2023-05-17,398.5516052246094,399.1562756190207,394.1459737431661,395.7872805401457,87287000
2023-05-18,402.3908386230469,402.81316752783374,398.01400205687503,398.234744921799,97177200
2023-05-19,401.80535888671875,403.82101441184767,400.58638129995114,403.29311788250186,103793300
2023-05-22,401.96856689453125,403.50430592203884,400.58640469895295,401.8245977682805,60745400
2023-05-23,397.4573669433594,401.9013998007867,397.0638317760762,400.32725913165393,86383500
2023-05-24,394.5778503417969,396.238372422446,393.4164603018304,395.85444497777297,89213700
2023-05-25,397.9947509765625,399.44410819225834,395.8447344116459,398.08113243228377,90961600
2023-05-26,403.14910888671875,403.8689837488059,398.57071530888675,398.64748907245814,93830000
2023-05-30,403.302734375,405.60632835331285,401.920572129655,405.07843177412394,72216000
2023-05-31,401.06634521484375,402.3813121326053,399.5018122688516,401.47906649861943,110811800
2023-06-01,404.8768310546875,405.93265339027886,400.04887142591303,401.29664281865877,88865000
2023-06-02,410.7318115234375,411.51885243910056,406.92127277329087,407.4491692853337,91426200
2023-06-05,409.94482421875,412.36359368369943,409.24413533747776,411.0774205267335,65460200
2023-06-06,410.8373718261719,411.36526832885664,408.87930404707026,409.53201283462573,64022200
2023-06-07,409.41680908203125,412.36350381538136,408.99448016231673,411.2309077542299,85373300
2023-06-08,411.89324951171875,412.34437231335727,408.71620378018724,409.48405866767195,61952800
2023-06-09,412.63232421875,414.63837227354514,411.6436971048215,412.6899118726264,85742800
2023-06-12,416.3756408691406,416.4524439304632,412.89147087099775,413.61134578902306,76104300
2023-06-13,419.1207580566406,419.76382988102273,417.1722978814529,417.8345851160925,95899700
2023-06-14,419.6199035644531,421.42439480568777,416.1741056268984,419.45674831132544,100612100
2023-06-15,424.82220458984375,426.06997610483035,418.7080714411939,418.8040313332803,110303100
2023-06-16,423.37518310546875,427.3732818174655,422.90312715218045,426.80488011436864,114165800
2023-06-20,421.1786193847656,422.32506614292663,419.1073181445954,421.4387558395076,76160400
2023-06-21,419.02056884765625,420.9955241203809,418.43288044222425,420.19591625792975,76982300
2023-06-22,420.5330810546875,420.6390407754928,417.72958794220574,418.0667832912389,70637200
2023-06-23,417.3538818359375,419.13617505158805,416.6409763099136,417.0841314152319,92074500
2023-06-26,415.648681640625,418.70263864501453,415.4078319979814,416.7854848977608,72823600
2023-06-27,420.20562744140625,420.82218732627064,416.07263875155775,416.52543732038123,72813700
2023-06-28,420.41754150390625,421.4290983033547,418.5100016357142,419.1265614695,75636000
2023-06-29,422.07452392578125,422.2383146152685,419.59861200085055,420.0032229268465,67882300
2023-06-30,427.05535888671875,428.0380149404403,424.9647708481831,425.2827088718478,104964000
2023-07-03,427.54669189453125,427.82605633249915,426.4291459408796,426.70853977944085,32793400
2023-07-05,426.9108581542969,427.6430505530816,425.725867203726,425.7355105986345,58418400
2023-07-06,423.5678405761719,423.991738320798,421.06299828536083,423.3366343156822,80658300
2023-07-07,422.4984130859375,426.43873894163033,422.25756345371417,422.57550143257924,86134200
2023-07-10,423.5678405761719,423.7412452715391,421.57359837767063,422.1420000351028,62443500
2023-07-11,426.26531982421875,426.7566624993896,423.3558667490492,424.32890870557475,64463800
2023-07-12,429.695068359375,431.10165159958825,428.6257099376319,430.0515505672172,91924500
2023-07-13,433.1054992675781,433.89549322497544,431.0727422071223,431.506253963796,72425200
2023-07-14,432.835693359375,434.83954937929775,432.0746002832751,433.99178336356243,69815800
2023-07-17,434.3386535644531,435.3887545883977,432.64306249429234,432.6912500682276,52680200
2023-07-18,437.5659484863281,438.21140898958953,433.5774647534116,434.0110058202374,80668200
2023-07-19,438.5390625,439.724023983291,437.48893213427476,438.35601441060516,65891700
2023-07-20,435.62957763671875,438.44271452207744,434.91667207150675,437.5467608684042,70591600
2023-07-21,435.62957763671875,437.5467608684042,435.61996364299455,437.3444259913096,71275600
2023-07-24,437.57562255859375,438.38487379289774,435.7451418375123,436.77598531715506,54023400
2023-07-25,438.7702941894531,440.0227007047043,437.2577512159894,437.3059387900186,55191200
2023-07-26,438.8377380371094,440.26354925381463,436.78569416377627,437.8357951870991,71052900
2023-07-27,435.9281921386719,442.62382369326946,435.0225951669556,442.2191833737535,92194400
2023-07-28,440.19610595703125,441.0246146496096,435.92822776892785,439.1941631701477,80011800
2023-07-31,441.03424072265625,441.39069349037516,439.35790721415856,440.66814456102355,62040400
2023-08-01,439.77215576171875,440.5139620189602,438.81837125887813,439.569820909262,55291500
2023-08-02,433.6546325683594,436.9205386548979,432.9031828085776,436.66043160748643,93933400
2023-08-03,432.41180419921875,434.29044314301314,430.995607146359,431.6410971149184,64276100
2023-08-04,430.4561767578125,436.32327139401457,429.9359332204392,434.2230692550645,100128900
2023-08-07,434.2134094238281,434.36755674020003,431.5929638466943,432.28661207007076,58357500
2023-08-08,432.3251647949219,434.20380401220746,428.9725267488997,431.67967473239247,71361300
2023-08-09,429.43487548828125,432.7586120279548,428.6737824515494,432.59482134894097,78789600
2023-08-10,429.5889892578125,435.1670742933119,428.4232854119049,431.78553646030446,93005500
2023-08-11,429.3385925292969,430.3501787286785,427.1227874459535,427.72008989099777,68690900
2023-08-14,431.7085266113281,431.7085266113281,428.1150686990038,428.4233633029166,47867400
2023-08-15,426.67962646484375,430.2923712690211,426.1111954097984,429.9358890851779,75707500
2023-08-16,423.548583984375,427.9223925566891,423.44259484772283,426.26534575201464,80107200
2023-08-17,420.3211669921875,425.273020314269,419.8009235363625,425.01291328665195,95711300
2023-08-18,420.5234375,421.5542809321435,417.1611862051528,417.5079955464786,98852000
2023-08-21,423.2595520019531,424.00135836533855,419.3867000805202,421.5350602162778,68719000
2023-08-22,422.113037109375,425.0321333206804,421.5542789285874,425.0321333206804,64994200
2023-08-23,426.814453125,427.431042301619,423.0283039267051,423.17280782729074,68441000
2023-08-24,420.8992004394531,428.92429730681755,420.87027025881116,428.41369725884107,88517300
2023-08-25,423.86651611328125,425.14782341445994,419.07842352366526,422.62372359066535,102325100
2023-08-28,426.5543518066406,427.1709115909124,423.8664616174519,426.05336574379237,61595400
2023-08-29,432.7201232910156,432.999517120143,426.26534084235647,426.4483889303442,83081900
2023-08-30,434.50244140625,435.1382880533624,432.3540517986095,433.05734340842935,69053900
2023-08-31,433.8665466308594,436.2557562391773,433.6834985527266,435.1189529964718,66084600
2023-09-01,434.67584228515625,437.06508153807744,433.2211009052936,436.58338220970904,58944100
2023-09-05,432.7972106933594,434.5506033353466,432.72979513066315,434.23269470933957,55166200
2023-09-06,429.88775634765625,432.0939475374288,427.5659620214055,431.987958395261,70758500
2023-09-07,428.5678405761719,429.24220190465525,426.5446977895423,426.8915071469469,70355400
2023-09-08,429.21331787109375,430.74511806057524,428.2595627004295,428.6160154651993,61659700
2023-09-11,432.03607177734375,432.344336954817,430.12853215124545,431.8337369226589,60180100
2023-09-12,429.6661376953125,432.11317840274216,429.0881220484013,430.59102153155527,67565400
2023-09-13,430.1671142578125,431.3231749266096,428.78943192828973,429.8877204342684,60199300
2023-09-14,433.87615966796875,434.56980780447236,431.33280276784916,432.63339669886733,83430800
2023-09-15,428.6487731933594,432.62232413166026,428.2137322540361,432.29361669829296,111848900
2023-09-18,428.9001159667969,430.1956202798295,427.8656361967372,428.3393572391215,55752200
2023-09-19,428.0106201171875,428.57137880593234,425.3326034960519,427.981617392204,66514600
2023-09-20,424.0757751464844,429.68318495179983,423.8727265693422,429.2674693964477,82562600
2023-09-21,417.06646728515625,421.4943834516094,416.91177626347593,421.2333589486901,104095800
2023-09-22,416.12872314453125,419.6865285568745,415.71297806578804,418.09131961695476,100829700
2023-09-25,417.8786315917969,417.91728222441265,414.4851650567311,414.92023546020613,70874500
2023-09-26,411.7394714355469,415.54865360911657,410.90801075336816,414.84288124552415,96168400
2023-09-27,411.90380859375,413.4700443597365,408.26867230252077,412.9092856337623,104705800
2023-09-28,414.29180908203125,415.96437838949197,410.7630061946947,411.3527676631777,92258300
2023-09-29,413.2862854003906,417.5111824781116,411.7684074215334,417.3371661441051,115111300
2023-10-02,413.1219787597656,414.36915501527096,410.3666017087048,412.4548865420046,83798600
2023-10-03,407.5918884277344,413.1799731499237,406.2287013020404,410.94667474306095,103760600
2023-10-04,410.5599365234375,411.30435944495287,406.59606370497346,408.0559363281981,87453000
2023-10-05,410.4053039550781,411.2464125781848,407.1858831038249,410.2699382204488,70142700
2023-10-06,415.27789306640625,416.8150963910029,406.63472757769614,407.9592344326086,113273300
2023-10-09,417.9366455078125,418.5070521455923,412.8319589906931,413.3830108074734,80374400
2023-10-10,420.1119079589844,422.70291641435927,418.16863686530417,418.56502711101643,78607300
2023-10-11,421.8327941894531,422.08414129890025,418.79703802262225,421.17537943505704,62451700
2023-10-12,419.2611389160156,422.8189443567332,416.91182957643576,422.4419089154139,81154200
2023-10-13,417.1728210449219,421.9584770278049,415.60661494268294,420.7596289275812,95143100
2023-10-16,421.5621337890625,422.62561629317145,419.1741442361407,419.4158434641518,75433200
2023-10-17,421.5427551269531,423.5923892481788,418.09131276942526,418.4393454760135,75324700
2023-10-18,415.9256896972656,420.73067151213604,414.84288188055683,419.77355201420596,93559800
2023-10-19,412.2711486816406,418.44899434083845,411.5944086302288,416.64108906158174,121323000
2023-10-20,407.20513916015625,412.37750784711915,407.0987761718527,411.83610400929126,123919900
2023-10-23,406.49932861328125,410.356867474967,403.92764587358863,405.67754552471547,92035100
2023-10-24,409.56414794921875,410.7146385432617,406.7700909338865,408.61667642933105,78564200
2023-10-25,403.6860046386719,407.91093157015536,403.17360349885,407.88192884542195,94223200
2023-10-26,398.85205078125,403.47333880031834,397.93361142540357,402.6225823087564,115156800
2023-10-27,397.04412841796875,400.8339851009318,395.62293584989493,400.43759484678344,107367700
2023-10-30,401.79107666015625,402.8448816266276,398.5329761803426,399.8284803456642,86562700
2023-10-31,404.314453125,404.63348310254605,400.45691364342605,402.361504611754,79665200
2023-11-01,408.6263732910156,409.43847913059346,404.7495083565733,405.2812643437381,98068100
2023-11-02,416.4573974609375,416.612088488878,412.3968391143164,412.41616442869764,94938900
2023-11-03,420.2569274902344,421.80380835994043,418.63271585397734,418.75840416588386,100167800
2023-11-06,421.2236633300781,421.6683815579989,419.2803924905788,421.01096687249964,67831700
2023-11-07,422.4225158691406,423.0606052933152,420.0828841514639,421.22369728667144,64256100
2023-11-08,422.7319030761719,423.544008852029,420.4309219590949,423.0219303160148,61746000
2023-11-09,419.43511962890625,423.9113935278032,419.0097266771128,423.8727133946502,83174400
2023-11-10,425.9803771972656,426.28975929301595,419.4254952530958,421.50413223667414,89462200
2023-11-13,425.5743408203125,426.67647397269064,423.863120884433,424.64622403342025,52236100
2023-11-14,433.83074951171875,435.1165763059157,431.2783917339626,431.50076562505876,97176900
2023-11-15,434.749267578125,436.39283427870885,433.89848149802526,435.1649832068046,77327600
2023-11-16,435.2809143066406,435.59994425440004,433.24095780816333,434.30444014118734,66665800
2023-11-17,435.8223876953125,436.43147446982493,434.37219232906403,435.2906316917746,83133200
2023-11-20,439.17718505859375,440.0182936712103,435.56134445939387,435.5710218701185,69936200
2023-11-21,438.22003173828125,439.0514924363308,436.9535301263982,438.13302355551457,49244600
2023-11-22,439.9118957519531,441.22675482120695,438.8194400859089,439.8732451207241,59394900
2023-11-24,440.1826477050781,440.3760189003886,439.6315958566172,439.96030328520334,29737400
2023-11-27,439.3898010253906,440.3662456876674,439.00305871890555,439.55413995178077,50506000
2023-11-28,439.8248291015625,441.1203331786689,438.44231685931027,439.00304598057033,62115000
2023-11-29,439.5155029296875,443.10234049536746,439.1191421839662,441.97117519611106,63146000
2023-11-30,441.2460632324219,441.59412543023933,438.28766732031204,440.35662667945024,79752700
2023-12-01,443.8564147949219,444.38814123082403,440.0472330596215,440.6369649429203,89183400
2023-12-04,441.52642822265625,443.8757373404589,439.2544498661346,440.4726232624604,72430900
2023-12-05,441.4394226074219,442.3965419933345,439.7668535301099,440.14391844231596,69793500
2023-12-06,439.6604919433594,443.6050096339301,439.22542161159066,443.5760069120985,69124700
2023-12-07,443.01531982421875,443.66305717468333,441.13973162302386,441.7391409339485,66995400
2023-12-08,444.919921875,445.451648340426,442.02917923250493,442.27087844484373,83194400
2023-12-11,446.65045166015625,446.8244975103325,444.2141343049595,444.4268307846884,65002200
2023-12-12,448.6904296875,448.7871152745883,445.30664066950123,446.3024402574832,68327600
2023-12-13,454.87786865234375,455.12924524748996,448.70970069679584,449.0674107718607,93278000
2023-12-14,456.3377685546875,458.0006602364905,453.6693999362765,456.8114895469167,119026000
2023-12-15,455.58642578125,456.91633245678577,453.74207009746453,455.7417439978948,141553700
2023-12-18,458.1491394042969,459.12957270241793,456.13006180277284,457.1881393985243,70375300
2023-12-19,460.9350891113281,461.0127630324847,458.61509172941334,458.69273602664884,55761800
2023-12-20,454.5478210449219,461.9640813854923,454.12070331796554,460.08088857770923,102921000
2023-12-21,458.8577575683594,459.1295570366737,455.1107760152546,457.5278509164755,86667500
2023-12-22,459.7798767089844,461.4592269639175,457.88699725724837,459.98371888478914,67160400
2023-12-26,461.7213134765625,462.62407274345054,460.1099204752376,460.18759438735214,55387000
2023-12-27,462.5561828613281,462.7017844285322,460.98362668768385,461.5175089754055,68000300
2023-12-28,462.7309265136719,463.5657286208665,462.3135254600746,462.91536504878167,77158100
2023-12-29,461.39129638671875,463.060930093317,459.44014657654174,462.53673484415077,122283100
2024-01-02,458.8092346191406,459.79938459581,456.7124830275094,458.33359292378987,123623700
2024-01-03,455.0622863769531,457.39200051317124,454.4604467676884,456.6542463475319,103585900
2024-01-04,453.5964050292969,457.16863464029916,453.37312956964047,454.5865251948926,84232200
2024-01-05,454.21771240234375,456.6639075045455,452.77132456262234,453.80028176128866,86118900
2024-01-08,460.7021179199219,460.84771948944723,454.5865853845721,454.71278328613425,74879100
2024-01-09,460.0032043457031,461.02244496424106,457.54729244084217,458.05205442710235,65931400
2024-01-10,462.6047058105469,463.4686578138975,459.9934757568045,460.27499186871785,67310600
2024-01-11,462.4008483886719,464.1190060691037,458.43062113494074,463.6045274671268,77940700
2024-01-12,462.7212219238281,464.5850109920546,461.31370050606375,463.847256832393,58026400
2024-01-16,461.02239990234375,462.65319658217305,459.207164709733,461.3427529504032,85014900
2024-01-17,458.45977783203125,458.94513616011074,456.110630489601,458.00353981867966,68843900
2024-01-18,462.5367431640625,463.09005873569527,458.58594911701266,460.12938495584103,91856200
2024-01-19,468.3028259277344,468.58434205067863,462.5853202688259,463.6628015298727,110834500
2024-01-22,469.2929992675781,471.01115715758357,468.64260604571103,469.83659824827777,75844900
2024-01-23,470.66162109375,470.90430023582877,468.7493378931313,469.83653570981716,49945300
2024-01-24,471.1761474609375,474.45714470411593,470.6810725123754,473.52526505734005,81765000
2024-01-25,473.7388000488281,474.0105994997861,471.1761237432126,473.30196574868353,72525000
2024-01-26,473.1369934082031,474.79691054106985,472.29247468488353,473.3117152908374,76641600
2024-01-29,476.88397216796875,477.0296033689382,472.90405748370506,473.4476564539632,61322800
2024-01-30,476.5151062011719,477.2237103899132,475.7579187820987,476.19475312019154,58618400
2024-01-31,468.7396545410156,474.75807991768903,468.7202212489611,474.31155855924624,126011100
2024-02-01,474.8746643066406,474.90378462530936,469.6327699548671,470.4384814779108,91891600
2024-02-02,479.873779296875,481.5239798187347,474.971642466127,475.31139921660196,99228200
2024-02-05,478.1264343261719,479.9028622372628,475.8743943997294,479.24278207992484,75757100
2024-02-06,479.5146484375,479.8446885622171,477.64114268330553,479.06809742412736,55918600
2024-02-07,483.5139465332031,483.93134756331705,480.8541628931194,481.75695184930976,70556500
2024-02-08,483.72747802734375,484.1060420771884,482.6985208548494,483.51391920150996,52343600
2024-02-09,486.52313232421875,486.95993698445255,483.89246922228017,484.232225929518,63979400
2024-02-12,486.30963134765625,488.75582660767503,485.59128089218916,486.49406987855394,56502300
2024-02-13,479.6116638183594,482.53353038052535,476.3500701317823,480.04849815534635,113099200
2024-02-14,483.9701843261719,484.4555426281319,479.9222830533005,482.2423099561509,68387800
2024-02-15,487.3094787597656,487.49391729462275,484.1934569596569,484.66912826614583,61683000
2024-02-16,484.8826904296875,488.1442842020213,484.144936285217,487.00856229426716,75532900
2024-02-20,482.21319580078125,483.8148722929186,479.970842787005,483.14507545774694,71736700
2024-02-21,482.6499938964844,482.80531210783914,479.10688422021883,480.9124325062878,59293400
2024-02-22,492.638671875,493.5996718242251,488.2898508655614,489.25088043870596,76402500
2024-02-23,492.97845458984375,495.1916873577398,492.25041710535265,494.35685563775104,61321800
2024-02-26,491.1728820800781,493.8520693709636,491.0466841824756,493.4152350521733,50386700
2024-02-27,492.0852966308594,492.3085720852041,489.9691418205027,491.86205080043067,48854500
2024-02-28,491.4349670410156,492.0173732682764,490.17301775947533,490.53217814092545,56506600
2024-02-29,493.20166015625,494.8130532117829,490.55162288856457,493.19197313484807,83924800
2024-03-01,497.83203125,498.2591489639279,493.6676779750869,494.075392019808,76844800
2024-03-04,497.298095703125,499.1424809176813,497.00689257657365,497.03604251314806,49799300
2024-03-05,492.32806396484375,495.745005535815,490.1245478315941,495.2984545471132,72855600
2024-03-06,494.82281494140625,497.07488469099843,493.53177482463775,495.59937641592427,68382400
2024-03-07,499.7346496582031,500.78304025779806,494.8810662776538,498.11356939849594,58652100
2024-03-08,496.735107421875,503.04473579557066,496.1623881738849,500.36560770630734,86532500
2024-03-11,496.3080139160156,496.8904498381802,493.6094227797772,495.53145243574386,62557200
2024-03-12,501.6469421386719,502.2293483869414,495.9002573325016,498.41443934118087,73114400
2024-03-13,500.86065673828125,502.14200986510485,499.4240150117718,501.9672879725168,55104100
2024-03-14,499.8705139160156,501.9866689472691,496.8321662856789,501.83132111592977,110171800
2024-03-15,496.4381408691406,498.2590460217431,494.77306623402836,496.80816405826874,107646300
2024-03-18,499.3885192871094,501.93969410963876,498.97956820958467,500.4985887866016,88893300
2024-03-19,502.1636657714844,502.44602683293346,497.69420694088996,498.6971800566581,60755300
2024-03-20,506.8083801269531,506.94471696954355,501.5502591703246,502.22213711517423,69594600
2024-03-21,508.4831848144531,510.34298796408666,508.2007643189091,509.64192900671355,60256100
2024-03-22,507.5191955566406,508.8823855528386,507.2854498071945,508.39551924735605,79070800
2024-03-25,506.1170654296875,507.2660628859731,505.961234915521,506.14624650613894,48512100
2024-03-26,505.1822814941406,507.87954020766836,504.7830772199743,507.5386980888141,65463700
2024-03-27,509.427734375,509.46672172053235,505.8444050698442,508.00612262936903,82999800
2024-03-28,509.3303527832031,510.8298796934876,509.04799170553036,509.46668962011773,96294900
2024-04-01,508.44415283203125,510.6058699579784,507.2854087415083,510.07032895168504,62477500
2024-04-02,505.2114562988281,505.3477336967163,502.9134021583385,504.627181070464,74230300
2024-04-03,505.7664794921875,507.266065898289,504.0721940901131,504.1208688391064,59155800
2024-04-04,499.5930480957031,510.10934946561747,499.2911933332161,509.76856679026787,96858100
2024-04-05,504.8122253417969,506.7694375345306,500.5083435441168,500.94653513579135,74546500
2024-04-08,505.0946044921875,506.5162756490336,504.2864491311744,505.51336185898396,48401800
2024-04-09,505.6788330078125,507.0712635271461,500.8393509659492,506.8278303713481,68049200
2024-04-10,500.6153564453125,502.60174938275605,498.63871034213696,499.9921533713205,82652800
2024-04-11,504.3934631347656,505.8345682969367,498.62898305416263,502.1343964769264,70099000
2024-04-12,497.4313659667969,502.27081877394835,495.70784003413945,500.85889444352966,92561100
2024-04-15,491.1994323730469,501.7644075343254,490.3522600316743,501.59888962975333,92101400
2024-04-16,490.3035888671875,493.19557596027215,489.018254666714,491.676555438244,73484000
2024-04-17,487.40191650390625,492.92299427571044,486.0094858021586,492.7574466330574,75910300
2024-04-18,486.39898681640625,490.8879103775737,485.4642116695209,488.79439084700124,74548100
2024-04-19,482.15350341796875,487.31427501412566,480.8876330360681,486.3210783246666,102212600
2024-04-22,486.5936584472656,489.18379074188493,482.41633725230787,484.7532895605779,67961000
2024-04-23,492.367919921875,492.7963646750655,486.4086807205422,488.5995792337359,64633600
2024-04-24,492.13421630859375,494.04272395926796,489.91410708182036,493.25400289949073,55928100
2024-04-25,490.2646179199219,491.02412816029823,484.42222231211605,486.0678327855915,69122400
2024-04-26,494.909423828125,496.48686615025724,492.41667033113185,493.0495906841402,64306100
2024-04-29,496.6620788574219,497.33395677101214,493.9258924563797,496.69128964862307,46415400
2024-04-30,488.79437255859375,496.1752536684076,488.79437255859375,495.2015209263445,77483600
2024-05-01,487.2071228027344,494.84118298455326,486.73972044696376,488.2100662136069,80242800
2024-05-02,491.76422119140625,492.6016467604268,486.4281553313073,490.9073316662554,62550200
2024-05-03,497.8597412109375,499.0866240599667,495.20144055878046,497.73315122045955,72756700
2024-05-06,503.0010681152344,503.039996024656,499.81694342031363,500.25513498697876,47264700
2024-05-07,503.55621337890625,504.9486442034007,502.8843353443803,503.9651645293329,52561300
2024-05-08,503.6047668457031,504.14030789046143,501.60862689782874,501.7254700555243,42047200
2024-05-09,506.50653076171875,506.5455181068331,503.1374535973279,503.7898378767789,43643700
2024-05-10,507.1590270996094,508.9117342857,505.94186107705553,508.10351940578255,52233200
2024-05-13,507.22705078125,508.94082976185797,506.0878002167031,508.8337334335511,36716400
2024-05-14,509.5542907714844,510.0703976103099,506.88627278339663,507.42181386177714,57535900
2024-05-15,515.8641357421875,516.1562436643347,511.38492968552964,512.0178797101214,59504900
2024-05-16,514.8026733398438,517.5583531460086,514.6565896819933,515.9614174721102,50244800
2024-05-17,515.5427856445312,515.6109540647997,513.4687302561026,514.9195824580145,59187600
2024-05-20,516.13671875,517.5973177042522,515.2700824401487,515.6595992673854,37764200
2024-05-21,517.4025268554688,517.5583573493641,515.1727006539206,515.3772058901883,33437000
2024-05-22,515.9127807617188,517.4220544657823,513.741316563043,516.7112486575287,48390000
2024-05-23,512.1444091796875,519.0676335599267,510.9369308576571,518.9605372397859,57211200
2024-05-24,515.5330810546875,516.3412958961842,513.0403275362747,513.9848197975488,41291100
2024-05-28,515.893310546875,516.5749353115505,513.2642204156563,516.3412489766735,36269600
2024-05-29,512.28076171875,513.4589997088932,511.56995584928654,511.871810616093,45190300
2024-05-30,508.8824768066406,511.40447087133504,507.6361297457073,510.7423397089747,46377600
2024-05-31,513.5173950195312,513.6439850215788,504.7440541264526,509.8367164200918,90785800
2024-06-03,513.93603515625,515.4063808363203,508.8726139393969,515.1240197883811,46835700
2024-06-04,514.5106201171875,515.2506664560023,511.17072418863216,512.631323194632,34632700
2024-06-05,520.6256103515625,520.645104022442,514.8416361330836,516.8280887412405,47610400
2024-06-06,520.6158447265625,521.3558910101924,518.6878732006264,520.927446289771,30808500
2024-06-07,519.9829711914062,522.787325920015,518.5515533208824,519.6421291117942,43224500
2024-06-10,521.5896606445312,521.9110090941606,518.5808597177815,519.1748224338155,35686100
2024-06-11,522.845703125,522.9041247005574,518.0743898707741,520.0413486344055,36383400
2024-06-12,527.139892578125,529.8274041983666,526.1077383475028,527.4028194115604,63251300
2024-06-13,528.2012329101562,529.0581223075357,525.4163720846324,528.8828575806059,44760900
2024-06-14,528.5225830078125,528.5517640797698,525.6694943308721,526.6724673865745,40089900
2024-06-17,532.7291870117188,534.1216772051151,527.3834034899254,527.8410888070123,55839500
2024-06-18,534.0825805664062,534.2091705580833,532.3688016931667,532.7874995764366,41376400
2024-06-20,532.6318359375,535.6698774866474,530.8596351285086,535.0077463215187,70328200
2024-06-21,531.9177856445312,533.031436553649,530.4622526113701,531.8103437911085,64338600
2024-06-24,530.1886596679688,534.3013212499749,530.0714395414016,531.7419157804823,45528700
2024-06-25,532.2303466796875,532.5917853363576,529.8956032092343,531.4097461795637,37936200
2024-06-26,532.8945922851562,533.6076912884868,530.4719636310322,531.1166742934914,38550600
2024-06-27,533.7346801757812,534.3110621107577,532.0153722749866,532.7578061070262,35041500
2024-06-28,531.6343994140625,537.5543137581463,530.3938098387125,534.5064116818106,76144500
2024-07-01,532.728515625,533.2560061424955,529.9737236752046,533.0117876323043,40297800
2024-07-02,536.3135986328125,536.3135986328125,531.0775683576217,531.126400132376,40434800
2024-07-03,538.70703125,539.068469909586,535.9620173191718,536.0010708200014,32789900
2024-07-05,541.8134155273438,542.2139076372644,538.3747999305978,539.0097918869257,41488400
2024-07-08,542.4386596679688,543.3861988920726,541.3738407022457,542.5949332840256,36110500
2024-07-09,542.9661254882812,544.2946598471173,542.6730752067231,543.3959524424528,27289700
2024-07-10,548.3388671875,548.6807492045888,543.8941028470899,544.1871530936876,38701200
2024-07-11,543.6109008789062,549.3256503566656,542.9759684638211,548.4562180647349,53054200
2024-07-12,547.0397338867188,550.6346235261244,544.2654447499774,544.7343252522627,53084400
2024-07-15,548.5441284179688,551.7775792240066,546.6880438244344,549.0325654558818,40584300
2024-07-16,551.7969970703125,552.090047326324,549.1008154677004,549.8530274778409,36475300
2024-07-17,544.0601806640625,547.5476278240299,543.7377955656038,545.8771519032762,57119000
2024-07-18,539.8792114257812,546.5806130354061,537.7008012722223,545.5939606590898,56270400
2024-07-19,536.2940673828125,541.2663824595259,535.2390267295067,539.644738170822,65509100
2024-07-22,541.8232421875,542.4288993582354,538.277184442637,540.2113760766848,43346700
2024-07-23,540.9733276367188,543.8648365993427,540.484890622907,541.7157018138391,34439600
2024-07-24,528.7135009765625,536.4698829953903,527.7952370228695,536.1670544374522,74515300
2024-07-25,525.958740234375,534.7994982405838,525.0209792890996,528.8307523766035,61158300
2024-07-26,531.8493041992188,534.5357078065754,528.9675138593225,529.7392825093052,53763800
2024-07-29,532.1619262695312,534.3989464184045,530.1690650137424,533.3927971337158,39515800
2024-07-30,529.4657592773438,534.6822931769603,526.0662565076813,533.6272524601584,46853600
2024-07-31,538.0718994140625,540.6996925359946,534.9166158614872,536.284203519186,65663400
2024-08-01,530.452392578125,542.0381046138815,526.9551667505608,539.7913062018092,76428700
2024-08-02,520.5762329101562,524.5716145988897,516.3756265717791,523.3603002519518,82789100
2024-08-05,505.41510009765625,511.4717311244644,498.4695101090915,499.80785259777787,146267400
2024-08-06,510.07476806640625,517.4989864003181,505.8937188490462,507.2124748611044,84826300
2024-08-07,506.6654357910156,519.2964689099484,506.06955696870784,516.2485672171777,70698300
2024-08-08,518.3782348632812,519.0033889369354,509.77197692780607,511.79405372836936,63276600
2024-08-09,520.6640625,522.1489300560904,516.3365178449808,517.5576103421191,45619600
2024-08-12,520.9376831054688,523.3407552909962,518.6713279832952,521.8559471668351,42542100
2024-08-13,529.5048217773438,529.7393216479126,523.878076980635,524.1222955084382,52333100
2024-08-14,531.1751098632812,532.3571485837643,527.629053325475,530.2958996250849,42446900
2024-08-15,540.2796630859375,540.562935056648,536.1865589989441,536.7922160560852,60846800
2024-08-16,541.4910888671875,542.1846909540823,538.5116347380534,538.6679083622046,44430700
2024-08-19,546.6683959960938,546.6683959960938,541.0513709978661,541.9012465320536,39121800
2024-08-20,545.7794799804688,547.8700045132335,544.4411674580102,546.2190851764095,33732300
2024-08-21,547.6551513671875,549.1106842316043,541.9013486274712,546.8248322343893,41514600
2024-08-22,543.3568115234375,550.155875826028,542.1454973391976,549.5502187339081,56121500
2024-08-23,549.1301879882812,550.0680084955276,544.4020915801096,546.5903394303513,50639400
2024-08-26,547.8211669921875,550.8690092024209,546.1214157161334,550.1559102385648,35788600
2024-08-27,548.573486328125,549.0619234396653,545.4084233851316,546.551349531508,32693900
2024-08-28,545.3887939453125,548.661357929549,542.204174863817,548.2315309438809,41066000
2024-08-29,545.4376220703125,550.644377643334,544.2946960843145,547.352316743397,38715200
2024-08-30,550.6444702148438,551.1524639045385,544.2557340828612,547.8017923810901,62700100
2024-09-03,539.3126220703125,547.8407131286382,536.8020487007664,547.508549729637,60600100
2024-09-04,538.2088623046875,541.6083655035815,536.7533292597282,537.4762066412244,47224900
2024-09-05,536.8997802734375,540.9928852935313,534.4478166491117,538.1502077884983,44264300
2024-09-06,527.8636474609375,538.8437022454943,526.9649400293706,537.2221175565589,68493800
2024-09-09,533.7736206054688,535.0436043247605,530.1299001804285,532.0543726925215,40445800
2024-09-10,536.0987548828125,536.450474898389,530.8138918516801,535.678706144088,36394600
2024-09-11,541.5984497070312,542.5167136236998,527.4728902611638,536.0107592184578,75248600
2024-09-12,546.1605224609375,546.4633510224045,539.9573366553728,542.1748597619055,51819600
2024-09-13,549.0130004882812,550.0094311099382,546.5122052774053,546.7662020730168,39310500
2024-09-16,549.8237915039062,550.0875069413107,546.9517795427174,548.7491943236346,36656100
2024-09-17,550.0484008789062,553.477237850398,547.8210997398118,552.031423916307,49321000
2024-09-18,548.4170532226562,555.5384427736924,547.8602279225689,550.7029048507478,59044900
2024-09-19,557.7755126953125,559.6315971955383,554.9426137920285,557.8048475354702,75315500
2024-09-20,556.811279296875,557.8499393877719,553.7932621282835,556.4095588022268,77503100
2024-09-23,558.2028198242188,558.8495678561227,556.6644159380835,557.8795056148167,44116900
2024-09-24,559.7999267578125,559.8587165873663,556.1743944512203,558.9964258828836,46805700
2024-09-25,558.5652465820312,560.3780425284191,557.4579883539482,559.6431398003925,38428600
2024-09-26,560.77978515625,563.1413061737785,558.4281322177342,562.817932214862,48336000
2024-09-27,559.9664916992188,562.6611352170194,558.9376397719122,561.8478858705382,42100900
2024-09-30,562.2105102539062,562.8180251821971,556.6448529649051,558.9377164538611,63557400
2024-10-01,557.1738891601562,562.5043864049716,554.6066335561335,561.8576982708267,72668800
2024-10-02,557.4090576171875,558.4281611024765,553.8913563966638,556.282242548741,38097800
2024-10-03,556.3900146484375,558.3301388916863,554.106899883147,555.9392527365582,40846500
2024-10-04,561.4461059570312,561.8184614824812,556.6643337627131,560.8287828388663,42939100
2024-10-07,556.3704223632812,560.4467168743025,555.22399069742,559.7999688939893,49964700
2024-10-08,561.6323852539062,562.2301517411685,558.0657019121494,558.9377412468939,37398700
2024-10-09,565.5223999023438,566.0809331902332,561.0247685875196,561.6224751598685,37912200
2024-10-10,564.53271484375,565.9535388259317,562.9257131010544,564.1799758679994,44138100
2024-10-11,567.913330078125,568.6482329129351,564.3171624790748,564.4543586951436,42268000
2024-10-14,572.557861328125,573.4887501402064,569.0401003876937,569.5202272995722,36217200
2024-10-15,568.109375,573.1263074210011,566.8942852830332,572.8225499433973,54203600
2024-10-16,570.5784912109375,571.0978512020905,567.305757742965,568.1092586044506,30725400
2024-10-17,570.6275634765625,574.3216944108202,570.441385688738,574.1159000748407,34393700
2024-10-18,572.8223876953125,573.6062719503354,570.8528388827377,572.3128360166068,37416800
2024-10-21,571.8817749023438,573.0771881011084,568.912738838732,572.0973176864316,36439000
2024-10-22,571.5780639648438,572.7343039714391,568.6972423190728,569.3537388044809,34183800
2024-10-23,566.3552856445312,570.0004346494243,562.8571411229607,569.5594810059998,49314600
2024-10-24,567.580078125,568.3835789691921,564.9638411001258,568.3051725972728,34979900
2024-10-25,567.3840942382812,572.6950344865168,566.443456997856,569.8044050522926,47268200
2024-10-28,569.1381225585938,570.9802836348513,568.8343651367928,570.8528957024953,30174700
2024-10-29,570.0591430664062,571.176149715264,566.7863500672389,568.1777490973657,42899700
2024-10-30,568.3346557617188,571.5780244818477,567.6291179550885,569.5888588084969,41435800
2024-10-31,557.193603515625,564.0428890862833,556.9976174444517,563.974290971045,60182500
2024-11-01,559.545166015625,563.9643910438907,559.1336371976272,559.8195584319851,45667500
2024-11-04,558.3399658203125,560.9758196621659,556.4586313456186,559.6823835212687,38217000
2024-11-05,565.0912475585938,565.1304208425688,559.0356559214524,559.251198693126,39478300
2024-11-06,579.142578125,580.0146771322202,573.6063462638446,577.3396500855225,68182000
2024-11-07,583.6205444335938,584.6396478381987,581.0630972629532,581.1415036340469,47233200
2024-11-08,586.148681640625,587.5695056932594,584.1693242787533,584.1693242787533,46444900
2024-11-11,586.7071533203125,588.0887441353201,584.9825720146739,587.7360051791314,37586800
2024-11-12,584.8846435546875,587.2264882691159,582.4055428293386,586.6287817012992,43006100
2024-11-13,585.1687622070312,587.1676761411395,582.9836705187753,585.3451316888757,47388600
2024-11-14,581.4061279296875,585.7763718199695,580.7202664359244,585.2962448517161,38904100
2024-11-15,573.9591064453125,578.3195418358689,572.1071369723535,577.8491633593196,75988800
2024-11-18,576.310791015625,577.6237838402152,573.5573576252949,574.4195885423085,37001700
2024-11-19,578.41748046875,579.142574989824,572.2737337790142,572.9400384688264,49412000
2024-11-20,578.6134643554688,578.8976052377521,572.8616299600318,578.495884693383,50032600
2024-11-21,581.7196044921875,583.1404284379229,575.6248397212988,581.4550801704302,46750300
2024-11-22,583.5226440429688,584.1497754660484,581.2101642027249,581.7098478799927,38226400
2024-11-25,585.501953125,588.7648782973704,583.2188384863542,587.4518855330788,42441400
2024-11-26,588.5592041015625,589.2255088244219,586.0311216188419,586.746407902425,45621300
2024-11-27,586.7758178710938,588.755115442667,585.2570306878304,588.3730114334577,34000200
2024-11-29,590.4209594726562,591.204843913549,587.3147867247623,587.5891193661275,30177400
2024-12-02,591.4791870117188,592.1552999944694,590.3425038316959,590.8324390421951,31746000
2024-12-03,591.7534790039062,591.9984465923378,590.2151351783115,591.2439870884159,26906600
2024-12-04,595.427978515625,595.6729460981672,592.7725681970518,593.438872844782,42787600
2024-12-05,594.4481201171875,596.2314913306755,594.0953811448159,595.4279904670244,28762200
2024-12-06,595.5750122070312,596.8096584526629,594.800936138575,595.212464951605,31241500
2024-12-09,592.508056640625,595.6240374954255,591.9201582931329,595.457476264727,34742700
2024-12-10,590.6658935546875,593.605504896008,590.0093971009587,593.1841677805376,37234500
2024-12-11,595.232177734375,596.1826234477978,593.3116099521484,593.5860024095599,28677700
2024-12-12,592.1650390625,594.9380289691392,592.1650390625,594.369747252086,31543800
2024-12-13,592.0474853515625,594.9086900260288,590.6756429397628,594.1934038090473,35904700
2024-12-16,594.5755615234375,595.5456834945226,593.0274092921627,593.8014854078001,43695200
2024-12-17,592.1257934570312,592.9880840930309,590.7540109408761,592.0278303510687,55773500
2024-12-18,574.4783935546875,594.2031278558312,574.0962297805506,591.8220501813851,108248700
2024-12-19,574.302001953125,581.0631314525076,574.057034359764,579.456129686489,85919500
2024-12-20,581.199951171875,585.7225012446567,571.132257605004,571.9778279294948,125716700
2024-12-23,584.6803588867188,585.2800771480029,577.7686569320756,580.9443313472664,57635800
2024-12-24,591.1790161132812,591.2183812455869,585.4471288073329,586.0272244384283,33160100
2024-12-26,591.218505859375,592.3392722176656,588.0133673077331,589.4094496188982,41219100
2024-12-27,584.9949951171875,587.7183905820746,580.8165297326684,587.4823797773107,64969300
2024-12-30,578.3192749023438,581.7800467977985,574.5734057798932,577.9948725430215,56578800
2024-12-31,576.2153930664062,580.6986388843645,574.5832998036092,579.9808850967214,57052700
2025-01-02,574.799560546875,581.1803135593343,570.7292291618253,579.4696102256324,50204000
2025-01-03,581.9864501953125,582.6254735449975,576.5593423217554,577.6408633877121,37888500
2025-01-06,585.3390502929688,589.6060270134918,583.608664526265,586.2337670283534,47679400
2025-01-07,578.7223510742188,587.6888410122485,576.903513754268,587.3643786767495,60393100
2025-01-08,579.56787109375,580.6395509433228,575.350100693004,578.7911897402016,47304700
2025-01-10,570.7192993164062,576.0874192959229,568.8119506064235,576.0185903209236,73105000
2025-01-13,571.604248046875,571.9581742427216,565.6658729466735,566.0788468496604,47910100
2025-01-14,572.3908081054688,575.1535088845837,568.6154150795988,574.5242667122994,48420600
2025-01-15,582.8025512695312,583.9430001285099,579.2827918470954,580.3937768602567,56900200
2025-01-16,581.6817016601562,584.34604932179,580.9836305712422,584.1690862304802,43319700
2025-01-17,587.521728515625,589.2717368825727,585.5848557638515,586.9121689712896,58070600
2025-01-21,592.8995971679688,592.9094384516549,588.5933154613438,590.5596519481012,42532900
2025-01-22,596.232666015625,597.5894432517595,595.1708273073808,595.7213992287225,48196000
2025-01-23,599.4868774414062,599.4868774414062,595.3280946897063,595.6033506126263,41152100
2025-01-24,597.73681640625,600.4995770008244,596.5865262707722,599.54587252364,34604700
2025-01-27,589.2815551757812,589.5961762199101,584.6311885086425,584.798310310645,70361100
2025-01-28,594.344970703125,595.1806398263976,587.1973173488781,590.5105900023588,44433300
2025-01-29,591.6805419921875,593.9614997638901,589.1341095636221,593.5583671362218,37177400
2025-01-30,594.8560791015625,596.389819126707,590.6087851839717,593.7943006280343,39281300
2025-01-31,591.6903686523438,599.6933732210748,590.9333098394596,597.2747575383468,66566900
2025-02-03,587.7084350585938,590.1859779526204,580.5509422345103,582.694241567132,65857200
2025-02-04,591.6510620117188,592.1622687341741,587.2268045597665,587.767535135661,33457800
2025-02-05,594.0498657226562,594.1973649569587,588.5048426365228,590.5301667443101,30653100
2025-02-06,596.1145629882812,596.2423796576439,592.4866698522919,595.7901006731433,35771500
2025-02-07,590.657958984375,597.8940622927604,589.9500466999555,596.6749433667395,50788500
2025-02-10,594.6692504882812,595.3083338092902,592.5947800275039,593.8631053864565,26048700
2025-02-11,595.12158203125,595.662312577201,592.2900526181724,592.4080280097315,30056700
2025-02-12,593.2044067382812,594.3743794070193,588.4360645213627,589.1144530437037,45076100
2025-02-13,599.4672241210938,599.6737110792319,593.047165943141,594.3055902381474,40921300
2025-02-14,599.437744140625,600.7060096863363,598.8183432907158,599.6736949390985,26910400
2025-02-18,601.1975708007812,601.1975708007812,598.1399318067746,600.5978525430173,26749000
2025-02-19,602.6134033203125,602.9083418402669,599.3001305958442,599.81139736899,31011100
2025-02-20,600.106201171875,601.3843078099816,596.8027704742943,601.2466498622931,36554000
2025-02-21,589.842041015625,600.0276510429451,589.3799206723878,599.8899930676969,76519800
2025-02-24,587.157958984375,592.8800056614799,586.4500466079941,591.8869960824046,50737200
2025-02-25,584.2379150390625,587.8265033006376,579.6366946428752,587.098968367302,58266500
2025-02-26,584.5328979492188,589.4881049123491,581.8980139327481,585.8995163780398,43321600
2025-02-27,575.2025756835938,587.9542991571739,574.809344386224,586.8039490929929,74196700
2025-02-28,584.178955078125,584.7098443771037,572.6365684069419,575.7040488167072,88744100
2025-03-03,573.9442138671875,587.2858157400013,570.1393571070072,586.1453068357338,74249200
2025-03-04,567.1503295898438,575.5367821952976,562.6179391000621,569.9523946490302,109648200
2025-03-05,573.24609375,575.035467216836,563.434093538414,566.9833166199888,71230500
2025-03-06,563.0703735351562,570.4047711019521,560.523941077153,565.7937090893346,80094900
2025-03-07,566.226318359375,567.6716070865215,556.1095373006934,561.2908538818324,81158800
2025-03-10,551.1444702148438,559.9536192631458,546.2384702857362,558.0364891964213,99326600
2025-03-11,546.5629272460938,554.5266268117218,542.728606721458,549.9843938775969,88102100
2025-03-12,549.4631958007812,553.6318192815521,544.3703918307585,552.7076387923001,69588200
2025-03-13,542.1386108398438,549.6991769603108,540.4279077137791,549.0896174558009,74079400
2025-03-14,553.3369140625,554.3397648685512,542.2074423986709,546.7496748611676,62660300
2025-03-17,557.6039428710938,560.1208513978755,552.8846868765244,553.3172833424321,49008700
2025-03-18,551.5770874023438,555.5097605205915,549.6500559715837,555.2934322950165,66041400
2025-03-19,557.584228515625,561.3399385264869,552.1768030039566,553.3566169353411,66556000
2025-03-20,555.9718627929688,560.966374832501,553.1304918485869,553.848245552193,62958200
2025-03-21,556.1552734375,557.0526817242638,550.2878724028328,551.5205297947124,83763000
2025-03-24,566.1151733398438,567.1703352751009,562.2890000340255,562.880651498493,58766800
2025-03-25,567.47607421875,568.4128457426297,565.7306119858723,567.3182603575567,38355700
2025-03-26,560.7013549804688,568.3339598573967,559.3207546377017,567.2097618801449,51848300
2025-03-27,559.2122192382812,562.9792269072261,557.1018956425098,559.3108077400744,42164200
2025-03-28,547.95068359375,558.4135249923543,547.3689030262066,557.6838014665011,71662700
2025-03-31,551.62890625,552.9305994826874,539.282592409213,542.201546342058,95328200
2025-04-01,553.18701171875,555.1297110203275,545.9981756472096,549.715889513425,54609600
2025-04-02,556.687744140625,559.547472787333,547.1124411566806,547.3491017135567,76014500
2025-04-03,529.2537841796875,540.3673821784607,529.2537841796875,537.5470765410741,125986000
2025-04-04,498.2696838378906,518.5740121118964,498.05273494035157,516.404523136506,217965100
2025-04-07,497.3821716308594,515.9114550791749,475.115432610906,482.40291724281104,256611400
2025-04-08,489.591796875,517.6963548854247,482.3733480760591,514.6196468974629,165816600
2025-04-09,541.0084228515625,541.0084228515625,486.20939567811143,486.59399925019795,241867300
2025-04-10,517.3019409179688,526.0981670837639,502.25365007002944,524.7866027854379,162331200
2025-04-11,526.5321044921875,528.9875485351057,512.8545420601603,515.7537548286505,97866300
2025-04-14,531.6401977539062,536.7286411738348,526.453165817952,536.5017912856171,68034000
2025-04-15,530.1511840820312,535.6932073834843,529.3622953201973,532.1826012332219,56892900
2025-04-16,518.3668823242188,530.4272422697393,513.0713913810127,524.3033791384568,83484800
2025-04-17,519.1064453125,523.8004136549424,516.6411308627585,520.3194209498447,79868100
2025-04-21,506.7503356933594,514.4618467446136,501.40552056556845,513.9293002870572,69368100
2025-04-22,519.9348754882812,521.9564215250564,511.9867032226325,512.9235348557764,75948100
2025-04-23,527.9915161132812,537.8626460694973,526.4729038847668,532.9320165359907,90590700
2025-04-24,539.1051025390625,539.8348259826943,528.0210584541512,529.2733972607866,64150400
2025-04-25,543.0004272460938,543.4047124173812,536.1468396073658,539.0657941930334,61119600
2025-04-28,543.2074584960938,545.8700106135369,537.4583875113086,543.7400050325934,47613800
2025-04-29,546.6292724609375,547.7435994540236,540.9393072120234,541.294298062473,47775100
2025-04-30,546.84619140625,548.7987614609631,534.0068741379372,539.9729233205555,93101500
2025-05-01,550.7217407226562,556.2440822591161,550.1202183270924,552.5954041380958,63186100
2025-05-02,558.8966674804688,560.4941864598073,554.5774316657111,556.894803218062,60717300
2025-05-05,555.6917724609375,558.7882219920989,553.9068871278389,554.7648117792631,38659200
2025-05-06,551.0471801757812,555.5340413030556,549.2327420958744,550.1892553966732,48264700
2025-05-07,553.3645629882812,555.9975022415719,548.3254139860352,552.3784371058738,55588000
2025-05-08,557.2202758789062,562.3974366423718,553.9069074354913,557.3977713110521,65130800
2025-05-09,556.5103759765625,559.6265076685456,554.9522800363936,558.6206398834757,37603400
2025-05-12,574.9014892578125,574.9113601462691,569.0340285188223,573.402558732667,78993600
2025-05-13,578.6981201171875,580.9070323903663,574.7536167184122,575.3156554869938,67947200
2025-05-14,579.4376831054688,580.8083522191259,577.4160770724685,579.6546018902411,66283500
2025-05-15,582.2678833007812,582.770756919371,576.9822030720642,577.4358426248243,71268100
2025-05-16,585.9559936523438,586.2518193704545,581.1042713102905,583.0469103495059,76052100
2025-05-19,586.596923828125,587.2773530559552,579.9405744991373,579.9405744991373,68168500
2025-05-20,584.6246337890625,585.8079967408526,581.4197250633151,584.8613545300925,60614500
2025-05-21,574.7733154296875,584.3584902721909,573.7477661832594,580.2759146876367,95197700
2025-05-22,575.0001220703125,578.4811148637216,573.3433777523152,574.5760350084579,70860400
2025-05-23,571.0753173828125,573.7378691727489,567.6140060747297,567.988738706783,76029000
2025-05-27,582.9483642578125,583.1061179228353,570.4048112020747,577.938827709351,72588500
2025-05-28,579.57568359375,584.5457960298348,578.8459601489828,583.3525621719901,68445500
2025-05-29,581.8635864257812,584.9699071457442,577.9388245287198,584.8318350718904,69973300
2025-05-30,581.2127685546875,582.9286180198035,575.1480700909575,580.7591289651484,90601200
2025-06-02,584.4866943359375,584.5655410710423,576.9428072484826,579.6053591727813,61630500
2025-06-03,587.8197631835938,588.7960181097066,583.6385391723649,584.121791379625,63606200
2025-06-04,587.6619873046875,589.6539808386906,587.2280895107962,588.6777258495218,57314200
2025-06-05,584.8218994140625,590.6893600195378,582.8496477946317,589.3383724752952,92278700
2025-06-06,590.827392578125,592.4939474926597,588.5789969918866,590.3540112930365,66588700
2025-06-09,591.3599243164062,592.9081490758875,590.1864321834666,591.3993476813894,53016400
2025-06-10,594.7128295898438,595.0973729509094,590.7781968461302,591.8924637491524,66247000
2025-06-11,593.0166625976562,596.6653405011278,590.9556931519085,595.8074157747775,73658200
2025-06-12,595.3734741210938,595.3734741210938,591.2021810906274,591.6853731206485,64129000
2025-06-13,588.7171020507812,593.4997881009825,587.2181715759101,590.1962907494013,89506000
2025-06-16,594.3182983398438,596.0637602908375,591.892407169678,592.0699627819344,79984100
2025-06-17,589.2398071289062,593.4012293190596,588.4804709653109,591.8826171802143,82209400
2025-06-18,589.1510009765625,592.8785252065284,588.1944276516227,590.1371267775953,76605000
2025-06-20,587.7673950195312,592.8906208578056,586.3629131433069,591.8224395288368,94051400
2025-06-23,593.5730590820312,593.9587392448562,585.4035696790836,588.5190130228361,87426000
2025-06-24,600.13037109375,601.1885919192599,596.7972471416377,597.7072083922786,67735300
2025-06-25,600.4666748046875,601.940336500435,598.903972841808,601.247995602986,62114800
2025-06-26,605.1646118164062,605.5997923429508,601.7029677445283,602.3161684365299,78548400
2025-06-27,608.1713256835938,609.6351477759472,604.1360808658505,606.1636033457827,86258400
2025-06-30,611.0791015625,612.4340832221852,608.2998981128763,610.6142811588834,92502500
2025-07-01,610.8812866210938,612.0483479268365,608.7746241554748,609.6053849111585,70030100
2025-07-02,613.6505737304688,613.6901136433279,609.8526292762224,610.4757300098587,66510400
2025-07-03,618.4869995117188,619.4167005776212,615.6088560521965,615.628656191773,51065800
2025-07-07,613.8780517578125,617.1913758193931,611.0988485499288,616.5286747873084,74814500
2025-07-08,613.5418090820312,615.2923708557059,612.7307881009865,614.5406899285775,59024600
2025-07-09,617.2210083007812,617.8737488887257,614.1055045789822,615.945166968477,66113300
2025-07-10,618.9617309570312,620.0002120765442,616.1825277796053,617.3594891460615,57529000
2025-07-11,616.7857666015625,618.0121678287132,614.7187046395575,615.9154056597896,63670200
2025-07-14,617.9627075195312,618.3088477245484,614.985684437804,616.3307657158283,51898500
2025-07-15,615.322021484375,620.9793073894895,615.2428812967698,620.6430672331502,74317300
2025-07-16,617.3792114257812,617.8836320494379,611.276844692317,616.9044910111767,88987500
2025-07-17,621.1573486328125,621.5134493059918,617.3396644874989,617.557284919235,68885700
2025-07-18,620.7024536132812,622.5716954836944,619.5947323692288,622.4035753929759,65621600
2025-07-21,621.87939453125,624.6189973413707,621.4541141003111,621.87939453125,63375000
2025-07-22,621.9684448242188,622.828905853138,619.3277216791315,622.2058050575365,60046300
2025-07-23,627.2598266601562,627.2598266601562,622.8288811376781,624.6289433239532,70511000
2025-07-24,627.4674682617188,629.1785504969665,627.0421878119985,627.6454884244192,71307100
2025-07-25,630.1181030273438,630.5928838363332,627.8829206987424,628.1301809903662,56865400
2025-07-28,629.9598388671875,631.0477599275997,628.5751571845921,630.4938993278172,54917100
2025-07-29,628.2982788085938,631.6708825055948,627.3883778702398,631.3543820995848,60556300
2025-07-30,627.5070190429688,630.6917023127537,624.6189756546709,628.9509803708415,80418900
2025-07-31,625.1531372070312,632.8379457731452,623.8574957354674,632.4522656090571,103385200
2025-08-01,614.9066162109375,619.476041722763,612.5032535330552,619.4364414435403,140103600
2025-08-04,624.2530517578125,624.3024917393647,618.7243458354196,618.813325728958,73218000
2025-08-05,621.088134765625,625.6773001361546,620.1683337507773,624.866279158634,68051400
2025-08-06,625.845458984375,626.4981995520814,621.2463937026511,622.1562946160922,64357500
2025-08-07,625.3212280273438,629.9993730574174,622.2156245224251,629.2674923107387,74205800
2025-08-08,630.1972045898438,630.6620853000642,626.7949007710238,627.1114011688534,64051600
2025-08-11,628.9510498046875,631.947873553624,627.70484826023,630.4742118551501,58742300
2025-08-12,635.6469116210938,635.8051316570012,629.8115442075018,631.2951060550639,64730800
2025-08-13,637.8228149414062,639.1085564704525,635.6370120856271,637.8425547169825,60092800
2025-08-14,637.882080078125,638.5447207235369,635.300697252298,635.7457174616427,59327500
2025-08-15,636.3886108398438,639.0095939138803,635.4787099260534,638.9106535836406,68592500
2025-08-18,636.2501220703125,636.942462907598,635.1424008771667,635.814941575414,43804900
2025-08-19,632.7984008789062,637.0512656505922,631.4829592777961,636.0721245937336,69750700
2025-08-20,631.1170043945312,632.6500060324975,626.013578858981,632.3929060531275,88890300
2025-08-21,628.5850830078125,630.9785456585483,626.864161086776,629.3071240874224,54805800
2025-08-22,638.2381591796875,639.4151205943501,630.2664897119097,630.7709103705197,84083200
2025-08-25,635.42919921875,638.2183023325629,635.3105191174199,636.9820009718095,51274300
2025-08-26,638.0897827148438,638.4359833484747,634.5391586749303,635.1622594491828,51581600
2025-08-27,639.543701171875,640.2755819843173,637.3578984386413,637.5062787617181,48341100
2025-08-28,641.8085327148438,642.3623933153343,638.267809046051,640.146950913372,61519500
2025-08-29,637.98095703125,640.7404203673219,636.0919150690585,640.374419619015,74522200
2025-09-02,633.2533569335938,633.4709169972102,627.9619508913343,630.5136938017484,81983500
2025-09-03,636.6853637695312,637.1502445176759,633.4413400681225,635.6270824559713,70820900
2025-09-04,642.0062866210938,642.0359868267901,636.4577811203425,637.3577818657208,65219200
2025-09-05,640.1469116210938,645.062476969223,636.2797877246134,644.3404359625918,85178900
2025-09-08,641.7195434570312,642.718484610511,640.1370415028089,641.5118230975241,63133100
2025-09-09,643.2031860351562,643.7273464852004,640.1272219983028,641.8580441132016,66133900
2025-09-10,645.0625,647.3768223058731,643.4997982019892,646.4570213518696,78034500
2025-09-11,650.4231567382812,651.1154976382888,646.4274520986086,647.0109525903231,69934400
2025-09-12,650.2055053710938,651.8868873722256,649.7011451004063,650.3934256012134,72780100
2025-09-15,653.6671752929688,653.795755474802,652.1144337731963,652.4111340519337,63772400
2025-09-16,652.76708984375,654.5276118800496,651.9857691498868,654.2209512044083,61169000
2025-09-17,651.9561767578125,654.4683196962441,647.1296508296768,652.7770978636573,101952200
2025-09-18,655.0023803710938,657.603563340362,653.0341982051615,654.6364399867887,90459200
2025-09-19,658.2465209960938,659.0895125014193,654.9438659954435,656.8877828567474,97945600
2025-09-22,661.3607177734375,661.8069717744121,656.7290467709187,656.7588293222589,69452200
2025-09-23,657.7606201171875,661.8566899635472,656.540685502851,661.2417286303936,81708900
2025-09-24,655.6678466796875,659.1490153831234,654.2496039734066,659.0498612769777,68082200
2025-09-25,652.6429443359375,653.9917550046746,649.0328388399253,652.5338627083877,89622100
2025-09-26,656.3819580078125,656.9274266555326,652.4743298182361,654.0909412604747,69179200
2025-09-29,658.2266845703125,659.8135740530697,656.4216318338509,658.9010899003678,73499000
2025-09-30,660.7061157226562,661.1722852976668,656.173659297658,657.4828203674869,86288000
2025-10-01,662.95751953125,663.8699431635192,657.611793334362,657.7208749627936,72545400
2025-10-02,663.7210693359375,665.0600128657511,661.3011766397112,664.9410037342527,56896000
2025-10-03,663.7113037109375,667.1527626006609,662.6698828508305,664.4848631838105,70494400
2025-10-06,666.0914916992188,666.9841207809839,663.9591941673339,666.1014192164715,54623300
2025-10-07,663.6219482421875,667.4601442579947,662.1838505424819,667.0138297258598,72020100
2025-10-08,667.5791625976562,667.6783772359653,663.919480237528,664.7426772273783,60702200
2025-10-09,665.6452026367188,668.4023890582872,663.7112737749407,667.9957845708525,66501900
2025-10-10,647.6542358398438,668.4122493878771,647.4757221413303,666.6071968358344,159422600
2025-10-13,657.5919189453125,659.664772492732,654.3488290056752,655.2216030747315,79560500
2025-10-14,656.78857421875,660.3590300864076,647.8030207789583,651.7701536094826,88779600
2025-10-15,659.7044067382812,664.7228272522149,653.5156893256119,661.3408732132422,81702600
2025-10-16,655.2116088867188,663.2153058553965,651.7105854492366,661.340821247798,110563300
2025-10-17,658.9308471679688,660.2895852935891,652.7322022395391,654.0810128478913,96500900
2025-10-20,665.7840576171875,666.6866142382812,661.7872027532737,661.8367798071084,60493400
2025-10-21,665.7741088867188,667.4601523988813,664.4748753427003,665.9229005771253,56249000
2025-10-22,662.3128051757812,666.4783066993808,657.8497808005621,666.4783066993808,80564000
2025-10-23,666.2402954101562,667.1825015615415,662.3128121266341,662.6301900162397,65604500
2025-10-24,671.6851806640625,672.8951271271609,670.0983517375236,670.9016937183009,74356500
2025-10-27,679.6095581054688,679.9070809796764,676.515199146416,677.1201724129126,63339800
2025-10-28,681.41455078125,683.2493254549719,679.2028936555786,681.4046232640447,61738100
2025-10-29,681.7418823242188,684.0328991417463,677.2590027977353,683.0609104229828,85657100
2025-10-30,674.2440185546875,680.3037996369978,674.2440185546875,678.2805836148408,76335800
2025-10-31,676.4556274414062,679.4508319897004,673.6587916341136,679.4111219213156,87164100
2025-11-03,677.72509765625,680.1648453676048,674.3530108656404,680.0359087204932,57315000
2025-11-04,669.691650390625,674.3728983771498,669.0371001406891,670.5544968959969,78427000
2025-11-05,672.012451171875,675.2654684624238,668.6304366940664,669.4337786331213,74402400
2025-11-06,664.8021850585938,671.8140994484131,663.2252231578799,670.9115428502156,85035300
2025-11-07,665.4567260742188,665.5658682287408,655.7769731606511,662.4218719882706,100592400
2025-11-10,675.8406982421875,676.5746080726943,669.4833950163819,671.6751969912248,75842900
2025-11-11,677.387939453125,677.9532631527235,673.1530057317516,674.3630127379913,58953400
2025-11-12,677.7648315429688,679.3318660026857,675.3548055474994,679.1632192686196,62312500
2025-11-13,666.5180053710938,675.265541055433,665.0105359672095,674.9085136071693,103457800
2025-11-14,666.4088134765625,670.1081450818862,657.8199984349773,659.9126462553079,96846700
2025-11-17,660.2003173828125,668.1742931923078,656.7290761218832,664.1972328051172,90456100
2025-11-18,654.65625,659.6548153709225,650.4708935566339,656.6596108350068,114467500
2025-11-19,657.185302734375,661.856623370592,653.3371790986623,655.3505280387882,94703000
2025-11-20,647.1683349609375,670.0090710879778,646.5335791707308,667.3808213360044,165293500
2025-11-21,653.6148681640625,659.0894699034471,645.5020288545189,649.6675301260088,123956200
2025-11-24,663.2351684570312,664.5542570793402,656.1538823239337,657.2448196444445,80437900
2025-11-25,669.4735717773438,670.6537963067218,659.0201372218106,663.1360620641211,81077100
2025-11-26,674.09521484375,676.0986363282427,671.1595147067713,672.0620713400136,71879600
2025-11-28,677.7747192382812,678.0523870500939,674.9084513312986,675.2654787466182,49212000
2025-12-01,674.6803588867188,677.3779800628074,673.1629015749381,673.2323336611282,61201200
2025-12-02,675.9299926757812,678.2011542749951,673.748057660358,676.316742094939,62953800
2025-12-03,678.2706298828125,679.2822075879724,674.105128319461,674.9779023816353,57238500
2025-12-04,678.7664794921875,679.7384076011712,675.7415530139849,679.6689755171525,61970300
2025-12-05,680.0557861328125,682.7336127271673,678.9549213715281,679.8375623637357,79241000
2025-12-08,678.0126953125,680.997972172105,675.9696245182643,680.9483951231146,55231500
2025-12-09,677.4276123046875,679.7583392727543,676.9813582671167,677.5367544682442,58310100
2025-12-10,681.92041015625,683.3088703732143,675.711837383319,676.9515664343469,85671300
2025-12-11,683.5072021484375,683.5865617528303,676.5647198382891,679.51034738166,86173700
2025-12-12,676.1581420898438,683.2196338188487,673.5893968987631,682.5154459360199,113160300
2025-12-15,675.1365966796875,680.1252955149479,673.6687768311533,680.1054404790556,90811000
2025-12-16,673.2918701171875,675.4837328267965,669.4338188610296,673.6488975485244,122030600
2025-12-17,665.8832397460938,674.8489377460819,665.6848710067972,674.3034691132465,110625200
2025-12-18,670.9115600585938,675.1464937426624,669.3545136860721,672.0322799303326,108650100
2025-12-19,676.9923095703125,677.4896664833268,672.8940327515619,673.0134542661981,103599500
2025-12-22,681.2098999023438,681.7370666700199,676.9923229108747,680.3245900087294,69556700
2025-12-23,684.3233032226562,684.562024812114,680.2548972126992,680.3046207584179,64840000
2025-12-24,686.7305297851562,687.1781631452748,684.164151137988,684.313382495532,39445600
2025-12-26,686.660888671875,688.0037280321676,685.6264081645946,686.989161229118,41613300
2025-12-29,684.2138671875,685.5567672531378,682.4433081832867,683.9055083361335,62559500
2025-12-30,683.3783569335938,684.9201512250444,682.9506372729019,683.8160334465714,47160700
2025-12-31,678.3152465820312,683.726492314561,678.1063955310838,683.5076844111845,74144800
2026-01-02,679.55859375,683.2390468658663,676.2263268834449,682.0852055985325,89377200
2026-01-05,684.0845336914062,685.7855161168121,682.7516512212146,682.910778712987,71927200
2026-01-06,688.1529541015625,688.6602678554459,684.1442890432024,684.2934596862484,69273800
2026-01-07,685.9347534179688,690.2916046822218,685.6761181181482,688.5309418430683,75588300
2026-01-08,685.8651123046875,686.9692300361542,683.8557710289468,685.1787573638412,64019200
2026-01-09,690.4010009765625,691.6344363504869,685.5368360184962,686.9791831428475,80125500
2026-01-12,691.4852294921875,692.410366767912,686.979207477028,687.0289310253164,63976000
2026-01-13,690.1026000976562,692.4103433578374,687.6953490317495,691.813478661017,78309700
2026-01-14,686.7106323242188,688.0634285762314,682.4134612479594,687.3472637531122,94676700
2026-01-15,688.5806884765625,691.7737417111902,687.5959315038539,690.8983886882239,77862000
2026-01-16,688.0037231445312,690.5800586110835,686.4519720383781,689.9931507530615,79289200
2026-01-20,673.9981689453125,681.1501633341576,672.9934983300664,677.8874730475171,111623300
2026-01-21,681.77685546875,685.0991655259935,674.5452667925615,676.0572511802958,127844500
2026-01-22,685.3379516601562,687.476610793547,683.2888434897402,686.2033478813381,77112200
2026-01-23,685.5865478515625,687.3074439470811,683.5274830754288,684.5123006998919,63059600
2026-01-26,689.0680541992188,690.4606777697717,686.272910918868,686.8399050563427,60473800
2026-01-27,691.8134765625,692.8480177488461,689.9036431059924,690.5104039402848,55506100
2026-01-28,691.7438354492188,694.1510864943795,690.271678492269,693.3652237572153,61172200
2026-01-29,690.3711547851562,693.375209936545,681.2098793986574,692.7087686795362,97486200
2026-01-30,688.3120727539062,690.5402826440542,683.487735152998,688.1330315570439,101835100
2026-02-02,691.7339477539062,693.2459322689688,685.7756213682558,685.9348095869553,79286500
2026-02-03,685.885009765625,693.2757257351432,680.4140840721383,692.529690413304,107904600
2026-02-04,682.5626831054688,687.7948875474046,678.1561081391175,686.7006659106327,105204600
2026-02-05,674.0379638671875,680.0758839506523,672.2176206040476,677.3404209861714,113610800
2026-02-06,686.96923828125,688.6503070282812,677.2508650473027,677.8576866055596,89127600
2026-02-09,690.2816772460938,692.1915108078678,684.7013472083629,685.7755944360715,73885200
2026-02-10,688.4613037109375,692.8579216647231,688.0037135108784,691.276360737094,65185700
2026-02-11,688.3021850585938,693.4547952732178,685.5368515439336,692.7087599208829,76353900
2026-02-12,677.668701171875,691.6742279947084,676.7734344520502,690.5701102294341,118829000
2026-02-13,678.1461181640625,682.6522007204912,673.9384983110481,678.0864377658819,96267500
2026-02-17,679.2402954101562,681.31927396984,672.2077222570326,676.5446598627462,81354700
2026-02-18,682.662109375,685.507036973797,679.2204384959671,680.4041503420104,73570300
2026-02-19,680.8616333007812,682.5526587813481,677.9471293624403,680.225062656192,58649400
2026-02-20,685.7855834960938,686.4122580979458,678.126274472082,678.7131823752115,100034000
2026-02-23,678.7827758789062,686.3525334522094,676.7734345413753,684.1940214696967,90558100
2026-02-24,683.7164916992188,684.7112054782021,676.4053697086953,678.295350173768,73798700
2026-02-25,689.4859008789062,690.0130676270821,686.4519751919497,686.53156929616,56369500
2026-02-26,685.6561889648438,689.6350440416309,680.7323436648176,689.615191050754,71671000
2026-02-27,682.3637084960938,683.2291046432514,678.0367277603054,679.4790749097389,83308900
2026-03-02,682.751708984375,684.9798583327654,674.4359156260907,675.1123137702438,87477200
2026-03-03,676.7337036132812,679.0016196644848,666.1200629162043,671.4915420947397,105003100
2026-03-04,681.5082397460938,683.4579005621853,676.0273572426378,678.026741603972,79182200
2026-03-05,677.70849609375,681.9062201445739,672.0386149612469,678.474445192334,106606500
2026-03-06,668.82568359375,672.5359467168151,666.2195382406165,669.8502072585248,100687000
2026-03-09,674.6845703125,676.3258117079225,658.888509802078,662.8673651303956,102667700
2026-03-10,673.6002807617188,679.7476047325034,671.1930903760745,674.1374043547928,81505300
2026-03-11,672.7548217773438,676.4849986405864,669.7806371390539,673.9982140650914,68441700
2026-03-12,662.5390625,668.0995392824933,662.3500644519811,667.6120785283837,108882200
2026-03-13,658.7890014648438,668.7859240392634,657.863924887251,665.7321452917186,97200200
2026-03-16,665.493408203125,668.5173163233716,663.5934708305671,664.8468199428278,82023100
2026-03-17,667.2440185546875,670.8747480492216,666.1598145596139,668.8355969918504,87128000
2026-03-18,657.9335327148438,666.1796881508768,657.6948111200146,664.8268919718373,82062600
2026-03-19,656.3121948242188,659.4753776238247,651.7066647804095,653.4971375917409,111272500
2026-03-20,646.9034423828125,655.0025723674255,643.063298812559,654.8230422006715,163617500
2026-03-23,653.6959228515625,660.9173090129275,652.2596206790361,656.3790129905765,134802700
2026-03-24,651.5015869140625,655.3417305137531,648.2100787416998,649.6463809650626,96457500
2026-03-25,655.1322021484375,659.1917509309695,652.5588148295345,656.9774239230809,90653800
2026-03-26,643.432373046875,653.1672421520028,643.1630473705688,650.3844333840033,96494400
2026-03-27,632.4606323242188,641.0085567819559,631.4831091918358,640.8489947137006,103649400
2026-03-30,630.3460693359375,638.7245091624994,627.6630399662237,638.4651675144013,99275900
2026-03-31,648.6688842773438,649.865752001465,636.3405988140365,637.2981538716512,152534100
2026-04-01,653.5562744140625,656.8278752918841,651.3220400966815,652.219751792706,97841500
2026-04-02,654.144775390625,656.5086804928782,643.4522901873171,644.7589215344626,68358700
2026-04-06,657.23681640625,658.0247645183308,653.8356054757206,654.1746977251443,39105800
2026-04-07,657.5260009765625,657.9150134208243,649.386996170508,654.9626585699763,69980400
2026-04-08,674.27294921875,675.3402070755335,669.734652974974,674.6519776493207,93606100
2026-04-09,678.162841796875,679.4096297331154,672.0386657215836,673.1059235004034,57134400
2026-04-10,677.7140502929688,680.2774536083281,676.7066358948267,679.5692561407437,42253500
2026-04-13,684.3369750976562,684.536473353906,674.8414790590384,675.669302461078,54185800
2026-04-14,692.675537109375,692.7952238870419,685.8929616905456,685.9229138241225,63480500
2026-04-15,698.1414184570312,698.480571570673,692.4161778504387,693.4734516118131,58240400
2026-04-16,699.8569946289062,700.9741726960574,696.7350934539525,699.2585607342904,49972400
2026-04-17,708.3152465820312,710.5594650064761,703.9464965121796,704.3255249385737,70661900
2026-04-20,706.8988037109375,708.0857482546458,704.3254772575062,706.9587079747221,43546800
2026-04-21,702.2708129882812,709.4523240430285,700.8345107773317,708.4548936431559,58941400
2026-04-22,709.3825073242188,709.6218808832724,706.4001392457644,707.3278031045794,42518500
2026-04-23,706.6295776367188,710.5295037064266,700.4754491270062,707.6768673789517,56174000
2026-04-24,712.10546875,712.6340752101273,707.1881441382454,708.9236633096505,45182000
2026-04-27,713.332275390625,713.7911152864904,710.4696550399041,711.3374146094498,33135900
2026-04-28,709.8612060546875,711.0481506026886,707.4274735730012,709.9908768700561,43117400
2026-04-29,709.7515258789062,710.3699278433978,706.5497524472755,709.1729992133655,41859200
2026-04-30,716.8132934570312,717.9403946619685,708.6244289610544,712.7936806635566,67240900
2026-05-01,718.7982177734375,723.0073446973263,718.6186267345964,719.3966516418469,43049800
2026-05-04,716.1649780273438,720.2644021704073,713.152718877996,718.2196821209096,51950600
2026-05-05,721.9102172851562,723.1769124909786,719.6360467603954,719.9153564929043,36933200
2026-05-06,731.9443359375,732.7023927493656,725.9497697512824,726.288861980811,53288900
2026-05-07,729.7001342773438,734.238430329629,727.8748196364371,733.161188473549,51724600
2026-05-08,735.724609375,736.1834492768152,732.6824588199246,733.0415191543954,47227100
2026-05-11,737.4002685546875,738.8864300819614,734.5576163199453,734.5576163199453,44024000
2026-05-12,736.2831420898438,736.9414802248905,729.9494836014034,734.9964788307154,54185300
2026-05-13,740.4025268554688,741.9983910774667,733.5800764180441,736.5723674930287,44200200
2026-05-14,746.2474975585938,747.6040491923611,741.649357949993,741.7391534739264,45307600
2026-05-15,737.2706298828125,741.5496453663399,736.0637780312098,739.8838927249178,60410800
2026-05-18,736.751953125,739.5147938000424,731.5054597381557,737.9289136337939,47843900
2026-05-19,731.8446044921875,735.7545755811656,729.650306265128,732.8919551385734,54255900
2026-05-20,739.3452758789062,739.9636778498481,732.0042028263388,733.8195334397973,45768000
2026-05-21,740.8114624023438,742.9559620700644,735.1361419849363,736.7419902854853,43332200
2026-05-22,743.7239990234375,747.015507083493,742.566945697205,744.3224328967863,41762000
2026-05-26,748.6613159179688,750.1973368284331,746.4469887578754,748.0827892360243,41123600
2026-05-27,748.5316162109375,749.4492351039673,746.2973210478585,748.9505199197505,42106300
2026-05-28,752.6609497070312,753.2095851254732,747.3047533704411,748.3221518516883,41562600
2026-05-29,754.5361328125,756.1320579864754,752.7507543048832,753.9576670103595,55075700
2026-06-01,756.5908203125,758.3264003155792,752.7507376917755,753.4189990020213,43634900
2026-06-02,757.6182250976562,758.4461093852723,754.805464031348,755.0847737682097,31581900
2026-06-03,752.3018798828125,756.8501599793441,751.6336185743088,756.2018667594974,51402500
2026-06-04,755.1445922851562,756.3614281257201,749.5389775481502,750.1673635570705,49923000
2026-06-05,735.65478515625,750.8855669656407,733.6400171295905,750.3768677170906,93989400
2026-06-08,737.3204345703125,743.4247643242134,736.2931129658897,741.4498108327123,49319100
2026-06-09,735.1560668945312,744.9807928982774,720.7332622187009,741.7191759970133,87683500
2026-06-10,723.56591796875,736.4826536495077,723.4661992814284,731.5054857614351,60341300
2026-06-11,735.8642578125,738.0984921563339,722.5485255148498,726.8873842592473,86330500
2026-06-12,739.843994140625,742.5270843334097,733.1412911200548,738.8066884479139,57079500
2026-06-15,752.890380859375,754.7356026867302,749.8282623277308,749.9179969688896,60176400
2026-06-16,748.4019775390625,753.4988323298886,747.9531216783239,752.6111046530555,67093100
2026-06-17,739.0560302734375,750.217278570044,737.3204502885575,749.3594421826946,85945200
2026-06-18,746.739990234375,748.22998046875,743.8599853515625,747.760009765625,80875700
2026-06-22,744.3900146484375,750.1799926757812,743.1300048828125,747.7000122070312,46628100
2026-06-23,733.5800170898438,739.6300048828125,732.2999877929688,733.8099975585938,66846800
2026-06-24,733.239990234375,739.9500122070312,730.8400268554688,735.1699829101562,57439500
2026-06-25,734.2999877929688,739.3699951171875,729.5999755859375,738.9099731445312,53934400
2026-06-26,728.989990234375,736.530029296875,716.5800170898438,728.9500122070312,71034000
2026-06-29,741.0,741.5599975585938,732.0900268554688,736.530029296875,58035200
2026-06-30,746.77001953125,748.02001953125,740.8900146484375,741.2899780273438,55626000
2026-07-01,745.760009765625,749.4400024414062,742.3800048828125,745.0,47100900
2026-07-02,744.780029296875,751.3099975585938,740.030029296875,747.4000244140625,57447800
2026-07-06,751.280029296875,752.4099731445312,747.4099731445312,748.739990234375,50673300
2026-07-07,747.7100219726562,750.9600219726562,745.2100219726562,750.219970703125,43721500
2026-07-08,745.4000244140625,746.1500244140625,739.510009765625,743.1599731445312,43767400
2026-07-09,751.7100219726562,751.969970703125,745.5900268554688,747.3499755859375,41441700
2026-07-10,754.9500122070312,755.4199829101562,748.0999755859375,752.0499877929688,41262786
