date,close,high,low,open,volume
2002-07-30,35.83564758300781,36.00269519857526,35.83564758300781,35.936755526842376,6100
2002-07-31,36.27967071533203,36.39836290291841,36.00272786735393,36.02470554198669,29400
2002-08-01,36.48628616333008,36.49507656382679,36.28407341355973,36.28407341355973,25000
2002-08-02,36.85990905761719,36.96980741697433,36.43350288669841,36.55659186639709,52800
2002-08-05,37.0225830078125,37.11929416118754,36.85993212678776,36.94345600539964,61100
2002-08-06,36.70607376098633,36.88191191084762,36.58298806223355,36.86872463652893,64900
2002-08-07,36.794010162353516,36.98743256248303,36.64454983777015,36.75005144064285,40300
2002-08-08,36.794010162353516,36.82478160293453,36.64454983777015,36.74126103783491,40900
2002-08-09,37.31269836425781,37.31269836425781,36.92585725751122,36.92585725751122,35900
2002-08-12,37.54130172729492,38.11277151093718,37.427006429033,37.49734302914301,32100
2002-08-13,38.002845764160156,38.011639509767946,37.528087470108964,37.70831900909338,75400
2002-08-14,38.1479606628418,38.640307071229614,38.134773381571364,38.4468846690352,130000
2002-08-15,37.813865661621094,38.02487220852355,37.73913550381961,37.97211973333911,87100
2002-08-16,37.39183044433594,38.03363669618636,37.28632891968692,37.99847175719202,85000
2002-08-19,37.50613784790039,37.514928247033374,37.23798539758414,37.387449013517596,47300
2002-08-20,37.92373275756836,37.932526506407335,37.62920589428043,37.63799964311941,40800
2002-08-21,37.721534729003906,37.84901730583346,37.64240772800052,37.664388754770165,40000
2002-08-22,37.39183044433594,37.60723372252863,37.39183044433594,37.60723372252863,34400
2002-08-23,37.761077880859375,37.783055540975916,37.453360454741116,37.453360454741116,20100
2002-08-26,37.796260833740234,37.897365487954126,37.65998453125655,37.673171803212,23900
2002-08-27,37.558876037597656,37.66437755628956,37.453371165072944,37.54129189217687,301800
2002-08-28,37.74789047241211,37.884163367651745,37.73469985179345,37.82262055342534,18100
2002-08-29,38.05122756958008,38.18310701408073,37.95891329996306,38.13914831719171,135700
2002-08-30,38.27983093261719,38.301808611478336,38.002884677522076,38.134764166027814,78100
2002-09-03,38.86830139160156,38.86830139160156,38.409157041171085,38.4444766146488,102100
2002-09-04,38.8595085144043,38.98312714468845,38.78004107906755,38.86392430755169,66300
2002-09-05,39.071372985839844,39.13759632556933,38.576909199886494,39.10227676194574,648400
2002-09-06,38.61225891113281,38.934544286378376,38.49747192386241,38.83741709470816,140000
2002-09-09,38.55485534667969,38.7755976719877,38.52395155586699,38.62990692890187,83800
2002-09-10,38.740264892578125,38.850636017628204,38.40915151742789,38.48420307407968,336000
2002-09-11,38.53720474243164,38.541620533103334,38.298802570080696,38.40917375904346,177700
2002-09-12,38.837406158447266,38.912457742418,38.6166638279964,38.6210796177184,43400
2002-09-13,39.195003509521484,39.26564266455801,38.93011341465512,38.996336780436785,155100
2002-09-16,39.261207580566406,39.389238459954704,39.24796358757083,39.38040688578522,73000
2002-09-17,39.33629608154297,39.433423279119665,39.00959826372648,39.133213472183435,75400
2002-09-18,39.34511947631836,39.53937046278644,39.300968309690006,39.36277926931748,196600
2002-09-19,39.60999298095703,39.632065186729946,39.406910499243864,39.60116140404011,109900
2002-09-20,39.42457962036133,39.52170341162803,39.318620881825936,39.49079962162033,113500
2002-09-23,39.777774810791016,39.83958240556787,39.63208403670502,39.733627009987735,163200
2002-09-24,40.033836364746094,40.14862334027879,39.826337997988965,39.866073376091585,251900
2002-09-25,39.54820251464844,39.89256006158161,39.40692753723326,39.77777308985017,127200
2002-09-26,39.45545196533203,39.526087699800165,39.11992296389941,39.31417712813795,429000
2002-09-27,39.75128936767578,39.75128936767578,39.50405897262352,39.52613119031803,298200
2002-09-30,39.91023254394531,40.13097497685622,39.76895752161282,40.02501955217241,297800
2002-10-01,39.41521453857422,39.57475468813035,39.35317152275692,39.51271167231305,257500
2002-10-02,39.64122009277344,39.654517920517556,39.37088840717635,39.54815558510578,91000
2002-10-03,39.54370880126953,39.667794756404334,39.35314726128718,39.57473029005323,29900
2002-10-04,39.66781997680664,39.76088450232724,39.175905069704335,39.175905069704335,131000
2002-10-07,39.734275817871094,39.86722362480185,39.64564056549476,39.840634739633536,433800
2002-10-08,39.74757385253906,40.11539919460233,39.60132820871841,39.66337120044424,530900
2002-10-09,39.95145034790039,40.053376723202426,39.86281504210383,40.017925981975004,402900
2002-10-10,39.63676834106445,39.960277629443425,39.5658601577501,39.960277629443425,97100
2002-10-11,39.167015075683594,39.53927632339504,39.025202072052736,39.48609517912521,421800
2002-10-14,39.109397888183594,39.242349035139576,39.02962787622762,39.22018938361754,18300
2002-10-15,38.183223724365234,38.688433217058524,38.17879111307024,38.555481926942704,297100
2002-10-16,38.200927734375,38.37819490287519,38.06354728480511,38.37819490287519,125200
2002-10-17,37.73560333251953,37.91729971984997,37.70014922437559,37.73117072372907,233400
2002-10-18,37.83307647705078,37.84193830792903,37.35002385753755,37.677965697435965,459100
2002-10-21,37.465267181396484,37.93502222414867,37.44754012945063,37.89070628482874,134900
2002-10-22,37.358924865722656,37.60266433092701,37.323470746063165,37.60266433092701,205000
2002-10-23,37.37220001220703,37.75775237581674,37.30572441745353,37.558328972645455,127800
2002-10-24,37.700164794921875,37.77993488064666,37.26143101398121,37.296885136768054,339600
2002-10-25,37.837528228759766,37.917298278506415,37.73560189808276,37.824233783983615,146100
2002-10-28,37.78435134887695,37.952753288532215,37.75775907760206,37.91729918089222,97800
2002-10-29,38.27626419067383,38.50670911663582,38.01036177775432,38.032521439194156,125000
2002-10-30,38.26296615600586,38.413644414575934,38.143312775717824,38.27626398145085,31900
2002-10-31,38.43575668334961,38.49336699821739,38.12110610982853,38.13440391887689,512700
2002-11-01,38.27510452270508,38.69800788477256,37.9501341377591,38.41755650326368,125100
2002-11-04,38.10596466064453,38.17273981188372,37.95015823863659,38.052547256713396,342500
2002-11-05,37.95903778076172,38.105942348204835,37.878908325458504,38.105942348204835,73800
2002-11-06,38.11039733886719,38.34188055976255,37.79878465759969,37.86110719385319,118500
2002-11-07,39.05413818359375,39.05413818359375,38.66239270336426,38.751427310835965,147900
2002-11-08,39.370208740234375,39.46369254352152,39.152076469574254,39.35240181632395,294700
2002-11-11,39.5838737487793,39.5838737487793,39.3523905965887,39.41916569313373,70000
2002-11-12,39.35685729980469,39.68627692564076,39.339050374580616,39.68627692564076,494300
2002-11-13,39.441436767578125,39.48150319924455,39.15653275072895,39.37466164568327,104700
2002-11-14,38.622344970703125,39.018539790946946,38.622344970703125,39.018539790946946,118000
2002-11-15,38.778141021728516,38.83156179313647,38.3997532308116,38.52439830110673,110700
2002-11-18,38.95172119140625,39.00959109735808,38.71133301878082,38.738041683632346,32200
2002-11-19,39.094200134277344,39.27671852733121,38.95620074189616,39.152070080299765,51800
2002-11-20,38.711395263671875,39.27230190169182,38.64462009785326,39.26339673487546,307400
2002-11-21,38.337398529052734,38.50655906876031,38.22165531961039,38.50655906876031,323200
2002-11-22,38.301815032958984,38.45762136344433,38.23058734112381,38.43091267716778,184800
2002-11-25,38.2305908203125,38.45317228306861,38.194980367477456,38.28401159405046,288200
2002-11-26,38.711395263671875,38.73810397146892,38.35081412310778,38.37307024749664,377800
2002-11-27,37.83885955810547,38.430927234544306,37.82105262840153,38.39531337513643,325600
2002-11-29,38.083683013916016,38.11929346055894,37.9011646159579,37.91006977486089,31700
2002-12-02,38.11899185180664,38.19054486031274,37.631549775740936,37.72546054052877,284900
2002-12-03,38.17268371582031,38.324728849115004,38.065357538680665,38.324728849115004,113800
2002-12-04,38.36942672729492,38.45886458252008,38.25762770234574,38.4141456549075,129000
2002-12-05,38.467811584472656,38.58408353958067,38.127944964673674,38.13688738652696,206400
2002-12-06,38.534881591796875,38.94630112595388,38.351532991245705,38.90605512040667,440500
2002-12-09,38.749576568603516,38.83901450193215,38.534920752040954,38.5483361008564,400300
2002-12-10,38.8524055480957,38.874766723359905,38.68247221633128,38.73166407244346,151600
2002-12-11,39.11176300048828,39.19673133499076,38.888164993342684,38.973133327845154,163800
2002-12-12,39.07600402832031,39.17438774148865,38.93290137603082,38.93290137603082,135800
2002-12-13,38.6959114074707,38.97764737737135,38.6959114074707,38.96870153701725,425800
2002-12-16,38.40520095825195,38.861342904164495,38.387312704310716,38.861342904164495,115700
2002-12-17,38.40520095825195,38.61538367726699,38.31576310038135,38.59302591871713,290600
2002-12-18,38.70487976074219,38.76748703228301,38.570719372103056,38.673576124971774,191000
2002-12-19,39.049171447753906,39.12519398174555,38.74955081719661,38.81663092853354,134400
2002-12-20,39.07600402832031,39.15649948347292,38.9731508095253,39.00892732555676,41900
2002-12-23,39.084964752197266,39.084964752197266,38.57068822680566,39.06707648736722,74200
2002-12-24,39.3040885925293,39.38905699441448,39.28172740934766,39.35328046605888,46600
2002-12-26,39.38009262084961,39.38009262084961,39.232520481558176,39.30854300965314,13500
2002-12-27,39.81387710571289,39.81387710571289,39.47847995600262,39.59922484052661,140200
2002-12-30,39.90781021118164,39.90781021118164,39.635020103949934,39.75576505598398,274900
2002-12-31,39.8071174621582,40.14869468257887,39.69475685021477,39.977904357881656,109400
2003-01-02,38.777896881103516,39.505994937928435,38.746436044455315,39.41610438395214,192100
2003-01-03,38.86777877807617,38.89474422377605,38.575640543425564,38.71946196878034,311200
2003-01-06,38.76442337036133,38.78240148543036,38.56666753357681,38.728467140223266,35600
2003-01-07,38.903778076171875,38.98917332828468,38.72849561160786,38.7374863902394,69800
2003-01-08,39.09702682495117,39.16444392835489,39.00264425177649,39.04758784438686,160100
2003-01-09,38.34646224975586,38.72848797076875,38.21162802870346,38.72848797076875,237500
2003-01-10,38.44533157348633,38.61611857662296,38.256566449654905,38.61611857662296,145200
2003-01-13,38.50822448730469,38.593619639507615,38.382381165515106,38.44530282640989,53300
2003-01-14,38.64306640625,38.77789709449538,38.634075636315885,38.652053747210076,98900
2003-01-15,38.83182144165039,38.966652095224326,38.741930910294606,38.777887122836916,129600
2003-01-16,38.885765075683594,38.921721300009985,38.481269553421626,38.82284339759954,57900
2003-01-17,39.07902526855469,39.209364009251175,39.07003792701236,39.14644233153208,97700
2003-01-21,39.303714752197266,39.303714752197266,39.011580097084455,39.047532863163354,107500
2003-01-22,39.497013092041016,39.50600386395704,39.33521348730053,39.40712594672954,107100
2003-01-23,39.303714752197266,39.41607529000111,39.236301172692144,39.245288506969,110700
2003-01-24,39.5374641418457,39.74870270217666,39.43409084013969,39.43409084013969,285300
2003-01-27,39.39363479614258,39.568917092309945,39.32621773708419,39.50599541824853,150500
2003-01-28,39.39363479614258,39.45206108520701,39.146440055919854,39.39363479614258,454700
2003-01-29,39.177894592285156,39.4969982962703,39.09250286491986,39.47452823284723,221400
2003-01-30,39.47004318237305,39.50599940803201,39.14644400939117,39.191387576977675,108600
2003-01-31,39.577884674072266,39.645301699472704,39.34417620551941,39.505975694891525,182300
2003-02-03,39.635643005371094,39.64917649808772,39.37856169991686,39.540929202415334,55200
2003-02-04,39.81153106689453,39.870165864988685,39.73936966132924,39.85663581650827,56900
2003-02-05,39.468780517578125,40.005492240876116,39.432698074042285,39.79351562737828,223300
2003-02-06,39.78895568847656,39.806996888129625,39.5950170934649,39.61756601227598,120900
2003-02-07,39.87916564941406,39.9242669364164,39.52285963238263,39.58600212238743,247200
2003-02-10,39.59953689575195,39.87014806759151,39.54992444613046,39.7438630834669,76600
2003-02-11,39.59053421020508,39.649169011208244,39.432677901753195,39.50935047428562,259100
2003-02-12,39.730350494384766,39.74839170746306,39.54092291857705,39.59955772133388,121300
2003-02-13,39.94682312011719,40.22194547044843,39.766414513849625,39.811515805164525,440200
2003-02-14,39.604034423828125,39.856607768085546,39.51383187009774,39.825036530179226,829700
2003-02-18,39.653690338134766,39.680753886732624,39.392097828089454,39.491322810590134,213200
2003-02-19,39.924278259277344,40.00546197530898,39.80250440573418,39.86564691364672,62100
2003-02-20,40.05958557128906,40.0956679875017,39.84309451502184,39.84309451502184,486700
2003-02-21,39.825050354003906,40.01447784719473,39.78445678202984,39.94231302635553,250400
2003-02-24,40.01449203491211,40.09567576663705,39.96939072640031,40.08665344032913,168200
2003-02-25,40.199405670166016,40.43393796392837,40.14077431722994,40.32118297989121,358500
2003-02-26,40.4790153503418,40.4790153503418,40.208404236758184,40.31213683381185,334000
2003-02-27,40.54668045043945,40.587270580497574,40.280576980806956,40.34823063857847,695700
2003-02-28,40.803794860839844,40.83536613473605,40.40238718944062,40.44748851771937,213100
2003-03-03,40.85355758666992,40.948628618293874,40.704162224968535,40.74490547252661,204100
2003-03-04,40.88072204589844,40.94862745656874,40.753957220007756,40.80375682382487,83100
2003-03-05,41.016578674316406,41.0301597704741,40.763055668727766,41.0256350410828,126000
2003-03-06,40.85806655883789,41.05273670941067,40.77204847133298,40.99388422816283,166000
2003-03-07,40.9984245300293,41.10255190994441,40.767539240023474,41.0708615689247,263800
2003-03-10,41.211238861083984,41.211238861083984,41.0527870220041,41.111639575379186,147200
2003-03-11,41.1387939453125,41.27008356286762,41.07541322704314,41.193118301549035,82800
2003-03-12,41.28818893432617,41.36062601384828,41.14331822927201,41.16142749915254,454800
2003-03-13,40.527626037597656,40.92149497512392,40.527626037597656,40.812842785251135,830200
2003-03-14,40.726810455322266,40.799247526078204,40.57288686095036,40.69964828078361,590900
2003-03-17,40.237892150878906,40.98035525402266,40.2288392391783,40.98035525402266,724400
2003-03-18,39.857582092285156,40.38273698346943,39.84400100645985,40.27408484287773,415200
2003-03-19,39.563316345214844,39.871166984606184,39.536154170971066,39.8575858974843,398400
2003-03-20,39.499881744384766,39.816784858161235,39.27804956474124,39.75793240959843,206700
2003-03-21,38.9566764831543,39.40939786725143,38.9566764831543,39.35054187676517,843400
2003-03-24,39.57237243652344,39.65838713903962,39.31884614734581,39.43202647791041,373800
2003-03-25,39.527103424072266,39.7579922999052,39.34148945039527,39.68103049262425,606400
2003-03-26,39.60859298706055,39.68103006654017,39.49994082183118,39.49994082183118,309500
2003-03-27,39.63575744628906,39.78062814697243,39.53615819194613,39.726300338969935,191600
2003-03-28,39.72629928588867,39.87569816344274,39.71271819774555,39.803261088026275,253400
2003-03-31,40.24694061279297,40.26052170467255,39.97530841322896,39.97530841322896,643800
2003-04-01,40.13234329223633,40.368765528211014,39.96412338032828,40.191450585598936,289800
2003-04-02,39.714073181152344,39.873201575626844,39.68224750225745,39.850470929981256,312200
2003-04-03,39.691314697265625,39.81861732355916,39.61856835724851,39.668580598826175,245600
2003-04-04,39.57769775390625,39.69136144249445,39.5004038094235,39.58224180395662,184900
2003-04-07,39.486751556396484,39.49129907367115,39.063922637075414,39.20032040540067,485400
2003-04-08,39.80497360229492,39.82315671643878,39.550364910712766,39.577646519400574,194700
2003-04-09,39.9232177734375,39.94595189005482,39.63223911817957,39.73681119838438,102400
2003-04-10,39.736839294433594,39.94143261369104,39.71410516174204,39.895967817049566,53300
2003-04-11,39.673160552978516,39.70043871842206,39.36853934098881,39.47311142308783,450000
2003-04-14,39.564029693603516,39.604950398861845,39.42308792060558,39.60040288300242,207100
2003-04-15,39.777740478515625,39.795927083563065,39.57314724202734,39.704997527066105,128500
2003-04-16,39.94137191772461,39.96410601586883,39.76860456553221,39.79588270831617,97700
2003-04-17,40.005062103271484,40.19147217672835,39.91868007760539,40.11872576696769,106200
2003-04-21,39.91862487792969,39.9322639437147,39.67311128759453,39.773135728331255,148000
2003-04-22,39.89594268798828,40.12781751417406,39.83683883645598,40.077805228746946,299900
2003-04-23,39.977783203125,40.014156407340366,39.82774633729137,39.9095843124061,42700
2003-04-24,40.33695602416992,40.459711237968335,40.19146669323808,40.19146669323808,199000
2003-04-25,40.427852630615234,40.50969052941148,40.318736588465725,40.35056224529002,529700
2003-04-28,40.364219665527344,40.505161428569735,40.364219665527344,40.505161428569735,80500
2003-04-29,40.29603958129883,40.35969095353684,40.15509775259176,40.25057481094877,177500
2003-04-30,40.66884994506836,40.70067562625484,40.34150156803842,40.368779732272806,293400
2003-05-01,40.6884765625,40.95357869459398,40.58792382804248,40.77074951772998,231200
2003-05-02,40.36854553222656,40.7113490790312,40.34569056756838,40.70677738866396,231500
2003-05-05,40.58336639404297,40.61993293969461,40.31369247883429,40.36397060731086,77700
2003-05-06,40.78447341918945,40.86217470285888,40.459949729177595,40.606212404922445,260600
2003-05-07,41.25985336303711,41.28728003135978,41.05417253010542,41.13644556071404,306900
2003-05-08,41.36037826538086,41.54777916001415,41.26439371709687,41.41065638407871,437400
2003-05-09,41.40155029296875,41.41983357716496,41.22786083669473,41.273570790775196,110000
2003-05-12,41.662052154541016,41.68033542608278,41.47008303411875,41.65748046486121,364700
2003-05-13,41.75349044799805,41.762633832924905,41.515814747593794,41.54780962047859,227800
2003-05-14,42.393375396728516,42.49850336064219,41.876885932993524,41.97287051543039,1426500
2003-05-15,42.52592849731445,42.76817580997846,42.32481594166353,42.32481594166353,810300
2003-05-16,42.836734771728516,42.85501804730206,42.48478781949971,42.727038605465495,703900
2003-05-19,42.69047546386719,43.07441382004079,42.567064215683864,43.01499578506493,817800
2003-05-20,43.321205139160156,43.321205139160156,42.56246880671002,42.57618038392655,606600
2003-05-21,43.316673278808594,43.72347020426307,43.019579533482464,43.078997585111786,1799600
2003-05-22,43.700584411621094,43.74171915208359,43.37606422832333,43.467477087469135,576200
2003-05-23,43.81031036376953,43.97485641198785,43.71432575017208,43.77374380034781,690600
2003-05-27,43.019615173339844,43.74635793350788,43.019615173339844,43.70522312995832,846400
2003-05-28,42.94642639160156,43.028699379383816,42.64932929754465,42.91900322473344,730500
2003-05-29,43.321205139160156,43.33034851542204,42.99668502538933,43.101812929343176,508300
2003-05-30,43.23896408081055,43.302953813135964,42.95101028534616,43.170402656982205,722200
2003-06-02,42.92133712768555,43.09116586041583,42.7285533606628,43.09116586041583,478600
2003-06-03,43.265560150146484,43.4124407541214,43.01310747054438,43.03605898756633,389400
2003-06-04,43.39409637451172,43.47212595834147,43.169186132097835,43.3573753343879,394100
2003-06-05,43.05443572998047,43.779657015651246,43.05443572998047,43.69703642590253,820900
2003-06-06,43.21050262451172,43.21509363084951,42.86165968298699,43.00854036859028,276800
2003-06-09,43.49968338012695,43.550173956167974,43.27018203518146,43.46755333191109,282200
2003-06-10,44.01836013793945,44.03212965879219,43.63738705208757,43.64197805967606,534800
2003-06-11,43.9632568359375,44.33963872827826,43.926535797194255,44.17898856116531,633600
2003-06-12,44.307498931884766,44.39930150851457,44.06881923646774,44.114718773827526,315400
2003-06-13,44.6058349609375,44.65173448161031,44.41305487296633,44.491084408301,478400
2003-06-16,44.1836051940918,44.826209737181436,44.1836051940918,44.75276761709666,789300
2003-06-17,43.83477020263672,44.07804114188443,43.78887062008476,44.05050209273599,691600
2003-06-18,43.27473449707031,43.63275571598364,43.238013474128046,43.63275571598364,657600
2003-06-19,43.192138671875,43.3665618797451,42.91673784597298,43.12787859589491,817700
2003-06-20,43.031494140625,43.169196322639785,42.70101170531909,43.10034523163239,561700
2003-06-23,43.28853988647461,43.34362146654438,42.93051837080215,43.06362956286978,819900
2003-06-24,43.68785858154297,43.68785858154297,43.150826490960306,43.215086561530306,292900
2003-06-25,42.990169525146484,43.830141315487474,42.89377593260361,43.79801128527673,1002800
2003-06-26,42.41183853149414,42.80199001895211,42.283318371099675,42.80199001895211,1423800
2003-06-27,42.260379791259766,42.48070263509956,42.02169992052005,42.48070263509956,735900
2003-06-30,42.457733154296875,42.466911663867634,42.08135122749199,42.191510851897704,541900
2003-07-01,42.24717330932617,42.61577996605352,42.16423619638027,42.459122927893006,449000
2003-07-02,42.35316848754883,42.422283370332686,41.97995304197657,42.021419862449505,338800
2003-07-03,41.744930267333984,42.25637506707159,41.744930267333984,42.251766474505395,559100
2003-07-07,41.477691650390625,41.74032520364967,41.477691650390625,41.597490459957015,465400
2003-07-08,41.514522552490234,41.68961380159949,41.29796454353331,41.666574369246014,389600
2003-07-09,41.648170471191406,41.786400124093895,41.51915800332301,41.71267670512561,270400
2003-07-10,41.6343994140625,41.81409607464445,41.52381766493447,41.78645151619505,718000
2003-07-11,41.8325080871582,41.8325080871582,41.56526575822887,41.606736092531825,389500
2003-07-14,41.3532829284668,41.86933630406642,41.29799036544061,41.781790624773144,465900
2003-07-15,40.385719299316406,41.40400111475832,40.270529000981405,41.256557673502684,3171100
2003-07-16,40.6160888671875,40.8787225354632,40.1553277989615,40.27512666099209,1205400
2003-07-17,40.49164581298828,40.56536920644984,40.169114754906204,40.23822955744519,1030600
2003-07-18,40.408748626708984,40.5285475016342,40.28895326711212,40.38571268001498,550800
2003-07-21,39.551692962646484,40.36263270024597,39.46415082856247,40.31655733778204,1267600
2003-07-22,39.74521255493164,39.79128791443412,39.36738898249193,39.61159155164722,1576900
2003-07-23,39.878841400146484,40.10922175828638,39.80972658963946,39.99403157921643,1374700
2003-07-24,39.5286750793457,39.662296152201044,39.41809345589959,39.57935905578485,701100
2003-07-25,39.422691345214844,39.91110016408807,39.34897144813495,39.616213545116885,1273500
2003-07-28,38.892822265625,39.29829051922711,38.88821367316189,39.27525107223762,1268500
2003-07-29,38.362945556640625,39.32593395043009,38.362945556640625,38.78684465298835,2139300
2003-07-30,38.796085357666016,39.035683111489526,38.505807114143956,38.58413566179347,1963400
2003-07-31,38.22011947631836,38.570298783342444,37.88837454449915,38.56108511106709,4706400
2003-08-01,38.19144058227539,38.32104373905353,37.946119816742325,38.00166200883515,3061200
2003-08-04,38.52006149291992,38.52006149291992,38.11736311746001,38.177538508073575,1858700
2003-08-05,37.969242095947266,38.55245953912514,37.86278392710759,38.515429075433346,2413000
2003-08-06,38.71908950805664,38.774631667030484,38.12661626954192,38.186788118903266,2549700
2003-08-07,38.881107330322266,38.90425225915845,38.48303856799819,38.7885346778182,1796400
2003-08-08,38.72373580932617,39.24677804206803,38.719106116952716,39.03848426230952,2399100
2003-08-11,38.529327392578125,38.68207545739265,38.376582859184154,38.67281960411021,1355000
2003-08-12,38.348793029785156,38.71909057981637,38.32565164004518,38.61262888647117,1534200
2003-08-13,37.608211517333984,38.117368136207716,37.58044042965254,38.047936885584,2258100
2003-08-14,37.97850036621094,38.00164175677658,37.45082863401207,37.69614926880742,1612300
2003-08-15,37.955352783203125,38.18678786114948,37.90906647389766,38.047925401814055,515100
2003-08-18,38.1312255859375,38.23305754096909,37.95996596285483,38.09419867344942,655300
2003-08-19,38.71908950805664,38.71908950805664,38.186788118903266,38.20993303942174,1086500
2003-08-20,38.510799407958984,38.82092512729148,38.2978795387312,38.80240989543436,503600
2003-08-21,38.4182243347168,38.626514499867476,38.14975878700589,38.44599541502511,783600
2003-08-22,38.5894889831543,38.811664696595656,38.37193942898763,38.39508081961899,413200
2003-08-25,38.28860092163086,38.66815412046623,38.07105149094157,38.566322171512326,648200
2003-08-26,38.5894889831543,38.5894889831543,38.103473871444976,38.16364572478965,837200
2003-08-27,38.41357421875,38.5431772331679,38.23768491795674,38.5431772331679,409100
2003-08-28,38.811668395996094,38.87184378649579,38.52469111116233,38.52469111116233,557200
2003-08-29,38.71908950805664,38.87646366704127,38.59411258752737,38.85332227794186,651100
2003-09-02,38.152767181396484,38.89201959409625,38.143469992875644,38.88271885838406,868700
2003-09-03,38.213260650634766,38.34809311498309,38.069127438568124,38.34809311498309,639900
2003-09-04,38.42714309692383,38.45503825393512,38.199324371205314,38.35275128196441,562900
2003-09-05,39.08732604980469,39.09662324631088,38.668881263138225,38.77581853252858,838000
2003-09-08,38.68281936645508,39.26399155373471,38.68281936645508,38.882742740767014,621100
2003-09-09,38.96174621582031,39.026837152469604,38.552599131521916,38.831560795331725,599900
2003-09-10,39.35698318481445,39.38022794514288,38.97108398198694,39.008279855144856,1285900
2003-09-11,39.10125732421875,39.231439304223464,38.961778151582095,39.17564905404596,859500
2003-09-12,39.3709831237793,39.696438578864544,39.264045732995044,39.52906047419258,1375300
2003-09-15,39.31049346923828,39.46857062284918,39.10591969661806,39.287245159733615,367100
2003-09-16,39.25005340576172,39.28724928599819,39.00828727861341,39.22680864100971,655200
2003-09-17,39.738258361816406,39.780101086464086,39.27797065471163,39.38955480096817,1223900
2003-09-18,39.76612854003906,39.82192235172907,39.44067350649858,39.82192235172907,615000
2003-09-19,39.81260681152344,39.998582567504094,39.74751582900908,39.82190755027835,869300
2003-09-22,39.496463775634766,39.60340102792139,39.161711547036866,39.51971208397346,1126400
2003-09-23,39.76612854003906,39.77077891114502,39.35233419145452,39.46391826764071,632100
2003-09-24,40.11017990112305,40.21246677818621,39.6777876326611,39.770777315079286,1005300
2003-09-25,40.31009292602539,40.31939366547408,40.05437934627074,40.12412070336484,846800
2003-09-26,40.67275619506836,40.677403018619216,40.3658955754214,40.42168938277363,1869700
2003-09-29,40.34734344482422,40.658851241667946,40.29155312132838,40.45892763901349,743000
2003-09-30,41.016807556152344,41.030755120653744,40.43098501673962,40.44958295180596,1623900
2003-10-01,40.86134338378906,41.052765927992155,40.7819746243932,40.85200734939464,931900
2003-10-02,40.67457962036133,40.828647285725474,40.33842551045578,40.54385025161166,1194100
2003-10-03,39.82023620605469,40.245095586759426,39.731527775813056,40.175066365005875,1451200
2003-10-06,39.99297332763672,40.05366649208157,39.72218186408684,39.740857505919365,507200
2003-10-07,39.530738830566406,39.950931650172244,39.5120631983603,39.894904753553924,594200
2003-10-08,39.52143478393555,39.67550620283115,39.381369210027636,39.4280565473251,811800
2003-10-09,39.24128723144531,39.27863494507078,39.054534415263205,39.180590518028254,1385600
2003-10-10,39.47472381591797,39.55876239755167,39.35800376153857,39.45137838023673,256600
2003-10-13,39.320648193359375,39.451374070059984,39.320648193359375,39.38134133268095,116300
2003-10-14,39.049835205078125,39.26459953523386,39.007817723139645,39.10119227989917,337100
2003-10-15,38.85845947265625,38.89114096003719,38.68104263086117,38.82577798527531,465600
2003-10-16,38.704349517822266,39.11053280460921,38.634316811200286,38.97514075035451,564900
2003-10-17,39.00318145751953,39.073214216301466,38.75573546356889,38.78841694273192,354500
2003-10-20,39.13391876220703,39.287990163959506,38.94716587178116,38.961171715210455,281600
2003-10-21,39.27859878540039,39.39531874281072,39.14787300302249,39.231911514838345,429700
2003-10-22,39.661495208740234,39.68484065746254,39.40471308287176,39.498087753730225,798000
2003-10-23,39.37198257446289,39.68479125061452,39.22724738420498,39.68479125061452,1055600
2003-10-24,39.810874938964844,39.96494626701639,39.52608128076665,39.68481884638575,1412200
2003-10-27,39.73149871826172,39.83888271644101,39.59143681517325,39.75484414978283,346900
2003-10-28,39.941585540771484,40.00694845600032,39.48404157215789,39.61476740261556,2200300
2003-10-29,39.582115173339844,39.84823682814235,39.502746369384475,39.81555534639517,926600
2003-10-30,39.40471267700195,39.474745460432146,39.1245851052965,39.2179597751932,936300
2003-10-31,39.77351379394531,39.78751962594404,39.09653556390494,39.558749391936296,887400
2003-11-03,39.58506393432617,39.65069496973319,39.39754515746763,39.64131706374751,957700
2003-11-04,39.81007385253906,39.833515035137424,39.655370631283404,39.6835007657259,246500
2003-11-05,39.53818130493164,39.76320455104826,39.500680411098166,39.76320455104826,275100
2003-11-06,39.1678352355957,39.34128714772786,39.14439404803149,39.270967161658284,861600
2003-11-07,39.14439392089844,39.18658376642932,38.933437539997904,38.96625305650739,725700
2003-11-10,39.11157989501953,39.303784048579544,39.00375543573719,39.19127421291946,553900
2003-11-11,39.11626052856445,39.14438708734157,39.07875606578001,39.12094590394569,99900
2003-11-12,39.402225494384766,39.44910428419263,39.2803377795864,39.313153290114144,321400
2003-11-13,40.01166915893555,40.021047065740255,39.63194619568528,39.660072762852415,920400
2003-11-14,40.278865814208984,40.297618043530534,39.941332839665115,39.98821520128001,484800
2003-11-17,40.3398323059082,40.59297859104908,40.292949920059115,40.38202216122372,695000
2003-11-18,40.588287353515625,40.6023506365903,40.21324978061517,40.30232200891928,632200
2003-11-19,40.13821029663086,40.60700507599371,40.110080177767266,40.51324397414895,553900
2003-11-20,40.52733612060547,40.546088354335204,40.22262215821012,40.43357852857965,373300
2003-11-21,40.55077362060547,40.752355644096504,40.55077362060547,40.588278084655556,516900
2003-11-24,40.21794128417969,40.46171321838688,40.199189046683195,40.40077112899098,573800
2003-11-25,40.438236236572266,40.56012029670756,40.292907431610786,40.292907431610786,298700
2003-11-26,40.27418899536133,40.503897594262035,40.00228697736788,40.363257632783274,613800
2003-11-28,39.908538818359375,40.035115540270375,39.908538818359375,40.011674346842725,311300
2003-12-01,39.6861457824707,39.84161231983812,39.47886066025042,39.76152480456506,1106600
2003-12-02,39.85578155517578,39.85578155517578,39.57311715151951,39.761561285381326,589100
2003-12-03,39.69560623168945,39.940581088817886,39.54956014149036,39.81338336563585,1446100
2003-12-04,39.785099029541016,39.888743442431384,39.66261344546285,39.69559088644875,561500
2003-12-05,40.42109680175781,40.62367353068649,40.10074298843505,40.18554263296965,1163800
2003-12-08,40.13840866088867,40.41165222136766,40.08658648237474,40.41165222136766,436200
2003-12-09,39.85578155517578,40.374000227591104,39.74271651256785,40.25622309321158,939200
2003-12-10,39.92172622680664,40.091325544369084,39.832218071734005,40.07719286695088,555700
2003-12-11,40.2090950012207,40.22322767595103,39.74741085343063,39.81336573168635,510500
2003-12-12,40.284454345703125,40.45876204110848,40.24205274798997,40.24205274798997,553100
2003-12-15,40.26093292236328,40.45879763437561,40.129023114355064,40.2797776941177,690000
2003-12-16,40.392826080322266,40.4493603722819,40.17140459631937,40.23265097784345,462800
2003-12-17,40.66606903076172,40.821535635133735,40.609534739825214,40.623671008262704,533100
2003-12-18,41.03353500366211,41.03353500366211,40.65665049457608,40.65665049457608,708100
2003-12-19,41.01941680908203,41.01941680908203,40.80270733114572,40.972306678099805,477600
2003-12-22,40.906341552734375,41.14660423898008,40.82154190045009,41.0429634144297,483700
2003-12-23,40.444637298583984,40.84507854029863,40.444637298583984,40.764991010809744,446600
2003-12-24,40.82624053955078,40.82624053955078,40.59539492122358,40.689618722868516,138900
2003-12-26,40.97698974609375,41.00525508580865,40.939300230293846,40.939300230293846,80500
2003-12-29,40.609535217285156,40.878066812416236,40.595402542952655,40.84508937421668,187800
2003-12-30,40.444637298583984,40.58125910467867,40.32686025135789,40.42108404570091,393900
2003-12-31,40.44463348388672,40.501432398759825,40.37363935416422,40.40677115173309,171400
2004-01-02,39.96660232543945,40.27425328261204,39.79620913720121,40.27425328261204,867100
2004-01-05,39.862483978271484,39.93821229931448,39.711023725088225,39.76308852566034,626400
2004-01-06,40.302650451660156,40.41624469522231,39.99499591471242,40.013928890488764,690500
2004-01-07,40.46356964111328,40.56296504164505,40.17958226658032,40.27897766711209,252000
2004-01-08,40.44941329956055,40.53460996251517,40.31688595965317,40.373684938655984,513300
2004-01-09,41.154605865478516,41.21140478338185,40.709693647402595,41.12147406614206,1623000
2004-01-12,41.1214599609375,41.35811662104875,40.98893280905025,40.98893280905025,863200
2004-01-13,41.40074157714844,41.40074157714844,40.97002446358412,41.02682339613763,465700
2004-01-14,41.60428237915039,41.613747065957305,41.24929704078067,41.41022199418143,1180300
2004-01-15,41.76047134399414,41.798333697377494,41.46228138758177,41.62794046831246,1537200
2004-01-16,41.467002868652344,42.030247182174996,41.467002868652344,41.973448252805106,751800
2004-01-20,41.45755386352539,41.618482432732776,41.414957355001434,41.414957355001434,629600
2004-01-21,41.55695343017578,41.561683968224784,41.386560171870364,41.533286295539796,570500
2004-01-22,41.85986328125,41.87879626190215,41.51434270376767,41.627936976583754,443600
2004-01-23,41.358158111572266,42.07759710226468,41.30136276726865,41.9166685341765,1021300
2004-01-26,41.10730743408203,41.348698510356044,41.022110796049915,41.32030083471138,639500
2004-01-27,41.362876892089844,41.36761103938871,41.050491781194815,41.050491781194815,576100
2004-01-28,40.9984245300293,41.580598224427604,40.63870518995879,41.29661079220188,1823800
2004-01-29,40.91324234008789,40.97950597722781,40.71444781757075,40.80911273569734,814500
2004-01-30,41.197200775146484,41.28239733573833,40.98894171345644,41.130937184807806,526200
2004-02-02,41.110694885253906,41.291295476496686,41.05366140201545,41.086930027402495,335600
2004-02-03,41.31980514526367,41.34356637199699,41.158212123842866,41.310297753764395,350900
2004-02-04,41.239070892333984,41.281846968524604,41.101246135530936,41.24857829860438,645700
2004-02-05,41.07745361328125,41.38637884102135,40.987151444523676,41.27231179858737,971400
2004-02-06,41.52897262573242,41.56224128562644,41.36262932626231,41.41490916695463,798200
2004-02-09,41.65251922607422,41.65251922607422,41.53370213480267,41.614496886624956,272400
2004-02-10,41.41963577270508,41.60974383031092,41.36735596621323,41.57647519218062,203200
2004-02-11,41.72858428955078,41.91868882764419,41.30559552807317,41.35787173784071,1335100
2004-02-12,41.552734375,41.82363733542764,41.471939582208456,41.75234631931264,256700
2004-02-13,41.72858428955078,41.87116269312084,41.6192709167366,41.72858428955078,513600
2004-02-17,41.700042724609375,41.77133370010745,41.60023680931592,41.75707623020976,644100
2004-02-18,41.75706100463867,41.90914667144285,41.67626628733827,41.871124348239725,990900
2004-02-19,41.799861907958984,41.799861907958984,41.571735065165,41.60025001401155,668900
2004-02-20,41.50994110107422,41.74282523220875,41.443403813895834,41.704802889246764,1009800
2004-02-23,41.7665901184082,41.7665901184082,41.50044094649087,41.533709592980536,504000
2004-02-24,41.84263229370117,42.008975516142264,41.75708383273,41.84738599320243,940900
2004-02-25,41.909175872802734,41.994724346613836,41.837884873625015,41.92818704765085,572300
2004-02-26,41.77606964111328,41.8045845687879,41.60497282304938,41.752304784045705,399100
2004-02-27,42.13727951049805,42.19430937271297,41.804589601540684,41.928160346353906,836000
2004-03-01,42.121097564697266,42.2976572382068,42.01134710760469,42.21176383496309,771900
2004-03-02,41.85386657714844,42.087686043883885,41.70594049583439,42.04951403751999,676000
2004-03-03,41.777496337890625,41.820441187069285,41.56753403356443,41.70114508517997,718000
2004-03-04,41.96360397338867,41.9683731968948,41.677290375361174,41.70592391954111,421600
2004-03-05,42.774803161621094,42.946589812119775,42.71753973124569,42.83683581405713,2789800
2004-03-08,43.0276985168457,43.099276875098425,42.94657807645166,42.975207963502136,1309400
2004-03-09,43.314029693603516,43.352205322269356,43.03726548734699,43.065895388532205,829000
2004-03-10,43.285404205322266,43.39038537454189,43.17565381250444,43.19473798815464,878900
2004-03-11,43.34745788574219,43.44766987993052,43.01820290708932,43.44766987993052,1337100
2004-03-12,43.080204010009766,43.33311114166561,43.0515741130307,43.2376757246502,442100
2004-03-15,43.15179443359375,43.252002741609076,43.05635898994929,43.14702156922288,756200
2004-03-16,43.50965881347656,43.50965881347656,42.97044193705821,43.084965134400015,1374200
2004-03-17,43.43809509277344,43.65283025588115,43.37606243176616,43.6480573925335,1936500
2004-03-18,43.209041595458984,43.4524029772,43.13746321939444,43.2853891934677,1842100
2004-03-19,43.15179443359375,43.23291492475442,43.04681326120756,43.1708822504484,366700
2004-03-22,43.41423797607422,43.41423797607422,43.22813271214448,43.22813271214448,947200
2004-03-23,43.4906120300293,43.4906120300293,43.3045102935718,43.37131585842166,562200
2004-03-24,43.46669387817383,43.533502995334864,43.385573462469935,43.50010025706706,327400
2004-03-25,43.29972457885742,43.39516367220171,43.25677971732436,43.29018248983757,514000
2004-03-26,42.841644287109375,43.23293561835072,42.75575089046466,43.175675781007946,1378600
2004-03-29,42.55531692504883,42.579177608021375,42.42170583791236,42.49328424620092,2454000
2004-03-30,42.52668380737305,42.67460983687353,42.502823126201896,42.61257716270887,1021000
2004-03-31,42.73187255859375,42.77004455093631,42.56962793878008,42.58871575526573,1647300
2004-04-01,42.59196853637695,42.66382249044932,42.419511736943655,42.62550159988733,1309200
2004-04-02,41.53809356689453,41.73929208406415,41.3943819067015,41.73929208406415,2603700
2004-04-05,41.21233367919922,41.384790560392325,41.15485048868921,41.35125748098431,1422700
2004-04-06,41.43746566772461,41.43746566772461,41.29375045203181,41.389561814103594,1695400
2004-04-07,41.3416862487793,41.58120933560923,41.3177324781634,41.3416862487793,659600
2004-04-08,41.22187805175781,41.39912259631959,41.18834500374655,41.27936118844677,893700
2004-04-12,41.073421478271484,41.13569982535606,41.00635530051315,41.10695456715065,311700
2004-04-13,40.627891540527344,40.771606807589144,40.608729261263704,40.685378378318276,1449500
2004-04-14,40.5943717956543,40.60395476584845,40.23029933458638,40.23029933458638,2529200
2004-04-15,40.35483169555664,40.62309992541168,40.32609010675567,40.56082160990194,1184800
2004-04-16,40.508079528808594,40.65658609422886,40.436225639699686,40.56556629492223,986900
2004-04-19,40.421913146972656,40.675810678577456,40.38359223233625,40.647065424060024,682100
2004-04-20,40.05304718017578,40.44586486017539,40.05304718017578,40.369215725135504,1618700
2004-04-21,40.24946594238281,40.393181285120015,40.1057542544786,40.1057542544786,763600
2004-04-22,40.488983154296875,40.522516242052575,40.30694691431341,40.35964228861986,1024300
2004-04-23,40.25902557373047,40.402737178315824,40.12010179758301,40.292558646950134,963200
2004-04-26,40.32609176635742,40.37878711788167,40.26860493155892,40.28297572655082,515800
2004-04-27,40.4793815612793,40.5033353199933,40.278183145471296,40.43147769868174,1033400
2004-04-28,40.10093307495117,40.445846718256355,40.053029214454405,40.38357206509359,1215700
2004-04-29,39.9045524597168,40.32611182678674,39.76562861430185,40.120121801493234,2504900
2004-04-30,40.067420959472656,40.144070100213646,39.89017256263326,39.96682170337425,831500
2004-05-03,40.11788558959961,40.1900234964033,39.963993100658705,39.963993100658705,668800
2004-05-04,39.84379196166992,40.348753988512016,39.76684749866943,40.21890493288342,3950900
2004-05-05,39.733177185058594,40.04096232548311,39.675466095320886,40.04096232548311,2236600
2004-05-06,39.62739944458008,39.74762820280448,39.612972580647636,39.704343941916626,3163200
2004-05-07,39.10798263549805,39.19454742688536,39.00218081612601,39.17050022463247,1756400
2004-05-10,39.016605377197266,39.2474460303617,39.00698869831395,39.18492844490086,958700
2004-05-11,39.19456100463867,39.20417768741848,39.00700450317429,39.00700450317429,766000
2004-05-12,38.93488693237305,39.16572779997075,38.92527024455657,39.14649075524668,1945700
2004-05-13,38.785762786865234,38.91560811300405,38.71843503715071,38.90118126222053,1187000
2004-05-14,39.103172302246094,39.14164635805913,38.824244570321405,38.97332695023701,4086400
2004-05-17,39.44943618774414,39.46867321795297,39.28111675977735,39.37249173599719,1735600
2004-05-18,39.295562744140625,39.391747942007456,39.22823494017891,39.290752566974746,674200
2004-05-19,39.16571044921875,39.170516956452104,39.02624468857214,39.14647341301686,319200
2004-05-20,39.46868133544922,39.483108193800916,39.2522711219956,39.309978555402374,1745900
2004-05-21,39.309967041015625,39.61775215932796,39.23782910129817,39.61294565401135,1461900
2004-05-24,39.43498611450195,39.47346015226752,39.28109363252588,39.40132224872863,314800
2004-05-25,39.550411224365234,39.588885268615044,39.43980293350553,39.449419610024584,645300
2004-05-26,39.762046813964844,39.78609402825484,39.588917144528224,39.62739121975631,505500
2004-05-27,40.074623107910156,40.10828699037876,39.83416575625211,39.93034722928013,1122800
2004-05-28,39.964012145996094,40.15637876611847,39.79569272929705,39.925538088154,612700
2004-06-01,39.598052978515625,39.781513769756415,39.44356181310018,39.767030798523706,662000
2004-06-02,39.49667739868164,39.65116859891785,39.47254033564018,39.59806190352158,906600
2004-06-03,39.57878494262695,39.612579804227956,39.390495075577185,39.49188334374385,1173600
2004-06-04,39.347023010253906,39.65117658604082,39.31805705542511,39.60772765379762,568200
2004-06-07,39.356666564941406,39.390461397648615,39.21183314620789,39.3083887586969,377200
2004-06-08,39.429080963134766,39.43390984825877,39.144239357940656,39.202171245988204,1294200
2004-06-09,39.26012420654297,39.356679851628854,39.1056329643885,39.32288500751262,589400
2004-06-10,39.33737564086914,39.395307560424875,39.178055495366614,39.279440037951275,336200
2004-06-14,39.023536682128906,39.231134508458624,38.98974185846405,39.20216488577479,892200
2004-06-15,39.84909439086914,39.887718094307225,39.49665954287502,39.49665954287502,1567400
2004-06-16,39.69460678100586,39.75253865794189,39.583564544612756,39.61253416644019,494700
2004-06-17,39.95531463623047,39.9601398374745,39.57391378644742,39.63184566825363,552800
2004-06-18,39.868438720703125,39.99878922179552,39.76705417910636,39.955340282552086,394500
2004-06-21,39.89740753173828,39.95051425018395,39.824988944461246,39.89257864368985,731900
2004-06-22,39.77669143676758,39.87324704979656,39.762208463149285,39.796003296045484,362700
2004-06-23,39.85393524169922,39.916696016112155,39.675303322179055,39.728410009513155,302900
2004-06-24,40.09531784057617,40.235322326450564,40.02289931395748,40.19670230449863,1087900
2004-06-25,40.13392639160156,40.143584156848654,40.00840491025512,40.03254195665642,253200
2004-06-28,39.72357940673828,40.008424688610596,39.67530160671112,39.96497209023413,573100
2004-06-29,39.97464370727539,39.993951887286485,39.670486463361634,39.78152875691264,401500
2004-06-30,40.385009765625,40.43328758128862,40.02774950968073,40.08568141513258,1730800
2004-07-01,40.46064376831055,40.504267941242055,40.19888763606918,40.402474506184426,1099300
2004-07-02,40.887203216552734,41.05201426049232,40.8435790479381,41.03747287095411,1293300
2004-07-06,40.81932830810547,41.00352534898047,40.7853971769386,40.99383232502534,351600
2004-07-07,40.8338623046875,40.9211142973601,40.78054143704228,40.81447256206967,303500
2004-07-08,40.85811996459961,40.97930314030496,40.829037185859775,40.86296832712859,715200
2004-07-09,40.9017448425293,40.92113459476469,40.761171912485516,40.838730921427086,2152900
2004-07-12,40.959922790527344,41.03748181592618,40.93084000511172,41.01324369593457,1297800
2004-07-13,40.83875274658203,40.84844577877136,40.69333137620865,40.81451461878011,307100
2004-07-14,40.85329055786133,40.8969184444313,40.79027660861442,40.87268031875701,241400
2004-07-15,40.896873474121094,40.90171813535375,40.79992477624772,40.858093994971746,562700
2004-07-16,41.43981170654297,41.44466007070733,41.129582967953034,41.129582967953034,2970600
2004-07-19,41.46885681152344,41.47854983196121,41.37675647539898,41.40099457381528,978300
2004-07-20,41.09563064575195,41.38646947608367,41.0083786268308,41.352538340848575,1091500
2004-07-21,40.984134674072266,40.98897933639492,40.80963067685343,40.9162724194,662800
2004-07-22,41.04228210449219,41.12953406461599,40.99865797353723,40.99865797353723,154700
2004-07-23,41.17805480957031,41.18775153773293,41.09565111127917,41.09565111127917,209200
2004-07-26,40.984134674072266,41.124703845739454,40.9405068256598,41.124703845739454,712000
2004-07-27,40.43156051635742,40.945376048737536,40.43156051635742,40.91144490411276,961200
2004-07-28,40.43636703491211,40.489687883052525,40.252170094744976,40.339422055500755,495200
2004-07-29,40.528526306152344,40.54791606988139,40.3637151635651,40.3637151635651,519600
2004-07-30,41.003501892089844,41.02289162712375,40.71751162132082,40.7514427330767,578400
2004-08-02,41.05703353881836,41.173823867386055,41.03270051871369,41.12029419331386,714800
2004-08-03,41.2225341796875,41.280931268296854,41.07167967499075,41.11547470692132,509500
2004-08-04,41.24198913574219,41.42204399420509,41.120331350681,41.207925104433095,481300
2004-08-05,41.3587760925293,41.4074384599222,41.29551538618858,41.30524637458691,623100
2004-08-06,42.054630279541016,42.26874900654285,41.90864327606551,42.04976664498053,1240900
2004-08-09,41.90864944458008,42.01570511114033,41.884316417403525,41.92324777580654,322100
2004-08-10,41.75783157348633,42.06441167528617,41.75783157348633,41.976817890872255,860100
2004-08-11,41.93783950805664,41.98163449484481,41.71885714871958,41.76265213550775,898400
2004-08-12,42.02544021606445,42.02544021606445,41.79672312409434,41.85025281424474,697500
2004-08-13,42.16172790527344,42.28825305993369,42.103330823268365,42.176326247599334,637500
2004-08-16,42.01573944091797,42.10820056449761,41.86001759276905,42.07900387818897,729400
2004-08-17,42.25419616699219,42.26392715928738,42.025478864682825,42.04494456197534,182000
2004-08-18,42.049766540527344,42.36607357028761,42.044899193280806,42.351475241246135,365300
2004-08-19,42.152000427246094,42.215261153497124,42.0157405578794,42.09360334037465,372900
2004-08-20,42.11307144165039,42.215263564986635,42.04494335942623,42.132537138386155,875400
2004-08-23,41.869720458984375,41.93298113545031,41.83565644662597,41.90378447134279,1007200
2004-08-24,41.894073486328125,41.91840652865584,41.738351668453355,41.82594542305173,1044200
2004-08-25,42.04008102416992,42.16173885876069,41.97195293381529,42.006016978992605,588200
2004-08-26,42.27848815917969,42.27848815917969,42.064373103495726,42.122766431091875,478000
2004-08-27,42.24930191040039,42.35149397158421,42.16170818471429,42.25416925979955,304400
2004-08-30,42.44881057739258,42.44881057739258,42.297952489618844,42.33688384857327,259100
2004-08-31,42.711578369140625,42.82350507280435,42.45366467125653,42.48286504025893,1721100
2004-09-01,42.75559997558594,42.84842756079344,42.57971102904932,42.84842756079344,1388900
2004-09-02,42.33539581298828,42.687173494783224,42.33539581298828,42.687173494783224,867000
2004-09-03,42.34026336669922,42.34026336669922,42.01779939605765,42.24743215195772,958100
2004-09-07,42.29627990722656,42.301166740484796,42.11062124659121,42.13504795775919,475500
2004-09-08,42.65297317504883,42.66274312064432,42.10576303259761,42.14485027010787,584800
2004-09-09,42.49171447753906,42.78974795347758,42.437970491546096,42.613859222511834,284800
2004-09-10,42.55525207519531,42.76534130251721,42.53570845782073,42.692053669253504,711700
2004-09-13,42.74092483520508,42.765351567113335,42.56503596418065,42.60411948074682,152900
2004-09-14,42.78485870361328,42.838602686570965,42.59431321042208,42.68225757093814,695700
2004-09-15,42.68716812133789,42.75068207850303,42.5943368760042,42.75068207850303,642500
2004-09-16,43.170867919921875,43.22949877875998,42.750689417159506,42.78000298279641,1103400
2004-09-17,42.95589065551758,43.185523520223605,42.941233873100465,43.058491860001595,765400
2004-09-20,43.23925018310547,43.273450570870956,43.08779185551013,43.12199224327562,727200
2004-09-21,43.36629104614258,43.44446178018888,43.04382698334743,43.170858619681596,1018500
2004-09-22,43.81575012207031,43.87926402877118,43.312514517853835,43.38580208869988,2541200
2004-09-23,43.63991165161133,43.913514921490936,43.63991165161133,43.81091369528608,2391000
2004-09-24,43.69367218017578,43.72298576228313,43.532440023452565,43.654584918988384,1984300
2004-09-27,43.884178161621094,43.918378552284224,43.76203337674377,43.77669015451897,1420800
2004-09-28,43.70830154418945,43.94770434549537,43.591043561773255,43.81578958122265,1161100
2004-09-29,43.28321838378906,43.42002365568483,43.26856160797657,43.3369623801432,1970700
2004-09-30,43.11713409423828,43.17576496694144,42.975445614212845,43.06339005948501,1945700
2004-10-01,42.901737213134766,42.99004282846264,42.8232454122175,42.92626800628777,1999300
2004-10-04,42.96554946899414,42.97535954822366,42.681008513944164,42.681008513944164,1106200
2004-10-05,42.96554946899414,43.02441743012416,42.88705386365216,42.94101865660566,501700
2004-10-06,42.7692756652832,42.911546014628875,42.69078013066224,42.90173220136471,531300
2004-10-07,42.58290100097656,42.769322485469964,42.553463271831255,42.681016783788415,2128600
2004-10-08,43.14705276489258,43.27460621890262,43.048937026654386,43.156866584441694,1534500
2004-10-11,43.191219329833984,43.220653310814555,43.039138770932325,43.147064615486606,60800
2004-10-12,43.28932571411133,43.362914393492424,43.25008166226703,43.33838358607349,757900
2004-10-13,43.446327209472656,43.446327209472656,43.1470692279243,43.17160004328148,648000
2004-10-14,43.65236282348633,43.667079810997286,43.372728832150855,43.41687979468372,717100
2004-10-15,43.50028610229492,43.657273567784415,43.25989986451835,43.5689678845168,746400
2004-10-18,43.5199089050293,43.55915670613028,43.35311136466461,43.49047492564172,613600
2004-10-19,43.63274383544922,43.65727090310204,43.30404819159102,43.33348591280106,505400
2004-10-20,43.9319953918457,43.96142936591424,43.760287228777536,43.789724945721716,1127100
2004-10-21,43.96140670776367,44.10367708056008,43.87800799563693,43.87800799563693,1649200
2004-10-22,44.064430236816406,44.064430236816406,43.84366805467469,43.90744288125759,491500
2004-10-25,44.09877014160156,44.19688583310717,44.05461920328615,44.187075761106094,246800
2004-10-26,43.96630859375,44.157636790482414,43.96630859375,44.12819909207284,503700
2004-10-27,43.53461456298828,44.17728497438649,43.52480448670468,44.08897931633275,2351800
2004-10-28,43.676883697509766,43.74066229151813,43.426683716660165,43.53461326694334,839200
2004-10-29,43.878021240234375,43.90254829909495,43.62291437653542,43.716126931680215,1169300
2004-11-01,43.6050910949707,43.84154151181129,43.54598130944946,43.71839111430621,923500
2004-11-02,43.669151306152344,43.70856035302164,43.50166473608462,43.58540990024527,709300
2004-11-03,43.688865661621094,43.71842057429752,43.34896913282458,43.363746589162794,1066600
2004-11-04,43.733192443847656,43.89082488840885,43.718414989397225,43.77260149455144,2285100
2004-11-05,43.25537872314453,43.31449231380099,43.11252369774924,43.22089673482532,1838000
2004-11-08,43.10265350341797,43.15191292719982,43.053394079636114,43.10265350341797,454100
2004-11-09,43.07802200317383,43.21595365160804,43.05339417035757,43.05339417035757,373000
2004-11-10,42.91546630859375,43.08787617143426,42.812020390889444,43.00905808656252,1303400
2004-11-11,42.82187271118164,43.07802398210607,42.82187271118164,43.07802398210607,309700
2004-11-12,43.28493881225586,43.40316223917774,43.01893328299038,43.02385659701485,1125900
2004-11-15,43.3243408203125,43.34897242158118,43.22089485984247,43.3243408203125,763200
2004-11-16,43.3243408203125,43.3243408203125,43.20119033047846,43.25537684666581,520900
2004-11-17,43.69378662109375,43.72334529043224,43.294780288439036,43.294780288439036,1249400
2004-11-18,43.82681655883789,43.87114895107778,43.55096054066157,43.619924545205656,891500
2004-11-19,43.4770622253418,43.85636418720024,43.39331701240059,43.79232726742708,1244500
2004-11-22,43.703643798828125,43.77753483992476,43.496751890361125,43.521379731890356,511500
2004-11-23,43.75782775878906,43.94008805683877,43.58541784512546,43.59526822951156,746300
2004-11-24,43.75782775878906,43.79723681284196,43.70856832035007,43.79723681284196,309700
2004-11-26,43.47212600708008,43.516458382615,43.462275620823974,43.49183053784726,697100
2004-11-29,43.0090446472168,43.15189956271807,42.940080723630246,43.08786270745969,1546400
2004-11-30,42.82680892944336,42.93518194507155,42.674099790033594,42.82680892944336,1754500
2004-12-01,42.76004409790039,42.90843211612495,42.626497900429534,42.88369952186617,2489800
2004-12-02,42.586936950683594,42.6858635765676,42.54242279928448,42.621560326326765,2881500
2004-12-03,43.24970626831055,43.35852360486604,42.997448240264866,43.10626557682036,2233700
2004-12-06,43.39809799194336,43.45250666966663,43.25465727555139,43.274442592329244,1314100
2004-12-07,43.45252990722656,43.472315234585224,43.27941300991995,43.39812120040658,784300
2004-12-08,44.130130767822266,44.130130767822266,43.70475597656509,43.72948856099315,2639700
2004-12-09,43.83829879760742,44.15485623124327,43.80862271747352,44.01636282573537,1428900
2004-12-10,43.9471549987793,44.04608164284026,43.85812290595724,43.996616433976975,1445000
2004-12-13,44.04111099243164,44.164766401628604,43.92240285622836,43.93229362855213,677400
2004-12-14,44.214210510253906,44.238943091881275,43.8729205068393,43.89270581740877,1568200
2004-12-15,44.614845275878906,44.63957785340634,44.43678128393361,44.49118993556476,2511500
2004-12-16,43.9570426940918,44.46155529228483,43.94714814439613,44.46155529228483,1998200
2004-12-17,43.89767074584961,43.96197020081757,43.73939197128999,43.76412456286579,1319800
2004-12-20,43.976802825927734,44.07077835220869,43.932284925131185,43.95701751153625,230500
2004-12-21,44.1103630065918,44.14003910078358,43.97186953547806,44.05100704454417,245200
2004-12-22,43.961944580078125,44.12517053255859,43.87291258542164,44.12517053255859,511600
2004-12-23,43.81850814819336,43.917434692691955,43.80861738057441,43.892702113151856,738600
2004-12-27,43.47726058959961,43.70973345871467,43.378333957175556,43.689948132229866,1322600
2004-12-28,43.44263458251953,43.48220523309434,43.229947052761126,43.457472633068846,1253500
2004-12-29,43.39809799194336,43.52670066416776,43.314013225884956,43.46240121488722,567500
2004-12-30,43.68989181518555,43.749243944468866,43.39806334278812,43.42774318109009,626400
2004-12-31,43.965484619140625,44.01513432240872,43.84135846695562,43.87611363804624,1056400
2005-01-03,44.059844970703125,44.109494704455045,43.77187499972923,43.781803431266866,1168000
2005-01-04,43.59807586669922,44.06479149014478,43.59807586669922,44.04989695544421,1935400
2005-01-05,43.83142852783203,43.965486900444475,43.66261877035532,43.687441729262616,1094100
2005-01-06,43.861209869384766,43.960513051615024,43.801631748075685,43.83638691484901,1057400
2005-01-07,43.96050262451172,44.12434999530647,43.86616557077629,44.06973420504155,738700
2005-01-10,44.03005599975586,44.04991665091339,43.92579042220276,44.01019534859834,379400
2005-01-11,44.288204193115234,44.32792546610619,44.059812555460894,44.1392551014428,844100
2005-01-12,44.34779739379883,44.40737931845515,44.08961662968156,44.124371805390226,722000
2005-01-13,44.774784088134766,44.774784088134766,44.55135853779456,44.56128696286393,1876700
2005-01-14,44.769813537597656,44.88401124872154,44.5910715998562,44.63575897830608,1043800
2005-01-18,44.918785095214844,44.92871352342758,44.55137264285406,44.58612782364453,1251600
2005-01-19,45.047874450683594,45.10248648433597,44.819478948357435,45.08262962920621,655800
2005-01-20,45.13725662231445,45.191868669483256,44.85921133728726,44.893966524411745,1064200
2005-01-21,45.18691635131836,45.206777003790435,44.943626199559574,44.98334750450372,606300
2005-01-24,45.3804817199707,45.43013137917331,45.18187929513411,45.2265628520086,561400
2005-01-25,44.9535026550293,45.38049668341279,44.93860813115992,45.36063605557781,1942200
2005-01-26,45.037925720214844,45.14219121754976,44.99820444845993,45.10743605177146,709800
2005-01-27,44.9535026550293,45.03294137834178,44.8541995158544,44.94357044709809,463900
2005-01-28,45.40536880493164,45.47984529297011,45.2663480475433,45.29117480623331,1128000
2005-01-31,45.53446578979492,45.55432644117234,45.32593463237989,45.34579528375731,1313900
2005-02-01,45.462158203125,45.6017037921486,45.377434638693835,45.571802252309865,948200
2005-02-02,45.566856384277344,45.58180716698938,45.397405308091685,45.45222737959274,760300
2005-02-03,45.541934967041016,45.57184033420216,45.38245361741105,45.38245361741105,505800
2005-02-04,46.17481231689453,46.31934267443006,46.080119095877855,46.08510395022868,3483900
2005-02-07,46.518741607666016,46.55861288099992,46.199779025662636,46.21971466232959,1064600
2005-02-08,46.782920837402344,46.907515807756454,46.513795245157056,46.533730896694124,1383800
2005-02-09,46.9074821472168,46.967285256576886,46.538678561937516,46.568583918951575,2125800
2005-02-10,46.274559020996094,46.6882151260027,46.224721806469745,46.59352175676762,1240000
2005-02-11,46.24463653564453,46.33932986204849,46.05026882527201,46.08017037999578,1275200
2005-02-14,46.38918685913086,46.453974856137194,46.21475471154793,46.29947835432598,295000
2005-02-15,46.15493392944336,46.27952882639092,46.134998289651605,46.149949068911795,900200
2005-02-16,45.98045349121094,46.13494978424442,45.75119957814075,46.10504825716194,1189700
2005-02-17,45.69145584106445,45.92071007083266,45.65158454832152,45.73132713380738,1146400
2005-02-18,45.282737731933594,45.327590038098684,45.08338527687006,45.12824138536697,2655800
2005-02-22,45.08340072631836,45.22793121070969,45.05349917862813,45.168124312996106,914600
2005-02-23,45.232948303222656,45.437282028606226,45.06848206905862,45.42233124410692,1115000
2005-02-24,45.13324737548828,45.51700172891212,45.13324737548828,45.43227812445945,798500
2005-02-25,45.352508544921875,45.42228133080445,45.16312581214511,45.29768652710961,588800
2005-02-28,44.86410140991211,45.4023519484391,44.7993134719223,45.4023519484391,2797300
2005-03-01,44.850101470947266,44.925094043961685,44.720114598674314,44.76511166819525,1648500
2005-03-02,44.79013442993164,44.855129813520655,44.705144574466246,44.72014233551507,1139300
2005-03-03,44.765113830566406,44.895100709118346,44.720116758871896,44.80511038001022,1600600
2005-03-04,45.25011444091797,45.33010381910341,44.93014929960552,44.99014037967325,1567000
2005-03-07,45.4300651550293,45.49005619527738,45.37007030049839,45.42006410546607,889800
2005-03-08,45.00010299682617,45.13008610213172,44.965106958585125,45.060094025649626,680400
2005-03-09,44.26518630981445,44.69513985454149,44.21519250992856,44.58515120622307,2549600
2005-03-10,44.53514862060547,44.66013500280455,44.19018498516586,44.36516515738824,1357700
2005-03-11,44.21019744873047,44.43017477255001,44.19519968833966,44.320186110640236,1017900
2005-03-14,44.47514343261719,44.495141706828335,44.14518144383526,44.18017747013457,805000
2005-03-15,44.195186614990234,44.64513836502895,44.195186614990234,44.64013784161691,963900
2005-03-16,44.465171813964844,44.67514809270406,44.265192770949064,44.265192770949064,2097800
2005-03-17,44.61014175415039,44.78512192849626,44.555147440172874,44.6701327771937,1025300
2005-03-18,44.33020782470703,44.4851936676533,44.33020782470703,44.44519707500362,722700
2005-03-21,44.205177307128906,44.330163673964904,44.1851790307214,44.330163673964904,893100
2005-03-22,43.830230712890625,44.520158095825295,43.76523915673282,44.465163773583186,2544900
2005-03-23,44.040218353271484,44.075218216741746,43.76024995977571,43.76024995977571,1951700
2005-03-24,44.13018035888672,44.225171208855734,44.0851871021314,44.15517915549356,746800
2005-03-28,43.86022186279297,43.99520547403167,43.855221339626624,43.99020495086532,382200
2005-03-29,44.120201110839844,44.13519886920424,43.9902141812111,44.03521127058668,1135000
2005-03-30,44.34014129638672,44.37013678801209,44.07517094895143,44.09516540051555,1095600
2005-03-31,44.660186767578125,44.69018231350304,44.42521148640339,44.59519133235935,2410900
2005-04-01,44.81071472167969,44.99136291987454,44.409273430484944,44.92612650870936,2805300
2005-04-04,44.8006477355957,44.99133394891851,44.74544949788914,44.8006477355957,754800
2005-04-05,44.685218811035156,44.840775332786166,44.62500153079737,44.780558052548386,733300
2005-04-06,44.840763092041016,44.88090793457403,44.76047340697498,44.86585457572988,402800
2005-04-07,44.4795036315918,44.95119634700394,44.46445026040647,44.81069311137293,973000
2005-04-08,44.635066986083984,44.66015849413673,44.328968964288244,44.43936547423774,438600
2005-04-11,44.87593460083008,44.97127774189514,44.63005388950244,44.645107263686015,1460200
2005-04-12,45.29239273071289,45.36264430602802,44.720342001190424,44.77554021442713,1931500
2005-04-13,45.181983947753906,45.382704320228065,45.061553255638486,45.33754041792061,1001700
2005-04-14,45.11174392700195,45.22214035151291,44.99131320409165,45.20206792629059,1461800
2005-04-15,45.708919525146484,45.72397672764133,45.272356363465335,45.43293206756938,2807300
2005-04-18,45.673763275146484,45.85943036459731,45.63362224718822,45.8493960647138,3510800
2005-04-19,46.115379333496094,46.18563096410436,45.82433467616084,45.83436898263627,1733600
2005-04-20,45.99993896484375,46.05011812703453,45.75405839021167,45.77413082077292,1617900
2005-04-21,45.51821517944336,45.87449223192286,45.51319611435916,45.8142787646122,1288500
2005-04-22,45.89958953857422,45.95478777621223,45.708903325488215,45.79922736631174,876300
2005-04-25,46.03507995605469,46.07522483042783,45.919668227764326,45.99493891010748,818300
2005-04-26,45.964813232421875,46.190625205231576,45.83434434780459,46.16051464513548,549300
2005-04-27,46.12541198730469,46.26591524348702,46.065198493756036,46.1906483765512,684900
2005-04-28,46.46662521362305,46.491716715824495,46.14045482713282,46.190637831535724,1062000
2005-04-29,46.38634490966797,46.63724464833398,46.275948412106736,46.45157746348771,1445100
2005-05-02,46.37625503540039,46.461869462317914,46.18488952081613,46.40647347401756,1358200
2005-05-03,46.50212860107422,46.60285027054487,46.29061885839409,46.36615914996238,1884900
2005-05-04,46.09425735473633,46.189942065202956,45.8525328175416,46.05396865115646,2211500
2005-05-05,46.20001220703125,46.2503711653118,45.93310627021634,45.9784320221684,1757900
2005-05-06,45.85759353637695,45.92809688886945,45.731694143762574,45.792127235389515,850600
2005-05-09,45.90288543701172,45.94820734067368,45.82734508876672,45.83238213655418,327800
2005-05-10,46.23025894165039,46.23025894165039,45.99860067596398,46.00867477906926,495500
2005-05-11,46.371219635009766,46.592799735578126,46.32589390030072,46.40143423005527,1058700
2005-05-12,46.55251693725586,46.56762423544313,46.18992641219748,46.33093298479997,657000
2005-05-13,46.73382568359375,46.84461384964574,46.61799662717032,46.68849993381343,1698100
2005-05-16,46.67841339111328,46.869778893490356,46.673376344641575,46.85467159621594,824800
2005-05-17,46.80935287475586,46.93021895533951,46.7841753229069,46.81438992198217,856300
2005-05-18,47.12158203125,47.237411058572405,47.0057530039276,47.18704827321592,1092300
2005-05-19,47.00070571899414,47.1870341372864,46.97552433385954,47.1870341372864,948800
2005-05-20,47.05614471435547,47.09139638048931,46.94031561583376,46.96045997393073,806800
2005-05-23,47.42372131347656,47.45393974150938,47.12156392812564,47.13667122107224,905600
2005-05-24,47.55469512939453,47.66548715464943,47.428795799267164,47.605054093016946,1695400
2005-05-25,47.22227478027344,47.66544246580014,47.20213428742135,47.635224042243934,1923300
2005-05-26,47.207191467285156,47.37337943376872,47.13165113323436,47.13165113323436,978300
2005-05-27,47.25757598876953,47.328083156284336,47.10649908103428,47.20721701952445,650600
2005-05-31,47.841732025146484,47.86691342096371,47.448926840103724,47.448926840103724,1979000
2005-06-01,48.42753601074219,48.44269901044678,48.114157066694936,48.119208829058365,3823200
2005-06-02,48.54378890991211,48.619607759756086,48.38709944819293,48.38709944819293,1703400
2005-06-03,48.14447784423828,49.02902205659961,48.119203609933834,48.978477444297454,5558100
2005-06-06,48.397216796875,48.46292442357649,48.195034441083436,48.270853306543735,1088700
2005-06-07,48.78138732910156,48.81676896986994,48.548878853150875,48.761168697761114,1503100
2005-06-08,48.54885482788086,48.75103332861442,48.54885482788086,48.68027008209613,1272400
2005-06-09,48.508426666259766,48.5286452913797,48.235481011603255,48.35678890601445,612700
2005-06-10,47.96254348754883,48.296145074117234,47.94738048021555,48.296145074117234,1464800
2005-06-13,47.67440414428711,47.780548983721715,47.59858530003192,47.75527860650773,1616700
2005-06-14,47.36100387573242,47.5935159404912,47.29529629170376,47.53791573234956,1984500
2005-06-15,47.446956634521484,47.446956634521484,47.17401107926464,47.20433707774639,1996800
2005-06-16,47.684505462646484,47.72494268861675,47.29530776752455,47.41156382811252,1370300
2005-06-17,47.67945861816406,47.750221842755806,47.522765315448176,47.56825816343231,555900
2005-06-20,47.59859085083008,47.61375385018805,47.31048229410735,47.42168276447526,453000
2005-06-21,47.94735336303711,47.94735336303712,47.67440781647839,47.70473381399373,503100
2005-06-22,48.52864074707031,48.5690741372155,48.14955023826417,48.2658025014322,952200
2005-06-23,48.47807312011719,48.51345472990243,48.291053836220165,48.42247289669662,996300
2005-06-24,48.720703125,48.751029126234364,48.533683786004204,48.64488426560671,928000
2005-06-27,48.85215377807617,48.93302445237177,48.70051596134587,48.771279247470716,1203600
2005-06-28,48.5185546875,48.71062977968223,48.47812127637065,48.68535552345507,982400
2005-06-29,48.44272232055664,48.76621651391408,48.32141440824073,48.76116089281079,1682400
2005-06-30,48.87742233276367,48.88753357686285,48.427568378093625,48.45284263203183,2159400
2005-07-01,48.28495407104492,48.822583309047,48.178443603883494,48.710999809280715,2222700
2005-07-05,47.82854461669922,48.05170803999061,47.81332549887908,47.853902073875766,1076100
2005-07-06,48.09226989746094,48.097342935181835,47.894463991880016,47.99590152873393,854100
2005-07-07,48.193702697753906,48.46251949622558,48.16327221360729,48.401654658338735,1678000
2005-07-08,47.99590301513672,48.31036558047294,47.83867366726566,48.31036558047294,1259300
2005-07-11,47.99590301513672,48.00604909089272,47.65100996172071,47.732163089392294,982000
2005-07-12,47.727088928222656,47.9451831167144,47.70680064678226,47.85388778502962,743700
2005-07-13,47.656063079833984,47.727070102069334,47.60534433103624,47.701712662466704,886600
2005-07-14,47.53431701660156,47.74733799236984,47.47345222227169,47.72704972759322,874300
2005-07-15,47.661136627197266,47.69156710288406,47.422754248737256,47.422754248737256,1064700
2005-07-18,47.30610656738281,47.66114561894474,47.21988429027517,47.60028078649585,1204500
2005-07-19,47.4734992980957,47.534364152780576,47.23004761854557,47.285839434608036,1226900
2005-07-20,47.732139587402344,47.798073568975845,47.26044790644304,47.4278232476591,1884500
2005-07-21,47.082942962646484,47.44305117915386,47.0068628899549,47.41262069791452,3824200
2005-07-22,47.4481201171875,47.483623632097576,47.184376403918705,47.21987991882879,1614900
2005-07-25,47.275699615478516,47.52929740584344,47.24019607961123,47.372068014087645,305100
2005-07-26,47.351783752441406,47.37714508147224,47.25541534563886,47.30613413410501,340500
2005-07-27,47.275699615478516,47.30613011205184,47.174262047170615,47.204692543743946,593300
2005-07-28,47.696651458740234,47.7625854615742,47.361900668367525,47.361900668367525,578900
2005-07-29,47.22494125366211,47.57490714934132,47.093069429703114,47.57490714934132,1699500
2005-08-01,47.049339294433594,47.140974174320036,46.845705796465275,47.09006677082444,1760300
2005-08-02,46.89657974243164,47.069665553293866,46.815124854508596,46.97293884488096,1071400
2005-08-03,47.125667572021484,47.171486920151835,46.962761670637136,46.962761670637136,591100
2005-08-04,47.02901077270508,47.23773633251751,46.93737582420016,47.13591756529602,1046800
2005-08-05,46.66244125366211,46.7693479692526,46.60644194302147,46.68280110845322,1041600
2005-08-08,46.575870513916016,46.75914018496391,46.55041876648295,46.6725972525202,836600
2005-08-09,46.74898147583008,46.75916140262579,46.46898493912544,46.68279835770763,1474800
2005-08-10,46.69804763793945,46.88640530692367,46.60132091020143,46.84058983630057,909300
2005-08-11,47.02387619018555,47.06459977276592,46.682788512681874,46.85078639927526,881600
2005-08-12,47.5024299621582,47.568613093678074,47.125710450684785,47.15116609880575,1765100
2005-08-15,47.380226135253906,47.497316616602504,47.37004621182488,47.47695288575994,954300
2005-08-16,47.711124420166016,47.80275925631679,47.599125855539064,47.69076069168984,1311000
2005-08-17,47.39552307128906,47.716247146989936,47.33443573038344,47.60424851001417,1278200
2005-08-18,47.746788024902344,47.756967953129035,47.48206328317217,47.57369817315779,833900
2005-08-19,47.741676330566406,47.772219986572935,47.51767916255926,47.52786297055126,439200
2005-08-22,47.69075012207031,47.751841293959316,47.44638931849749,47.61947903019141,599300
2005-08-23,47.9096794128418,47.97077061547827,47.67550229537973,47.71622976380405,491800
2005-08-24,47.95545196533203,48.02163501326142,47.77727430548693,47.99108749730105,998200
2005-08-25,48.108219146728516,48.164218442697475,47.88422196285266,47.99622055479059,812400
2005-08-26,48.09295654296875,48.30167805381196,47.95550228686535,48.18459141904244,874600
2005-08-29,48.15400695800781,48.30164102762177,48.10819149708423,48.276189288436264,550100
2005-08-30,48.459503173828125,48.54095425121325,48.2202340797824,48.27623339472869,1392700
2005-08-31,48.86674880981445,48.87184071407128,48.515485095791824,48.520573116063716,1310800
2005-09-01,48.57249450683594,48.9096595579109,48.49586484600866,48.689989942230824,1899000
2005-09-02,48.61335754394531,48.67976782890682,48.42944794207938,48.47031371106942,621400
2005-09-06,48.271087646484375,48.61847207947061,48.26598186040788,48.53673662923383,965300
2005-09-07,47.81642532348633,48.1127246257751,47.69382019402252,48.1127246257751,1090200
2005-09-08,47.867515563964844,48.01055944403508,47.816430412713366,47.964580079625705,373100
2005-09-09,48.020774841308594,48.18424966358989,47.95947032137291,48.00034000133003,426300
2005-09-12,47.688743591308594,47.8726533618538,47.60700808081601,47.84711272000277,917300
2005-09-13,47.93901824951172,48.082062077943945,47.83684798389165,47.89815248179117,450400
2005-09-14,47.755104064941406,47.959444559870754,47.704015043663965,47.928794265140375,346400
2005-09-15,47.361778259277344,47.688727989381256,47.2034130799437,47.688727989381256,2225800
2005-09-16,47.0501594543457,47.244288559948046,46.93776974005986,47.15233369349133,2145500
2005-09-19,47.152320861816406,47.223840860981085,47.050146650475696,47.09101633501198,886100
2005-09-20,47.274925231933594,47.40774975569449,46.937756186436125,47.14721039304168,1848800
2005-09-21,47.714271545410156,47.71938123102405,47.57633731667192,47.65296701068781,993000
2005-09-22,47.6683235168457,47.73984357227955,47.57636860306637,47.69897775313928,761700
2005-09-23,47.31064987182617,47.560969677656644,47.31064987182617,47.53542906749538,656800
2005-09-26,47.09612274169922,47.193183363782154,47.05014337540952,47.05525306000779,680900
2005-09-27,47.16253662109375,47.28514177790084,46.968411464686874,47.13699209371626,827800
2005-09-28,47.4792594909668,47.520125268442854,47.1318750483665,47.19828534711849,712800
2005-09-29,47.26469802856445,47.310677389669685,47.182962571945176,47.30556770564756,657100
2005-09-30,47.10121154785156,47.35153533480446,46.99904127800472,47.295340517124906,1391800
2005-10-03,46.73295593261719,47.28685540487724,46.72269628868389,47.076579659136776,1370900
2005-10-04,46.886817932128906,46.94836406036169,46.779115142402446,46.86117664671283,783200
2005-10-05,47.09196853637695,47.174030042005384,46.96375036851349,47.020166675406045,1215800
2005-10-06,46.91246795654297,47.05094186817729,46.89708240112896,47.03042648998919,340000
2005-10-07,47.102237701416016,47.15865402439819,46.65091103046769,46.71758308812432,1337800
2005-10-10,47.071468353271484,47.168915444431356,46.989410734065196,47.10736929534472,159700
2005-10-11,46.97406768798828,47.1433168305686,46.902265732877794,47.10228602395887,679100
2005-10-12,46.5175666809082,46.897095413330774,46.49192538573978,46.897095413330774,1105700
2005-10-13,46.348323822021484,46.41499588813047,46.19959021647722,46.28677766744502,1376600
2005-10-14,46.27655029296875,46.51759740874384,46.066270403973846,46.466310871619605,1042600
2005-10-17,46.26628494262695,46.4714349787828,46.220128238770414,46.373987831203685,1058200
2005-10-18,46.31755447387695,46.40474584845729,46.27652761203273,46.3944861983137,878200
2005-10-19,46.33806228637695,46.604758365772895,46.33806228637696,46.497055534331636,904800
2005-10-20,46.46116638183594,46.46629620780308,46.2252452551868,46.30217699305104,810300
2005-10-21,46.8919792175293,46.912494607372125,46.5432254160223,46.58425619570795,1252800
2005-10-24,46.52785110473633,46.88173481751926,46.40988856283819,46.83557420098122,939100
2005-10-25,46.12777328491211,46.69706231215856,46.12264346214271,46.579099865912085,632900
2005-10-26,45.78926467895508,46.00467022986748,45.72772247178432,45.8764520810519,2895800
2005-10-27,45.953433990478516,46.05088114224062,45.79957439144071,45.953433990478516,1197400
2005-10-28,45.95856857299805,46.09704261775119,45.70726179619536,46.014984939022824,750400
2005-10-31,46.045684814453125,46.17903273802999,45.94311189656692,46.040554994687014,547700
2005-11-01,45.99264907836914,46.18325623242665,45.89476919786832,46.06992246138097,647100
2005-11-02,45.77632141113281,46.04935083159149,45.76086750888655,45.88965526799275,781100
2005-11-03,45.467220306396484,45.83297697997135,45.45691508725943,45.791763964002186,962900
2005-11-04,45.39510726928711,45.662984058392006,45.26116690958957,45.54965021020871,1888700
2005-11-07,45.549644470214844,45.62691789608304,45.51358406218165,45.59085748804984,1121600
2005-11-08,45.99264907836914,46.01325557585813,45.79174064071089,45.79174064071089,1396800
2005-11-09,45.518741607666016,45.81237751357288,45.518741607666016,45.73510407932579,1140300
2005-11-10,46.0750732421875,46.09567973885977,45.65779856257687,45.70416416266133,1695200
2005-11-11,46.100860595703125,46.20904183103221,46.07510540460008,46.15752751853599,193700
2005-11-14,45.755741119384766,46.08028504341493,45.65271242517312,46.04422460741158,1230100
2005-11-15,46.054481506347656,46.183269204111326,45.71963270610438,45.71963270610438,839800
2005-11-16,46.5386848449707,46.590203028751446,46.23474799814949,46.26050709003986,1822300
2005-11-17,46.65205764770508,46.8272109726814,46.38933355567394,46.451149139545315,1003100
2005-11-18,46.43570327758789,46.59539880393698,46.394490261017296,46.554189717655966,734200
2005-11-21,46.574790954589844,46.703578669079526,46.53357794268375,46.538726621455154,503300
2005-11-22,46.636592864990234,46.70871364953039,46.54386558054034,46.55417079563921,1026900
2005-11-23,46.456298828125,46.71902683393035,46.291450731015274,46.667508610224026,768300
2005-11-25,46.62632369995117,46.641777602957326,46.538745032431855,46.57480937983379,421500
2005-11-28,46.858123779296875,46.95085109531636,46.63145613340717,46.63145613340717,883400
2005-11-29,46.41508865356445,46.935392088496165,46.37902825294279,46.91993819255672,889200
2005-11-30,46.36359786987305,46.518144768222314,46.27087051692166,46.518144768222314,1642800
2005-12-01,46.29115676879883,46.57054948920696,46.141112310761365,46.565374453441336,1214800
2005-12-02,46.30664825439453,46.33251946924811,46.125561592599,46.18764619241851,746200
2005-12-05,46.09970474243164,46.22905296221815,45.97035652264514,46.22905296221815,431100
2005-12-06,46.57054901123047,46.627462561881096,46.21354654758489,46.260113974206156,968800
2005-12-07,46.39463424682617,46.518811422023575,46.31702449917673,46.461897870240364,386600
2005-12-08,46.6947021484375,46.75161567460385,46.461876957679884,46.55500782346172,976200
2005-12-09,46.327388763427734,46.57056420510928,46.29117139641539,46.55504304030356,817400
2005-12-12,46.2393798828125,46.43598765740375,46.12037784332805,46.43598765740375,440500
2005-12-13,46.4101676940918,46.47225629812861,46.24460203072371,46.420517768462986,598700
2005-12-14,46.88613510131836,46.989612078265246,46.63778483029474,46.66882713390007,635000
2005-12-15,46.77233123779297,46.79302743291775,46.56019819831068,46.79302743291775,724300
2005-12-16,46.92751693725586,47.04651899669679,46.855082274080715,46.99478051548499,684500
2005-12-19,46.97412872314453,47.134519350685025,46.8551265512489,46.87582275276974,469800
2005-12-20,46.91719436645508,46.979282943505694,46.77232496739872,46.8654558592771,236000
2005-12-21,46.83437728881836,46.86542352962425,46.715379199138184,46.83955232018473,193100
2005-12-22,47.20691680908203,47.243134146298125,47.03618018928827,47.04135127503792,692700
2005-12-23,47.496700286865234,47.62087355730099,47.13452265594838,47.181090099484976,2295800
2005-12-27,47.88475799560547,47.9054502567051,47.4967129679179,47.58466889348486,519500
2005-12-28,47.751197814941406,47.92784052781363,47.66806903443794,47.813540436520576,1295700
2005-12-29,47.85505676269531,47.86544586792456,47.636849878731326,47.813492414189476,740600
2005-12-30,47.74599838256836,48.10448032632562,47.64208741323437,48.07850555684076,1099500
2006-01-03,47.68365478515625,47.927840623625286,47.527794267098315,47.58494034906065,1392700
2006-01-04,47.797996520996094,47.83436440327522,47.49666037422519,47.55900701404734,387600
2006-01-05,47.74079513549805,47.87068085606776,47.64208071944983,47.735598596811926,453400
2006-01-06,47.6524543762207,47.74597221546991,47.53295781792605,47.678429131470146,1193700
2006-01-09,47.68365478515625,47.68365478515625,47.55896557795021,47.64209039482142,413600
2006-01-10,47.299198150634766,47.631705374304,47.29400161044653,47.60572663716159,698900
2006-01-11,47.221248626708984,47.42906655641999,47.14851294587974,47.40828436706916,394600
2006-01-12,47.53816604614258,47.548555158038276,47.27839464698333,47.34593378379782,626600
2006-01-13,47.81352996826172,47.953808763699165,47.57973726092937,47.58492983572516,491000
2006-01-17,48.026554107666016,48.05772541789999,47.76158607928216,47.79795392915458,454300
2006-01-18,48.01094436645508,48.19797609782735,47.86027650291388,48.19278352459226,622100
2006-01-19,47.87064743041992,48.026511771790446,47.777129618356575,47.83427961260611,490600
2006-01-20,47.99538040161133,48.047337872096506,47.82393422592507,47.964209090359006,842600
2006-01-23,47.979801177978516,48.057733430355114,47.65768701506048,47.694054870996354,720400
2006-01-24,47.74599838256836,47.89666631525401,47.67326268593366,47.79795188533627,300500
2006-01-25,47.22646713256836,47.57456004756758,47.169317076219336,47.543388730940535,1204500
2006-01-26,47.02384567260742,47.07060264757356,46.784856329471346,47.04462787163654,764100
2006-01-27,47.02384567260742,47.174513642719134,46.84200638585162,47.174513642719134,1091400
2006-01-30,46.97709274291992,47.01865714806442,46.8835748132447,46.914750099003,308500
2006-01-31,47.106964111328125,47.138139387540114,46.86277826062712,46.94071050545915,676100
2006-02-01,46.945865631103516,47.164848054516796,46.846800449038405,47.0032187388378,622300
2006-02-02,47.03449249267578,47.13877266007215,46.8520071720842,46.945857333800106,658500
2006-02-03,47.36817169189453,47.44638080748304,46.83114186427077,46.92499200740081,1524600
2006-02-06,47.4620246887207,47.55587483749356,47.38903057055082,47.4359576338778,755100
2006-02-07,47.237823486328125,47.50894788421277,47.185685403005934,47.50894788421277,280500
2006-02-08,47.128353118896484,47.383832624452054,47.076215012562244,47.383832624452054,261700
2006-02-09,47.34210968017578,47.39424777016012,46.95627906295283,46.99799112609282,1119200
2006-02-10,47.081363677978516,47.64446000200992,47.05007767595455,47.55060995169187,938000
2006-02-13,47.08663558959961,47.11270662868872,47.0084304280964,47.05013852160409,218700
2006-02-14,46.91976547241211,47.029256616170045,46.77899228126045,46.87284240132152,836100
2006-02-15,47.03449249267578,47.17005472135024,46.862433199883014,46.997995428557466,720300
2006-02-16,47.044925689697266,47.081422756291396,46.92500448352687,47.02928068011528,427800
2006-02-17,47.420310974121094,47.48287906374849,47.34210583443806,47.34210583443806,731400
2006-02-21,47.34210968017578,47.44638586014447,47.33167967545015,47.39424777016012,433300
2006-02-22,47.66536331176758,47.68100433936257,47.49330405246086,47.508949057936725,559000
2006-02-23,47.54545593261719,47.60802005591605,47.4098937023335,47.60802005591605,288300
2006-02-24,47.47245788574219,47.675799225445665,47.42031581678735,47.675799225445665,485700
2006-02-27,47.39423751831055,47.628860861429345,47.30560238672171,47.628860861429345,446200
2006-02-28,47.628868103027344,47.675795165514245,47.40467075041019,47.44638281086943,744200
2006-03-01,47.34113311767578,47.54518939902144,47.288807718875375,47.49286400022104,713600
2006-03-02,47.011474609375,47.14228005013111,46.776026412760096,47.121350700586305,1640000
2006-03-03,46.73938751220703,46.854496905432484,46.68706614943112,46.81787155230294,1253300
2006-03-06,46.33129119873047,46.56150607234634,46.305128512429235,46.55627672857847,872700
2006-03-07,46.362693786621094,46.43594453470681,46.20572561679947,46.25281766449251,1692900
2006-03-08,46.34699249267578,46.50395665276495,46.27897109729115,46.341759156446365,1184700
2006-03-09,46.362693786621094,46.394085823838864,46.1847962613655,46.33653109436203,282100
2006-03-10,46.189998626708984,46.28941200039476,46.0487305620862,46.210927968109345,1086900
2006-03-13,46.15339279174805,46.18478482118988,46.048750032365035,46.11676742677746,1740100
2006-03-14,46.462093353271484,46.56150277206599,46.27896254587411,46.27896254587411,904400
2006-03-15,46.210941314697266,46.326050729713145,46.121994581954034,46.27372935703271,971000
2006-03-16,46.6295280456543,46.73940414414168,46.26850372786323,46.31036242972476,1048000
2006-03-17,46.48825454711914,46.56673861281719,46.43593316727557,46.48825454711914,703500
2006-03-20,46.561492919921875,46.69229833074794,46.556263577631164,46.68706898845723,576000
2006-03-21,46.32080841064453,46.645207245327626,46.23186169515313,46.645207245327626,817200
2006-03-22,46.42020034790039,46.55623902112669,46.37310834907265,46.43589635022223,205500
2006-03-23,46.27372360229492,46.49870906951932,46.22139824425697,46.47254639050034,613400
2006-03-24,46.61383819580078,46.71848497325735,46.305139184003295,46.32083520265518,954800
2006-03-27,46.4411506652832,46.59288540939018,46.35743329259079,46.59288540939018,467100
2006-03-28,46.00688171386719,46.2684925494989,45.959789687683916,46.25279653805933,1094900
2006-03-29,45.78712844848633,46.053968620152276,45.713877735652794,45.95455921951503,1071700
2006-03-30,45.46798324584961,45.67203946452696,45.305781744743996,45.59355538229731,1152000
2006-03-31,45.4522590637207,45.593527130705674,45.41563371362357,45.509813755568146,1167700
2006-04-03,45.46697235107422,45.529998359854766,45.20962316079316,45.262142831279945,1549700
2006-04-04,45.419715881347656,45.64030095030803,45.35668985864689,45.53525757914007,749100
2006-04-05,45.48272705078125,45.57726405879072,45.43020738121909,45.535246720343416,638600
2006-04-06,45.1361198425293,45.31994079463367,45.041582780447584,45.31994079463367,2022100
2006-04-07,44.69489288330078,44.97325056947815,44.58985360787247,44.86821129404984,1956500
2006-04-10,44.778926849365234,44.79993550553961,44.62136393155314,44.721154046633565,1527100
2006-04-11,44.93653106689453,45.010059434143194,44.81573618084121,44.94703740907033,1237300
2006-04-12,44.663421630859375,45.025814265326325,44.642412955687874,44.957535069270186,1902000
2006-04-13,44.348270416259766,44.45330971619614,44.25898260362216,44.37978140484219,3219400
2006-04-17,44.51111602783203,44.626661748905555,44.30103326287975,44.40082347780606,1465400
2006-04-18,44.58988571166992,44.78420891182013,44.505851025230825,44.61614354593634,2680300
2006-04-19,44.31678009033203,44.42707261875907,44.14871471268207,44.35354426647438,1830300
2006-04-20,44.28002166748047,44.38506504653163,44.18023546612587,44.337794524209805,1378200
2006-04-21,44.53732681274414,44.568837788910336,44.248462841251204,44.39551940601457,1303000
2006-04-24,44.71593475341797,44.84723594872563,44.56362488602174,44.610895399969635,991500
2006-04-25,44.18549346923828,44.69494294031608,44.14872928096442,44.66343192379449,2067400
2006-04-26,44.11192321777344,44.15919370467852,43.97537293780805,44.03839491102524,1544900
2006-04-27,44.16971206665039,44.27475540513445,43.93337156730014,43.98589123304535,1864200
2006-04-28,44.20124053955078,44.227498376927166,43.99115780556534,44.10145033933385,809400
2006-05-01,43.86902618408203,44.12211849905972,43.82684748389064,44.11684465299859,1795500
2006-05-02,43.98503112792969,44.04830521879166,43.900669696213335,43.900669696213335,1097900
2006-05-03,43.890098571777344,43.990281489800076,43.731919463217594,43.98500764601884,1114000
2006-05-04,43.81633758544922,43.97452092159668,43.81633758544922,43.96397322037653,977800
2006-05-05,44.07997512817383,44.33306766909801,44.02197483801973,44.2908849084824,1685900
2006-05-08,44.10630416870117,44.16957423494013,44.04303007969606,44.153756718380386,666400
2006-05-09,44.07997512817383,44.12215788878943,43.937613339557984,44.05361391986617,341300
2006-05-10,44.1590576171875,44.30141937620381,43.94814788073079,44.18542284278282,1320200
2006-05-11,43.94282150268555,44.0060955548166,43.811003577818695,44.0060955548166,1189800
2006-05-12,43.579044342041016,43.76886263934329,43.5315877563318,43.663405794860196,1804700
2006-05-15,43.753028869628906,43.88484685920354,43.5790281579266,43.5790281579266,1433500
2006-05-16,44.07997512817383,44.10106650848163,43.80579522971131,43.80579522971131,1677600
2006-05-17,43.805763244628906,43.805763244628906,43.61594498322526,43.71612796084566,1440800
2006-05-18,44.40163803100586,44.4121857388142,44.04309239818734,44.05364010599569,2177700
2006-05-19,44.51761245727539,44.7443397683394,44.33306790705341,44.354159287474424,2619500
2006-05-22,44.6125373840332,44.89726508593123,44.54399339057977,44.73380783574088,2652000
2006-05-23,44.5861701965332,44.58617019653321,44.30671635949506,44.31726406434785,1394900
2006-05-24,44.607215881347656,44.81812551183904,44.57030699771916,44.717942532233145,1226300
2006-05-25,44.433197021484375,44.67574561247388,44.391018330793344,44.670471767600645,678000
2006-05-26,44.40163803100586,44.554547612052026,44.40163803100585,44.41745556994652,398400
2006-05-30,44.38050842285156,44.44905639626474,44.29614694688632,44.39105612157746,482200
2006-05-31,44.11684036254883,44.51756814613948,44.06938782091117,44.47011158173634,880700
2006-06-01,44.31379699707031,44.38261400771593,44.12322246427355,44.149692720026316,1561100
2006-06-02,44.8855094909668,44.93844595058208,44.731990930927395,44.848453565356806,2041900
2006-06-05,44.8272819519043,44.90139380937061,44.737289559094236,44.89609895132493,1102900
2006-06-06,45.03905487060547,45.09199136174307,44.77965919807906,44.81671918455031,2188000
2006-06-07,45.04958724975586,45.04958724975586,44.81137130210076,44.85372206041874,1324100
2006-06-08,45.13957977294922,45.40956080987965,45.05488229474574,45.12369924821048,3496700
2006-06-09,45.377872467041016,45.43080898058448,45.18200292425338,45.18200292425338,657200
2006-06-12,45.414894104003906,45.414894104003906,45.27725604178558,45.356662771480536,528700
2006-06-13,45.44664001464844,45.4942856520835,45.28783064704785,45.44664001464844,1448300
2006-06-14,44.991390228271484,45.2931325431841,44.94904347649653,45.26137146965446,1439100
2006-06-15,44.732017517089844,44.91200239451315,44.68437588675851,44.83259967729427,1734600
2006-06-16,44.63143539428711,44.86965566252954,44.56261835970795,44.837890536819984,1184600
2006-06-19,44.567909240722656,44.62084572711771,44.45674140765452,44.57849492248366,1233700
2006-06-20,44.493778228759766,44.56789008561888,44.40378179789375,44.53612497639834,611400
2006-06-21,44.50436019897461,44.59964744111268,44.5043601989746,44.59964744111268,476000
2006-06-22,44.25025177001953,44.41436001525791,44.2343712389173,44.38259491426119,745500
2006-06-23,44.160255432128906,44.324363662617266,44.123199516623515,44.26613236128138,675500
2006-06-26,44.0755615234375,44.18672927902314,44.00144968638041,44.16025903487752,526100
2006-06-27,44.29261779785156,44.32967372944791,44.13909921301135,44.13909921301135,429100
2006-06-28,44.05971145629883,44.27145740070067,44.038536054099644,44.27145740070067,381300
2006-06-29,44.20790100097656,44.37200519245415,44.12849431391611,44.24495691643253,1609300
2006-06-30,44.63673782348633,44.679088639083,44.20265206061062,44.20265206061062,1219000
2006-07-03,44.592655181884766,44.619224464840535,44.496996843295484,44.58733970348479,716800
2006-07-05,44.23651885986328,44.33217704221597,44.08240267415532,44.321550157294745,1289200
2006-07-06,44.5075798034668,44.52883764155688,44.284378585297915,44.284378585297915,451400
2006-07-07,44.79450607299805,44.8848487462512,44.68290558465351,44.74667497541402,1356900
2006-07-10,44.83705139160156,44.85299374984777,44.66699281278148,44.73607771668714,480400
2006-07-11,44.98054885864258,45.09746492348376,44.94866413351042,44.953975551354155,423800
2006-07-12,44.99117660522461,45.076203884372134,44.78391374304624,44.815802520429074,641000
2006-07-13,45.16655731201172,45.19844609693244,45.00181413224072,45.01244102420222,1347400
2006-07-14,45.19313049316406,45.256904008303216,45.07621440933467,45.07621440933467,1343900
2006-07-17,45.262245178222656,45.27287613165937,45.09218641392212,45.155959970980106,514100
2006-07-18,44.874271392822266,45.03901457346229,44.85301355426902,45.01244126164119,621000
2006-07-19,45.29939651489258,45.33128528626463,44.76796294321077,44.81579407301066,1267400
2006-07-20,45.43226623535156,45.50666662957581,45.155922493163985,45.155922493163985,1320200
2006-07-21,45.34722137451172,45.52790681773221,45.278132424855556,45.490706635038826,652100
2006-07-24,45.32065200805664,45.44288350722973,45.283451822137216,45.389740963704284,393900
2006-07-25,45.18778610229492,45.3737870009397,45.118701212659865,45.29407522617444,948200
2006-07-26,45.35254669189453,45.36849310752179,45.10277627697303,45.124034109958984,717100
2006-07-27,45.28346252441406,45.426951885812784,45.23563544029258,45.426951885812784,295500
2006-07-28,45.54384994506836,45.644823608881076,45.49070740525173,45.51728070241799,769800
2006-07-31,45.602333068847656,45.602333068847656,45.46416320013618,45.5013634039459,375100
2006-08-01,45.59804916381836,45.619392057948396,45.373954881564124,45.523351069733614,577800
2006-08-02,45.7687873840332,45.76878738403321,45.45932153108779,45.55002984711713,477400
2006-08-03,45.77947235107422,45.907525674826736,45.63007205749754,45.68876401228865,500500
2006-08-04,46.05690002441406,46.14227158019911,46.04089387538932,46.099585802306585,1246000
2006-08-07,46.08356857299805,46.094237979535926,45.98219089256341,46.06222568918345,1127600
2006-08-08,45.98221969604492,46.19030785516113,45.93419715969581,46.088930111222986,844400
2006-08-09,45.832794189453125,45.896818769337884,45.7314165103172,45.75275939385838,372400
2006-08-10,45.763427734375,45.80611350046316,45.592688740761034,45.80611350046316,539000
2006-08-11,45.56601333618164,45.63537465324339,45.54467045306909,45.60336236394392,450800
2006-08-14,45.48599624633789,45.5500249205969,45.45398394457854,45.539351439516906,662300
2006-08-15,45.870182037353516,45.93420667142155,45.76880427242279,45.76880427242279,1093800
2006-08-16,46.17959976196289,46.227618187350416,46.13157726583736,46.190269166247454,838900
2006-08-17,46.16363525390625,46.297025328585605,46.11028003818291,46.297025328585605,922300
2006-08-18,46.2970085144043,46.37171067417702,46.232983907085604,46.270332951601695,1050700
2006-08-21,46.46241760253906,46.46241760253906,46.35037046250972,46.361039874099795,676400
2006-08-22,46.478431701660156,46.54246039436989,46.40373359553621,46.419739751028274,749300
2006-08-23,46.499778747558594,46.54779721831859,46.34504577942885,46.45175620605675,801700
2006-08-24,46.58515548706055,46.65452094175355,46.54780642328071,46.63851478166829,1206700
2006-08-25,46.65450668334961,46.73453745931718,46.526449300318696,46.547792197490516,569000
2006-08-28,46.6971435546875,46.6971435546875,46.54774748871999,46.63845573226097,582300
2006-08-29,46.76119613647461,46.76119613647461,46.409048667852886,46.553108070757325,1345600
2006-08-30,46.8838996887207,46.8838996887207,46.77185262256169,46.862556808870686,1180500
2006-08-31,46.99597930908203,47.06000392224396,46.81456674006112,46.81456674006112,1272400
2006-09-01,47.01202392578125,47.087019988857115,46.85667377027298,46.93702786270538,893400
2006-09-05,46.7174186706543,46.947765012774404,46.69063668346612,46.878126941707805,2271300
2006-09-06,46.653114318847656,46.653114318847656,46.45491216905546,46.54597824258049,1853400
2006-09-07,46.74422073364258,46.77636076405431,46.46566018013259,46.56744239241307,1716100
2006-09-08,46.78175735473633,46.92639169777644,46.781757354736335,46.86746553546747,540300
2006-09-11,46.73884963989258,46.86741381259881,46.57814135877375,46.86741381259881,557600
2006-09-12,46.97456741333008,46.98527939453217,46.60494071362896,46.68529487708345,820800
2006-09-13,46.9959716796875,47.15667583828715,46.95847363398287,47.15667583828715,797000
2006-09-14,46.888832092285156,47.07096837875927,46.8299060072771,46.95311620874317,672800
2006-09-15,46.851322174072266,47.1138084308798,46.84596414398002,47.012030381003925,1047200
2006-09-18,46.776344299316406,46.80848431841522,46.588854042938245,46.588854042938245,871400
2006-09-19,47.30129623413086,47.30129623413087,47.05487592733238,47.06559198605175,1229600
2006-09-20,47.37095642089844,47.39774249324444,47.21560619264946,47.34417034855244,827400
2006-09-21,47.80486297607422,47.826291016543486,47.32810031483029,47.32810031483029,1698600
2006-09-22,48.040565490722656,48.05127746705581,47.84771722088053,47.84771722088053,1428600
2006-09-25,48.37807846069336,48.37807846069336,48.110233926486025,48.12630394462115,2607600
2006-09-26,48.17449951171875,48.265565637361554,48.11557340995418,48.21199756857059,2200000
2006-09-27,48.035213470458984,48.36198396375309,48.01378542813038,48.34591395375193,1165400
2006-09-28,47.95485305786133,47.9923511052839,47.82093087606918,47.90664303416686,1796800
2006-09-29,47.89593505859375,48.06735530212704,47.72451072807948,48.04592726081275,1398000
2006-10-02,48.02719497680664,48.10786447138226,47.84971388228103,47.91962881198977,1211900
2006-10-03,47.96261215209961,48.10244598901445,47.94647826769135,48.080932775394785,854900
2006-10-04,48.312232971191406,48.32298753490925,48.04332374272421,48.04332374272421,1155500
2006-10-05,47.97339630126953,48.15625667822716,47.83894171062334,48.15625667822716,1241600
2006-10-06,47.47322082519531,47.91961101109627,47.44633237140168,47.9142316790463,2472400
2006-10-09,47.60228729248047,47.650688958146986,47.333378207950034,47.38177987361655,834900
2006-10-10,47.22578430175781,47.38713129875242,47.12897692420596,47.30107847282874,1398700
2006-10-11,47.08597183227539,47.34412219799445,47.01605285983916,47.30109576929925,1521600
2006-10-12,47.11288833618164,47.20431647419972,47.048352757923475,47.12902223074618,586400
2006-10-13,46.876220703125,46.98378266608792,46.84932816077133,46.94613556872831,1414100
2006-10-16,47.08597183227539,47.09134705844273,46.98916441932422,47.0052983042784,897600
2006-10-17,47.1236457824707,47.35490783944716,47.06448543511195,47.26347560056555,730800
2006-10-18,47.2204475402832,47.263469885063685,47.085992967677875,47.161287200078625,499600
2006-10-19,47.134361267089844,47.198900893400115,46.98377290892422,47.107468730320974,797300
2006-10-20,47.08597183227539,47.166641257046294,47.08597183227538,47.11823960218375,280700
2006-10-23,46.897727966308594,46.90310729521266,46.725626370409735,46.870839528239664,1200600
2006-10-24,46.897727966308594,46.92462050760324,46.870839528239664,46.88159408282209,243400
2006-10-25,47.268829345703125,47.31185577562381,46.91387155692297,46.93538066865711,558400
2006-10-26,47.575401306152344,47.60766908771495,47.4086789637754,47.4086789637754,1558300
2006-10-27,47.79592514038086,47.89273262148289,47.70449288923024,47.87659462194175,1601500
2006-10-30,47.930355072021484,47.930355072021484,47.77976254310086,47.806655091929116,901200
2006-10-31,48.30145263671875,48.33372451985384,47.941115416991224,48.000275748973635,964600
2006-11-01,48.56873321533203,48.6551180003204,48.293386861998165,48.37977164698654,1440100
2006-11-02,48.36895751953125,48.466138315049015,48.30957314581957,48.39055370954098,853300
2006-11-03,47.79663848876953,47.96400369203182,47.672465634429486,47.872223039858895,1534100
2006-11-06,47.93704605102539,47.93704605102539,47.69949208009659,47.69949208009659,528000
2006-11-07,48.15838623046875,48.32575562606695,48.11519798168458,48.201578598303826,525900
2006-11-08,48.33115005493164,48.33115005493164,48.09899623397049,48.179980891338474,706300
2006-11-09,48.304176330566406,48.368960785918475,48.25558387000001,48.304176330566406,729600
2006-11-10,48.514705657958984,48.61188640316966,48.401328808388186,48.401328808388186,738100
2006-11-13,48.5038948059082,48.5038948059082,48.30413740414623,48.5038948059082,462400
2006-11-14,48.69287109375,48.80084786896105,48.65507881052113,48.77385161563331,916400
2006-11-15,48.50932312011719,48.617304053304146,48.44993463662722,48.617304053304146,1803200
2006-11-16,48.287967681884766,48.617302307941856,48.20158293843641,48.59030604585143,1494400
2006-11-17,48.563323974609375,48.70909724201253,48.325774098813746,48.352766249740355,1752000
2006-11-20,48.63890075683594,48.655100987646655,48.51472782064986,48.590312421559254,857200
2006-11-21,48.757667541503906,48.800859909865395,48.56870607873609,48.66588684802396,605100
2006-11-22,48.838653564453125,48.86564982519469,48.73607271649651,48.78466516202109,770300
2006-11-24,48.92502212524414,49.07619124968624,48.92502212524415,48.99520661329234,533400
2006-11-27,49.10319519042969,49.10319519042969,48.65508778351865,48.71447625655217,784500
2006-11-28,49.205753326416016,49.26514177204869,49.00059586271602,49.259741699068776,1466300
2006-11-29,49.092384338378906,49.32453808495827,49.081588309745904,49.29214588000981,1206400
2006-11-30,49.41632080078125,49.47030918429114,49.205763221757934,49.27594770841583,1428600
2006-12-01,49.542049407958984,49.747980506806435,49.39573364227652,49.46618136138312,1156000
2006-12-04,49.62873840332031,49.650415570091525,49.43364803687619,49.477002370418624,460700
2006-12-05,49.3957633972168,49.596270154877466,49.31447497420528,49.50956553563254,1833700
2006-12-06,49.298187255859375,49.41198932303508,49.254832906126246,49.33070095091005,936100
2006-12-07,49.26026916503906,49.36323061083171,49.17898076662404,49.30903972338826,739200
2006-12-08,48.902584075927734,49.298185265901694,48.87549070931194,49.23315374392705,2090300
2006-12-11,49.113948822021484,49.173560038074946,49.04892141141747,49.113948822021484,727700
2006-12-12,49.21688461303711,49.29817296159215,49.0163739045343,49.16811408460238,802800
2006-12-13,48.777957916259766,48.96220774036499,48.67499234720141,48.94053056085274,1217900
2006-12-14,48.59911346435547,48.71833585787536,48.5557591149849,48.67498150850479,687600
2006-12-15,48.62619400024414,49.13017676596271,48.55574217347363,49.086822431718836,1162100
2006-12-18,48.64247512817383,48.68582534956472,48.550346088283206,48.62079795022892,441400
2006-12-19,48.577449798583984,48.66957471574173,48.507002062139726,48.507002062139726,930700
2006-12-20,48.57203674316406,48.599134256738495,48.52868650974509,48.58287740239387,336800
2006-12-21,48.81589889526367,48.87551011378263,48.55577683859005,48.61538805710901,770700
2006-12-22,48.44194030761719,48.69122152860088,48.3443951224934,48.68038501225241,1433200
2006-12-26,48.58831024169922,48.60456710022938,48.425733387395276,48.47450396298577,496200
2006-12-27,48.23104476928711,48.573612917576106,48.2310447692871,48.54642352060984,840700
2006-12-28,48.122257232666016,48.372383721590126,47.883004004775024,48.33975978997453,1080200
2006-12-29,48.08418273925781,48.149434734914834,47.964556154810886,48.04068140881981,775500
2007-01-03,48.426795959472656,48.64429868581701,48.20929738164776,48.51379870941818,1870400
2007-01-04,48.72043228149414,48.74762168259372,48.513806938105866,48.513806938105866,1697000
2007-01-05,48.50834655761719,48.61166125741671,48.25821994361894,48.285409332571966,1298400
2007-01-08,48.595375061035156,48.595375061035156,48.421373665583765,48.45943634119749,414200
2007-01-09,48.595375061035156,48.655188429645364,48.51381099942846,48.655188429645364,481500
2007-01-10,48.37784194946289,48.46484051838522,48.32890188377328,48.43221657360409,519600
2007-01-11,48.095096588134766,48.28541403229331,47.99178602679811,48.279975324269685,1293500
2007-01-12,47.87215042114258,48.30715156604655,47.79602511707144,47.93196375270104,846300
2007-01-16,47.97545623779297,47.98089079528002,47.86670286029449,47.97545623779297,702800
2007-01-17,47.82866668701172,47.99722932978221,47.752541354888315,47.96460537273487,724200
2007-01-18,47.97545623779297,48.002641470779714,47.73076424980927,47.817766951808046,918300
2007-01-19,47.84496307373047,47.93196579553002,47.77971518089891,47.93196579553002,882500
2007-01-22,47.9591178894043,48.02980858914051,47.915620707084216,47.93193266901866,432000
2007-01-23,47.6437873840332,47.877602066442165,47.616597990152535,47.86128594100233,1096800
2007-01-24,47.63833999633789,47.68727591818461,47.57852665951304,47.66552938526493,463700
2007-01-25,47.2957763671875,47.56221495641292,47.241397589023755,47.551337541372845,1397000
2007-01-26,47.257728576660156,47.35016589098568,47.116351176296654,47.18703780221859,1576800
2007-01-29,47.15439224243164,47.36101746483119,47.089140207112855,47.3392667863916,1015300
2007-01-30,47.20877456665039,47.25771463825376,47.17615061792708,47.246837223000384,1295100
2007-01-31,47.60573196411133,47.63835592291607,47.14353708893924,47.14353708893924,2078000
2007-02-01,47.54840087890625,47.91420298741769,47.49926570688196,47.85414611133714,986200
2007-02-02,47.60844421386719,47.712179545848414,47.54293066980194,47.54293066980194,814700
2007-02-05,47.67394256591797,47.75037777989746,47.58658982083002,47.71762102116533,395500
2007-02-06,47.93606185913086,47.9524402565123,47.58664216362232,47.60847724985668,770500
2007-02-07,48.077972412109375,48.110733346161915,47.957858706535426,47.990619640587965,836200
2007-02-08,48.1161994934082,48.21447398407689,47.996089929621,48.03976424126687,980200
2007-02-09,47.84321212768555,48.00154347258646,47.799537818898976,47.98516508611543,878300
2007-02-12,47.73404312133789,47.85415690057996,47.679447084976196,47.76679991007279,467600
2007-02-13,47.63028335571289,47.766775459455516,47.60844411926505,47.766775459455516,1310600
2007-02-14,48.08344650268555,48.14896422342412,47.783162156061834,47.783162156061834,2262500
2007-02-15,48.22542190551758,48.36191409646578,48.225421905517585,48.334613992111706,893800
2007-02-16,48.3946533203125,48.43833180525768,48.30730051583172,48.367353225869365,1476700
2007-02-20,48.50383758544922,48.50929843654364,48.318210302328076,48.318210302328076,847400
2007-02-21,48.421939849853516,48.42739653488584,48.30728698304841,48.33458290443529,379800
2007-02-22,48.159854888916016,48.29088609187206,48.09433720473457,48.26905102921842,485200
2007-02-23,48.50383758544922,48.55843776557559,48.31274945123366,48.33458869020242,735700
2007-02-26,48.82595443725586,48.831415287599114,48.65124471494672,48.673083950911405,763400
2007-02-27,49.4428825378418,49.8250628055218,48.91875352669307,48.99518874714765,3243200
2007-02-28,49.219051361083984,49.39376107986932,49.07709841288081,49.2245122113171,1701900
2007-03-01,49.187774658203125,49.56045100113901,49.132970174512515,49.47824218494605,2423900
2007-03-02,49.434444427490234,49.58790298312343,49.14397662163406,49.30291270397987,1619800
2007-03-05,49.51664733886719,49.598856224120965,49.357711275727915,49.587896990702006,1505200
2007-03-06,49.36869430541992,49.52214872216076,49.31936728214222,49.357730886327424,837400
2007-03-07,49.56050491333008,49.59886851177705,49.31388237778792,49.36868692109522,915400
2007-03-08,49.51664733886719,49.55501092780994,49.38511563125171,49.48376545729272,574700
2007-03-09,48.995994567871094,49.27002137845056,48.880903809185796,48.98503115391023,1534700
2007-03-12,49.187774658203125,49.31382873387421,49.14941110148829,49.17681543399063,594400
2007-03-13,49.483734130859375,49.511134287719486,49.31383894185589,49.45085227010127,553800
2007-03-14,49.25906753540039,49.62078500267836,49.23714488453644,49.40704438340251,1698100
2007-03-15,49.253631591796875,49.302954461893755,49.144018244934415,49.19334529635293,394900
2007-03-16,49.242637634277344,49.281001236562005,49.13302853669802,49.14398777392834,623800
2007-03-19,49.138492584228516,49.160411050811035,49.061761225919525,49.0946472884284,693900
2007-03-20,49.165924072265625,49.29745586212205,49.15496483199435,49.27553738157949,768400
2007-03-21,49.187774658203125,49.37411073901403,48.60683960471728,48.98499346910236,1513400
2007-03-22,48.7986946105957,49.03983954035003,48.683603852663126,49.03983954035003,1484300
2007-03-23,48.66169738769531,48.88639727133544,48.6562156789279,48.880919743886686,1679700
2007-03-26,48.72197341918945,48.924750606539575,48.50275110898697,48.56851905644305,763600
2007-03-27,48.6397590637207,48.67264094309436,48.53562753728106,48.57947283065747,619800
2007-03-28,48.541114807128906,48.83706429935973,48.45342839164448,48.72745523467474,816900
2007-03-29,48.4753532409668,48.595925736783485,48.40410775767437,48.524680253491056,823000
2007-03-30,48.3821907043457,48.73294481568239,48.349308813070024,48.584972123623,2015100
2007-04-02,48.46251678466797,48.52852853519197,48.413011119388486,48.46801881308281,579600
2007-04-03,48.401973724365234,48.50098918354259,48.39647589655519,48.418475601425605,617000
2007-04-04,48.451473236083984,48.594492271365716,48.352457797988976,48.50097885672438,576900
2007-04-05,48.269954681396484,48.47348762509457,48.24795077963331,48.462483575805415,436400
2007-04-09,47.950923919677734,48.02793550878919,47.92892000895776,48.011433624953426,1283900
2007-04-10,48.09393310546875,48.15994481822688,48.02792139271062,48.07192920121604,674400
2007-04-11,48.060943603515625,48.17646098749585,48.011433755057325,48.11595128205618,476200
2007-04-12,48.07194137573242,48.1709568715381,48.01143167291691,48.13245107854793,495100
2007-04-13,47.923377990722656,48.11590678597846,47.862868341240414,48.082903048738316,557800
2007-04-16,48.187469482421875,48.23147731186978,48.07745410561973,48.07745410561973,833600
2007-04-17,48.45700454711914,48.49551454109153,48.31948324344792,48.34698918290902,1254200
2007-04-18,48.69904327392578,48.7155451588381,48.6055297948779,48.61103182212105,450800
2007-04-19,48.616493225097656,48.79802221675102,48.5174777929971,48.77052049477607,1305900
2007-04-20,48.48997497558594,48.65499789414953,48.44046516224714,48.65499789414953,664500
2007-04-23,48.66604995727539,48.732057511102674,48.42951309681888,48.4845207906143,419000
2007-04-24,48.84756851196289,48.85856836960508,48.655035330279105,48.655035330279105,881300
2007-04-25,48.67702865600586,48.842055862468065,48.46799783172778,48.72103647063795,569000
2007-04-26,48.324951171875,48.644001378501606,48.32495117187499,48.644001378501606,2048400
2007-04-27,48.31394958496094,48.43496891393837,48.28644366589734,48.41296501805029,428700
2007-04-30,48.82003402709961,48.82003402709961,48.544991581876516,48.58899938034773,485700
2007-05-01,48.85538864135742,48.938204586893924,48.6455918965664,48.90507989355691,487200
2007-05-02,48.827762603759766,48.84984712607302,48.74494669813301,48.82776260375976,443900
2007-05-03,48.717384338378906,48.78916015428068,48.59040348473015,48.78916015428068,427000
2007-05-04,48.916133880615234,48.938218419813666,48.86092463871673,48.871964802218365,262000
2007-05-07,49.048614501953125,49.05413668727942,48.95475841237245,48.97132075615807,210200
2007-05-08,48.93822479248047,49.1425036475205,48.93822479248047,49.1425036475205,488400
2007-05-09,48.74496841430664,48.94924717756777,48.72840606824106,48.943724991481304,634900
2007-05-10,48.86088943481445,48.91057645306544,48.755989002250665,48.80568023269377,519500
2007-05-11,48.689762115478516,48.97133043989874,48.656633209163026,48.93820574577732,1238400
2007-05-14,48.56277084350586,48.739442876378625,48.56277084350586,48.71184037223216,315200
2007-05-15,48.54620361328125,48.700791099964285,48.397138311749195,48.6897509418554,382400
2007-05-16,48.51308059692383,48.58485215758524,48.49099606775265,48.50755841158272,599500
2007-05-17,48.31434631347656,48.430286985914556,48.259137071200634,48.364033367866334,397000
2007-05-18,47.99411392211914,48.30881115199293,47.96650720229752,48.22599520472213,856500
2007-05-21,48.13767623901367,48.165278755216995,47.93891958869018,47.99412883329219,821100
2007-05-22,47.88915252685547,48.14311801983511,47.85602787495903,48.13207787326586,920200
2007-05-23,47.751155853271484,47.94439012427341,47.651777626443184,47.94439012427341,914500
2007-05-24,47.79533767700195,47.80637783307374,47.45855605221614,47.73460628812632,1598200
2007-05-25,47.684913635253906,47.81741655342648,47.66282911352651,47.7014759735015,754900
2007-05-29,47.67942810058594,47.795368769628766,47.38681533411666,47.76224406767226,1055700
2007-05-30,47.77876663208008,47.916791724888654,47.69595073395662,47.916791724888654,612000
2007-05-31,47.69046401977539,47.80088670346211,47.502751775799986,47.789842328996095,1725900
2007-06-01,47.43990707397461,48.13274369483816,47.41219614638355,47.61173343149139,1694300
2007-06-04,47.656063079833984,47.678230124406,47.484236768865905,47.57292186210594,877700
2007-06-05,47.3568000793457,47.63393490335172,47.323541024920544,47.606219729454395,1145400
2007-06-06,47.33460998535156,47.41220736695334,47.25701260374978,47.31243870078817,1129200
2007-06-07,46.486595153808594,46.95217961084255,46.40899774430294,46.90783702577027,5010400
2007-06-08,46.44780731201172,46.62517346504059,46.20392726581853,46.34249470502054,5307600
2007-06-11,46.31476974487305,46.49767974089078,46.14849139019108,46.27597103923974,2043800
2007-06-12,45.64406967163086,46.23713757113456,45.56092844242708,45.954463312075724,9043900
2007-06-13,46.18728256225586,46.42561863762612,45.81037909954804,45.838090039770904,8751200
2007-06-14,46.07091522216797,46.397932430615626,46.032116498644626,46.081998759427336,3384700
2007-06-15,46.386802673339844,46.40897395451072,46.11520765055121,46.23714758262129,5827200
2007-06-18,46.292579650878906,46.36463738117696,45.58311547672598,46.35354962478955,17704600
2007-06-19,46.72491455078125,46.808051582129494,46.40343726710087,46.45886336424641,4620100
2007-06-20,46.34799575805664,46.60295910313642,46.33136412857729,46.569700072916454,3031700
2007-06-21,46.12627410888672,46.392320902623766,46.12073023396875,46.30364004762394,850400
2007-06-22,46.42558670043945,46.43112634742854,45.97662579877193,46.032056098568084,2118900
2007-06-25,46.68058776855469,46.752641296337785,46.53647648424691,46.64178906455739,1323500
2007-06-26,46.691673278808594,46.73601586489641,46.5420223366894,46.71938845229892,2187800
2007-06-27,46.73597717285156,46.96876921397478,46.66946334878567,46.89671574279043,6109300
2007-06-28,46.72491455078125,46.88010931428484,46.6584006969625,46.735998078714296,3612500
2007-06-29,47.20710372924805,47.27916142703107,46.91334174863825,47.02973776574375,1962200
2007-07-02,47.45528793334961,47.49980088782426,47.188214451490715,47.188214451490715,2811700
2007-07-03,47.16595458984375,47.483101938987865,47.13257199887764,47.43302805253869,1387500
2007-07-05,46.63736343383789,46.97120198071468,46.581724383522996,46.90999775187207,4586800
2007-07-06,46.44819259643555,46.48714035848804,46.33691024415151,46.481575179626915,1437800
2007-07-09,46.6151008605957,46.69856154763281,46.559461817566586,46.66517897081272,795400
2007-07-10,47.405235290527344,47.405235290527344,46.97680954704224,47.00463121979727,2258000
2007-07-11,46.91556930541992,47.34399472054644,46.91556930541992,47.266099190523434,1191300
2007-07-12,46.75420379638672,47.06022492150966,46.6651821704337,47.043533631955164,1941200
2007-07-13,46.88218307495117,47.04353930173686,46.70413555659932,46.98789600319941,725900
2007-07-16,47.332881927490234,47.35513840590142,47.02686065557297,47.02686065557297,952000
2007-07-17,47.23269271850586,47.343970777981426,47.0156975310384,47.21600143408311,734200
2007-07-18,47.41078186035156,47.594394640468366,47.188221300663585,47.25499074206686,1836800
2007-07-19,47.39965057373047,47.43859834905443,47.18265521906994,47.23829429167716,1021000
2007-07-20,47.82805633544922,47.89482574197624,47.4719613239465,47.50534390471633,1459900
2007-07-23,47.750179290771484,47.83364001997303,47.67784892279095,47.67784892279095,777900
2007-07-24,47.92818832397461,47.939318676245165,47.69450186612035,47.855858014158464,1351600
2007-07-25,48.022823333740234,48.06733629756586,47.8503409051533,47.889288687253256,881100
2007-07-26,48.42341613769531,48.66266793602828,48.21198599416397,48.26205987882065,2866400
2007-07-27,48.562538146972656,48.71832929718903,48.323286239143094,48.434568664290836,5367800
2007-07-30,48.42341613769531,48.60702887141356,48.356650958153054,48.51244203706968,1803900
2007-07-31,48.773929595947266,48.824003459337575,48.378882641485674,48.47903461325301,2467600
2007-08-01,48.66840362548828,48.89742031714994,48.64606022179676,48.74102075287783,2154700
2007-08-02,48.791259765625,48.847116109211015,48.59017351946267,48.71306003229141,2079400
2007-08-03,49.11521530151367,49.11521530151367,48.75214280317347,48.75214280317347,1577600
2007-08-06,48.75773620605469,48.997922266638795,48.69070605139228,48.9867484434126,1298400
2007-08-07,48.718605041503906,48.99230387275894,48.551031893312235,48.83590454061321,1890800
2007-08-08,48.126548767089844,48.534303798286835,47.95897552095444,48.534303798286835,6453000
2007-08-09,48.19356918334961,48.51754181625269,47.88077037175446,48.45609858375161,2637500
2007-08-10,48.0818977355957,48.4282097847019,48.02604136589159,48.310910129852914,1496400
2007-08-13,48.22153091430664,48.26063079124819,47.98134473836083,47.99251430538686,1312600
2007-08-14,48.3499870300293,48.47287354190086,48.0427750119162,48.04835766313523,1314700
2007-08-15,48.176841735839844,48.45612777488819,48.176841735839844,48.40027141939187,1101700
2007-08-16,48.67396545410156,48.93090807176699,48.46170962078654,48.52315288387679,2410200
2007-08-17,48.478485107421875,48.545515310229334,48.06514284402922,48.26064227525764,2114400
2007-08-20,48.5063591003418,48.746545075649266,48.500776452275716,48.57338923120554,1048700
2007-08-21,48.74098587036133,48.8247725088487,48.62368628110517,48.65161231955733,1517200
2007-08-22,48.662784576416016,48.768910337619864,48.489624392703355,48.62368471459031,1137800
2007-08-23,48.830345153808594,48.97557501332341,48.612502495318665,48.64601543922032,1618800
2007-08-24,49.07054901123047,49.19902244543869,48.908562620953205,49.025862228760985,1614600
2007-08-27,49.327484130859375,49.42244459458489,49.238114841051555,49.310727655368254,1585400
2007-08-28,49.41127395629883,49.56767341972247,49.31073083530281,49.39451747972712,1298900
2007-08-29,49.2772216796875,49.58443371749745,49.24370872396141,49.42803424202095,2686700
2007-08-30,49.606781005859375,49.69056766332337,49.41686855973633,49.495068303618346,1806800
2007-08-31,49.645896911621094,49.82463984987409,49.45598440416321,49.48391045795936,2763200
2007-09-04,49.6694450378418,49.98913303800153,49.46753637679406,49.82087867312513,931000
2007-09-05,50.06763458251953,50.11250410860671,49.759166218405596,49.78160098144918,1271500
2007-09-06,49.93861389160156,50.190997355433566,49.88813463144039,50.09004311410251,1768400
2007-09-07,50.64527130126953,50.75744072940727,50.30314898276322,50.33679895540666,2852200
2007-09-10,51.037899017333984,51.18932826353006,50.757471000755224,50.757471000755224,2495200
2007-09-11,50.99867248535156,51.18936160691881,50.86967363094246,50.97062795382945,3925400
2007-09-12,50.80796432495117,51.004267430589984,50.71261979186537,50.98183266768859,4458300
2007-09-13,50.35369873046875,50.66217153449643,50.241529135729095,50.645346523185054,2020600
2007-09-14,50.42655944824219,50.807937378316765,50.26391071271503,50.802331899809474,1357200
2007-09-17,50.66775894165039,50.69580346982743,50.34246552136556,50.37611553198263,1285400
2007-09-18,50.2863883972168,50.611681867008855,49.91622110811547,50.36490795326952,3132800
2007-09-19,49.820858001708984,49.921812290345414,49.562864659414394,49.75355371628694,3854700
2007-09-20,48.87863540649414,49.51801135089623,48.85059087530321,49.45631680547193,5903200
2007-09-21,49.293670654296875,49.42827499764135,49.11980653251881,49.11980653251881,2217600
2007-09-24,49.43388748168945,49.51240704287973,49.30489289358908,49.37219292946922,1943600
2007-09-25,49.25998306274414,49.703059812227586,49.25998306274413,49.635755552397505,2513500
2007-09-26,49.304874420166016,49.42825919938184,49.035661540527954,49.14222559607125,2646400
2007-09-27,49.646968841552734,49.79279259263375,49.439454870120905,49.48992985376925,1802900
2007-09-28,49.75919723510742,50.101320096541016,49.47876894075176,50.00597550341918,1254700
2007-10-01,50.04352951049805,50.09983754995764,49.79016051573105,49.936553686065466,1399400
2007-10-02,50.20121383666992,50.31945305282191,49.93094970282059,49.970362774871255,887800
2007-10-03,50.0548095703125,50.353223378128696,49.959092744352915,50.296919615546685,1164600
2007-10-04,50.24622344970703,50.29126816032767,50.06042153587198,50.11672527629776,1128700
2007-10-05,49.70569610595703,49.79578552048605,49.38476008417194,49.7225867972563,2184700
2007-10-08,49.666290283203125,49.82957414900594,49.418548652922944,49.418548652922944,280100
2007-10-09,49.60430908203125,49.75070211893185,49.42413468880604,49.63809473405224,901000
2007-10-10,49.63249206542969,49.790144214621115,49.42979521769817,49.53677530280616,855500
2007-10-11,49.5817985534668,49.5986892356515,49.238340363386584,49.27775338705001,1533400
2007-10-12,49.3397216796875,49.64939871206525,49.255268212402896,49.277786273211944,1133900
2007-10-15,49.35091781616211,49.39033081246886,49.21015650139593,49.25520115308777,553300
2007-10-16,49.36784744262695,49.536762871914746,49.28902138781207,49.35095675883774,855500
2007-10-17,49.908409118652344,50.082952046073515,49.418557434201205,49.418557434201205,2377000
2007-10-18,50.18427276611328,50.30251187371525,50.122337381793386,50.17301373973636,1374100
2007-10-19,50.93307113647461,51.01189712524528,50.45448354874009,50.46574256326696,2561800
2007-10-22,50.93877029418945,51.040118742012126,50.713551043950204,51.00070569539775,1866500
2007-10-23,50.871219635009766,50.96693645112508,50.73045809518091,50.820547542608,1046600
2007-10-24,51.2484245300293,51.45675301314793,50.98942398911601,51.07388171447213,2829300
2007-10-25,51.073890686035156,51.33852293397664,51.0682590245026,51.27095588268335,3062200
2007-10-26,50.95564270019531,51.2371655880417,50.86555331414926,50.88244829580667,1366500
2007-10-29,51.152687072753906,51.23151310565805,50.94436296966291,50.955621990493526,881000
2007-10-30,51.124568939208984,51.242808061570834,50.91060875005007,51.085155898421704,1439600
2007-10-31,50.66282653808594,51.0682156141488,50.5333242071149,50.955608253413914,2498500
2007-11-01,51.32114791870117,51.46818492247706,50.87438479096907,50.87438479096907,2563400
2007-11-02,51.48512649536133,51.76788751237368,51.01574217161904,51.15146625169957,1927700
2007-11-05,51.46249008178711,51.683043265541905,51.34938743381677,51.552975651834956,1021500
2007-11-06,51.213661193847656,51.547321353942266,51.168422721544864,51.23628258729387,575800
2007-11-07,51.30415344238281,51.32677483877211,51.07794379308009,51.202359315926095,1456100
2007-11-08,51.213661193847656,51.42856227429187,51.140144901089684,51.264560407749045,2179600
2007-11-09,51.649112701416016,51.796145279058564,51.42290309365673,51.485110843655264,887200
2007-11-12,51.83575439453125,52.02237339633636,51.66043962098151,52.02237339633636,460600
2007-11-13,51.64345169067383,51.739589363196494,51.558622555970125,51.70000300894663,1116600
2007-11-14,51.70003128051758,51.75093051500908,51.41727021993992,51.434235193239964,684400
2007-11-15,52.186370849609375,52.34471632346197,51.73960794004494,51.807472135092006,1312900
2007-11-16,52.25989532470703,52.4238929242914,52.14678832462536,52.18071826735442,1333800
2007-11-19,52.5992317199707,52.8310936255048,52.2599191939297,52.33343554161751,1343900
2007-11-20,52.54261016845703,52.7575068078333,52.480402451739955,52.64439990717177,1367800
2007-11-21,52.847999572753906,52.921520152911185,52.729240537024495,52.819726077344825,1297800
2007-11-23,53.00636291503906,53.04594927047388,52.76884046784099,52.84236106692647,437400
2007-11-26,54.05260467529297,54.4937112337451,53.22694290685336,53.28349425531801,4427000
2007-11-27,53.53797912597656,53.86598299757926,53.15342390417134,53.70198106177791,3100300
2007-11-28,53.17603302001953,53.549279611376384,53.06858245924883,53.475758989968874,2088100
2007-11-29,53.634117126464844,53.96212099974129,53.53232728433576,53.62280858220322,1594500
2007-11-30,53.373939514160156,53.37959593956505,53.01200595083874,53.09117864815353,1952100
2007-12-03,53.79753112792969,53.99625465095087,53.5306719690807,53.80321018054398,1272700
2007-12-04,53.79185485839844,53.97354556482497,53.456864378237825,53.88270237753577,1721200
2007-12-05,53.150299072265625,53.63859401238405,53.121908118968705,53.496647909601975,1866000
2007-12-06,52.6846923828125,52.99697106966739,52.54274634373773,52.98561729255511,2270200
2007-12-07,52.094173431396484,52.43484290899253,51.88409182648599,52.33832068451235,2171000
2007-12-10,51.78190231323242,52.06011960960326,51.52640122995548,52.0317286750843,2242500
2007-12-11,52.798274993896484,52.934546381349215,51.997701168906794,52.08286970310185,2892400
2007-12-12,52.25316619873047,52.60519387438559,51.82164910145137,51.92385040523198,2225400
2007-12-13,51.68536376953125,52.13391353603504,51.611553427643436,52.014679445979155,1222100
2007-12-14,51.44693374633789,51.622945486223884,51.38447712924603,51.54913508959272,1354900
2007-12-17,51.90682601928711,51.9749616768394,51.62861299835153,51.70810243290455,2046200
2007-12-18,52.24181365966797,52.40647156031318,51.980633506459654,52.00334105730499,1417100
2007-12-19,52.93448257446289,53.121847925621104,52.1679710225071,52.4632210075773,2252400
2007-12-20,52.82096862792969,53.297909655399415,52.81528957245323,52.9515609127875,1659400
2007-12-21,52.04875183105469,52.758481743658294,52.04307711068414,52.74712797106959,1767600
2007-12-24,51.804595947265625,51.935188135466355,51.713752786129945,51.79324217656625,550300
2007-12-26,51.35039520263672,52.02605533351165,51.25954766768106,51.67970668722876,674700
2007-12-27,51.91020584106445,51.96721591747609,51.59667216709143,51.80759379248498,468600
2007-12-28,52.71968078613281,52.77668648945677,52.161014455342674,52.24652518495681,1967800
2007-12-31,53.03887939453125,53.17569385740916,52.7880492548773,52.89066118934907,1647600
2008-01-02,53.80280685424805,54.002333357037564,53.13012905858274,53.15863408734032,2959600
2008-01-03,53.72869110107422,53.802798074791795,53.39805195816923,53.586174679055446,1256700
2008-01-04,53.74010467529297,54.03654134686153,53.70020024057303,53.87122173180545,2420200
2008-01-07,53.97382736206055,54.03083306929845,53.60328374112917,53.68879447661436,1315500
2008-01-08,53.91114044189453,53.99094933246736,53.54629855663066,53.83703342900787,1604800
2008-01-09,54.01374053955078,54.32727850402157,53.93963354306558,54.03654369599023,2203500
2008-01-10,53.28406524658203,54.12776042023083,53.19285260658862,54.08215844949218,2681800
2008-01-11,53.7001838684082,53.74579016539999,53.244133946258025,53.31253904248983,1872900
2008-01-14,53.89970016479492,53.89970016479492,53.58616236868041,53.70017374040112,906100
2008-01-15,54.50397872924805,54.51537812890697,54.19614274738643,54.247450918991305,1435300
2008-01-16,54.11067199707031,54.66363679798407,54.00236239791069,54.5439234414861,3505100
2008-01-17,54.81181716918945,54.89162601814868,54.1163363288967,54.13343760377995,2940500
2008-01-18,54.43561935424805,54.595237191827266,54.281703396370915,54.46982628320065,2676800
2008-01-22,55.017005920410156,55.079713454313406,54.327227396727665,54.96000025756719,5423500
2008-01-23,54.891639709472656,55.9576643854009,54.657910629754234,55.85505236125135,7636600
2008-01-24,53.79142761230469,54.5838189970629,53.780023856825046,54.46980753781677,5676700
2008-01-25,54.69780349731445,54.726308522705864,53.660284072208405,53.69449097252934,4371100
2008-01-28,54.49261474609375,54.726343927595536,54.361501982685624,54.54392295514058,1633500
2008-01-29,54.12201690673828,54.33864021877889,53.91679299038218,54.3158370781555,3100200
2008-01-30,53.768577575683594,54.025105309978194,53.35242784863957,53.97950337559009,3468000
2008-01-31,54.1505126953125,54.4013428703327,53.94528879743306,54.32723593191944,11441000
2008-02-01,54.47605895996094,54.573305940409305,54.09278400367354,54.344486178362466,4163700
2008-02-04,53.91543197631836,54.1499733509019,53.84678476230971,53.99551821047556,1729600
2008-02-05,54.327301025390625,54.69341073425222,54.21288901363888,54.57900308687247,2594600
2008-02-06,54.16145706176758,54.25870408857613,53.97840203773784,54.13285294123517,1339800
2008-02-07,52.99443054199219,54.07559895778476,52.656924927199746,54.07559895778476,5419700
2008-02-08,53.6008186340332,53.617983715383374,53.25186950759765,53.34339915063748,2832800
2008-02-11,53.823909759521484,54.172858841067935,53.61797681792045,53.93260010555586,2960200
2008-02-12,53.50358963012695,53.57223688546119,53.177522804945696,53.38346020657334,2897700
2008-02-13,52.93724060058594,53.440640491132356,52.85715435355294,53.160338626516875,3697500
2008-02-14,52.159271240234375,52.68555369114388,51.8618085745299,52.5139421255209,7505000
2008-02-15,52.5596923828125,52.668382741659066,52.31943361897923,52.405241567312125,3687800
2008-02-19,52.027713775634766,52.45674936267203,51.85038046292625,52.13640418761776,2911600
2008-02-20,52.38805389404297,52.38805389404297,51.80456363711531,51.83888941741013,2550100
2008-02-21,52.94300079345703,53.11461243430517,52.65697702766715,52.674137755314334,4197200
2008-02-22,52.639774322509766,53.11457448190839,52.55397074558379,52.90863716853966,1959700
2008-02-25,52.10206604003906,52.70843474546108,51.85608554105903,52.59974436831024,3460900
2008-02-26,52.11919021606445,52.2507585509584,51.90181397855159,52.03338231344553,2618900
2008-02-27,52.16499710083008,52.38237351372807,51.83320860400572,52.302287237166986,2494400
2008-02-28,53.09172058105469,53.10888130565439,52.73705396765934,52.82285759065787,3410900
2008-02-29,53.90401077270508,54.03557918757588,53.49785341104163,53.57222234189144,3822000
2008-03-03,53.76502990722656,54.08656221908063,53.54110499282117,53.78225422671172,2036900
2008-03-04,53.2425651550293,54.04065779376179,53.12772900307599,53.93730744727946,3401100
2008-03-05,52.60524368286133,53.43204215172253,52.53634198522636,53.43204215172253,3871200
2008-03-06,52.88654708862305,53.07602333725792,52.63391209044321,52.72003805623621,1342600
2008-03-07,52.9554557800293,53.5985203983026,52.67411062898556,53.56407175962343,3601300
2008-03-10,53.73634338378906,54.04639441231539,53.17366159096625,53.23107747464494,3579000
2008-03-11,53.27703857421875,53.414837640062274,52.94402014958968,53.397613304401,3309200
2008-03-12,54.30479049682617,54.36220639957534,53.38038000674098,53.47224457502914,4752900
2008-03-13,53.8798713684082,54.65500092981695,53.54685757685444,54.563132035215915,5763500
2008-03-14,54.54589080810547,55.010964896377956,54.32770882187056,54.32770882187056,6174800
2008-03-17,54.965057373046875,55.298071197891545,54.723903690886374,54.88466989195975,3329300
2008-03-18,54.75261688232422,55.21195266585221,54.517206088614685,54.71816823175236,4022300
2008-03-19,55.659793853759766,55.96410190054612,54.61480927281702,54.61480927281702,5206400
2008-03-20,55.79758071899414,56.124855918437234,55.619590250337964,55.6942304254569,3905900
2008-03-24,54.718162536621094,55.39568033750515,54.66074228424345,55.39568033750515,5596200
2008-03-25,54.94783020019531,55.01673187995517,54.70668089186168,54.764096768052944,2038200
2008-03-26,54.718162536621094,55.23490976361806,54.67797098828687,54.99376047361278,1652000
2008-03-27,54.33351135253906,54.75265588210218,54.281838339875094,54.33925425857522,2405700
2008-03-28,54.861698150634766,54.86743667077799,54.40236246729262,54.597577285355705,1745500
2008-03-31,55.05693817138672,55.303830447603545,54.930620581617404,55.18325576115604,2546300
2008-04-01,54.16090774536133,54.69138720657988,54.07441547688059,54.66832230837305,3821800
2008-04-02,54.27620315551758,54.6971296578149,54.19547824809248,54.19547824809248,3794200
2008-04-03,54.39728546142578,54.58756746803495,54.27043518953012,54.489545003724935,2839100
2008-04-04,54.893157958984375,55.10073748632515,54.772070634564955,54.87586039823534,1745200
2008-04-07,54.6048469543457,54.65097671022306,54.14356259309911,54.558721597644,2231800
2008-04-08,54.414588928222656,54.91623590600696,54.351161590934055,54.88164077627762,1305200
2008-04-09,54.979679107666016,55.14689628157032,54.518394447854796,54.52415737168776,2883600
2008-04-10,54.79512023925781,55.06612701324334,54.52988078363952,54.95656996014069,1846500
2008-04-11,55.16412353515625,55.3082756324463,55.04880361699336,55.12376112388195,1987700
2008-04-14,54.841251373291016,55.18144837957785,54.772056748661036,54.97386890486298,3195300
2008-04-15,54.16090774536133,54.535704642658175,54.14361017150108,54.44344504983085,2821600
2008-04-16,53.630367279052734,54.23580367136878,53.295933234245105,54.08588860232357,4691100
2008-04-17,53.53813934326172,53.72842134977637,53.18640753698087,53.61310132113682,2020000
2008-04-18,53.49201583862305,53.55544318155832,52.94423903964854,53.048028837253746,2199700
2008-04-21,53.705352783203125,53.78607767755328,53.221003417102224,53.284430748259744,2805800
2008-04-22,53.88983154296875,54.010918803799775,53.57269949769907,53.57269949769907,1799700
2008-04-23,53.71111297607422,53.987882748780244,53.35361392055469,53.6765134551038,1221100
2008-04-24,53.255584716796875,53.31324471219438,52.93844814334712,53.197924721399374,3213600
2008-04-25,52.94423294067383,53.1921749619922,52.759718254984136,53.12874762636351,1742000
2008-04-28,53.10567855834961,53.24983078266607,52.707821410676374,52.77701166287515,1883900
2008-04-29,53.30751037597656,53.543922222310314,53.13453028275569,53.26714791430718,1269100
2008-04-30,53.688026428222656,53.73991908997158,52.9614983695166,53.290165091449786,2827500
2008-05-01,53.69157028198242,54.19503885525482,53.460090325933756,54.073512871729676,3226500
2008-05-02,53.01449966430664,53.47745961667309,52.97399099960807,53.11287721927268,2730800
2008-05-05,53.01449966430664,53.16496231109273,52.742511023424846,53.15917409753199,1309300
2008-05-06,52.63251876831055,53.286449556639845,52.53992949423381,53.24594092139813,4037500
2008-05-07,52.85817337036133,52.91025838785115,52.44151530597786,52.50517231896152,3876200
2008-05-08,53.33275604248047,53.35590005385094,52.90451677524137,52.91609319603751,2829500
2008-05-09,53.529510498046875,53.74363012947897,53.36168771910456,53.662612845177286,2064300
2008-05-12,53.44849395751953,53.911453658638045,53.44270574710004,53.679973808078785,1947400
2008-05-13,52.86397933959961,53.26906995971928,52.84083092572633,53.14175589097049,2123300
2008-05-14,52.887123107910156,53.24591686876711,52.49939714358437,53.240128662030095,2600900
2008-05-15,53.36745834350586,53.43111539092497,52.713527659129376,52.75982449636317,2164300
2008-05-16,53.14754104614258,53.75517478435136,53.11282063199646,53.17068946060953,1902600
2008-05-19,53.21696853637695,53.39057937940825,52.8350308628581,53.39057937940825,1348200
2008-05-20,53.49481201171875,53.52953245777422,53.182314751881464,53.49481201171875,1466000
2008-05-21,53.506324768066406,53.62785060979311,53.159107446689,53.2690612909165,1762100
2008-05-22,52.875572204589844,53.19964126942224,52.56885893667648,53.19964126942224,2855900
2008-05-23,53.10704803466797,53.413761305177644,53.06653940122102,53.14177287412958,1802000
2008-05-27,52.74826431274414,52.98552793028428,52.64988682291312,52.88136223072484,1985800
2008-05-28,52.27949905395508,52.46468638273446,52.163761388576894,52.395241134442195,3250700
2008-05-29,51.90336608886719,52.140629703559185,51.58508078428121,52.088549061959846,3302400
2008-05-30,52.24477767944336,52.33737134213533,52.117463600796334,52.15797222444686,2514600
2008-06-02,52.44635772705078,52.6438280366883,52.051412676613616,52.260501493384005,3076400
2008-06-03,52.82382583618164,53.090998077546566,52.16171334324322,52.30691352908337,2447700
2008-06-04,52.353389739990234,53.079390822951225,52.21399877278623,53.079390822951225,2813000
2008-06-05,52.03974914550781,52.289493658843966,51.952628142035515,52.167526026446076,2632200
2008-06-06,52.71349334716797,52.90515428529473,52.39405106502434,52.527637227873335,3864800
2008-06-09,52.71349334716797,53.079396335765686,52.382436996200674,52.55086979668009,1812000
2008-06-10,52.37080764770508,52.68444061488869,52.09783055972165,52.649593984476674,1935300
2008-06-11,52.24885940551758,52.69026942294668,52.10365915002276,52.30113380169899,2265400
2008-06-12,51.72612762451172,52.06299321577616,51.58673664684203,52.01652807949983,4413100
2008-06-13,51.615779876708984,52.00491543355929,51.505426282823905,51.673859083063455,1983600
2008-06-16,51.627418518066406,51.795851398473154,51.47060414315613,51.755195491558524,1756800
2008-06-17,51.731956481933594,51.84811493549184,51.45316998976845,51.77842163582128,1712200
2008-06-18,52.16753387451172,52.25465489109047,51.74354729044658,51.859710122937905,2590000
2008-06-19,51.85974884033203,52.12691690778566,51.70873926093223,51.9933306584777,1700500
2008-06-20,52.161678314208984,52.312687646797066,52.091985107749124,52.237185196080546,4580900
2008-06-23,52.27207946777344,52.521824024699164,52.173344381145824,52.31854460188964,1594100
2008-06-24,52.62055587768555,52.7425235238761,52.35338801967403,52.492778982297686,3118400
2008-06-25,52.643760681152344,52.71345834128788,52.16169516865024,52.64956992728609,3251600
2008-06-26,52.99808883666992,53.108442439616034,52.730920920574924,52.85288859328179,4052300
2008-06-27,53.61953353881836,53.68923123505293,53.114235211224944,53.27686316910561,4144800
2008-06-30,53.63113784790039,53.90992415095547,53.480132846938595,53.67179815334159,3743000
2008-07-01,53.50410079956055,54.07533720512113,53.4399817922007,54.02870883834571,3805100
2008-07-02,53.783843994140625,53.84796294809805,53.55068901300039,53.603147549613084,2413700
2008-07-03,53.66728973388672,53.801357908506425,53.35835524771956,53.457446602311265,1405100
2008-07-07,53.9120979309082,54.296811769033795,53.38166440981847,53.66728245963602,3528400
2008-07-08,54.2618408203125,54.29098742834505,53.871301176705124,53.917933970698,2176600
2008-07-09,54.50086975097656,54.582474975580254,54.16278842210341,54.17444885256177,1582000
2008-07-10,54.49501419067383,54.652398798605276,54.1744236565916,54.40175302613779,2723600
2008-07-11,53.719764709472656,54.64073816197709,53.5448939118147,54.51250016998114,5466000
2008-07-14,54.19187545776367,54.360915936311024,53.79550575392935,53.84796429185112,4135400
2008-07-15,54.174354553222656,54.45997234217105,54.03445631414538,54.25012943069859,4541400
2008-07-16,53.195159912109375,53.766396250256776,53.16601329505824,53.67313508056204,3435900
2008-07-17,52.92118453979492,53.39915958919209,52.78711636076296,53.195146662098466,5899900
2008-07-18,52.72300338745117,53.16017590126801,52.63557244240683,52.90370438388997,3475200
2008-07-21,52.92704391479492,52.985332719347085,52.60644881903195,52.72302642813627,3657200
2008-07-22,52.664710998535156,52.90370075767185,52.47818424997783,52.83375155928218,2675200
2008-07-23,52.559783935546875,52.67636592068799,52.31496843747256,52.58893054361916,2871900
2008-07-24,53.07274627685547,53.18932383791462,52.66471591885062,52.66471591885062,2613300
2008-07-25,52.54229736328125,52.950323190405385,52.460692197856424,52.78128709570252,3765300
2008-07-28,53.07274627685547,53.31756182336903,52.868728874278595,53.01445304917699,1275900
2008-07-29,52.85708999633789,53.03778660857974,52.64141654674415,52.84543401532081,1349100
2008-07-30,52.909523010253906,53.212631736008206,52.4781807666862,52.51315313998548,1667500
2008-07-31,53.43408966064453,53.65559304654254,53.20093030834677,53.46323624736103,3898700
2008-08-01,53.552310943603516,53.56400928789684,53.136950539833805,53.21885233982708,1804800
2008-08-04,53.42945861816406,53.61081196751859,53.242253864965186,53.28905170577987,2029900
2008-08-05,53.031673431396484,53.58743655408789,53.01412367474746,53.441182630925354,2191200
2008-08-06,52.81521987915039,52.89127478127651,52.54611317645732,52.89127478127651,3139500
2008-08-07,53.675174713134766,53.762927935028905,52.902954394432044,53.01995571474805,2765600
2008-08-08,53.821414947509766,53.86821724909406,53.55230840836979,53.75706289865965,1035400
2008-08-11,53.306636810302734,53.69274488483844,53.00242612048336,53.69274488483844,3939400
2008-08-12,53.8038330078125,53.838932481343086,53.645876450303895,53.71022846065029,1315000
2008-08-13,53.61669921875,54.02620849537938,53.50554478795787,53.99696038322949,1940300
2008-08-14,53.96184158325195,54.17244757149532,53.862389995280125,53.97354439555166,2605300
2008-08-15,54.4297981262207,54.523398208722554,54.15484035203522,54.21334096151268,1964900
2008-08-18,54.646297454833984,54.72234785950249,54.38303781409437,54.45324127762104,1262200
2008-08-19,54.43569564819336,54.716500596928455,54.3420910230722,54.663851342783445,1944700
2008-08-20,54.58780288696289,54.82181001396395,54.49420271415129,54.62875379943947,2500000
2008-08-21,54.48834228515625,54.774998625021304,54.26018660152493,54.774998625021304,2267000
2008-08-22,54.4532356262207,54.50588487091614,54.195827416651746,54.47078537445252,1990000
2008-08-25,54.9973030090332,55.18450777213429,54.90369839582585,55.06165506478485,2028300
2008-08-26,55.04411315917969,55.108465229319286,54.82180884807948,54.968062741430444,1270900
2008-08-27,55.13768768310547,55.161088828860215,54.66382675568032,54.69307484038962,1555300
2008-08-28,55.143577575683594,55.23133081768776,54.81011882671998,54.938822986550726,1886500
2008-08-29,54.89785385131836,55.0850631011254,54.70480212325465,55.00315682267773,1739100
2008-09-02,55.40866470336914,55.43215095166601,54.510332504303285,54.59253661311424,2916000
2008-09-03,55.64352035522461,55.713979102809766,55.34408075696168,55.34994895960244,2105000
2008-09-04,56.08973693847656,56.10735050134413,55.66699351148333,55.778552049035135,3049800
2008-09-05,56.06037139892578,56.5476963001418,56.019271600521,56.37742442688143,4167800
2008-09-08,56.29528045654297,56.29528045654297,55.520251721130364,55.71988271031432,5426200
2008-09-09,56.85308074951172,56.88243522365171,56.09566543576028,56.26593751214292,3890200
2008-09-10,56.5007209777832,56.75319241512674,56.25999041865825,56.353935362572805,2407900
2008-09-11,56.47139358520508,56.87065086062405,56.36570770407817,56.829551044604926,3592000
2008-09-12,55.74332809448242,56.559456070423046,55.63176955058415,56.48899733540153,4138200
2008-09-15,57.55171203613281,57.63978431646352,56.406785830460365,56.530085231106455,5889900
2008-09-16,57.53999328613281,59.219222019989594,57.48715258533686,59.131149705785695,6684400
2008-09-17,57.82764434814453,58.35020064107738,57.38141942174499,58.08011571840178,4371300
2008-09-18,56.9821891784668,57.827671447543096,56.90585777616281,57.51061391681109,4188300
2008-09-19,55.17378234863281,55.79027929604127,55.0152513624836,55.10919631420786,7169200
2008-09-22,55.1679573059082,55.1679573059082,54.36944244491473,54.56320071549676,4726300
2008-09-23,54.956573486328125,55.25014493067768,54.68061561191238,54.96244616948764,2236000
2008-09-24,55.1972770690918,55.631761338731884,54.95654645296014,55.17379082755146,1014900
2008-09-25,55.08572769165039,55.53782559765561,54.69234315947732,55.53782559765561,1881200
2008-09-26,55.48501205444336,55.65528405755272,55.23254039183921,55.23254039183921,1992800
2008-09-29,57.09965515136719,57.49891255937091,55.87252846590523,55.87839667046811,4799800
2008-09-30,55.708106994628906,57.12312328628885,55.54370772811361,56.97633758696532,1358100
2008-10-01,56.40894317626953,57.06856075921387,55.92011955212177,56.562069569203906,1767800
2008-10-02,56.86239242553711,57.0390724555019,56.57969808700973,56.8741692968918,931900
2008-10-03,57.36305236816406,57.59273979179323,56.23816901727567,57.351270991256605,1903100
2008-10-06,58.40543746948242,58.81180930763339,58.08152173042375,58.15219196782356,2906200
2008-10-07,58.22880554199219,58.699957323009876,57.704646545808465,57.904885041753154,1972000
2008-10-08,57.392478942871094,58.858949874727074,56.93899492535243,58.70582347558892,3386300
2008-10-09,56.90958786010742,57.53975699364461,56.66812345040772,57.34540912500654,1785400
2008-10-10,56.5090446472168,57.07443353706545,56.24991294041824,56.89774894732828,2200000
2008-10-13,55.78464889526367,56.50904584331231,55.51373581366796,56.0143361708182,1532100
2008-10-14,55.42543029785156,56.102715697932766,55.301752797654295,55.50788196464974,2100000
2008-10-15,55.95549392700195,55.9731615038362,55.01907191526719,55.431334845612795,1449500
2008-10-16,55.6668815612793,56.10858874128079,55.46664312978529,55.94368544633801,1063200
2008-10-17,55.28406524658203,55.89067564449876,54.78346024485839,55.76699818899627,1691800
2008-10-20,55.72578811645508,55.91424969617902,54.98371868048271,55.03083519873332,1146800
2008-10-21,56.0202522277832,56.53262969303233,55.79645104224644,56.002580165810905,1243700
2008-10-22,57.156890869140625,57.41602260187977,56.450156932719494,56.60917397805664,1069800
2008-10-23,57.58095169067383,58.24056942882106,57.0214576714327,57.68696160406753,1802000
2008-10-24,56.96843719482422,58.33478426729262,56.80352944175795,58.19932545059311,1495400
2008-10-27,57.0096549987793,57.840061866966494,56.7092929644972,57.580925641838704,1534100
2008-10-28,56.179290771484375,57.06859625025199,56.03794566340686,56.644556432739485,1505500
2008-10-29,55.896541595458984,56.54437752519457,55.61384718421105,56.40302807293299,1745800
2008-10-30,55.39007568359375,55.83178281187352,55.24283997416716,55.655098163250706,1326000
2008-10-31,54.67157745361328,55.90246611472425,54.56556753837056,55.73756280063075,2282500
2008-11-03,54.819400787353516,55.05592159610392,54.60653251060407,54.825315048168555,1111600
2008-11-04,55.84821701049805,56.00195609145693,54.7483999529761,54.96718231775391,1608800
2008-11-05,56.51050567626953,56.56963473724561,55.81868618920732,56.1084217458708,1931700
2008-11-06,56.10250473022461,56.20302909132943,55.46981433522092,55.93694156312203,919700
2008-11-07,55.73591232299805,55.889647000581924,55.31609006727197,55.889647000581924,1277100
2008-11-10,56.00788116455078,56.232573317612506,55.39292923320359,55.46388678687091,1352100
2008-11-11,56.17344284057617,56.65239390961482,56.14979032329253,56.29761517287299,696000
2008-11-12,56.53413772583008,56.80613491680716,56.268054792185865,56.516399465088,1199400
2008-11-13,55.18009567260742,56.32130443638829,55.13870486817016,56.120264675195685,1631900
2008-11-14,56.27400588989258,56.445483388499746,56.049313569955515,56.23852934233932,1059300
2008-11-17,56.52235794067383,56.7825313525445,56.344970669065994,56.57557728003848,490300
2008-11-18,57.24962615966797,57.3560602663858,56.74110815104474,56.989452896300406,924800
2008-11-19,58.7160530090332,58.757443801234615,57.48023447972015,57.63397364129312,2090400
2008-11-20,61.749332427978516,61.75524667899144,59.78030638708343,60.20604223497985,5459800
2008-11-21,60.856502532958984,61.483282649121314,59.98729213067814,61.05163231944124,3249300
2008-11-24,59.904579162597656,60.484054930930256,59.72127767472376,60.40127332277692,1587300
2008-11-25,61.666664123535156,61.77309828082699,60.71467096977487,61.465619821423914,2632700
2008-11-26,61.749332427978516,62.452979427210195,61.54828849480444,61.92080961733967,2577600
2008-11-28,62.512203216552734,62.66002813732163,62.05099018555514,62.23429164370584,986400
2008-12-01,64.90608978271484,65.50531545383517,63.559315568268026,63.927157920863095,4031600
2008-12-02,65.15531158447266,65.48162391655492,64.18824748664524,64.40776257690271,3289300
2008-12-03,65.33918762207031,65.74262600063221,64.40772020006845,65.42224806532235,2951000
2008-12-04,66.62667846679688,66.73940084352228,65.4816249825641,65.93252354238116,2825400
2008-12-05,65.54689025878906,67.04198383587686,65.5112896672565,66.41902553832315,4557600
2008-12-08,65.40448760986328,66.00371360301556,65.07817983152049,65.54688090275273,2119500
2008-12-09,66.69791412353516,66.76317663360689,65.41047101841221,65.60625854862741,2055500
2008-12-10,66.5376968383789,66.5376968383789,65.92660681975825,66.0749298155966,2414900
2008-12-11,66.66819763183594,66.70379368946688,65.77825997940676,66.55547074739535,2416900
2008-12-12,66.66819763183594,66.78091998981955,65.46381153999126,66.7690561460949,2547100
2008-12-15,67.42761993408203,67.59967511446196,66.47835387548385,66.6563387153386,1707700
2008-12-16,69.09478759765625,69.3558375330024,67.61749174613402,69.09478759765625,4015100
2008-12-17,70.96955871582031,71.86542597341007,70.75597332986942,71.65184058745918,6407500
2008-12-18,72.45870971679688,73.0638697524168,71.46197953441366,71.63403466115045,4442000
2008-12-19,72.53588104248047,72.96898166679823,71.95445289200033,72.04938178451086,2668500
2008-12-22,71.9781723022461,72.61299444691426,71.62813225795654,72.61299444691426,2221400
2008-12-23,71.88329315185547,72.08501034968015,71.13574362896829,71.27813250545988,1746400
2008-12-24,71.72897338867188,71.97815483700396,71.56285242311716,71.62811487765035,717200
2008-12-26,71.9662857055664,72.36379006200036,71.90695291383652,72.13833631692233,454400
2008-12-29,71.88002014160156,72.6300737973424,71.79668135114407,72.28481049880513,1416000
2008-12-30,72.5645751953125,72.57647878752975,71.47521257172848,71.72522888289198,2590500
2008-12-31,71.04657745361328,72.62406837164939,70.74893782913931,72.27285579474783,2738000
2009-01-02,69.2607192993164,71.70136259255108,69.2607192993164,71.46325459642587,3464200
2009-01-05,67.47493743896484,69.1476760963541,67.02847776750065,68.81431645335743,5395200
2009-01-06,66.79629516601562,67.4213402987371,66.0760076991545,66.4450825302955,4109300
2009-01-07,67.05824279785156,67.07610045784695,66.31414335389321,66.64749845146733,2565600
2009-01-08,67.0046615600586,67.21896255136294,66.66535241409711,67.05228501182008,2603600
2009-01-09,67.10588073730469,67.4749512345348,66.23676840253236,66.3498729957473,2727900
2009-01-12,67.80233001708984,67.89162284258991,66.41532781363773,66.41532781363773,2462800
2009-01-13,67.87377166748047,67.90949152845477,67.24277680361196,67.56422830264569,1767400
2009-01-14,68.99283599853516,69.07617469398593,68.2487372594259,68.2487372594259,2494800
2009-01-15,69.10601043701172,69.60009362254873,68.80242109405367,69.17149155999243,2827200
2009-01-16,68.04041290283203,69.10595865112587,67.48084901363431,67.51656431154234,2994800
2009-01-20,68.02851867675781,68.23686552649454,66.8081988188023,66.84391412400838,3268300
2009-01-21,65.87952423095703,67.29033706148165,65.71880090319463,66.62957702429073,2838100
2009-01-22,64.61164093017578,65.93911174285537,64.21875425918708,65.8379153124331,4016600
2009-01-23,64.10562896728516,64.48065328952896,63.5103496700991,64.24254066233041,2676200
2009-01-26,63.54603958129883,64.18298799309534,63.27816582125703,63.950829523294104,2240900
2009-01-27,65.04022216796875,65.23666089916479,64.06991393402954,64.17111487378497,3420800
2009-01-28,63.41509246826172,65.3676075181851,62.93291776943621,65.0699679180963,4348100
2009-01-29,61.95667266845703,63.284143007739544,61.70665644423621,62.83768351807918,3724400
2009-01-30,61.76022720336914,62.42694165249978,61.57569207420057,62.236452458693975,2630000
2009-02-02,62.90932846069336,63.082435614640296,61.71548978861776,62.09154733083365,2700200
2009-02-03,61.411033630371094,62.575028574904856,61.33343578905465,62.258662189520116,2846400
2009-02-04,61.196136474609375,61.40506177678491,60.658912995102966,61.33342985425638,2305400
2009-02-05,61.2498664855957,62.007951704992195,61.01109794541068,61.62592386234861,2279500
2009-02-06,61.058841705322266,61.399085334483004,60.82604367242968,61.03496440013709,1667500
2009-02-09,61.255821228027344,61.28566444155822,60.32462461574322,60.70068645009775,2257300
2009-02-10,62.58698654174805,62.65264802786964,61.75129862630915,62.14526754303869,3782800
2009-02-11,63.3988151550293,63.57192234452926,62.99290974099276,63.10035542571225,2774200
2009-02-12,62.80188751220703,63.38090004028803,62.52133467454852,63.26151798577242,1818400
2009-02-13,61.130462646484375,62.049713683369255,61.0230170695053,62.049713683369255,2466800
2009-02-17,63.03468704223633,63.07050530265685,62.288537800367685,62.40792441154681,2813900
2009-02-18,62.4974250793457,63.60769491870825,62.25866109361144,63.309235382409305,2768600
2009-02-19,61.4349250793457,62.11541262636826,61.023053914020835,61.29763620894816,3219400
2009-02-20,62.031803131103516,62.77198575224242,61.66171637466328,62.24072380879224,4272000
2009-02-23,62.60484313964844,62.604843139648445,61.58411252126673,61.84078779167587,2688700
2009-02-24,62.539207458496094,63.67932504080443,62.53920745849609,63.09434236243237,4197100
2009-02-25,61.81696701049805,62.969021549006506,61.500600480681726,62.81979171010196,3908100
2009-02-26,61.166290283203125,61.63785683680417,60.87380125015507,61.4050587925636,2611100
2009-02-27,60.814125061035156,61.48864665620171,60.414190299203995,61.226000756906274,3267700
2009-03-02,61.8209228515625,61.8209228515625,61.108616015845406,61.18643381140767,3302000
2009-03-03,61.4078369140625,61.99444270864313,60.94094891774682,61.1923540107197,3084900
2009-03-04,61.12661361694336,61.20442689218057,60.55198091491728,60.749507623869384,3178400
2009-03-05,62.826541900634766,63.11386041511535,61.916708310529835,62.26387895011226,4562400
2009-03-06,62.407508850097656,63.43107283255802,62.30574750205358,62.407508850097656,3125900
2009-03-09,62.04239273071289,62.58111195217743,61.72514823550924,62.557168368248824,2070500
2009-03-10,60.85124588012695,61.50369160879204,60.761458555664625,61.31214744776648,2602600
2009-03-11,61.509681701660156,61.509681701660156,60.414286335743334,60.62977409844085,3101500
2009-03-12,61.80297088623047,62.23394632914733,61.2403079950032,61.44981324464561,3558900
2009-03-13,61.49169921875,62.18005779438751,61.25226796485501,61.50366872639765,2504000
2009-03-16,60.52197265625,60.7254861459229,60.156841214877886,60.34838520323958,3265600
2009-03-17,60.19280242919922,61.25228453001173,60.09104560297527,60.88715279659867,3076200
2009-03-18,62.47336196899414,64.68809074688791,60.39630307669726,60.52799049197863,8578800
2009-03-19,62.55120849609375,63.24555903125964,62.383607902577474,63.2216154369325,3650900
2009-03-20,62.204010009765625,62.850473114973475,62.120209744287415,62.62301590392862,3479700
2009-03-23,61.66524887084961,62.503255523208615,61.635322834517886,62.42544234862349,2097000
2009-03-24,62.251895904541016,62.94624616629601,61.012843928342654,61.16847494680013,5477100
2009-03-25,61.41387176513672,62.08427825712648,61.240284247565164,61.82689049890253,2549600
2009-03-26,62.12621307373047,62.28782660902648,61.15053568879761,61.31813626370405,2385300
2009-03-27,62.58711624145508,62.80859104492387,61.988540134886385,62.34170241248402,1853900
2009-03-30,62.826541900634766,63.37124830027214,62.21599633667621,63.11386041511535,2300100
2009-03-31,63.27549743652344,63.32937167595728,62.850508829593416,62.874452428589066,1094600
2009-04-01,63.85296630859375,63.9670185039208,63.34871940028136,63.70289353276446,2383400
2009-04-02,63.072566986083984,63.67285790803391,62.93449805889875,63.56480535888868,1766300
2009-04-03,61.781944274902344,63.126599317812115,61.6258719233779,62.9765265783687,3316800
2009-04-06,61.51778030395508,62.184098630503286,61.36170347168297,62.15408684958604,1418100
2009-04-07,61.67390441894531,62.01607015213941,61.51783203528309,61.55384803461168,1312600
2009-04-08,62.220149993896484,62.34621052782911,61.79994363426516,61.871980187879196,1007800
2009-04-09,61.43977355957031,61.93801611271429,61.217668854567364,61.51181011732747,1088800
2009-04-13,62.004051208496094,62.13611594693641,61.78794610556766,61.805954100835635,946600
2009-04-14,62.32821273803711,62.556321658707674,61.78794994712612,61.98004287502151,1336000
2009-04-15,62.220149993896484,62.61033997789132,61.75792345628762,62.508287048640796,1152500
2009-04-16,61.72791290283203,62.1000903210218,61.69789652659144,61.73991670541467,1055600
2009-04-17,61.0495719909668,61.655866975992346,60.85147950939961,61.5117984676193,2582800
2009-04-20,61.97404479980469,62.07009356316077,61.49981433541256,61.60786690425959,1714400
2009-04-21,61.36174392700195,62.55632167963042,61.36174392700195,62.45427331349551,909100
2009-04-22,60.98960494995117,61.5658841408334,60.69546344811605,61.499851720849605,2278100
2009-04-23,60.983577728271484,61.079626513750334,60.59339213187362,60.83950912991138,1688300
2009-04-24,60.37128829956055,60.6174099000795,60.08915069110559,60.503353101804024,2830000
2009-04-27,60.62934494018555,60.74340160909146,60.06507036330796,60.671365095068765,2294600
2009-04-28,59.63889694213867,60.97754759566061,59.48282003377894,60.92952322695672,2332500
2009-04-29,59.11067581176758,60.07714502021144,58.918582808963365,59.83102342731875,3752600
2009-04-30,58.87650680541992,59.044587451086905,58.46230480013052,58.81647865766088,2778100
2009-05-01,58.47133255004883,58.57971333098687,58.14619020723471,58.4773549805922,2772200
2009-05-04,58.663997650146484,58.898821864518155,58.278644857651045,58.621849832022534,2246700
2009-05-05,58.59175109863281,58.90485316077099,58.26059093317198,58.68206917785607,1369000
2009-05-06,58.45326232910156,59.00720642981594,58.405092078491286,58.4773474544067,2045900
2009-05-07,57.02622985839844,58.22443571516154,56.797428138110746,57.76683227458616,5755200
2009-05-08,57.16474533081055,57.43569498621826,56.984109164693045,57.212910993842485,2193400
2009-05-11,57.97755432128906,58.073890167064505,57.67649733837268,57.8330482557434,2167400
2009-05-12,58.18830490112305,58.41710660003781,57.68253127391168,57.91133297282645,2304800
2009-05-13,58.820526123046875,58.965032216429336,58.54957202996813,58.6218273735423,1917500
2009-05-14,59.04935073852539,59.15773149906828,58.585724736838806,58.76635627523185,1704600
2009-05-15,59.03129959106445,59.037322021652564,58.682072117251444,59.007214462480604,2306600
2009-05-18,58.11604690551758,59.07341064729659,58.02573347175459,59.01320016019936,2234700
2009-05-19,57.80897903442383,58.085950983579735,57.6283429575209,57.917359761812335,1624300
2009-05-20,58.4171142578125,58.50141446716437,57.70060152533694,57.76081202307413,2825700
2009-05-21,56.94798278808594,58.79045143816757,56.80949445061209,58.736263345526794,4771700
2009-05-22,56.315738677978516,56.89376774114395,56.207357941524585,56.49035234191911,4483400
2009-05-26,55.46677017211914,56.65895389646518,55.46677017211914,56.6288509381586,3633100
2009-05-27,54.48532485961914,55.743746207875326,54.41909191530208,55.5390249453223,7490200
2009-05-28,55.274070739746094,55.38245145075601,54.32875188017954,55.25600345977313,9824300
2009-05-29,56.701072692871094,56.73720265562174,55.17772505044654,55.213850419432056,4746700
2009-06-01,55.02481460571289,55.80406659903596,54.71069977389113,55.77990321063504,6987000
2009-06-02,55.3208122253418,55.435582558481556,54.837553678485264,55.33893361432728,5063600
2009-06-03,55.840335845947266,55.94302683033056,55.16981653359084,55.55037968032141,6727200
2009-06-04,54.686527252197266,55.4053729588099,54.51134617206922,55.23019187868184,5438600
2009-06-05,54.26968002319336,54.909997751599,54.09450367091356,54.311969373588504,8439600
2009-06-08,54.13077926635742,54.80734015286569,54.05225172945226,54.61403770081961,4084000
2009-06-09,54.12473678588867,54.553626453519676,53.91331295095704,54.48114091508252,6046300
2009-06-10,53.27302551269531,54.02207229808543,52.89245781492831,53.68379399668916,12142000
2009-06-11,53.86500549316406,54.07642940387686,52.9709830682369,53.01326785037946,10692800
2009-06-12,54.348243713378906,54.75901198957586,54.01600297208216,54.01600297208216,6606800
2009-06-15,54.8375358581543,55.061043669964654,54.65631741849421,54.692560184687515,4518700
2009-06-16,55.791961669921875,55.83424642809349,54.84961299712987,54.94626189779656,5376000
2009-06-17,55.47785568237305,56.37792442161356,55.47785568237304,55.84633920999358,7197200
2009-06-18,54.63820266723633,55.32080562893025,54.432820804963676,55.121461156469486,6794000
2009-06-19,55.38724136352539,55.393278751983146,54.493214741575045,54.56570488130944,4750700
2009-06-22,55.924869537353516,56.12421398522358,55.6107501754927,55.840300003474205,3952300
2009-06-23,56.58330535888672,56.66787489416361,55.92487046156032,56.039640768753806,5356900
2009-06-24,56.01548385620117,56.824936466092275,55.97319908715752,56.571227851830365,6550400
2009-06-25,57.042442321777344,57.08472712048166,55.97927574317225,56.311516739204286,7140000
2009-06-26,57.13907241821289,57.32633755799795,56.90952710240369,57.15719841911793,4050400
2009-06-29,57.22361373901367,57.61021857981004,57.13300222130038,57.428995544383454,4334900
2009-06-30,57.12696075439453,57.45315945597237,56.66786577343019,56.897415568259,3743700
2009-07-01,57.01365661621094,57.01971341223243,56.5046037163922,56.61368615038847,3379900
2009-07-02,57.14695739746094,57.334819716665216,56.965151871871484,57.165137025318565,2645100
2009-07-06,57.03791427612305,57.14093532058166,56.59552299181582,56.99549357408069,1886700
2009-07-07,57.419673919677734,57.498453865869955,56.72882016535325,56.734881583831914,2592400
2009-07-08,58.48018264770508,58.66804496736213,57.504502546603774,57.643887399692495,7912900
2009-07-09,57.783241271972656,58.01352878303163,57.23782956618098,57.783241271972656,5241400
2009-07-10,58.31653594970703,58.377136224128385,57.831724507326996,57.94686826518078,3981900
2009-07-13,57.989349365234375,58.5408184478524,57.910564765210815,58.3711356532007,2604300
2009-07-14,57.02568435668945,57.64987549620486,56.78327881867834,57.42565418793296,3629100
2009-07-15,55.55921173095703,56.35914783790965,55.553150312951566,56.15310586079647,4664200
2009-07-16,56.159141540527344,56.46820901350088,56.056120590704666,56.24398286667608,4225200
2009-07-17,55.29257583618164,55.97131145928614,55.29257583618165,55.69254628109363,3845700
2009-07-20,55.583473205566406,56.05010084630609,55.025942755368376,55.05624060951519,4436500
2009-07-21,56.69240951538086,56.7833075926326,55.32282146157902,55.419780951815355,3895300
2009-07-22,56.183387756347656,56.680317551076904,55.971284421433815,56.60153763339632,1986700
2009-07-23,55.1531982421875,56.237961158685394,54.88655126593977,56.21372010416211,3818800
2009-07-24,55.41987609863281,55.41987609863281,55.007787154756706,55.14717215168288,1765300
2009-07-27,54.78349304199219,54.94105747761897,54.504728039578815,54.68047209787306,2755900
2009-07-28,55.26831817626953,55.64404745494159,54.80169075425542,54.977434870561375,3324800
2009-07-29,55.571311950683594,55.92886152112306,55.110746048549224,55.856138399125435,2910200
2009-07-30,56.359153747558594,56.450056533143304,55.286513823480725,55.47437618978345,4040700
2009-07-31,57.45596694946289,57.486269383416584,56.52876980190815,56.87419628086977,5697000
2009-08-03,56.58530807495117,57.0778332663017,56.31168657680919,57.0413469978997,4029300
2009-08-04,56.135318756103516,56.98659185157613,55.740084321877106,56.9318647999127,3832200
2009-08-05,55.29618835449219,56.39675975579227,55.2536249477862,55.52116437319666,4458300
2009-08-06,55.484737396240234,55.873890251784324,54.980053192026894,55.271920153218936,3228500
2009-08-07,55.022613525390625,55.29015783807999,54.858441558374324,54.9800500791962,3543200
2009-08-10,55.709678649902344,55.72183763839733,54.973936910741976,55.034741131346244,3150100
2009-08-11,56.35423278808594,56.46976409773263,55.93467562279336,56.17789723512335,3677800
2009-08-12,55.75226593017578,56.59137566740844,55.38743117227174,56.51840778801431,4729200
2009-08-13,56.54270935058594,56.63999982020111,55.63671388785307,55.81913119884905,3922300
2009-08-14,56.76164627075195,57.27848947918667,56.67651937237767,56.731246457942866,4410400
2009-08-17,57.6007194519043,57.61287844046579,57.07779480153056,57.12643539484126,3569700
2009-08-18,57.266353607177734,57.62510216104376,57.162985851562425,57.558220690228495,2557900
2009-08-19,57.74061965942383,57.98992321609056,57.40619382956623,57.86831002781333,3518200
2009-08-20,58.21487808227539,58.29392778534515,57.63114891046996,57.99597906296497,3282700
2009-08-21,57.01700210571289,58.208787441454824,57.00484311370435,58.15406037975135,6258300
2009-08-24,58.050682067871094,58.050682067871094,56.82849715665153,56.84673796085306,4460200
2009-08-25,58.37901306152344,58.42765364520906,57.71015748544239,57.989860557655774,3359700
2009-08-26,58.646583557128906,58.70739243729092,58.318239727398456,58.482411642263685,3225800
2009-08-27,58.41552734375,58.749957638443085,58.20879198998801,58.48241340268862,2514000
2009-08-28,58.6831169128418,58.68311691284179,57.95345151685519,58.032501268885625,2072500
2009-08-31,58.737789154052734,58.89588388385338,58.22702798878819,58.59185805527229,2899800
2009-09-01,58.59565353393555,58.91285102466733,58.034463701232376,58.449257197981595,3304200
2009-09-02,59.44967269897461,59.57167358949888,58.70548355528001,58.85188462390913,4345000
2009-09-03,59.08366012573242,59.242258904920995,58.89456462422153,59.07145771371821,2703800
2009-09-04,58.077178955078125,58.92506514430536,57.98567947450073,58.82746911118453,3643000
2009-09-08,57.668514251708984,58.174807587435616,57.55871575304368,57.631916303440256,2468900
2009-09-09,57.60141372680664,57.60141372680664,57.04632003555735,57.27201823758053,3182400
2009-09-10,58.66279602050781,58.992191509346426,57.89421120041009,57.90640896494825,4417300
2009-09-11,58.9860725402832,59.58386520756474,58.925074428240016,59.05927306704961,4826200
2009-09-14,58.40047836303711,58.967769609244556,58.34558146204477,58.57127492682304,2119500
2009-09-15,58.101600646972656,58.418793689421065,57.99180216038309,58.06500270272901,2187900
2009-09-16,58.20527648925781,58.52857062130469,57.705084602082906,58.15647614566589,3732300
2009-09-17,58.937255859375,59.004355154890256,58.05276726115393,58.36996477701803,2832000
2009-09-18,58.41270446777344,58.88239520868038,58.35780289065698,58.681097182352026,2813300
2009-09-21,58.54692459106445,58.85801657782488,58.1687285837628,58.620120515544116,3050200
2009-09-22,58.668853759765625,58.784753379369405,58.26016146959677,58.34555971966621,2068000
2009-09-23,58.84578323364258,58.91288255975856,58.071092706252,58.5224890190064,5712000
2009-09-24,59.016544342041016,59.2239387498059,58.662748954124694,58.86404681144142,4658400
2009-09-25,59.7668342590332,59.815629931910344,59.02874211530702,59.38863870763969,3854500
2009-09-28,60.29144287109375,60.34634442160772,59.84615252979705,59.97424994252036,4263300
2009-09-29,60.236541748046875,60.492736555518036,59.870548501108544,59.97424573453402,3123200
2009-09-30,60.181697845458984,60.46838962785853,59.99869873393008,60.1206950390422,2744800
2009-10-01,61.00588607788086,61.2261684940827,60.45518470576129,60.55308540830376,5754400
2009-10-02,60.583702087402344,61.37916248215193,60.50415278005677,61.36080638611421,4827700
2009-10-05,60.58978271484375,60.98139943403603,60.43680911160972,60.86513800169533,2910100
2009-10-06,59.99013900756836,60.455180147641364,59.95342683043104,60.43070380675492,3936200
2009-10-07,60.693782806396484,60.779447614736114,60.33276282692355,60.375595231093364,3591000
2009-10-08,60.057437896728516,61.042588280494826,59.76984677411073,61.01199169232463,5871600
2009-10-09,58.6806640625,59.788191247065505,58.435905409829346,59.73312300111569,8135900
2009-10-12,58.77246856689453,58.943798279878784,58.49711324098308,58.76022806260448,1939700
2009-10-13,59.078399658203125,59.26196515688579,58.90094974160825,59.121232074734074,2886500
2009-10-14,58.20339584350586,58.8030497292071,58.068778331259225,58.44203428125811,5421000
2009-10-15,57.93415069580078,58.386951156468406,57.744464962625734,57.86684195143875,3736900
2009-10-16,58.40531921386719,58.45427188678321,57.96475916277448,58.24623002946586,3716800
2009-10-19,58.86427307128906,58.87039332593609,58.362519563121324,58.49101690039016,3163800
2009-10-20,59.18244934082031,59.50675274767056,59.072308120721594,59.36601492872782,2912400
2009-10-21,58.8275260925293,58.87035851295663,58.44203430868331,58.83976659458494,3355200
2009-10-22,58.53994369506836,58.637849052548844,58.33190181299893,58.36249373592329,2572200
2009-10-23,58.099365234375,58.38695631873404,58.05041723555179,58.056532817665136,2996200
2009-10-26,57.34675979614258,57.83015706621721,57.242738839747865,57.787324633090854,4127400
2009-10-27,58.130001068115234,58.197309863875546,57.46915361977023,57.49975022452908,4476300
2009-10-28,58.40531921386719,58.61948599077884,58.10549226192825,58.21563344179739,4585400
2009-10-29,57.76897048950195,58.166698238340416,57.48749486988992,58.019844843871056,4645300
2009-10-30,58.60722732543945,58.74796504936115,58.05040601583118,58.191139071370486,5118000
2009-11-02,58.34821319580078,58.67356280942561,58.194746043453534,58.630592194106214,3463800
2009-11-03,57.765010833740234,58.53848626657891,57.70362493539135,58.489375674522265,4470700
2009-11-04,57.23714065551758,57.746653017560156,56.967041497218496,57.46427385730064,5349500
2009-11-05,57.23714065551758,57.23714065551758,56.967041497218496,57.01001213718302,2852000
2009-11-06,57.29231643676758,57.365977618487236,56.75824945208817,57.32300703466998,3381100
2009-11-09,57.35984802246094,57.51945038771275,57.16954568936401,57.26162685912796,1697800
2009-11-10,57.25547790527344,57.76498957258002,57.03448968924383,57.73429897642357,2549900
2009-11-11,57.49492263793945,57.80185687021516,57.38442612698241,57.47650264990936,1771100
2009-11-12,57.39056396484375,57.45194987731105,56.75214017160503,57.23709684195305,3431300
2009-11-13,57.654518127441406,57.74045932745929,57.36599923447674,57.59927222033454,1594200
2009-11-16,58.32978439331055,58.59374804281665,58.02285013497532,58.10265603954735,5175700
2009-11-17,58.642852783203125,58.80859988885675,58.20086674605298,58.31136325534052,3174400
2009-11-18,58.29911804199219,58.6428830557023,58.15792616367722,58.58763711426191,2413600
2009-11-19,58.40342712402344,58.82085773704033,58.26224004394841,58.46481301464055,2969800
2009-11-20,58.391197204589844,58.5446643921386,58.06584283289111,58.31753126852557,4136300
2009-11-23,58.317527770996094,58.37891370564466,57.912372172111645,58.03514872485539,3219300
2009-11-24,58.685791015625,58.74717689060219,58.31133108978948,58.38499694982734,2895200
2009-11-25,58.95591735839844,59.072553844515234,58.299078406084675,58.61828788987291,2789300
2009-11-27,59.17693328857422,59.27514982804036,58.98663084004397,59.17693328857422,2249100
2009-11-30,59.31813430786133,59.37952492825416,58.93139868999904,59.05417056389116,3115800
2009-12-01,58.65729522705078,59.076056157813824,58.62034725322048,58.971367099715316,3979100
2009-12-02,58.706600189208984,59.09456825976723,58.49721723959435,58.6819666246442,2193900
2009-12-03,58.09695816040039,58.404870818952546,58.035376568364825,58.15238488209442,3947300
2009-12-04,57.481075286865234,57.67198413890297,57.21627517609697,57.45028687086339,6108100
2009-12-07,57.554996490478516,57.727426716432234,57.3271395785418,57.43798825213651,2774200
2009-12-08,57.641212463378906,58.1154002901971,57.499575360677305,57.91833650068562,2378600
2009-12-09,57.37641143798828,57.91834041959169,57.074658517650164,57.69664305409424,3494300
2009-12-10,56.71748352050781,57.14856385442928,56.62510882764092,57.080822726218365,4446300
2009-12-11,56.7112922668457,56.81598603272809,56.23094977037969,56.55733609754919,3053400
2009-12-14,56.77907180786133,56.963821215476784,56.686701802426214,56.871446511669056,2380400
2009-12-15,56.52659225463867,56.655914975015996,56.34184282645784,56.39110996708915,2993900
2009-12-16,56.458831787109375,56.80985182181336,56.261767990404884,56.61278802510887,3301600
2009-12-17,57.38873291015625,57.41336647381351,56.77290791384036,56.963812159219295,4428900
2009-12-18,57.14241027832031,57.57964552545758,57.05619514217339,57.39489612035843,3789500
2009-12-21,56.1262321472168,56.77900446944124,56.12623214721679,56.69278943436885,3524000
2009-12-22,55.81220626831055,55.96000761991541,55.68288360943446,55.916900066956714,3078800
2009-12-23,55.82454299926758,56.28025223114856,55.732168299979875,56.01544726565575,2336000
2009-12-24,55.24566650390625,55.645953739356145,55.221032937284605,55.62747973898302,1698900
2009-12-28,55.091712951660156,55.19640209118272,54.9931833786897,55.091712951660156,3170900
2009-12-29,55.455101013183594,55.553982054351245,55.12754548178903,55.16462999796773,2617000
2009-12-30,55.81974411010742,55.91862988851534,55.53545456988482,55.572534379221075,1919100
2009-12-31,55.55397033691406,55.68993586558258,55.034834371232144,55.47362921321511,3242400
2010-01-04,55.50456237792969,55.683789349793734,55.36241993774623,55.52310228620281,2829100
2010-01-05,55.86300277709961,56.01132672245623,55.62197459772014,55.65287758077216,2841600
2010-01-06,55.11518096923828,55.78264560438062,55.07810117232988,55.72702119388616,4099600
2010-01-07,55.20786666870117,55.399451842009846,55.078082707898815,55.13988392040514,2793200
2010-01-08,55.183170318603516,55.35003413971468,54.85561949984766,55.31913587698498,2910700
2010-01-11,54.880348205566406,55.226438970810854,54.86180358731428,54.99776916369832,2181300
2010-01-12,55.81974411010742,55.86300545937753,55.523091490017116,55.720863046832946,4321200
2010-01-13,55.1707878112793,55.79499096622853,55.13988955943138,55.57868434277011,4755000
2010-01-14,55.94330596923828,55.94330596923828,55.33764751953192,55.430351690646575,4188800
2010-01-15,56.289432525634766,56.44393799169208,56.22763128223836,56.25852954637025,4142800
2010-01-19,56.12876510620117,56.31417361621923,55.881555331221854,56.06696384123992,2496000
2010-01-20,56.697357177734375,56.715897089924226,56.40688597973253,56.437788976805834,2800500
2010-01-21,56.95689010620117,57.09903247661998,56.5242720265788,56.57989643923158,4363100
2010-01-22,56.85801696777344,57.04960225523531,56.71586985069545,56.91363667763021,3666900
2010-01-25,56.598419189453125,56.80854426992989,56.54279479365418,56.57369775966811,2419500
2010-01-26,56.616966247558594,56.92597708627897,56.43155785827388,56.87035268344108,3138100
2010-01-27,56.58610153198242,56.91365248804188,56.468680540176855,56.703527238922376,3325700
2010-01-28,56.55516815185547,56.67258907077652,56.277055552541334,56.32031688375045,3058200
2010-01-29,57.04957962036133,57.080482590331705,56.39447815014411,56.49336388194433,4930600
2010-02-01,56.531707763671875,56.89142793335579,56.46968818691716,56.87902117893061,3598500
2010-02-02,56.69294738769531,56.71775142637548,56.46346980969613,56.55029814044411,3047500
2010-02-03,56.0355339050293,56.42006279837798,55.98591635779919,56.32082770391777,5343700
2010-02-04,56.92245864868164,56.94726743589344,56.3766795253991,56.43249574778139,6095000
2010-02-05,57.04648208618164,57.31936918387,56.568921384593395,56.66815649778235,6875800
2010-02-08,57.120872497558594,57.15188463644315,56.84178217474979,56.97822801498096,3386000
2010-02-09,56.55034637451172,57.195360761504894,56.525537582881995,56.897659993741435,4790000
2010-02-10,56.010765075683594,56.810830851127115,55.94254208253618,56.63717404376755,5068000
2010-02-11,55.70683288574219,55.992126720226466,55.43394107371796,55.942509166805635,5087500
2010-02-12,55.93634796142578,56.0789926082493,55.78749520153147,56.01076960957945,2833800
2010-02-16,56.0417594909668,56.091377057860555,55.65103179820962,55.65103179820962,2440900
2010-02-17,55.402915954589844,55.874268366154936,55.24786469851976,55.7688346476566,4368200
2010-02-18,55.179683685302734,55.50839184079271,54.89438972522102,55.48358305316051,5121800
2010-02-19,55.477317810058594,55.51453331590377,55.13620800702327,55.34707536906833,3502500
2010-02-22,55.24787139892578,55.396719297904305,55.14863631174716,55.272680170720434,3382600
2010-02-23,56.1099853515625,56.153399541881996,55.384346142597245,55.40915019552965,5474500
2010-02-24,56.24641418457031,56.36424996141059,55.93010819033496,56.159585830355184,4423200
2010-02-25,56.56272506713867,56.6185460082226,56.37666630437178,56.550323042337375,3707700
2010-02-26,56.854190826416016,57.09607039622241,56.69294093440415,56.72394834511938,4349100
2010-03-01,56.82931137084961,56.94752582603695,56.59288720728087,56.82309305506518,2415200
2010-03-02,56.75465774536133,56.791986630013575,56.431124922354215,56.543116323117246,2260600
2010-03-03,56.611610412597656,56.66760854042665,56.43117938463224,56.624056550697816,2156100
2010-03-04,56.91020584106445,57.04086169505244,56.51201521553722,56.59289605463264,2374700
2010-03-05,56.16362762451172,56.53693570719098,56.07030535065137,56.51204818522506,3823200
2010-03-08,55.87118148803711,55.976949842458026,55.80896034138289,55.9333978878843,2850400
2010-03-09,55.883636474609375,55.99562792032235,55.622324683548506,55.983186536046766,2573700
2010-03-10,55.74053955078125,55.80897903758273,55.491673868021664,55.67832313009136,3216200
2010-03-11,55.945838928222656,56.0827178551366,55.60364635774479,55.6160877389156,2621000
2010-03-12,56.29423141479492,56.39999971616143,55.827601529796574,55.85248427980839,3099100
2010-03-15,56.219581604003906,56.28802104898374,56.02670939368204,56.21335854169509,1936800
2010-03-16,56.667606353759766,56.67382467575903,56.33163184018285,56.344073230992066,3932600
2010-03-17,56.91020584106445,56.910205841064446,56.66133551340826,56.8106558112793,3481200
2010-03-18,56.72355270385742,56.916429702568514,56.62400741948338,56.87909606747234,2750300
2010-03-19,56.779563903808594,56.978659265370695,56.536916580242526,56.779563903808594,2976300
2010-03-22,56.8417854309082,56.92266629710814,56.75468149905958,56.83556236525951,2452300
2010-03-23,56.57427215576172,56.816919593752495,56.56183076652556,56.66137612084507,2910000
2010-03-24,55.54143142700195,56.15116360235973,55.41077554945547,55.89607016514455,8049300
2010-03-25,55.186798095703125,55.522772419513885,54.98148440904766,55.454332941692726,8268400
2010-03-26,55.342342376708984,55.44811550116704,55.05614307711068,55.08725365727036,4110700
2010-03-29,55.130821228027344,55.280141612086126,54.9441671878468,55.236589635618586,3245100
2010-03-30,55.30500793457031,55.34233682957387,54.919258614572364,55.074802006163985,3254600
2010-03-31,55.68455123901367,55.69699262555489,55.34235377401678,55.51034334658218,4263900
2010-04-01,55.54838562011719,55.59834596541464,55.2236529046453,55.43597722543831,2912400
2010-04-05,54.624183654785156,55.04259113755739,54.58671575020385,54.942675137179144,5652000
2010-04-06,54.71161651611328,54.861492911453624,54.549247641878495,54.830271243186935,3584600
2010-04-07,55.41101837158203,55.52966827150975,54.51799718163894,54.61166690145499,6389900
2010-04-08,55.43595886230469,55.66077557719202,55.25486100843135,55.51089935542686,3797600
2010-04-09,55.56711959838867,55.6170751749579,55.211160506250984,55.33605659439459,2311300
2010-04-12,55.86061477661133,55.92930904077767,55.635798051063205,55.68575838218043,2939600
2010-04-13,56.04172134399414,56.17286364903828,55.904332806001314,56.1353957803056,3090900
2010-04-14,55.64833068847656,56.12294464775409,55.64833068847656,56.054250333997494,3570100
2010-04-15,55.71076965332031,55.891872381377716,55.37979061270862,55.48595280224783,3698000
2010-04-16,56.11668014526367,56.197862142150704,55.72949457234124,55.829415274184946,8303900
2010-04-19,55.97929000854492,56.22284075692664,55.9043494842424,56.12292482233778,3211500
2010-04-20,56.179168701171875,56.19790265515253,55.97933191790365,56.11047436025298,2285000
2010-04-21,56.64126968383789,56.72245647408443,56.36649718499352,56.372738657717875,4162200
2010-04-22,56.47264099121094,56.884801987399676,56.41019293293767,56.7661521060249,2841400
2010-04-23,56.272830963134766,56.42895356490476,56.12295459949101,56.33527905094603,4776000
2010-04-26,56.33526611328125,56.6100433539273,56.16665583846464,56.52261509817312,4753900
2010-04-27,57.12834167480469,57.403114007919626,56.64123552057342,56.73490996425174,13199200
2010-04-28,56.64126968383789,57.047189341621596,56.5038858166572,56.90980070995791,8379500
2010-04-29,56.87857437133789,56.96600262711276,56.52885658375583,56.74118575098236,4067200
2010-04-30,57.53425979614258,57.559239966929994,56.89728211674513,57.0034442692313,6924800
2010-05-03,57.45907211303711,57.665868493506096,57.20213646726912,57.28986942409537,4211800
2010-05-04,58.493064880371094,58.57453460764201,58.0042656410947,58.16093230912366,11054800
2010-05-05,58.83772277832031,59.4393221005786,58.499322263096325,58.94425494577423,12219100
2010-05-06,60.65507888793945,62.66667870049476,58.76881052034988,59.00694695930818,19578200
2010-05-07,59.89683151245117,61.46976220080656,59.70256149615905,60.084828739104935,18740600
2010-05-10,58.65599060058594,58.869059722747885,58.33638930788631,58.3802605580817,10240100
2010-05-11,58.505653381347656,58.91925126985065,58.273784783445414,58.89418878783726,7729100
2010-05-12,58.06067657470703,58.442943682798806,58.03560933044502,58.36774195001276,5530800
2010-05-13,58.4428825378418,58.624616282789326,57.778613212599794,58.4428825378418,6849700
2010-05-14,59.45814895629883,59.846684124160674,58.96308157148874,58.98188559308723,9796500
2010-05-17,59.23884963989258,59.97831712699726,59.201251137848864,59.35791793781942,6302200
2010-05-18,60.147464752197266,60.26652815977058,59.38919392883006,59.470663649949984,9904100
2010-05-19,60.34800338745117,60.755332905870596,60.11613499392581,60.1224029994501,14121200
2010-05-20,61.62018585205078,61.77058463873018,61.11885018833115,61.356986780089024,17666900
2010-05-21,61.68281173706055,62.510011700652726,61.3256118614432,62.42227873338447,18670600
2010-05-24,61.46973419189453,61.958538233084134,61.350670770259065,61.87706850234213,7721100
2010-05-25,61.77052688598633,62.59772661096426,61.66399471090348,62.44732796490102,12952700
2010-05-26,61.59511184692383,61.66404561266525,61.0373784921729,61.55124533973299,12644800
2010-05-27,60.19758605957031,60.780386130662315,60.08478589158198,60.68012197083171,7653200
2010-05-28,60.47336959838867,60.64883560530595,60.17256731432325,60.46710158925873,5805500
2010-06-01,60.89839172363281,61.175061227590234,60.52111818015029,61.13733531243,5536200
2010-06-02,60.31989669799805,61.112174384382854,60.25072933187676,60.98641335630202,5656400
2010-06-03,59.87981033325195,60.307388699996956,59.7980643766123,59.86723181809296,8499500
2010-06-04,61.48948287963867,61.59008696208395,60.80409807896754,60.9550113985786,7479600
2010-06-07,61.961036682128906,61.99247333902163,61.200200504314964,61.31966747617509,5288200
2010-06-08,61.65296936035156,61.942212691081615,61.470619365420475,61.57751270121944,5510800
2010-06-09,61.5837516784668,61.69693417611504,61.124732438756844,61.369960384112794,5598000
2010-06-10,60.48343276977539,61.175102195575505,60.42054980600544,61.11850848764187,6075100
2010-06-11,61.25054168701172,61.5020542823315,60.747506901781655,61.04932393508349,6266700
2010-06-14,60.93614196777344,61.017883075918654,60.50227461519092,60.565152759709925,5310400
2010-06-15,60.684627532958984,61.149931581700486,60.395384216319925,61.06190121564926,4920100
2010-06-16,61.030426025390625,61.13103484374818,60.60913739242647,61.112171889629266,4011100
2010-06-17,61.52716827392578,61.766111807235106,61.03671230156368,61.087016708291145,5650900
2010-06-18,61.426570892333984,61.69066186023875,61.35111427409286,61.55232712544308,4171700
2010-06-21,61.25054168701172,61.33857205483269,60.621750604121765,60.65318727988912,5740900
2010-06-22,61.97996520996094,61.998828183511904,61.256854174290325,61.42034127389439,5658900
2010-06-23,62.40121078491211,62.608712943943985,61.97992201157645,62.00507422454644,9137800
2010-06-24,62.030208587646484,62.621268631827995,61.84156944330155,62.47036019472769,6184600
2010-06-25,62.2817497253418,62.457810435672684,61.72212612580666,61.82273019001236,5148300
2010-06-28,62.866554260253906,62.879127975038344,62.5144278814319,62.62761050367884,5436000
2010-06-29,63.55189895629883,63.589624876877515,62.979701705914465,63.08030575988899,7334200
2010-06-30,63.979454040527344,64.00460624432647,63.38210479149833,63.76566750417333,7205700
2010-07-01,64.08038330078125,64.74894176305729,63.94162579329086,64.06146269738784,12893400
2010-07-02,63.56950378417969,63.979467809219365,63.17215670191563,63.771331561005624,6297600
2010-07-06,64.09300231933594,64.17499320734647,63.53797227140548,63.59473889537756,6620400
2010-07-07,63.34245681762695,64.02362747518607,63.285690190186436,63.99208992527973,5727800
2010-07-08,62.9388542175293,63.172219772329974,62.78748443677245,62.957774838629085,6260600
2010-07-09,62.57933044433594,62.84422868941841,62.55410135261991,62.69285895107946,4286000
2010-07-12,62.55406188964844,62.97032961046243,62.46576253032564,62.648669720909766,4062100
2010-07-13,62.017940521240234,62.37113786319267,61.92333271551643,62.3459087942028,5842500
2010-07-14,62.642372131347656,62.74959211315838,62.05580924997338,62.26394555251539,5417300
2010-07-15,63.26676940917969,63.44336813947354,62.882034398773285,62.90726347623734,6996100
2010-07-16,63.575862884521484,63.783994486528094,63.2415810021134,63.26681009580218,7512400
2010-07-19,63.18479537963867,63.54430140852879,63.05865477060753,63.42446446158016,4305800
2010-07-20,63.279361724853516,63.638867517872185,63.184753924174366,63.4938015819038,5076600
2010-07-21,64.35163879394531,64.50931702476923,63.32988693785925,63.35511122026827,7894200
2010-07-22,63.607330322265625,64.02990638069119,63.58840972441861,64.02360272271062,5759700
2010-07-23,62.93248748779297,63.683036843078995,62.87572567703391,63.5758168814536,6259100
2010-07-26,62.82529067993164,62.951431291631515,62.44055555870436,62.83790281631927,4856400
2010-07-27,62.21976852416992,62.55404526878095,62.16931038597692,62.30175938976887,5328000
2010-07-28,62.421661376953125,62.56041899574533,61.980159425163556,62.11891704395576,5507200
2010-07-29,62.402679443359375,62.453132772653376,61.75935017234048,61.872878584170095,6305500
2010-07-30,63.37400436401367,63.45599526996692,62.97665234511613,63.19740079341739,7683200
2010-08-02,62.48432922363281,62.851326948816926,62.48432922363281,62.79437669541663,5769200
2010-08-03,62.84502410888672,63.06016262667576,62.5982508394524,62.76909201539847,4363500
2010-08-04,62.36416244506836,62.965280964456234,62.36416244506835,62.95895207987704,3820400
2010-08-05,62.65521240234375,62.95260714391969,62.54131664658112,62.85769320953029,3704200
2010-08-06,63.338584899902344,63.408188127714524,62.9526051193159,63.142432981989685,6042400
2010-08-09,63.104434967041016,63.26262315726194,63.02850289782761,63.110759018835125,2578500
2010-08-10,63.23731994628906,63.91436528740461,62.939925341099055,63.313247196961555,11251000
2010-08-11,64.08519744873047,64.1548006371075,63.47142651168958,63.47142651168958,6778300
2010-08-12,63.926971435546875,64.50277841185886,63.82573356623337,64.27498717150658,7590100
2010-08-13,64.72433471679688,64.82557273304587,64.21180609588598,64.30039117042553,7843600
2010-08-16,66.3440933227539,66.36940400002013,65.85054718485789,65.9391321415306,7976200
2010-08-17,65.96446228027344,66.35044177430201,65.80627412132793,66.34411289623873,6756800
2010-08-18,66.14173126220703,66.85041701311545,66.11642053958244,66.43912621863758,7721600
2010-08-19,67.17310333251953,67.45784043181166,66.21131546008436,66.30622943569018,13128500
2010-08-20,67.09707641601562,67.59695147580638,66.97052301811502,67.33119658149286,7040300
2010-08-23,67.10979461669922,67.19205561222579,66.59726613236445,66.8503683468282,6360100
2010-08-24,68.18547058105469,68.41958612186758,67.4957672405648,67.7298876089004,9812100
2010-08-25,67.96399688720703,69.18520545006831,67.74885837322933,68.84352310422932,13299800
2010-08-26,68.60306549072266,68.64735799883425,67.88805648048663,68.05889763248238,7039900
2010-08-27,66.66056060791016,68.54616760614324,66.56564664538564,68.19182246788672,13514000
2010-08-30,67.93866729736328,67.95764910824008,66.9578985635502,67.20467175998978,5535300
2010-08-31,68.69164276123047,68.74859302382151,68.0968584090176,68.47650912538174,8397000
2010-09-01,67.27131652832031,67.93768527974015,66.69379629817229,67.91864216071224,12480700
2010-09-02,66.560546875,66.82709737423984,66.25592464998729,66.76362997230281,8167600
2010-09-03,65.73551177978516,65.96398082732479,65.17702973385178,65.18972514864959,9210700
2010-09-07,67.08092498779297,67.13169695546382,66.51610016262838,66.69379720759504,6018400
2010-09-08,66.5478744506836,66.76999589239797,66.23055672198184,66.6938378944312,6698400
2010-09-09,65.23417663574219,65.90054093420596,65.1389803525662,65.81169236107746,8588900
2010-09-10,64.93586730957031,65.1770269196128,64.63758801916823,64.89144304346034,6910300
2010-09-13,65.25320434570312,65.39917260182773,64.58683531338136,64.60587844043673,7054800
2010-09-14,65.88151550292969,65.88786321421595,65.3484239601242,65.38650054407172,5978100
2010-09-15,64.90413665771484,65.53242896170765,64.8216358287531,65.20876366951882,7919100
2010-09-16,64.26317596435547,64.61857020579647,64.0029731505266,64.4345253759407,17116200
2010-09-17,64.52333068847656,64.83430528318499,64.30120943645636,64.62487459904588,9203600
2010-09-20,64.89778900146484,65.01836638229535,64.53604717520983,64.82797875061898,5277800
2010-09-21,65.79895782470703,66.01473140332944,64.89777727537664,65.15797511088489,12664000
2010-09-22,66.38919830322266,66.68112995660356,65.90687412543191,66.3511217350939,8229400
2010-09-23,66.57955169677734,66.9285979972061,66.15434262108822,66.89686915637449,7412200
2010-09-24,65.68473815917969,66.07186598882106,65.68473815917969,65.97666974775021,8942500
2010-09-27,66.82709503173828,66.92228644754114,66.30669431052387,66.33842316849723,7061600
2010-09-28,67.28404998779297,67.47444256438322,66.85249767715484,66.87788367682583,8262900
2010-09-29,67.0047607421875,67.4426555753982,66.85879256986358,67.37919304729758,5507100
2010-09-30,66.96040344238281,67.01117061049735,66.02114062492596,66.89059313910427,10618400
2010-10-01,66.63678741455078,66.97439773650774,66.2354778571201,66.39472837577452,9368400
2010-10-04,66.80874633789062,66.84059837153376,66.50935957735992,66.6431293707727,4422700
2010-10-05,66.40746307373047,66.76418266311842,66.2036226140888,66.71322619316292,8491800
2010-10-06,67.24188232421875,67.58586374574828,66.7959831814598,66.8214638267512,6476100
2010-10-07,66.68136596679688,67.1272653988307,66.67499458635659,66.99349556922056,5780700
2010-10-08,66.38838958740234,67.17827118693475,66.38838958740234,66.80244211116957,6128700
2010-10-11,66.40110778808594,66.52213976094059,66.21001004456613,66.31829925188813,1474200
2010-10-12,65.74497985839844,66.73233496277034,65.72587057481987,66.50938522112052,6122400
2010-10-13,65.64305114746094,65.6876410883787,64.9996778342712,65.19714687834427,8168400
2010-10-14,64.662109375,66.02529400394104,64.63662869801747,65.79597277104047,10945000
2010-10-15,63.872188568115234,64.3690542117596,63.63012955706253,64.08240039504867,12694700
2010-10-18,64.3882064819336,64.62389426953963,64.19710380987313,64.46464366280352,5592200
2010-10-19,64.77674865722656,65.03154562325007,64.05056661219024,64.06967589864794,8017500
2010-10-20,64.91688537597656,65.15257303910106,64.47098099666,64.57290366391187,5515800
2010-10-21,64.14607238769531,64.9168487591903,64.13970586953835,64.77670760073667,6836100
2010-10-22,64.5792007446289,64.63653339829423,63.96131346359518,63.980422728171945,4770700
2010-10-25,64.76396942138672,65.1589122722176,64.68753231860116,65.05062313664615,5632300
2010-10-26,63.76395797729492,64.37547987753133,63.732110763916054,64.24808130412777,8432000
2010-10-27,63.203338623046875,63.8084885733785,63.203338623046875,63.49635895709773,9245200
2010-10-28,63.37532424926758,63.59190744491946,63.165117293999295,63.432656953387514,8052600
2010-10-29,63.967689514160156,63.99317015737258,63.458091229718946,63.58548958584531,6753800
2010-11-01,63.69231033325195,64.42080633244049,63.577284392568146,64.41441952354397,5921000
2010-11-02,64.52943420410156,64.5997232176847,64.17157307584914,64.19713493325473,6537400
2010-11-03,63.2130126953125,65.35376785093051,62.89988853683608,65.00869503366864,25541800
2010-11-04,63.7050895690918,63.8201155023134,63.31527973292003,63.37279026181768,13246500
2010-11-05,62.612369537353516,63.13637568303424,62.612369537353516,62.84880830251631,12435000
2010-11-08,62.893558502197266,63.213074655785455,62.510140092977345,63.00219282431414,6795200
2010-11-09,61.50685501098633,62.95745609566696,61.468514635532415,62.938285907940006,15061700
2010-11-10,61.589900970458984,61.819952875135414,60.70803858615078,61.570730790973805,18540400
2010-11-11,61.55793380737305,61.7496404200724,61.43651620653216,61.634614502282524,3368100
2010-11-12,61.22564697265625,61.819946855967835,61.22564697265626,61.481260716900515,11739500
2010-11-15,59.947566986083984,61.16811997039092,59.947566986083984,60.91889797759768,14978700
2010-11-16,61.43653106689453,61.50682497118145,60.06261140414121,60.650524501397946,19901300
2010-11-17,61.09783172607422,61.832719282442156,60.92529040718678,61.21924933007459,9915600
2010-11-18,61.34708786010742,61.34708786010742,60.58025121202748,61.14259776225754,12424800
2010-11-19,61.72407531738281,61.724075317382805,61.21285283497609,61.40455943759408,8359500
2010-11-22,61.98611068725586,62.38231232515314,61.50044494974109,62.222554307917946,10413500
2010-11-23,62.2928581237793,62.593199148545885,62.139486892555055,62.41427092087948,9566900
2010-11-24,61.180912017822266,61.97970188338188,61.078669450252384,61.86467594772424,11467600
2010-11-26,62.03084945678711,62.06280301386674,61.698554890129074,61.80718918351456,4848900
2010-11-29,62.56122970581055,62.593178378476104,62.04361050418839,62.343956304720855,8950000
2010-11-30,62.88710403442383,63.436666741971436,62.695392598345485,63.398326404925506,11947600
2010-12-01,61.48921585083008,62.2715385004868,61.489215850830085,61.97656526890519,15441200
2010-12-02,61.32887268066406,61.90599605315757,61.25833510778557,61.534071558403184,9318700
2010-12-03,60.84795379638672,61.77135144192332,60.822303318196425,61.73928712110334,10194800
2010-12-06,61.70725631713867,61.72007911601777,61.11730482975446,61.251966233473354,7001800
2010-12-07,60.38629150390625,60.86722725317406,59.73863488403757,60.738979676968555,18533100
2010-12-08,59.802703857421875,60.14897786658226,59.065268739339224,60.09767692618954,19275900
2010-12-09,60.09769821166992,60.450381294047936,59.46286474952656,60.0207467738261,17477100
2010-12-10,59.732200622558594,60.187485722513976,59.72578677824098,59.82197487368615,7078500
2010-12-13,59.956642150878906,60.29650254821265,59.35386792627626,59.66808272847522,12399900
2010-12-14,59.084529876708984,59.648825778113526,58.63565869290184,59.25125555597834,23516400
2010-12-15,58.315025329589844,59.14864380273988,58.013638345265754,59.04604678877552,26084000
2010-12-16,58.719051361083984,58.72546520790058,58.077803664712064,58.37277701796335,17939000
2010-12-17,59.78992462158203,60.12978506548713,58.90500469826325,58.917827497587766,16849700
2010-12-20,59.725791931152344,60.42475425218323,59.40516818022611,60.11695329866876,13703500
2010-12-21,60.1425895690918,60.1425895690918,59.30896605680657,59.71936396959433,8985100
2010-12-22,59.71297836303711,59.98871502714501,59.59113975330799,59.93741404490844,6440900
2010-12-23,59.591102600097656,59.78347871737876,59.33460274116547,59.75141440038929,7091800
2010-12-27,60.12340545654297,60.20035207470736,59.18718409432084,59.48215754606206,5285900
2010-12-28,58.945831298828125,59.88525777144452,58.75279637731049,59.79517611715815,13972100
2010-12-29,59.94319152832031,60.17482664379997,58.85577057462463,59.04236975602756,13115400
2010-12-30,59.89815902709961,60.02041487518859,59.460622116222865,59.76303646772565,7029900
2010-12-31,60.56081771850586,60.934010685989136,60.12327656541899,60.168317349895105,8516000
2011-01-03,60.104061126708984,60.68315636327094,59.808072789646275,59.9689336684878,13799400
2011-01-04,60.174827575683594,60.33568843361687,59.7823315986835,60.10405331455005,10466900
2011-01-05,58.849365234375,59.64080321290414,58.675637580549036,59.512111516471705,17568000
2011-01-06,59.10673141479492,59.27402813079032,58.656322843751816,58.900829652448756,9317500
2011-01-07,59.4219970703125,59.602160437047495,58.5726519777878,58.88150697010749,12694600
2011-01-10,59.74370193481445,59.83378359279685,59.31259615602979,59.56997442558616,8295200
2011-01-11,59.40913772583008,59.58286530554782,58.99733429108474,59.51208612997432,9495400
2011-01-12,58.945831298828125,59.30615791597359,58.842878031596854,59.02947714664204,9522900
2011-01-13,59.47347640991211,59.69224481967335,58.842899688741625,58.95228880270603,14502400
2011-01-14,59.093841552734375,59.77589491860774,59.042369809849596,59.69867994065498,8960700
2011-01-18,58.81719207763672,59.010222245809295,58.37965015705856,58.739977064916125,10663600
2011-01-19,59.24180603027344,59.24180603027344,58.78496201828888,58.81713613692662,8886900
2011-01-20,58.42460250854492,58.94578955483562,58.160788629902946,58.87501046100867,14203400
2011-01-21,58.88793182373047,58.88793182373046,58.23805759031174,58.3538775869053,9085600
2011-01-24,58.91365051269531,59.13242372627855,58.79783055469981,59.11312121812621,7700200
2011-01-25,59.47347640991211,59.775895607356944,58.759253810141814,59.15819050386876,13438100
2011-01-26,58.572689056396484,59.364127100229354,58.482607316004014,59.33838875881912,13322900
2011-01-27,58.83644104003906,58.97156350747289,58.34098708370024,58.59836531603768,10868700
2011-01-28,59.14530563354492,59.376945609085084,58.40534487329624,58.43108319380988,11993200
2011-01-31,58.69491958618164,59.18393804347639,58.58553536427287,58.97803631026037,8647600
2011-02-01,58.404354095458984,58.65618011224784,58.20418596066958,58.46892891114168,11508400
2011-02-02,58.41726303100586,58.75948783125503,58.0492092932933,58.69491795077962,13624600
2011-02-03,57.93293762207031,58.481788579606295,57.92647916100875,58.08790620301124,12785800
2011-02-04,57.345394134521484,57.88779206158761,57.31956519262625,57.7909347610722,17172200
2011-02-07,57.642398834228516,57.66177422845295,57.190404829628626,57.27434516580713,8554800
2011-02-08,57.1129150390625,57.81673986804725,57.05480363852982,57.66822474496664,10454200
2011-02-09,57.610137939453125,57.89425137810244,56.91277127715045,57.26791307546209,13078600
2011-02-10,56.94501876831055,57.55843970662418,56.9385603056776,57.403471087978424,10486800
2011-02-11,57.76508331298828,57.81028271210281,57.30017239274451,57.48742845375186,11333400
2011-02-14,57.803836822509766,58.068579736606345,57.668238595667404,57.668238595667404,8033500
2011-02-15,58.06208038330078,58.094367763969075,57.706943827762764,57.82962503630448,7298000
2011-02-16,57.87485122680664,58.32039166936197,57.68759517017274,58.02982481417844,8446300
2011-02-17,57.96525573730469,58.229998613723595,57.894232327380394,58.1266828786239,6732500
2011-02-18,57.78447341918945,57.823219293288155,57.51973539907631,57.73927400471323,6080700
2011-02-22,58.649715423583984,58.7207437662404,57.9265199921576,58.055664672608295,11905700
2011-02-23,58.862770080566406,59.114595919555256,58.59156885473255,58.82402423323968,14522600
2011-02-24,59.23731231689453,59.43102688945631,59.04360267069897,59.16628396871296,12110900
2011-02-25,59.58595275878906,59.58595275878906,59.172699898995994,59.23726973464566,6841700
2011-02-28,59.66347885131836,59.74096073463384,59.45685228520055,59.59890897310016,9682500
2011-03-01,59.83644104003906,59.85587397427417,59.25342830172678,59.28581487803467,8048700
2011-03-02,58.916595458984375,59.59029876050254,58.910121106748825,59.49312911217955,8526400
2011-03-03,58.34003829956055,58.80644846978315,58.28821879128708,58.64450076858095,10607600
2011-03-04,58.82588195800781,58.85179418351477,58.30117298268419,58.36595107532573,9316200
2011-03-07,58.45015335083008,58.85825968689232,58.203989737307964,58.31411296322548,7522300
2011-03-08,58.09388732910156,58.52142674738563,58.07445439312305,58.37243761004886,8498700
2011-03-09,58.65745162963867,58.832352949319244,58.20399516062252,58.35946354947758,8904800
2011-03-10,59.64205551147461,59.66148843062342,58.71571514147987,58.8647090920341,13385800
2011-03-11,59.30526351928711,59.64859193243126,59.16274871935873,59.62267970133039,8407600
2011-03-14,59.27933120727539,59.54492283714762,59.15624938680352,59.25989827609585,6765200
2011-03-15,60.16681671142578,60.27694491998595,59.82996761970402,60.114997195797116,14893800
2011-03-16,60.84699249267578,61.50126261086097,60.29637127894646,60.484231211583854,24294200
2011-03-17,60.380592346191406,60.639709708160915,60.0890884028836,60.40002528344492,10528500
2011-03-18,60.542510986328125,60.55546956643837,60.04371438158871,60.08258023741898,7260900
2011-03-21,60.186222076416016,60.361123349464926,59.96597072053073,60.32873184522455,10542900
2011-03-22,60.38705062866211,60.43239578056071,60.076108914035316,60.121454065933925,6904700
2011-03-23,60.30931854248047,60.814594542634616,60.19919529983175,60.79516161066734,8358000
2011-03-24,59.85585403442383,60.166790763106434,59.84937474441996,60.08905905206088,9477600
2011-03-25,59.706871032714844,60.21862630792554,59.6097014337316,60.15384822268708,6447200
2011-03-28,59.79111099243164,60.030790498249324,59.59677171645501,59.67450841529628,3996800
2011-03-29,59.3311767578125,59.920668954402224,59.318223112089456,59.583819800817544,6487200
2011-03-30,59.80409240722656,59.80409240722656,59.31176963713274,59.4154186170495,5048300
2011-03-31,59.68095779418945,60.063156892416856,59.34410879133316,60.03076537922349,9654300
2011-04-01,59.97111129760742,60.02314884011615,59.47021086696975,59.52225337252498,7860400
2011-04-04,60.03612518310547,60.22477542793265,59.93204023573456,59.97757615944847,4469100
2011-04-05,59.79542922973633,60.09466599267418,59.632800230549904,59.951556642346404,9951600
2011-04-06,58.89775085449219,59.71089629102475,58.89775085449219,59.69788318473454,9090900
2011-04-07,58.780662536621094,59.040870090273195,58.6310415802811,58.891249133933194,9265100
2011-04-08,58.4683837890625,58.754612453931394,58.4488691006476,58.500911578449916,7605700
2011-04-11,58.520416259765625,58.68955180217874,58.31875789657042,58.43585097008057,5734000
2011-04-12,59.15141677856445,59.353075139140444,58.91072408529673,58.94325186869935,7686500
2011-04-13,59.52225875854492,59.52225875854492,58.832712868205654,58.89776352451271,7959300
2011-04-14,59.4766845703125,59.69785765219247,59.34007679096715,59.548241735166314,7609600
2011-04-15,60.2833137512207,60.30933498558692,59.89300516181343,60.01660478429221,10222900
2011-04-18,60.419944763183594,60.56305912575671,59.489706369503224,59.84098572407954,12036700
2011-04-19,60.680152893066406,60.68015289306641,60.34188663858449,60.40693726871044,5295100
2011-04-20,60.28986358642578,60.66716431105915,60.24432763435255,60.54356459984044,6754100
2011-04-21,60.237789154052734,60.64761746854768,60.21176791479561,60.426439416384014,3365600
2011-04-25,60.46550750732422,60.478520616806506,60.17277706358508,60.257342423031545,3626900
2011-04-26,61.05096435546875,61.06397746303217,60.61511954997535,60.67366364487161,7506300
2011-04-27,60.42647171020508,60.86882308789509,60.33539980565536,60.784257737397944,8869300
2011-04-28,60.88832092285156,60.888320922851555,60.47849746588607,60.641126530831215,8110200
2011-04-29,61.07695770263672,61.09647239201958,60.72567840461294,60.80374212518848,5900000
2011-05-02,61.17497634887695,61.20110893193194,60.8679247283316,60.96592066871765,5285100
2011-05-03,61.5212516784668,61.5212516784668,61.13580712182973,61.38405929470024,6486600
2011-05-04,61.7955436706543,61.880475721867626,61.586488211496984,61.612620766926064,7406300
2011-05-05,62.383609771728516,62.47507136443446,61.93936561389261,62.011229005916285,9600000
2011-05-06,62.10917282104492,62.38355736867595,61.63879646266098,61.74332675753687,9451500
2011-05-09,62.043853759765625,62.194109852230476,61.95892163558328,61.998122994544204,3731200
2011-05-10,61.5996208190918,61.99159958819802,61.5996208190918,61.867471067340205,5458300
2011-05-11,61.952396392822266,62.122250684042804,61.527750696211065,61.619212232800564,6078700
2011-05-12,61.56043243408203,62.135334371164774,61.35137673111729,62.03080402754184,8015800
2011-05-13,62.11567687988281,62.38352690722506,61.7563603970472,61.83475807992307,8380000
2011-05-16,62.46196365356445,62.579557759282956,61.90666009266908,62.0830487591071,6053600
2011-05-17,63.10218048095703,63.10871486991593,62.70367247147523,62.73633444771295,9826900
2011-05-18,62.2660026550293,62.971567638792365,62.2464044584162,62.893169868058045,7707600
2011-05-19,62.239830017089844,62.272496979947014,61.710659111899076,61.710659111899076,8052400
2011-05-20,62.272525787353516,62.33132535084148,61.88054697313088,62.07653388810167,5602300
2011-05-23,62.5730094909668,62.840864610694005,62.44888102238312,62.54034751479313,6300000
2011-05-24,62.80824279785156,62.80824279785156,62.36399873147712,62.48159289564335,5549100
2011-05-25,62.51420211791992,62.89964625392892,62.416206240946956,62.814719152166944,5664500
2011-05-26,63.049922943115234,63.076055515758775,62.64487554355827,62.69714068884535,8307900
2011-05-27,63.0237922668457,63.049924840275565,62.63834303910365,62.80166788483124,5390600
2011-05-31,63.167572021484375,63.2133028173541,62.77558807484914,62.834387660557596,7003900
2011-06-01,64.0212173461914,64.07367345686389,63.529452564239406,63.549122355119074,12746400
2011-06-02,62.801666259765625,63.54259537259451,62.80166625976563,63.26720317891444,15738700
2011-06-03,63.16230010986328,63.33933331523916,62.66397682427967,63.326221782523056,10644100
2011-06-06,62.68366241455078,62.9393798881156,62.42794494098595,62.598424924193736,8776900
2011-06-07,62.97215270996094,62.985264243164394,62.368922132749,62.441048071599624,7399200
2011-06-08,63.46391677856445,63.4966981123196,63.05738922055871,63.11640362530606,7401800
2011-06-09,63.208213806152344,63.81800278124439,62.900040183983045,63.667192603536165,9963000
2011-06-10,63.69337844848633,63.85730005351177,63.47044746684712,63.54257337325754,7710800
2011-06-13,63.37211608886719,63.791755147090534,63.365557821631526,63.43112548651164,5540000
2011-06-14,62.41482162475586,62.880358604213114,62.375477019137705,62.77544632588839,8672400
2011-06-15,63.549137115478516,63.562253647438204,62.532825998216346,62.53937926170498,12979100
2011-06-16,63.8376579284668,63.94912346759543,63.47047497487011,63.66717798465724,10961200
2011-06-17,63.536041259765625,63.69996293226116,63.36556131967239,63.509813191867245,9622900
2011-06-20,63.61473083496094,63.8376669472063,63.332785312190566,63.81799714369797,6613800
2011-06-21,63.332794189453125,63.621298021329835,63.12297458513205,63.4049201474223,7894900
2011-06-22,63.37211608886719,63.640945015623316,63.214752692656475,63.575377350743196,5503700
2011-06-23,63.857330322265625,64.08681967758248,63.699966907547314,63.7589763121319,8586800
2011-06-24,63.58846664428711,64.05400336874254,63.58846664428712,63.83762566509016,7960900
2011-06-27,62.716407775878906,63.51634601763613,62.650840133642674,63.50322948769462,9331300
2011-06-28,62.21155548095703,62.73610686881632,62.10664820488084,62.60497152309789,12634300
2011-06-29,61.79848098754883,62.42138144743397,61.64767082223813,62.25745974720174,11084900
2011-06-30,61.700069427490234,61.83776292697776,61.070611285909294,61.785311833712484,11555600
2011-07-01,61.601402282714844,61.996160570005095,61.423765069082336,61.930364175749965,6637200
2011-07-05,61.73952102661133,61.95663692369491,61.640836545715615,61.87110870039979,4615600
2011-07-06,62.055362701416016,62.14089097471055,61.739557119261775,61.96983442812147,5652700
2011-07-07,61.87118148803711,61.936972892552625,61.54880009221739,61.7330180326858,6823700
2011-07-08,62.74620056152344,62.90410088301588,62.39092107349491,62.39749669803492,12129300
2011-07-11,63.68699645996094,63.68699645996094,62.99617478091107,63.18697319721587,9760800
2011-07-12,63.904151916503906,64.02257842913892,63.529135463086625,64.01600280367578,9083900
2011-07-13,64.081787109375,64.10152402270485,63.2330646992654,63.62781802454499,13112200
2011-07-14,63.16729736328125,64.41077357207192,63.16729736328126,63.56863148564891,11471500
2011-07-15,63.27250289916992,63.29223980138654,62.66063383266447,62.6935320160642,7086200
2011-07-18,62.66065216064453,63.272521406119196,62.63433461013859,63.20014939711771,8206500
2011-07-19,63.96338653564453,63.99627973133968,62.61464002307082,62.71332964928207,15249400
2011-07-20,63.20671844482422,63.71331739534322,63.07513573599187,63.63436977786724,9673300
2011-07-21,62.719871520996094,63.06857030107895,62.43696411119231,62.66065577405308,11099200
2011-07-22,63.19356155395508,63.219874079813266,62.85143848309612,62.95670866476304,4974500
2011-07-25,62.50278091430664,63.19360313223687,62.39093503736535,62.48304399714781,10869400
2011-07-26,62.930423736572266,63.07516780160676,62.66067252090597,62.70015136927246,7682800
2011-07-27,62.93703079223633,63.055452328347016,62.568589830382265,62.72649023142644,11224200
2011-07-28,63.17387008666992,63.364668678661566,62.96991522124137,63.23308586604235,7081600
2011-07-29,64.42391967773438,64.82525373675728,63.673886686673015,63.74625873138613,19582400
2011-08-01,65.0741195678711,65.31176130379511,64.26217613075133,64.28858132766248,14348200
2011-08-02,67.028076171875,67.0478788156178,65.27877045461423,65.49660960834039,20850600
2011-08-03,67.16008758544922,68.26908080353701,66.90924573998394,67.04786926271031,21179700
2011-08-04,69.5497817993164,69.67520537813749,67.51002192423351,67.58263504499493,34076600
2011-08-05,67.54297637939453,69.64214258482427,67.51657117121748,68.28230709951643,41677700
2011-08-08,69.67513275146484,69.83355892422402,67.95882990751099,68.11065855710157,38259500
2011-08-09,69.8863754272461,72.19677787977892,67.9918436031092,69.31867613600724,39881400
2011-08-10,71.96571350097656,71.99872125558839,70.59267854033122,71.04815432906172,46221000
2011-08-11,68.33511352539062,71.1670079331676,68.12387689301997,70.85675302768725,37790100
2011-08-12,69.6883316040039,69.74774456541316,68.69815922825148,68.94240356066352,15590800
2011-08-15,68.98200225830078,69.628917031326,68.96219961848065,69.27245440573373,10051700
2011-08-16,70.12403869628906,70.39468330473191,69.06785036557577,69.08765805170698,15993200
2011-08-17,71.35177612304688,71.35837867841045,69.82031063651687,70.18337563740131,15906600
2011-08-18,72.8172607421875,74.0252720144188,72.13734331551584,72.67203468284478,27274600
2011-08-19,73.40475463867188,73.54338316139629,72.76444759258237,73.04169456547996,15708400
2011-08-22,73.21995544433594,73.44439716581522,72.87009529606436,72.91630314515159,13157700
2011-08-23,72.2099380493164,73.38494126988547,72.1835328601011,72.45418227235179,16017800
2011-08-24,70.15702056884766,72.22318371775847,70.07120743291718,72.14396810563039,14621600
2011-08-25,70.91612243652344,71.22637715138907,70.2097999088343,70.42763896858364,10565900
2011-08-26,71.61585998535156,72.13074877203044,70.8501293641123,71.74788597954917,11504800
2011-08-29,70.62569427490234,70.89634381102626,70.36824985756736,70.43426034268043,6764300
2011-08-30,71.76107025146484,72.05152233843464,71.45741808612169,71.57623893658429,9508700
2011-08-31,70.65204620361328,71.92606724714751,70.65204620361328,71.82704907600035,12186000
2011-09-01,72.14983367919922,72.15645616664881,70.23634397597522,71.15667272383129,10686600
2011-09-02,74.49368286132812,74.54003016350231,73.26878554545883,73.75212097506423,16557100
2011-09-06,75.26830291748047,76.09593643607896,75.07629133498872,75.75826054607802,14016200
2011-09-07,73.83153533935547,74.40094762738921,73.69911094011837,74.34135538486395,11524300
2011-09-08,74.49368286132812,74.57313249278268,73.71901359430679,74.3546409548056,11480900
2011-09-09,75.28813934326172,75.5993302471462,74.29497946353119,74.51347584942528,11492700
2011-09-12,75.36760711669922,75.6456907192435,74.88426700149039,75.19545795973087,7602200
2011-09-13,74.29502868652344,75.2087345627068,74.22881899430303,75.08293766293073,9282400
2011-09-14,74.92398834228516,75.04978516642424,74.03676283526526,74.13607983961809,11948500
2011-09-15,73.7785415649414,74.48037297229367,73.7785415649414,74.1427022299672,8884000
2011-09-16,74.31488037109375,74.54661678618122,73.65939592513922,73.69912072444707,10053500
2011-09-19,75.73172760009766,76.26803721475417,75.55958357455097,75.61254824700409,13033500
2011-09-20,76.04955291748047,76.05617539688586,75.51324826949185,75.72512214721948,6360600
2011-09-21,78.5655517578125,78.65162377556557,75.61255262158869,75.89725858981335,18687100
2011-09-22,81.51860809326172,82.01518829717699,80.26722638351325,80.38640583451192,25041400
2011-09-23,80.00232696533203,81.6774555467766,80.00232696533203,81.51855140643637,15173800
2011-09-26,78.71783447265625,79.83017349709696,78.51258309213993,79.53222761883319,15110100
2011-09-27,77.5128402709961,77.66512705253074,76.97653539747733,77.30096630416995,13589600
2011-09-28,77.48640441894531,77.539374207034,76.64553050181462,77.40033230190895,12642600
2011-09-29,78.02264404296875,78.67151077290058,77.52606406290462,77.87036234457385,12341800
2011-09-30,79.98249816894531,80.05533031624465,78.78408150523028,79.46605065587534,13546400
2011-10-03,82.1836166381836,82.1836166381836,80.39139049736983,80.90250519064416,15882000
2011-10-04,81.14144134521484,82.99341041913982,81.10161568694777,82.5553129853008,17301400
2011-10-05,80.55733489990234,80.83612472342669,80.09268519402846,80.75647338202086,14275000
2011-10-06,79.07044219970703,80.32500133378132,79.07044219970703,80.07939790771702,9681600
2011-10-07,78.48633575439453,79.02400777990063,77.56367032166976,78.16108086984133,11564600
2011-10-10,77.3778076171875,77.60349828921758,76.86669281690396,77.54375470438781,3567600
2011-10-11,77.1189193725586,77.9021897130252,76.93305947216015,77.8557247379256,7520200
2011-10-12,75.99716186523438,76.41535195998799,75.32673896846447,76.13655687538373,14033400
2011-10-13,76.75385284423828,77.36454203682611,76.3091158202251,76.3555808068488,11263300
2011-10-14,75.63867950439453,76.07678224074381,75.41299389910174,75.59221452305171,8411000
2011-10-17,76.94629669189453,76.97948811457252,75.81785922104403,75.87096347160879,9664000
2011-10-18,76.4683837890625,77.54372228773127,75.87097857632537,77.0923461966692,12495600
2011-10-19,76.4417953491211,76.82678837323621,75.77800763708343,76.03024514451035,6629300
2011-10-20,75.89750671386719,76.78034584396148,75.71828620760358,75.97716308570645,7832100
2011-10-21,75.09434509277344,75.80459814928417,75.09434509277344,75.57891262866453,9906300
2011-10-24,75.22052001953125,75.72500074718009,75.0412993351889,75.62543144952106,6344500
2011-10-25,77.13216400146484,77.2317332148764,75.24036920384752,75.26028203366972,11791200
2011-10-26,75.78466796875,77.13879597539508,75.71829018754487,76.59449006663286,12747000
2011-10-27,73.21588134765625,74.90853916375086,72.89726060554044,74.68948772006529,19471400
2011-10-28,73.9858169555664,74.3177109873414,73.52116733680181,73.61409726055473,10127900
2011-10-31,76.91980743408203,76.91980743408203,75.31344052384625,75.41300980895929,15242100
2011-11-01,79.49462127685547,79.52124210324152,77.97726971467475,79.00214868222217,24400600
2011-11-02,78.50302124023438,78.76922443221397,77.47814225142521,77.6178977847987,13181100
2011-11-03,77.4249038696289,78.09706581536807,77.19197797082933,77.4249038696289,8386700
2011-11-04,77.51805877685547,77.89739659083865,76.88582570194853,77.0122733324104,7583700
2011-11-07,78.01054382324219,78.76256309759736,77.41158794758604,77.62454947255232,9279700
2011-11-08,77.01224517822266,78.22346416580955,76.86583325487689,77.69771456715911,7539400
2011-11-09,78.60951232910156,79.28166923556373,77.91072951566196,78.7026826939063,13004500
2011-11-10,77.4382553100586,78.27013756022903,76.67292262442052,77.71776652753834,11644600
2011-11-11,76.96575164794922,77.31181245175354,76.86592475616119,77.08554290261353,2483900
2011-11-14,78.20354461669922,78.26343766833418,77.33838552545755,77.45817670613097,9252600
2011-11-15,78.0970230102539,78.83573408256073,77.67775662221531,78.32994878138646,7587500
2011-11-16,78.80913543701172,78.81579191160245,77.98391029684578,78.50300361206955,7470000
2011-11-17,79.44137573242188,79.96712557003057,78.55625239528055,78.55625239528055,9907900
2011-11-18,79.42141723632812,79.56117784765956,78.7426039176209,79.31493900555606,6792600
2011-11-21,79.8938980102539,80.34644173076704,79.80072769227192,80.11351085841055,7345600
2011-11-22,80.78572082519531,80.79903377995655,79.76084163697656,80.09359442234351,7866300
2011-11-23,81.57769012451172,81.8904786166632,80.54615425602137,80.63267324677297,10129300
2011-11-25,80.39302062988281,81.10511090609842,80.35308686999892,81.05852575073482,4311900
2011-11-28,80.3531265258789,80.62598619724248,78.91563739565743,78.94890962167986,7661900
2011-11-29,79.6942367553711,80.47287651386193,79.24834955118243,79.88057737339615,8952800
2011-11-30,78.44975280761719,78.9022965562861,78.03714282442617,78.75588459680472,11806800
2011-12-01,78.0561294555664,78.21624316773267,77.2555558048119,77.58245611837896,9647200
2011-12-02,79.15028381347656,79.17697029217747,77.76261746058131,77.80264972359535,7764900
2011-12-05,78.99014282226562,79.27701600707744,77.97607734063722,78.0561367491627,7862800
2011-12-06,78.23632049560547,78.91681323417039,77.90274702099485,78.5965804589762,8506300
2011-12-07,78.5165023803711,78.88343003771972,77.9560964654362,78.27632914395981,6588300
2011-12-08,79.4972152709961,79.6106290056133,78.3297083689425,78.53652224852992,8800500
2011-12-09,77.86266326904297,79.47715649171799,77.8092903302958,79.4371293326194,9855100
2011-12-12,78.72998809814453,79.0502156825207,78.46312838454728,78.66327444222664,5734600
2011-12-13,79.46385192871094,79.81076600843822,78.16291776732628,78.24297212191863,8901800
2011-12-14,80.9649429321289,80.98495652344062,79.71737647779071,79.91752257076101,11247700
2011-12-15,80.66472625732422,80.93825381289318,80.30446635565846,80.49793954858598,5438700
2011-12-16,81.60541534423828,81.80556146673923,80.91825479487363,80.97829557766751,9321900
2011-12-19,82.63947296142578,82.73954090586797,81.56536624505455,81.60539342283143,7845100
2011-12-20,80.5779800415039,81.8388869353335,80.46456632066591,81.8322191328787,13945400
2011-12-21,79.4571533203125,80.61131909476796,79.43713973814162,80.47788673042164,11600100
2011-12-22,79.790771484375,80.33783176114527,79.62398475255569,80.05763127327133,5247400
2011-12-23,78.9034194946289,79.19696560267282,78.5498326408074,79.09689260311929,5409700
2011-12-27,79.27824401855469,79.27824401855469,78.72273127437158,78.93690615445387,4270300
2011-12-28,80.74403381347656,81.01844818453506,79.27827094813229,79.47236779700286,8302300
2011-12-29,80.89122009277344,81.04515551328316,80.3557805543999,80.63688912052744,4305000
2011-12-30,81.15227508544922,81.49361804341657,80.91132771586423,81.0585738979808,5948800
2012-01-03,79.93415832519531,80.44951488066265,79.59950975230348,79.92746392396452,9076900
2012-01-04,78.98374938964844,79.83375442960984,78.76288012898983,79.8203707348721,8417100
2012-01-05,78.84317016601562,79.71325299831739,78.68922964530526,79.09080672993143,6465800
2012-01-06,79.46566009521484,79.61959559417231,78.78297408056551,78.80974658176082,7348500
2012-01-09,79.32508850097656,80.0077743892323,79.17784743116151,79.29162671042695,5582400
2012-01-10,79.19123840332031,79.55935387751443,78.76288863680281,78.79635553675938,8932500
2012-01-11,80.22196960449219,80.35582701331228,79.63298985681784,79.6731460581973,8634500
2012-01-12,80.1081314086914,80.44277979107366,79.80694480074992,80.28214489097324,7205400
2012-01-13,80.90469360351562,81.41336121905864,80.85784297486926,81.0519398953572,9819000
2012-01-17,81.2794418334961,81.406604810778,80.87117019210355,80.95148257642231,5449900
2012-01-18,80.29560089111328,81.39324809552254,80.25544468564303,81.33970308400664,5804000
2012-01-19,79.19123840332031,80.02116543765648,78.92351852266388,79.86722995305313,8625700
2012-01-20,78.29434967041016,78.9502577398717,78.28765527197446,78.78293352328846,6548200
2012-01-23,77.79907989501953,78.06679970955751,77.33726844893054,77.72545681836333,7274800
2012-01-24,77.93965911865234,78.11367782538473,77.49123120739247,78.11367782538473,5776500
2012-01-25,77.75220489501953,79.3317456878288,77.56480261558947,77.67858184148214,12867600
2012-01-26,78.782958984375,78.782958984375,78.03334441354285,78.07350571080646,7638500
2012-01-27,79.03055572509766,79.19787990044398,78.3144084588685,78.86323154975132,5165300
2012-01-30,79.96092987060547,80.57668201186662,79.87391797463836,80.20856654354097,8388400
2012-01-31,80.88453674316406,80.92469803314255,79.77350644281712,79.82035702584987,7998300
2012-02-01,79.95807647705078,80.44112659050217,79.70984096914536,80.34049029710404,7925200
2012-02-02,79.92451477050781,80.15933445182364,79.59577438266867,79.81046271411495,5596900
2012-02-03,78.20699310302734,78.36130271095794,77.80445319867579,78.13319352339609,12467400
2012-02-06,78.9852294921875,79.03219238866608,78.05267177313267,78.28749137409737,6180600
2012-02-07,78.00572967529297,78.41498007596962,77.6702788628415,78.24054933886755,8794800
2012-02-08,78.06611633300781,78.3546042469903,77.8111755489244,77.9587696121895,7613400
2012-02-09,77.48239135742188,77.85138912772527,76.89871048985026,77.73062668640515,11477700
2012-02-10,78.48876190185547,78.71687106435846,78.17343739053864,78.36129410260017,7193100
2012-02-13,78.58940124511719,78.7437108421802,78.11306179468163,78.2271138211439,6422900
2012-02-14,79.0053482055664,79.35421467215886,78.64977129195158,78.79065996799304,8271200
2012-02-15,78.86446380615234,79.34750852795824,78.82420624040648,78.93826337168622,6846100
2012-02-16,78.23387908935547,78.89807060609911,77.9118438917543,78.67667172765928,9036200
2012-02-17,78.21365356445312,78.23377977902193,77.66351485243902,77.73060394052477,6338000
2012-02-21,77.34822082519531,77.77088685251492,77.12011169401156,77.67025062165654,8338300
2012-02-22,78.3210678100586,78.33448871127989,77.69712898619424,77.75080235393128,7736800
2012-02-23,78.3210678100586,78.64310289790674,77.77763903779979,77.91852778917897,5163900
2012-02-24,78.83092498779297,78.8845983353909,78.46192712127231,78.6497838378651,5676900
2012-02-27,79.5286636352539,79.73664146024753,79.24688623650665,79.50182696129147,8180700
2012-02-28,79.26699829101562,79.93118921748244,79.12610961683002,79.75004809883559,6615700
2012-02-29,78.78398132324219,79.44817252656819,78.46865672733358,79.41463051505937,14235000
2012-03-01,78.0422592163086,78.4591678504756,77.69259771653724,78.11622695995493,12265600
2012-03-02,78.77521514892578,78.99711839179623,78.37175797203896,78.40537641080833,6669600
2012-03-05,78.14988708496094,78.97025325808123,78.14988708496094,78.64748430479645,6921900
2012-03-06,79.09799194335938,79.42076081648723,78.97023364649053,78.97695425721608,6299700
2012-03-07,78.61384582519531,79.08454508482637,78.54659867647331,78.98367949198052,5567500
2012-03-08,77.82711791992188,78.38523656145907,77.75987588449006,78.21712890776028,7982100
2012-03-09,77.98177337646484,77.99521973044845,77.26227287774644,77.65900444823916,6975600
2012-03-12,77.96831512451172,78.35160030775124,77.91452458300823,78.21711625863611,5280000
2012-03-13,76.59651947021484,77.60516467705843,76.58306799452542,77.51101973793699,14413600
2012-03-14,74.66667175292969,75.81652711392938,74.60615034959456,75.78290354205022,24515300
2012-03-15,74.78095245361328,75.13733959363086,74.55904928446604,74.57250075969387,14154000
2012-03-16,74.92891693115234,74.93564267137215,74.10182531216007,74.3035564768616,13427200
2012-03-19,74.03459167480469,74.96254898110996,73.75889785744766,74.8818554800547,14011400
2012-03-20,74.33043670654297,74.55233990912208,73.86645821573853,74.25646897234994,9443800
2012-03-21,75.1709976196289,75.23823963589656,74.5120135476371,74.54563712088941,10242000
2012-03-22,75.41304779052734,75.56098325504028,75.22476815577824,75.5071876079019,8009800
2012-03-23,76.12590026855469,76.2469380336897,75.75606635803811,75.77623846385386,8465300
2012-03-26,75.73582458496094,75.99135138819224,75.17771132209694,75.87031372619747,8118600
2012-03-27,76.2804946899414,76.45532287375035,75.78289257537001,75.83668823049709,6972300
2012-03-28,76.17293548583984,76.61674213234436,75.8837901304549,75.9308600659716,7886000
2012-03-29,76.74449157714844,76.78484089595133,76.37465787807889,76.67052381128701,7692900
2012-03-30,75.4466781616211,76.83860868762726,75.43995755234174,76.7982645110067,9467500
2012-04-02,75.86470794677734,76.38382418139662,75.64222956051195,76.18157016778567,8944000
2012-04-03,74.550048828125,76.47818394857767,74.54330565818451,76.18828936351571,14774300
2012-04-04,75.57478332519531,75.58826966397669,75.10960750786171,75.35230502708335,10095600
2012-04-05,76.12083435058594,76.22869929707451,75.72981298956577,76.18150741857407,6364100
2012-04-09,77.90069580078125,78.04900954705589,77.6916986635391,77.89395263028129,14374600
2012-04-10,78.78387451171875,79.0737691711919,78.0557662772002,78.17037447794861,14421300
2012-04-11,77.84001159667969,78.24451435567768,77.76585215745136,78.00855484155649,8713000
2012-04-12,77.51638793945312,78.03549871309542,77.40851782654923,77.98156365664347,9008500
2012-04-13,78.77031707763672,78.81077092762204,78.2849171695673,78.30514152279581,8607700
2012-04-16,78.6557388305664,79.28271973623444,78.58832257971042,78.67596319147017,7735000
2012-04-17,78.60855102539062,78.76361303959415,78.3725915633683,78.56135913298615,5398600
2012-04-18,78.8377685546875,78.95911986393116,78.69619288449161,78.91192797386586,4074400
2012-04-19,78.91191864013672,79.19506994703727,78.89168913804698,79.04675112622375,5374300
2012-04-20,78.92544555664062,78.96589429719471,78.42655889685399,78.58161583133305,5043300
2012-04-23,79.49848937988281,79.8288378966677,79.4108487300292,79.62658391265786,5170100
2012-04-24,78.93888854980469,79.39058822268065,78.93215052532858,79.28946127670751,4336600
2012-04-25,78.534423828125,79.09398874162426,77.99508842841186,78.48049388862651,8859500
2012-04-26,79.0063705444336,79.18839507198254,78.60186245026422,79.16142752280231,5133000
2012-04-27,79.07374572753906,79.12093762818131,78.73665925337112,78.89171615111078,3112900
2012-04-30,79.09394836425781,79.3838428581434,79.00630775672217,79.26249155503943,4198400
2012-05-01,78.6837387084961,79.48794587947143,78.44044923082234,79.35954166737488,7214300
2012-05-02,79.23792266845703,79.2852286847069,78.9338133005606,79.2176493980598,3565700
2012-05-03,79.21762084960938,79.31899232103228,78.77158843773545,78.82565390995663,3522900
2012-05-04,79.83940124511719,79.87319347241868,79.33930824806913,79.39337374936352,6367300
2012-05-07,79.85289001464844,80.05562783391404,79.75827284516284,79.96101582039648,3228200
2012-05-08,80.27867126464844,80.76525044523179,80.19081869547581,80.21109196867181,6051600
2012-05-09,80.33273315429688,80.80579336084742,80.04213755428167,80.72469511573752,5828900
2012-05-10,80.0962142944336,80.16379875718094,79.36635056288598,79.7583126045793,6300000
2012-05-11,80.75851440429688,80.82609371988445,80.39357991295839,80.75175492594673,5234300
2012-05-14,81.8870849609375,81.97494269012027,81.50187728458927,81.68434706368424,8789400
2012-05-15,82.21818542480469,82.26549142279497,81.65050829295423,81.832972812069,6766400
2012-05-16,82.45472717285156,82.5696124477868,81.58294066617015,81.75865089346205,6462300
2012-05-17,83.91451263427734,83.98885142579898,82.46153419449669,82.46829367262714,14863400
2012-05-18,83.93474578857422,84.0969422503421,83.19812285959416,83.30624867813745,10137700
2012-05-21,83.75907135009766,84.103727356591,83.54281447787868,83.73203859657397,9583500
2012-05-22,82.826416015625,83.04267277457045,82.48851450752474,82.95482023861281,12475500
2012-05-23,83.40087890625,84.1510157464129,83.36708668243632,83.49549094576494,11744900
2012-05-24,83.08321380615234,83.65764526505819,82.95480959963243,83.2791972744317,10256200
2012-05-25,83.3940658569336,83.48867783566865,83.21835568672586,83.41433911581024,4723600
2012-05-29,83.13727569580078,83.67116063895106,83.12376190557994,83.38732464060806,5874100
2012-05-30,85.24577331542969,85.36741803784896,84.67810138145082,84.69161517017886,17170800
2012-05-31,86.23245239257812,87.23264299245118,85.60395546467716,85.84724493070122,31174500
2012-06-01,88.27965545654297,88.29320232883694,87.04038013916066,87.27062530197855,23526000
2012-06-04,87.58216094970703,88.15777398546548,87.31805371371475,87.56861407438383,11681200
2012-06-05,86.41056823730469,87.11485562878347,86.40379480246459,87.04036334539323,12482800
2012-06-06,84.68368530273438,86.41053859822328,84.68368530273438,86.3834500347713,20806700
2012-06-07,84.81237030029297,85.15096967647847,84.23675239410089,84.41282551636996,18898200
2012-06-08,84.79208374023438,85.97040851981559,84.3586768059834,85.83497079034399,11239600
2012-06-11,85.17804718017578,85.46924281252763,84.49407508249058,84.5076219490832,10693800
2012-06-12,84.39929962158203,85.0764985422397,84.31126562187893,84.62954994124686,10921700
2012-06-13,85.23223114013672,85.51665336197355,84.22997476325277,84.5482589876676,11100000
2012-06-14,85.1239013671875,85.51667797703752,84.7785336412393,85.2932010955762,7688200
2012-06-15,85.59793090820312,85.90266830709193,85.42185777035206,85.71982690108203,6421400
2012-06-18,86.0584487915039,86.23451680873889,85.50314582699895,86.10585251408536,6698400
2012-06-19,84.93428039550781,85.57762241713122,84.87333497764332,85.51667183264941,8227900
2012-06-20,85.35413360595703,85.67241785457223,84.03359290425249,84.35865058722153,13720300
2012-06-21,85.80785369873047,86.17354164673417,85.25255092582482,85.29318119784196,9776600
2012-06-22,84.66340637207031,85.47604817284447,84.6566381028617,85.25934472596157,7830400
2012-06-25,85.89591217041016,86.01780818783702,85.5099089763281,85.57085956835051,6113800
2012-06-26,85.55733489990234,85.97042677913126,85.2864593834277,85.40158199459135,5359700
2012-06-27,85.6927261352539,85.86202581423933,85.34735334347113,85.70626783626162,5860700
2012-06-28,85.90271759033203,86.32935639348355,85.86208729160136,86.20746033067167,5257800
2012-06-29,84.7852783203125,85.0764739787854,84.39927525364995,84.67015577702738,8881900
2012-07-02,85.66010284423828,86.33197194585388,85.0832453255686,85.13753396029274,7818500
2012-07-03,85.00176239013672,85.51075497929921,84.97461549738587,85.47682006892556,5773100
2012-07-05,85.43614196777344,85.72796472809831,85.00180183767262,85.06966651217411,5974700
2012-07-06,86.23014068603516,86.33194025260364,85.92474716407074,85.96546491960171,5818300
2012-07-09,86.99026489257812,87.04455870497475,86.26410715718085,86.44734230184076,5647000
2012-07-10,87.16670989990234,87.37030907838717,86.67807601373252,86.77308758296086,4288000
2012-07-11,87.27529907226562,87.86572738051026,87.04454780959172,87.26850587438769,5960900
2012-07-12,87.8929214477539,87.92685639089889,87.4789399945628,87.58074482399776,6421000
2012-07-13,87.66215515136719,87.7096661291824,87.27532590631763,87.70287292921579,4175300
2012-07-16,88.06932830810547,88.63939774498377,87.96074069475205,88.4290157162895,5283500
2012-07-17,87.3770980834961,88.10326612169665,87.30244539130244,87.72320946249297,5590900
2012-07-18,87.42461395263672,87.77750819417687,87.40424471227317,87.723214382674,4011000
2012-07-19,87.20068359375,87.6146649770576,86.94279049597147,87.1803247023979,5246300
2012-07-20,88.2661361694336,88.42901759292037,87.83179606228717,87.9539597187735,6365900
2012-07-23,88.76154327392578,89.20267653125403,88.57152014493276,89.11444780869161,6141100
2012-07-24,89.46060180664062,89.60989687148947,88.41546386428543,88.46297484143231,6748800
2012-07-25,89.69133758544922,89.72527251637567,89.22984530692096,89.3316500997003,5328000
2012-07-26,88.87010192871094,89.43338829026771,88.83616701912695,89.26372409782823,6606200
2012-07-27,87.1938705444336,88.23221518898092,86.16231392137325,88.15077964211027,14685100
2012-07-30,87.84536743164062,87.87250915636923,87.03776391079549,87.1327754805723,6025300
2012-07-31,88.0218276977539,88.14399136601753,87.26173502584163,88.09648039628001,7448600
2012-08-01,87.58185577392578,88.23474574405236,87.15339640673852,87.41183353327484,7972000
2012-08-02,88.07830047607422,88.88081069021642,87.81987377773349,88.13270882765437,7972000
2012-08-03,86.65685272216797,87.07170701357661,86.21479427524672,86.94248857205723,9084800
2012-08-06,86.6908950805664,87.14655319943348,86.62288725797889,86.82691072574146,3673600
2012-08-07,85.57552337646484,85.77954678030895,85.30348698267673,85.66393299926435,6613600
2012-08-08,85.11984252929688,85.95634811875404,85.0382300764903,85.79993073670131,7250700
2012-08-09,85.05870819091797,85.21513090194445,84.16099115943068,84.85467947021662,7553500
2012-08-10,85.48715209960938,85.9088089841442,85.41914426369479,85.82719646784754,4670500
2012-08-13,85.34429168701172,85.94956994666931,85.34429168701172,85.76594836205993,3543700
2012-08-14,84.18817901611328,84.60983586911992,84.1609748460485,84.3037928473899,7994000
2012-08-15,83.00484466552734,83.78694267746685,82.90283030220209,83.66452647920975,11191000
2012-08-16,82.2974853515625,83.31081544992401,81.96423835392625,83.11358922336231,13240000
2012-08-17,82.69877624511719,83.0524252378341,82.50835225919168,82.56276059478881,6341100
2012-08-20,82.86876678466797,83.09999952839918,82.63073689307883,82.66474338701835,4427100
2012-08-21,83.23602294921875,83.27682659485083,82.05947286508115,82.61034283576622,9532700
2012-08-22,84.60978698730469,84.67779477884386,83.79367792284883,84.00450363321886,11384400
2012-08-23,84.9634780883789,85.10629608700684,84.77305409020832,84.83425958019252,7139100
2012-08-24,84.88180541992188,85.39187156294102,84.78659348831786,85.33066611633606,5001400
2012-08-27,85.37832641601562,85.55515091094998,85.1946995820203,85.24230557811826,3906100
2012-08-28,85.58232879638672,85.93597769909158,85.4123066824187,85.52112332591655,3412600
2012-08-29,85.20829772949219,85.439525353199,84.97706491712135,85.42592586478378,3762700
2012-08-30,85.65034484863281,85.99038908870054,85.50752689044396,85.87477010369338,3886400
2012-08-31,86.86088562011719,86.86088562011719,85.50751124510079,85.54151254968833,9192600
2012-09-04,86.77369689941406,86.98497269468149,86.39203605641768,86.50107978309993,6009300
2012-09-05,86.36473846435547,86.68506305489313,86.24887792727411,86.43289141559528,3466700
2012-09-06,84.92668151855469,85.55369693552743,84.8857907912806,85.55369693552743,6505100
2012-09-07,84.53138732910156,85.99669905635255,84.45641752912107,85.96943683820179,7335300
2012-09-10,84.73585510253906,84.73585510253906,84.17699260514146,84.29966999236224,4912100
2012-09-11,84.2042465209961,84.57909030073033,84.02704471254317,84.52456586740078,3523300
2012-09-12,83.15471649169922,83.42733359602127,82.9298069906531,83.29783930152708,7040900
2012-09-13,82.82754516601562,83.89074577114316,81.96880341586196,83.41366990980052,12280200
2012-09-14,80.62620544433594,81.68258960441551,80.45582039918708,81.6212534840366,16871600
2012-09-17,81.59394073486328,81.7166180994057,80.9669254048624,81.0146329799769,5573300
2012-09-18,82.00286102294922,82.39815531870775,81.75750630142568,82.2686611046438,5366200
2012-09-19,82.54132843017578,82.72534198378882,82.20055835332748,82.69807975367232,5903300
2012-09-20,82.74577331542969,83.36597200721559,82.45271090949595,83.24329460008664,4604200
2012-09-21,82.8411636352539,82.90249972054052,82.24140529163749,82.29592972282734,4144300
2012-09-24,83.48867797851562,83.62498394429912,83.27058531341847,83.31829292141661,3627400
2012-09-25,84.31329345703125,84.33373882038852,83.23645925583303,83.69309490300304,5893500
2012-09-26,85.21978759765625,85.25386148795903,84.81767617406643,84.89264601236727,7193400
2012-09-27,84.61316680908203,85.05616871693046,84.35417835847797,84.88578376773768,5147700
2012-09-28,84.66090393066406,85.35607247807712,84.38147002060163,85.02211931704697,7173400
2012-10-01,84.97509002685547,85.00924059659722,84.26480090351897,84.66775574176114,4842600
2012-10-02,84.85894775390625,85.04334719879722,84.55843955119491,84.62674065955149,3540100
2012-10-03,84.8863296508789,84.89316080887245,84.42874106760074,84.59265238491817,3800900
2012-10-04,83.82770538330078,84.55165685918459,83.71160177673346,84.3194444354043,6214800
2012-10-05,82.74170684814453,83.10367963455914,82.5846216637137,83.02855261730623,8340700
2012-10-08,83.43838500976562,83.50668091963841,83.11056255811869,83.30862434420051,1568400
2012-10-09,83.2881088256836,83.44519406637194,82.898816510791,82.96028646084906,4752700
2012-10-10,83.87547302246094,83.97791947785788,82.8168735450744,82.95346534517488,5429800
2012-10-11,84.45600891113281,84.45600891113281,83.24715000622638,83.29495766169114,5194100
2012-10-12,84.66767883300781,85.22088212792787,84.53791303863768,84.73597469980871,4934900
2012-10-15,84.47647857666016,84.7838126926551,84.298905090868,84.53794331560215,3036100
2012-10-16,83.30866241455078,83.9643128281074,83.28134299598847,83.93699340954508,5398700
2012-10-17,82.536865234375,82.81688523795297,82.34563460297731,82.75541527177863,6932500
2012-10-18,82.03142547607422,83.00124042387266,81.86751433814912,82.72122578036067,8558600
2012-10-19,83.14471435546875,83.19252201715149,82.14757940419689,82.18855591116944,7616700
2012-10-22,82.6119613647461,83.21297243990061,82.5983042721789,82.93295775181613,6910600
2012-10-23,83.79353332519531,83.82085273167979,83.33593977988525,83.39057859285421,5760600
2012-10-24,82.96711730957031,83.5203208048555,82.96711730957031,83.22664378166802,6824500
2012-10-25,82.54369354248047,83.00811300728076,82.18172054400918,82.33880060982244,5292500
2012-10-26,83.75941467285156,83.76624582973604,82.82374418422634,82.93985300867841,5889400
2012-10-31,84.2510986328125,84.48330570849902,83.75252871936411,83.78667927079687,5025600
2012-11-01,83.56132507324219,83.9232981082857,83.37692558373399,83.84817103943016,3659700
2012-11-02,83.4998550415039,83.53400039114509,82.80322321258163,82.83054261868094,3527800
2012-11-05,83.97110748291016,84.17600044045095,83.8618350600276,83.8823233136528,2935700
2012-11-06,83.17886352539062,83.90964074781402,83.17203237079482,83.69792185114238,4484600
2012-11-07,84.68822479248047,85.05019782280978,84.5243135583141,84.65407423048389,10071000
2012-11-08,85.9449234008789,85.95858571583742,84.2989687723366,84.54483833512535,8579500
2012-11-09,86.04048919677734,86.04048919677734,85.49411158050489,85.8014457330062,5036900
2012-11-12,86.18388366699219,86.31364426972577,85.91069494913813,85.94484028221902,2072200
2012-11-13,86.47078704833984,86.61421004831017,86.04734399320492,86.60055294811318,2863800
2012-11-14,86.5527114868164,86.59368798205291,85.78095275557659,85.86291095669245,4694600
2012-11-15,86.38202667236328,86.75082579639545,86.05419886021144,86.12249480130457,5549600
2012-11-16,86.306884765625,86.8669197235332,86.24541478173565,86.30005360949387,4591100
2012-11-19,85.82192993164062,85.92437116432488,85.57606055191327,85.68533293699068,3621600
2012-11-20,84.96138763427734,85.82875641050158,84.94772532940557,85.6989957780753,4659300
2012-11-21,84.91365051269531,84.97511530373949,84.70192629647815,84.81803514175088,2422800
2012-11-23,84.8316421508789,84.99555337418087,84.76334624205674,84.89311211626955,987200
2012-11-26,85.23458862304688,85.72632224536872,85.20043806661855,85.48045803952947,2799000
2012-11-27,85.5692367553711,85.63753265324577,85.16628209981745,85.33019850748826,2544400
2012-11-28,85.44632720947266,86.19076157355356,85.43266489948988,86.03368148326335,3569700
2012-11-29,85.45996856689453,85.67169264747129,85.13897729045,85.27556910125007,2761000
2012-11-30,85.22779083251953,85.74001811559856,85.17315200510288,85.69904160035875,3702300
2012-12-03,85.30648803710938,85.39544687569257,84.59480166575736,84.66323194319793,5427800
2012-12-04,85.79918670654297,85.8197204879922,85.42965695388722,85.5528335381058,2586300
2012-12-05,85.75811767578125,86.09342963368388,85.65546966637177,85.81286397691892,1978200
2012-12-06,85.9428482055664,86.27816526064133,85.88810714552125,86.12761559850854,2301200
2012-12-07,85.14906311035156,85.51174814929777,85.08747222815475,85.1969648094408,4020900
2012-12-10,85.52544403076172,85.59387428897816,85.22434462953659,85.51175484658201,2134300
2012-12-11,84.8753890991211,85.06699601336761,84.73852850920125,85.03278347633608,3777900
2012-12-12,83.8899154663086,85.08746303504658,83.8762315055731,84.73846721691451,7119700
2012-12-13,83.95149230957031,84.29364870059058,83.57511819109112,83.68461074224587,6381500
2012-12-14,84.58108520507812,84.65636005225949,84.22524474458845,84.30051959176981,3832800
2012-12-17,83.31511688232422,84.52634872789628,83.28774373281652,84.51266476358965,6870000
2012-12-18,82.46653747558594,83.33561243951225,82.04910624745584,83.07557545350184,12024200
2012-12-19,82.74030303955078,83.24669329380977,82.61028187418766,82.7813601566571,4880500
2012-12-20,82.75397491455078,83.23983653927195,82.54183954596813,83.00032802298604,4567900
2012-12-21,83.65724182128906,83.78041833710088,83.45194588797186,83.69829891959552,6087700
2012-12-24,83.50672912597656,83.54094687030485,83.39724174173661,83.4862005677375,1071100
2012-12-26,83.80711364746094,83.81397330530642,83.53964454773133,83.63565882802475,2247800
2012-12-27,84.08830261230469,84.55465993351372,83.55336440935025,83.58765223403002,4262700
2012-12-28,84.5683822631836,84.58895600647477,84.2048988453423,84.45179422960929,3928200
2012-12-31,83.10757446289062,84.33519151191845,82.92240557312446,84.26661063542674,6423000
2013-01-02,81.99658203125,82.22976339427892,81.89371328678352,82.13374907785166,7472700
2013-01-03,80.88552856445312,81.94854532225438,80.85809516502532,81.87310478192441,10004300
2013-01-04,81.20101165771484,81.22844505945636,80.48775890959463,80.69350680646279,9574600
2013-01-07,81.23527526855469,81.4273090234981,80.92665874764049,81.18041371381281,4193100
2013-01-08,81.77022552490234,81.81137300254241,81.48903714133455,81.63991820252846,4380900
2013-01-09,81.69474029541016,81.98278294605994,81.52328558920685,81.78389485897821,3870300
2013-01-10,81.468505859375,81.81827529875173,81.17360324036873,81.35877221863407,5602800
2013-01-11,82.19546508789062,82.20232474788064,81.16673584966324,81.28332390755602,4770700
2013-01-14,81.96907806396484,82.4903019276125,81.86620940804643,82.32570684575973,3064600
2013-01-15,82.34634399414062,82.77840837889265,82.2777630932512,82.71668713780836,5357800
2013-01-16,82.51777648925781,82.76467185142813,82.3051741844279,82.73037879408773,4286100
2013-01-17,81.69474029541016,81.98964259937514,81.4409854465716,81.83876162073506,7019200
2013-01-18,82.32574462890625,82.44233264737704,81.92796820218572,82.00340873940465,4660000
2013-01-22,82.48345184326172,82.50403080921639,81.8730733295376,81.98966654041176,3874100
2013-01-23,82.36004638671875,82.69610164841757,82.26403209262955,82.53150123079041,2848800
2013-01-24,82.07196044921875,82.27770824712339,81.79077737329186,82.20912739194979,4178900
2013-01-25,80.94721984863281,81.33813648921388,80.76890543449886,81.21468885364176,8750700
2013-01-28,80.6523208618164,80.73462103313625,80.24083046998564,80.2545445490135,6059900
2013-01-29,80.2065200805664,80.98149880386256,80.15165854393358,80.66602273059574,5553900
2013-01-30,80.06938171386719,80.21340310019869,79.6647509473717,80.0145149288691,9586800
2013-01-31,80.4603042602539,80.47401834130993,79.93222580524493,80.26141607443924,6789200
2013-02-01,79.41555786132812,81.00331745385358,79.39493842412764,80.92083970505169,10928600
2013-02-04,80.43286895751953,80.61157959118917,80.02046424013696,80.13731128199343,9291900
2013-02-05,79.71796417236328,80.02726611717564,79.63548120654399,79.91728882941658,6676500
2013-02-06,80.3709716796875,80.39846601339673,79.76611207010853,80.08915869217397,5892000
2013-02-07,80.1922378540039,80.8245916137295,80.15787387984868,80.26097104632078,5951700
2013-02-08,80.5015869140625,80.52908125407659,79.88985226977401,80.28163743795888,5603400
2013-02-11,80.43966674804688,80.68023549891664,80.36405867720131,80.45341653038541,3679900
2013-02-12,80.2403793334961,80.43283443607297,80.04792423091921,80.20601534746922,4513700
2013-02-13,79.58737182617188,79.9172932195614,79.42241112947711,79.5942467180359,6586400
2013-02-14,80.30908966064453,80.44656129759593,79.7248496246196,79.93105445804333,7096000
2013-02-15,80.0754165649414,80.24037732816923,79.77985902365383,80.1853939030987,5861800
2013-02-19,79.67677307128906,80.35037129690065,79.62178439082909,80.32287695667067,7383600
2013-02-20,79.91728210449219,79.9860205255602,79.4361446210476,79.51862757992608,9603900
2013-02-21,80.3846664428711,80.632110049006,80.24032521329318,80.3503024800219,8297400
2013-02-22,80.43966674804688,80.65274117824504,80.3365643565297,80.40530278021147,5316900
2013-02-25,82.02057647705078,82.03432101879842,79.93105478295637,79.97229365220605,15948700
2013-02-26,81.54634857177734,82.25431080978437,81.51197933451105,81.6082121500548,9822100
2013-02-27,81.30570983886719,82.16488759279385,81.10637997067563,82.13051838503483,7459600
2013-02-28,81.45694732666016,81.56004973297344,81.09265670249198,81.40195867742558,6023400
2013-03-01,81.90054321289062,82.11407532489798,81.65256806430875,81.85921051794729,7786800
2013-03-04,81.46661376953125,81.94879018097852,81.45972936392265,81.82480256149454,4511400
2013-03-05,81.23242950439453,81.4184083326618,81.06022474459171,81.32886374946233,6539300
2013-03-06,80.495361328125,80.93620491746661,80.48847166899682,80.66756601943877,6514900
2013-03-07,79.87548828125,80.25434101203805,79.84105046817116,80.18546013060597,8526700
2013-03-08,79.04200744628906,79.46218760128383,78.95246283737698,79.12466764662817,15423600
2013-03-11,79.11775207519531,79.37261700132852,79.03509190192378,79.29684648964762,5815800
2013-03-12,79.68943786621094,79.75831868583253,79.37258189173583,79.3863559535523,9264200
2013-03-13,79.60675811767578,79.72385600771138,79.23479547703182,79.37944673918197,7371500
2013-03-14,79.36573028564453,79.65503301992526,79.20041518823729,79.27618044745846,9352100
2013-03-15,79.73761749267578,79.82027233527009,79.4207616671075,79.44142537775608,9673400
2013-03-18,80.34381103515625,80.50912604815728,80.00629135082553,80.47468826705305,9152200
2013-03-19,80.88799285888672,81.20484888003311,80.38515281657084,80.44025958249294,11986200
2013-03-20,79.98564147949219,80.58491047610197,79.95808809667662,80.3920420516634,8543900
2013-03-21,80.75709533691406,80.76398499474291,80.26803473644813,80.49534614737809,6119400
2013-03-22,80.81910705566406,80.9362049845897,80.43336497321765,80.79844333353249,6323800
2013-03-25,80.74335479736328,81.12909171161274,80.36450228853163,80.43338312960884,5839800
2013-03-26,80.83975219726562,81.2186045335012,80.4402361436479,80.50223255106323,5093200
2013-03-27,81.5285415649414,81.81095435999279,81.4045540498472,81.48721414499902,7742900
2013-03-28,81.11528778076172,81.59056908789702,81.06018102608043,81.36326292155813,5826400
2013-04-01,81.72625732421875,81.74696589731504,81.10497379794651,81.1256823710428,6113800
2013-04-02,81.39488220214844,81.5536513868538,81.28442949394035,81.50532964368152,5438000
2013-04-03,82.12662506103516,82.34752524332329,81.62959833421787,81.67101547256073,9527400
2013-04-04,83.10684967041016,83.12065889104812,82.47176245460139,82.55459671173108,9365700
2013-04-05,84.78431701660156,85.20540873828267,84.65315574591158,84.82573414769318,18626200
2013-04-08,84.13541412353516,84.81882833447203,84.06638382142245,84.68076246357215,8020300
2013-04-09,83.92833709716797,84.38394137979874,83.79027120343491,84.23897614138552,7176100
2013-04-10,82.7755126953125,83.29324793528816,82.76860808411044,83.2449209235489,10765200
2013-04-11,82.93428039550781,83.17588911648522,82.76170198528466,82.95498896206658,7501800
2013-04-12,84.169921875,84.17682648439059,83.45889984131037,83.75573484501976,9253000
2013-04-15,84.90169525146484,84.92930843626743,84.12854714369833,84.30802494490042,12948400
2013-04-16,84.20449829101562,84.57726319090072,84.1354626823845,84.16307587250145,6553500
2013-04-17,84.7635726928711,85.27440307197786,84.42532064274242,84.42532064274242,9020900
2013-04-18,84.97069549560547,85.0604396311084,84.63244331821839,84.77740853709857,7009500
2013-04-19,84.79119110107422,84.89473915819909,84.65312526935006,84.86712599185427,5474300
2013-04-22,84.85334777832031,85.10876571032766,84.68076937561464,84.79812142545254,4519400
2013-04-23,84.55648040771484,85.45388986557265,84.48054551820351,85.08802463429417,8042900
2013-04-24,84.7705307006836,84.78433465836149,84.4253738253008,84.54272589892872,3673600
2013-04-25,84.40465545654297,84.47369104125333,84.28730338921643,84.3908514996063,4297800
2013-04-26,85.17780303955078,85.26064257568119,84.91548574181748,85.04664175734646,4898800
2013-04-29,84.86719512939453,85.41254375896213,84.74293841295282,85.30899561748117,4916000
2013-04-30,84.91548919677734,85.38490272059805,84.68077980152923,85.0880676207309,4477400
2013-05-01,85.78785705566406,85.96080249469692,85.38662237041761,85.4073749786414,10724600
2013-05-02,85.67716217041016,85.76017787413623,85.44195892666616,85.49729745127472,4171800
2013-05-03,83.65718078613281,84.5288274100933,83.58800365550539,84.50807479869275,11283600
2013-05-06,83.4495620727539,83.87846830556666,83.23511159528333,83.8092912429508,5121900
2013-05-07,83.12447357177734,83.35967676537047,83.04837717905617,83.14522617381505,5049200
2013-05-08,83.25592041015625,83.58797792397553,83.13139950220841,83.20057661154051,5732900
2013-05-09,83.04145050048828,83.92692996117627,82.99994530010412,83.36658864449457,7527000
2013-05-10,82.14901733398438,82.86847041387503,81.52641319966827,82.84771782237645,11689000
2013-05-13,81.51953887939453,81.76166665477017,81.3742653808939,81.54721077594816,8050800
2013-05-14,80.63406372070312,81.93461654063375,80.6202304106054,81.87235345050681,9236100
2013-05-15,81.17364501953125,81.43652538791208,80.53720725648974,81.30508520372166,14608600
2013-05-16,82.01761627197266,82.28049663045604,81.58179580936093,81.60946770382624,8458400
2013-05-17,80.97994232177734,81.73398691636294,80.92460381185407,81.59562744686949,7435500
2013-05-20,80.88312530517578,81.40196164565559,80.79319557286136,81.37428974081818,5839800
2013-05-21,81.51953887939453,81.54029676021571,80.53721030217626,80.89002038589183,7781800
2013-05-22,80.30889892578125,82.01068578746471,80.10828696747426,81.64403721783492,18361500
2013-05-23,80.68940734863281,81.10447526307257,80.0875554420765,81.0422174509503,9207100
2013-05-24,80.80007934570312,81.22898048743083,80.73781626772318,80.92460022378913,5357600
2013-05-28,78.75236511230469,80.43339355057178,78.73853181129937,80.30887273003823,13567500
2013-05-29,79.63786315917969,79.67936834721979,79.18128497924924,79.29197251785261,11298600
2013-05-30,79.44418334960938,79.81083197074534,79.22973277778601,79.72781629235861,10011800
2013-05-31,79.17437744140625,79.56869261993707,78.28889811262636,79.53410671739377,18158800
2013-06-03,79.59392547607422,80.08627270397636,78.84500069676419,78.9004777820285,15564500
2013-06-04,78.8589096069336,79.39286225397385,78.81730441876094,79.02533565021271,7504300
2013-06-05,79.94759368896484,79.96839627548012,79.14319173979683,79.25414592199377,8056100
2013-06-06,79.8990478515625,80.98776056996819,79.33735688638221,79.66327287357234,8925200
2013-06-07,78.47052001953125,79.62857605088398,78.47052001953125,79.20557266136971,10459300
2013-06-10,78.09608459472656,78.44280845678531,77.92965333171624,78.15155639181039,7892600
2013-06-11,79.02527618408203,79.02527618408203,77.74933532810041,77.85334822026284,12841200
2013-06-12,77.89500427246094,78.9351761277452,77.85339380064998,78.3596130980802,10193200
2013-06-13,79.11542510986328,79.17090218126852,78.28329020112379,78.4081109664932,12506300
2013-06-14,78.9281997680664,79.51069845998009,78.9281997680664,79.12236423517598,6679100
2013-06-17,78.51216125488281,79.10852678986987,78.35960189143215,79.06691632400985,5982100
2013-06-18,78.5537109375,78.83109092140757,78.16538213437929,78.25552838065141,5192700
2013-06-19,77.74240112304688,78.90739315677055,77.40261332296465,78.87271866487895,17138200
2013-06-20,76.46651458740234,77.11835745115657,75.78000249530109,76.79937198118438,27898500
2013-06-21,75.16969299316406,76.56352363310162,75.14889041938017,76.38322584266898,19781000
2013-06-24,75.48178100585938,75.85624339832775,74.72592555315205,74.7744666804765,24588900
2013-06-25,74.80912780761719,75.59965767610134,74.7952611829883,75.51644734715701,11078000
2013-06-26,75.29454040527344,75.62046161825906,74.92007807273156,75.58578712261092,13582200
2013-06-27,76.06425476074219,76.25841920606173,75.55109982315845,75.96023658201119,12026000
2013-06-28,76.58438110351562,76.61211965197192,75.3916499728302,75.59275048119805,12017000
2013-07-01,76.73866271972656,76.80121319876227,76.05752745500838,76.26603965716522,5500400
2013-07-02,76.68998718261719,77.00970723120557,76.62048489919184,76.8011950782452,5333900
2013-07-03,76.46063232421875,76.90545331385054,76.46063232421875,76.66913918034864,3839000
2013-07-05,73.85427856445312,74.71611882239658,73.79172277734462,74.5632105680047,14511900
2013-07-08,74.57015228271484,74.75780901323473,74.33383811176854,74.417244049047,8044200
2013-07-09,74.64662170410156,74.7995299691197,74.41725930657437,74.70917219287095,4700400
2013-07-10,74.06278228759766,74.6396614760371,73.88207736082462,74.6396614760371,10792200
2013-07-11,74.9316177368164,74.9733233848118,74.32694151911628,74.6814050595995,10035500
2013-07-12,74.8690185546875,75.39029374295052,74.60490239891556,75.29993598326627,4730800
2013-07-15,75.26521301269531,75.28606317886772,74.85514030145124,74.92464792560894,4574800
2013-07-16,75.52233123779297,75.59183351674864,75.25126333530312,75.36247122377937,3650200
2013-07-17,75.66142272949219,76.00893982624616,75.52241801186662,75.89078528599543,5932000
2013-07-18,74.71607208251953,75.52925968742495,74.70217375112644,75.48755939056295,9066400
2013-07-19,75.89765930175781,75.90461112180473,75.23737956979436,75.27907988470594,8523800
2013-07-22,76.00882720947266,76.23818942614652,75.8489672486351,76.00882720947266,3972600
2013-07-23,75.68919372558594,75.75869605592536,75.28607278585427,75.52933359338617,5015500
2013-07-24,74.72998046875,74.98714470692654,74.2226091130536,74.82033819435217,8853100
2013-07-25,74.70223236083984,74.78563301999816,74.23655570222942,74.34776365135636,6443400
2013-07-26,75.1609115600586,75.25821581198404,74.81339485955797,75.09140928049527,6795500
2013-07-29,74.61180877685547,74.93847521097231,74.41720034019407,74.82032084623964,6397800
2013-07-30,74.58406829833984,74.89683666025036,74.403363345435,74.86208285247588,3635400
2013-07-31,74.85511779785156,75.00802604073031,73.56930667779433,73.71526309980979,10483100
2013-08-01,73.41282653808594,74.20018693931145,73.16198502130307,74.20018693931145,13568600
2013-08-02,74.22103881835938,74.28375181272853,73.84478211619277,73.86568467564514,9568400
2013-08-05,73.64966583251953,74.03289707318517,73.53818376360569,73.99109196184386,6611800
2013-08-06,73.86566925048828,73.86566925048828,73.39882248415691,73.531212421058,4589000
2013-08-07,74.41615295410156,74.51370179020515,73.97717787562253,73.97717787562253,7183400
2013-08-08,74.61821746826172,74.97357699400538,74.40918651830486,74.54157650782003,5510900
2013-08-09,74.73662567138672,74.74358964398871,74.19313811189171,74.2767483111927,3623400
2013-08-12,74.22798919677734,74.99444630547113,74.18618408852463,74.98051304139045,7562800
2013-08-13,73.15497589111328,73.41278656409735,73.02259122424064,73.39188400174972,11485600
2013-08-14,73.2664794921875,73.41280277694852,73.0713817791728,73.12015620742646,6431600
2013-08-15,72.27706909179688,72.90416751012589,72.24919722404655,72.53487456546074,11846300
2013-08-16,72.02617645263672,72.4442435399938,71.53842708737724,72.43727424900129,10175900
2013-08-19,71.3991470336914,71.77540939640011,71.2179824925316,71.71966564280987,9022000
2013-08-20,71.94952392578125,72.01920088159639,71.66384149612492,71.69171334165317,10050100
2013-08-21,71.16216278076172,71.90771741217436,71.14822951524494,71.6081017014565,13248800
2013-08-22,71.88682556152344,71.92863599632287,71.23881964025884,71.39211216382863,8751200
2013-08-23,72.66722106933594,72.73689803895682,71.58720943417005,71.77534309975968,17441200
2013-08-26,73.02955627441406,73.08529998550229,72.69510463991044,72.855361164273,5879100
2013-08-27,73.94935607910156,74.03297170208397,73.18986743873985,73.36406266627417,11573300
2013-08-28,73.35005950927734,73.559095724734,73.12012605148918,73.44761364156577,7497900
2013-08-29,73.93538665771484,74.07474064521455,73.0156365185807,73.07834421815141,6672400
2013-08-30,73.85172271728516,74.3325026965666,73.67752768896699,73.87262527012167,8987600
2013-09-03,72.81009674072266,73.12447326107176,72.3140777288172,73.06858244366337,12084300
2013-09-04,72.64942932128906,73.11052067995051,72.62148390591173,72.97079360306387,4579600
2013-09-05,71.63641357421875,72.37694822232783,71.62942588979088,72.28612964493153,12290600
2013-09-06,71.99276733398438,72.53070219599876,71.82509475643423,72.13248915189713,9478400
2013-09-09,72.02767181396484,72.52369103609362,72.0137017687128,72.5167086784896,6874900
2013-09-10,71.52469635009766,72.19537074798143,71.51072629870367,71.76921755488603,8069000
2013-09-11,72.16035461425781,72.17432464854939,71.39187480726628,71.90186367452547,8962400
2013-09-12,72.0625991821289,72.65642466385361,71.99972065839331,72.55163067765666,6254400
2013-09-13,72.34202575683594,72.53763829480614,72.11846780914972,72.31408034711993,6106200
2013-09-16,71.85995483398438,72.94281647729497,71.85296715117765,72.88692567492171,8231600
2013-09-17,72.45381927490234,72.47477700465676,71.93684239746837,72.21629123096136,8795300
2013-09-18,73.34803009033203,73.73926047622653,71.9438093019851,72.39790752893936,19749200
2013-09-19,72.91490936279297,73.41791085815105,72.76819992705813,73.38997077233373,11627800
2013-09-20,73.29914093017578,73.48078345360602,72.97078898283587,73.13846146448347,8421000
2013-09-23,73.83706665039062,73.86501205863779,73.43186622586914,73.50172708146624,10242100
2013-09-24,74.63351440429688,74.64049676091129,73.94187733635745,74.04667131604917,11446600
2013-09-25,74.78722381591797,74.94790332513622,74.3261323615475,74.43092635845387,8130900
2013-09-26,74.26322937011719,74.48678731981478,74.18638082521721,74.3889810499497,5117100
2013-09-27,74.44488525390625,74.62652779933522,74.22831493476924,74.25626035176165,6460000
2013-09-30,74.33309936523438,74.68240903769313,74.1794022565457,74.51474188732486,8438800
2013-10-01,74.1075439453125,74.26864430442588,73.91841962669568,74.17758781205764,7592500
2013-10-02,74.21966552734375,74.58390244229571,74.07957769482886,74.19865288686734,5967200
2013-10-03,74.10053253173828,74.5348130241787,74.03748931547888,74.07251391829011,6648900
2013-10-04,74.04449462890625,74.09352586599192,73.79233245417879,74.01647601571386,5545300
2013-10-07,74.34574127197266,74.49984108286364,74.23367208296605,74.38776654984916,5761100
2013-10-08,74.36673736572266,74.60489302338938,74.12858705206263,74.23365556738598,5904000
2013-10-09,73.77133178710938,74.20561234597335,73.75732515024501,74.15658110094071,8439000
2013-10-10,73.890380859375,73.91839946723255,73.20394367087552,73.40707456984052,9944100
2013-10-11,73.86942291259766,74.40877216103985,73.8344036348591,74.35974089700028,6500800
2013-10-14,73.27401733398438,73.99547941187211,73.07789234318054,73.8203670495108,4205600
2013-10-15,73.22492218017578,73.75726479348045,73.21791619547426,73.6521963989597,8291000
2013-10-16,74.14253997802734,74.14954596570824,73.03582906056835,73.17592209417235,14460200
2013-10-17,74.81498718261719,75.03213009710106,74.45075590206991,74.61185624661822,11303400
2013-10-18,74.97610473632812,75.28430418372116,74.93407948223084,75.02513598077658,9487800
2013-10-21,74.73796081542969,74.89206056315727,74.56985442882038,74.88505991571924,6161600
2013-10-22,75.57149505615234,75.7326007902309,75.34034544186785,75.36836406275133,9708500
2013-10-23,75.86568450927734,76.15987736411219,75.67656549346019,75.69757812366147,9163100
2013-10-24,75.57149505615234,76.11784480336621,75.55748841771336,76.07581954404377,7631400
2013-10-25,75.8516845703125,75.96375372262005,75.7045908019054,75.73961007399883,4429500
2013-10-28,75.59249877929688,75.91470486548529,75.58549813290497,75.65554200485813,6466400
2013-10-29,75.69059753417969,75.69760352793323,75.30535338185433,75.3824032811209,5270500
2013-10-30,75.23530578613281,75.79566234675958,75.09521263797075,75.59953728333986,10199300
2013-10-31,75.39640045166016,75.6555687479041,75.04617562409058,75.58552485119152,11452100
2013-11-01,74.58032989501953,75.14921475936838,74.54521129618615,75.12814574340669,11349500
2013-11-04,74.6504898071289,74.91737268273975,74.601327031139,74.77690913943735,4733200
2013-11-05,73.75855255126953,74.32744240210518,73.73748354907976,74.29934861307136,8753400
2013-11-06,73.7936782836914,73.84284107968283,73.52679529950127,73.70237747923389,5643000
2013-11-07,74.41873931884766,74.48195168046458,73.72343549111407,73.7796230662531,7893700
2013-11-08,72.62781524658203,73.11944320548068,72.61376567156043,73.02111761370095,16889900
2013-11-11,72.35388946533203,72.74719712202028,72.31175146432119,72.71207854894996,4927200
2013-11-12,72.69104766845703,72.75425470311977,72.46630261463713,72.48737162619139,4839500
2013-11-13,72.9579086303711,73.07028380239022,72.8595830340259,72.95088920087724,5782900
2013-11-14,73.4073715209961,73.82877290226526,73.14751340866674,73.25988318088835,8895500
2013-11-15,73.55487823486328,73.56189766300966,73.25989614411002,73.50571544612808,6344800
2013-11-18,73.99738311767578,74.03250171065737,73.49873017573796,73.49873017573796,5451300
2013-11-19,73.43541717529297,73.84276871909982,73.33007225735813,73.70932467859885,7251100
2013-11-20,72.18528747558594,73.63208177148204,72.09398674372697,73.33710523008666,14190900
2013-11-21,72.30467987060547,72.47324248221136,71.7498453553361,71.9956591326716,8903000
2013-11-22,72.97899627685547,73.13350412898922,72.67699464501536,72.68401407578682,7950700
2013-11-25,73.18968963623047,73.3371780533831,72.92982602981262,72.92982602981262,3755500
2013-11-26,73.46361541748047,73.69538528322921,73.37933936327747,73.38635879556422,6659200
2013-11-27,73.33714294433594,73.53379407306237,73.01407246737946,73.51974986029964,6063000
2013-11-29,73.3582534790039,73.46360388856988,73.00708901934694,73.09839520819817,5084400
2013-12-02,72.78766632080078,73.19623090994389,72.71017974788418,73.1187443370273,7527800
2013-12-03,73.0553207397461,73.2314255545775,72.87921592491469,73.04827504235095,5076900
2013-12-04,72.35796356201172,72.5904232600558,72.11845816497711,72.3790952846896,8502700
2013-12-05,72.15367126464844,72.44952608963669,72.00574385215431,72.18889438041543,7445700
2013-12-06,72.49884796142578,72.54815710758488,72.10437479215294,72.2452565313807,7352000
2013-12-09,72.6678466796875,72.71715578118553,72.4353871836444,72.48469628514242,5678800
2013-12-10,73.18917846679688,73.22439621305415,72.87218650471951,73.14690964727704,7040400
2013-12-11,72.62559509277344,73.09755451518735,72.56924028506394,72.94258685542164,8190900
2013-12-12,72.35088348388672,72.66787529631029,72.29452866732815,72.57629737582985,6208600
2013-12-13,72.70309448242188,72.76649499589314,72.40723975099915,72.65378536051809,6471300
2013-12-16,72.43543243408203,73.04123341623836,72.36499158426457,72.96374686915145,6376400
2013-12-17,72.75951385498047,72.83700045447694,72.26641682415789,72.28050822822777,6014400
2013-12-18,72.39315795898438,73.0623594156067,72.17478972935292,72.4354267650006,12973200
2013-12-19,72.32271575927734,72.5622210745743,72.1677426801367,72.45655712295188,6708400
2013-12-20,73.4356918334961,73.4638692426637,72.76649583221192,73.06235056703494,12425700
2013-12-23,73.02010345458984,73.54841790236331,73.02010345458984,73.29482653748865,6378600
2013-12-24,72.43543243408203,72.8017280777082,72.41430071656603,72.7172012076442,4897000
2013-12-26,72.15628814697266,72.34003730800158,72.0926857788428,72.33296858092307,4645300
2013-12-27,71.95136260986328,72.30472359766044,71.86655942358286,72.13511183323882,4755000
2013-12-30,72.44602966308594,72.49549995732028,72.14213917225851,72.19160946649285,4491700
2013-12-31,71.98670959472656,72.47434954241488,71.49906964703824,72.29060029675732,7218600
2014-01-02,72.205810546875,72.36129030362221,71.86658688839275,71.88778769306502,8580800
2014-01-03,72.205810546875,72.40369191296679,71.9160572299157,71.95139010708189,4083800
2014-01-06,72.50963592529297,72.7923256469537,72.34709297484217,72.35415630878666,7796200
2014-01-07,72.6933822631836,72.78525412765765,72.48136363211081,72.6651127529167,4428100
2014-01-08,72.49552917480469,72.57326901019796,72.1563003120104,72.40365188287089,8513000
2014-01-09,72.91952514648438,72.94072592895027,72.44602303188847,72.77111427736583,6991100
2014-01-10,73.7888412475586,73.88071315981443,73.28000058182656,73.33653423990523,13197400
2014-01-13,74.15630340576172,74.3047143061505,73.83121209178748,73.85948160498415,9667400
2014-01-14,73.81709289550781,74.08565064136602,73.77469131115531,73.95844049644889,10343100
2014-01-15,73.73934173583984,73.85948852614891,73.44958863417408,73.52732845478513,7507500
2014-01-16,74.23404693603516,74.25524772402962,74.00789621099659,74.09976808959212,7137700
2014-01-17,74.54499053955078,74.57325465636472,74.05735095071951,74.10682124293011,7588600
2014-01-21,74.60153198242188,74.72874208884465,74.48845932774498,74.52379217339362,6436000
2014-01-22,74.41781616210938,74.73583885154213,74.37540918282097,74.46728647806246,4646700
2014-01-23,75.47080993652344,75.68282320844874,74.8276906104086,74.8276906104086,12960600
2014-01-24,75.95848083496094,75.96554417262601,75.61218318238343,75.75353081359695,11122200
2014-01-27,75.42839813232422,76.04324246857836,75.40719195533453,75.77469020381224,9218200
2014-01-28,75.61214447021484,75.61214447021484,75.30119062446997,75.55561083853453,5661500
2014-01-29,76.23406982421875,76.4319510326003,75.61215129289556,75.88070898300641,11709400
2014-01-30,76.01496887207031,76.0927086746138,75.69694632847066,75.95136652009342,5956900
2014-01-31,76.5238037109375,76.61568095739078,76.21991324806463,76.46726469648273,14690900
2014-02-03,77.45625305175781,77.47042122821098,76.24467125359706,76.3722064642265,20780300
2014-02-04,76.63435363769531,76.9956988491123,76.49973165365545,76.88941861990384,9573500
2014-02-05,75.92583465576172,76.365118391729,75.81955441441436,76.30135349030314,10312200
2014-02-06,75.59993743896484,75.82666618874103,75.47240217936324,75.79124303118714,5708700
2014-02-07,75.66365814208984,75.96832520654235,75.41567457931134,75.42984275191172,7039200
2014-02-10,75.87622833251953,75.8974887041244,75.50779630926162,75.53613806576413,4370500
2014-02-11,75.43695068359375,75.59282765406648,75.21730881009367,75.5361441365059,5904900
2014-02-12,75.04728698730469,75.25276076289377,74.83473182353794,75.22441899326357,6723300
2014-02-13,75.47235107421875,75.62114661436543,75.31647955637636,75.52194778572226,6874600
2014-02-14,75.514892578125,75.55740251539578,75.29524528907068,75.50780578670054,4989100
2014-02-18,75.68489837646484,75.95413684857157,75.54319505548976,75.57153680081181,4855800
2014-02-19,75.36605834960938,75.93996378993785,75.31646164989748,75.93996378993785,5522500
2014-02-20,75.18189239501953,75.550324507355,74.88431198825181,75.3306825984034,5103200
2014-02-21,75.57865905761719,75.5857458491892,75.06851817719452,75.06851817719452,5250700
2014-02-24,75.38736724853516,75.62826413218306,75.22440345822608,75.5999223684059,3816700
2014-02-25,76.0604248046875,76.06751159315007,75.73450280867375,75.74867638559891,6225400
2014-02-26,76.46427154541016,76.46427154541016,75.98247272342977,76.03206942250269,7203900
2014-02-27,76.88237762451172,76.91780078243227,76.59187853910804,76.71941380002968,5394700
2014-02-28,76.92488861083984,77.04533707954135,76.3651508140247,76.71941483183379,8462600
2014-03-03,77.4383773803711,77.54491571751403,77.16138095505842,77.33183904322816,11089400
2014-03-04,76.27357482910156,76.95541263915422,76.2522682442195,76.95541263915422,8068100
2014-03-05,76.43694305419922,76.55057999277392,76.13863457556322,76.23806892885327,4798500
2014-03-06,75.68405151367188,75.97525589613085,75.6556409335224,75.8261044144192,7418200
2014-03-07,75.20816040039062,75.40702897368982,75.00218782982724,75.03059840012173,8270300
2014-03-10,75.31473541259766,75.36445258016774,75.13006932500957,75.24371166160681,3744300
2014-03-11,75.5135498046875,75.5277523771711,75.13001532249886,75.27206814113963,3815700
2014-03-12,76.03917694091797,76.18122984410049,75.84030829522662,75.93974261807229,6430500
2014-03-13,77.06194305419922,77.08324963688928,75.74798474025383,75.78349390514903,11815500
2014-03-14,77.07614135742188,77.40286033641344,76.93409386819766,77.39575633632292,9232800
2014-03-17,76.5008316040039,76.91988085226893,76.4724210262602,76.83464911903783,7381900
2014-03-18,76.7778549194336,76.81336950877292,76.42273070110248,76.47955187653919,4819500
2014-03-19,76.18122863769531,76.69260824352581,75.8616136746692,76.64998966386388,11557600
2014-03-20,76.04625701904297,76.44399418531025,75.98943587564408,76.06045959551145,5224400
2014-03-21,76.87016296386719,76.93408269910907,76.25934909510354,76.28775967257668,8986200
2014-03-24,77.41700744628906,77.48092714501033,76.67124511531145,76.7422742277935,7536400
2014-03-25,77.12588500976562,77.28924455536799,76.82758192868259,76.99804547681538,5032000
2014-03-26,77.72958374023438,77.75799432542999,77.04774595183505,77.09746312123609,7147200
2014-03-27,78.12018585205078,78.40428617162226,77.71534465775935,77.87160010446182,9772200
2014-03-28,77.67986297607422,78.04918972899578,77.4312717218079,78.02788314577634,6027000
2014-03-31,77.48809814453125,78.88728833765393,76.94830785171791,77.23240829102836,7488400
2014-04-01,76.82584381103516,77.16052024608015,76.79023785435565,77.08931376542736,9067300
2014-04-02,76.38438415527344,76.583769983154,76.31317764738455,76.46983522436511,6887200
2014-04-03,76.71903991699219,76.86145832686347,76.50542045124554,76.56238238248721,4937400
2014-04-04,77.23175811767578,77.39553797918134,76.79739134662671,76.81163590817073,8977500
2014-04-07,77.69461059570312,77.82278448938389,77.33145032482284,77.34569488673658,7562500
2014-04-08,77.87972259521484,77.95092907988999,77.41687229576655,77.63761402807148,4213800
2014-04-09,77.49519348144531,77.8654704251753,77.35989737089685,77.53079400394869,5771500
2014-04-10,78.21440124511719,78.4849935190642,77.54505370463798,77.55929282987921,12706400
2014-04-11,78.84815979003906,78.89088260177567,78.42090994184301,78.71286364259649,10267000
2014-04-14,78.64161682128906,78.82675253235607,78.5419266898823,78.67010049207738,4142600
2014-04-15,79.13294982910156,79.40354200105891,78.5775317980176,78.76267295261393,7752000
2014-04-16,79.232666015625,79.232666015625,78.598919035113,78.63452499556249,5523000
2014-04-17,78.3639144897461,79.3608158886372,78.11468370731815,79.30385397491854,8622500
2014-04-21,78.29983520507812,78.76980772606926,78.21438417415995,78.59178881951914,4316300
2014-04-22,78.56333923339844,78.6772685580206,78.05064369082808,78.0862496606709,5748700
2014-04-23,79.01193237304688,79.07602202188535,78.70573955299221,78.75558464310774,5748600
2014-04-24,79.16146087646484,79.18994455876849,78.64876546041312,78.64876546041312,6337800
2014-04-25,79.27537536621094,79.74534242246841,79.26825308927667,79.3893046336318,5976500
2014-04-28,78.890869140625,79.23978471992264,78.71997249013117,79.11873315218563,7606000
2014-04-29,78.7840347290039,78.84812435051022,78.35679050554697,78.44935836693938,5235200
2014-04-30,79.11160278320312,79.22553749368471,78.59890745144796,78.84101599486834,7721400
2014-05-01,79.96027374267578,80.00310566020218,79.11798530984412,79.14653810623203,11556500
2014-05-02,80.45285034179688,80.73123347358327,79.44638950669815,79.61770094643767,12702100
2014-05-05,79.96745300292969,80.52421919417678,79.86752088890543,80.48853226539198,8043000
2014-05-06,80.28868103027344,80.4457133449439,79.97460550914722,80.02457157424524,6522600
2014-05-07,80.003173828125,80.35293635159154,79.90324167856313,80.16734573987934,8199200
2014-05-08,79.66050720214844,80.4885222679498,79.5605751005367,80.1887205172235,10878800
2014-05-09,79.40351867675781,79.81038655057016,79.21793364371345,79.61052239443634,6000600
2014-05-12,79.08235931396484,79.32505010136721,78.90390828350077,79.23939709211615,4563800
2014-05-13,79.76757049560547,79.76757049560547,79.46777422223302,79.54629307181493,5501000
2014-05-14,80.63128662109375,80.82401672075883,80.3457639764105,80.3957300307882,8851400
2014-05-15,81.27375030517578,81.66634481120097,81.0881596799735,81.21664465959137,12627900
2014-05-16,81.04530334472656,81.37365251716597,80.95964490787155,81.0952694047523,5019200
2014-05-19,80.44573211669922,81.34512694422718,80.38863191890066,81.32371368931598,7403300
2014-05-20,80.62416076660156,81.00248146652372,80.3671908872809,80.37433045223214,6549800
2014-05-21,80.13164520263672,80.23157733524332,79.85326205524795,80.10309238676444,8224600
2014-05-22,80.01744079589844,80.23158421034425,79.7961632612928,80.13165206917441,6495700
2014-05-23,80.44573211669922,80.59563579286548,80.26728106458064,80.31724714133809,3835000
2014-05-27,80.91683959960938,80.94539241937063,80.23158826301974,80.55279795502024,6658300
2014-05-28,81.91618347167969,81.97328367713355,81.43793044900423,81.44507001689645,10361000
2014-05-29,81.48077392578125,82.22313116054201,81.46649478797879,81.99471396876143,10692000
2014-05-30,81.44501495361328,81.65915827844502,81.23801119184685,81.34508285426273,6518900
2014-06-02,80.83961486816406,81.3548824129409,80.5462019640319,80.89686803090864,11728200
2014-06-03,79.84487915039062,80.53905886227213,79.80194200036517,80.4460265505626,12694100
2014-06-04,79.82337188720703,80.02375243682442,79.63014388581848,79.9808153076094,7882000
2014-06-05,79.85916900634766,80.13111877922758,79.45124980698948,79.52997153493243,6915600
2014-06-06,79.85916900634766,80.4460056909994,79.78760528820725,80.24561963625987,7832800
2014-06-09,79.74468231201172,79.89496778478586,79.58008081708995,79.75899287419668,5162800
2014-06-10,79.45126342773438,79.63017548373807,79.31529397794617,79.46557944979375,5986000
2014-06-11,79.59435272216797,79.82335980993344,79.32956105883054,79.62297929063361,5569700
2014-06-12,80.30288696289062,80.40307727795647,79.43695326269996,79.65164991496259,9775900
2014-06-13,80.2598876953125,80.59624297553592,79.81618417204527,79.84481073418752,5412500
2014-06-16,80.46031951904297,80.60344696113779,80.22415432562077,80.3028760567615,5184600
2014-06-17,79.82337188720703,80.2169749782525,79.78043475799201,80.20266442183431,6668800
2014-06-18,80.43888854980469,80.69652243397562,79.83774100008435,80.0095005628413,11256500
2014-06-19,79.40830993652344,80.5533457672668,79.25086648605344,80.51756663940823,14215500
2014-06-20,80.00946807861328,80.00946807861328,79.36538362968733,79.41547878349478,7319100
2014-06-23,79.75897216796875,80.2813976414771,79.73035105102916,80.2098339292056,5821700
2014-06-24,80.56766510009766,80.61776024912928,80.02377101063882,80.25993619605721,9698300
2014-06-25,80.77517700195312,81.12584292924497,80.64636016703531,80.93977295437259,5699300
2014-06-26,81.16162109375,81.44072330402544,81.01848825517317,81.01848825517317,6628900
2014-06-27,81.03997802734375,81.45505517791945,80.98988288571985,81.35486489467165,7216500
2014-06-30,81.2403564453125,81.44074246646952,80.93262759491522,81.2689830197635,5593100
2014-07-01,80.56021881103516,80.8902653669746,80.50281798199063,80.7180683538854,8019200
2014-07-02,79.6991958618164,80.12251448727714,79.62027112248607,80.09381408442593,9382500
2014-07-03,79.41220092773438,79.5413500094317,79.16825022939838,79.19695063355805,6173900
2014-07-07,79.99334716796875,80.22294486437373,79.8068028030428,79.83549772530766,5928900
2014-07-08,80.89025115966797,80.9763523881122,80.53150425221543,80.53150425221543,6352100
2014-07-09,80.95479583740234,81.17721707872809,80.63192046633725,80.83282325177476,6395200
2014-07-10,80.9763412475586,81.5503384101307,80.94764084202572,81.4642371935321,7196900
2014-07-11,81.492919921875,81.56466818312245,81.2776696640912,81.32789399436857,4676500
2014-07-14,81.14134216308594,81.3709453519617,81.02654604268938,81.27766768797059,4743300
2014-07-15,80.9763412475586,81.41401285236024,80.71804307180541,80.9548173119196,7720000
2014-07-16,81.40684509277344,81.49294631858464,81.03375072901135,81.07679860489533,4615800
2014-07-17,82.43284606933594,82.54764768235067,81.75122928269818,81.95930310075572,10901000
2014-07-18,82.16736602783203,82.48306496876765,81.87319649344897,82.42566416604447,6677900
2014-07-21,82.57634735107422,82.96379460617335,82.51895201531482,82.51895201531482,5724100
2014-07-22,82.74851989746094,82.84179207417372,82.2606241384238,82.57631753024275,5753200
2014-07-23,82.6408920288086,82.96376187699789,82.63371556190384,82.87766617030226,3489600
2014-07-24,82.02385711669922,82.21040696037605,81.97363279040634,82.16735362781,6609000
2014-07-25,82.99246215820312,82.99963862509816,82.62654445716147,82.75568801703004,7041800
2014-07-28,82.87767028808594,83.15749229683041,82.59784827934146,82.9350656040546,5138300
2014-07-29,83.17903900146484,83.27948767446661,82.81311570750579,83.1359911341904,6579300
2014-07-30,82.02385711669922,82.7843984788602,81.91623199634563,82.6193780384869,12251200
2014-07-31,81.77986145019531,82.21035619171846,81.4139384565837,81.45698628852472,18254000
2014-08-01,82.4129638671875,82.63597754474324,81.32669356879758,81.70796775855571,14951200
2014-08-04,82.19715881347656,82.59281836391818,82.19715881347656,82.39139088536795,5183800
2014-08-05,82.46331024169922,82.5856101738923,81.77989494946665,82.06045537372937,8032000
2014-08-06,82.51370239257812,83.06763356144751,82.44176477659838,83.06763356144751,7289200
2014-08-07,83.28346252441406,83.28346252441406,82.42019998864266,82.61443213821997,9745500
2014-08-08,83.10364532470703,83.75109520154034,83.00293150925422,83.3985968474555,9536700
2014-08-11,83.09636688232422,83.319375023482,82.93810091563724,83.19708059049131,6668800
2014-08-12,82.556884765625,83.04606832949723,82.53530402565096,83.0244875895232,8122400
2014-08-13,83.09636688232422,83.10355679827511,82.57121212817972,82.63595979113597,8210500
2014-08-14,83.76543426513672,83.80859573409137,83.01007562750296,83.3985453135585,9028200
2014-08-15,84.67906188964844,85.14666464104059,83.94528940186285,83.95967473011852,17606700
2014-08-18,83.83735656738281,84.38409219108776,83.72944742621267,84.31934451099092,7595300
2014-08-19,83.57837677001953,84.27618299551747,83.43450157421016,84.22582612813551,5936900
2014-08-20,83.44168853759766,83.52801694511875,83.1395473440039,83.47766007951978,7275600
2014-08-21,83.90933227539062,83.9956607252329,83.4633101839397,83.49928174349633,6790700
2014-08-22,84.37691497802734,84.47762873457211,83.59997558026363,83.98124987125283,10149900
2014-08-25,84.69342803955078,84.72939409395913,84.3193437519932,84.49199508321915,5760700
2014-08-26,84.42005157470703,84.8804587513958,84.31933784783678,84.84449269950585,5487600
2014-08-27,85.13941955566406,85.18258649222103,84.45600434826397,84.67181707710782,7265800
2014-08-28,85.58549499511719,85.87325096922733,85.3696766424124,85.70059409166802,9463600
2014-08-29,85.6430435180664,85.91640866277012,85.42722517486085,85.54951967471605,8512900
2014-09-02,84.16563415527344,84.63429813986515,84.14399868586878,84.56219641154406,10506000
2014-09-03,84.63426971435547,84.63426971435547,83.86276992831851,83.92766531271802,6553900
2014-09-04,83.60321807861328,84.27377452857588,83.58879993497273,84.08631115620555,12528900
2014-09-05,83.4446029663086,84.07189403198356,83.23550411074724,83.95653237088607,6886000
2014-09-08,83.48068237304688,84.09355552371032,83.24274163776224,83.93493386786503,9326400
2014-09-09,83.41577911376953,83.55998259640363,83.24272833339631,83.27157013012518,5353100
2014-09-10,82.88937377929688,83.00474089359977,82.76680034610513,82.8965855991925,8729400
2014-09-11,82.61543273925781,83.30761932090878,82.60822091520657,83.1057322555535,9274800
2014-09-12,81.75019836425781,82.13955436205848,81.63483668028549,81.97372090990885,11114900
2014-09-15,81.87275695800781,82.2476892136886,81.73575983525484,82.08906212439754,5510700
2014-09-16,81.54110717773438,82.09630218119388,81.53390085374916,81.91604506337131,9304700
2014-09-17,81.33200073242188,82.07465905871402,81.28152896755765,81.85834835157601,12917000
2014-09-18,81.5915756225586,81.82230448836357,81.36805307995903,81.60599376997949,7031200
2014-09-19,82.62985229492188,82.68753588629527,81.62041144992777,81.89440575844635,13236900
2014-09-22,82.73080444335938,82.94711518302712,82.51449920470226,82.67312634699051,6617200
2014-09-23,83.24274444580078,83.25716809746217,82.75244480852845,82.85339386712425,6362400
2014-09-24,82.78125,83.31481485527075,82.6586765201441,83.12734597366187,5223300
2014-09-25,83.7618637084961,83.76907553241738,83.1417788755022,83.1417788755022,8947800
2014-09-26,83.63931274414062,83.84841168612235,83.36532387241184,83.65373089485843,7799600
2014-09-29,84.30984497070312,84.48289023397945,84.11516973714348,84.36031673503412,6791800
2014-09-30,83.833984375,84.38917942109896,83.73304082134766,84.11519056132991,7277500
2014-10-01,85.45960235595703,85.48128622364783,84.44764625088831,84.49101398626992,17194900
2014-10-02,84.71512603759766,85.43795136390726,84.67175828272934,85.17050952259325,8251800
2014-10-03,85.07647705078125,85.12707456636906,84.44762300200635,84.5705018949031,8561500
2014-10-06,85.1270980834961,85.43068877560823,84.83074270024395,85.01867874493867,4485500
2014-10-07,86.2763671875,86.32696470210108,85.42343371657073,85.5173989537683,8837700
2014-10-08,86.29808044433594,86.39204571354071,85.66199639915214,86.3414481817047,9391300
2014-10-09,85.92223358154297,86.500490433198,85.85717644583458,86.21135925001117,10291700
2014-10-10,86.77513885498047,86.79682272147603,86.2402444127448,86.39203699293056,8774400
2014-10-13,87.30281829833984,87.58471965779555,86.77515904180713,86.85467024726572,6450700
2014-10-14,87.87389373779297,88.02568642743933,87.23057949917332,87.68595756811239,11285400
2014-10-15,88.56773376464844,92.29028308788115,88.06898282091015,90.04952700967931,37407500
2014-10-16,88.00395965576172,89.72428148139308,87.77988562997224,89.71705720068368,18096600
2014-10-17,87.51240539550781,87.97501286375733,87.08594137606869,87.59914636382311,8524300
2014-10-20,87.83047485351562,88.07623272760331,87.41846478864342,88.02563519383718,7742500
2014-10-21,87.12931823730469,87.6352934853991,87.12208844384145,87.34616240875232,9754700
2014-10-22,87.22325134277344,87.35336000357032,86.89798244813852,87.07868861509449,9260200
2014-10-23,86.44989013671875,86.8691300632529,86.0595638790544,86.76793497956788,10936300
2014-10-24,86.53662872314453,87.0353798464423,86.35592243380108,86.68842134442683,5704900
2014-10-27,86.6956558227539,86.93418394638479,86.49326565011262,86.6595123570457,3391900
2014-10-28,86.15348815917969,86.4859868995571,86.07397699140297,86.36310800925327,5141300
2014-10-29,86.34864807128906,86.60886543481602,85.59690963384618,85.98723567913665,9105100
2014-10-30,86.42093658447266,87.07148004701992,86.38479865110197,86.97028501003655,7024400
2014-10-31,86.19686889648438,86.52936768706545,85.89328376352553,86.26192049009714,6664200
2014-11-03,86.19688415527344,86.34180489789075,85.65344380882094,86.15341069656878,9726600
2014-11-04,86.4649658203125,86.88522759629792,86.28381907495603,86.53017599512405,3664800
2014-11-05,86.341796875,86.4939594944884,86.09543439952314,86.16065010968134,4799600
2014-11-06,85.78388214111328,86.17515991062514,85.72591383566815,85.93604479678535,5901900
2014-11-07,86.76934051513672,86.76934051513672,85.99403222393592,86.02301638310344,8550500
2014-11-10,85.97227478027344,86.64614111616953,85.9070590558129,86.64614111616953,4787300
2014-11-11,86.03022766113281,86.08819042695288,85.74763361001635,85.84908088856324,2416500
2014-11-12,85.95780944824219,86.60993927590597,85.82738348270944,86.37082408440197,4040800
2014-11-13,86.16064453125,86.35628059273714,85.82008774999444,86.0084763934531,4475900
2014-11-14,86.5809326171875,86.65339023962022,85.99401868887153,86.10994977913144,5191200
2014-11-17,86.363525390625,86.7982764804202,86.13889966383879,86.7910290626116,4726200
2014-11-18,86.60266876220703,86.64614775790079,86.34182242885541,86.457753518327,4471200
2014-11-19,86.05195617675781,86.64611731295437,86.05195617675781,86.13890308127031,5792500
2014-11-20,86.50118255615234,86.91419687005181,86.2693149681414,86.87797084176972,5683600
2014-11-21,87.02290344238281,87.06638242445351,86.60264162738243,86.63887319108126,3640100
2014-11-24,87.09532928466797,87.14605013845608,86.62435229727497,86.71129917339259,4033900
2014-11-25,87.81996154785156,87.87068242790612,87.17507941794594,87.21855840667935,6770000
2014-11-26,88.0590591430664,88.30542160307444,88.01558569113095,88.13876415705487,4339100
2014-11-28,88.75466918945312,88.88509508396285,88.49381740043367,88.49381740043367,4562200
2014-12-01,88.23690032958984,89.18825937493669,88.20785047941305,89.09385151738145,7728600
2014-12-02,87.37991333007812,87.76481399096136,87.3581273365474,87.75755014622108,5757200
2014-12-03,87.72124481201172,87.72850865698453,87.24193077623148,87.36539397800809,4868600
2014-12-04,88.45475769042969,88.45475769042969,87.5978066358012,87.69221447868624,4250500
2014-12-05,87.93914794921875,88.30952663175866,87.5251972595657,88.28774062820207,8030700
2014-12-08,89.013916015625,89.20999546875588,87.97540800074238,88.17875129752679,6021800
2014-12-09,89.47148895263672,90.03068887523018,89.29719539136389,89.76198191521974,6639700
2014-12-10,90.12503814697266,90.34290911245473,89.38428683757346,89.45690864583787,6439200
2014-12-11,90.4954605102539,90.4954605102539,89.53683776993277,89.86363883613872,7863500
2014-12-12,91.72279357910156,91.75910173186897,90.79321510905025,91.10549403444683,9317400
2014-12-15,91.5339126586914,92.01322096379124,91.09091248268308,91.24341992251884,9387400
2014-12-16,92.66685485839844,92.75400436649488,91.76633210416063,92.49256138289525,7426400
2014-12-17,91.83169555664062,92.36910924425266,91.28702356510495,92.16576592058973,11558800
2014-12-18,90.19769287109375,90.85130046537228,90.19769287109375,90.72784279220045,12758200
2014-12-19,91.41046142578125,91.46855554451949,90.37195356145473,90.47362519510725,7894500
2014-12-22,91.5339126586914,91.64284812734212,91.01102684171842,91.10543462618206,4118800
2014-12-23,89.71834564208984,91.21437584780556,89.68203197001989,91.10544037228416,7406100
2014-12-24,90.20670318603516,90.2867579875888,89.46438340630766,89.55899110249801,4871400
2014-12-26,90.54149627685547,90.67248900818252,90.25766203504858,90.64338321394649,2921300
2014-12-29,91.21829223632812,91.45118295334761,90.83257670300011,90.90535782827885,4070700
2014-12-30,91.46575164794922,91.8514672479108,91.3565854935926,91.68408395666243,4372600
2014-12-31,91.64039611816406,91.8223378221244,91.44390152095175,91.48028653029174,4993300
2015-01-02,92.65929412841797,92.90673779543822,91.80780807182146,91.90969500752934,9432000
2015-01-05,94.11479187011719,94.34039776290182,93.12502319415007,93.16140819649841,9789500
2015-01-06,95.81053161621094,96.42186440294047,94.74799789838829,95.11915511135193,18331300
2015-01-07,95.62127685546875,96.04338292078263,94.73340049478087,95.11911600009809,9762900
2015-01-08,94.35497283935547,94.87896588850275,94.18758956402385,94.87169221734624,8055300
2015-01-09,95.38843536376953,95.4175411604895,93.91105799260244,94.0275033891708,9398800
2015-01-12,95.93424224853516,96.29084093790051,95.2792453472261,95.33746803433192,6658100
2015-01-13,95.93424224853516,96.50917323833686,95.43935496055661,95.62129669344655,8260800
2015-01-14,96.66197967529297,97.6080675136661,96.57464011887242,97.31696527183416,12324500
2015-01-15,98.18304443359375,98.27037291630688,96.56011609755703,96.68384625452417,11454200
2015-01-16,96.93128967285156,98.0156554087968,96.81484428628839,97.76094361863852,9390500
2015-01-20,98.21952056884766,98.32868126733653,97.57180784649155,97.61547212588711,7758700
2015-01-21,97.08406066894531,98.67787131073295,96.76385269079569,98.39404277896509,9803900
2015-01-22,96.7347412109375,97.65172318675019,96.2689710018971,97.52073052085025,10200000
2015-01-23,98.08114624023438,98.33585798718194,97.62992322006083,97.73909491575955,7334600
2015-01-26,97.78276824951172,98.38681615308428,97.55716227085595,98.1320932775967,5966500
2015-01-27,97.93557739257812,99.07089175177111,97.62990558371288,98.7797783873374,8079600
2015-01-28,99.53670501708984,100.00247549649738,98.0302218557417,98.06661243011688,12230300
2015-01-29,98.88174438476562,99.46396047451171,98.5833682167024,99.06368621875826,8881400
2015-01-30,100.63560485839844,100.79571446290011,99.83505683589007,100.22078350480155,14871200
2015-02-02,100.2555923461914,100.57645870324583,99.65762323945857,99.68678785042542,13689900
2015-02-03,98.1335678100586,99.02322797654999,97.98771130107995,98.92113509663855,14008700
2015-02-04,98.30127716064453,98.43983415048898,97.07615162748806,97.34597723355441,11360400
2015-02-05,97.22203826904297,97.88563654770823,97.06889335717165,97.7179148840712,8334600
2015-02-06,95.50104522705078,96.51468594002375,95.23121951050342,96.29591224160164,13685600
2015-02-09,95.34784698486328,96.24480640682451,95.34784698486328,96.23751803429309,8025500
2015-02-10,94.58951568603516,95.1437328520572,94.39261820670977,94.90308285005831,8290700
2015-02-11,94.76447296142578,94.99783445535074,94.04253448508344,94.58216346703007,6506400
2015-02-12,94.45093536376953,95.19475032071948,94.39988334835371,94.55302826730924,12548300
2015-02-13,93.48103332519531,94.45820970347995,93.4081050646647,94.44362182591577,8325200
2015-02-17,92.07361602783203,93.29144247780111,91.8256721485188,93.19664351539522,14968800
2015-02-18,92.62055969238281,93.1529005452331,92.22677033572336,92.48200263254519,14009200
2015-02-19,92.0079574584961,92.94138121169911,92.0079574584961,92.45279308520135,8584800
2015-02-20,92.2778549194336,93.3498310089693,91.88406540008107,92.64976817054139,12502500
2015-02-23,93.33524322509766,93.466506390537,92.72997943901785,92.75185570598295,7500500
2015-02-24,94.5603256225586,94.64783065467545,92.74452387872921,93.0872667575776,11958300
2015-02-25,94.96871948242188,95.08540030405698,94.1300997224227,94.40721389198218,8019800
2015-02-26,93.6706314086914,95.0197263401305,93.63416727835434,94.58217903066638,11020500
2015-02-27,94.4582290649414,94.52385783649697,93.53939288128586,94.08632156550067,9225100
2015-03-02,92.69879150390625,94.30624607342607,92.62572107954888,94.25509454657961,11324000
2015-03-03,92.36271667480469,93.06414947979239,92.34079219617085,92.71343029005233,8599000
2015-03-04,92.39191436767578,92.8230064778979,92.18002796588685,92.74994162474749,6478900
2015-03-05,92.27503967285156,92.70612633918321,91.99008275709171,92.45039648843625,6045000
2015-03-06,90.2364730834961,91.20825182381161,89.84922433384178,91.09134359588292,20022900
2015-03-09,91.06936645507812,91.23742053162702,90.69672868498277,91.0985934933687,8889100
2015-03-10,92.26774597167969,92.38465425005121,91.88780521595929,92.04124315045176,9277900
2015-03-11,92.93995666503906,93.12992983999055,92.1508480431133,92.25314000474245,6663100
2015-03-12,92.87413787841797,93.67055412958727,92.5891810936427,93.67055412958727,10295900
2015-03-13,92.5892333984375,93.22490401226965,92.42117915054921,92.61846046652647,7247200
2015-03-16,93.48062133789062,93.63405366024298,92.99107501044325,93.48062133789062,6374600
2015-03-17,94.25508880615234,94.33546180845791,93.72901299996698,93.92629421453168,6314000
2015-03-18,96.07443237304688,96.10365385075183,93.97012921091644,94.91998889654367,13981900
2015-03-19,95.58488464355469,96.16940334578698,95.18301967403531,95.86252768242115,9543800
2015-03-20,96.08910369873047,96.22793089862324,95.81876303514231,95.87721717978074,5953800
2015-03-23,95.97218322753906,96.26444273069465,95.7091452151049,96.22790750555386,5555500
2015-03-24,96.90006256103516,96.91467887323786,96.06711114915444,96.32284644229361,6713000
2015-03-25,96.08172607421875,97.00235304806537,96.05250459921479,96.97313157306141,5635800
2015-03-26,94.58386993408203,95.81868627146797,94.38658874759963,95.75292959230023,9536300
2015-03-27,95.7602310180664,95.81138253389905,94.97111743063867,95.00765263495069,7907900
2015-03-30,95.28534698486328,95.71643359016211,95.05153049786367,95.6433631507288,7010600
2015-03-31,95.48993682861328,95.68721810827589,94.92002304201856,95.16114212849855,6844300
2015-04-01,96.744140625,97.00040008347591,96.13642238618074,96.15838716341246,9273900
2015-04-02,95.71912384033203,96.62704278198208,95.63126468131972,96.59774894742839,6663400
2015-04-06,95.1845932006836,96.26823005656479,94.97958112449851,96.2316183631774,5923800
2015-04-07,95.98271179199219,96.0778999951132,95.07480402926613,95.35302842155751,4764900
2015-04-08,96.01193237304688,96.18033268888844,95.19920226119828,95.931391148546,5378900
2015-04-09,94.76722717285156,95.85819292306363,94.54757938691245,95.82158123463421,6484200
2015-04-10,94.90635681152344,95.51407516439852,94.8551093791374,95.41889816930443,4843000
2015-04-13,95.03816223144531,95.16995092727878,94.73796197228585,94.84046801537436,4010600
2015-04-14,95.71175384521484,96.54644891824736,95.53602445056441,96.1437427048724,6075500
2015-04-15,95.6312255859375,96.11447310759569,95.41889564768638,95.95339060037628,4425200
2015-04-16,95.15531158447266,95.81427738333296,94.7526052974712,95.79231260152565,7085500
2015-04-17,96.24627685546875,96.42932417210993,94.96494563898048,95.01620425035436,7268800
2015-04-20,95.39691925048828,95.92409633123943,95.13333071011272,95.87284890044627,4949400
2015-04-21,94.96495056152344,95.51409253991196,94.8624445057838,95.35300999913223,4563800
2015-04-22,93.51519775390625,94.85510521934205,93.38340348540176,94.81849352791754,9707600
2015-04-23,93.9178695678711,94.34254045353205,93.43462223187943,93.57373990487541,6843400
2015-04-24,94.50366973876953,94.7672471374242,94.15221086258782,94.18882255873022,4773000
2015-04-27,94.50366973876953,94.81850574648777,93.99112833741815,94.50366973876953,4334900
2015-04-28,93.20036315917969,94.26204084200018,93.17839837714897,93.84468763877541,7464300
2015-04-29,92.05813598632812,92.57798956561261,91.72864754684288,92.11670686756514,11554800
2015-04-30,92.2192153930664,92.38029788969477,91.16486688213807,91.55292621338305,12876000
2015-05-01,90.97782135009766,91.7408618137814,90.7503785879629,91.51341905164665,12378500
2015-05-04,90.11943054199219,91.36670526815747,90.03872393760909,91.19795916635883,9144700
2015-05-05,89.9946517944336,90.26611421692508,89.28296975064511,90.14138793644926,13935500
2015-05-06,88.45391082763672,89.55444889107663,88.31451314598672,89.50309067202114,14355000
2015-05-07,89.6424789428711,89.9286183436484,89.03351330629373,89.09221000328013,11933700
2015-05-08,89.88461303710938,90.647653427448,89.73787127110617,90.52292152693877,11716400
2015-05-11,87.6982192993164,89.25364862821812,87.67620943106277,89.23163875996448,13738600
2015-05-12,87.9256362915039,88.50525357530925,87.17727300213976,87.41205419072703,15861700
2015-05-13,87.22132110595703,88.5713175778168,87.04523655662815,88.51995935102809,15760000
2015-05-14,87.4560775756836,87.91830708335911,87.08189871414903,87.25064472677239,9128400
2015-05-15,89.20962524414062,89.44441210431621,88.25582881399806,88.32185842020232,12630600
2015-05-18,87.71288299560547,88.35852995633442,87.65418629073214,88.27782338654006,10208300
2015-05-19,86.9351577758789,87.92564079099253,86.67102822549856,86.77374465091033,8435300
2015-05-20,87.08190155029297,87.63950341617652,86.7077170789464,87.1405926535896,7789700
2015-05-21,88.29986572265625,88.49062728483185,87.6395415440699,87.73492512397165,11760700
2015-05-22,88.33651733398438,88.59330841275708,87.89630325642749,88.51994033276854,5417900
2015-05-26,89.84793853759766,89.91397374077611,88.58598716476018,88.65935525902651,10469700
2015-05-27,90.0533676147461,90.14141268270124,89.22429754926796,89.64250182620847,6490300
2015-05-28,89.83329772949219,90.26617355131687,89.6718845085987,89.87731748150726,6237600
2015-05-29,90.03141021728516,90.66238624462892,89.88467394946885,90.41293346981524,7912000
2015-06-01,89.06375885009766,89.9828515693826,88.74024202750316,89.78433001028363,13108100
2015-06-02,87.82115936279297,88.42408403128438,87.57851751079464,88.35790643087692,10076200
2015-06-03,86.4094009399414,87.20349823317837,86.1741134763559,87.04909136110933,14810900
2015-06-04,87.53437042236328,87.71083460858128,86.86526840133975,86.95350329929641,10859300
2015-06-05,86.46821594238281,87.18143257592376,86.30645477481332,86.64468012077906,11200200
2015-06-08,86.37269592285156,86.8800371200789,86.29916959520828,86.73297885509311,5334000
2015-06-09,85.68880462646484,86.1226134520241,85.37263668541398,86.07114451323413,12393900
2015-06-10,84.93887329101562,85.38739100271697,84.74770603760294,85.23298409356195,12183600
2015-06-11,86.72560119628906,86.74030982367826,85.46828282000227,85.70357037095013,13849300
2015-06-12,86.72560119628906,87.54911042945542,86.43149596487751,86.4609020002605,7863100
2015-06-15,86.86526489257812,87.54171558716925,86.57115418763131,87.41672036071776,8194200
2015-06-16,87.54908752441406,87.55644183618459,86.71822980462406,87.2108621090209,7046400
2015-06-17,86.87261199951172,87.22554032842748,86.21086437067633,87.12995674136586,13626100
2015-06-18,86.44619750976562,86.57119279195572,85.8432728201278,86.29914489656522,10123300
2015-06-19,87.55643463134766,87.63731522507925,87.12262002772404,87.13732865005476,10439200
2015-06-22,85.76974487304688,86.86530196661919,85.72562460217253,86.64471744133999,9769000
2015-06-23,85.25502014160156,85.9976484704822,85.06385293590601,85.09326456978891,8945100
2015-06-24,85.99030303955078,86.1520642377636,85.40944144189008,85.66678625282131,8600400
2015-06-25,85.68880462646484,86.08585312985618,85.43145993251498,85.72556494863277,8287800
2015-06-26,84.72560119628906,85.19617597259327,84.46825088231854,85.04911784893957,11673000
2015-06-29,86.96819305419922,87.25494941672888,85.62999482582926,85.99763176340007,17132900
2015-06-30,86.36530303955078,87.27704143651633,86.26971941726863,86.32118838460467,13469000
2015-07-01,85.19950866699219,85.74480751589445,85.05949729985166,85.34688491089767,12451500
2015-07-02,85.4795150756836,85.96586673934983,85.3910859671872,85.71532040963136,6682100
2015-07-06,87.06385803222656,87.43230431622072,86.26064220965637,86.99016989983656,10605800
2015-07-07,87.88182067871094,88.78819550704351,87.65338012989109,88.17657886870614,16160100
2015-07-08,88.64082336425781,88.84715242028044,88.05867745788247,88.44185918734661,9951800
2015-07-09,86.89437103271484,87.77864549531047,86.84278877738342,87.4691463412777,11108900
2015-07-10,85.51638793945312,86.01010462904854,85.30268841215565,85.5090174393272,13636600
2015-07-13,85.25115203857422,85.81855716868036,85.03008189216813,85.03008189216813,8006700
2015-07-14,85.53108978271484,85.67846599518445,85.22896686053951,85.49424291857638,4227800
2015-07-15,86.4375,86.62172314098717,85.50901379525229,85.56059604984694,8720400
2015-07-16,87.03438568115234,87.07123256007398,86.12064042874852,86.13537580709054,7306500
2015-07-17,87.48388671875,87.60915710622885,87.21860494406296,87.22597544392764,7404900
2015-07-20,87.11542510986328,87.43228908377601,86.87961975407077,87.16700735575404,5941000
2015-07-21,87.58706665039062,87.63864891443734,86.70279766043404,86.71753304071376,5627500
2015-07-22,88.13232421875,88.35339417327725,87.6533430653026,87.69756042943354,6228900
2015-07-23,89.2303237915039,89.31138242868103,88.02182035619239,88.13235537252889,9087700
2015-07-24,89.45140838623047,89.5693139220621,89.10506790228177,89.53246703660336,7307900
2015-07-27,89.93040466308594,90.11462787676268,89.51774646350485,90.04093971570124,8172000
2015-07-28,89.27456665039062,89.58406028682728,89.09034344460032,89.28193715279514,9128200
2015-07-29,88.94293975830078,89.28928020002631,88.73661071779485,89.17874517917109,6706400
2015-07-30,89.62823486328125,89.85667536665443,89.2745296032901,89.31874135527806,6146600
2015-07-31,90.29147338867188,90.56412574711123,89.94513287504633,90.22515573561806,9178400
2015-08-03,91.24190521240234,91.38960332768802,90.33354546386185,90.33354546386185,11753700
2015-08-04,90.51815795898438,91.07203426344931,90.43692231691716,90.95387691501044,6448800
2015-08-05,89.83871459960938,90.03072658003774,89.49900456304822,89.92733117956116,7574400
2015-08-06,90.63634490966797,90.73973472976286,90.09723601832522,90.09723601832522,6118100
2015-08-07,91.8252944946289,91.9434574657254,91.01294378846252,91.05725771978399,8317000
2015-08-10,90.68804931640625,91.25669338647555,90.48126402023966,91.13853599441785,7461700
2015-08-11,92.12811279296875,92.40874148895199,91.69239937281144,91.79578918892749,11145700
2015-08-12,91.62593078613281,92.8370734550684,91.57423587834857,92.26104287280909,8455200
2015-08-13,91.33055114746094,91.8844277090747,90.99822746422218,91.4487141850806,7691400
2015-08-14,91.544677734375,91.84746616124599,90.98341481768811,91.18281344863274,4324700
2015-08-17,91.95826721191406,92.38659972718398,91.86226397959074,92.09858439589082,7880300
2015-08-18,91.23448181152344,91.78835797188893,91.11631885950536,91.42649379139299,5024300
2015-08-19,92.13546752929688,92.26101145769307,90.82831645219152,90.8800113423735,10736000
2015-08-20,93.06603240966797,93.12511393006237,92.44569334849857,92.58601055085427,9078300
2015-08-21,93.34660339355469,93.59769123315284,92.748413266046,93.16936458711363,10718300
2015-08-24,93.3171157836914,95.20767915364513,92.91832401640617,94.75719247028533,16663400
2015-08-25,91.81790161132812,92.1576116576354,91.24925224683128,91.98037285832723,15354800
2015-08-26,90.0455093383789,91.21234333556419,89.62456360956152,90.83570590420527,16429900
2015-08-27,90.09724426269531,90.73974303292496,89.83876968880631,89.96431367693481,9127000
2015-08-28,90.36309814453125,91.18283575153812,90.26709492035235,90.94651535528622,9946200
2015-08-31,89.66887664794922,91.18280741345804,89.6097951586671,91.10157177427536,8617600
2015-09-01,90.31497955322266,90.3593840302516,89.53787297246109,90.0263391594325,15298200
2015-09-02,89.53789520263672,90.27800011847532,89.44908057997722,89.86353752595006,9515200
2015-09-03,89.97455596923828,90.04856533280851,89.33806527873982,89.83393422586809,7042500
2015-09-04,90.79609680175781,90.98112308268358,90.15960594364883,90.62587013882235,7951300
2015-09-08,89.45648193359375,89.96715047857933,89.37506994228909,89.83393136976736,7049500
2015-09-09,89.88572692871094,90.07815576037285,88.48692928933538,88.53873640018071,7441900
2015-09-10,89.27890014648438,89.69336295340035,89.14568096686054,89.56754076124345,6789700
2015-09-11,89.84133911132812,90.35201333192055,89.79693462138187,89.90054886229154,5890900
2015-09-14,89.98199462890625,90.40385438137955,89.75996080273936,90.25582994841669,4221700
2015-09-15,88.25752258300781,89.58971386174993,88.16131096431376,89.4712943496159,11895000
2015-09-16,87.92444610595703,88.39811269179435,87.7394199194096,88.0428599291408,6949800
2015-09-17,88.99764251708984,89.08645716608258,87.8726851959522,87.98369644900053,19843600
2015-09-18,90.36680603027344,90.44081539003719,89.64890338280546,89.70811312923733,14963300
2015-09-21,88.89401245117188,89.63411745491383,88.64977644476429,89.56010808385025,10085600
2015-09-22,90.1299819946289,90.58144647630736,89.65631526738474,89.87834901614728,9968200
2015-09-23,90.12257385253906,90.34460758772329,89.545292916923,90.01156263149939,6769900
2015-09-24,90.73686218261719,91.53617685244623,90.6554501895854,91.15872176171267,9605800
2015-09-25,89.95233917236328,90.24097959617777,89.75250771184459,90.03375115308548,8383700
2015-09-28,91.49178314208984,91.60279437607208,90.4408297391155,90.4408297391155,9833400
2015-09-29,91.75082397460938,91.98765736480573,91.21794743502922,91.43257857716864,9006100
2015-09-30,91.4325942993164,91.6250232264877,91.12175147996197,91.33638265900795,9832600
2015-10-01,91.82268524169922,92.34925033127992,91.71144347918693,92.02293173077908,9069400
2015-10-02,92.3788833618164,93.60259323250973,92.09706156798732,93.14277336631581,13000400
2015-10-05,91.12554931640625,91.83752491631118,91.0587985979544,91.7559438483584,11362700
2015-10-06,91.51859283447266,91.66691892076103,90.78436908827342,90.88819848033079,5687800
2015-10-07,91.21453857421875,91.46669977047856,90.85855361962457,91.08104280167622,6712800
2015-10-08,90.45059967041016,91.49631693617475,90.22811060797304,91.43698425621454,12882300
2015-10-09,90.68798828125,90.95497986988855,90.40616634136697,90.45808105814226,9038100
2015-10-12,91.37769317626953,91.54085529130235,91.15520401254344,91.24419741472252,4241000
2015-10-13,91.53343200683594,91.66692776068018,91.07361770003318,91.6150130596451,6147200
2015-10-14,92.33438873291016,92.37147308004941,91.44442098433747,91.74107312834373,9738100
2015-10-15,91.88200378417969,92.30473939137025,91.8004227320659,92.19349198773526,6924300
2015-10-16,91.91165924072266,92.31214645136906,91.86716254785438,92.1489843664823,8048300
2015-10-19,91.65950775146484,91.9413352580093,91.1551967571809,91.80783950708769,6238400
2015-10-20,91.09585571289062,91.19968510317955,90.88819693231275,91.07360736615405,6431300
2015-10-21,92.00067901611328,92.12675677983522,91.57052536053169,91.67435477280607,6603800
2015-10-22,92.1563720703125,92.54202315102957,91.60014095921886,92.03770671730697,6934100
2015-10-23,91.37023162841797,91.56306000503913,91.11065823197161,91.29606860918696,7058200
2015-10-26,91.97834777832031,92.11184343319692,91.82260379067657,91.86710611448467,5859800
2015-10-27,92.20831298828125,92.63104852668327,92.08223525854032,92.34180871926489,7156800
2015-10-28,91.83751678466797,92.21575007538159,91.44444748748798,92.16383536930648,8468700
2015-10-29,90.37647247314453,91.38510579916847,90.25780706618734,91.35543944742918,12108000
2015-10-30,91.05877685546875,91.08102520354734,90.49512751827427,90.65828961522091,11861400
2015-11-02,90.64033508300781,90.81128696381455,90.43965786438342,90.51398255014765,8751000
2015-11-03,89.89704132080078,90.48421574608848,89.77812300474423,90.41732525654562,8921600
2015-11-04,90.00109100341797,90.33556044076788,89.7112208934125,90.00852516974328,5980800
2015-11-05,89.76329040527344,89.97883596395398,89.41396381424987,89.97140746478607,7268400
2015-11-06,88.44770812988281,88.84163398988655,88.2544594487193,88.81190298735301,10604700
2015-11-09,87.94972229003906,88.37337913183285,87.70444578410356,87.77877045149377,9159500
2015-11-10,88.20987701416016,88.60380292433219,87.9868973020656,88.07609032102535,6712500
2015-11-11,88.02408599853516,88.13557588437365,87.9051619414778,87.96462397000649,2857900
2015-11-12,88.44770812988281,88.77474348714277,88.22472844618576,88.2618936170049,6805700
2015-11-13,88.95309448242188,89.11661210710062,88.6111965720059,88.68552121851249,7906600
2015-11-16,88.87139892578125,89.19100023678752,88.54436344365081,89.03491666684647,5485300
2015-11-17,89.02001190185547,89.28758524673646,88.1950007041826,88.44770571289868,5122900
2015-11-18,89.20587158203125,89.33222982098377,88.71532398175007,88.87884173871434,5233900
2015-11-19,89.80046081542969,90.04573739690211,89.696405114916,89.84505449547545,6643000
2015-11-20,89.52543640136719,89.96396163165373,89.39908388457299,89.88220278652588,5971000
2015-11-23,89.80046081542969,90.02344055687924,89.42883169342069,89.58491524419122,5436300
2015-11-24,89.79302978515625,90.0829000568108,89.62208355859617,89.85992597817454,3371500
2015-11-25,90.00109100341797,90.24636745668643,89.8970353572933,90.06055299280561,3280900
2015-11-27,89.91197967529297,90.17211901045049,89.90454550268497,90.12009114341899,2570600
2015-11-30,90.26870727539062,90.32816929309696,89.97883702733489,90.00856803618805,5179800
2015-12-01,91.48798370361328,91.50287788685608,90.31859426818595,90.31859426818595,12766600
2015-12-02,91.5177993774414,91.64441985414275,91.0113117880008,91.36138484458057,7345800
2015-12-03,89.03003692626953,90.42287901846957,88.62782574965614,90.39308496657587,16612200
2015-12-04,89.81209564208984,90.07278643621002,88.98532935028508,89.03001757709622,11843800
2015-12-07,90.68359375,91.2124255244492,89.97600329974838,89.98344755270642,9016700
2015-12-08,90.728271484375,91.19007083287178,90.46013066042657,91.07834454245406,7257500
2015-12-09,90.63143920898438,90.9815122444501,89.75998442876212,90.38564252246995,8993900
2015-12-10,90.7505874633789,90.89210776619699,90.48989665500355,90.71334916654438,5606900
2015-12-11,92.18067932128906,92.43392021376262,91.51777735848029,91.63694787181085,12300000
2015-12-14,90.98896789550781,91.72635231874591,90.68358308108118,91.67421414099442,10661100
2015-12-15,90.45269775390625,90.57186831136703,89.99834828315052,90.13986296497043,8795500
2015-12-16,90.25904846191406,90.99643305457072,89.7525607548303,90.17711620910372,10988600
2015-12-17,91.27944946289062,91.45075817660576,90.60164749456692,90.70592384621133,9923000
2015-12-18,91.78595733642578,92.00195433929642,91.48057246575313,91.67423102562759,10171700
2015-12-21,91.7635726928711,92.19557789988701,91.55502002262455,91.93488706207881,7494900
2015-12-22,91.1006851196289,91.46565803296939,90.86233836124072,91.35393174689852,5445800
2015-12-23,90.4154052734375,90.57926967438107,90.02809406608868,90.29623477988127,7287100
2015-12-24,90.93341827392578,90.96327479471967,90.61246779357786,90.66471528132989,3364600
2015-12-28,91.2021484375,91.5604154046635,90.94837078242098,91.05286578905623,7586600
2015-12-29,89.68697357177734,90.86627528523543,89.57501299856483,90.82895889053214,7787500
2015-12-30,89.59734344482422,89.97054130704298,89.32117497674525,89.50777390785464,5508900
2015-12-31,90.00041198730469,90.20940191191897,89.75409999277429,89.99294643441179,7897700
2016-01-04,90.64977264404297,91.39616848530984,90.55274323471568,91.00804515345234,10591900
2016-01-05,90.28398895263672,90.68704316114277,90.06007374427455,90.22427595258877,6242600
2016-01-06,91.50068664550781,91.52308330984462,91.09763780024208,91.28423680786688,8916900
2016-01-07,91.6648941040039,91.75446367713563,90.9035726633084,91.56786467069018,10202200
2016-01-08,92.07544708251953,92.15755113024454,91.23202132217831,91.38129830283191,9577200
2016-01-11,91.06775665283203,91.64994448808181,90.95579613961901,91.09014761656498,10040300
2016-01-12,92.38140869140625,92.79192867269451,91.17225110024489,91.314062434605,12897700
2016-01-13,93.29205322265625,93.67271685374727,92.00825093313415,92.2023155266679,15577600
2016-01-14,92.41876220703125,93.27711883616932,92.06048958376878,92.90392079693974,12873800
2016-01-15,93.85930633544922,94.01604882769323,93.35922233240169,93.59806884837589,13976300
2016-01-19,93.5682144165039,94.09815495772925,93.2621892858321,93.3965408099843,8926600
2016-01-20,94.55341339111328,95.47894252226776,94.3593489025567,94.77733439287455,17283300
2016-01-21,93.91150665283203,95.00870924186853,93.79954615903391,94.74747188603777,11001600
2016-01-22,93.55325317382812,93.69507020768701,92.94120880416381,93.23230842486059,10164300
2016-01-25,94.06085205078125,94.24745111155808,93.78468908534445,94.00860454154581,5738200
2016-01-26,94.10562133789062,94.38924980489769,93.85930925902774,94.03844272795061,5692600
2016-01-27,94.08322143554688,94.26235488746607,93.44132039707416,93.85930034973555,7957800
2016-01-28,94.21757507324219,94.3519265888494,93.64284693081977,93.70255998098962,10575400
2016-01-29,95.01622772216797,95.43420772433316,94.73259355394121,95.0983317503862,13170700
2016-02-01,94.72529602050781,95.02442180794958,94.44112966038054,94.8150354683453,9948400
2016-02-02,96.48269653320312,96.4976445558061,95.71992518439279,95.7947109402248,10400000
2016-02-03,95.6825180053711,97.17066760265074,95.66008456411534,95.92929726988697,13309000
2016-02-04,96.14617919921875,96.16112722116034,95.3534947242197,95.88444047609204,9953500
2016-02-05,96.25835418701172,96.46774061813268,95.41332304024908,95.63766890522288,9200800
2016-02-08,98.32978820800781,98.43448141477855,96.97623912023107,97.00615798542484,14452200
2016-02-09,98.43447875976562,98.75603238235134,97.93344618296943,98.74107295015794,15232100
2016-02-10,99.30191802978516,99.33931089971469,98.04559975720572,98.48680595454955,12797100
2016-02-11,99.99745178222656,101.14160357524881,99.46650008100868,100.53587749784985,21620200
2016-02-12,98.3372802734375,99.55621751304362,97.91102194644427,99.18978551671816,13888400
2016-02-16,97.29781341552734,97.77641260781043,97.07346754805297,97.75397916213346,11766000
2016-02-17,96.69954681396484,97.08841216419047,96.25086655819965,96.94632608945209,13157300
2016-02-18,97.8885269165039,97.96331263546693,96.73690215508445,96.77429501456596,10196700
2016-02-19,97.97080993652344,98.5765470184666,97.76142356648187,97.91846904936374,8188700
2016-02-22,97.9184799194336,98.04560655744983,97.7390009777446,98.03813254722627,5054300
2016-02-23,98.3148193359375,98.51673171914625,97.05101555437959,97.1258012994799,8320700
2016-02-24,98.12041473388672,99.750639370114,97.92597631659726,99.01030140343804,9091200
2016-02-25,98.47185516357422,99.12993321782284,98.20265386214834,98.32229508143668,6097200
2016-02-26,97.52214813232422,97.82126831428545,97.24544998277139,97.44736238148215,9245000
2016-02-29,97.94837951660156,98.09046557437372,97.52960676361103,97.56699963313555,8016100
2016-03-01,96.22362518310547,98.03677225379207,96.14122083951028,98.01429626329427,13729100
2016-03-02,96.62071228027344,96.62820046513002,96.05878974276156,96.14120550555704,7047700
2016-03-03,96.9728775024414,97.35499229287403,96.47839416619851,96.70316555486222,6394800
2016-03-04,96.35102081298828,96.74811195599948,95.72166439079857,96.46340078465293,8687000
2016-03-07,96.32108306884766,96.40349889125359,95.93897958261189,96.23866724644172,5493300
2016-03-08,97.38494110107422,98.14167094235748,97.36246510899115,97.66216405734201,7175400
2016-03-09,96.79304504394531,97.16766011947271,96.50833392819413,96.71062927003548,7194700
2016-03-10,96.39598846435547,97.28007487135852,95.84155383858054,97.02533927263042,10091600
2016-03-11,95.4219741821289,96.56080747161072,95.30958849069437,96.51585548150639,8927000
2016-03-14,95.72164916992188,96.19366212437836,95.6467272953344,95.76660115143984,5177000
2016-03-15,95.81157684326172,96.39598132847979,95.60928716019802,96.27610172653536,6413200
2016-03-16,96.09625244140625,96.29105959207551,95.42944379859462,95.71414919041925,9728900
2016-03-17,96.493408203125,96.90548733778512,96.26864815908512,96.28362454045298,7805500
2016-03-18,96.69567108154297,97.03282246631012,96.42594768725958,96.6806832728749,8198600
2016-03-21,95.95394897460938,96.36601657518023,95.7141897436924,96.08880496773816,5514800
2016-03-22,95.93145751953125,96.66571155915399,95.84155352788312,96.52335595081185,4997900
2016-03-23,97.01780700683594,97.26505430468902,96.1187217665179,96.20863714995595,10628200
2016-03-24,97.05528259277344,97.87944044952634,96.65070328367885,97.83448846322099,6343300
2016-03-28,97.18268585205078,97.51983726514007,96.86051081653929,96.93543843382548,5058700
2016-03-29,98.2016372680664,98.21661364527142,97.41494303554056,97.68466644576802,9396700
2016-03-30,97.16768646240234,97.45239765534099,96.63572788070353,97.42242203905906,8478700
2016-03-31,97.8569564819336,98.00680023485602,97.24258223290246,97.3849377994997,7832300
2016-04-01,98.11225128173828,98.45011257046396,97.52664185012706,98.33748832221147,9341400
2016-04-04,98.17227935791016,98.32994866539647,97.80440340048806,98.19480190811855,5145100
2016-04-05,99.24588012695312,99.37351169957849,98.93805673978467,99.11073340203961,6482800
2016-04-06,98.52515411376953,98.85550014563249,98.15727813321801,98.7503910860423,6393700
2016-04-07,99.74142456054688,99.84653361526729,99.1107587761966,99.24590553571015,5963300
2016-04-08,99.11077117919922,99.40357582942191,98.83298538325259,99.23089910134935,5584800
2016-04-11,98.9831771850586,99.23844052464068,98.435109083948,98.59277847370961,4805500
2016-04-12,98.29993438720703,98.7654272665109,97.99962600884285,98.41255862111633,4276000
2016-04-13,98.64530944824219,98.78795995220374,97.99213235750402,98.11976400419817,5207900
2016-04-14,98.17227935791016,98.58521187177661,97.96957640603465,98.28490356497969,6967000
2016-04-15,99.0131607055664,99.22337880615352,98.54016425123177,98.57019049873252,5831100
2016-04-18,98.58523559570312,98.68284097411266,98.0972316157161,98.60025445146545,4486600
2016-04-19,98.27738189697266,98.58520533745458,97.81940431304461,98.41252864529291,5212200
2016-04-20,97.19627380371094,98.84047728578504,97.05362334518661,98.47260132014634,10920700
2016-04-21,96.61819458007812,96.90349557481294,96.31787472877019,96.43049896902227,11154200
2016-04-22,96.37039184570312,96.78332429632792,96.28030165866711,96.73827920280992,5826400
2016-04-25,95.97247314453125,96.49051460450903,95.97247314453125,96.14514981251544,5539500
2016-04-26,95.53706359863281,95.91996423929677,95.43946394545057,95.91996423929677,7840000
2016-04-27,96.49050903320312,96.71574593184388,95.81480406529313,96.04003523592161,8380100
2016-04-28,96.88848114013672,96.95604881375313,96.13018350500327,96.257826607654,7974600
2016-04-29,97.13624572753906,97.3840053329039,96.2503164002316,96.43801202950507,7416300
2016-05-02,96.15824127197266,96.97071461936365,96.14319791386595,96.79017136388684,11035200
2016-05-03,97.36943817138672,97.81330049800535,97.3092647336715,97.45972128615786,10736700
2016-05-04,97.90361785888672,97.9261857783449,97.18894029146689,97.55755729535365,7211200
2016-05-05,98.55803680419922,98.6031840884702,97.57253346089088,97.84335977103711,7870400
2016-05-06,98.13676452636719,98.44520786699326,98.01639471357207,98.43768905835499,7232500
2016-05-09,98.44519805908203,98.46776596184557,98.03896433024225,98.14428503617079,4950800
2016-05-10,98.45272827148438,98.64080180236387,98.28722264598264,98.4376906539641,4331900
2016-05-11,99.00940704345703,99.30280122427406,98.29473008804067,98.422618681823,9256000
2016-05-12,98.55803680419922,98.67840660406331,98.24207468887795,98.29474078097945,6087400
2016-05-13,99.51344299316406,99.54354117951925,98.723532048214,98.91160553610236,8707300
2016-05-16,98.65583038330078,99.04702646032736,98.53546059358568,99.03197736683923,5137000
2016-05-17,98.82135009765625,99.17492923104253,98.70851057810599,98.70851057810599,4449100
2016-05-18,97.41456604003906,98.43768646363483,96.97823408948089,98.40758827168084,12681000
2016-05-19,97.83582305908203,98.04646443074849,97.53489861449152,97.55746651294908,6209400
2016-05-20,97.91108703613281,98.09916058900983,97.4597173966872,97.53493993037878,5348900
2016-05-23,98.12926483154297,98.34742511551781,97.73806860330942,98.06907991342247,6979700
2016-05-24,97.69293212890625,97.94119060982506,97.22651336547662,97.77568495587919,5968200
2016-05-25,97.32429504394531,97.98631760008266,97.27915922949927,97.67035541986209,6367400
2016-05-26,97.82828521728516,98.13672844450612,97.64774204356982,97.65526084944364,5419300
2016-05-27,97.6854019165039,97.99383380003823,97.57255090429557,97.85090755113109,5267600
2016-05-31,97.9185791015625,98.1292204802313,97.03086630937756,97.06096449438407,8344300
2016-06-01,98.31582641601562,98.95659511482776,98.08213782080026,98.47413790134487,9874900
2016-06-02,99.02450561523438,99.2732744034536,98.65511956557036,98.67773386425436,5835400
2016-06-03,100.43419647216797,100.43419647216797,99.95928463771898,100.15527908505534,11077200
2016-06-06,99.6878662109375,100.17785790708886,99.58232900702679,100.09493499668098,7573700
2016-06-07,99.92911529541016,100.2457269898985,99.91403526156914,99.98942392807874,4680200
2016-06-08,100.46430969238281,100.58491540997176,100.04216092409342,100.16276664168237,5313200
2016-06-09,101.1125717163086,101.42163740127444,100.9617945009849,101.25580316925416,6820300
2016-06-10,101.60263061523438,102.01724522727713,101.21063029996722,101.61016487992818,6984600
2016-06-13,102.05493927001953,102.0624735346922,101.5950960657148,101.83631906487618,7283300
2016-06-14,101.97957611083984,102.68818825884966,101.93434750610679,102.66557395648314,9012500
2016-06-15,102.37155151367188,102.69569743686796,102.00216549409787,102.16047707468509,7953200
2016-06-16,102.86906433105469,103.69828185562226,102.65797844009573,103.08013871932216,10372700
2016-06-17,102.22833251953125,102.72587011654144,101.96448368704824,102.67309574896659,8489900
2016-06-20,101.13526916503906,101.42926657238584,101.02218616055428,101.19557780022507,7365900
2016-06-21,100.6678695678711,101.4518702404287,100.60757244170033,101.23325002295415,6005800
2016-06-22,100.83368682861328,101.00707840094447,100.44923236914498,100.63769246739854,5773700
2016-06-23,99.6802978515625,100.50199250579638,99.56722640967659,99.96676084126,9029100
2016-06-24,102.35649108886719,102.98218026096819,101.99465076738946,102.98218026096819,17155000
2016-06-27,104.9119873046875,105.22859895337699,104.33152686407651,104.36168692739581,16577100
2016-06-28,105.1305923461914,105.46227247602376,104.69336351265376,105.11551231670605,14006400
2016-06-29,104.323974609375,105.63566107291723,104.22597167452824,105.29642368389136,12999800
2016-06-30,104.70843505859375,105.49243557674704,104.09782612779105,104.64059217799179,14698500
2016-07-01,106.16226196289062,106.35106870762891,105.12004504430355,106.3435090625759,15430200
2016-07-05,107.49141693115234,107.92944979731315,107.01562042545537,107.12891134406385,8840800
2016-07-06,107.6651611328125,107.99746286235879,107.21203183930822,107.83886011912999,14352800
2016-07-07,107.65758514404297,108.14092984630997,107.07605726786579,107.31017573748542,9676400
2016-07-08,108.45061492919922,108.46571117385385,107.51412918732338,107.93705451467025,10355300
2016-07-11,107.49901580810547,108.35242606443524,107.42350001722114,108.03523208548043,8099000
2016-07-12,105.73173522949219,106.38123063542714,105.45985316366257,106.04892905231932,15810600
2016-07-13,106.97789764404297,107.06853271831501,106.44924106016114,106.76643501049024,8181700
2016-07-14,105.42210388183594,105.61091057760132,105.04449049030518,105.18798542290226,10817000
2016-07-15,104.5158462524414,105.05961052165496,104.3572435389843,104.89345968807041,9958600
2016-07-18,104.41765594482422,105.17288276453642,104.01738665228449,105.02939934882237,5955900
2016-07-19,105.00678253173828,105.21069709797823,104.52343759521374,104.93126672769361,8073900
2016-07-20,104.4328384399414,104.60653750609701,104.15340800431868,104.3950747671628,6942500
2016-07-21,104.64424133300781,104.68955310488641,103.45854104807343,103.49629317540668,10398400
2016-07-22,104.8255386352539,105.15784045014678,104.12317134034801,104.1684831289511,5811400
2016-07-25,104.74999237060547,105.17291768625736,104.6669169318988,104.93125101610651,4243800
2016-07-26,104.9161376953125,105.36927852315729,104.56873971463477,105.36927852315729,5243400
2016-07-27,106.22264099121094,106.22264099121094,105.2786075251538,105.39189845538827,8508100
2016-07-28,106.02629852294922,106.36614830552755,105.51274978907041,105.5807174408166,7336100
2016-07-29,106.90986633300781,107.00048982947841,105.89786554294487,106.07156441912764,8766700
2016-08-01,105.75080871582031,106.30312778419399,105.6297490023744,105.75837061857705,9809300
2016-08-02,104.66133880615234,105.36497704253478,104.03335426411614,104.28303569973737,10051200
2016-08-03,104.72183990478516,105.00178043222168,104.34353690235032,104.86559689289302,4930600
2016-08-04,105.50867462158203,106.04586980976376,105.37249112155428,105.51624806817564,5646000
2016-08-05,104.4115982055664,105.30438748925613,104.27541470597498,105.20603658784724,7778600
2016-08-08,104.60831451416016,104.82016321611292,103.89711475468356,104.10896345663632,5185200
2016-08-09,105.63736724853516,105.71303249601857,104.88076095328447,104.94886429397788,5503200
2016-08-10,106.0458755493164,106.31068066199855,105.5238156811782,105.84915064544478,5843500
2016-08-11,105.10018157958984,105.98540954562641,104.82022940425148,105.97027418739025,7624600
2016-08-12,105.9853515625,106.57550321699387,105.82645925018733,106.23503288476884,7989600
2016-08-15,104.98662567138672,105.64488062446236,104.97906376889685,105.42545845847405,5108600
2016-08-16,104.70667266845703,105.281688900902,104.58561297376717,105.15306730462699,6182700
2016-08-17,105.33466339111328,105.50111759543168,104.78990627605103,104.8882687272088,5002000
2016-08-18,105.5010986328125,105.74320644883038,105.00929801030786,105.31950911213418,3805200
2016-08-19,104.94884490966797,105.20608823176471,104.48731469301497,104.89587693723371,5516300
2016-08-22,105.83399963378906,106.03071294220162,105.448123372249,105.6599720258889,5549700
2016-08-23,105.94750213623047,106.37119950859784,105.67512360472465,106.12909167219685,6841400
2016-08-24,105.69783782958984,106.06857886239925,105.4632918568512,106.00048710480856,6027800
2016-08-25,105.29683685302734,105.75836689250082,105.13795608650575,105.36492861010802,5855500
2016-08-26,104.68401336669922,106.44690684567131,104.57808898167005,105.7205599591198,12962500
2016-08-29,106.083740234375,106.18966462046211,105.3271341780693,105.4557558222542,7310400
2016-08-30,105.6751937866211,106.12158870433687,105.6751937866211,106.0534969124606,5161800
2016-08-31,105.82647705078125,106.05346115874102,105.42547679617188,105.66759625663332,7349700
2016-09-01,105.9432144165039,106.19335002268957,105.03363775412542,105.07152762539116,9149100
2016-09-02,105.0790786743164,105.39742981824791,104.73040176473955,105.32921419438205,8397000
2016-09-06,105.84467315673828,106.1781872988349,104.9881492523442,105.13975500122069,8542600
2016-09-07,105.76883697509766,106.43586504924,105.76883697509766,106.39796362395624,5421800
2016-09-08,104.4423828125,105.56420501681492,104.04065309267533,105.25342947781311,14301500
2016-09-09,102.72176361083984,103.17654604721551,102.63838509595385,103.13865618526981,13347700
2016-09-12,102.7748031616211,102.95672305234943,102.44887636902624,102.57015629617847,9096600
2016-09-13,101.60755157470703,103.08561506578012,101.08454182419781,102.9870736444104,15645400
2016-09-14,101.75911712646484,102.2593881875932,101.6075229895478,101.6075229895478,7037700
2016-09-15,101.31948852539062,101.6075254887416,100.83438033578936,101.27401143978607,9874500
2016-09-16,102.13810729980469,102.18358438386684,101.73637763606747,102.00925170633154,7507900
2016-09-19,101.8045883178711,102.22905650302447,101.7591112360176,101.96376967024891,7105900
2016-09-20,102.16087341308594,102.7672616846465,102.07749488117268,102.4413232177513,6054800
2016-09-21,102.98709869384766,103.00226158526057,101.7061061680451,102.0244690582293,10698100
2016-09-22,103.80565643310547,104.063367596494,103.46456676792769,103.59342234962196,12426200
2016-09-23,103.7071762084961,104.1013188000804,103.62379766683488,103.8663460642794,5928800
2016-09-26,104.36660766601562,104.47272474869298,103.85876080135294,103.89666223785798,8661300
2016-09-27,105.13219451904297,105.20799741276487,104.56370751382185,105.04881596230796,9450400
2016-09-28,104.90483856201172,105.4733257902724,104.76840717886223,104.98064148547405,7958700
2016-09-29,105.17005920410156,105.41261912650755,104.18467975964114,104.2680582872315,8319800
2016-09-30,104.23013305664062,105.08665668397845,103.74502488847827,105.01844105858633,11747100
2016-10-03,103.8861312866211,104.61510859305027,103.84816166676625,104.54675864263103,7588800
2016-10-04,102.67123413085938,103.90896091148986,102.63326449267166,103.74190377282936,12048700
2016-10-05,102.19285583496094,102.57252909415456,101.84355133835113,102.52697015692466,8917700
2016-10-06,101.62332916259766,102.27636752402665,101.50942025162716,101.72963719414626,7839900
2016-10-07,101.69165802001953,101.97261245132593,101.06139918255208,101.69924731202323,9953200
2016-10-10,101.09178161621094,101.11456107939884,100.6209790080147,100.8791655686535,6089100
2016-10-11,100.86392974853516,101.41065979101627,100.666503961356,100.88670920141351,9670400
2016-10-12,100.96271514892578,101.0082740847866,100.4159847451799,100.74249817665446,7582400
2016-10-13,101.3423843383789,101.69926651723307,101.27403435061679,101.47906114048806,7080600
2016-10-14,99.92237091064453,100.95508228087141,99.87681198921905,100.43873238911013,11415100
2016-10-17,100.56024932861328,100.79565647152089,100.30207430482693,100.309675185161,10595900
2016-10-18,100.88677978515625,100.90955925397188,100.10465379126394,100.12743326007957,7151000
2016-10-19,100.97029876708984,101.19810502029688,100.47672820739736,100.51468626067575,6941300
2016-10-20,101.07654571533203,101.56252668797845,100.91707795845882,101.47899816517827,6082300
2016-10-21,101.22846984863281,101.53980466303355,100.89435556846684,101.38793769569637,9222700
2016-10-24,100.78810119628906,101.33483183916982,100.45398673822714,101.3044630642156,6507500
2016-10-25,101.05380249023438,101.41828545371123,100.60579097401235,100.63615972650854,5134700
2016-10-26,100.370361328125,100.8411637862292,100.22609530282892,100.58298889460225,5842500
2016-10-27,99.27694702148438,99.52753271004259,98.76058547292948,99.52753271004259,10044700
2016-10-28,99.05675506591797,99.42123816540312,98.96563718772389,99.01119612682093,7541000
2016-10-31,99.66422271728516,99.69459147748582,99.25418072768531,99.39085752864945,7047500
2016-11-01,99.67183685302734,100.12071512240689,98.81214563729036,99.02516749683764,12622400
2016-11-02,100.10546112060547,100.50868175791017,99.68702132468077,99.89243933519228,8666200
2016-11-03,99.33709716796875,99.70227584264217,99.23819001508647,99.4740348176635,6085400
2016-11-04,100.22721099853516,100.26524148938321,99.76312524376333,99.86963615753953,7622600
2016-11-07,99.3750991821289,99.66420517149375,99.23816157168288,99.47400630666266,5386700
2016-11-08,98.97186279296875,99.82396146602842,98.68276845835199,99.67940849431224,7576500
2016-11-09,94.77230072021484,96.90253056599477,94.50602344059469,96.78841007346917,31233500
2016-11-10,93.37244415283203,95.06901504695261,93.364834571792,94.31582904745903,22961200
2016-11-11,92.8474349975586,93.61583967625049,92.55072537196187,93.54736509874033,10040200
2016-11-14,92.29214477539062,93.31922383944834,91.85088758384998,92.26932182808477,21174400
2016-11-15,92.74860382080078,93.43331528695352,92.6496966679131,92.9844486233907,11963700
2016-11-16,93.58546447753906,93.6843658118261,92.9463931819033,93.04530032059989,9149500
2016-11-17,92.20843505859375,92.90076192075142,92.0486686606521,92.77903182456132,11221600
2016-11-18,91.94215393066406,92.79424715556438,91.55414652059935,92.53557361405115,13577700
2016-11-21,92.17040252685547,92.42146650720889,91.9725940146609,92.21604841258856,6488100
2016-11-22,92.13996887207031,92.63448724428937,91.96498330488734,92.55840883419658,9989900
2016-11-23,91.78238677978516,91.98780485581783,90.72488129031376,91.28786844625152,13563500
2016-11-25,91.91934967041016,92.27692463035432,91.59981682278782,92.20084621012205,3126300
2016-11-28,92.59642028808594,92.6116394486667,92.12472498503665,92.3681851190562,8555000
2016-11-29,92.98442840576172,93.1213718300987,92.21602331340372,92.39100883510451,8363000
2016-11-30,91.4780502319336,92.06386602340417,90.89984982518459,91.27263799876917,21163500
2016-12-01,90.51215362548828,90.71035679300418,89.6812043814062,90.34443877900408,21715700
2016-12-02,91.17540740966797,91.64043295213052,90.82473345925028,90.84760261442655,12487500
2016-12-05,91.0762710571289,91.7852436779706,90.29868518076763,90.66460897249553,12100100
2016-12-06,91.0076904296875,91.4346026424535,90.80948721192969,90.97719628476396,11526600
2016-12-07,91.78528594970703,91.95300085581673,91.34312952744763,91.34312952744763,10392200
2016-12-08,90.70277404785156,90.9543406024472,90.55030330064963,90.83236982084998,12041100
2016-12-09,89.57450103759766,90.61127870638974,89.40678614762196,90.44356381641404,14646400
2016-12-12,89.74219512939453,89.80318340546292,89.10182986300076,89.39914043863148,9496300
2016-12-13,90.06237030029297,90.32918672439727,89.52873745208434,90.26057927941123,12189200
2016-12-14,89.05610656738281,90.87808945470123,89.04086240387859,90.77898785151598,16618400
2016-12-15,89.505859375,90.1767128624208,89.21616801530365,89.6202051052367,12400500
2016-12-16,89.300048828125,89.89467004581337,89.04085735012248,89.65834771985075,14924600
2016-12-19,90.26062774658203,90.39784852639926,89.75748294853052,89.94044786573014,10868300
2016-12-20,89.81079864501953,89.87941190663241,89.48299394570925,89.67357793795566,7030600
2016-12-21,90.20726776123047,90.26063107667458,89.74986708368593,89.89470704493985,4624700
2016-12-22,90.04594421386719,90.1911691488805,89.80900317791067,89.83193220314647,5177800
2016-12-23,90.22942352294922,90.48929368622515,90.15298563361655,90.37464268361838,4461600
2016-12-27,89.93895721435547,89.96188624443661,89.60265505417999,89.747874188491,5276600
2016-12-28,90.5962905883789,90.86380567986224,89.96189349186724,90.08418943734056,7578600
2016-12-29,90.91730499267578,91.16189104226228,90.6956538054745,90.80265983770664,8581400
2016-12-30,91.05486297607422,91.45231885509335,90.74148990933799,90.78734796022866,10613900
2017-01-03,91.4446792602539,91.71219429177229,90.32875524921269,90.50455417357638,13217300
2017-01-04,91.79625701904297,91.90326301502928,91.29944013402688,91.53638698061607,6699600
2017-01-05,93.23326110839844,93.27147422644353,91.8498156119635,92.06382773347353,13265800
2017-01-06,92.3771743774414,92.89692041790731,92.29309738329317,92.58354147037466,8369300
2017-01-09,93.11856079101562,93.24849582008382,92.83575587652322,93.15677388882928,8839100
2017-01-10,93.05745697021484,93.17975293655424,92.6982198583337,92.90459284368325,8417900
2017-01-11,93.37085723876953,93.77595251443218,92.79760788685586,93.20270316251849,9402500
2017-01-12,93.1644515991211,94.11986685125039,93.1185935330643,93.85999670173935,9977600
2017-01-13,92.72112274169922,93.05743072288247,92.19373757194211,92.73641264887536,9820000
2017-01-17,93.69184112548828,93.96700118003473,93.24088210166255,93.86763426337573,7853300
2017-01-18,92.4918212890625,93.21793439054855,92.41538925175723,93.07270943769508,9064700
2017-01-19,91.85743713378906,92.16317115711689,91.37590998323698,92.0943782319572,11795600
2017-01-20,91.67399597167969,91.9567951228566,91.17717892939123,91.5975580948728,16953200
2017-01-23,92.5911636352539,93.1491284744208,91.73510982888769,91.97969579765096,13118400
2017-01-24,91.956787109375,92.58353915739146,91.56698196230712,92.30837915276074,8395000
2017-01-25,90.80265045166016,91.41411259672536,90.61920655988888,91.16952657242112,11115100
2017-01-26,91.10841369628906,91.15427760259045,90.44344828454591,90.88676244663671,7827900
2017-01-27,91.43705749511719,91.5899274314586,91.14661336315619,91.2612643575643,7197800
2017-01-30,91.161865234375,91.62810817056098,91.10836223340561,91.29180609220616,6569500
2017-01-31,91.79625701904297,92.0255589140933,91.14657609158628,91.2077240411183,13298500
2017-02-01,91.22868347167969,91.55805679020354,90.83037440564767,91.22868347167969,10975500
2017-02-02,91.19039154052734,92.02531124050226,91.15209000544856,91.86445531236014,6978600
2017-02-03,91.15208435058594,91.81849244925557,90.74611381750883,91.48911913759036,10275600
2017-02-06,91.70360565185547,92.01765605378952,91.24401641946746,91.7342457132139,8433800
2017-02-07,92.37767028808594,92.69172653679622,91.51211046202104,91.7495636346596,8418400
2017-02-08,93.63385772705078,93.65683630592642,92.99809561685234,93.00575124714915,15734200
2017-02-09,92.5538330078125,93.13597654506825,92.42361715163634,92.99810505781808,16890600
2017-02-10,92.500244140625,92.64577714978071,92.00235329289423,92.00235329289423,7978500
2017-02-13,92.20916748046875,92.23215191332838,91.82617541540684,92.1095916473909,11536800
2017-02-14,91.54273986816406,92.14786786593027,91.02187056907376,92.10190485683843,13210500
2017-02-15,91.1214828491211,91.32064038425554,90.88402960907348,90.96828834147666,8481000
2017-02-16,91.61937713623047,92.07896652007089,91.24404648789367,91.3206437445344,10005800
2017-02-17,92.1631851196289,92.45425690570386,92.01764630459466,92.38532115794672,7886400
2017-02-21,92.00232696533203,92.38531891645106,91.61167353887248,91.67295365360994,8703800
2017-02-22,92.15552520751953,92.54617865008474,91.60401584013186,92.53086154276559,8101500
2017-02-23,92.43130493164062,92.48492358777386,92.17087312870639,92.35470768630675,5330800
2017-02-24,93.45769500732422,93.55727080807014,92.88320709626566,92.95214284047593,11336000
2017-02-27,92.9062271118164,93.3734779553805,92.86026992851366,93.30453633643053,11039800
2017-02-28,93.25088500976562,93.51132259324294,92.92917315134702,93.06705049695411,8410500
2017-03-01,91.68828582763672,91.74968392487894,91.28920405080713,91.6652630049821,10717100
2017-03-02,91.35831451416016,91.48878113097712,91.03598315899572,91.33529168239801,8201200
2017-03-03,91.59626770019531,91.59626770019531,90.98230376385219,91.50417633013127,9515200
2017-03-06,91.1588134765625,91.41975267974122,90.95927242180815,91.41975267974122,4489200
2017-03-07,90.88248443603516,91.08202539587869,90.75201782412654,90.92853595307407,7080100
2017-03-08,90.39131927490234,90.52178589847635,89.96922034182516,90.0306126112881,11336300
2017-03-09,89.66991424560547,90.1610934334942,89.61619234532438,90.05364377768406,10575400
2017-03-10,89.98453521728516,90.03825709365283,89.54708397964974,89.90011428938662,9218500
2017-03-13,89.4166259765625,89.86174762833092,89.40127352170218,89.66221255711423,6993100
2017-03-14,89.8464584350586,90.06134609843556,89.57017262350257,89.61621830701202,9869200
2017-03-15,90.94389343261719,91.19715631325859,90.12271251937646,90.22248008360748,14600500
2017-03-16,90.48340606689453,90.67527079313678,90.27618888361471,90.55247455782329,8018200
2017-03-17,91.0513687133789,91.13578970278672,90.58321808311725,90.64461623091378,7266800
2017-03-20,91.44276428222656,91.5041624231044,90.94391463427988,90.98228993614077,5497800
2017-03-21,92.20254516601562,92.3253414450011,91.34298877886377,91.3660174726102,12540700
2017-03-22,92.5709228515625,92.99302186211608,92.42510374242204,92.64766759391328,11661400
2017-03-23,92.44047546386719,92.8779270548909,92.14116678870623,92.73211376138308,6746500
2017-03-24,92.77043914794922,92.93928105994004,92.40206211746678,92.50182967671259,5819600
2017-03-27,93.1926040649414,93.60703288309979,93.00841543084361,93.49958902527182,6878500
2017-03-28,92.5709228515625,93.49187147026899,92.47114941678281,93.4688486330886,6811200
2017-03-29,93.12352752685547,93.1542266077079,92.77049687992903,92.81654842883316,6291000
2017-03-30,92.37142181396484,92.93166394531212,92.3407227326888,92.91631733229963,7042400
2017-03-31,92.64002227783203,92.71676704579318,92.25629258277586,92.3100145058737,5144800
2017-04-03,93.57440948486328,93.72822974070513,92.59767579774936,92.63612646097774,12996500
2017-04-04,93.06686401367188,93.51292831035585,93.02071497993883,93.34373474548715,6976700
2017-04-05,93.35140228271484,93.4590735600104,92.56693928132661,92.72075371527896,8555200
2017-04-06,93.21296691894531,93.37447970248786,92.68998962895172,93.24373097925606,6497000
2017-04-07,92.83609771728516,94.02048738312018,92.82071862422069,93.70516023268756,10270000
2017-04-10,93.26681518554688,93.53599928280126,93.05916508489,93.16683637673361,5314500
2017-04-11,94.15123748779297,94.32812934374415,93.61288117427851,93.67440928657838,11297400
2017-04-12,94.66654205322266,94.74345514352817,94.05127840429341,94.22047781473357,11532500
2017-04-13,94.95880126953125,95.16645136525413,94.52811611239034,94.9434163038361,8396700
2017-04-17,94.66654205322266,95.02032583922208,94.48965602786792,94.95110523147612,8015000
2017-04-18,95.9047622680664,96.12011069401889,95.0203204561084,95.25873459314285,11529700
2017-04-19,95.38175964355469,95.4971233742015,95.13565308974161,95.44328774891872,7344000
2017-04-20,95.01262664794922,95.30487642048188,94.70499191138379,94.99724168391644,7932900
2017-04-21,95.01262664794922,95.55098303620532,94.97417010551183,95.22796920325166,9798500
2017-04-24,94.54350280761719,94.72039472145457,94.18203236412238,94.25125298002246,8066400
2017-04-25,93.40523529052734,94.18201165569059,93.3513996533959,93.98974068484335,8122300
2017-04-26,93.9205322265625,93.93591132349422,93.38986243392432,93.45907717158421,5766200
2017-04-27,93.88976287841797,94.09741294735026,93.5052209326849,93.6359637859995,4978300
2017-04-28,94.09739685058594,94.16661744015178,93.48213336324972,93.5205840306588,8166300
2017-05-01,93.3152084350586,94.13213849472976,93.03005082937055,93.78533011691894,8795900
2017-05-02,93.79299926757812,93.85465589756727,93.2072789223809,93.23039868865186,6727800
2017-05-03,93.85464477539062,94.32476623352164,93.67738933505221,94.19375032024557,8932900
2017-05-04,93.39225769042969,93.42308601029579,92.99920396201283,93.26124174092433,9707200
2017-05-05,93.47698974609375,93.61571417971733,93.16871257360823,93.54634902295653,5605400
2017-05-08,92.96833038330078,93.36138392037131,92.89126256110409,93.33826416170209,8057800
2017-05-09,92.96061706542969,92.96831973083822,92.590683329416,92.77564725747422,5536700
2017-05-10,92.85272979736328,93.29972550943377,92.60610924315625,93.1841267183194,6517000
2017-05-11,92.85272979736328,92.92208907203191,92.4134367514352,92.48279602610383,7479800
2017-05-12,93.55406188964844,93.63112971635437,93.23808203618461,93.26120179620656,7463900
2017-05-15,93.29975128173828,93.4153559846841,93.0608392075765,93.29975128173828,5173200
2017-05-16,93.64657592773438,93.93943611223705,93.33829864515782,93.33829864515782,6722700
2017-05-17,95.01068878173828,95.21106988404672,94.3247749606552,94.509738965917,11236400
2017-05-18,95.11858367919922,95.51934587849783,94.941328224813,95.37291285799645,8350500
2017-05-19,95.34207153320312,95.39601960498895,94.80259081534491,95.07233117427401,11277400
2017-05-22,95.08000946044922,95.22643653446508,94.9952331060678,95.11083776021492,4062900
2017-05-23,94.44038391113281,95.2727307920492,94.39414437771522,95.18795439418365,7901300
2017-05-24,94.9721450805664,94.99526484314055,94.4403670217655,94.64074809723958,7355200
2017-05-25,95.00299835205078,95.01070690204426,94.60995050089538,94.81032576151941,6464800
2017-05-26,95.16475677490234,95.36513184238862,94.98749557531583,95.2187048130556,2963800
2017-05-30,95.63494873046875,95.67348559429622,95.36520832337607,95.58870919779568,4819400
2017-05-31,95.8739013671875,96.06657399618912,95.58874375950037,95.60416086256564,8000200
2017-06-01,95.8838882446289,95.91478186739947,95.50545167731246,95.53633940772698,9037300
2017-06-02,97.01921844482422,97.13506218220866,96.57899456569253,96.71028806296619,13245000
2017-06-05,96.41682434082031,96.6639734186164,96.37048683491271,96.46316773908624,6775500
2017-06-06,96.94197845458984,97.21229621314167,96.84930346752682,97.07327784019037,12841500
2017-06-07,96.47860717773438,96.94199989259562,96.37820728876116,96.72575035181757,12852400
2017-06-08,96.22370910644531,96.44768345877314,95.99974064647371,96.44768345877314,8758600
2017-06-09,96.07701110839844,96.26236703396553,95.75263676556636,95.82986791018944,5130500
2017-06-12,96.04606628417969,96.53262753911423,95.87615432114859,95.930216682808,4335800
2017-06-13,96.06153869628906,96.16966345174124,95.7603331786212,95.7757829393185,4742600
2017-06-14,97.54440307617188,97.86105246103673,97.10417917560362,97.2509165475549,20212300
2017-06-15,97.38994598388672,97.56758289728027,97.18142133041923,97.38222110268929,5863700
2017-06-16,97.5830078125,97.65251994505884,97.32042082637196,97.37448319953695,6672500
2017-06-19,97.44397735595703,97.68340145801741,97.33585262303532,97.55982696761772,5641300
2017-06-20,98.31671905517578,98.39395017576038,97.9228326801305,97.9228326801305,8405700
2017-06-21,98.51749420166016,98.57928143964934,98.0154890969752,98.16995129959284,5914800
2017-06-22,98.73374938964844,98.7569240245099,98.32441922576446,98.63334954133815,6608100
2017-06-23,98.68743896484375,98.78011985263576,98.39395832537164,98.44802070349432,4329900
2017-06-26,99.05813598632812,99.29756599675257,98.98091076319915,99.06586675794,5541600
2017-06-27,98.00003051757812,98.46342297606343,97.79150597358392,98.41708549792135,8354200
2017-06-28,97.6756820678711,97.86103792153011,97.29724548137999,97.83014429719421,7357900
2017-06-29,96.85700225830078,97.09642043353406,96.46311599230798,96.54807196913691,9115800
2017-06-30,96.63304901123047,96.84157361376862,96.42451851633585,96.68711138169269,10189800
2017-07-03,96.32192993164062,96.77080423777939,95.981403781531,96.73984677826654,11021100
2017-07-05,96.34516143798828,96.4689912951746,96.0588152261769,96.12072425023749,11394500
2017-07-06,95.54801940917969,95.68732503675244,95.13784336814108,95.59445265019322,10853100
2017-07-07,94.97528839111328,95.21520125971759,94.87467519754621,95.0681548411381,9401800
2017-07-10,95.11466979980469,95.26945127626396,94.94440663297856,95.09145316878927,3859200
2017-07-11,95.27716827392578,95.44743139813568,94.96759949395627,95.08368852451152,4425600
2017-07-12,95.9349594116211,95.99687432346177,95.57121668522078,95.88078533989324,7839900
2017-07-13,95.33131408691406,95.69505685263152,95.04496201709716,95.65635855241543,7449300
2017-07-14,95.44740295410156,96.08975694781869,95.2848807215704,96.04331780671578,6566800
2017-07-17,95.71053314208984,95.9581869130157,95.40096445229962,95.44740359371373,4737300
2017-07-18,96.54634094238281,96.56181671568295,96.14390588674847,96.29868723787013,9163000
2017-07-19,96.58507537841797,96.74759762927704,96.42254722302663,96.56959369479391,5140900
2017-07-20,96.86368560791016,97.304819113987,96.71663913770713,97.11907433966775,12239100
2017-07-21,97.27385711669922,97.53698667791942,97.1809847338693,97.30481457764252,6201500
2017-07-24,96.89466094970703,97.25066890227252,96.86370938425527,97.08814070871566,5378500
2017-07-25,95.63314819335938,96.11297998659886,95.55575749239352,96.07428168384993,9743300
2017-07-26,95.78790283203125,96.03555654864641,95.2539030113947,95.4009435307869,8459500
2017-07-27,95.31584930419922,95.48610649300694,95.05271382234675,95.2771509995193,6390800
2017-07-28,95.88074493408203,95.95813558900363,95.3931784940003,95.4009134263225,5491800
2017-07-31,95.99688720703125,96.00462804818297,95.50157965489338,95.54801289274012,5464600
2017-08-01,96.67091369628906,96.72520553269997,95.52302746435373,95.53853688159984,9676800
2017-08-02,96.72518157958984,97.08195726156163,96.70191450079939,96.77171573717075,5745600
2017-08-03,97.72566986083984,97.74117926828932,97.15172710740755,97.17499417726307,10324500
2017-08-04,96.89581298828125,97.08971319790182,96.5157702342871,97.06644611952572,8485500
2017-08-07,97.00436401367188,97.02763108422421,96.64758845802287,96.82597327716597,4684600
2017-08-08,96.6553726196289,96.93458937753239,96.29083930140132,96.8492728172083,6197400
2017-08-09,97.1827621459961,97.6868978259633,97.10519734843506,97.67138841686905,9221800
2017-08-10,98.01261901855469,98.06691080672518,97.35335398273449,97.4309187521447,10378200
2017-08-11,98.05923461914062,98.08250170235077,97.37670786972338,97.54733511905317,5717800
2017-08-14,97.55506134033203,97.94286171514166,97.51628485326954,97.71793678766838,5111000
2017-08-15,97.14397430419922,97.36889918632443,96.72514927376223,96.74066459935041,7473200
2017-08-16,97.50077819824219,97.74121255845674,96.80273627801408,96.81825160811063,5283800
2017-08-17,98.2298355102539,98.25310258581915,97.3456511345903,97.49301125229151,9364700
2017-08-18,98.20661163330078,98.61767926207585,97.92739476896928,98.48582849763228,8382500
2017-08-21,98.44698333740234,98.51678455031848,98.11347484628962,98.3228844024009,7669800
2017-08-22,98.06700134277344,98.3539699520224,97.93514466346184,98.33846053423864,6140700
2017-08-23,98.7340087890625,98.74176053849003,98.31518354270251,98.53235087399302,7446400
2017-08-24,98.36945343017578,98.74173851008717,98.28413686657845,98.40822992076069,5569400
2017-08-25,98.74947357177734,98.85029952505704,98.40045564957869,98.51679101206938,7303300
2017-08-28,98.68743133544922,98.80377262383274,98.29187923925448,98.43923934833413,4448500
2017-08-29,99.00548553466797,99.68026064874728,98.74177807315294,99.63372647445458,7659400
2017-08-30,98.97441864013672,99.07524461396571,98.76500311024597,98.85807733657124,4735200
2017-08-31,99.26915740966797,99.3001821557129,98.94340645224408,98.9976982784814,7978400
2017-09-01,98.50984191894531,98.96838587143732,98.26113880769289,98.94507088124958,14128600
2017-09-05,100.07198333740234,100.1030778901484,99.24038786745109,99.24038786745109,15215700
2017-09-06,99.45801544189453,100.25852832397042,99.27925731727643,100.04091386238272,9066400
2017-09-07,100.47610473632812,100.70149868132457,99.73776938846255,99.73776938846255,13618900
2017-09-08,100.258544921875,100.38289945168319,99.92435546450375,100.34403717873055,9808500
2017-09-11,99.0616226196289,99.52017236677389,98.90618544440412,99.38027653725233,17856700
2017-09-12,98.5409164428711,98.77407224092207,98.338843340921,98.74298954482117,7557400
2017-09-13,98.15231323242188,98.64194572355161,98.14453959396144,98.63417801463996,6740000
2017-09-14,98.55645751953125,98.57200479708794,98.18340587185733,98.21449449742165,6674500
2017-09-15,98.5953140258789,98.71189488254954,98.3466109654376,98.70412124422518,9769200
2017-09-18,98.02790069580078,98.36986943100514,97.80251275028384,98.31546585309039,6863000
2017-09-19,97.78703308105469,98.16785836662372,97.71708812085893,98.1445433798918,5554900
2017-09-20,97.85696411132812,97.96577131369467,97.40618802749657,97.9035940753287,8037000
2017-09-21,97.80255889892578,98.36214220983148,97.78701755342199,98.05126786337104,6147800
2017-09-22,98.08238220214844,98.49430211026205,97.97357495986937,98.31554396677501,5660700
2017-09-25,98.69635772705078,98.91397218605934,98.08237068653419,98.1756365673447,9679000
2017-09-26,98.51759338378906,98.6186269617112,98.26111669035377,98.5253610924033,7251900
2017-09-27,97.03317260742188,97.38291527774321,96.84664674098072,97.04871988852969,12145700
2017-09-28,96.74559020996094,96.87771242032166,96.34921764932983,96.53574347157723,8883700
2017-09-29,96.96318817138672,97.17302894454335,96.58235702338145,96.96318817138672,11285500
2017-10-02,96.7856674194336,97.34638353926806,96.75451586371481,97.19841513499182,7860700
2017-10-03,96.87910461425781,96.96476989164661,96.50529195460209,96.50529195460209,6219800
2017-10-04,96.88689422607422,97.02706728954625,96.4741406423874,96.98034293505557,7447000
2017-10-05,96.52084350585938,96.80120143622317,96.32615082874834,96.7778333240687,8180300
2017-10-06,96.24828338623047,96.64545817051714,95.81217362563325,96.01465570371762,10375000
2017-10-09,96.55200958251953,96.61430673299631,96.28722441218122,96.3962518524529,3590900
2017-10-10,96.70777893066406,97.24513279925117,96.5831727239855,96.67662737899443,6666800
2017-10-11,96.89470672607422,97.08161608321149,96.77010642953515,97.0115235888969,4385900
2017-10-12,97.30743408203125,97.33080220293635,96.75450738496824,96.99593043524453,7141600
2017-10-13,98.00830841064453,98.07840087541067,97.47874400510578,97.79804289944605,7746900
2017-10-16,97.93821716308594,98.04724459941848,97.64228045742647,97.75909726536838,5737300
2017-10-17,98.06278228759766,98.19517184980373,97.65003486333904,97.65003486333904,4969600
2017-10-18,97.41645812988281,97.48655060703722,97.09716512066011,97.38531251953754,5943800
2017-10-19,97.58775329589844,98.13289634401373,97.55660175530195,97.92262493037465,8966500
2017-10-20,96.55200958251953,96.78563726529465,96.28722441218122,96.56758238475126,12326900
2017-10-23,96.72337341308594,96.94921775714319,96.58319436993152,96.69222779598698,6871100
2017-10-24,96.12368774414062,96.32616983191535,95.90563285340637,96.07696339371189,6842800
2017-10-25,95.66425323486328,95.77328667123317,95.33717075041216,95.42283605941881,9961400
2017-10-26,95.34487915039062,95.83550246038399,95.34487915039062,95.83550246038399,8179400
2017-10-27,95.97572326660156,96.04581573663394,95.59412719235986,95.74209556344456,10480900
2017-10-30,96.89470672607422,96.9258582855971,96.22496305021345,96.45859677585882,9051600
2017-10-31,96.9258041381836,97.08156184878425,96.87907979577797,96.98031785150654,4424300
2017-11-01,97.357421875,97.66178528268733,97.0062351597096,97.04525259800091,8940400
2017-11-02,97.78663635253906,97.95832376506289,97.49007291772075,97.55250795180172,7222700
2017-11-03,98.05194854736328,98.09877183259712,97.66173862606556,97.91927860311347,10984100
2017-11-06,98.41873931884766,98.50458597131541,98.11437607978215,98.27826351973046,6246700
2017-11-07,98.8323745727539,98.94163288122182,98.43435876097435,98.51240551342107,6422700
2017-11-08,98.61387634277344,98.95726306434489,98.4968121464075,98.79336961695316,3356200
2017-11-09,98.33293914794922,98.5202383172642,97.98175246121698,98.23148667168137,6280400
2017-11-10,96.85011291503906,97.42762200081002,96.74085460027514,97.32616955256682,11981000
2017-11-13,97.05303192138672,97.40421854062063,97.01400853963536,97.39641862757603,5880800
2017-11-14,97.70858001708984,97.73979753107409,97.37299918442409,97.37299918442409,6195900
2017-11-15,98.76992797851562,98.85577463284244,98.0519431915372,98.37971807853206,9568200
2017-11-16,97.9114761352539,98.5904435653606,97.90367026940042,98.34070944522901,5894900
2017-11-17,98.63726043701172,98.67628380961001,98.30167967671075,98.38752633312244,6938800
2017-11-20,98.5982437133789,98.62946122273655,98.26266888457916,98.26266888457916,4232300
2017-11-21,98.91045379638672,99.33968728506989,98.57487287454357,99.18359967366983,5818400
2017-11-22,99.23040771484375,99.26942514375014,98.73093937343646,98.81678605281573,4140700
2017-11-24,98.9572525024414,99.13674575746346,98.87140583121113,99.0587049529264,3141400
2017-11-27,98.8167724609375,99.15235326486254,98.6606849043843,99.00407157466987,6079900
2017-11-28,98.94945526123047,99.25381859334873,98.69972109246339,98.93384352648314,5983000
2017-11-29,97.9738998413086,98.08315813411751,97.63051323297749,97.98950561708256,14547100
2017-11-30,97.64613342285156,97.95829659841948,97.11544768860283,97.79440914500705,9630000
2017-12-01,98.96383666992188,99.85533181555878,97.82991321886364,98.43206711232344,24583100
2017-12-04,99.01080322265625,99.05772215827847,98.38518957165496,98.47121159782499,9609200
2017-12-05,99.50341033935547,99.70673554907567,98.88561886980244,98.90126248316804,10958900
2017-12-06,99.84749603271484,100.27759993012377,99.83185838598499,99.9960805249546,11834200
2017-12-07,99.06552124023438,100.17598551429346,98.768358105651,100.04303861671036,13056800
2017-12-08,99.07332611083984,99.11242321943874,98.72141633570038,98.99511996105892,4786100
2017-12-11,98.86998748779297,99.38611340204592,98.85434983972684,99.20625360097699,3863800
2017-12-12,98.83086395263672,98.85432936931292,98.2756350837572,98.66664183364048,7502400
2017-12-13,99.57378387451172,99.62070277694242,98.99508956851432,99.16713349914653,8532900
2017-12-14,99.99609375,100.08211573411673,99.15151752392181,99.35484275604234,6885000
2017-12-15,100.37147521972656,100.55915089340841,99.75367764030108,99.94918108877536,7239400
2017-12-18,99.45651245117188,100.09776351000619,99.24537135643628,100.0743040512902,7239700
2017-12-19,98.16618347167969,98.83089395501142,97.80645786853887,98.78397503999477,11045800
2017-12-20,97.07917785644531,97.52492541584617,96.9305933478814,97.21211875027045,10005800
2017-12-21,97.64501953125,97.84877486015286,97.1748199851686,97.19832906563593,7026900
2017-12-22,97.7782211303711,97.83307763292565,97.59014254717128,97.72336462781655,3974300
2017-12-26,98.06816864013672,98.3737985434461,97.9349465753936,97.94278492594015,3168400
2017-12-27,99.34555053710938,99.51012601362663,98.50702634706661,98.51486469806981,9059700
2017-12-28,99.25933074951172,99.39255279270041,99.03206645170876,99.1574501456191,5297100
2017-12-29,99.41605377197266,99.61980898426931,99.11826229162232,99.1339330099952,7580500
2018-01-02,98.34246063232422,99.14180505591874,98.01332162444893,99.12612835330931,16238200
2018-01-03,98.81265258789062,98.89885650898518,98.34245318668106,98.74212536821858,8605100
2018-01-04,98.7969741821289,98.86750737522549,98.24840925319687,98.46783522476969,9217900
2018-01-05,98.514892578125,98.88321745368278,98.24061000448997,98.64028231402199,10915400
2018-01-08,98.4521713256836,98.76563960250705,98.09168489995514,98.7342921769337,8850600
2018-01-09,97.1355972290039,97.82522854776968,97.02588424263831,97.80955184748356,16226400
2018-01-10,97.01808166503906,97.11995633254665,96.12470079947667,96.24224619317343,14302600
2018-01-11,97.41773986816406,97.63716589005011,96.63407208776493,96.79080923119116,12511000
2018-01-12,97.58229064941406,97.79388425768721,97.1042588957474,97.25315167977753,9987100
2018-01-16,97.98979949951172,98.17787805340565,97.61363641281444,98.0916741372648,9125900
2018-01-17,97.85657501220703,98.45999643131515,97.64498141277939,98.02114449014562,8327000
2018-01-18,96.9475326538086,97.38638466253548,96.81431057671797,97.1199405083542,10843900
2018-01-19,96.43815612792969,96.82999002213245,96.37546724882941,96.70460628502114,11374300
2018-01-22,96.53218841552734,96.94753134373268,96.38328963790273,96.74377606575851,8984700
2018-01-23,96.9475326538086,97.33152816144461,96.57920786980846,97.02589822980836,12325700
2018-01-24,96.42247772216797,96.49300494762933,96.03064385917749,96.2735789409803,9038900
2018-01-25,97.21398162841797,97.29234720348387,96.23439699281887,96.51651784618423,12173300
2018-01-26,96.85350799560547,97.1042874506848,96.46951241810999,97.08077239258765,6462900
2018-01-29,96.1795425415039,96.36762112145114,95.84256518052204,96.36762112145114,12223000
2018-01-30,95.61527252197266,95.89739329784486,95.37233153341641,95.82686011442256,12064400
2018-01-31,96.1795425415039,96.33627369497489,95.56044432114606,96.28925554471564,18045100
2018-02-01,94.78562927246094,96.2227285227671,94.73065855754336,96.18346715003086,18632800
2018-02-02,93.90607452392578,94.44007818972557,93.63906969534733,94.35369480324641,23944400
2018-02-05,94.79348754882812,95.66517034092988,93.16791807003058,93.58412578328733,28606200
2018-02-06,94.20450592041016,94.91913117907168,94.016035760766,94.56574288946075,10935400
2018-02-07,93.30929565429688,94.49509969511514,93.10511608635723,94.33803618463838,16271100
2018-02-08,93.2071533203125,93.5919482067861,92.54749895214388,92.67314968564523,15155100
2018-02-09,92.6181869506836,93.52127621210404,92.50039087573742,92.75168637298921,15661600
2018-02-12,93.02655029296875,93.68620479164237,92.81452212743382,93.10507902126473,10944600
2018-02-13,93.44276428222656,93.45847362376588,92.9715858891386,93.14435269792112,8157600
2018-02-14,92.40619659423828,93.08940935950713,92.24913908081008,93.02658395759181,12043300
2018-02-15,92.7203140258789,93.29358531130092,92.65748862639377,92.81455212510659,8222400
2018-02-16,93.22289276123047,93.61554246841686,92.93232982102327,93.48204300589965,8454100
2018-02-20,92.81453704833984,93.0658326141001,92.4925614218001,92.88521111776043,8268800
2018-02-21,91.6758804321289,92.89309729903519,91.49526486588248,92.85382991957593,12054300
2018-02-22,91.95067596435547,92.3983022382115,91.88000191565638,92.06847203687774,9317900
2018-02-23,92.76740264892578,92.90875676028963,92.44543305664918,92.571077827107,9072900
2018-02-26,92.798828125,93.3799539914277,92.69674136047784,93.19933249427122,8771600
2018-02-27,92.66532897949219,93.18362945811113,92.08420910245553,93.07368203032252,12525700
2018-02-28,93.25431060791016,93.31713600245646,92.86166087903474,93.03442771835742,9311600
2018-03-01,93.89087677001953,94.12694406498487,92.97022512584795,93.19055139931389,12287700
2018-03-02,93.12761688232422,93.58401053682282,92.94663712503667,93.52105844583505,10064300
2018-03-05,92.8758316040039,93.48173508517881,92.56107709461565,93.44238852021418,5658200
2018-03-06,92.9623794555664,93.38729709798181,92.94664443330315,93.13549471767368,5452000
2018-03-07,92.8600845336914,93.38729481654403,92.82073797383106,93.30073718760498,4461800
2018-03-08,93.3951644897461,93.63122583645995,93.05680448969167,93.09614504575627,7086700
2018-03-09,92.7813949584961,93.06466736890306,92.52958658757079,92.84434104778542,6570400
2018-03-12,93.31645965576172,93.37154723353221,93.00171123299016,93.0961333584451,5801300
2018-03-13,93.7885971069336,93.93023630280119,93.00171401954512,93.09613614782917,7455300
2018-03-14,94.61481475830078,94.74071892596619,93.93023035780385,93.95383588838082,10175000
2018-03-15,94.61481475830078,94.81153551769712,94.3708829377505,94.55973318580746,6757900
2018-03-16,94.2764892578125,94.43386952489631,94.07190391576856,94.26862474704082,6084300
2018-03-19,93.9773941040039,94.4023114507791,93.79640845496631,93.8042789623431,8491200
2018-03-20,93.59973907470703,93.81220086621423,93.5053169482073,93.56826903483473,5446000
2018-03-21,93.70204162597656,93.96957900014377,92.9387640532358,93.3715521625553,9742400
2018-03-22,94.63054656982422,95.0711991068786,94.16628250105003,94.66988711580947,12136600
2018-03-23,94.55972290039062,94.66988603339466,94.12694087885777,94.1741519348765,7250400
2018-03-26,94.19781494140625,94.78010700022759,94.16633888370724,94.42601185714096,8237900
2018-03-27,95.20494842529297,95.3072470316384,94.27642647984601,94.29216749779424,9168500
2018-03-28,95.4568099975586,95.71648292410876,95.17353153285715,95.56697317789326,7412500
2018-03-29,95.92105865478516,96.22794260770993,95.61417470186038,95.6377802361712,9694300
2018-04-02,96.11032104492188,96.48883497482956,95.54255917447259,95.69238246615964,12036500
2018-04-03,95.36907196044922,95.79489786694849,95.28232931192485,95.70026788230153,9855000
2018-04-04,95.1718978881836,95.77909020242468,95.10092392007755,95.69234758377986,6654300
2018-04-05,94.46220397949219,94.84071181802248,94.44642931006048,94.70665720922108,7603700
2018-04-06,95.49519348144531,95.53462412688248,94.80125864216248,95.1482290699398,8831200
2018-04-09,95.6529769897461,95.6529769897461,94.90383631605572,95.13252098383852,6307500
2018-04-10,95.47943878173828,95.71600464010606,95.2428669070978,95.57406271857631,6046000
2018-04-11,95.81855010986328,96.11820269177515,95.6292901479747,96.08665936479373,5901300
2018-04-12,95.11671447753906,95.47156632853464,94.95111654598955,95.44791034063809,6622800
2018-04-13,95.3375244140625,95.51889102293465,95.02209716213663,95.03786581740943,4964000
2018-04-16,95.36907196044922,95.39272795254229,94.7697607569012,94.80919142123945,4491300
2018-04-17,95.62928009033203,95.87373934465892,95.27442822759218,95.35328352861507,5590400
2018-04-18,94.86438751220703,95.68448995279758,94.84861284049886,95.64506530607612,8138400
2018-04-19,94.09159088134766,94.25718883636102,93.68942098130121,94.17044619093386,9875800
2018-04-20,93.41343688964844,93.9417741524769,93.38978089523452,93.75252018089027,7579400
2018-04-23,93.43704223632812,93.5395595115858,93.11373379412908,93.31087499575133,7073200
2018-04-24,93.01123809814453,93.40552059286541,92.86141484121653,93.21626667995595,8190800
2018-04-25,92.38829040527344,92.77468562139568,92.21480511991571,92.5854316811301,6603800
2018-04-26,93.03490447998047,93.15318442094458,92.72735858465266,92.83776322334201,6528600
2018-04-27,93.75248718261719,93.79979915479252,93.39763535875582,93.4212913448435,5401800
2018-04-30,93.9180679321289,94.2808070237974,93.79190069063522,93.90229928304423,8321100
2018-05-01,93.57984924316406,93.91967399217849,93.43759435843204,93.86435298309036,7979200
2018-05-02,93.47712707519531,93.94340942549947,93.46132365310969,93.76163690904957,4644000
2018-05-03,93.8959732055664,94.2911250241634,93.79323590336496,93.91968134995611,6345300
2018-05-04,94.03822326660156,94.22790047104367,93.64307146832073,94.22790047104367,4283500
2018-05-07,93.88806915283203,94.06193087828133,93.84064683722049,94.02241931639927,3647800
2018-05-08,93.80110931396484,94.04610143025593,93.49289148071598,93.69046732405685,6091200
2018-05-09,93.24002838134766,93.58775789136897,93.24002838134766,93.35067041129149,7832500
2018-05-10,93.99079132080078,94.03030890586015,93.53241386407448,93.69047817477507,7101500
2018-05-11,94.22785186767578,94.33058911160258,93.90382466604272,94.29897626050168,4273400
2018-05-14,93.72998809814453,94.0382059617224,93.72208337536291,93.88805240609268,4996200
2018-05-15,92.66309356689453,92.92389519203967,92.22842419165264,92.9080857441012,12901000
2018-05-16,92.30744171142578,92.88435983050786,92.29953698896892,92.79742597209223,6518000
2018-05-17,91.8411865234375,92.32327223272303,91.74634791472059,92.17311260963918,7330300
2018-05-18,92.63150787353516,92.69473362476052,92.07829762416202,92.07829762416202,9606500
2018-05-21,92.67891693115234,92.76585082491016,92.42601997554932,92.56827488992221,4448500
2018-05-22,92.5366439819336,92.74212460254503,92.34697280958189,92.69470831684157,4700700
2018-05-23,93.20838928222656,93.34273941941765,92.98710528460907,93.0582296997561,9634000
2018-05-24,93.95130157470703,94.09355648172102,93.76163037520128,93.80114797197022,8204100
2018-05-25,94.53610229492188,94.7099639917506,94.4175555697147,94.48867998711685,8482800
2018-05-29,96.6067123413086,96.8279963890848,95.17626472565658,95.4607745098083,21668100
2018-05-30,95.95862579345703,96.00604809181534,95.42121930516994,95.6266998526274,11616300
2018-05-31,95.80057525634766,96.40120750443987,95.5871899703969,96.06927550735385,10769900
2018-06-01,95.29441833496094,95.6191925034237,94.93795180639809,95.19143629527643,8718800
2018-06-04,94.60523986816406,95.16765830173247,94.5577134224824,95.14389507889165,7156500
2018-06-05,94.82706451416016,95.18353108705782,94.75577482570922,95.0250994845874,5635900
2018-06-06,94.05866241455078,94.34383317829746,93.80517796272552,94.32799304410977,7813300
2018-06-07,94.96963500976562,95.44491765538899,94.01114662875358,94.01906971851888,13238300
2018-06-08,94.6844711303711,94.93795562945702,94.61318144791592,94.70823435785616,6790600
2018-06-11,94.51017761230469,94.57355023335076,94.21708981617174,94.32006579271226,6844200
2018-06-12,94.53396606445312,94.62902502139248,94.17750555213846,94.20919187111825,6048200
2018-06-13,94.48641967773438,94.77159044485398,93.97152767912695,94.6210819723336,8834700
2018-06-14,95.27066802978516,95.29443730459182,94.64488279481687,94.88252115095025,10078800
2018-06-15,95.3577880859375,95.92020662542149,95.2944214942773,95.71425462631836,7992800
2018-06-18,95.27066802978516,95.50038933786448,95.08847922777103,95.43702273569112,4893700
2018-06-19,95.82514953613281,96.03110756979889,95.61126841252465,95.82514953613281,6133300
2018-06-20,94.9854736328125,95.6825543880347,94.97755054367752,95.66670820976474,6879100
2018-06-21,95.48456573486328,95.65091442603048,95.23108115162529,95.34198027907009,7235800
2018-06-22,95.47660064697266,95.54789636528477,95.10429400707274,95.1280572319946,4082500
2018-06-25,95.69047546386719,95.93603682996886,95.56373021455916,95.57957639249572,8363700
2018-06-26,95.82514953613281,95.87267598869157,95.57958813985006,95.6667179550255,5450000
2018-06-27,96.72819519042969,96.78364473682544,96.28459881926378,96.44302436795238,8173400
2018-06-28,96.75196075439453,96.83909662134128,96.50639933493407,96.7440376637046,7109500
2018-06-29,96.41927337646484,97.03714155572956,96.36382382303206,96.77573392802586,11164700
2018-07-02,96.34384155273438,96.66141620551319,96.296207474849,96.65347517345474,9662000
2018-07-03,96.8598861694336,96.88370320507225,96.48673645847622,96.48673645847622,3808800
2018-07-05,97.13777160644531,97.28067989211198,96.86783709864855,96.907530143025,3860400
2018-07-06,97.45537567138672,97.59034296603448,97.24101620678346,97.45537567138672,4679900
2018-07-09,96.82813262939453,97.02661601197133,96.78049855589039,96.9154658023069,5952700
2018-07-10,96.82022094726562,96.96312926833014,96.70907070390813,96.75671084908561,5759700
2018-07-11,97.19332122802734,97.29653644225213,96.93132176346869,97.21713825985432,6869100
2018-07-12,97.18538665771484,97.23302072156594,96.97102125592315,96.9948382878487,4824700
2018-07-13,97.43151092529297,97.5506021505383,97.2330275689612,97.34417776392849,4079000
2018-07-16,97.02660369873047,97.09011982683019,96.57406188617486,97.02660369873047,5517100
2018-07-17,96.84400177001953,97.16951132425156,96.78048564233428,97.09011919326068,3764300
2018-07-18,96.4549789428711,96.89164478951389,96.37558680454474,96.87576272750948,6330000
2018-07-19,97.06629943847656,97.21714266596103,96.6772677102343,96.70109080037189,6166700
2018-07-20,95.87539672851562,96.53435683085783,95.82775660676691,96.52642185825887,10469500
2018-07-23,94.69245147705078,95.57371819872066,94.62100036529866,95.57371819872066,11571800
2018-07-24,95.01793670654297,95.12908688293543,94.58921200164477,94.70036217803724,9053500
2018-07-25,94.86711120605469,95.47844338657721,94.68450989505423,95.28789498740477,7357900
2018-07-26,94.68450927734375,95.17674416224834,94.60511714015577,95.04177692330558,6821100
2018-07-27,94.84329223632812,95.16880786868559,94.79565816612234,95.15292580712918,4542000
2018-07-30,94.51779174804688,94.80360831122316,94.4542756101783,94.4701516160293,7111200
2018-07-31,95.0338363647461,95.16086863066367,94.92268616068412,95.10529352863269,6797400
2018-08-01,94.2596435546875,94.56201064852308,93.94931767473715,94.12437454461173,13312600
2018-08-02,94.39488220214844,94.48241060893174,94.13230305257161,94.38692948936676,4451100
2018-08-03,94.86436462402344,94.92006397400986,94.53812123783587,94.55403880684561,6162400
2018-08-06,94.9200668334961,95.35770286206657,94.90414926400683,95.11899395669377,4200200
2018-08-07,94.42670440673828,94.76885922546369,94.34713478928944,94.71315988617224,5346900
2018-08-08,94.52217102050781,94.71313927498161,94.37894331195962,94.41873114741186,5640900
2018-08-09,95.31788635253906,95.34971540914724,94.78476331358883,94.87229170156833,7144100
2018-08-10,96.01014709472656,96.32047278369187,95.7077741162066,95.77939100561392,8457900
2018-08-13,95.81121063232422,96.04196062796079,95.65206537750673,95.68389442847024,7923200
2018-08-14,95.59639739990234,95.93059343843825,95.50886899874683,95.91468194312485,4251200
2018-08-15,96.15338134765625,96.38413746704491,95.93854279278938,96.01015969159309,7649800
2018-08-16,96.14546203613281,96.22503167406697,95.70781992133358,96.12954446608143,5400400
2018-08-17,96.2647933959961,96.59103064419675,96.08177781473286,96.35231572442254,3537600
2018-08-20,96.90931701660156,97.0048042004751,96.7103899366112,96.78995955445279,5603700
2018-08-21,96.58309173583984,96.70244922028789,96.3364240532147,96.57513902211079,4695000
2018-08-22,96.9649658203125,97.11615226495763,96.74216857816359,97.07636444138696,5309600
2018-08-23,97.11617279052734,97.17982482261597,96.90132821106938,97.07638495854748,5328700
2018-08-24,97.30715942382812,97.338988481275,96.67059041643464,96.77403637082996,6092200
2018-08-27,96.75017547607422,96.97297891378497,96.69447613433978,96.901362005399,6407400
2018-08-28,96.16930389404297,96.35231340011889,96.02607615978805,96.28070256837765,4929300
2018-08-29,96.29663848876953,96.40008447744273,95.97835995037993,96.232986423556,5613300
2018-08-30,96.50353240966797,96.64676019214751,96.34439312725713,96.52740269495214,5302900
2018-08-31,96.28072357177734,97.01277389732086,96.19319515559565,96.98890361486654,9677500
2018-09-04,95.72406005859375,95.77988489454795,95.50076071477696,95.66823522263955,18343600
2018-09-05,95.4688949584961,95.62042217643277,95.3412978942755,95.50877246356985,9422600
2018-09-06,95.81973266601562,96.01910788750777,95.45288298860393,95.50870780724378,9566000
2018-09-07,95.00627899169922,95.2216076396451,94.89462935367133,95.16578282063115,11212600
2018-09-10,95.35721588134766,95.38113994324353,95.03821419234995,95.03821419234995,6386400
2018-09-11,94.63150024414062,95.03822149653146,94.58364603221987,94.96644930532777,5440000
2018-09-12,94.85477447509766,95.03819630474409,94.82287370375697,94.94250007517203,3347200
2018-09-13,94.9983139038086,95.35718689204897,94.8866642592694,95.17375899919212,4833000
2018-09-14,94.54378509521484,94.83088606074045,94.34440976273606,94.43213539578291,5579500
2018-09-17,94.54378509521484,94.75910777713291,94.20085927997326,94.24870741274343,5433000
2018-09-18,93.5548095703125,94.16091183446572,93.43518932724416,94.15293512344525,10182300
2018-09-19,92.99658966064453,93.39534015019898,92.66164070968671,93.39534015019898,13379600
2018-09-20,93.42726135253906,93.54688774245825,92.8849603247629,92.9726859384069,8657300
2018-09-21,93.38738250732422,93.53093295625612,93.18003050676683,93.20396065196452,6173800
2018-09-24,93.14813232421875,93.5229527359558,93.08433077498455,93.10027812006778,5505500
2018-09-25,93.05242156982422,93.10026968518952,92.82912225218602,92.89292379563982,6650900
2018-09-26,93.70637512207031,93.77017666752788,93.03647714811675,93.25179975847318,9512700
2018-09-27,93.77018737792969,93.82601221546878,93.38738414591094,93.49903382098913,5758500
2018-09-28,93.52295684814453,94.03336318001001,93.48308544145799,93.9855089737549,12807700
2018-10-01,92.83637237548828,93.3798830144673,92.81239495138989,93.24400687922815,22442400
2018-10-02,93.40388488769531,93.6196878590912,93.19607032774165,93.25201969795717,8266900
2018-10-03,91.78136444091797,93.00426240588891,91.30978586145703,92.9323240031126,20829200
2018-10-04,91.1338882446289,91.42962399230456,90.88611343588698,91.22180951831568,16207400
2018-10-05,90.35060119628906,90.89411177562995,90.01490509970192,90.63034794344502,18096500
2018-10-08,90.04690551757812,90.40657914942969,90.0309164995266,90.31066333519156,5855900
2018-10-09,90.95806884765625,90.99802918990088,90.37459174907669,90.43054110663725,11530800
2018-10-10,90.71028900146484,90.78222737521929,90.15079541903116,90.430542210248,15290100
2018-10-11,91.81330871582031,92.03710617163087,90.95008473081674,91.11793282267466,16086800
2018-10-12,91.49358367919922,91.92519561616764,91.34171852600036,91.42963981490259,6794100
2018-10-15,91.45364379882812,91.7733571151376,91.34973956268787,91.6454754474284,7146300
2018-10-16,91.66142272949219,91.6933946584943,91.24579984850868,91.42963081774337,4762300
2018-10-17,91.11791229248047,91.74934417083135,91.10192937696232,91.64543997490853,5880700
2018-10-18,91.08595275878906,91.42964342040861,90.75825111288545,90.81420047184572,5728800
2018-10-19,90.88613891601562,91.0779644314648,90.64635854620995,90.99803764152958,10892400
2018-10-22,90.7662353515625,91.18186436875806,90.74225792711323,91.07795406544791,3244200
2018-10-23,91.05399322509766,91.93320017049895,90.99004934957155,91.72539172207453,10330700
2018-10-24,91.74139404296875,91.77336598749308,91.30978193892773,91.4056977725007,16008000
2018-10-25,91.35771942138672,91.70939852470599,91.30177005735706,91.54954494119934,12613200
2018-10-26,91.9092025756836,92.17296643083806,91.74934901996576,91.8612477285727,18582500
2018-10-29,91.701416015625,91.93320189721929,91.32575336238283,91.78933122359514,7679900
2018-10-30,91.24583435058594,91.54955864391795,91.13392950775389,91.32576115430234,9939500
2018-10-31,90.78221130371094,91.0859354664023,90.48647554933821,90.9100929150467,8706400
2018-11-01,90.86637878417969,90.98655691461931,90.40967743721092,90.41769135018174,6100200
2018-11-02,89.73660278320312,90.74614127610403,89.6564820389966,90.67402832734349,11314800
2018-11-05,90.08916473388672,90.30549141057352,90.01705176644276,90.12121426243709,4760200
2018-11-06,90.03309631347656,90.32153601119366,90.00104677897204,90.21737349584802,3159900
2018-11-07,90.1532974243164,90.85837513762911,90.06516882297754,90.69011962317727,9313100
2018-11-08,90.1452407836914,90.51380115559378,90.0651200268121,90.50578724605927,6905100
2018-11-09,90.81825256347656,90.93843674208762,90.3134863486956,90.33752196185357,6465300
2018-11-12,91.41114044189453,91.58740973042639,91.26692678344526,91.29897018788706,6840000
2018-11-13,91.35505676269531,91.35505676269531,90.92240355484996,91.10668064100253,6525800
2018-11-14,91.41114044189453,91.7556651114376,90.77818234263253,90.9224021139022,8690800
2018-11-15,91.37114715576172,91.77175723302506,91.08270741110614,91.69163644013733,7879600
2018-11-16,91.89994049072266,91.98807518831828,91.2749898080076,91.49933045176951,9236700
2018-11-19,92.15631103515625,92.15631103515625,91.66757251556834,91.66757251556834,7027200
2018-11-20,92.1883544921875,92.50884365651555,92.0841981117304,92.33257431049401,6332600
2018-11-21,92.15631103515625,92.21239618414651,91.77172890288662,92.05215464783797,4951100
2018-11-23,92.25247955322266,92.74923820360652,92.21241610407954,92.67712521771372,3027900
2018-11-26,92.04413604736328,92.18835586782184,91.9640152832913,92.02811433967788,6599000
2018-11-27,92.14832305908203,92.34061416658004,91.9480180391979,91.98807537548028,5967200
2018-11-28,91.69961547851562,92.15631057883868,91.62750862138066,92.02010466236858,7814000
2018-11-29,92.06022644042969,92.34065236169597,91.81184395631387,92.07624815900492,7295600
2018-11-30,92.4046859741211,92.4767928258472,92.12426025159351,92.3886581540782,9127800
2018-12-03,93.06077575683594,93.06077575683594,92.08102469783945,92.09708357909936,9763800
2018-12-04,94.61876678466797,95.30138270385406,93.66310082160355,93.8076552855376,18100500
2018-12-06,94.91592407226562,95.72702957987208,94.86773515823407,95.19700054158507,15319400
2018-12-07,95.09260559082031,95.18897116804042,94.37785950672745,94.6107531966889,8608400
2018-12-10,95.48609924316406,95.7912670731586,95.11668361937906,95.46200785224435,8777700
2018-12-11,95.47006225585938,95.8716018944091,95.25323354692632,95.54234257684283,8071900
2018-12-12,95.0444564819336,95.34159809916312,94.95611724781158,95.22916746064605,6182200
2018-12-13,94.81953430175781,95.2291062944339,94.74726013499479,95.13273461174354,5564200
2018-12-14,95.14881896972656,95.38170652798871,94.94001667827654,95.20503426430838,8169200
2018-12-17,95.70292663574219,95.80733083103684,95.22911294850478,95.2371393273684,9726800
2018-12-18,96.2761001586914,96.42904910779346,95.7448138295888,95.84945955492408,10018800
2018-12-19,97.54796600341797,97.93436104406632,96.5336843955643,96.68663332812896,23046300
2018-12-20,97.19379425048828,98.23222464459987,97.13744560002684,98.21612766227186,18543700
2018-12-21,97.17769622802734,97.57213677703565,96.91204996089141,97.51578812717733,9945100
2018-12-24,97.66063690185547,97.74113405563428,97.33059672890059,97.50768801059832,8377500
2018-12-26,96.61422729492188,97.7170581602366,96.5739817588861,97.39506316423181,11700400
2018-12-27,96.63027954101562,97.70895514686993,96.58198246658647,97.61236099801162,12146500
2018-12-28,97.44335174560547,97.44335174560547,96.83156195939247,96.92011072351052,9879100
2018-12-31,97.8135986328125,97.85384414421523,96.96836305333551,97.12131196466981,17409000
2019-01-02,98.32878875732422,98.33684031629468,97.67674759459724,97.93434834933187,19841500
2019-01-03,99.44770812988281,99.70530272286238,98.39318122448827,98.44147829144083,21187000
2019-01-04,98.29657745361328,98.6588177259553,97.92628562321897,98.48172029804078,12970200
2019-01-07,98.00680541992188,98.73129227351076,97.90215970722488,98.70714373531459,8498100
2019-01-08,97.74922180175781,98.15976542202031,97.71702170001748,97.95851939229928,7737100
2019-01-09,97.59625244140625,97.74920135729789,97.24206367942479,97.61235555967913,9349200
2019-01-10,96.96836853027344,97.73310698859872,96.87176824267878,97.62845514165276,8222900
2019-01-11,97.3467025756836,97.62039415178495,97.14545660212447,97.26620541456789,5786900
2019-01-14,96.98446655273438,97.41110705282986,96.79126598769719,97.32255832923948,6730500
2019-01-15,96.63027954101562,97.05692007591443,96.5578277878314,97.0488685163294,8997400
2019-01-16,96.72687530517578,96.91201817618428,96.20363450436271,96.26802855340816,6048400
2019-01-17,96.75102996826172,97.02472158327264,96.50953230904217,96.77517850587554,8153400
2019-01-18,96.24386596679688,96.69466109354521,96.10702018793548,96.46926045940138,14106400
2019-01-22,96.89594268798828,97.17768590735764,96.65444499050507,96.8476394635667,8881100
2019-01-23,96.8556900024414,97.09718769737609,96.46124949948683,96.50149502094828,5776800
2019-01-24,97.49160766601562,97.61235648805007,97.1696128544372,97.33061333099651,7121900
2019-01-25,97.02474212646484,97.20183962851753,96.85569618583506,97.07303921191853,6460800
2019-01-28,96.92813873291016,97.35477932460151,96.92813873291016,97.03278445528346,6435800
2019-01-29,97.41912078857422,97.43522390119375,96.9119832887426,97.02468051092741,5750100
2019-01-30,97.3467025756836,97.38695422701132,96.86371346744963,97.27425083160166,10571300
2019-01-31,98.18388366699219,98.35292954281151,97.80554026521294,97.84579191535353,11843400
2019-02-01,97.5909194946289,98.0830699650908,97.4941008895573,98.01046062785228,12024600
2019-02-04,97.15524291992188,97.26013127868687,96.83252039869593,97.17138243146424,8966200
2019-02-05,97.59894561767578,97.8087160905068,97.34883869399638,97.4053146495181,6983300
2019-02-06,97.64736938476562,97.95395847453065,97.40533216988749,97.91361586100832,5184000
2019-02-07,98.29285430908203,98.3574000548436,97.80877352671253,97.99433485150064,8781000
2019-02-08,98.71236419677734,98.80918279075325,98.48646029958643,98.63975486786006,5885400
2019-02-11,98.32508087158203,98.5751878243332,98.22826229854051,98.31701111830735,4352800
2019-02-12,98.07501220703125,98.22830681162601,97.78456251170488,98.15569746550491,7939600
2019-02-13,97.70384979248047,97.93782341962647,97.55056139604741,97.74419240783695,4757700
2019-02-14,98.26055145263672,98.59133752674059,98.09112353827827,98.54293130990081,5868900
2019-02-15,98.41382598876953,98.44609268981787,98.058830723058,98.07496407358217,5527200
2019-02-19,98.66394805908203,98.86564882635743,98.38963181476966,98.76883024211443,5872800
2019-02-20,98.38155364990234,98.49450557041972,98.09916769319086,98.38961724749785,4455800
2019-02-21,97.50212860107422,97.75224168413484,97.38110693577619,97.67962622278898,7382500
2019-02-22,98.08306121826172,98.38964420718439,97.96203951156973,98.00238213227362,6374600
2019-02-25,97.79259490966797,97.86521038346932,97.55862129140372,97.76032204969165,6293500
2019-02-26,98.27671813964844,98.28478789699855,97.91365907937035,98.21217854711146,6028900
2019-02-27,97.16329193115234,97.72805160615542,97.04227024210346,97.71998800752594,7737300
2019-02-28,96.83248138427734,97.31656804878473,96.58237445492146,97.26815568908341,9533400
2019-03-01,95.9374771118164,96.64087449987177,95.92130351184902,96.47917551072413,13541100
2019-03-04,96.68938446044922,96.83491602030449,96.26087658099235,96.44683597297119,9808500
2019-03-05,96.89152526855469,96.91578567238301,96.43067629056897,96.43876309184508,5595200
2019-03-06,97.24728393554688,97.44132401402032,96.93196649486896,96.95622073362527,7766700
2019-03-07,97.87791442871094,98.03961962720808,97.51408852683188,97.53834276450081,8187200
2019-03-08,98.29022979736328,98.38725289160917,97.70810356873004,97.92640398867802,7517600
2019-03-11,97.9991683959961,98.16895418757834,97.8132151726341,98.1527867557986,5157800
2019-03-12,98.68641662597656,98.82386757943692,98.03961437192672,98.07195540989255,6422300
2019-03-13,98.50048828125,98.60559205490542,98.3307024153033,98.36304346144894,4386300
2019-03-14,97.78898620605469,98.44388151943708,97.76473196637814,98.38728623738409,8188400
2019-03-15,98.435791015625,98.59749005300431,98.15281461599977,98.42770421322918,4302000
2019-03-18,98.37918853759766,98.53280692976423,98.24982438242108,98.29025222301938,3893300
2019-03-19,98.16088104248047,98.33066684701203,97.74045376308858,97.90215276690294,5220200
2019-03-20,99.18767547607422,99.32512023618939,98.41959601103422,98.4276766427437,10123700
2019-03-21,99.40596771240234,99.51915823824683,99.23618192363563,99.41405451236868,7182600
2019-03-22,100.9502182006836,101.2897897735785,100.30340991747534,100.4246872416295,13077000
2019-03-25,101.1119155883789,101.8234059223413,100.66724029807327,100.9097887741252,9736300
2019-03-26,101.03916931152344,101.2978914290649,100.75619295927837,100.82086886234735,7502000
2019-03-27,101.96896362304688,102.14683008372658,101.31406838240515,101.40300469695623,14207200
2019-03-28,102.32469940185547,102.42980931660878,101.88002401191116,102.07406406991555,9143200
2019-03-29,102.22769927978516,102.25195351997424,101.5808907554346,101.61323179849444,10841400
2019-04-01,100.77562713623047,101.577811371831,100.62977489502916,101.52109139925345,16501500
2019-04-02,100.9620361328125,101.0754761296773,100.67843614065053,100.86480538236621,9725000
2019-04-03,100.08687591552734,100.3704819583082,99.96533753377933,100.15980512658946,10407000
2019-04-04,100.3704833984375,100.38668645556528,100.0220589410629,100.15170194412535,7503400
2019-04-05,100.50011444091797,100.61355437335209,100.13548696981013,100.16789926222168,6321800
2019-04-08,100.1435775756836,100.43528200256513,100.08685761390176,100.33805131494607,4446400
2019-04-09,100.45964813232422,100.75134652898366,100.28948197641773,100.65411579076898,7020300
2019-04-10,100.70272064208984,100.89718828022365,100.5568683679858,100.69461602074662,7519900
2019-04-11,100.11116027832031,100.49199073228289,99.99772036743589,100.41906772471926,8679300
2019-04-12,99.39812469482422,99.71413682934623,99.36571240128184,99.57638921830082,7005500
2019-04-15,99.64934539794922,99.65744383701728,99.43866852390298,99.4872838863696,3070000
2019-04-16,99.0254135131836,99.36573339425847,98.96869353300444,99.26850267510233,8927300
2019-04-17,99.06590270996094,99.31709024017016,98.94435816301657,98.96056121767,6118500
2019-04-18,99.58450317382812,99.74655847472076,99.48726628408448,99.51157396101702,27589400
2019-04-22,99.1064453125,99.3171221828279,99.04972532995184,99.23609451947546,6241200
2019-04-23,99.31710052490234,99.42243584608876,99.17124828986795,99.34951281957811,6239700
2019-04-24,100.12740325927734,100.14360631786022,99.73846185113464,99.7546710917315,7302000
2019-04-25,99.98152923583984,100.16789837004318,99.74654475445853,100.0625568751407,5380900
2019-04-26,100.32185363769531,100.492013542646,100.18410602635612,100.4596074310474,5950700
2019-04-29,99.68173217773438,99.9491289834488,99.54398455612878,99.85189827738054,10246000
2019-04-30,100.19223022460938,100.26515326297603,99.60882118961968,99.62502424858535,7957400
2019-05-01,100.60551452636719,101.0521050975743,100.36191516389849,100.43499745063474,14371900
2019-05-02,100.12646484375,100.53245976235412,99.90723031349974,100.42690331371374,6612800
2019-05-03,100.41064453125,100.5892770530183,100.17516678597741,100.41064453125,6191700
2019-05-06,100.68673706054688,100.99529096005192,100.62989802129619,100.93845192080123,4482500
2019-05-07,101.45813751220703,101.612417578623,101.00342514170701,101.11710323433202,8984900
2019-05-08,101.0196762084961,101.74234679383125,100.93035681525315,101.62054705804614,6907600
2019-05-09,101.43377685546875,101.74233698236742,100.93846252070212,101.58805691891808,9411900
2019-05-10,101.29572296142578,101.86411331768215,101.1658016257156,101.40940103267705,6037800
2019-05-13,102.09149932861328,102.25389484091775,101.70174142609417,101.82354115781838,10501600
2019-05-14,101.79106903076172,102.02654687910012,101.6611476544403,101.912868772315,5690400
2019-05-15,102.41629791259766,102.52997601859974,102.12398101288026,102.4812586003109,9566300
2019-05-16,102.07521057128906,102.17265155224287,101.9290521973528,102.1564082912561,7666400
2019-05-17,102.30260467529297,102.55432575420231,102.0590114248858,102.53808248718043,4747100
2019-05-20,102.09149932861328,102.61928784109865,102.02653864569481,102.40817491410118,6043100
2019-05-21,101.92906951904297,102.08334954969075,101.74231535088092,101.98590855217795,4021800
2019-05-22,102.51370239257812,102.57866305712943,102.08334883115818,102.12394460026027,5675300
2019-05-23,103.66673278808594,104.00776700580342,103.02526012428953,103.03338175661337,9743700
2019-05-24,103.75607299804688,103.75607299804688,103.43939741870642,103.57743422098476,4981900
2019-05-28,104.50308990478516,104.66548539474964,104.00777560690543,104.15394022086063,8098600
2019-05-29,104.81976318359375,105.47747295723765,104.74668707318475,105.29071876730971,13260600
2019-05-30,105.72108459472656,105.74544330101013,104.657379787068,105.01465733253744,13024800
2019-05-31,107.04460906982422,107.10144190891886,106.2163760646009,106.28945216771407,18933600
2019-06-03,107.76065063476562,107.87456202889793,107.03649696876512,107.32941375587829,17822400
2019-06-04,106.531982421875,107.2073184443477,106.22280156025836,106.90626967381884,14250000
2019-06-05,105.92990112304688,106.54827535650172,105.87293923047974,106.19840915498874,8815200
2019-06-06,106.27163696289062,107.06901656395894,106.03568212726114,106.56455369201487,9621100
2019-06-07,107.1910629272461,107.45957093972318,106.94696360541172,107.23173580137912,11378500
2019-06-10,106.18214416503906,106.34487293738252,106.03569199455282,106.32859633552532,8288700
2019-06-11,106.24723052978516,106.39368268975791,106.0356843824661,106.11704255509252,5115100
2019-06-12,106.32862091064453,106.38558282260524,106.01943989635562,106.09266599852306,5278700
2019-06-13,106.69477081298828,106.79240561090077,106.41811819321664,106.42626270331718,5560400
2019-06-14,106.96322631835938,107.1666403242463,106.6621651471709,106.67030965326597,5838800
2019-06-17,107.15039825439453,107.2073477383827,106.69475272085066,106.90629888559327,6046400
2019-06-18,107.68741607666016,108.10237631936312,107.3619461080021,108.0047415364706,10320700
2019-06-19,107.84200286865234,107.98846746182916,107.0608997564097,107.28872253209798,11962500
2019-06-20,108.12679290771484,108.6312558766954,107.88269351725592,108.1430695111883,10721500
2019-06-21,106.93882751464844,107.83385429334653,106.89815463731435,107.81757769316796,14495000
2019-06-24,107.7362060546875,107.83384081273688,107.467698054645,107.53279203181349,6378800
2019-06-25,108.06985473632812,108.28953303687739,107.98848412585001,108.04543362085506,9604600
2019-06-26,107.37820434570312,107.97216986573135,107.3049782710574,107.95589326622972,12766800
2019-06-27,108.13490295410156,108.28949961705183,107.39448525506808,107.65484878050415,9724200
2019-06-28,108.06169128417969,108.28138196163198,107.76877451937993,107.87455381137731,8149200
2019-07-01,107.80892944335938,108.22470348691701,107.2790081771202,108.0779640973408,14131200
2019-07-02,108.64054107666016,108.74652787985362,107.98834904405138,108.07802731449993,10494300
2019-07-03,109.4150390625,109.48024831286222,108.84435238382451,108.85251286994387,5380300
2019-07-05,107.96383666992188,108.06167538733652,107.34424951184542,108.05351490435827,12180100
2019-07-08,108.11060333251953,108.60790771163711,108.11060333251953,108.46931631939285,6490000
2019-07-09,108.06985473632812,108.1921500585829,107.74375875651054,108.16768104232054,6215700
2019-07-10,107.47467803955078,107.97198228206669,107.21379141539079,107.89861258393128,9470000
2019-07-11,106.03990936279297,107.13234483765389,105.78717061284706,107.05081460350783,14126800
2019-07-12,106.16215515136719,106.34965969661575,105.72191194455063,105.91757697422052,6992000
2019-07-15,106.77357482910156,106.83879649371917,106.34964022896747,106.34964022896747,6055500
2019-07-16,106.45565032958984,106.47195885926007,105.95019786768255,106.12139389004837,6172700
2019-07-17,107.60511779785156,107.62957436308899,106.83877891438947,106.84692695621577,9662200
2019-07-18,107.61328887939453,107.87417555079358,106.99370169446355,107.18120621468088,5724900
2019-07-19,107.36055755615234,107.55621011058217,107.2138057005694,107.27902736529953,5804800
2019-07-22,107.5643539428711,108.01274504363077,107.4013060261654,107.99643652003262,5204100
2019-07-23,106.97737121582031,107.40130574997188,106.77355821052265,107.28717096459553,8108900
2019-07-24,107.44212341308594,107.53180168727212,107.18124907712281,107.2872358847336,6389700
2019-07-25,106.92852020263672,107.13233332633504,106.39859861716154,107.00188994162431,8893100
2019-07-26,107.18119812011719,107.43392428909783,107.00184165701603,107.36870262617376,6188400
2019-07-29,107.2138442993164,107.57255736459446,107.12416603299688,107.466583006046,6231800
2019-07-30,107.47467803955078,107.6947995737159,107.14856975935079,107.61326939372617,5678500
2019-07-31,108.33887481689453,108.69758780987806,107.33611799724517,107.36872261489705,15798700
2019-08-01,110.49050903320312,110.59670677283138,108.85675901811469,108.96295675774293,26664800
2019-08-02,111.51163482666016,111.51163482666016,110.60490280922757,110.81729834949908,15143100
2019-08-05,113.43944549560547,113.45578648829864,112.45103356686121,112.84313013982027,18543000
2019-08-06,114.34612274169922,114.34612274169922,112.80222997997113,112.89208670005137,12747400
2019-08-07,114.38699340820312,116.86212340474454,114.18277467934973,116.32298296908628,32582000
2019-08-08,114.63202667236328,114.71370666260148,112.71236616624616,113.65994379754306,14746000
2019-08-09,114.40333557128906,115.62864795699114,114.25629160345329,114.90979403539883,10626000
2019-08-12,116.7885513305664,117.16430663030991,115.59590904484502,115.76745817873906,14094300
2019-08-13,116.38834381103516,117.55648151549964,115.95540106823641,117.47478903158466,15974900
2019-08-14,119.0104751586914,119.04314466178745,118.20994145539342,118.57753257168709,15068900
2019-08-15,120.3338394165039,121.38761501668883,118.92064933084038,119.22288905492171,23588700
2019-08-16,119.36994934082031,119.68035336911068,118.31617359654358,119.31276210708157,17150500
2019-08-19,117.66263580322266,118.16910663398583,117.2296931744301,117.27871613058376,13614700
2019-08-20,118.87983703613281,118.95335280657208,118.31619120038106,118.67561825300683,7451500
2019-08-21,118.08749389648438,119.09224704688201,117.86693407070456,118.2181969387634,9372000
2019-08-22,117.30327606201172,118.20183124474362,117.20524256852192,117.63002113490958,13878800
2019-08-23,119.23107147216797,119.4843007087036,117.16436641102088,117.23789462850088,16191800
2019-08-26,118.74915313720703,119.50067688433221,118.68380162034477,119.15759076920077,12174500
2019-08-27,120.57891845703125,120.66877520502231,119.65584572444338,119.77838445235295,11332300
2019-08-28,120.73411560058594,121.63267053336423,120.61975361043154,121.53464953166677,10095900
2019-08-29,120.27672576904297,120.358405821759,119.36999367155657,120.28489003495613,8884900
2019-08-30,120.30938720703125,120.47275976600547,119.557863464128,119.7620822789776,13550800
2019-09-03,120.4648208618164,121.65956035692167,119.94109687357201,120.36661402950726,15660800
2019-09-04,120.64485168457031,120.80033440519672,119.86745056800429,119.90836904499535,7962200
2019-09-05,118.4599380493164,119.31099740602554,117.74800400955398,119.19643316414921,19382900
2019-09-06,119.30286407470703,119.49926536455371,118.72186388292332,118.86915548537938,9466400
2019-09-09,117.18338012695312,117.83803839311734,117.17520142500692,117.69892554062473,15862700
2019-09-10,115.12938690185547,117.25701037693837,115.10483831269974,116.88876905303616,13851400
2019-09-11,114.9248275756836,115.50582760513821,114.88390909090984,114.89208779323722,10941700
2019-09-12,114.17196655273438,116.03773444550055,113.79553400154899,115.79223604138552,19163300
2019-09-13,111.73333740234375,113.50910167955854,111.73333740234375,113.15721780668956,18922200
2019-09-16,113.15726470947266,113.39458445184631,112.31439628635852,112.8299417732113,10971600
2019-09-17,113.7709732055664,114.23742137200576,112.94447490315751,113.22270057091106,9081200
2019-09-18,114.2537612915039,115.10482053937807,114.18011553540833,114.50743833132037,10984600
2019-09-19,114.59748077392578,115.37489444751698,114.54020489020007,115.18667193361216,13176200
2019-09-20,116.1114273071289,116.18507311225855,114.92486577371851,115.19491287909979,11519800
2019-09-23,116.08682250976562,117.15064051965044,115.95588837298085,116.39778796298782,15246700
2019-09-24,117.48616790771484,117.71529642983117,116.53691403805125,116.54509274006685,12421600
2019-09-25,115.76773071289062,117.46983780119267,115.49768361610224,117.23251801011855,14147100
2019-09-26,116.51233673095703,117.01151213538175,116.11953437279128,116.422321084698,9636500
2019-09-27,116.79875183105469,117.00333172898661,116.3159462687112,116.46325028823652,10386900
2019-09-30,117.08516693115234,117.09334563178349,116.0704461574268,116.10318593308308,8006900
2019-10-01,117.43770599365234,117.97055247555376,115.6998351795615,115.7982014495132,16613700
2019-10-02,117.72457885742188,118.26561815020064,117.42127463651053,117.60162106743678,12891500
2019-10-03,118.79844665527344,119.41326059480707,117.97869473589527,118.0278778497105,13470500
2019-10-04,119.67561340332031,119.70839798356462,119.02800224056973,119.15097256044074,11516200
2019-10-07,118.68367767333984,119.2984915910461,118.62630154539961,118.99518739433913,11013900
2019-10-08,119.00345611572266,119.6264634456338,118.55258978756301,119.53630268843101,14529700
2019-10-09,118.3311996459961,118.54433065115312,117.88033356929645,118.53613763463936,8608800
2019-10-10,116.56869506835938,117.372048272181,116.18341074941638,117.3228651690681,15054200
2019-10-11,115.12592315673828,115.66696224507689,114.52750795756116,115.56858354184058,26294000
2019-10-14,115.96211242675781,116.00309001613353,115.65060269360367,115.97849845913943,5936900
2019-10-15,114.56031036376953,115.54400999043287,114.39636251072888,115.31448049449207,11832300
2019-10-16,114.69969177246094,114.81445654555377,114.23243966359088,114.47016222627528,7729500
2019-10-17,114.42097473144531,115.07677877048705,114.19144519404395,114.37179161749097,6219300
2019-10-18,114.42097473144531,114.95380847717955,114.3144029789298,114.6095141710775,6456100
2019-10-21,113.56026458740234,113.93735608093483,113.31433644017899,113.59306167819221,8038000
2019-10-22,114.22428131103516,114.38003624778959,113.65045720859301,114.25707840741887,6683300
2019-10-23,114.33899688720703,115.0193924972178,114.24063065727552,114.78986295509632,5995400
2019-10-24,114.10948181152344,114.96203094041974,113.97012546531266,114.50295928955522,6161700
2019-10-25,113.55206298828125,114.39640664015208,113.37990954570625,114.3800080959963,5669800
2019-10-28,112.51911926269531,112.78144582338092,112.29779529908805,112.78144582338092,11402100
2019-10-29,112.59294128417969,112.91264406123277,112.44537942100446,112.81426531630838,5296600
2019-10-30,114.24063873291016,114.3144134105739,112.93723606049284,112.93723606049284,10914100
2019-10-31,115.7817611694336,116.14244149309629,115.11775163304954,115.15874172913564,15834100
2019-11-01,115.42538452148438,116.00842948010991,114.79307062865765,115.56498401180367,11425500
2019-11-04,113.9062271118164,114.25932956306919,113.7584077499488,114.11973004534714,11124300
2019-11-05,112.62509155273438,112.86324131851237,112.28019666148744,112.68258029972951,13493000
2019-11-06,113.30672454833984,113.65983943531351,112.7811684039753,113.33957885562648,9351900
2019-11-07,111.25372314453125,111.97636724466209,110.40790676835161,111.9681599363394,19209800
2019-11-08,110.78569793701172,111.63972194506525,110.6789402371626,110.98277365335291,10222900
2019-11-11,110.85962677001953,111.17988741281184,110.56400059742283,111.17168009949641,4577000
2019-11-12,111.36871337890625,111.63970497793623,110.68713072623898,111.08951446969158,5772900
2019-11-13,112.0914077758789,112.46915722748132,111.82041605564785,112.34597233814894,6672400
2019-11-14,113.24925231933594,113.68447792945621,113.05216405937215,113.15892176646678,10213300
2019-11-15,113.12603759765625,113.45451794422468,112.8550460105788,112.89610762018036,4657600
2019-11-18,113.33136749267578,113.82408189686343,113.26567140343423,113.49561398090353,5943900
2019-11-19,114.27571105957031,114.34140713523325,113.62697014380196,113.62697014380196,7893100
2019-11-20,115.45825958251953,115.45825958251953,114.77667663299017,114.89164167687163,7905500
2019-11-21,114.73561096191406,115.0312371400881,114.24289648820746,114.6699148634032,5980900
2019-11-22,114.88333129882812,115.19538439927088,114.7026702964918,115.04757768658123,4664800
2019-11-25,115.2200927734375,115.40075389168103,115.11333505895318,115.21188546088031,4157300
2019-11-26,115.89349365234375,116.04130049218226,115.73746696790248,115.78673591451532,4281100
2019-11-27,115.55677032470703,115.71279696123527,115.31041313704388,115.4582324617406,4095700
2019-11-29,115.31040954589844,115.52391241909223,114.78485340936655,115.4746434891434,6251100
2019-12-02,113.77294158935547,114.06907584672402,113.4768073319869,113.6331021555682,17702200
2019-12-03,116.15850067138672,116.61915128885813,115.1055688362961,115.19605467556998,13062400
2019-12-04,114.99866485595703,115.57447825147815,114.5133373191457,115.44286017484743,8586300
2019-12-05,114.43925476074219,114.70249082304025,114.0115149871873,114.06086861092162,7273800
2019-12-06,113.80591583251953,114.43930434727203,113.40284014439287,113.54267965616128,7931100
2019-12-09,114.05265808105469,114.4310568604362,113.98686160374292,114.33234959267968,4016900
2019-12-10,114.06084442138672,114.62843607753149,113.85519599824927,114.48858410422841,4947600
2019-12-11,114.95750427246094,115.27831541021956,114.5297519048536,114.58733950609138,6256700
2019-12-12,113.06551361083984,114.57086174856944,112.37453784158907,114.49683132010367,14857000
2019-12-13,114.37342834472656,114.84231280244039,112.88453568025461,113.61664360843415,11335100
2019-12-16,113.3451919555664,113.89634083632481,113.04905769130467,113.84697466579365,9156600
2019-12-17,113.18896484375,113.79767650732637,112.86815361376507,113.69074779852549,6179700
2019-12-18,112.25940704345703,113.06554566948913,112.10311217118998,112.94216158706179,6244700
2019-12-19,112.43901824951172,112.76034270248847,111.8540365162099,112.0517794764537,6591100
2019-12-20,112.58729553222656,112.62025897219822,111.99407933142473,112.15887138754542,5455700
2019-12-23,112.42250061035156,112.85093726806949,112.05174367872918,112.71910867002289,5175000
2019-12-24,112.74385833740234,112.92511957041029,111.96114623407028,111.98586253203766,4667400
2019-12-26,113.01573181152344,113.05692982539422,112.47194820091417,112.80151974001164,5290200
2019-12-27,113.13935089111328,113.39476103301867,113.11462201982327,113.23821608878724,7300500
2019-12-30,112.72734832763672,112.79325005041586,111.77160991307817,111.96110565276722,7979700
2019-12-31,111.62328338623047,112.43072394940054,111.54089995879526,112.22474652301592,10707400
2020-01-02,112.88391876220703,113.3123555361794,112.60379234424721,112.70265753367528,11034100
2020-01-03,114.62235260009766,114.65531603960316,113.60071226906194,113.92203665896328,12366000
2020-01-06,113.97148895263672,115.10848894666651,113.8231785929555,115.09200722406398,11369800
2020-01-07,113.41123962402344,114.0868520560179,113.40300504748909,113.88087449580583,8381200
2020-01-08,112.66151428222656,113.95504709191502,112.31547341775178,113.64195711230086,10621700
2020-01-09,113.05696105957031,113.23822231318367,111.97764068606399,112.05178958839522,7411500
2020-01-10,114.06208801269531,114.0868043038257,113.3947230084402,113.42767387265827,8776000
2020-01-13,113.71605682373047,113.7737239838756,113.19698952308245,113.60070993157183,5966900
2020-01-14,114.30107116699219,114.37523264781676,113.81496711248083,113.84791799250137,13920300
2020-01-15,115.05900573730469,115.14963632384757,114.5399510797106,114.95190600547521,6290500
2020-01-16,114.69657135009766,114.96021613850327,114.30933245960748,114.73775681225095,6798600
2020-01-17,113.71605682373047,113.81492199647548,113.17227322989619,113.35353442784096,9693100
2020-01-21,114.91071319580078,115.05901094128738,114.33397878801865,114.36692965194884,6794900
2020-01-22,115.31441497802734,115.46271269960775,115.00955981944789,115.11667211072162,6317000
2020-01-23,116.12191772460938,116.48444026196243,115.99008906159494,116.04776881611623,9747400
2020-01-24,117.0611572265625,117.44839600812465,116.41850830649582,116.51737350285336,8585000
2020-01-27,118.8819808959961,118.8819808959961,118.23109745902921,118.60185448372529,10935200
2020-01-28,117.95096588134766,118.71719619403945,117.67083948134439,118.58536756867215,10612900
2020-01-29,119.10444641113281,119.21979332648687,118.17342394100093,118.18167108830036,9566800
2020-01-30,119.12095642089844,120.01901565883185,118.88201538615081,119.38460118779798,14711800
2020-01-31,120.20851135253906,120.28267283639084,119.54114600098991,119.60706033559492,14538100
2020-02-03,120.11111450195312,120.29267691111505,118.93921969275496,119.6242028559096,15309000
2020-02-04,118.49361419677734,118.9557686320254,118.06446539571964,118.83198176285678,11388300
2020-02-05,117.19780731201172,117.76725155045125,117.10702616395973,117.43714515358141,10782600
2020-02-06,117.72602081298828,117.91584401188257,117.1895946071704,117.3381387529948,6683100
2020-02-07,119.19503784179688,119.45088490524122,118.73288362471722,119.02173630677099,11374800
2020-02-10,119.525146484375,119.87176211671421,119.40134709176732,119.74797531686336,6699300
2020-02-11,118.92269134521484,119.43436021984253,118.7906437024863,119.32706993603107,7784100
2020-02-12,118.32026672363281,118.46882351763507,118.00666921231311,118.3202667236328,5595500
2020-02-13,118.77416229248047,119.00523942475547,118.23773593386191,118.37803186468894,7883400
2020-02-14,119.29405975341797,119.73145653454456,119.21152683168411,119.4673612592009,7137400
2020-02-18,120.11111450195312,120.53201490171928,119.59944549036567,119.94606120074036,6909200
2020-02-19,120.10283660888672,120.17710868719182,119.64893069798353,119.7644692395992,5707700
2020-02-20,121.0436782836914,121.26650715598292,120.4907428243273,120.55676666029365,9332900
2020-02-21,122.17427825927734,122.86752207992116,121.85242000398978,121.97621939002727,13860300
2020-02-24,123.99818420410156,124.58413790321806,123.79186443005149,124.47684759102893,15929300
2020-02-25,124.65838623046875,125.24432722510173,123.9073793738618,123.96515494410414,20802900
2020-02-26,123.99818420410156,125.21134548293685,123.4452487207785,123.75059795668953,22589500
2020-02-27,125.34342193603516,126.3337545602771,124.4768761675375,126.02014440204151,30687900
2020-02-28,128.174072265625,128.72700765339252,127.22500650611131,127.46433186183614,44935200
2020-03-02,127.23103332519531,129.34686500977537,127.08225721009272,128.35507048404742,28152400
2020-03-03,129.20639038085938,131.99168366809081,125.92519341593514,127.12361259044587,38608000
2020-03-04,127.83440399169922,130.0494244938305,127.43768860749462,129.2725146000536,23463700
2020-03-05,131.0164031982422,131.26435500073046,129.60308675200582,129.86757203768732,17786200
2020-03-06,137.83505249023438,139.95088500701695,135.63656514240137,138.27309534981717,76288300
2020-03-09,141.57080078125,148.52165021603983,140.78563040368027,148.02575910926942,41552800
2020-03-10,134.31411743164062,142.926220717647,133.91740212369285,140.2070492234632,37728300
2020-03-11,129.3717041015625,138.04993130184323,128.62786110036654,136.72752973154377,29519300
2020-03-12,130.17337036132812,137.49613950960043,128.65261782319655,135.14061633471164,24361800
2020-03-13,127.23103332519531,130.7519083055026,125.78466263019781,128.10711869977752,19812900
2020-03-16,135.47122192382812,137.32256843940613,130.42958162047242,132.55368646329103,30496700
2020-03-17,126.43756103515625,136.89276007643355,126.21441583089204,135.13231668581247,18570900
2020-03-18,119.30497741699219,127.39638634341088,114.89146902758846,126.32193654656942,47061000
2020-03-19,122.55303192138672,126.82602191227097,120.04874583979836,121.45378887985315,21175300
2020-03-20,131.7685089111328,131.7685089111328,125.7185529178179,126.70208709901547,20863100
2020-03-23,137.19863891601562,137.76892443294133,129.40477048164706,130.1734074052558,19971800
2020-03-24,134.64474487304688,136.74404350605127,132.57850059942461,133.2727556486367,11948600
2020-03-25,134.3388671875,137.76056554565886,133.57849117583672,135.20669188506997,10750600
2020-03-26,135.00015258789062,136.93415448425935,134.1158064672869,135.54564418266827,10576200
2020-03-27,138.60362243652344,139.0581985648003,136.03321481446747,136.8018640152539,12550000
2020-03-30,137.46310424804688,140.59552499869946,137.1490310847443,139.0995661715653,13473200
2020-03-31,136.3473358154297,137.95900391734926,136.0084687087465,136.95067564612677,11464800
2020-04-01,138.25767517089844,139.84685502892648,137.72795276141522,139.44955374963024,11334700
2020-04-02,139.13499450683594,140.06200526721395,138.43972380697804,139.739205975327,5771200
2020-04-03,139.46604919433594,140.98072649638695,139.16807968197224,139.50743630458118,6570800
2020-04-06,139.10191345214844,139.27573432660452,137.8355457211514,138.22456196579256,9434800
2020-04-07,137.64512634277344,137.74444530105782,135.50140796265217,136.53602254335618,13811400
2020-04-08,136.64361572265625,137.55408161783822,135.84903878647262,136.6601730924521,10147100
2020-04-09,136.89190673828125,137.22297831077952,135.5593228201836,135.97316860059195,14259100
2020-04-13,135.64208984375,137.15676683536742,135.64208984375,136.362177422058,8750300
2020-04-14,135.60902404785156,136.35395425969713,135.3110544890283,135.60902404785156,9019100
2020-04-15,139.20123291015625,139.54887466021958,138.00936705259517,138.05902655129637,10027800
2020-04-16,140.78213500976562,140.9725132708519,139.89651110090588,140.09514910610454,8265400
2020-04-17,138.89495849609375,141.40286363176187,138.44801048252623,140.55862709173715,8612100
2020-04-20,140.0123748779297,140.11996624453528,139.0191470526025,139.41643565681798,6462600
2020-04-21,141.77529907226562,142.4871144059918,141.35318087175233,142.3050212301847,7850700
2020-04-22,140.32687377929688,141.03041691910556,139.6399006427092,140.68278785000646,6230200
2020-04-23,141.0717315673828,141.47729229153356,140.38474615413608,140.59994138267385,5968600
2020-04-24,141.40283203125,141.40283203125,140.35167277679415,140.38477488427856,6211800
2020-04-27,138.77078247070312,140.50065495570254,138.58868930074823,140.4261657396952,9039500
2020-04-28,140.3682403564453,140.58344829361369,139.4246722699554,139.50744649649306,9905400
2020-04-29,139.63986206054688,140.92277399814623,139.01909333090634,140.31856263757632,8619600
2020-04-30,138.0093536376953,140.07029841093004,137.98452389075823,139.664737457907,11606100
2020-05-01,139.19110107421875,139.32370653006626,137.93967028028257,138.81815929485586,10209400
2020-05-04,138.5364227294922,138.967371618189,137.97285570018377,138.86792382017526,8300900
2020-05-05,137.64964294433594,137.79882729298473,136.9700618888101,137.2186940392538,7831800
2020-05-06,135.4286346435547,135.61924725389935,134.30151254792608,135.27945021018135,14721500
2020-05-07,137.6910858154297,137.88169832039,135.3705401196346,135.55286952297286,9164800
2020-05-08,135.90090942382812,137.0777544510745,135.6522773429275,136.32358775514504,8129800
2020-05-11,134.84010314941406,136.09982986564373,134.3428515888171,135.63572335070492,8713500
2020-05-12,136.22412109375,136.68822754565866,135.1964604205101,135.22132236286575,10057300
2020-05-13,137.17721557617188,137.8153556570885,136.60536558094674,136.82083997432667,13305600
2020-05-14,138.51983642578125,139.35688485457595,138.4452505812853,138.66902076072847,10080000
2020-05-15,138.16354370117188,139.63874572400857,137.84860866956794,139.4812782082066,7225600
2020-05-18,135.13021850585938,136.79603262312804,134.60809218950973,136.68828906046338,10073100
2020-05-19,135.63571166992188,135.66885671272564,134.65776218684573,134.69091987560248,8639100
2020-05-20,136.04177856445312,136.49760187337262,134.9892560508904,135.2295923523473,10927300
2020-05-21,136.38168334960938,137.04469844745967,136.15791306681814,136.6303155920484,8920000
2020-05-22,137.2020721435547,137.30980301304675,136.42303088469941,136.5141955563942,4956700
2020-05-26,135.36219787597656,135.74342271933355,135.07212504850614,135.67713264340716,8098900
2020-05-27,135.11363220214844,135.84294985511232,134.74897337566648,134.91472393880628,8047400
2020-05-28,134.61639404296875,134.7324333702836,133.97825361849613,134.2268858345311,10272600
2020-05-29,135.57777404785156,135.99215688629792,134.55011270191937,134.84846885143918,14632700
2020-06-01,134.66490173339844,134.79767766140571,134.15870458730387,134.5155383110473,13341400
2020-06-02,134.1752471923828,134.50717420781893,133.81011987808068,134.1586470429498,11517100
2020-06-03,132.39109802246094,133.04667093903836,131.89320752428154,132.922188817841,12255700
2020-06-04,130.47430419921875,131.95140213545906,130.44111653577914,131.87672039605926,14038600
2020-06-05,129.54483032226562,129.58632437665185,127.09683305996919,128.30008466392428,17778500
2020-06-08,130.0427703857422,130.1589461735171,128.66524842911733,128.68184858800265,10346700
2020-06-09,131.51983642578125,132.4741364063109,131.36216660971624,131.9845394654203,9095300
2020-06-10,133.469970703125,133.51975852064612,131.9845792774933,132.14224914111813,13135500
2020-06-11,135.9926300048828,136.28306309027374,134.95534185232472,135.46983272408667,17086400
2020-06-12,134.68153381347656,135.81010414462438,134.4740761251201,134.7728157028419,9716100
2020-06-15,134.75619506835938,136.27478663586928,134.54873741152267,136.00094100937957,7759800
2020-06-16,132.68994140625,133.79361790261746,131.69414696705186,132.28333241331316,13698900
2020-06-17,133.2376251220703,133.41189515346554,132.2252305794434,132.9969797724615,7113900
2020-06-18,134.64833068847656,134.8308944634054,134.10894577486724,134.4657669135477,7691400
2020-06-19,134.75619506835938,134.84747694385595,133.52804928530503,133.60273100283572,8565500
2020-06-22,134.77273559570312,135.610859600097,134.49059634616913,135.42000218567165,9319700
2020-06-23,133.85174560546875,134.48241262013653,133.7023694380217,134.00110911069936,9088600
2020-06-24,135.28724670410156,135.33703450126708,134.03420738067803,134.04250112613667,11436500
2020-06-25,135.67730712890625,136.38266822473582,135.59431900155792,136.2664924437744,10968000
2020-06-26,137.12950134277344,137.1875955603859,136.2415765572773,136.2996707748898,12119300
2020-06-29,136.69796752929688,137.14608306656288,136.40753446689874,136.79755579436036,7274400
2020-06-30,136.0341339111328,137.16270411435175,135.66071264686272,137.11291630074388,14841700
2020-07-01,135.76995849609375,135.8862705235997,134.71483409703688,135.26316765973354,13181000
2020-07-02,135.9112091064453,136.03583729965183,134.78963142995678,135.17179413084207,7599800
2020-07-06,135.3545379638672,135.43762340510864,134.38249915122282,134.86436682089462,7972700
2020-07-07,137.2571563720703,137.36515228894132,135.58723195164703,135.77000987504724,12791900
2020-07-08,136.70872497558594,137.01611822857777,136.11054541291386,136.517643711055,7253900
2020-07-09,138.88546752929688,139.11809157545483,136.75030838911994,136.80015458800239,13373100
2020-07-10,138.1875762939453,139.7494912540649,138.04634119094314,139.53347418601382,8478000
2020-07-13,138.64450073242188,138.7109665377893,137.2736672661989,137.49798777468197,8054000
2020-07-14,138.8438720703125,139.6912951606341,138.7275600914099,139.51682085375276,11344600
2020-07-15,138.19586181640625,138.70265249761337,137.77215656243558,137.8469258407146,7840300
2020-07-16,138.8522186279297,139.38393245894116,138.7774366645714,139.07652648683145,9107400
2020-07-17,138.5614776611328,139.0765720382102,138.30393047259412,138.9685761483125,8549900
2020-07-20,138.90213012695312,139.25936978083695,138.57811705691705,139.16798082892606,6907200
2020-07-21,138.985107421875,139.3423595073377,138.81064579169376,138.99342356992025,8454400
2020-07-22,139.40049743652344,139.95714687244092,139.31742470244083,139.79097605016793,6592100
2020-07-23,141.0288543701172,141.1368628513282,139.97373067297244,140.3392861382542,10471800
2020-07-24,141.02064514160156,141.17018374439405,140.29783719692384,140.4141492247825,7520700
2020-07-27,140.4972686767578,141.4859274913331,140.39757625077152,141.44438475481766,6146400
2020-07-28,141.46922302246094,141.51906920556144,140.76303495638888,140.85442385109167,8520700
2020-07-29,141.2283477783203,141.5606642398559,140.38922779579332,141.27819397984462,6733700
2020-07-30,142.15882873535156,142.28344422577067,141.8597388812867,142.10898253918393,9376100
2020-07-31,142.06747436523438,142.44964975722363,141.1868242132886,141.36128594230163,8886000
2020-08-03,141.3521728515625,141.38544907903463,140.53708295476727,140.76165307113615,9066200
2020-08-04,142.6995391845703,142.70785189342956,141.99256550561873,142.08405606770472,9878900
2020-08-05,141.45201110839844,141.85954977536448,141.13595035347433,141.4436857046388,6954100
2020-08-06,142.24209594726562,143.265117616781,141.90939720312608,142.5415184714115,9481800
2020-08-07,141.29396057128906,142.64135590702307,141.04443962622213,142.45837472671815,8176900
2020-08-10,140.66175842285156,141.60161461036313,140.62018219850395,141.5766637992925,6408500
2020-08-11,138.9900360107422,139.30609664238278,137.9670143493257,139.03993764917823,19234200
2020-08-12,137.72576904296875,138.12500742513657,137.22674010199282,137.81725958582106,11744800
2020-08-13,136.25367736816406,137.71751397531037,135.7130465918896,137.49294387774523,12744700
2020-08-14,135.72128295898438,136.52805962312593,135.7046575471545,136.24527532816916,6398100
2020-08-17,136.06240844726562,136.78602058602368,135.92932889402684,136.37846921341662,6901500
2020-08-18,137.03546142578125,137.12695198719916,136.47820534847517,136.7027753976207,8140600
2020-08-19,136.1787567138672,137.74240866670448,135.82111993678328,137.54278947342013,12497700
2020-08-20,137.4097900390625,137.77573970268074,137.17689452052397,137.55949498902055,10319900
2020-08-21,138.2332000732422,138.341328781463,137.24344165813352,137.87556310168551,6836000
2020-08-24,138.00860595703125,138.8736100901208,137.95039160275908,138.33299202531038,6490600
2020-08-25,136.95236206054688,137.3099990780816,136.26202616385407,136.69452836117725,10518300
2020-08-26,136.4283447265625,136.6778656682733,135.80454871786657,136.44498284031982,8276600
2020-08-27,134.10777282714844,137.08535938087883,134.04123309123102,137.03544506057304,19860100
2020-08-28,134.00796508789062,134.7814784605587,133.6087393390839,134.5485957161583,8415400
2020-08-31,134.89794921875,135.77957875619845,134.37395658412441,134.40723280694914,11388100
2020-09-01,136.44091796875,136.6157837609684,134.20936211988953,134.69231086856456,10587000
2020-09-02,137.7398223876953,137.85639530075306,136.13278060729243,136.1494248052331,15167700
2020-09-03,138.13113403320312,139.2552396135061,137.7564364082657,138.01456115643393,16416600
2020-09-04,135.50828552246094,137.14030637014037,135.26680488228192,136.89883843545647,13780300
2020-09-08,136.34095764160156,137.60660287658592,136.34095764160156,136.8655294368994,13790400
2020-09-09,135.9745635986328,136.76559493998755,135.5249161714248,136.50747012701333,9558900
2020-09-10,136.6656951904297,136.8488830224876,134.85047377426372,135.27514225107765,8847700
2020-09-11,136.95709228515625,137.03204198647808,136.6240305000316,136.81554039120363,5458200
2020-09-14,136.94879150390625,137.45671906385192,136.74894677842946,137.21523843238063,4274900
2020-09-15,136.61573791503906,136.94879977211414,136.382579368492,136.69899702656014,6928500
2020-09-16,136.2077178955078,137.29851002111877,135.70811243537557,137.2069161102777,8815200
2020-09-17,136.62403869628906,137.35678991411325,136.39089289161655,137.3068192084033,7813900
2020-09-18,136.19944763183594,136.75733340819235,136.00792493278115,136.6990405766106,7246300
2020-09-21,136.89051818847656,137.72318560496487,136.67402923416833,137.29852979653455,11086900
2020-09-22,136.7823486328125,137.29027651971356,136.44927387594953,136.9239006399157,10524100
2020-09-23,136.96548461914062,136.99878572944377,136.12448229438453,136.80727575783015,6224800
2020-09-24,137.49005126953125,137.49005126953125,137.073717526389,137.35683412790385,8278100
2020-09-25,137.49005126953125,137.7398540565161,137.14866725633274,137.48172916864752,5140300
2020-09-28,137.0986785888672,137.3068454331901,136.8655327396652,137.28186642831102,4470100
2020-09-29,137.25694274902344,137.59001745749353,137.02379680584488,137.22364163092692,10297600
2020-09-30,135.94126892089844,136.55744734264246,135.3500822090658,136.55744734264246,12971000
2020-10-01,136.16549682617188,136.48224237876252,135.11525333094326,135.45699105390176,11523900
2020-10-02,135.65708923339844,136.42393576918448,135.1819707421835,136.37392597403894,8828800
2020-10-05,133.00645446777344,134.15671779213827,132.96477540327757,134.15671779213827,14726000
2020-10-06,133.72320556640625,134.54007408579176,132.26452813434938,132.80633024030806,22419400
2020-10-07,132.748046875,133.71494519111326,132.4146398025921,132.99810853863818,9429200
2020-10-08,133.46481323242188,133.5731761972794,133.08139657296232,133.33978882578458,8431500
2020-10-09,133.43984985351562,133.58989190680424,132.37293218951896,132.9647442418689,8441500
2020-10-12,133.86497497558594,133.9316462090093,133.45654053855344,133.72326362823702,3962000
2020-10-13,134.823486328125,134.89017025873042,134.34836809205862,134.37338569486252,7914300
2020-10-14,135.1319122314453,135.65704032849504,135.00688778865324,135.30695917001574,6954800
2020-10-15,134.89857482910156,136.02384610626243,134.73187127065788,135.89880889842996,9458800
2020-10-16,134.52349853515625,135.29868858098928,134.28178026543802,134.74855535087127,8416300
2020-10-19,134.0150146484375,134.18171818215944,133.40654102695342,133.78162715749392,9286600
2020-10-20,132.73968505859375,133.37316343525725,132.48962345352658,133.24813899205444,11189000
2020-10-21,132.28131103515625,132.8397750419838,132.006244395614,132.35632574084914,10453700
2020-10-22,130.90589904785156,132.22287807473703,130.8392151165164,131.9394681868978,12664900
2020-10-23,131.70611572265625,131.87283195454665,130.65587214252585,130.70588192462785,8783800
2020-10-26,132.9313507080078,133.38146399615317,132.53959062037137,132.7063067825926,7227300
2020-10-27,133.8232421875,133.94826659830244,133.28144006382016,133.55650648624376,6062300
2020-10-28,133.94834899902344,134.58184031988134,133.53158374842369,134.51515635354545,11765800
2020-10-29,132.6479949951172,134.0566630625369,132.08953128956324,133.9733049554017,11932400
2020-10-30,131.3394012451172,132.82308445272696,131.3394012451172,132.5563485994344,13095400
2020-11-02,132.3231201171875,132.8321198845169,132.1145138638937,132.42324704442763,10810500
2020-11-03,131.5554962158203,131.82250569174894,131.0381438704191,131.71403906042778,16228700
2020-11-04,134.40916442871094,135.31868451401547,133.95856785258573,134.8764403355715,21570800
2020-11-05,134.64279174804688,134.95987725936462,133.99194139599336,134.8764296830244,18537500
2020-11-06,133.0157470703125,133.4412994118853,132.62356614026058,133.19096926235764,12408400
2020-11-09,130.2204132080078,130.29550843093915,129.02719111369922,130.1453179850765,23245000
2020-11-10,129.4694366455078,130.0118080145116,129.1523509472668,129.30255412676203,12561000
2020-11-11,129.9366912841797,130.12026584411132,129.31087239322673,129.35259619908717,5888200
2020-11-12,132.1479034423828,132.1729351776366,130.76276740651235,130.95468162089685,15999700
2020-11-13,131.97267150878906,132.25637297550432,131.76406524226618,132.13955397554415,7344600
2020-11-16,131.65562438964844,132.07283704463714,131.51377361483065,131.6139005776856,6310400
2020-11-17,132.51502990722656,132.8070837450712,132.33145539183533,132.48165851002582,7444600
2020-11-18,132.89891052246094,133.14924063900833,132.13124083541595,133.04076128429676,10333300
2020-11-19,133.58311462402344,134.1088065248266,133.37450834368147,133.4829876838007,10637200
2020-11-20,134.7680206298828,134.79305236937049,133.8334684028248,133.95028743120704,7246800
2020-11-23,134.1505126953125,134.33408721647072,133.74163985594828,134.19223649236034,11300000
2020-11-24,132.8154754638672,133.5247420724261,132.6819643581093,133.4997103316365,10891700
2020-11-25,132.4065399169922,133.43289173371025,132.35647645906718,132.88216823190746,9145800
2020-11-27,133.691650390625,133.73337421076693,133.15761859684648,133.18265034246716,4708200
2020-11-30,133.5247344970703,133.9502867986706,133.30777577944266,133.5330741660871,13071600
2020-12-01,131.55599975585938,132.59174681843686,130.87106716319445,132.4330423032924,13662800
2020-12-02,130.51185607910156,131.07983755901455,129.8686900836602,131.038083961308,12114300
2020-12-03,131.56434631347656,131.82329263491778,130.78754558506202,131.08824551919415,9626500
2020-12-04,129.63485717773438,130.1276670521015,129.2756945475253,130.04414708347974,12734500
2020-12-07,130.80421447753906,131.0380907160648,130.45338737445135,130.5953954970483,9316100
2020-12-08,131.42230224609375,132.0320628074335,131.3053641341776,131.61442487269036,7397200
2020-12-09,130.98794555664062,131.40558341991985,130.31136151207951,130.76241754178693,7750100
2020-12-10,132.14903259277344,132.21584346248304,130.9963475381119,131.33881378555503,10025100
2020-12-11,132.61669921875,133.13456596788762,132.2408277800116,132.51645748853815,8135900
2020-12-14,132.249267578125,132.54996748651934,131.23022970774988,131.5476387069722,7535900
2020-12-15,131.80654907226562,132.29935882992532,131.39725926344843,131.78983998437727,6847500
2020-12-16,131.4556884765625,131.88167447818515,130.62876097839418,130.7874653942816,9954200
2020-12-17,131.10791015625,132.4959178523917,130.79852695353154,132.21998768928427,9422700
2020-12-18,130.71487426757812,131.59283125141687,130.58944455069152,131.3754248455835,6505000
2020-12-21,131.23330688476562,131.55940379831625,130.81523326438816,131.44234369495436,8988200
2020-12-22,131.91061401367188,131.96915045792073,131.3420398851832,131.743387079328,7370800
2020-12-23,130.9991912841797,131.01591780198936,129.98746023210504,130.95738136895298,9266600
2020-12-24,131.51759338378906,131.63465348670525,131.14969931647698,131.19149647148006,3117100
2020-12-28,131.576171875,131.65142208837372,130.52263061197272,130.75675089264544,7791100
2020-12-29,131.4088592529297,131.51754968185307,130.73993913342917,130.76502252153384,9030900
2020-12-30,131.6931915283203,131.7182749250667,131.00754466099988,131.12461752394242,9097300
2020-12-31,131.88558959960938,132.17824643455506,131.651469235094,131.6598388786429,7742100
2021-01-04,131.72659301757812,132.26172658825564,130.8904460159826,130.99914920893906,13152900
2021-01-05,130.74832153320312,131.2332883955462,130.15466422071927,131.2332883955462,10458100
2021-01-06,128.06427001953125,128.64121345683574,127.33681349664779,128.61613006900424,22827300
2021-01-07,126.93550872802734,127.23652224065675,126.47562520059431,126.91878221104955,14651900
2021-01-08,126.5257797241211,127.06091333421092,125.97391960036204,126.6595535576998,13622500
2021-01-11,126.31682586669922,126.43388602203311,125.83185872071591,126.25828940973224,8370700
2021-01-12,126.21644592285156,126.3920424884702,125.36357201295486,126.08265927843705,12186300
2021-01-13,127.63787078857422,127.98906385612835,126.7348429990172,126.81009318838123,12533300
2021-01-14,126.44214630126953,127.62947347211957,126.08259646834568,127.57930669510469,14835500
2021-01-15,126.94389343261719,127.39540737585382,126.65123676444455,127.2532638611572,11624700
2021-01-19,127.35358428955078,127.39539420333745,126.68466394474713,126.77664065164007,9575600
2021-01-20,127.47907257080078,127.4957863371151,126.91884243426496,127.08608216621012,5368900
2021-01-21,126.58440399169922,126.88541768402847,126.3419267644404,126.62621392980641,8162700
2021-01-22,126.9940185546875,127.10270899578859,126.60938529633854,126.96893516377251,9507200
2021-01-25,128.49073791503906,128.50746443134403,127.62950732494076,127.7298409055833,8712600
2021-01-26,128.248291015625,128.43224446247802,127.86365760167868,128.01417076664782,7690300
2021-01-27,128.57443237304688,129.1848166072619,128.37375233667706,128.82527922885885,7895200
2021-01-28,127.86363983154297,128.31516650510179,127.22817249529136,128.26498695135479,10667800
2021-01-29,127.09436798095703,127.50408468135758,126.50906752223703,126.60940109841957,14965900
2021-02-01,127.24176025390625,127.54312282860108,126.81483526200081,126.95714359263596,8165500
2021-02-02,126.42137908935547,126.47997062151414,126.0028207013512,126.18698741394414,9177500
2021-02-03,125.29960632324219,126.06138549343494,125.21590232742956,125.92744377207202,9633100
2021-02-04,124.9647216796875,125.14052172499751,124.56290942761186,124.86427181001388,8262600
2021-02-05,123.91835021972656,125.207516738572,123.90998365343201,124.814070975206,10258900
2021-02-08,124.4624252319336,124.94795414024775,123.92667139747986,124.14432977525664,11574800
2021-02-09,124.55455780029297,125.29122440414197,124.44574134173094,124.91452453567702,5218300
2021-02-10,125.38327026367188,125.38327026367188,124.84751637733945,124.96471214080654,8079800
2021-02-11,124.69686126708984,125.3916566201416,124.52106120744997,125.29957330764114,11962700
2021-02-12,123.14820861816406,123.96021264366482,123.08123776547097,123.6421042867186,14088400
2021-02-16,121.27305603027344,121.93438517890222,121.09726872885904,121.56605189714189,17789100
2021-02-17,122.04324340820312,122.53715199057008,121.36518089530149,122.17718515167171,11199100
2021-02-18,121.54928588867188,121.88414007733792,120.812632220369,121.05539033044332,10755300
2021-02-19,119.93370056152344,120.8126755586814,119.58211311733741,120.595017064624,12741700
2021-02-22,119.02124786376953,120.32716066284935,118.6361813297255,119.73280217762401,13203900
2021-02-23,118.67803192138672,119.28912350384063,118.15064434051764,118.46875275734489,12658500
2021-02-24,117.89948272705078,118.18409926644793,116.49313316293512,116.65218733888761,17363100
2021-02-25,115.97412109375,117.12934601900834,114.3584922851877,116.7945045087173,52621700
2021-02-26,119.80812072753906,119.95880835395532,116.92843765135139,117.84090443045159,45423300
2021-03-01,118.22571563720703,118.51906401932605,117.41273470376447,117.89047130514375,22048000
2021-03-02,118.23410034179688,118.2843857107253,117.58035217947413,117.6725462854266,12482200
2021-03-03,116.95178985595703,117.46304588739136,116.29805431264812,116.8176997669161,19763700
2021-03-04,116.19745635986328,117.2870196066848,115.62753844571895,117.02720333472186,22366600
2021-03-05,116.42378234863281,116.78416945090684,115.65270997257149,115.80356612084773,20598000
2021-03-08,115.51860809326172,116.4153939339873,115.51860809326172,116.35673191651217,15236600
2021-03-09,117.11940002441406,117.1864514491003,116.47404125196667,116.72548089735216,14463400
2021-03-10,117.35413360595703,117.46308103660667,116.73391720212852,117.16974529100148,12387600
2021-03-11,116.50757598876953,116.81769046757849,116.04661816476896,116.64167885588944,14150700
2021-03-12,114.03511810302734,114.37037528428854,113.6914842880173,114.320077115534,20402700
2021-03-15,114.70560455322266,114.89836941406126,114.32845146418985,114.39550289160157,11366500
2021-03-16,114.24462890625,114.92350699409336,113.77528172397565,114.83970230511669,15567900
2021-03-17,113.3897476196289,113.59090190780779,112.43428713109611,113.27241081537935,27107500
2021-03-18,112.24152374267578,112.70249433285261,111.62969702594255,111.73026777698016,21615100
2021-03-19,112.93719482421875,113.0042462704534,112.14097968191048,112.37565334935385,18685000
2021-03-22,114.20276641845703,114.32849268596736,113.45683660408667,113.72504241043664,17047500
2021-03-23,115.2336654663086,115.27556143243136,114.11056966382542,114.47934624475215,16768400
2021-03-24,115.8538589477539,115.89576769899719,114.78106141745337,114.87325555468648,13863000
2021-03-25,114.94029235839844,116.21424405914391,114.89838361249328,115.987947062259,20782000
2021-03-26,114.5379867553711,115.02410003111551,114.16921028489239,114.33683246545017,8433300
2021-03-29,113.5657730102539,114.6972452369278,113.12156842674585,114.68047918035559,13968100
2021-03-30,114.16087341308594,114.41230037711595,113.15511440193755,113.39817751884267,15020800
2021-03-31,113.52384948730469,114.47930996749592,113.12993033603044,114.26977904825439,19271300
2021-04-01,115.40802001953125,115.50034023732445,114.39251043005063,114.60232794264931,14885900
2021-04-05,114.90445709228516,114.95481124254938,114.09036417969698,114.60231938445611,8243000
2021-04-06,115.68499755859375,115.80249487054944,114.98840177833983,115.11429998802227,9282400
2021-04-07,114.8792953491211,115.90320589529205,114.8792953491211,115.35767264671992,11052700
2021-04-08,115.82764434814453,115.87801130376239,115.28212398826417,115.30730106295135,7847900
2021-04-09,115.40802001953125,115.97873031304688,115.05552813511481,115.39963192927537,8717800
2021-04-12,115.35767364501953,115.42481679032848,115.0639367913191,115.36607454208661,7659000
2021-04-13,116.22216033935547,116.24733742662434,115.14789526171698,115.2318274234465,13232800
2021-04-14,115.8528060913086,116.02067030866664,115.45836103799421,115.8444180029374,7293200
2021-04-15,117.79161834716797,118.32035004740682,117.044668123615,117.06984521380488,23896700
2021-04-16,116.87675476074219,117.27121274994361,116.59979407856378,116.74248127146302,15238400
2021-04-19,116.54106140136719,116.91873043308986,116.28088968631928,116.4403530745737,13886800
2021-04-20,117.07819366455078,117.29639930772682,116.18016839768791,116.19695738754669,11476500
2021-04-21,117.31317138671875,117.42228059570203,116.71729679822204,117.11174195619081,11902200
2021-04-22,117.82511901855469,117.82511901855469,116.82638563369366,117.49780421905139,14156400
2021-04-23,117.54821014404297,117.89231408145235,117.06983267541895,117.81678281897224,12302200
2021-04-26,117.38031768798828,117.92583813508989,117.3719295971659,117.62370038429248,9103500
2021-04-27,116.35638427734375,117.34672946841152,116.26406407144965,117.1536881612056,14137300
2021-04-28,116.43196868896484,116.56625501456546,115.78573975872857,116.36482552616455,15263700
2021-04-29,116.08784484863281,116.12141001744234,115.08911139379967,115.35767116301167,17178200
2021-04-30,116.35638427734375,116.43191549864537,115.80246304197921,116.24727508685719,15692000
2021-05-03,116.42619323730469,117.37595057389797,116.22446839566975,116.57747724976103,16447700
2021-05-04,117.21627044677734,117.80461855840063,116.96411759178822,117.24148444977355,18639700
2021-05-05,117.40959930419922,117.54408255659479,116.76240987394574,116.85486550683909,11127900
2021-05-06,117.60282897949219,117.82976770657548,116.9976675906167,117.03969518082026,21907600
2021-05-07,117.02295684814453,118.17445200026069,116.75400318288833,117.75420147796251,18346900
2021-05-10,115.83782958984375,117.03973961080457,115.72856037883831,116.78758679888227,15146200
2021-05-11,115.18223571777344,115.55205815943565,114.95530971268357,115.34193293803901,15158600
2021-05-12,113.97191619873047,114.98051461663457,113.77019138513977,114.87124540614485,20859400
2021-05-13,114.14839172363281,114.61907003768741,113.99710776198191,114.24924769806674,13073900
2021-05-14,115.21585845947266,115.21585845947266,114.49302721294667,114.7535804253528,17566700
2021-05-17,114.97209930419922,115.2914937136383,114.78720092639313,115.00572651836359,6113800
2021-05-18,114.67794799804688,114.78721722205665,114.36696676051297,114.64432077910865,11423100
2021-05-19,114.40056610107422,115.40076411994178,113.98871608594506,114.7619752944333,14296000
2021-05-20,115.34195709228516,115.5604955763192,114.871278549794,114.94692056733113,13310500
2021-05-21,115.71175384521484,115.73696784544602,115.19904779880514,115.70335345347964,10171600
2021-05-24,116.14041900634766,116.47662709262855,115.89667936569275,115.98073459351976,6868700
2021-05-25,117.21627044677734,117.24988484242998,116.51023988780244,116.51865310548581,12346900
2021-05-26,117.01449584960938,117.59444332201426,116.7287287204602,117.32547697103514,9793700
2021-05-27,116.54383087158203,116.56904486673847,115.98069693804983,116.40934768073234,10695200
2021-05-28,116.35896301269531,117.08179440135515,116.27490778086343,116.4766326422433,10258000
2021-06-01,116.33283233642578,116.37490759332336,115.52478447692916,116.00456570301763,11778500
2021-06-02,116.60218811035156,116.82102827970753,116.42543604681047,116.61902592137484,7347900
2021-06-03,116.16448211669922,116.58533744145959,116.02981817382471,116.58533744145959,10994000
2021-06-04,117.75529479980469,117.75529479980469,116.59374303363528,116.59374303363528,15773700
2021-06-07,117.39342498779297,117.5954402356012,117.26717348509383,117.49442618995229,7799800
2021-06-08,118.21829223632812,118.39505717481859,118.01628984204068,118.39505717481859,11230900
2021-06-09,119.26200103759766,119.6491807993843,118.89164624389767,119.32091411287514,12768300
2021-06-10,119.97743225097656,119.99427006041222,118.41184990408206,118.53811420962133,19698300
2021-06-11,119.78385925292969,119.85961014082308,119.38825415817007,119.78385925292969,8646700
2021-06-14,118.86640930175781,119.60711897236926,118.68964436909333,119.60711897236926,9401300
2021-06-15,118.72332000732422,118.75698279076951,118.24353864968108,118.51289229119762,18207300
2021-06-16,118.62229919433594,119.24516982214833,118.01627922251649,119.01790430553616,19676300
2021-06-17,120.39828491210938,121.98911751613093,119.21989514745827,119.40507251668704,35225800
2021-06-18,122.6624755859375,122.92340380303428,121.30732107862646,121.44199784986473,26616900
2021-06-21,120.60873413085938,121.61879735936833,120.38148146358357,121.53462114249676,16485000
2021-06-22,120.90331268310547,120.93697545669977,119.62390894728057,119.66599704688704,14530200
2021-06-23,120.59181213378906,120.7854018646459,120.12045652293216,120.45713543255077,12040900
2021-06-24,120.78546905517578,121.1221481520822,120.64237979681633,120.71813066709764,8788400
2021-06-25,119.53136444091797,120.70134211885333,118.99266995992953,120.58350310249615,15562200
2021-06-28,120.76024627685547,121.03801237465227,120.11212538199626,120.12896319372288,11460700
2021-06-29,120.96223449707031,120.97064697931296,120.39827709970439,120.4487905236133,11217900
2021-06-30,121.50093841552734,121.98911929407988,121.26526045916219,121.41676221247464,15708900
2021-07-01,121.50768280029297,121.62567545927672,120.96828595061932,121.34754715019315,10810000
2021-07-02,122.2409439086914,122.2409439086914,121.45713814629457,121.55827105492962,9650200
2021-07-06,123.67369079589844,123.88439286446567,122.81402275527876,122.81402275527876,20037200
2021-07-07,124.76942443847656,125.20768866924492,124.07832782480654,124.37331608518285,20964400
2021-07-08,125.25821685791016,125.94932612057079,124.87895553924389,125.4773553364315,17487800
2021-07-09,123.49668884277344,123.88438628685523,123.46298217209514,123.78324055435438,14483600
2021-07-12,123.3365707397461,124.08666965615069,123.1932948636053,123.968677001668,10610400
2021-07-13,122.39261627197266,124.28051139982956,121.90378593903917,123.74111462904665,23340200
2021-07-14,123.7832260131836,123.82536899175555,122.88985145247676,123.05841050653308,16038600
2021-07-15,125.14862060546875,125.24133004140376,123.91811471580728,124.69349687988407,18462400
2021-07-16,124.91259765625,125.02215396735977,124.16249894066131,124.17934584376657,12787900
2021-07-19,127.65171813964844,128.06468587051472,126.94374957487766,127.2218777859964,40203900
2021-07-20,126.42121124267578,128.70522678429492,126.21893267500447,128.5535146434838,25674800
2021-07-21,124.81990814208984,125.1570263011646,123.61468564594244,124.88732148571806,19988900
2021-07-22,125.99987030029297,126.26113887672253,124.78622400698666,124.82836700388367,18136900
2021-07-23,125.15703582763672,125.29188824562443,124.64292223676364,124.68506522491411,12639300
2021-07-26,124.7862548828125,125.62906358834033,124.63455548873281,125.57849712364711,10737700
2021-07-27,126.1178970336914,126.16004004196917,125.57007650680215,125.85662838670605,13036500
2021-07-28,126.12633514404297,126.14319492136087,124.9632677139482,125.30038609885409,14346700
2021-07-29,125.42675018310547,125.76386839342655,125.18232854942259,125.39303064593213,11532000
2021-07-30,126.01667022705078,126.18522927435475,125.62897284404377,125.6879755837272,14342100
2021-08-02,127.14066314697266,127.61320885498057,125.88334391424065,126.11118305056763,21232700
2021-08-03,127.2082290649414,127.61326658705737,126.90444770437676,127.2082290649414,13361900
2021-08-04,127.46977233886719,128.11109547778725,126.33903600306407,127.84106197173539,18267900
2021-08-05,126.82003021240234,127.35165069175207,126.57532358553638,127.21663392304298,15345400
2021-08-06,124.7020492553711,125.52900470600783,124.62610712617132,125.1577277823938,21144300
2021-08-09,124.25479125976562,125.36021382814504,124.23791094262513,125.01423814426633,12942400
2021-08-10,123.68099212646484,124.52482774047881,123.67254552974254,124.45731934624854,13716900
2021-08-11,123.60499572753906,124.23787222603438,122.95525179306902,123.54593394981693,17227600
2021-08-12,123.40251159667969,123.57127612620448,122.71899400685565,123.2759285426049,14709400
2021-08-13,125.35174560546875,125.360179323763,123.8834674402019,123.90034775269622,18653800
2021-08-16,125.65557861328125,126.59223676602234,125.57118989195243,125.89185158190863,19170900
2021-08-17,125.60492706298828,126.12810098492677,125.45302996815889,125.63024109947507,14126900
2021-08-18,126.02681732177734,126.12807344561581,125.26735776527116,125.48676320146235,13144000
2021-08-19,126.95504760742188,126.9634942029502,126.41499340582897,126.83691115319554,15474300
2021-08-20,127.03941345214844,127.25880600598228,126.6681238411177,127.07316120046691,12388400
2021-08-23,126.95504760742188,126.9972419573401,126.50781582528593,126.74408873373858,10615000
2021-08-24,125.96776580810547,126.63440308159748,125.96776580810547,126.37280325377778,13835900
2021-08-25,124.92147827148438,126.04378171902646,124.53332091423871,125.90877774202384,16743800
2021-08-26,125.26737213134766,125.36864114270588,124.47416473456296,124.86233471363686,16657400
2021-08-27,126.11968231201172,126.1449963515187,125.16614390421428,125.36866909618044,15384700
2021-08-30,126.44878387451172,126.49096535847578,125.67244370536372,125.72308466276013,10596300
2021-08-31,125.58802032470703,126.65124826118961,125.30955310602936,126.29683894902875,15262400
2021-09-01,125.79845428466797,126.2209086294875,125.46049596572574,126.11952371226153,10807100
2021-09-02,126.34761810302734,126.35607543953444,125.6801460253118,126.09415585343996,9765900
2021-09-03,125.1985855102539,125.47740697405463,124.99581564006121,125.27463710386192,12928000
2021-09-07,124.14241027832031,124.64091613386474,123.914294246355,124.42123165411516,15547800
2021-09-08,124.98736572265625,125.20705028479139,124.531120595344,124.75924960514338,14533700
2021-09-09,126.49967956542969,126.64331243827874,124.91970507181189,125.19006904062235,20324600
2021-09-10,125.38440704345703,126.0349901505614,125.18163726939412,125.80686126246097,14894600
2021-09-13,126.14484405517578,126.30537873602897,125.84912091757455,125.92515958989001,15036100
2021-09-14,127.6740493774414,128.06271273303014,126.38134115888296,126.50807220294827,19918400
2021-09-15,127.22631072998047,127.79239782118925,126.67711252463754,127.75860715717828,11940300
2021-09-16,126.64339447021484,127.11654139131785,126.31388051499762,126.45751348088342,13328900
2021-09-17,126.03501892089844,126.19555362353034,125.63791083300349,126.04346336598549,13782900
2021-09-20,127.59809875488281,127.89380902574305,126.93061374971568,127.2178924681871,14660400
2021-09-21,127.48818969726562,127.54733945580695,126.90520101347343,127.33611241920254,10035800
2021-09-22,128.24864196777344,128.24864196777344,127.10802334887187,127.40373355720374,22277800
2021-09-23,125.35062408447266,127.11647973431803,125.33372230483518,127.09113351100201,23853300
2021-09-24,124.1255111694336,124.9197272243758,123.9818782711135,124.91126988829305,20203900
2021-09-27,123.66921997070312,124.09167410780852,123.25522316739722,123.40730046846213,13464300
2021-09-28,121.7428970336914,122.5709168798482,121.36269067983146,121.94567977214936,26613500
2021-09-29,121.95409393310547,122.87504113520097,121.40490854638678,122.34275752889421,23569400
2021-09-30,121.93722534179688,122.09774715944619,121.37112518815611,121.75134440316803,22567600
2021-10-01,122.9633560180664,123.0056447454504,121.99047002394256,122.54036547505089,26151800
2021-10-04,122.65035247802734,123.05643275393734,121.90589778949007,122.388100367741,28027600
2021-10-05,121.46598052978516,122.41347532963776,121.36446691798623,122.32888495602148,22659200
2021-10-06,122.15120697021484,122.43038227415629,121.84665326670115,122.01584690006503,18696500
2021-10-07,120.87380981445312,121.2629539756882,120.62846801360278,121.1360619467311,14856000
2021-10-08,120.02781677246094,120.42542896910544,119.73171818903676,120.34928085054152,17257800
2021-10-11,119.72325134277344,120.04471538948883,119.66402646840768,119.79093138119968,7213400
2021-10-12,121.7705078125,121.82971977029948,120.53536986653783,120.66227476235792,17968700
2021-10-13,122.95488739013672,123.11562586113986,122.31194641477099,122.3373248145455,23584600
2021-10-14,123.41173553466797,123.47941557638678,122.62496634475374,122.9802768822915,12946400
2021-10-15,122.6926498413086,122.78570828771134,122.2189024445849,122.66727143853042,11811500
2021-10-18,123.26791381835938,123.51324266164958,122.26119422717194,122.66726154752871,12115900
2021-10-19,121.56746673583984,122.43882613040704,121.5251651042438,122.37961417308904,12156300
2021-10-20,120.74685668945312,121.55053600563406,120.56073984882451,121.1867703953612,12782500
2021-10-21,120.6030502319336,121.1021759277378,120.32387495072639,120.97528394020986,13660000
2021-10-22,121.9312744140625,122.15968004369925,121.15297325956443,121.35600048590821,13740000
2021-10-25,121.7451171875,122.07504922966216,121.50824356280125,121.54207711976775,8137900
2021-10-26,122.75191497802734,122.75191497802734,121.60137967637586,122.34583458310142,13671000
2021-10-27,124.98529052734375,125.35751148174369,123.45405342549273,123.85166569660169,22092300
2021-10-28,124.56224822998047,125.48436443036601,124.22384808168825,125.02752745733295,17497600
2021-10-29,124.94300842285156,125.20526061957564,123.78401791139882,123.91090997153849,19087300
2021-11-01,124.04337310791016,124.31442537847774,123.41654453675399,123.50125564167506,18035500
2021-11-02,124.59400177001953,125.00059971120656,124.09423967471983,124.09423967471983,9836700
2021-11-03,123.30647277832031,125.34787660121236,123.27258315609667,125.2123568876293,20639400
2021-11-04,124.60244750976562,124.82267830885922,123.5436232206789,123.56055510323144,15922400
2021-11-05,126.46598052978516,126.70315614563994,125.47492250815587,125.80527518203229,21513000
2021-11-08,126.22881317138672,126.44904399334386,125.79680454452509,126.17799166825066,12083800
2021-11-09,127.8720932006836,128.5582092492947,127.6010279875973,127.73656059414044,23430200
2021-11-10,125.5342025756836,127.84667115698409,124.54314461226909,127.76197297064066,28170600
2021-11-11,125.34782409667969,125.9238311072746,125.27159186626369,125.79676446481619,5552500
2021-11-12,124.79729461669922,125.79681875825108,124.31446443214675,125.36482300768097,12712000
2021-11-15,123.23017883300781,124.48383585717767,123.00994807610707,124.42453550430129,15232700
2021-11-16,122.91681671142578,123.99258600178626,122.69658587269438,123.40811282099905,12998700
2021-11-17,123.89090728759766,123.91631803642984,122.3662106572619,122.45938771134696,14239900
2021-11-18,124.35676574707031,124.43299797713142,123.6282942790346,123.66218388690511,11054600
2021-11-19,125.66979217529297,125.8730911798951,125.0090865667195,125.0090865667195,14022100
2021-11-22,124.19580078125,125.0598046800179,123.7807500953967,124.85650584351484,15266000
2021-11-23,122.40008544921875,123.76385162416909,122.40008544921875,123.61137420843939,15318500
2021-11-24,124.36528778076172,124.3652877807617,122.64574502465739,122.77281171063113,13769700
2021-11-26,127.50788116455078,127.63493493511767,125.93234978400235,126.06788242267625,20064800
2021-11-29,126.48294830322266,126.75400065979872,125.50882198792686,125.6274098173859,23234200
2021-11-30,128.40577697753906,128.81237494011063,127.27072008018035,127.76201625779203,31481100
2021-12-01,129.19781494140625,129.25718735532502,127.03518641113968,127.62885878710688,30826500
2021-12-02,129.35902404785156,129.74915071170489,127.85790277938963,129.6982544975232,17754200
2021-12-03,130.9025115966797,131.55553065599804,128.3582451939517,128.6381031103406,34427100
2021-12-06,129.1045379638672,130.90249479071312,128.85010876809775,130.6480655949437,30924200
2021-12-07,128.06141662597656,129.35899153400817,127.94268470435304,128.6720416345572,22115900
2021-12-08,125.84789276123047,127.62039519457552,125.82245113325386,127.61191896551924,33633900
2021-12-09,126.55186462402344,127.0776757585631,125.92427399122737,126.65363118146634,17544900
2021-12-10,126.24650573730469,127.41687248217343,126.20409870697591,127.14547784071625,14298700
2021-12-13,128.11227416992188,128.32429634031848,127.47620765873202,127.5440563061557,17860500
2021-12-14,127.80699920654297,128.00205603708284,126.62815611107226,127.52712830665006,14015500
2021-12-15,126.57732391357422,127.88337569919273,126.47555734194079,126.88263656928982,25383900
2021-12-16,126.62657165527344,127.254869623551,126.27846009357644,126.2954446212052,18677900
2021-12-17,128.06138610839844,128.1887376038463,127.49252783641266,127.6453496309501,18093500
2021-12-20,127.1019515991211,128.22269649193058,127.01705492733836,127.99345086287587,17147300
2021-12-21,126.6180191040039,126.67744548627131,125.33595352973279,125.77746032748527,16598200
2021-12-22,127.20387268066406,127.23782876548998,126.52463438560964,127.12744881786817,12253900
2021-12-23,126.1001205444336,127.01709036106763,125.68408398384969,127.00859162274537,11642500
2021-12-27,126.40576171875,126.51612870492218,125.93029882492218,126.04916454837912,7821800
2021-12-28,125.90482330322266,127.16990447411239,125.66709184170408,127.01708265830459,9174600
2021-12-29,124.52928161621094,125.07266925664665,124.30853484069694,124.73305683964306,11771200
2021-12-30,125.57366943359375,125.63310876389913,124.34255756765465,125.02179572122492,10355000
2021-12-31,125.81991577148438,126.53311009458685,125.17463361262718,125.49727469205577,13402300
2022-01-03,122.51715850830078,124.75863610249986,122.50017398599927,124.30864342696935,33860400
2022-01-04,122.00768280029297,122.37277864439073,121.1926073971644,121.93127191038529,21996400
2022-01-05,121.3454360961914,122.39825592027087,121.16714400957378,122.38127140308183,20911700
2022-01-06,121.6595687866211,121.78693322237878,120.81052436979512,121.06524028592085,18996400
2022-01-07,120.78509521484375,121.61716835462971,120.1907665117067,121.52377291875145,18756800
2022-01-10,121.08226013183594,121.25206647367025,120.02095430112963,120.26717155348038,13775800
2022-01-11,121.8887939453125,121.94823326309933,121.15861535120101,121.31145005737608,24388700
2022-01-12,121.42185974121094,122.27090431435373,121.41337395942064,122.17750889309234,14440600
2022-01-13,122.50009155273438,122.61895721806818,121.43878634247338,121.74444276124399,15166000
2022-01-14,120.64923095703125,121.80393201749763,120.3860162744308,121.76996298182414,22997500
2022-01-18,118.95113372802734,119.97847026701668,118.8832086167519,119.68131248000063,21171700
2022-01-19,119.77468872070312,120.31807656855659,119.12940674454772,119.31619753181499,17930500
2022-01-20,120.51337432861328,120.55582914325619,119.79168134585551,120.02941276138715,13959000
2022-01-21,121.9482421875,122.34729406205427,121.13315392415406,121.7529526622409,28916600
2022-01-24,120.94638061523438,122.57654442216086,120.92939609854204,122.51711804682313,25001600
2022-01-25,120.7511215209961,122.01620261245804,120.39452435110711,121.50677068096395,15599000
2022-01-26,119.2907943725586,121.04832332674414,119.28230858850293,120.78510855627246,23655500
2022-01-27,121.48127746582031,121.72749464785196,120.84449414926048,120.91241925767363,21501800
2022-01-28,121.5237808227539,121.80396714861222,120.43700456479162,120.64076701603773,12826500
2022-01-31,120.89545440673828,121.37091728758003,120.53037146444619,120.7171493487267,13998400
2022-02-01,120.49414825439453,121.03829291058125,119.93299542892424,120.97027320687891,20806100
2022-02-02,120.90229034423828,122.067110286613,120.67272539596941,120.68973357043566,18404600
2022-02-03,119.95848846435547,120.29007637631635,119.18477901196992,119.40584626889755,17234100
2022-02-04,118.19001770019531,119.1507780942571,117.99446917718983,118.9042180412007,23609800
2022-02-07,118.2665786743164,118.44511907584918,117.79895123838789,118.10503347159253,12962400
2022-02-08,117.47582244873047,117.824418511925,117.1782508855934,117.50983878210211,16269200
2022-02-09,117.69689178466797,118.49610706659489,117.49284565204434,117.94346482616369,14349100
2022-02-10,115.8263931274414,117.18676119441804,115.49480519496267,117.04222419548437,30896200
2022-02-11,117.54383850097656,117.76489276732495,115.08668391490237,116.37052153116917,43210300
2022-02-14,116.08150482177734,117.11028532017325,115.605379721951,116.59164627069755,23157400
2022-02-15,114.76360321044922,115.49479873520202,114.72959984872077,115.29075261797004,18198500
2022-02-16,115.44381713867188,115.69039022550061,114.3640252524337,115.5883541669976,16473700
2022-02-17,116.30252075195312,116.96570960569876,115.54581940270094,116.013446747392,24508200
2022-02-18,117.5268783569336,117.64590962182409,116.61714218386369,116.92322443264423,17522600
2022-02-22,117.83293151855469,117.90095122076352,116.88068163449442,117.06773257221077,19534000
2022-02-23,116.20903015136719,117.20380724375126,116.11551762780236,117.059257224667,17757800
2022-02-24,116.2854995727539,118.49608102204097,115.84337809352499,118.26652917329316,28150400
2022-02-25,116.37053680419922,116.74463866821816,115.78387824229962,116.36203920671925,15025400
2022-02-28,118.92123413085938,119.06577114921005,117.60339279488753,117.6969053007911,25817700
2022-03-01,120.29615020751953,121.17304253017909,119.18938899727944,119.49587651718265,35664400
2022-03-02,116.18415069580078,119.54699261400619,116.1330715917729,119.05320629070926,30397400
2022-03-03,117.36749267578125,118.08262588047137,116.65235947109115,117.05249630979895,20649100
2022-03-04,119.39372253417969,119.88750872195642,118.60195766719895,119.495880714198,25853100
2022-03-07,118.48277282714844,119.734262537429,118.14223688841923,118.44020258715395,23710900
2022-03-08,117.29088592529297,117.69953165642086,116.84817880537985,117.06952587002962,28331300
2022-03-09,116.14157104492188,116.92481422139102,115.89468439856498,116.69495827187043,18819200
2022-03-10,114.47293090820312,115.07738426774763,113.84292500711072,114.78792736344137,26868900
2022-03-11,114.85601043701172,115.31573523742995,114.26006606957588,114.36222424953263,15583800
2022-03-14,112.17422485351562,113.136257542456,112.14017646205899,112.9744984541622,24385000
2022-03-15,111.97846221923828,113.35764996126603,111.68900530879576,113.11076330015122,17518800
2022-03-16,113.07671356201172,113.34063091786958,110.94833102687929,112.23386940147749,25857700
2022-03-17,112.23382568359375,113.51936355744279,111.58680232156706,113.07666951581922,19330600
2022-03-18,113.60454559326172,113.68967309828882,112.86387264550872,112.86387264550872,55891700
2022-03-21,110.9738540649414,112.09763312115062,110.46303713627368,111.76560601470084,26122000
2022-03-22,109.55209350585938,110.1139895815593,109.26263661496499,109.79048428787188,21830900
2022-03-23,111.95288848876953,112.03802896143175,109.7053177109769,110.1395029440848,21266100
2022-03-24,111.07601928710938,111.68047260066868,110.33534638519883,110.37790363977051,17141600
2022-03-25,109.5350570678711,110.26722101355737,108.67518889997318,110.25019031976566,25684500
2022-03-28,110.4715576171875,111.15264259690004,109.85858243450775,110.15656117269933,17657800
2022-03-29,111.30591583251953,111.99550980753352,110.45456268003446,111.15266550995076,19319700
2022-03-30,112.17422485351562,112.38706302429989,110.667339957603,110.73544973112729,16310200
2022-03-31,112.44670104980469,112.94899618084298,112.08913436378005,112.36156055715418,19901000
2022-04-01,112.87474822998047,113.36929089683699,110.59815539134898,110.85394210652089,23489700
2022-04-04,112.09030151367188,112.53367381208609,111.45080872619442,112.4910383574848,13609900
2022-04-05,109.55789184570312,111.5104704591648,109.38735005405447,111.49341367789752,25196900
2022-04-06,108.671142578125,109.39590630255988,107.77585654452582,107.80143521616333,22952000
2022-04-07,107.85254669189453,108.00602516170551,106.93168237828313,107.52853948018445,23458800
2022-04-08,106.68446350097656,107.28984928862369,105.95117784151493,106.96583541265923,26859200
2022-04-11,104.99616241455078,105.8914546957314,104.5016198877033,105.66123370673962,30020700
2022-04-12,104.85121154785156,105.86587525841303,104.595411896452,105.77208248658356,23124200
2022-04-13,105.06436920166016,105.98524008294801,104.78299090372415,104.91941911069493,17189500
2022-04-14,102.95832824707031,104.81712068598544,102.64284282897582,104.75743495880609,34274500
2022-04-18,102.44669342041016,103.23966433123208,102.05447215880253,103.0606072230147,18784300
2022-04-19,101.67930603027344,102.08005569865477,101.18476360949417,101.59404166589005,26012300
2022-04-20,103.72570037841797,103.99855029251732,102.2506012612447,102.50640090176194,31423200
2022-04-21,102.95832824707031,103.09475648362675,101.61112868472911,103.02654236534853,23323200
2022-04-22,102.3102798461914,103.5466360155173,102.1568013736287,102.37849394627587,19773400
2022-04-25,103.33349609375,104.18615302924029,103.2823322540464,103.49549648791897,25418900
2022-04-26,104.37373352050781,104.90237663144151,103.81950523833835,104.39931218648772,26931300
2022-04-27,103.03504943847656,104.29698442417755,102.97536371987786,104.18614137685294,14560500
2022-04-28,103.18851470947266,103.23115014811877,102.32733609506143,102.65134331090633,16892500
2022-04-29,101.84986114501953,103.14590323832375,101.55996092996152,101.73048970290674,26153400
2022-05-02,100.08441925048828,101.01539424774747,99.87089215757602,100.66521320386282,29233900
2022-05-03,100.7591781616211,101.90368039395426,100.69084791948255,101.67307397214985,21256700
2022-05-04,101.31433868408203,101.61327531470893,100.22961738909751,100.7591669321579,25575700
2022-05-05,98.53849792480469,99.4780159518395,97.38544626091635,99.37552058810948,48384500
2022-05-06,97.08651733398438,98.25664839359744,96.77903773461644,97.4879493951776,32790500
2022-05-09,97.94058990478516,97.97475501620086,96.18967192994958,96.39465608211505,26773000
2022-05-10,98.828857421875,99.89649265439417,98.63241618823534,98.9825971560109,33640800
2022-05-11,100.73356628417969,100.73356628417969,97.74418630540795,98.00041496521823,34173600
2022-05-12,100.54563903808594,101.54494427381599,100.49439462076535,100.80186764101863,26405700
2022-05-13,99.05952453613281,100.0588300971715,98.99119427990831,99.91363318994335,20782700
2022-05-16,98.95700073242188,99.87943937754257,98.94845782376427,99.25593737213784,11050600
2022-05-17,97.7612533569336,98.52140936352875,97.67584381436804,97.97478047151269,15040800
2022-05-18,99.84524536132812,99.93065487419429,97.88933688995075,97.98328930900198,21337300
2022-05-19,100.08441925048828,101.39974692478738,99.80256192392496,101.33141669113631,21937500
2022-05-20,101.22038269042969,101.65597325849507,99.98192166937133,100.0075438773364,22780900
2022-05-23,99.55486297607422,100.99830811169078,99.53778367698229,100.53708884025716,15925200
2022-05-24,101.51932525634766,102.18552876777602,100.66521685373078,100.69938197179505,23388200
2022-05-25,101.92076873779297,102.16846098443399,101.28872375684801,102.15991807487238,14410800
2022-05-26,101.45951080322266,101.71573934570603,100.61394553526951,101.65595203416042,14912900
2022-05-27,101.70723724365234,102.27094544021782,101.41683697800978,101.94638657045772,11190400
2022-05-31,99.55486297607422,100.1271204987579,99.01677708423297,100.08441247653414,28393700
2022-06-01,99.44107055664062,100.39936957833686,98.98758883702759,100.13412703167772,15544800
2022-06-02,99.49241638183594,99.8603366592352,98.79080172818189,99.79188485694623,9832000
2022-06-03,99.27851104736328,99.30417884166789,98.28598600935278,98.47421867689442,15330400
2022-06-06,97.4474868774414,98.8336067934568,97.37903506056853,98.52558014545338,20815400
2022-06-07,98.49989318847656,99.06460424803359,98.03785330633538,98.06352110068934,14278700
2022-06-08,97.62715148925781,98.50844726668916,97.6100418018956,98.1234172857667,11476100
2022-06-09,97.95228576660156,98.14907652977757,97.26778082912692,97.40467789986812,15527300
2022-06-10,97.34479522705078,98.06352614555315,96.66029674001248,97.849619144368,21917100
2022-06-13,94.29022216796875,95.54799662827462,93.46881990424194,95.39398329583054,36968300
2022-06-14,93.10086822509766,94.9575856997042,92.91262904563244,94.57254923409187,21865900
2022-06-15,94.8377914428711,94.96613693093886,93.2891070631754,94.19607053045495,25202800
2022-06-16,95.59075927734375,95.59075927734375,92.51049984502696,92.79285211811278,26067300
2022-06-17,95.8987808227539,96.54050177601978,94.94047518249121,95.83888712823268,21614300
2022-06-21,94.27310180664062,94.99182625808218,93.95651706802518,94.19609188517236,17663800
2022-06-22,96.86565399169922,96.9512154939715,96.15548111978329,96.42073026312882,23703800
2022-06-23,97.6613998413086,98.54269582132324,97.10524021930252,97.45605090614133,20669200
2022-06-24,96.30946350097656,97.68702478724514,96.25812792168672,97.07952982993447,18161300
2022-06-27,95.48810577392578,96.01859760775389,95.11163380507449,95.1629694081167,12053000
2022-06-28,95.93299102783203,95.9843266067588,94.86345628071086,95.22281838904229,13706600
2022-06-29,97.43038940429688,97.45605720686163,95.97581748901513,96.15549863489383,12925400
2022-06-30,98.28597259521484,99.0560324309482,98.18329490408662,98.27741448897356,25802100
2022-07-01,99.29505157470703,100.81250890870312,98.78065959068373,99.36363891680318,21858800
2022-07-05,100.0752182006836,100.94968392229168,99.59511334529284,100.21238634447454,16689700
2022-07-06,98.3948745727539,100.7696609361484,98.3948745727539,100.64106128679511,20205400
2022-07-07,97.52896118164062,98.73778190736665,97.31463066267482,98.67776962369017,13088000
2022-07-08,96.44876098632812,97.30608330620659,96.0629685587229,97.30608330620659,15320000
2022-07-11,98.11193084716797,98.41199223616667,97.47750786374475,97.5546702442574,13639900
2022-07-12,98.69493103027344,99.64655916672656,98.56633139599751,99.02928615488139,18547300
2022-07-13,99.82660675048828,100.0066436414542,97.26320846562405,97.53755132912208,20594800
2022-07-14,99.01212310791016,99.58653386048884,98.13765748265251,98.66062446373492,15665000
2022-07-15,99.56938171386719,100.15236096569615,99.106427024987,99.3121824842066,16022600
2022-07-18,98.53204345703125,98.86639860109301,97.88905178908948,98.80638630705242,15838300
2022-07-19,98.00050354003906,98.7206576256638,97.4432493145653,98.51490211870659,9276800
2022-07-20,98.25768280029297,99.0635676378056,97.77758453497393,99.00355535464072,9117300
2022-07-21,99.95518493652344,100.06664100061417,98.60062092943761,98.75493917592192,14754900
2022-07-22,101.63553619384766,102.25280260316892,101.13828781278333,101.41263061943116,17715300
2022-07-25,100.64103698730469,100.76963660560797,99.85230225495539,100.05805771973166,24868100
2022-07-26,100.71820068359375,102.22708283269408,100.64961334749418,101.90130279749368,13536000
2022-07-27,100.15235900878906,101.58408522516605,100.0580530624794,101.17257431476749,15725600
2022-07-28,100.94966888427734,101.95273408810104,100.5810201502847,101.20686810923891,16637900
2022-07-29,100.67534637451172,102.2871097584776,100.58961546253947,100.90682049092172,16655900
2022-08-01,103.09994506835938,103.15147576602743,101.41654123295481,101.56254924483676,17974600
2022-08-02,100.91840362548828,103.65823302079151,100.73803960533685,103.19443701780155,17896300
2022-08-03,102.50733184814453,102.62757452997701,99.91351700081368,100.63497309180852,16731200
2022-08-04,102.47297668457031,102.67911261457141,101.8116419291707,102.18955124810462,11003000
2022-08-05,100.03376007080078,100.58344277637777,99.53560807114204,100.54908678818737,19492300
2022-08-08,101.64842987060547,101.8030285071348,100.96991399654524,101.03862595783234,17476300
2022-08-09,101.25336456298828,101.65703921894966,100.88404589399538,101.11594716784892,8223200
2022-08-10,100.59203338623047,102.12942945550579,100.25707069237696,101.11595073871615,14665300
2022-08-11,98.24728393554688,100.54049199229505,97.98961731114922,100.37730924606203,20663800
2022-08-12,99.24359893798828,99.26077365691667,98.28165085961875,98.85709895838004,12178400
2022-08-15,99.15770721435547,100.2742539912407,99.15770721435547,99.91352591356465,9031800
2022-08-16,99.5699691772461,99.64726524009647,98.1184597270837,98.985930453459,11066000
2022-08-17,98.53067779541016,98.85704971435422,98.17853398180857,98.82269374087612,14131300
2022-08-18,98.67671966552734,99.32087964587646,98.41905305229403,98.74543163608746,10738200
2022-08-19,97.08778381347656,97.34544384953057,96.83011722468902,97.25097308989092,16330900
2022-08-22,96.76143646240234,97.0190965640927,96.3062244992191,96.93320986352926,10457200
2022-08-23,96.22891235351562,97.46570160369963,95.97124574214925,96.35774565919881,17813200
2022-08-24,95.52465057373047,96.08292397734931,95.2154531979642,95.75654532918743,13971600
2022-08-25,96.85588073730469,97.13072203552666,95.32707560639909,95.61050753814679,21429700
2022-08-26,97.58594512939453,97.90372652643018,96.20314784527119,96.45222382437714,18764400
2022-08-29,96.77859497070312,97.06202693254849,96.30620836762752,97.00190559695106,14278300
2022-08-30,97.01909637451172,97.49148305579048,96.3749362924417,96.72708028261954,14346600
2022-08-31,96.09149169921875,97.34545570843028,95.83383163177587,96.78718895260353,13623500
2022-09-01,94.33222198486328,94.89167535241225,93.76416639057524,94.5646134385243,22490400
2022-09-02,94.86585235595703,95.15848565331395,94.22033077657963,94.40107603081509,13024400
2022-09-06,92.51615905761719,93.7899913089622,92.45591063423784,93.72974288558284,24648500
2022-09-07,93.97933959960938,94.2289420715863,93.13585515752922,93.23053218367859,17050100
2022-09-08,93.0153579711914,94.26336375983527,92.99814695131266,93.67809058517945,14671400
2022-09-09,93.2219467163086,93.64369232617003,92.63667339302302,93.23916430714496,12529800
2022-09-12,92.45592498779297,93.7211486417679,92.02557716353411,93.49736593450902,14806900
2022-09-13,92.67109680175781,92.73134523312649,91.4403017895804,91.71572412820677,22158900
2022-09-14,92.98954010009766,93.13585675517102,92.19770183743375,92.38704932639527,13077800
2022-09-15,92.9292984008789,93.1186524701216,92.59362766597991,92.82601257222312,10260200
2022-09-16,92.15467834472656,92.99816292857244,91.89646703608756,92.12024973246893,18903800
2022-09-19,92.3698501586914,92.80019795230562,91.92229134263056,92.05999922196227,11084400
2022-09-20,91.44889068603516,91.95669784470736,90.7173008738639,90.96690333996187,20133800
2022-09-21,92.98092651367188,92.98953530663988,91.20789602419401,91.83620001257296,23132900
2022-09-22,90.60540008544922,91.19928200106783,90.1406303571912,91.05296536192792,29030600
2022-09-23,90.97551727294922,91.60382791557434,89.9943248684225,90.66566634872122,23042200
2022-09-26,89.23690795898438,90.725914034187,88.84098882471085,90.68287663339373,25104600
2022-09-27,86.88723754882812,88.63445552198019,86.84420669919413,88.40206398092307,34609500
2022-09-28,89.79637145996094,89.89965072697177,88.20408594987776,88.76353282374953,39283100
2022-09-29,89.33158874511719,89.71029687495466,88.47950201956851,88.56557025819004,19127100
2022-09-30,88.17825317382812,90.25253252373082,87.98890567584012,89.7447187535936,26485700
2022-10-03,89.57936096191406,90.31269736553142,88.99269052256776,89.59661307089685,27192200
2022-10-04,89.32917785644531,90.28683133400084,89.12211960197102,89.85545613085918,13788700
2022-10-05,88.47500610351562,88.7251977855932,87.6381376357613,88.63030135095725,20522100
2022-10-06,87.9832763671875,88.72523555160285,87.59503479219819,88.50954798180732,13965700
2022-10-07,87.12913513183594,87.67267193478085,86.68050795349943,86.97383984274614,14814800
2022-10-10,85.7746353149414,86.71503658739815,85.23973432868878,86.70640724115655,15652600
2022-10-11,86.15424346923828,87.05150455012081,85.40364835618193,86.05071106604566,33246700
2022-10-12,86.57696533203125,86.74088994620922,85.57617870685212,85.65382305108771,21447600
2022-10-13,85.74874877929688,86.6028697032704,84.84285836320282,84.86011705466373,30292500
2022-10-14,85.04129791259766,86.43895578637103,84.76521807630122,86.43895578637103,18728200
2022-10-17,84.62715911865234,85.98168317415774,84.49775186186253,85.66246324879987,18969900
2022-10-18,84.82562255859375,84.9464070929877,83.57463705997216,84.50640252783064,16931500
2022-10-19,83.28130340576172,84.04915081213868,83.10012659347474,83.8507218863184,25431600
2022-10-20,81.85774230957031,83.10873413608628,81.73695779973596,82.76363271559009,25434900
2022-10-21,80.38245391845703,81.03814607144709,79.59735447010199,80.2530400408288,46280300
2022-10-24,79.7181167602539,80.710280768918,79.24360153542194,80.08047025071026,31332600
2022-10-25,82.03888702392578,82.15967806883242,81.47810483974692,81.59888930239401,31213100
2022-10-26,83.22089385986328,83.41932932675584,82.6255940414481,82.6255940414481,24843900
2022-10-27,84.09227752685547,84.4632604400248,83.01383959116123,83.66953169909691,20270000
2022-10-28,83.51423645019531,84.23031423763788,83.177764340529,83.56599936483235,22244100
2022-10-31,82.91891479492188,83.35891920040272,81.98714308293691,83.13460232553352,23956700
2022-11-01,83.69386291503906,84.25603239409911,83.20953553540119,84.22143663862988,17585100
2022-11-02,83.33060455322266,84.4376421639689,82.99330423740044,83.81493845677262,25010500
2022-11-03,82.8808822631836,83.35655903429067,82.24087071167422,82.31006221969665,29097500
2022-11-04,81.48843383789062,82.73385457820739,81.48843383789062,82.24952062449235,23561400
2022-11-07,80.67544555664062,82.04194805844958,80.64084980487098,81.99005773002757,14522800
2022-11-08,81.5576400756836,82.12845361911468,81.09925120485678,81.12520297368839,20360600
2022-11-09,81.82575225830078,82.18034726499546,81.03006954226058,81.14250081785318,15637500
2022-11-10,84.97386932373047,85.12954690551406,83.58142167512854,83.65926376525277,45380900
2022-11-11,84.66251373291016,85.077656148393,84.35980915832101,84.38575432207654,15943100
2022-11-14,84.4549560546875,84.74901007748952,83.97062207821118,84.67982516524916,13741100
2022-11-15,85.82144927978516,85.88199019539259,84.85278803160135,84.97386986281622,26608200
2022-11-16,87.69820404052734,87.74144377115387,86.26251037507375,86.50467398166509,28507700
2022-11-17,86.7728042602539,86.98037215894507,86.29712095235277,86.66036642467844,24528900
2022-11-18,86.17604064941406,87.2571330969413,86.09820516045514,87.00631885729922,14941300
2022-11-21,86.53929901123047,87.1966051647501,86.31443649956414,87.08417390891692,15534000
2022-11-22,87.76741027832031,87.88849210196561,86.94577607676776,87.04956332494852,18103100
2022-11-23,89.2982406616211,89.2982406616211,88.28633966342124,88.33822999200636,23234600
2022-11-25,88.99553680419922,89.02148196870269,88.58904496440479,88.74472254989064,9486100
2022-11-28,89.24633026123047,89.78254779858624,88.81389335770434,89.60957567656118,14563200
2022-11-29,88.19984436035156,89.04741709811887,88.13930345051105,88.34687134161221,16576400
2022-11-30,88.8485107421875,88.8485107421875,87.67228155023112,87.88850005465744,21581700
2022-12-01,91.68685150146484,91.7301941903206,89.38080615506799,89.42415545809877,53156800
2022-12-02,92.83985900878906,92.8485301914315,90.68986870567369,91.28805463868797,24479500
2022-12-05,91.53946685791016,91.88624143591217,90.941287490386,91.75620014238955,20159700
2022-12-06,92.71851348876953,93.09996625606938,92.05964894511219,92.32839615070462,21754500
2022-12-07,94.9031753540039,95.0852305263402,93.80216652212586,93.94955018807208,30546700
2022-12-08,94.64307403564453,94.88581421741017,94.03622358123043,94.23561446732054,13377300
2022-12-09,92.18099975585938,93.7761535135295,92.12897927129202,93.57676260090811,25872200
2022-12-12,92.47577667236328,93.72416278340674,92.12033744663232,93.50742945102705,16897100
2022-12-13,93.36869812011719,94.56507010673414,93.16063601494797,94.53039198684343,23854700
2022-12-14,93.76749420166016,93.90620006854184,92.66648537934091,93.33402761962033,19517500
2022-12-15,94.13334655761719,94.82857333688635,93.99430517986772,94.19417840354019,20246200
2022-12-16,93.08181762695312,93.7075203805221,92.38659087183788,92.63861040481281,20838300
2022-12-19,91.51753234863281,91.97811711317097,91.23075753403374,91.96943158830275,26126800
2022-12-20,89.89250946044922,90.21404647501896,89.5970356676766,89.84036312632699,28869000
2022-12-21,90.11844635009766,90.72677158472676,89.4753657353645,90.63117771400185,15894100
2022-12-22,90.10106658935547,90.48344206346746,89.84035483333813,90.09237442944146,11322500
2022-12-23,88.78012084960938,89.34498512733839,88.65845053221648,89.145111911267,15408900
2022-12-27,87.02466583251953,87.8328640178136,86.9116943165739,87.32882501404464,26475700
2022-12-28,86.51197052001953,87.5808740946913,86.33816047889496,87.46790254059168,17302900
2022-12-29,87.49397277832031,87.76337005554254,86.72053632485797,86.78136818197832,16593000
2022-12-30,86.52064514160156,87.38098981880862,86.35553391106806,86.79004901383654,20810200
2023-01-03,88.17180633544922,88.93655055094538,87.63300520601531,88.81488684916587,25313200
2023-01-04,89.37977600097656,89.92726940049732,88.82359707111559,89.70131963831136,21678200
2023-01-05,89.75344848632812,89.76214064579293,88.4499030339585,88.5281192087917,14771100
2023-01-06,91.40457153320312,91.508857515351,89.19723463736652,89.24937431335424,27473700
2023-01-09,91.8912353515625,92.05635318221658,90.61376012111332,90.73543042750318,21472200
2023-01-10,90.37044525146484,91.09174188164852,89.94462232588764,90.83972233748166,20545200
2023-01-11,91.83912658691406,91.87388859613151,90.98747393652495,91.22211584119887,18794000
2023-01-12,93.64669799804688,93.69014553077261,90.86579732679903,91.96077725617299,32029600
2023-01-13,92.76897430419922,93.68145867073646,92.4474307417622,93.07313354965353,17750800
2023-01-17,92.16934204101562,92.69076547166465,91.81304310225809,91.83042078919836,13911700
2023-01-18,94.40274047851562,94.5244041661,93.09050975811641,94.25500694790226,35497200
2023-01-19,93.81184387207031,94.17684173675866,93.36864307166783,93.94219977873209,17194700
2023-01-20,92.2909927368164,93.1947848243811,92.21278321134295,92.95145746045472,22754100
2023-01-23,91.85649871826172,92.2910138619246,91.6740031535443,91.74352716777234,12961500
2023-01-24,93.17742156982422,93.37729480821426,91.58709467051051,92.22148965057002,16417200
2023-01-25,93.40337371826172,93.77705698909229,92.67338486423647,93.30777986082775,11906500
2023-01-26,92.9688491821289,93.55109779650925,92.54301963115766,93.10789055966164,15549400
2023-01-27,92.73420715332031,92.95146469232543,92.21279038574284,92.28231438946621,11845500
2023-01-30,92.39529418945312,93.12528303351252,92.28232264592556,92.51695789176728,11459700
2023-01-31,93.13396453857422,93.22955839057329,92.00422926158161,92.96885330980926,13705300
2023-02-01,94.2535400390625,94.61075558145788,92.72011027988272,93.70464494586578,25305800
2023-02-02,94.37553405761719,95.27293698550402,94.17513995027959,94.89829233483715,19548400
2023-02-03,92.96407318115234,93.32129540738507,92.42389255233626,93.02506153109066,20619500
2023-02-06,92.27576446533203,92.6242654690457,92.07537040568917,92.13635874606213,15182400
2023-02-07,91.53520965576172,92.55459599250482,91.48293581955065,91.77045521317646,18290300
2023-02-08,91.97084045410156,91.98826949723775,90.9514607893007,91.51778504104529,13530700
2023-02-09,91.09957122802734,92.89438371593008,90.9514576027206,92.7636924859168,20469900
2023-02-10,90.08021545410156,90.9950476592295,89.84497649556704,90.96019621218109,16598300
2023-02-13,90.83818817138672,90.97758726431438,90.24572707017316,90.35898924862886,13134300
2023-02-14,90.62908172607422,91.33481166983333,89.86237007857818,90.78590986388383,15440300
2023-02-15,89.7839584350586,90.56809246903019,89.30475950564782,90.21959140825687,15246900
2023-02-16,88.51190185546875,89.06080364074391,88.28537750167821,88.9301124229531,19267300
2023-02-17,89.2001953125,89.2001953125,87.97171392080104,88.0849760882757,19560900
2023-02-21,87.46637725830078,88.17210046249446,87.37053748399907,88.00656447279854,22728000
2023-02-22,88.26795959472656,88.59904494118996,87.95430329135719,87.98915473031293,15165400
2023-02-23,89.13052368164062,89.38318499822044,88.407371231477,88.46835959189846,15829100
2023-02-24,87.97171783447266,88.69487011733771,87.61449562947985,88.38121386566687,21403600
2023-02-27,88.21569061279297,88.60775768995676,87.9194633362217,88.25054205366594,14209200
2023-02-28,88.6164779663086,88.62519248890088,87.37056712493518,87.62323510224678,14955700
2023-03-01,87.6644515991211,88.24090062454978,87.30634912618204,88.05748472265832,19000000
2023-03-02,86.8871078491211,87.03558642512503,86.36305484080704,86.52026941057909,23763600
2023-03-03,88.9920425415039,89.00077853657957,87.83913774515248,88.15356693175849,30877300
2023-03-06,88.302001953125,89.38503158162173,88.20592604554133,89.2802263468821,16631900
2023-03-07,88.84353637695312,89.41125593570736,88.10986628131126,88.61644722072948,23096500
2023-03-08,88.93085479736328,89.93528044086368,88.58148848697948,89.43743561423939,20252400
2023-03-09,89.14923095703125,89.54226399307265,88.50290744706611,88.69505930063652,21550400
2023-03-10,92.22362518310547,92.3109717663664,90.8349024688921,90.86110377842688,43921500
2023-03-13,92.43327331542969,95.28933008779573,91.74327644043247,94.50325727681088,51502500
2023-03-14,90.91352081298828,92.24111179119937,90.61656370636278,91.8306067737737,38417800
2023-03-15,92.66910552978516,94.07530080414304,92.01404586770335,93.26302655661713,45164100
2023-03-16,91.94414520263672,94.35476594231046,91.74326402810283,93.78704639654109,43089300
2023-03-17,93.32414245605469,94.09274987035903,92.98351204784612,93.14946258749998,38129000
2023-03-20,92.5031509399414,93.42023036287289,92.33720037900636,93.35035574104649,24242800
2023-03-21,91.7083511352539,92.0751829405282,91.30658201562807,91.77822576395701,18934900
2023-03-22,92.93110656738281,92.97477320137617,91.21921858637748,91.41137043405526,26388500
2023-03-23,92.93110656738281,93.06211979658217,91.5511129918875,92.02275661883944,25475100
2023-03-24,93.32414245605469,93.83072340391712,92.80883217929141,93.5337596310423,23652700
2023-03-27,91.13188171386719,92.3721328638504,91.12315238430298,91.75201062066397,22224500
2023-03-28,91.29781341552734,91.42882663165348,90.85237114614208,91.04452297464587,17794300
2023-03-29,91.11442565917969,91.22796692755679,90.485567358852,90.57290730865061,16804400
2023-03-30,91.53363800048828,91.75199113821502,91.07072375107612,91.23667426810329,14315800
2023-03-31,92.90491485595703,93.07085874405747,91.77821163017353,92.01403013621643,25396700
2023-04-03,93.34185791015625,93.77967150887228,92.55379209636632,92.71140525912432,18234800
2023-04-04,93.80593872070312,94.3926140168194,92.59757560012315,92.62384334701538,18052400
2023-04-05,94.7866439819336,94.89172165045207,94.05112034382027,94.36633998836503,23047700
2023-04-06,95.03182220458984,95.32953893665767,94.90923492682826,94.9355026748478,16447300
2023-04-10,93.49944305419922,94.35756038995538,93.3068040596109,94.25248275276992,19134400
2023-04-11,93.69210815429688,93.77091139376546,93.26305270712238,93.73589218544956,13971200
2023-04-12,93.59577178955078,93.84094628667928,92.71138662733382,93.7358753196265,20563000
2023-04-13,92.86026763916016,94.03360488565971,92.71140593732369,93.73589484299758,22079400
2023-04-14,92.01089477539062,92.42244057010757,91.73944583901094,92.28233703126588,19801900
2023-04-17,90.91637420654297,91.5818460717062,90.81129653706728,91.43299105032801,19528800
2023-04-18,91.2403335571289,91.5818275632782,90.89008809067099,90.8988395509796,15922600
2023-04-19,91.15278625488281,91.27537352315842,90.60990168980655,90.98642163679739,16093900
2023-04-20,91.93206787109375,92.18600047792675,91.72191928218143,91.79197103865327,16450100
2023-04-21,91.41547393798828,92.34363656036084,91.30163813527892,92.20353969307104,15244700
2023-04-24,92.29985046386719,92.36989555062078,91.80073663253344,91.90581428342016,17034300
2023-04-25,93.65709686279297,93.8059519031042,93.06167002104179,93.10545405901863,21899900
2023-04-26,92.65886688232422,93.90225586067329,92.52752147069464,93.50822630628969,19610400
2023-04-27,91.73944091796875,92.17725443260744,91.59934406714649,92.1159608077782,20247600
2023-04-28,93.2192611694336,93.48195197418598,92.69388624043349,93.00035439230815,26954100
2023-05-01,90.53134155273438,92.54158940070288,90.27676797925024,92.40991249064338,32487300
2023-05-02,92.78736877441406,92.78736877441406,91.1984859380951,91.29504854446017,30057800
2023-05-03,93.30529022216797,93.57741753352006,92.41867302737758,93.05071670297609,23656200
2023-05-04,92.38356018066406,93.44574210301292,92.30455806866935,92.3660063882312,25110500
2023-05-05,92.0763168334961,92.08509707822797,91.39160508642588,91.60228407844032,15096500
2023-05-08,90.78589630126953,91.18092694953627,90.69811394522064,90.87367865731844,20587000
2023-05-09,90.4610824584961,90.9790029416748,90.41718794074467,90.85610632880653,19182500
2023-05-10,91.33895111083984,91.50573560230227,90.97903469228822,91.00536873318411,22886800
2023-05-11,92.30457305908203,92.62936850207147,91.92710283551045,92.43624996448898,19147200
2023-05-12,91.53208923339844,92.39237270519081,91.5145354348327,92.21680793006594,14198500
2023-05-15,90.583984375,90.82977761512758,90.5225360649681,90.7595490615587,20085300
2023-05-16,90.31189727783203,90.32945777402023,89.63596551665988,89.89053913245294,29251700
2023-05-17,90.04851531982422,90.55766235469434,89.84660987587075,90.4874337918093,21340900
2023-05-18,89.3813705444336,89.76762099988107,89.31992221719108,89.71494622126936,25536600
2023-05-19,88.74931335449219,89.41647130460498,88.60008268195881,88.88977047972197,29038000
2023-05-22,88.43328857421875,89.2847914498073,88.37184025831876,88.88098727426963,20131100
2023-05-23,88.68787384033203,88.8809990580118,88.02949606953194,88.16117296316497,21749500
2023-05-24,88.24895477294922,88.97756110876561,88.24895477294922,88.90733253961982,18473400
2023-05-25,88.02946472167969,88.48594356407047,87.81000554289713,88.39815453466734,22492800
2023-05-26,88.74050903320312,88.81073757676397,87.78367024229613,87.88901305763738,17030300
2023-05-30,89.62715148925781,89.75004812678915,88.88099141928485,89.01266830160112,23125200
2023-05-31,90.40843963623047,90.57523082577235,89.42526638595955,89.53060254999401,23787000
2023-06-01,90.76314544677734,91.2120273743192,90.33185725184715,90.90396917448702,21040400
2023-06-02,89.76854705810547,90.71913238239749,89.72454258198907,90.65752074370253,19136500
2023-06-05,89.60131072998047,90.16461900561708,89.08200692624915,89.20523019184688,14433200
2023-06-06,90.12944793701172,90.19105959478765,89.24047397610168,89.6365479596373,14332100
2023-06-07,88.79157257080078,90.15583914695252,88.70355688866721,89.92699300127235,25251100
2023-06-08,89.83016967773438,89.90058490632623,88.72116004565885,88.78277169188527,23845100
2023-06-09,89.70692443847656,90.01498259424221,89.19642422882826,89.42527030818167,22147400
2023-06-12,89.97098541259766,90.04140062966718,89.00279968096822,89.9885858592827,19010300
2023-06-13,89.08202362060547,90.06781664529359,88.87078465644574,89.8741781301615,25910800
2023-06-14,89.79493713378906,90.03258678551676,89.30204410081896,89.45167138366146,29094200
2023-06-15,90.65751647949219,91.21202120166475,90.30544711129617,90.68392050695307,25732000
2023-06-16,90.30545806884766,90.50790016255296,89.8037613407216,90.16463433358068,16759100
2023-06-20,90.93036651611328,91.23843140845347,90.75433519063142,90.75433519063142,17162900
2023-06-21,91.15040588378906,91.22962467813629,90.0765973759925,90.49027836327457,19720100
2023-06-22,90.0501708984375,90.87753266672513,89.95335168235437,90.48145893923063,23630700
2023-06-23,90.947998046875,91.49369933118577,90.63993978715659,91.38808319366314,22901900
2023-06-26,91.04478454589844,91.36164627474861,90.79833802682919,91.20321541032352,12894900
2023-06-27,90.80716705322266,91.49369880382844,90.44630072682291,91.17683696275402,18105700
2023-06-28,91.19444274902344,91.39687815182263,90.50791100880656,91.01841138005317,23826800
2023-06-29,89.54850769042969,90.07660842860763,89.29325754535789,89.9269811172375,41091600
2023-06-30,90.60469055175781,90.71030664076737,89.66290903883035,89.83013675148327,32024900
2023-07-03,90.09107208251953,91.13248558804561,90.07341724004394,90.76180796290278,16011800
2023-07-05,89.2349624633789,90.02043434200905,88.90841532656468,89.92335294277638,28170300
2023-07-06,87.97294616699219,88.5907310150684,87.78761071256933,88.4318710922274,41375700
2023-07-07,87.44340515136719,87.90233002315453,87.36397183252282,87.53165915747833,28996500
2023-07-10,87.55813598632812,87.84055285008745,87.24041617293024,87.24924359367716,24665200
2023-07-11,88.00823974609375,88.22887813024126,87.62874145602608,87.87585536893542,20485500
2023-07-12,88.98789978027344,89.2438411859909,88.05238818925591,88.34363255438451,31928000
2023-07-13,89.92338562011719,89.99399152400707,89.16438898667491,89.41150291693991,32441500
2023-07-14,89.39383697509766,89.9674980464056,89.34970661063232,89.77333521611537,18569000
2023-07-17,89.4379653930664,89.57034976019953,89.06729455177255,89.34089070607396,18822000
2023-07-18,89.84394836425781,90.08223484491586,89.64095809800565,89.84394836425781,15407400
2023-07-19,90.85890197753906,90.88538424491942,89.78219210467077,90.02047864429026,27192500
2023-07-20,89.75568389892578,90.29404204645583,89.38501306292596,90.21461546731952,56951200
2023-07-21,89.78218078613281,90.32935970937083,89.69392003935928,90.16167910387028,20657500
2023-07-24,89.45560455322266,90.15282248012232,89.40265350899018,90.01161071770584,17546700
2023-07-25,89.28794860839844,89.57919292059744,88.96140807655392,88.98788360796296,17160600
2023-07-26,89.3761978149414,89.74687543477141,89.07613283065221,89.73804801366013,19310700
2023-07-27,87.63755798339844,89.07611764522181,87.29336268557967,88.88195481397055,44794400
2023-07-28,88.087646484375,88.13177684460065,87.50516478281253,87.72580311724556,27434000
2023-07-31,88.29947662353516,88.54659051571917,87.91997836529583,87.94645389183718,28663800
2023-08-01,86.85253143310547,87.54281947995675,86.64013666912996,87.4720189746623,34943400
2023-08-02,85.92329406738281,86.05604332791214,85.32151002321125,85.87904881514496,38121300
2023-08-03,83.9409408569336,84.35688545687464,83.66659729182734,84.24183968000308,59394800
2023-08-04,85.42770385742188,85.56045311768285,84.1887220148325,84.20642551721816,42071800
2023-08-07,84.58697509765625,85.13566217166266,84.51617458749148,85.05601666165848,35862900
2023-08-08,85.56929779052734,86.17108853560977,85.34805129236332,85.71974378882113,24010500
2023-08-09,86.01181030273438,86.10030757169835,85.70205973349724,85.73745999146459,20151100
2023-08-10,84.5958023071289,86.1622311935429,84.5958023071289,85.87903596434755,37253200
2023-08-11,84.40110778808594,84.843600738476,84.2506550535043,84.33915904510759,26753500
2023-08-14,84.21527099609375,84.8967072452155,83.98517274557287,84.25951624494681,19072000
2023-08-15,83.70199584960938,84.25068296867187,83.6842923446603,83.89669389259626,24125000
2023-08-16,83.04708099365234,83.88782172449443,82.94088699743743,83.43647698485951,23076700
2023-08-17,82.69310760498047,82.84355362927354,82.32140829238027,82.74620461310545,32244900
2023-08-18,82.9851303100586,83.35682954386452,82.56919258140432,82.68423832525673,24181700
2023-08-21,81.87889862060547,82.09130011386299,81.62225863209002,82.0028028676259,29254100
2023-08-22,82.5072250366211,82.55147027329599,81.82578222315402,81.98507992937569,21308700
2023-08-23,84.5515365600586,84.56038830779843,83.39220742663144,83.45415615699996,38294700
2023-08-24,83.99402618408203,84.56041669527941,83.97632268265914,84.1887174363813,22300800
2023-08-25,84.26836395263672,84.52501069053807,83.64002473304666,83.77277397705177,23865200
2023-08-28,84.35684967041016,84.65774836583026,83.97630549061498,84.64889661693098,16037300
2023-08-29,85.23300170898438,85.41000296471739,84.02057517877392,84.047123679157,28478100
2023-08-30,85.14447784423828,85.31262729665083,84.85243092749188,85.100232608065,17550100
2023-08-31,85.52503967285156,85.88788714480296,85.33919343791553,85.43654243029728,26959700
2023-09-01,84.19270324707031,85.05371564810093,83.98854971677717,85.03596581718146,32469700
2023-09-05,83.01212310791016,83.69560997439395,82.98549498077726,83.68673167463015,29435900
2023-09-06,83.21629333496094,83.53584444313994,82.95887678825235,83.51808784148594,23636300
2023-09-07,83.44706726074219,83.50032351213763,83.15414433375105,83.43818896145692,18091500
2023-09-08,83.76666259765625,84.23711112611238,83.58913037888678,83.77553412947346,17052100
2023-09-11,83.16304016113281,83.4204567173961,83.03877103357944,83.17191169012982,17061500
2023-09-12,83.64236450195312,83.65123603070201,83.06539684178601,83.3405632205072,20034300
2023-09-13,83.6246109008789,83.90865559070086,83.27843164678839,83.36719434257783,23332300
2023-09-14,83.02101135253906,83.62460713776882,82.90562053042134,83.3849471927061,27800600
2023-09-15,82.51506042480469,82.97663727921365,82.51506042480469,82.95888067672736,25642900
2023-09-18,82.98551177978516,83.02101821386951,82.39079424623183,82.41742237875515,17963400
2023-09-19,82.37305450439453,82.93226567235617,82.37305450439453,82.62159280126637,24941800
2023-09-20,82.63043975830078,83.08313824849552,82.58606180257732,82.80797189767061,29451200
2023-09-21,80.5090103149414,81.10373474211416,80.50013878372839,81.03272185944259,59958700
2023-09-22,81.1570053100586,81.31678093812602,80.48239635020037,80.6066655306792,29524500
2023-09-25,79.15975952148438,79.92313069518697,79.13313139693905,79.5858298306831,45587900
2023-09-26,78.88460540771484,79.55033571296187,78.74257969195922,79.38168186854178,38104100
2023-09-27,78.476318359375,79.55036280496216,78.19226683112599,79.4793499228999,47111200
2023-09-28,78.71595001220703,78.76033474054579,77.31347657147073,77.77505336642231,60238000
2023-09-29,78.72483825683594,79.43494659484581,78.22775497085348,79.23966460094123,49010100
2023-10-02,77.40695190429688,78.29740343578834,77.21105148039179,78.19945322383579,44704300
2023-10-03,75.74182891845703,77.15765083153458,75.59045374095555,76.85489368292346,71362600
2023-10-04,76.81037139892578,76.85488991115471,76.01786986900753,76.37404514127041,56281600
2023-10-05,76.42748260498047,76.74804580897042,76.2582945824279,76.67680803172635,35758800
2023-10-06,75.50141143798828,76.30281944325411,74.85137861327036,74.97604132591078,62787900
2023-10-09,77.27339935302734,77.29121219188866,75.64387107119938,76.13362223577309,29424900
2023-10-10,77.16655731201172,77.62068284487012,76.15143599590752,76.44528672442168,54743900
2023-10-11,78.77825164794922,78.77825164794922,78.00355633474732,78.22616922770813,58517700
2023-10-12,76.64116668701172,78.5289264692101,76.51650401016532,78.40426379236371,66986700
2023-10-13,78.0124740600586,78.20837452123558,77.62067313770463,78.00356764083946,44183800
2023-10-16,76.75692749023438,76.90830942988718,76.48979607843668,76.74802786536586,38309800
2023-10-17,75.91099548339844,76.24936463047075,75.24315681345651,75.59043237833781,52949100
2023-10-18,75.24317169189453,75.43907216079147,74.66437670477382,75.13631503787595,63724600
2023-10-19,73.70269775390625,75.30551382567576,73.6759852849782,74.69109986589602,87696900
2023-10-20,74.12120819091797,74.38834645651048,73.70269474517359,73.89859523412699,52188800
2023-10-23,75.01165008544922,75.56373259088612,73.39102824634902,73.73830386946997,70890400
2023-10-24,76.00005340576172,76.00005340576172,74.87808232952409,75.18974586830664,46267700
2023-10-25,74.30819702148438,74.91370449301863,74.02325272862166,74.81575425544634,60737200
2023-10-26,75.44798278808594,75.52812018786342,74.26368028269337,74.33491805601201,49704100
2023-10-27,75.12742614746094,75.66169590668467,74.56643712570873,74.96714454033297,32362300
2023-10-30,74.78905487060547,75.24318725208894,74.12121593049817,74.62877325323535,45026900
2023-10-31,74.42394256591797,75.483575296268,74.39723010625626,75.12740010930348,37269200
2023-11-01,76.03761291503906,76.05548691214018,75.07262157955458,75.0904955766557,72308500
2023-11-02,77.77103424072266,78.01227870248658,77.03835703859984,77.4493704137484,69739400
2023-11-03,78.29822540283203,79.56701391768509,78.25355402348703,79.35256675586066,77692300
2023-11-06,77.53871154785156,77.91398369962124,77.37787965181701,77.79782998129238,41341900
2023-11-07,78.68241119384766,79.07555738940583,78.26246081530753,78.28033481525124,37834200
2023-11-08,80.02265930175781,80.07627447421896,79.03086382288016,79.05767481757688,53893400
2023-11-09,78.18206024169922,79.54912831864453,77.50299129542961,79.4687157573817,88975100
2023-11-10,78.6198959350586,79.01304228117046,78.42332276200267,78.834343114903,36516400
2023-11-13,78.44114685058594,78.57517454846239,77.64592447796608,77.93184705220095,25661500
2023-11-14,80.21923828125,80.54983907091749,79.78142077261248,80.41581135527214,65666800
2023-11-15,79.09342956542969,79.64740771078472,78.90579345577736,79.53125397155252,56205300
2023-11-16,80.07630157470703,80.38009144809291,79.7457006975507,79.7903788869002,49473900
2023-11-17,80.4515609741211,80.80002898119727,80.09415596721556,80.55878452127281,44091400
2023-11-20,80.9429931640625,81.00554535078008,80.0673579870929,80.07629498761456,40477800
2023-11-21,80.90725708007812,81.13063436984429,80.31753776296719,80.86257889535133,27721000
2023-11-22,81.19319152832031,81.59526798151114,80.75536706860997,81.41656885052296,31197500
2023-11-24,80.23711395263672,80.64812729010474,80.22817695355853,80.50516257258563,20199600
2023-11-27,81.5773696899414,81.61310404896571,80.60344139168805,80.68386074182345,39804400
2023-11-28,81.73821258544922,81.78288394871409,81.12168914676847,81.22891268908393,44989300
2023-11-29,82.76573944091797,82.82828480067778,82.00625812471088,82.3011177422641,61647800
2023-11-30,81.8096923828125,82.46195703617205,81.45229419038192,82.17603439206746,60520900
2023-12-01,83.35051727294922,83.4132606959687,81.68332707440844,81.84466828196143,64172200
2023-12-04,83.01887512207031,83.20710538823954,82.54380996819162,82.90234673930831,33766300
2023-12-05,84.8025894165039,84.81155471664732,83.87039651867822,83.92417464249806,73588600
2023-12-06,85.93196868896484,86.09330988167615,85.03563024912863,85.22386050087188,61606100
2023-12-07,85.43896484375,86.12018385346948,85.20591497543468,85.3134780312383,47970200
2023-12-08,84.73983001708984,84.90117119665308,84.17513930787806,84.63226695120801,44809200
2023-12-11,84.56058502197266,84.65022435785689,83.83455290325455,84.26479846452678,33909700
2023-12-12,84.81153869628906,84.88324056833139,84.166173978275,84.39025856988994,36996900
2023-12-13,86.80140686035156,86.92690052704741,85.1700712555366,85.30452338244558,70828500
2023-12-14,89.05938720703125,89.05938720703125,87.60263790825692,87.81845719288863,87798600
2023-12-15,89.15828704833984,89.33812956014772,88.64572834308012,88.74464378274007,59941300
2023-12-18,88.44791412353516,88.57380527762355,88.14217356321095,88.57380527762355,34746000
2023-12-19,88.92448425292969,89.2572004387427,88.71766605515417,88.89750856283304,30018400
2023-12-20,89.5269775390625,89.64388136096822,88.64573951536597,89.12232840621962,51229400
2023-12-21,88.96044921875,89.77874150226228,88.79858822654789,89.68882025338367,65231200
2023-12-22,88.5557861328125,89.36508410500124,88.33996693704843,89.36508410500124,29244200
2023-12-26,88.8075942993164,88.9065097444913,88.55581202452665,88.60976340896661,24019700
2023-12-27,90.3812255859375,90.39920709095725,89.47300522003603,89.72478745362028,45082800
2023-12-28,89.72479248046875,90.43518202819621,89.52696161141152,90.00355041747574,36213000
2023-12-29,88.91547393798828,89.76074866394013,88.84354106429822,89.14028046207754,41616200
2024-01-02,88.40291595458984,88.70865639697183,88.12415805814948,88.33098308039766,47797400
2024-01-03,88.7716293334961,88.88852629309999,87.3598441912831,87.56666241677866,58159500
2024-01-04,87.42277526855469,87.80044863901223,87.28788996180508,87.6026177705197,52604500
2024-01-05,86.58648681640625,87.83641061620133,86.51454707786598,86.77532348466114,45894800
2024-01-08,87.44075775146484,87.56664887635722,86.40664620223312,86.53254418767726,39485800
2024-01-09,86.88323211669922,87.37780237736919,86.85624956963635,86.9012136208568,34374000
2024-01-10,86.47857666015625,87.26990005797853,86.433619469267,87.15299626845423,48227800
2024-01-11,86.96416473388672,87.07207434738143,86.0649385364185,86.4785817639877,78858900
2024-01-12,86.79330444335938,87.46772405169445,86.56849790724769,87.02710516186983,38883900
2024-01-16,85.26464080810547,86.13689145072165,84.98588283963937,85.98402462030813,61716700
2024-01-17,85.12975311279297,85.42649944159633,84.67115263433573,85.06680754552126,55506800
2024-01-18,84.33844757080078,85.04883727273815,84.086665268454,84.9409276314953,77339100
2024-01-19,84.60820007324219,84.68013982445434,83.86184745121096,84.26649654581286,47030900
2024-01-22,85.11175537109375,85.49842288502518,84.87795465415707,85.26462216808848,35756400
2024-01-23,84.43733978271484,84.51826684595432,84.01470237988303,84.42834559994891,35786700
2024-01-24,83.94277954101562,85.01286110743287,83.71797295046092,84.98588541425474,54574900
2024-01-25,84.49128723144531,84.72508794863442,84.14058958593715,84.52725710028602,57019400
2024-01-26,84.32943725585938,84.59021369356928,84.06866081814947,84.4643225664751,29276900
2024-01-29,85.30062866210938,85.57938668932448,84.63520295494075,84.80605132941747,38243600
2024-01-30,86.0739517211914,86.18185449795548,85.19270683448467,85.85813930711028,40151400
2024-01-31,86.91921997070312,87.14402655221987,86.32572730243373,86.52355819185686,80646700
2024-02-01,88.62421417236328,89.0121258169963,87.67699286520725,87.8844764875544,84291200
2024-02-02,86.6666259765625,87.1627944883152,86.32382302102268,86.84704713576745,63823300
2024-02-05,84.91651153564453,85.56603871876888,84.81727783363242,85.36757131474467,53827400
2024-02-06,85.7464599609375,85.8366705330793,84.9886760131703,85.0157384965503,33411500
2024-02-07,85.33148193359375,85.90884475732992,85.26833384261685,85.3134425715828,40120200
2024-02-08,84.8353271484375,85.06988016919107,84.49252418166405,84.81728090235,50087700
2024-02-09,84.66393280029297,84.80827525651969,84.49253473680766,84.58274533063579,27951300
2024-02-12,84.76313781738281,84.92551958434163,84.34816372018244,84.70901285593814,27890300
2024-02-13,83.31072998046875,83.95123396520306,83.29269061979147,83.77081282792939,49768500
2024-02-14,83.7347183227539,83.9422088029246,83.20247120653804,83.26561928613356,44191600
2024-02-15,84.16777038574219,84.54665900621319,83.89713172390456,84.40231655119925,49598500
2024-02-16,83.68060302734375,83.7617904750745,83.30170762339107,83.42801067979214,33116800
2024-02-20,83.75276947021484,84.06851679526022,83.64451953717112,83.7076676256551,24469300
2024-02-21,83.1573715209961,83.80689862890844,83.00401286569046,83.74375054245169,36343100
2024-02-22,83.5633316040039,83.68061155061645,83.2385680147516,83.29269986804431,45190700
2024-02-23,84.68197631835938,84.79924939829218,83.67159980522979,83.67159980522979,38406700
2024-02-26,84.42935180664062,84.82628654726342,84.0685095507561,84.79922406633457,27855000
2024-02-27,83.83396911621094,84.32111449366042,83.76179790119045,84.11362397113298,30242000
2024-02-28,84.3662109375,84.438382147898,83.80690126347919,83.96928304556195,34574200
2024-02-29,84.96161651611328,85.06987333606386,84.60076733223707,84.63685293888726,51038600
2024-03-01,85.49101257324219,85.52721156475378,84.1697804522012,84.55891098063634,45832800
2024-03-04,85.14712524414062,85.21047865720544,84.77609766516396,84.79419370871702,23864200
2024-03-05,86.35977172851562,86.58601025794124,85.94349366288274,86.17878366667594,37721900
2024-03-06,86.86653137207031,87.029423366075,86.34166330627835,86.41405437808521,40571600
2024-03-07,86.78510284423828,87.23757991130495,86.40502376492277,87.20138091742936,39075000
2024-03-08,86.63127899169922,86.92086409425283,86.40504041457129,86.6946255171249,25023200
2024-03-11,86.58601379394531,86.88465032200334,86.30548021536174,86.83939985256947,17787900
2024-03-12,85.86204528808594,86.16068180772547,85.69010869843913,86.00684126279072,29566000
2024-03-13,85.44574737548828,85.73533235340005,85.25570788100715,85.51814534602885,38270100
2024-03-14,84.13357543945312,84.83943846278329,84.03402994598336,84.82134242044842,58365600
2024-03-15,84.10641479492188,84.33265326217376,83.97067033372072,84.21500484048272,34997700
2024-03-18,83.85305786132812,84.15168749430997,83.70826187809239,83.91640437793063,29519500
2024-03-19,84.08834075927734,84.40507334146714,83.88020516423225,84.02499424283938,26953100
2024-03-20,84.0611801147461,84.875640130545,83.5182090722973,84.25121963439061,43460100
2024-03-21,84.2421646118164,84.54985256226752,83.91638752347274,84.4050566081138,34276600
2024-03-22,85.04759216308594,85.25572774657495,84.86659719456061,85.23763170184846,30262300
2024-03-25,84.62225341796875,84.83944045233636,84.43221389986567,84.80324146256653,24011800
2024-03-26,84.8575210571289,84.94802196721447,84.41409559555994,84.62223802280666,34423000
2024-03-27,85.69912719726562,85.69912719726562,85.01136723940466,85.05661078954684,50157800
2024-03-28,85.6267318725586,85.988707872672,85.35524296822389,85.50908345869706,34540400
2024-04-01,84.03060913085938,84.71157028450622,83.94889019033232,84.70248886287098,48945400
2024-04-02,83.56753540039062,83.71280347943042,82.93196763919752,83.14079872874083,43086300
2024-04-03,83.54935455322266,83.57659880632072,82.66865099496295,82.85931920409703,45494400
2024-04-04,84.14861297607422,84.22125047172194,83.56752686507814,84.10321280952118,47957400
2024-04-05,82.97738647460938,83.69466639277111,82.96830505290995,83.24977370883109,42495900
2024-04-08,82.9682846069336,83.15895285306414,82.74129761005055,82.8320979504785,37879800
2024-04-09,83.74002075195312,83.85805146107919,83.38591477039229,83.41315902058261,32522000
2024-04-10,81.91508483886719,82.89567052297241,81.76073531278436,82.80487016448153,74368900
2024-04-11,81.54280853271484,82.1148202121533,81.27042828606692,82.06033862114886,65751200
2024-04-12,81.9786148071289,82.57785680504163,81.96953338875508,82.2963951792866,47900100
2024-04-15,80.70750427246094,81.04344755579578,80.37156098912608,81.00712880134655,55993100
2024-04-16,80.17179870605469,80.42602299819397,79.70874335846246,79.94481174134569,45103200
2024-04-17,81.06158447265625,81.1523778739548,80.31706749866005,80.6893294492044,57947000
2024-04-18,80.65301513671875,81.0525075098108,80.43510264911268,81.02527018063326,43839500
2024-04-19,80.94357299804688,81.161478598416,80.72566739767775,81.161478598416,44826800
2024-04-22,80.80736541748047,80.91632166235861,80.48958502878537,80.51682235823166,24969000
2024-04-23,80.8346176147461,81.29767308178133,80.39880640926111,80.56223734309154,27222700
2024-04-24,80.2625961303711,80.47142026920072,79.44544163103335,80.4078641929796,48986800
2024-04-25,79.69964599609375,79.80860221111027,79.30014680145756,79.40910301647408,49282600
2024-04-26,80.11734008789062,80.45328338570361,79.94483465568993,80.12642150866785,31589800
2024-04-29,80.78921508789062,80.82552691159886,80.33524109351004,80.49867200857078,39228600
2024-04-30,80.09916687011719,80.5622222504027,79.99021062561091,80.28075368386806,41054700
2024-05-01,80.6895751953125,81.2818103855266,80.39801421801107,80.72602118639543,59679500
2024-05-02,81.03581237792969,81.09959112743023,80.20668168306035,80.37068517482778,58925400
2024-05-03,81.85582733154297,82.11094929476485,81.33648407129748,81.93783255756212,50066100
2024-05-06,82.17472839355469,82.22939391022236,81.70093741122572,81.88316738572254,23868200
2024-05-07,82.67583465576172,83.13139910695271,82.55739040094232,82.82161861679653,30525800
2024-05-08,82.17472839355469,82.42073016992195,82.14739563522086,82.28405942689002,31171700
2024-05-09,82.57560729980469,82.7031647859811,81.83759513673232,81.88315436095031,39606700
2024-05-10,82.11093139648438,82.34781988365299,81.96514744927796,82.25670839232959,21913800
2024-05-13,82.32048034667969,82.557375765685,82.2840343628819,82.50271026566863,23157500
2024-05-14,82.7851791381836,82.83984465219055,82.38428016516615,82.59384288779684,25746400
2024-05-15,83.91496276855469,84.06074671612461,83.48673111176959,83.70540703312446,65142900
2024-05-16,83.8329849243164,84.20654421604127,83.7692061695652,84.17921145705688,37902400
2024-05-17,83.26808166503906,83.64164790475343,83.22252243290121,83.4958639230026,24755000
2024-05-20,83.0220718383789,83.20429484654318,82.9218470984799,82.98562584647361,17922800
2024-05-21,83.45030975341797,83.61431326715558,83.30453271418637,83.57787422087013,15334400
2024-05-22,83.55052947998047,83.62342147089035,83.14963743270185,83.15874371804344,38073700
2024-05-23,83.01295471191406,83.64163587793152,82.74872649650618,83.64163587793152,51294700
2024-05-24,83.25895690917969,83.34096212540953,82.8216189271601,82.88539767251136,19164400
2024-05-28,82.06538391113281,83.24074108596521,82.02893791911914,83.21340832979551,45973700
2024-05-29,81.07225799560547,81.45493049083822,80.79891652680361,81.40025802626046,45508400
2024-05-30,81.85582733154297,81.97427855230809,81.49138128680859,81.6371583144298,29548600
2024-05-31,82.4115982055664,82.60294137314658,82.22937522384197,82.43893790905013,41308800
2024-06-03,83.74458312988281,83.80857980411778,82.83948531566966,82.86691146532547,42272100
2024-06-04,84.7228012084961,84.8416571279985,84.1011163933945,84.2931063689992,42581500
2024-06-05,85.34451293945312,85.34451293945312,84.46684121341285,85.02452954586263,43153900
2024-06-06,85.21652221679688,85.41765663473394,84.89653881331293,84.95139111816302,22891900
2024-06-07,83.65316772460938,83.9548693478077,83.56174489261095,83.9548693478077,35240500
2024-06-10,83.09547424316406,83.2508937454618,82.87605806491347,83.19604144467777,20586500
2024-06-11,83.9548568725586,83.99142739494677,83.1228931822338,83.22346037502281,30329200
2024-06-12,84.58567810058594,85.54563511921036,84.55825195293048,85.04279916181397,42554600
2024-06-13,85.82904815673828,85.92961534846549,84.97880270175338,85.22565198148885,33093800
2024-06-14,86.55130004882812,86.70671953560027,86.15817565721315,86.32273951824067,28776700
2024-06-17,85.69193267822266,85.7650667601367,85.28051946376996,85.49993565974233,31040200
2024-06-18,86.4781494140625,86.48729378730371,85.69190769314538,85.83818278943936,26881000
2024-06-20,85.90219116210938,85.93876168494643,85.33535852080591,85.39936216710629,30246300
2024-06-21,85.90219116210938,86.37760098387719,85.56391905720204,86.1581778468548,22596400
2024-06-24,86.24960327148438,86.24960327148438,85.70105936258817,85.98447917935736,56939100
2024-06-25,86.39588928222656,86.44160418300372,85.97533870051201,86.0027648509325,22890200
2024-06-26,85.16163635253906,85.45419348831079,85.12506583867857,85.28048529125147,38489100
2024-06-27,85.49992370605469,85.67363194843414,85.40850088510756,85.49992370605469,23140800
2024-06-28,83.90914154052734,85.72848142543972,83.90914154052734,85.69191787835516,55119600
2024-07-01,82.4609603881836,83.5340242157219,82.37841324905799,82.92870185313153,49735400
2024-07-02,83.10295867919922,83.28638587281782,82.6168703185409,83.16715889669563,34204700
2024-07-03,84.19438934326172,84.27692950077738,83.5432065576799,83.61658025144976,35563300
2024-07-05,84.89139556884766,85.04731637542211,84.28608025159521,84.62542124857204,34895500
2024-07-08,85.0748519897461,85.15739214659537,84.57959005674887,84.87307783215827,16095700
2024-07-09,84.69881439208984,85.00147561893743,84.25858624149362,84.80887492838905,30289800
2024-07-10,84.96479034423828,85.00147719034958,84.61627580213163,84.79052957453474,23572500
2024-07-11,85.79022216796875,86.34051083475822,85.72602194013164,85.91862262364296,49761800
2024-07-12,86.1570816040039,86.1570816040039,85.60678595273713,85.7810467087916,27796500
2024-07-15,85.16654205322266,85.57009025678974,85.09316838033799,85.29494248212153,37918900
2024-07-16,86.36801147460938,86.40469831328875,85.6526356136092,85.78103605033749,36383700
2024-07-17,86.38636779785156,86.57896847391325,85.92779276038094,86.13873335912956,29036800
2024-07-18,85.72599792480469,86.34048664728806,85.64345079939604,85.91859855436076,34553100
2024-07-19,85.2215576171875,85.44167860693327,85.1298440367756,85.33161811206038,32164700
2024-07-22,84.97393798828125,85.77185390755244,84.65293692895962,85.66180039995547,36160400
2024-07-23,84.85472106933594,85.32246956247042,84.82720768691033,85.12069542828301,23498000
2024-07-24,83.93756866455078,85.1573798983025,83.89171536088539,84.91891892842408,50757100
2024-07-25,84.62543487548828,85.16655706174905,84.34112058957997,84.40532081534313,44999100
2024-07-26,85.28578186035156,85.43252922820835,85.02898096390179,85.24909501838737,34423800
2024-07-29,85.74435424804688,85.92778845221814,85.49672681903994,85.90944153315131,25801300
2024-07-30,86.07453155517578,86.25796576517972,85.57010322158914,85.98281794882364,28169800
2024-07-31,86.9549789428711,86.98249232003852,86.43220378479505,86.69817809291071,47445300
2024-08-01,87.7049789428711,88.25710908684765,87.5301442831965,87.54854534503673,77254200
2024-08-02,90.43798828125,90.5208106035913,89.15890047016579,89.26012385267971,91912900
2024-08-05,90.91651153564453,91.96554761315664,90.08832331112797,91.73549571860352,90686300
2024-08-06,88.88282012939453,90.55760416258595,88.88282012939453,90.3183482977551,61316900
2024-08-07,88.25708770751953,88.7539934837261,87.87979933523802,88.29388982228507,51337100
2024-08-08,87.71416473388672,87.78778300718308,87.27246211473346,87.53012607127074,37815800
2024-08-09,88.57916259765625,88.83681953561666,88.4227220105017,88.80921443806733,32141800
2024-08-12,88.90123748779297,89.09448019934433,88.22948299662607,88.36751551076999,24261400
2024-08-13,89.51776885986328,89.59138713197045,89.24171087039866,89.5361769382025,30366900
2024-08-14,90.0791015625,90.32756149132793,89.72942527894158,89.76623441730962,31334100
2024-08-15,89.35213470458984,89.35213470458984,88.53315070252455,88.71719638989182,38723700
2024-08-16,89.66500091552734,89.75702024074248,89.26931149854023,89.66500091552734,28541000
2024-08-19,90.0791015625,90.32756149132793,89.63740594333413,89.64660296245718,25322100
2024-08-20,90.7968521118164,90.97169374446455,90.29074231194603,90.47478096269444,25239300
2024-08-21,90.85208129882812,91.2845728871564,90.37356951081003,90.79686407982577,29230000
2024-08-22,89.95027160644531,90.45638847488509,89.65580552497812,90.39197423895868,33453800
2024-08-23,90.5392074584961,90.79686441270024,90.14351798721816,90.35516878281469,32005100
2024-08-26,90.30915832519531,90.82447224913345,90.25394812495213,90.81527522951002,23198700
2024-08-27,90.1527099609375,90.25393332520194,89.63739612150002,89.711007369545,21507700
2024-08-28,90.04228973388672,90.36436090920272,89.93186934270699,90.18952628295979,18501400
2024-08-29,89.74781799316406,89.84904135910821,89.37973366433305,89.60058847400643,24988200
2024-08-30,88.79080963134766,90.17112072468048,88.77240857251167,89.88585867865845,42896200
2024-09-03,90.24300384521484,90.52919423776915,89.93834546660823,90.06759319508262,48947900
2024-09-04,91.40625,91.42471094450916,90.29840315566115,90.36302702665373,40885200
2024-09-05,91.9232177734375,92.02477055129779,91.19388738856446,91.71087822605547,47450900
2024-09-06,91.91400909423828,93.04031690906817,91.57242878688662,91.90478214350769,57406400
2024-09-09,92.31096649169922,92.41251927570933,91.54471418072166,91.76628068971081,26961400
2024-09-10,92.95721435546875,93.16031992837075,92.15402605630337,92.20018897504382,31703400
2024-09-11,92.88336181640625,93.46497659105661,92.64332730347485,92.77257503117494,39497100
2024-09-12,92.44947052001953,92.82798681425069,92.03403233493687,92.65257613707293,41618700
2024-09-13,92.69874572753906,92.88338336896146,92.33869035285868,92.74490161615739,25722100
2024-09-16,93.54805755615234,93.58498648026595,92.69871343195561,92.90181194937233,30866300
2024-09-17,93.0956802368164,93.83424460611059,93.0033614515226,93.67730196676392,31699400
2024-09-18,91.94169616699219,92.99415306856162,91.89554028686675,92.54177895640888,48897000
2024-09-19,91.63703155517578,91.68318742862046,91.18465750850129,91.32313921577976,39979800
2024-09-20,91.28621673583984,91.62780403211352,91.13850806952739,91.38776952544897,37067600
2024-09-23,91.09233093261719,91.48007404507932,90.49224828134678,90.93538829806894,35703900
2024-09-24,91.07389831542969,91.29546487095713,90.33533373903978,90.4738154775471,31005400
2024-09-25,90.3168716430664,90.76923874251587,90.27994271037021,90.71384886520842,36738200
2024-09-26,90.52918243408203,90.70459306134326,89.93833373995919,90.5384164259042,33332300
2024-09-27,91.0000228881836,91.17543352600758,90.66766959729206,90.97232795452138,28317600
2024-09-30,90.56613159179688,91.12928547974265,90.36302598716415,91.06466160949347,34175500
2024-10-01,91.22000885009766,91.99800835250252,91.12739171239663,91.5071311630759,45254200
2024-10-02,90.45130920410156,90.5161419278709,89.89559206752217,90.17345063581188,35810800
2024-10-03,89.59918975830078,90.31235660186516,89.59918975830078,90.15489968516238,39677800
2024-10-04,88.49703979492188,88.87677222887346,88.35811053714033,88.39515881029779,56954100
2024-10-07,87.8301773071289,88.2376941436471,87.76534460134863,87.96910655272521,42606600
2024-10-08,87.97835540771484,88.01540367429071,87.37633344176696,87.42264554154539,33709600
2024-10-09,87.47822570800781,87.90427729554703,87.27447081487263,87.68198766737825,35807700
2024-10-10,87.13554382324219,87.14480059164615,86.51500116087634,86.95030246163158,53667400
2024-10-11,86.7835922241211,87.12628345706656,86.5242613737778,86.57983731759116,27406400
2024-10-14,86.84841918945312,86.85768302384825,86.11673879564788,86.1723076695482,28795300
2024-10-15,87.90426635742188,87.9876196579369,87.40412535562864,87.48747865614367,46429100
2024-10-16,88.27474212646484,88.5618644507594,88.11729227954407,88.34883866603988,32281500
2024-10-17,86.87621307373047,87.46897129903111,86.75580442199927,87.33004204423727,43427200
2024-10-18,86.9410400390625,87.32077243975657,86.93177620502559,87.1077537205522,25258600
2024-10-21,85.42210388183594,86.21861702379755,85.42210388183594,86.15378431225757,49504700
2024-10-22,85.50541687011719,85.91294061687496,85.29239116624865,85.81105968018552,32096900
2024-10-23,85.27389526367188,85.55175372896103,84.89416289842661,85.06086949811895,33354200
2024-10-24,85.82035827636719,86.13525797825828,85.17202413786504,85.42209819876454,32507400
2024-10-25,85.33871459960938,86.17228279870817,85.2275698176518,86.12597070633421,28667100
2024-10-28,85.10719299316406,85.47766864107632,84.67188463683482,85.45914097225132,33156500
2024-10-29,85.2368392944336,85.2646237252048,84.2643488862733,84.44031930323546,46545200
2024-10-30,85.48692321777344,86.40384487072689,85.35725781498141,85.98705716212297,41951100
2024-10-31,85.62584686279297,86.07968284661764,85.0886646417869,85.3943004872135,52173800
2024-11-01,84.41865539550781,85.97989903866531,84.3814891738402,85.7382831474045,80402000
2024-11-04,85.72901153564453,86.02639102105361,85.1528356807517,85.75688975457567,49747600
2024-11-05,86.18436431884766,86.33305759278801,85.12494955732211,85.52455386842986,46986000
2024-11-06,83.82391357421875,84.30715963483671,83.21986663357484,83.30350128440159,98895700
2024-11-07,84.8740463256836,85.14354759192126,84.24211403349192,84.33504379320824,56221400
2024-11-08,85.95205688476562,86.05428176244615,85.34800272304082,85.49669603242604,56756200
2024-11-11,85.5338363647461,85.77545935424641,85.14352721330408,85.7289909404671,22369200
2024-11-12,84.25141906738281,85.35729539150559,84.11202086633406,84.91122965625404,57908400
2024-11-13,83.45220184326172,85.0692023777767,83.37785519820473,85.0506121714693,49009100
2024-11-14,83.9354476928711,84.59525826880223,83.88897926340384,84.15848055612278,53328300
2024-11-15,83.71239471435547,84.24210206859908,83.18268736011186,83.56370144785927,73722400
2024-11-18,83.861083984375,84.18634165422759,83.09904869068374,83.32208859865591,36010600
2024-11-19,84.28857421875,84.63242212410569,84.21423466604253,84.40009418294035,29585100
2024-11-20,84.01907348632812,84.40938269539112,83.74027714266283,83.77745046115724,27755400
2024-11-21,83.95401763916016,84.42796860303842,83.63805505663183,84.05624249588068,28365700
2024-11-22,84.00048065185547,84.28856499855985,83.77744783795805,84.11200060384684,21547500
2024-11-25,86.17505645751953,86.22151777735999,85.48736085907524,85.68251541860654,56858000
2024-11-26,85.84053039550781,85.90558193553774,85.32011098518221,85.645375775418,31122200
2024-11-27,86.43529510498047,86.77913594367502,86.11932539662467,86.4631733254058,39442200
2024-11-29,87.3274154663086,87.34599857936922,86.83488143422328,87.15084398684967,31905700
2024-12-02,87.5372543334961,87.7983635658304,86.72594454900624,86.9777264188449,39406000
2024-12-03,86.78189849853516,87.68646060563722,86.71662118743983,87.59320832045721,32768900
2024-12-04,87.71442413330078,87.83565849143812,86.2969710853346,86.36224838791149,35851100
2024-12-05,87.89161682128906,88.02217143890385,87.3414233777257,87.39737332393402,23695800
2024-12-06,88.02216339111328,88.45112954044092,87.67712215342496,88.32990229650889,31761500
2024-12-09,87.2108383178711,87.6957614376107,87.16421574673267,87.64913175178111,30509600
2024-12-10,86.80052947998047,87.00568872007088,86.6419999270711,86.74457243242495,28706500
2024-12-11,85.97990417480469,86.99637315267184,85.89597926413182,86.79121388477063,38748400
2024-12-12,84.93546295166016,85.56026097001869,84.86085829178965,85.45768134136975,45368400
2024-12-13,84.0682144165039,84.72098748960063,84.00293710919424,84.67436490706109,39486000
2024-12-16,84.3199691772461,84.50648079152556,83.97493514153764,84.44120350520039,23482300
2024-12-17,84.52515411376953,84.85154064470377,84.3572971671901,84.41324711115232,23839900
2024-12-18,83.46822357177734,84.60097895486545,83.44949632842182,84.22651265361179,61328400
2024-12-19,82.20441436767578,82.74739024946209,81.92356994569637,82.44781858060618,99083300
2024-12-20,82.67247772216797,83.2341807297255,82.65375762167959,82.87843453929234,45542400
2024-12-23,81.91419219970703,82.59759374583605,81.85802475346517,82.53206267777031,32764600
2024-12-24,82.26058959960938,82.27930970427808,81.42740566598738,81.48357312234553,22377600
2024-12-26,82.21376037597656,82.34482250662262,81.63333726715086,81.64270088858285,19981800
2024-12-27,81.53973388671875,82.17632452849006,81.50228653810262,81.89548012739625,27262300
2024-12-30,82.1950454711914,82.41972240330833,82.07333981193361,82.22312919491216,48519600
2024-12-31,81.75504302978516,82.64439422357027,81.6895119643731,82.50396847130145,31917300
2025-01-02,81.97972869873047,82.49462079789356,81.64270971425121,82.19504916083991,27841300
2025-01-03,81.71760559082031,82.26993790304508,81.61462716949852,82.12015565352786,21962200
2025-01-06,81.35250091552734,81.66143617204753,81.13718045549327,81.49292668143208,30231500
2025-01-07,80.43506622314453,81.23080278055305,80.31336769066853,81.0716568975417,41757200
2025-01-08,80.53803253173828,80.6971783908005,79.89207833132593,80.01378398783883,44590800
2025-01-10,80.00442504882812,80.36952775503545,79.7235806591654,79.83591555809004,47115800
2025-01-13,79.9763412475586,80.19166170754332,79.61123854170067,80.06995604402324,33258900
2025-01-14,79.84528350830078,79.91081458367584,79.4708171594355,79.78911605579403,33412900
2025-01-15,81.221435546875,81.42739237637709,80.88441657902628,81.16526095733296,54120700
2025-01-16,81.48355865478516,81.82057761779974,80.77207338371538,81.10909234672997,34651100
2025-01-17,81.62398529052734,81.89547318822697,81.48355953070327,81.84866222083534,29875600
2025-01-21,82.35418701171875,82.54141658826482,82.03588816076979,82.27929232416011,30548600
2025-01-22,81.9235610961914,82.36355849968382,81.74568798183884,82.26058008004298,25278400
2025-01-23,81.2869644165039,81.43674665241102,81.00611290344591,81.10909131541047,31949000
2025-01-24,81.65206146240234,81.70822890419697,81.07163837524057,81.18398040118,21110400
2025-01-27,82.61631774902344,82.78482723805827,82.24185142424037,82.53206657568157,42864200
2025-01-28,82.5601577758789,82.56951425664117,82.06399288611325,82.23249524805475,25519100
2025-01-29,82.39163208007812,82.96269155782832,82.03588589517453,82.78481846537652,25342800
2025-01-30,82.70055389404297,83.0469364314342,82.5414080561942,82.76609209564518,25094900
2025-01-31,82.15758514404297,83.0001324342924,81.84864994722655,82.73800105549832,48790100
2025-02-03,82.82652282714844,83.70965007896764,82.4883014395297,83.22111205675915,70657200
2025-02-04,83.0802001953125,83.0989870900706,82.18767575369178,82.25344063709716,33414000
2025-02-05,84.45186614990234,84.7243226930969,83.98211497222223,84.03848281983693,48331200
2025-02-06,84.41427612304688,84.69612966649613,84.13242974743099,84.42367315258409,22509900
2025-02-07,83.86936950683594,84.03848021226693,83.55933918674071,83.8411855839031,31171200
2025-02-10,83.6156997680664,84.11363481084314,83.474772997812,83.85997235865183,22736100
2025-02-11,83.0802001953125,83.31507580287949,83.03322220666522,83.17414900477236,21513000
2025-02-12,81.95277404785156,82.30038524893799,81.60515567893273,82.00914188200993,48536200
2025-02-13,83.31507873535156,83.51237339251193,82.74198165928979,82.76076855470913,42718100
2025-02-14,83.75662994384766,84.25456500687032,83.72844602221748,83.9727114549014,27460700
2025-02-18,82.77015686035156,83.46538660293233,82.71378901220113,83.18354019434595,29429200
2025-02-19,82.87348937988281,83.09896790409469,82.57284895832261,82.62921679741731,20584300
2025-02-20,83.18354797363281,83.39023965995972,83.09898902566505,83.09898902566505,27913400
2025-02-21,84.18880462646484,84.48944508628617,83.44659692331729,83.49357490709691,46912300
2025-02-24,84.43306732177734,84.61156786993699,83.85997039258984,83.92573526145563,26218000
2025-02-25,85.88929748535156,85.96445938870373,85.30681065395638,85.4665243227045,50125100
2025-02-26,86.39662170410156,86.49057049080926,85.6825980230237,85.88928965448042,32220200
2025-02-27,85.78595733642578,86.23692161854422,85.62624365710984,85.78595733642578,53373600
2025-02-28,86.83819580078125,86.88517378179223,85.93627447447201,86.29328275952145,49388600
2025-03-03,87.24345397949219,87.3753977015211,86.11250573627477,86.15020496976783,42904200
2025-03-04,86.16905212402344,87.45079731806182,86.01825518806896,87.12093800865348,56722000
2025-03-05,85.48106384277344,86.5177749246461,85.39624594901723,86.29157949384052,50215900
2025-03-06,85.19833374023438,85.57531894956182,84.56688764908793,85.27373222017883,42827500
2025-03-07,84.92501831054688,85.914603570703,84.81192059240499,85.89575035581532,36903600
2025-03-10,85.81092071533203,86.35754163555013,85.6789769907559,85.83919334339924,41440800
2025-03-11,85.19833374023438,86.22561106549696,84.95329227561233,85.73553532664766,40555700
2025-03-12,84.68937683105469,85.17945240813476,84.61397837599854,84.82132053220673,32734600
2025-03-13,85.43392181396484,85.490467060999,84.2369946888632,84.42549082963131,38675400
2025-03-14,84.98155212402344,85.20774752982969,84.6893920461825,84.83076237721299,24658000
2025-03-17,85.40567016601562,85.93344510900232,85.17947474154047,85.57531313917482,26700300
2025-03-18,85.49048614501953,85.78264624043823,84.93443858401052,84.95328460709806,23654700
2025-03-19,85.9334487915039,85.97114803053196,85.17947839173222,85.46221908924525,31378700
2025-03-20,85.98999786376953,86.93245731003302,85.91460657276862,86.89475806933508,35645800
2025-03-21,85.48106384277344,86.17848896883224,85.40567255623276,86.07481786064497,29192100
2025-03-24,84.60456848144531,85.06637871708027,84.53859661783945,85.00982626942248,27985600
2025-03-25,84.59513854980469,84.89672520171301,84.35952375330153,84.41606900353653,22333800
2025-03-26,84.0390853881836,84.4443431330043,83.96368692626507,84.24642756326298,25095600
2025-03-27,83.7940673828125,83.90715790717498,83.53017271504628,83.73751493023678,23674500
2025-03-28,84.95327758789062,85.14176656476874,84.64226430468752,84.7082361656342,39869400
2025-03-31,85.79206848144531,86.08422856199674,85.16062247943051,85.9805646546993,38824300
2025-04-01,86.53549194335938,86.9327529470433,86.2706560850607,86.30849080999421,39800100
2025-04-02,86.47875213623047,87.36785022073765,85.7504534528748,87.36785022073765,43488400
2025-04-03,86.8759994506836,87.70834898781895,86.86653896515175,87.50971487283084,57467400
2025-04-04,87.82184600830078,88.99469364677373,87.79347176792228,88.57852609416236,92794200
2025-04-07,85.17349243164062,87.19760365474822,84.93703077271462,86.90438629063873,124987600
2025-04-08,83.56553649902344,85.31535107380905,83.44257905235801,84.44517402917046,73861900
2025-04-09,84.057373046875,84.0952077692198,81.2387475701886,82.54401301802474,131353500
2025-04-10,81.74006652832031,83.40475866849165,81.67385755084837,82.98858382938948,78592000
2025-04-11,82.18461608886719,82.57241668504837,80.39696647052739,81.2198556663653,94814100
2025-04-14,82.77104187011719,82.96020831249803,82.11840537630005,82.66699816193658,37596400
2025-04-15,83.0642318725586,83.41419764393612,82.32647282349261,82.43051650643632,22553900
2025-04-16,83.52772521972656,83.70743841365264,82.73321740366247,83.04534856693255,35607300
2025-04-17,82.78996276855469,83.42367834304984,82.50621308050982,83.27234661934014,31758400
2025-04-21,81.34281158447266,82.35486720739742,81.32389782669041,81.91031812902386,39343200
2025-04-22,81.79682159423828,82.30757243574308,81.72115213022376,82.11840599194406,32552100
2025-04-23,82.5913314819336,84.23710267807073,82.44945303724785,84.06684998769533,44082200
2025-04-24,83.46149444580078,83.56553813972818,83.00749215978692,83.26286754364018,24190800
2025-04-25,84.07630920410156,84.28439662433018,83.8020128061854,84.08576969126759,22513900
2025-04-28,84.60597229003906,84.68164174707977,83.81146463982158,83.85875985453117,20130500
2025-04-29,85.31537628173828,85.324836770042,84.46411995659793,84.48303371696713,22129500
2025-04-30,84.62489318847656,85.17348592718736,84.49247524688936,84.9181033139573,42630600
2025-05-01,84.19580078125,84.75590014712299,83.82556388857043,84.73691679691929,29932800
2025-05-02,83.28445434570312,83.60722202377504,83.10407991219844,83.26546375123439,32090400
2025-05-05,82.81928253173828,82.98067362056807,82.43006224171344,82.92370907747933,22862800
2025-05-06,83.09458923339844,83.09458923339844,82.24968880232127,82.40158459535495,21095200
2025-05-07,83.4458236694336,83.74011264740082,83.36987579034901,83.46480701781054,23161600
2025-05-08,82.51548767089844,83.59771969532312,82.48700902438027,83.55974575236921,25483700
2025-05-09,82.6388931274414,82.88571285760686,82.51547601957066,82.5914238947545,17007900
2025-05-12,81.86994171142578,82.38257905573761,81.82247971680485,82.0028468848264,32115000
2025-05-13,81.53768157958984,81.9174137635488,81.16744469199683,81.76551799284962,53912200
2025-05-14,80.99655151367188,81.51868408134324,80.88262970541966,81.40476227309102,42119800
2025-05-15,81.70857238769531,81.94590413126859,81.1484729494016,81.29086620131355,59448000
2025-05-16,81.92691040039062,82.48700976773287,81.83197192075578,82.46802641747938,31778200
2025-05-19,81.68958282470703,81.75603541814398,80.53140284527197,80.6073507357112,49361900
2025-05-20,81.10100555419922,81.26238940524202,80.74975195829117,81.10100555419922,35493100
2025-05-21,79.7149658203125,80.7497284683544,79.51560807828942,80.38898692223475,77053100
2025-05-22,80.13267517089844,80.15165851924377,79.07892188941709,79.28776769236927,61747900
2025-05-23,80.26557922363281,80.52189425807339,80.03773558992089,80.47442502368632,47139200
2025-05-27,81.38580322265625,81.67059696412507,80.83519184924401,81.02505434355656,56773400
2025-05-28,81.03453063964844,81.20540974157693,80.6642937926014,81.08199987349066,34806800
2025-05-29,81.78451538085938,81.88894192119436,81.3003566250144,81.42376651686958,38933200
2025-05-30,81.90792846679688,82.08830290582566,81.52819623647885,81.7275540277681,49042100
2025-06-02,81.1456298828125,81.4410144069141,80.79306876681142,81.26949917071778,46213100
2025-06-03,81.002685546875,81.69826974735119,80.88833965225228,81.41241591541912,33731300
2025-06-04,82.31764221191406,82.56538805027226,81.61252727016468,81.74592719779967,57441500
2025-06-05,82.37481689453125,82.83219329744585,82.1556629719013,82.5939780869125,37664700
2025-06-06,81.32666778564453,81.8793287941102,81.25996782046771,81.74592886375655,38130100
2025-06-09,81.41242980957031,81.60299906338163,81.03128403219665,81.03128403219665,26560800
2025-06-10,81.83168029785156,82.11754143670771,81.48864983912448,82.0413108303793,24857000
2025-06-11,82.07943725585938,82.32718312512254,81.66970677851138,81.76499141445822,36334800
2025-06-12,83.06088256835938,83.08946723208211,82.51775214837203,82.79408268061144,43017800
2025-06-13,82.2604751586914,82.78454424034447,81.73639880728732,82.64162093518975,49374000
2025-06-16,81.43148803710938,82.35576423235707,81.43148803710938,82.02226438606961,36496600
2025-06-17,82.42247772216797,82.57493897390988,81.70783196157115,81.94604721510342,34521600
2025-06-18,82.56539154052734,82.98464535806707,82.27953038651063,82.78454545815583,38589000
2025-06-20,82.41291046142578,82.69877154656089,81.8983648700322,82.07941070860106,26001900
2025-06-23,82.67973327636719,83.31815557489777,82.67973327636719,82.83219450280775,36851800
2025-06-24,83.2800521850586,83.46109083017282,82.35577585932184,82.393891171386,32959100
2025-06-25,83.38485717773438,83.38485717773438,82.70832682909023,83.00371137391683,26345300
2025-06-26,83.80410766601562,83.80410766601562,83.08946203860872,83.46107718328021,30467500
2025-06-27,83.2705078125,84.00421472671714,83.12757723325953,83.44202305363831,74993500
2025-06-30,84.08997344970703,84.27101934492778,83.48014306236011,83.71835828459724,53695200
2025-07-01,84.2984619140625,84.46105079844568,83.83938655852515,84.28889571590138,38960600
2025-07-02,83.76288604736328,83.77244495030568,83.30380331559147,83.38988452018039,39382200
2025-07-03,83.17945861816406,83.48551129149804,83.06468612933708,83.37073880267106,26729100
2025-07-07,82.38563537597656,82.78732815808104,82.17522278624423,82.76820305759247,38314700
2025-07-08,82.28044128417969,82.29000748427855,81.71615952518269,81.84049093897711,31407000
2025-07-09,83.14120483398438,83.14120483398438,82.42389316474956,82.43345936346341,29821900
2025-07-10,83.1985855102539,83.2655343059608,82.72037774181284,83.04556281872593,24525500
2025-07-11,82.05088806152344,82.50996342333741,81.90742427462982,82.47171322391235,40764800
2025-07-14,81.87872314453125,82.13695209243426,81.60136180234183,81.8117743582697,24609500
2025-07-15,81.30488586425781,82.16566129656492,81.1996795727052,82.14652889980734,40455000
2025-07-16,81.41964721679688,81.92655355076323,80.52062162712389,81.56311099822618,65987700
2025-07-17,81.40052795410156,81.76396323582532,81.28575546135491,81.50573424823477,31875500
2025-07-18,81.52485656738281,81.73526914847105,81.39095897884872,81.70657785048107,27534900
2025-07-21,82.25175476074219,82.73952883791291,82.21349725499614,82.4621673939089,40019500
2025-07-22,82.74906158447266,82.9881654471492,82.35693504405596,82.41431763609967,35190300
2025-07-23,82.29000854492188,82.4430312641125,82.05090461747737,82.29957474514403,31008500
2025-07-24,82.14651489257812,82.48125881004324,81.78307968174029,81.8213371718606,25164800
2025-07-25,82.6629867553711,82.67255295289308,81.98393266872458,82.06044765515902,27196200
2025-07-28,82.12741088867188,82.44302249370006,82.0891533887259,82.24217609163776,26812500
2025-07-29,83.51419830322266,83.53332340194326,82.44301035309546,82.47170894648276,47828300
2025-07-30,83.08382415771484,83.16989805751608,82.78733036569857,82.9881767621066,40670900
2025-07-31,83.13164520263672,83.60029411730746,83.0551302006245,83.33249161026465,49814100
2025-08-01,84.31348419189453,84.41909264958304,84.02545979369593,84.06386353510673,63434500
2025-08-04,84.54389953613281,84.63030978572368,84.15027400398364,84.44789384473775,36425200
2025-08-05,84.8031234741211,84.9183273745875,84.27508118110075,84.34228589796109,28586100
2025-08-06,84.31348419189453,84.53430387381542,83.44941832206347,84.33268240021756,42589300
2025-08-07,84.16947174072266,84.72631500236444,84.0926642581311,84.40948963024778,29213100
2025-08-08,83.80465698242188,83.90066268450217,83.67024753455637,83.87186170635464,21596300
2025-08-11,83.9006576538086,84.1694765334212,83.79504919042292,84.0446698606768,20100900
2025-08-12,83.47823333740234,83.49743887372034,83.09421050823381,83.43023414613926,41052300
2025-08-13,84.16947174072266,84.30388117287555,83.93905661771267,83.94865938422778,30817500
2025-08-14,83.54542541503906,84.0158657616414,83.42061874693336,84.0158657616414,33397400
2025-08-15,82.95018768310547,83.31501225409399,82.8061754781904,83.19980834997394,36343600
2025-08-18,82.71015930175781,83.08458659222885,82.55654434937786,83.04618285413386,26777500
2025-08-19,83.19020080566406,83.28620649517244,82.99818210188272,82.99818210188272,28780600
2025-08-20,83.37262725830078,83.4974412736574,83.10380834024987,83.13260932078873,25912500
2025-08-21,82.95978546142578,83.2190015548735,82.67176106891537,83.10379033291642,28643900
2025-08-22,83.57421875,83.81423660129263,83.25739342835048,83.36300186890033,49871900
2025-08-25,83.334228515625,83.57424644645944,83.19021629217114,83.267023787982,27011900
2025-08-26,83.28620910644531,83.32461284840565,82.77737234380923,83.05579397944808,30259300
2025-08-27,83.19020080566406,83.19980357204427,82.56615283671273,82.67176129260132,38142800
2025-08-28,83.73743438720703,83.77583812479611,83.19979671048789,83.31500059849114,32205900
2025-08-29,83.14219665527344,83.39181731488263,82.9885890126588,83.29581162265288,41686400
2025-09-02,82.52348327636719,82.72586394308898,82.37893090914646,82.52348327636719,48760600
2025-09-03,83.42938995361328,83.66068111030782,82.77405888246764,82.81260863401896,52499500
2025-09-04,84.0654525756836,84.07508449942657,83.43903195955333,83.86306453526431,40501600
2025-09-05,85.34718322753906,85.3953722489704,84.94242191692035,85.01952141016554,69668000
2025-09-08,86.484375,86.5036535496133,85.8868723090103,85.93505397781881,54538700
2025-09-09,85.9928970336914,86.30128770692446,85.7615985143064,86.15672797046223,37126400
2025-09-10,86.484375,86.80240489510815,85.95433252743211,86.15671318269756,40713600
2025-09-11,87.0626220703125,87.19754988390835,86.63858948691724,86.64822876344844,46694400
2025-09-12,86.68675994873047,86.71567777458267,86.24344886962879,86.57111805577256,32968600
2025-09-15,86.88915252685547,87.1782646270365,86.80241374997198,86.8795132510655,24820100
2025-09-16,87.07225799560547,87.21681772755502,86.77350660815952,86.82168828373378,26794200
2025-09-17,86.8506088256836,87.7372310921753,86.60967838244474,87.41920114247274,49121800
2025-09-18,85.954345703125,86.2241866181754,85.67486551179037,86.0218059318876,55717900
2025-09-19,85.79048919677734,85.99287719269597,85.56883735760844,85.83867821535071,32509200
2025-09-22,85.48212432861328,85.6845123854597,85.32793265746142,85.59777359643779,24758200
2025-09-23,86.07962036132812,86.11817011093028,85.53029929657016,85.7423192430755,26689000
2025-09-24,85.75196075439453,85.92543095582053,85.4821125001439,85.84833145460605,28098000
2025-09-25,85.75196075439453,85.80014242819374,85.25082134911362,85.62667222676774,29882500
2025-09-26,85.67485809326172,86.2241791520814,85.47247742449792,85.76158951446926,30955100
2025-09-29,86.37836456298828,86.48437452744508,86.02179227582658,86.05070274747621,32286200
2025-09-30,86.12781524658203,86.77350705297148,85.97361623768181,86.40729543575361,38584000
2025-10-01,86.35023498535156,86.68871018050206,86.15681531797564,86.5049633410464,39408900
2025-10-02,86.6016845703125,86.73707466042075,86.25353651626088,86.36958094880706,23208300
2025-10-03,86.4372787475586,86.76608853272984,86.3308997621979,86.67904782734074,25884500
2025-10-06,85.75065612792969,86.22452884037804,85.73131784780439,85.78934006638711,28371000
2025-10-07,86.24386596679688,86.43727827828984,85.88604507450746,86.04078082626724,29103300
2025-10-08,86.3115463256836,86.6693671570813,86.19549453161274,86.65002150230008,22506200
2025-10-09,86.24386596679688,86.35024495158002,86.07946476420717,86.2341931377602,21578700
2025-10-10,87.63645935058594,87.73316550758022,86.94016321509612,87.01753109197429,59389400
2025-10-13,87.58810424804688,87.59777707739224,86.90148092866573,87.30765122268721,28035500
2025-10-14,87.8685531616211,87.92657537856418,87.45271005771353,87.66546802411368,29800000
2025-10-15,87.67512512207031,88.29405325243533,87.49137829711012,87.96524353293843,31333900
2025-10-16,88.33274841308594,88.48748416737693,87.47205106991117,87.53974611786177,39631200
2025-10-17,88.19734954833984,88.28439024602639,87.90723110519897,88.24570631129971,40240400
2025-10-20,88.53584289550781,88.54550834670987,88.27472814891186,88.44880218724015,28429300
2025-10-21,88.97100830078125,89.15475513547173,88.88397498637357,88.96133547311183,24514300
2025-10-22,89.0290298461914,89.14508164274154,88.79693363129675,88.9613348094219,30496200
2025-10-23,88.41979217529297,88.76794025627314,88.28440207471257,88.59386621578305,28275100
2025-10-24,88.4584732055664,88.5841904724824,88.15868190388608,88.57451764327138,28266000
2025-10-27,88.75825500488281,88.7679278330583,88.09097004669057,88.31340082549,30033600
2025-10-28,88.99034881591797,89.14508454969732,88.78726369898699,88.82594763243183,23564500
2025-10-29,88.09097290039062,88.86463685895764,88.02327785738149,88.85496403046882,39551600
2025-10-30,87.57842254638672,87.97492734910105,87.37533741994994,87.41402135520546,42649200
2025-10-31,87.31732177734375,87.67514267173082,87.23028107191693,87.57842913721063,38247300
2025-11-03,87.09893035888672,87.17657771878741,86.78834832414375,86.98246672389548,40752300
2025-11-04,87.29305267333984,87.40951631355395,87.09893426488277,87.13775794657418,26383800
2025-11-05,86.3418960571289,86.91453613964798,86.26424868918384,86.87571245567544,44643400
2025-11-06,87.11835479736328,87.2057025325262,86.8951204660682,86.92423637778919,33027400
2025-11-07,86.93394470214844,87.2251186309287,86.7301259139465,86.7301259139465,28530100
2025-11-10,86.91453552246094,87.03099916869093,86.75924078767358,86.85629629448542,24093500
2025-11-11,87.31246185302734,87.41922512773694,87.13775898576257,87.30275408127368,18942300
2025-11-12,87.4677505493164,87.66186154184116,87.23480847245506,87.30274806032469,23594900
2025-11-13,86.7495346069336,87.29305878379962,86.7495346069336,87.15717959079828,33825900
2025-11-14,86.2545394897461,87.19598596145272,86.2545394897461,87.14746191510113,38550500
2025-11-17,86.46806335449219,86.67188953684678,86.36130748473246,86.45836298760689,25605800
2025-11-18,86.43895721435547,86.81747890175241,86.18661435933154,86.72042338790774,31967400
2025-11-19,86.26424407958984,86.68158940391764,86.23512816938143,86.60394944498191,25782400
2025-11-20,86.60394287109375,86.78834609003624,86.37100079738808,86.37100079738808,32945000
2025-11-21,86.86600494384766,87.03100004758004,86.5748310156112,87.01159190796588,41938600
2025-11-24,87.36100769042969,87.41923952081875,87.13777333250256,87.30276845517919,30865700
2025-11-25,87.584228515625,87.92392651056312,87.47746523080718,87.65216811461262,36503300
2025-11-26,87.97244262695312,87.97244262695312,87.18628348936272,87.4968655169789,34099000
2025-11-28,87.55509948730469,87.86568152256228,87.3027492696392,87.79774193375155,40704300
2025-12-01,86.46515655517578,86.67944562479141,86.40671678393645,86.54308120436393,47086600
2025-12-02,86.50411224365234,86.65021909184573,86.16320121873645,86.28008818355175,27605700
2025-12-03,86.74762725830078,86.84503678479017,86.43593609492389,86.61126283877987,23278600
2025-12-04,86.28009796142578,86.62100902497615,86.18269586202624,86.60153157761776,25541500
2025-12-05,85.88072967529297,86.25086801366038,85.7638501421689,86.25086801366038,32808100
2025-12-08,85.59825897216797,85.90995011468803,85.28656782964791,85.90021510773333,32255200
2025-12-09,85.68594360351562,86.05607458878382,85.55931417413883,86.04633214853071,25771800
2025-12-10,86.0171127319336,86.22165939054608,85.5787995250932,85.7151639641682,46833500
2025-12-11,85.90023040771484,86.52361280378773,85.87101051904023,86.3872483691033,26778700
2025-12-12,85.0722885131836,85.22813781793367,84.92618907911023,85.11125083937111,47030100
2025-12-15,85.1307373046875,85.59827036504335,85.12099486513308,85.44242848869274,28611800
2025-12-16,85.59825897216797,85.63722129389586,84.90669448192979,84.92617935844524,41018700
2025-12-17,85.52035522460938,85.70541699282477,85.30606613701917,85.35476347336882,24668300
2025-12-18,85.92943572998047,86.08527758692884,85.7833288800705,85.84176864751325,39048900
2025-12-19,85.60871887207031,85.81406155578654,85.47182374959283,85.66738607878219,37858100
2025-12-22,85.42292022705078,85.5207013811029,85.3153587195263,85.48158742743728,25547100
2025-12-23,85.559814453125,85.63804235965013,85.10023482756955,85.13934878083212,33624100
2025-12-24,86.07807922363281,86.12697354046023,85.70650778051055,85.8140693093506,25942000
2025-12-26,85.79449462890625,86.21496032039295,85.65759951635003,86.14651276411485,26522700
2025-12-29,86.11717987060547,86.11717987060547,85.843389643243,85.99983800449691,29399800
2025-12-30,85.9118423461914,86.08785142578509,85.72605291211346,85.79450047305407,25106800
2025-12-31,85.22735595703125,85.96072578587582,85.19801489728958,85.73582242253174,36500000
2026-01-02,85.10025024414062,85.47182913733752,85.09046988899725,85.46204878219416,40731300
2026-01-05,85.52071380615234,85.57938101506242,85.17847598713533,85.24692355093873,30178000
2026-01-06,85.3447036743164,85.40337088250823,84.97313225539352,85.21758890315921,39015200
2026-01-07,85.84339904785156,86.05852209583973,85.54027518580914,85.89228590225115,39930900
2026-01-08,85.41314697265625,85.60871675723902,85.3153658104771,85.39359372431021,28204900
2026-01-09,85.98028564453125,86.04873320207848,85.18824855573843,85.36425762660619,57348800
2026-01-12,85.72604370117188,85.96072742223065,85.47181419369394,85.55981499392311,36103100
2026-01-13,85.87272644042969,85.96073470834234,85.59893620287824,85.93139364555515,30451400
2026-01-14,86.37142181396484,86.46920297789582,85.94117574039902,85.96073644931998,39233500
2026-01-15,86.35186767578125,86.69411296591892,86.35186767578125,86.67455225550952,37988900
2026-01-16,85.8531723022461,86.36163881525353,85.76516403524566,86.17584938731602,46382400
2026-01-20,84.7286605834961,85.10023193653174,84.62109908073407,84.70909987741744,66009500
2026-01-21,85.37403106689453,85.54026724505131,84.69933584110264,84.87534491309711,51220100
2026-01-22,85.74561309814453,85.8140606586677,85.20780550815915,85.33492027478088,42419300
2026-01-23,85.98028564453125,86.0780668038524,85.55981994524849,85.8825044852101,35968800
2026-01-26,86.3909683227539,86.52786343362214,86.24429285818822,86.43986263101715,38882400
2026-01-27,85.8531723022461,86.29319125657514,85.73583043298697,86.15629613921836,35180100
2026-01-28,85.65760803222656,85.75538919945586,85.35448417574824,85.56960721978764,38750300
2026-01-29,85.67715454101562,85.79448893815295,85.14912737322682,85.2175749249648,43855000
2026-01-30,85.1980209350586,85.61848663180244,85.1980209350586,85.44247756199748,45832200
2026-02-02,84.95459747314453,85.4551910781598,84.95459747314453,85.41592751308343,38171400
2026-02-03,85.16072845458984,85.18035649341248,84.83680964831966,84.89570125354713,27438200
2026-02-04,84.94478607177734,85.18035999111999,84.86625893574316,85.03312348324587,37872900
2026-02-05,85.86746215820312,85.86746215820312,85.15091513921071,85.32759745288281,50268900
2026-02-06,85.92635345458984,85.92635345458984,85.59261686830514,85.83800855369451,33461800
2026-02-09,85.90672302246094,85.96562212280533,85.42575738741733,85.59262194607894,24708900
2026-02-10,86.89810943603516,86.89810943603516,86.59382611802971,86.61345415938854,37253700
2026-02-11,86.43675231933594,86.84901598240985,86.31896912025097,86.41712428240805,37014000
2026-02-12,87.58519744873047,87.63427128908106,86.72141398445483,86.7312317480287,48454900
2026-02-13,88.066162109375,88.15449951434705,87.86984428372713,87.97781721564363,56785200
2026-02-17,88.2134017944336,88.45879346879234,88.10542885861499,88.27229339987662,32356700
2026-02-18,87.87966918945312,88.2035880115285,87.82077758135212,88.03672346273571,35415400
2026-02-19,87.96800994873047,88.06616512053087,87.72261827484971,87.75206407751386,28658600
2026-02-20,87.76188659667969,88.08579793229607,87.29073126224496,88.04653436369652,49610800
2026-02-23,88.0857925415039,88.3410019774024,87.87966443554112,87.8992999630192,33614600
2026-02-24,88.24285125732422,88.39008776579851,88.1054325130842,88.29192510097572,24933900
2026-02-25,88.25265502929688,88.41951955102378,88.05633721953693,88.05633721953693,23625800
2026-02-26,88.60601806640625,88.65509939433569,88.39007969429066,88.39988996886918,29447100
2026-02-27,89.14588928222656,89.18515284970917,88.88086956266866,89.0182883044779,51272000
2026-03-02,88.25067901611328,88.62491197459984,88.00447134282062,88.6150690775047,55465500
2026-03-03,88.07341003417969,88.30976729897864,87.59084509373041,87.6302392234739,51850400
2026-03-04,87.79766082763672,88.08326264014799,87.74841628581464,87.91583570615023,47069500
2026-03-05,87.443115234375,87.59084133616027,87.16736385166205,87.28553872216094,45768900
2026-03-06,87.11811828613281,87.59084030354036,86.68479039631436,86.98024259640177,58136900
2026-03-09,87.8764419555664,87.96507310725676,86.87191048777309,86.96054915312499,52478700
2026-03-10,86.94084930419922,87.60068404191813,86.9309988937919,87.45296545411661,48651500
2026-03-11,85.8181381225586,86.47797282312253,85.75905069076518,86.41888539132911,54679900
2026-03-12,85.65072631835938,85.9264777093956,85.46360608287256,85.59163888132643,48977000
2026-03-13,85.22724151611328,85.82798878666341,85.158303674263,85.61132485123075,43460000
2026-03-16,85.88707733154297,86.01510260702065,85.64086967693575,85.85753361517592,37341500
2026-03-17,86.1234359741211,86.24161835516901,85.99541069656527,86.03480482358125,19578100
2026-03-18,85.64088439941406,86.15300061668505,85.61134067796817,86.03481821723884,37596600
2026-03-19,86.16283416748047,86.39919894073124,85.65072551942744,85.73935667415012,60307400
2026-03-20,84.52801513671875,85.54238948775956,84.45907729287116,85.49314495058495,78948500
2026-03-23,85.07952117919922,85.40451710433817,84.63635038212738,84.8727076396549,69686700
2026-03-24,84.70529174804688,84.98104314556309,84.26211341889976,84.41968993957306,51799400
2026-03-25,85.52269744873047,85.56209157978277,85.1681652965841,85.43406628910942,37861000
2026-03-26,84.80377197265625,85.29618732146338,84.62650214653921,85.03027882545685,39537000
2026-03-27,84.34089660644531,84.79391780564043,84.15377637781586,84.2030209159799,39928900
2026-03-30,85.46360778808594,85.63102720546095,85.17800598062512,85.3158816788942,36473200
2026-03-31,85.37496948242188,85.83784107942468,85.25678710223136,85.61132672914152,47112200
2026-04-01,85.29092407226562,85.7358655815953,85.26126231080138,85.31069606534747,31157600
2026-04-02,85.81497192382812,85.87429544902584,85.18216250944175,85.24148603463945,33310600
2026-04-06,85.6765365600586,85.87428665291756,85.41945540439595,85.52822021857313,14660300
2026-04-07,85.6666488647461,85.7062003930112,84.94485421903508,85.54799427995074,22747200
2026-04-08,85.94351196289062,86.38846104959337,85.75565161149855,86.37857128046215,22244900
2026-04-09,85.7259750366211,86.15114454901732,85.41946011268995,85.71609281201118,18909100
2026-04-10,85.5183334350586,85.70620131040816,85.36013486398745,85.6270982530312,13247700
2026-04-13,85.7754135131836,85.8248548093386,85.2810307263641,85.46889859933395,12719700
2026-04-14,86.2302474975586,86.25990925871615,85.65676163623621,85.72597492683147,16606900
2026-04-15,85.85452270507812,86.09182434747889,85.75564764938473,86.0423830477906,15119600
2026-04-16,85.31069946289062,85.99295017847123,85.231596400047,85.94350887827315,20001000
2026-04-17,86.09182739257812,86.2302539841817,85.91384926856159,86.07205539821338,29604100
2026-04-20,86.0720443725586,86.15113988356904,85.73586016195479,86.13136789173706,14623500
2026-04-21,85.59744262695312,86.11159744938575,85.55789109543011,85.9929503985,19798700
2026-04-22,85.7655258178711,86.18081310203435,85.73586405693432,86.07204828281097,13676800
2026-04-23,85.57767486572266,86.06216794939698,85.27115236717944,85.85452805639369,21106700
2026-04-24,85.73587036132812,85.84463518854928,85.28103905825941,85.48867894376795,22285700
2026-04-27,85.31069946289062,85.64688370813444,85.221714174954,85.51833934509271,19250100
2026-04-28,85.39968872070312,85.39968872070312,84.97451920531519,85.1524973174237,14553600
2026-04-29,84.73721313476562,85.02395607832906,84.58890432230456,85.02395607832906,29020800
2026-04-30,84.65811157226562,84.93496472733936,84.43069216992208,84.92507495932024,28516200
2026-05-01,84.96080017089844,85.34784210495359,84.69284340329776,84.85163372062246,21281000
2026-05-04,84.31572723388672,84.71269545319674,84.11724691000123,84.70276916554077,27226000
2026-05-05,84.78216552734375,84.84170811104691,84.44473988610122,84.5042900413435,18226500
2026-05-06,85.42723846435547,85.5165523404517,85.26844814479885,85.3974671723234,22530700
2026-05-07,85.00050354003906,85.63564970952277,84.9508796696102,85.62572342112908,21178300
2026-05-08,85.42723846435547,85.62571879226208,85.33791701672008,85.40738588864131,30797600
2026-05-11,84.91117858886719,85.26844924092312,84.84170971605293,85.22875166052366,17713700
2026-05-12,84.34550476074219,84.55391138769059,84.27603588509271,84.54399267084035,27680600
2026-05-13,84.15695190429688,84.40505611678414,83.94853770285265,84.29588965756658,26295100
2026-05-14,84.27603149414062,84.73254230627192,84.26611277780718,84.61345713795717,25247200
2026-05-15,83.02558898925781,83.33323575905032,82.95611254803866,83.23399559829843,50796000
2026-05-18,82.92634582519531,83.28361648081449,82.68816791196232,83.06528357220951,26166200
2026-05-19,82.39044189453125,82.59885609178454,82.14233768703303,82.33089930762432,35346600
2026-05-20,83.27369689941406,83.36301077662159,82.41029156204492,82.43013656646683,44498000
2026-05-21,83.58134460449219,83.62104218531297,82.69809425296278,82.985896035259,24887000
2026-05-22,84.03784942626953,84.03784942626953,83.50194348076187,83.9683805576781,27987700
2026-05-26,84.45466613769531,84.73254162357644,84.2561858110771,84.69284404394497,22531200
2026-05-27,84.65315246582031,84.83178778507926,84.50428843784803,84.60352859931656,23589600
2026-05-28,85.08981323242188,85.19897968476,84.62337613089335,84.71269757896054,25417300
2026-05-29,85.10967254638672,85.30815289096658,84.9012659131159,85.15928884676178,33118600
2026-06-01,85.1554946899414,85.225236804786,84.48796193338315,84.61748083200298,26322400
2026-06-02,85.3348388671875,85.50421150111887,85.18538929552764,85.48428843884736,20319000
2026-06-03,84.99608612060547,85.11564729837,84.78685976050826,84.9761630583052,15372000
2026-06-04,85.18538665771484,85.39461301103145,85.10567920845497,85.29498250011699,15866500
2026-06-05,84.74700164794922,85.03593544493378,84.60751741510434,84.67725953152677,26461200
2026-06-08,84.30862426757812,85.01601074950005,84.30862426757812,84.91638024242889,22922700
2026-06-09,84.8067855834961,84.8665623683059,84.46803273315918,84.65733602015099,22617700
2026-06-10,84.56766510009766,84.98612540692422,84.38832714040647,84.80678744723303,21258300
2026-06-11,85.66361999511719,85.72339677878017,84.72707651068833,84.85659540906492,35190500
2026-06-12,85.45439147949219,85.51417586827432,85.09572315340384,85.32487257288587,23092600
2026-06-15,85.40457916259766,85.79314347981969,85.35476010600168,85.64369391135257,17632700
2026-06-16,85.87284851074219,86.06214419756851,85.61380310611806,85.64369149870535,26472500
2026-06-17,86.01233673095703,86.27137454626873,85.61380707490393,86.01233673095703,34507500
2026-06-18,86.4307861328125,86.85920416639972,86.33115562295235,86.74960832515737,32350900
2026-06-22,85.77320861816406,86.01233095653505,85.65365505029901,85.98244256456879,28595100
2026-06-23,85.88280487060547,86.11196187898649,85.78317436313043,85.80310502541772,19145500
2026-06-24,87.05846405029297,87.14813682892164,86.7994262483003,86.82931464073634,41837000
2026-06-25,87.02857971191406,87.46696309158528,86.96880292425742,87.25773673346609,28380000
2026-06-26,87.03854370117188,87.04850903273459,86.67986777812226,86.68983310968497,21650800
2026-06-29,87.12820434570312,87.21787712245789,86.97876238664584,87.03853917026876,19457200
2026-06-30,86.10199737548828,86.859202921954,86.06214365185109,86.82931452955623,31079500
2026-07-01,85.5199966430664,85.79000091552734,85.43000030517578,85.4800033569336,28109800
2026-07-02,85.51000213623047,85.77999877929688,85.37000274658203,85.37999725341797,20816300
2026-07-06,85.44999694824219,85.4800033569336,85.18000030517578,85.43000030517578,17940900
2026-07-07,84.55000305175781,85.16999816894531,84.54000091552734,85.12000274658203,24816400
2026-07-08,84.36000061035156,84.44999694824219,84.05999755859375,84.30999755859375,25806600
2026-07-09,84.48999786376953,84.68000030517578,84.26000213623047,84.27999877929688,18625300
2026-07-10,84.47000122070312,84.625,84.27999877929688,84.51000213623047,14140344
